"Date","open BMRA Price in USD","high BMRA Price in USD","low BMRA Price in USD","close BMRA Price in USD","BMRA Volume","Days to cover 3m (on loan)","Exchange Reported SI","Dividends","hidden"
"02-Jan-15",0.82,0.82,0.82,0.82,200
"05-Jan-15",0.9,0.9,0.9,0.9,150
"07-Jan-15",0.82,0.82,0.82,0.82,5000
"08-Jan-15",0.81,0.81,0.81,0.81,1312
"09-Jan-15",0.8301,0.8301,0.8301,0.8301,1000
"12-Jan-15",0.835,0.835,0.835,0.835,250
"14-Jan-15",0.81,0.82,0.81,0.81,3369
"15-Jan-15",0.81,0.81,0.81,0.81,5504
"22-Jan-15",0.93,0.93,0.93,0.93,150
"23-Jan-15",0.91,0.92,0.91,0.92,3100
"26-Jan-15",0.88,0.88,0.88,0.88,204
"27-Jan-15",0.92,0.92,0.92,0.92,2000
"28-Jan-15",0.93,0.93,0.93,0.93,334
"02-Feb-15",0.88,0.88,0.88,0.88,212
"04-Feb-15",0.93,0.93,0.93,0.93,509
"05-Feb-15",0.93,0.93,0.92,0.92,3216
"06-Feb-15",0.93,0.93,0.9101,0.9101,3971
"09-Feb-15",0.92,0.9201,0.92,0.92,280
"10-Feb-15",0.92,0.9201,0.92,0.92,3222
"12-Feb-15",0.81,0.92,0.81,0.9,9800
"13-Feb-15",0.9,0.92,0.9,0.92,1650
"18-Feb-15",0.92,0.92,0.92,0.92,250
"19-Feb-15",0.82,0.82,0.82,0.82,800
"20-Feb-15",0.82,0.82,0.82,0.82,1500
"24-Feb-15",0.92,0.92,0.92,0.92,400
"26-Feb-15",0.821,0.821,0.821,0.821,130
"02-Mar-15",0.821,0.92,0.8,0.9,5961
"04-Mar-15",0.91,0.91,0.9,0.9,2994
"05-Mar-15",0.9,0.9,0.9,0.9,1500
"06-Mar-15",0.85,0.85,0.85,0.85,647
"09-Mar-15",0.85,0.85,0.85,0.85,239
"10-Mar-15",0.85,0.85,0.85,0.85,2175
"12-Mar-15",0.76,0.76,0.76,0.76,2450
"18-Mar-15",0.8,0.8,0.8,0.8,20000
"19-Mar-15",0.82,0.87,0.82,0.85,5550
"20-Mar-15",0.87,0.92,0.87,0.92,3000
"23-Mar-15",0.9,0.95,0.9,0.95,4620
"24-Mar-15",0.9,0.9,0.9,0.9,2400
"25-Mar-15",0.9,0.9,0.9,0.9,500
"26-Mar-15",0.7901,0.7901,0.7901,0.7901,1100
"27-Mar-15",0.7902,0.7902,0.7902,0.7902,4000
"31-Mar-15",0.7902,0.8199,0.79,0.8199,6135
"01-Apr-15",0.77,0.7999,0.76,0.76,9500
"02-Apr-15",0.7402,0.7402,0.7402,0.7402,250
"06-Apr-15",0.7403,0.7403,0.7403,0.7403,1577
"08-Apr-15",0.79,0.79,0.79,0.79,2050
"09-Apr-15",0.74,0.79,0.74,0.79,1127
"14-Apr-15",0.8,0.8,0.8,0.8,3146
"15-Apr-15",0.85,0.85,0.74,0.7499,19441
"16-Apr-15",0.72,0.72,0.7199,0.72,8407
"17-Apr-15",0.7499,1,0.7499,0.9499,7077
"21-Apr-15",0.7701,0.7701,0.7701,0.7701,112
"22-Apr-15",0.7602,0.88,0.7,0.88,23193
"23-Apr-15",0.9,0.9,0.9,0.9,12395
"28-Apr-15",0.88,0.88,0.88,0.88,100
"30-Apr-15",0.87,0.88,0.87,0.88,7600
"01-May-15",0.88,0.88,0.88,0.88,14340
"05-May-15",0.85,0.89,0.85,0.88,10806
"06-May-15",0.85,0.88,0.85,0.85,11000
"07-May-15",0.88,0.88,0.88,0.88,2000
"08-May-15",0.85,0.85,0.85,0.85,14100
"11-May-15",0.85,1.01,0.85,1.01,24000
"12-May-15",0.9,0.93,0.7001,0.86,33600
"13-May-15",0.84,0.93,0.84,0.85,6100
"14-May-15",0.85,0.9,0.85,0.9,5000
"15-May-15",0.88,0.88,0.88,0.88,10000
"19-May-15",0.88,0.8801,0.85,0.85,9500
"20-May-15",0.85,0.85,0.85,0.85,14250
"21-May-15",0.85,0.85,0.85,0.85,5000
"22-May-15",0.87,0.92,0.85,0.92,10900
"26-May-15",0.87,0.87,0.87,0.87,1100
"27-May-15",0.87,0.87,0.87,0.87,24400
"28-May-15",0.87,0.9,0.87,0.8701,9100
"29-May-15",0.9,0.93,0.9,0.93,8254
"01-Jun-15",0.94,0.94,0.9,0.94,9688
"02-Jun-15",0.95,1,0.9101,0.96,13125
"03-Jun-15",0.96,1,0.94,1,4982
"04-Jun-15",1.04,1.44,1.04,1.08,31583
"05-Jun-15",1.11,1.18,1.08,1.16,51702
"08-Jun-15",1.16,1.16,1.08,1.08,25950
"09-Jun-15",1.08,1.13,1.08,1.13,5400
"10-Jun-15",1.2,1.2,1.13,1.2,5588
"11-Jun-15",1.15,1.15,1.08,1.08,4700
"15-Jun-15",1.08,1.08,1.04,1.04,13700
"16-Jun-15",1.04,1.0401,1.04,1.0401,2000
"17-Jun-15",1.06,1.06,1.04,1.04,2500
"18-Jun-15",1.04,1.04,1.04,1.04,1000
"19-Jun-15",1.07,1.08,1.0499,1.0499,1100
"22-Jun-15",1.04,1.05,1,1,20542
"23-Jun-15",1,1,1,1,1370
"24-Jun-15",1,1.01,1,1.01,510
"25-Jun-15",1.05,1.05,1.05,1.05,1000
"29-Jun-15",1,1,1,1,2835
"02-Jul-15",1,1,1,1,1000
"06-Jul-15",1,1,1,1,100
"07-Jul-15",0.921,1,0.921,1,4536
"08-Jul-15",0.95,1,0.9201,0.9201,7524
"09-Jul-15",0.92,0.98,0.92,0.98,1250
"13-Jul-15",1,1,1,1,1000
"15-Jul-15",0.92,0.92,0.92,0.92,1500
"16-Jul-15",0.9,0.9,0.9,0.9,11496
"17-Jul-15",0.9,0.9,0.85,0.9,6500
"21-Jul-15",1,1.03,1,1,10950
"22-Jul-15",0.9501,0.9501,0.9,0.9,18650
"23-Jul-15",0.7724,0.7724,0.772,0.772,6200
"24-Jul-15",0.8497,0.8497,0.75,0.75,1500
"27-Jul-15",0.75,0.75,0.7499,0.75,11506
"29-Jul-15",0.75,0.75,0.7201,0.75,16800
"30-Jul-15",0.75,0.75,0.75,0.75,100
"04-Aug-15",0.8,0.8001,0.8,0.8001,1300
"05-Aug-15",0.8001,0.83,0.8,0.83,10950
"06-Aug-15",0.83,0.83,0.83,0.83,1100
"07-Aug-15",0.83,0.83,0.83,0.83,5550
"10-Aug-15",1.03,1.07,0.95,0.95,12550
"14-Aug-15",0.9001,0.9002,0.9001,0.9002,600
"21-Aug-15",0.8,0.8,0.8,0.8,1000
"24-Aug-15",0.7775,0.7775,0.7775,0.7775,420
"25-Aug-15",0.77,0.77,0.77,0.77,1000
"26-Aug-15",0.96,0.96,0.96,0.96,3000
"31-Aug-15",0.761,0.761,0.761,0.761,1091
"01-Sep-15",0.77,0.77,0.77,0.77,1000
"08-Sep-15",0.77,0.77,0.77,0.77,400
"11-Sep-15",0.85,0.85,0.85,0.85,2200
"16-Sep-15",0.77,0.77,0.77,0.77,500
"23-Sep-15",0.7701,0.7701,0.7701,0.7701,100
"29-Sep-15",0.85,0.85,0.85,0.85,200
"30-Sep-15",0.85,0.85,0.85,0.85,3798
"05-Oct-15",0.85,0.85,0.8001,0.8499,3878
"13-Oct-15",0.9496,0.9496,0.9,0.9496,10750
"14-Oct-15",0.9496,0.9496,0.9,0.9,4200
"16-Oct-15",0.9,0.9,0.8999,0.9,1800
"19-Oct-15",0.85,0.85,0.85,0.85,4250
"20-Oct-15",0.8,0.815,0.8,0.8,8502
"21-Oct-15",0.8,0.8,0.8,0.8,5050
"22-Oct-15",0.865,0.865,0.865,0.865,500
"26-Oct-15",0.85,0.85,0.81,0.825,12650
"30-Oct-15",0.865,0.865,0.865,0.865,1024
"02-Nov-15",0.875,0.8895,0.875,0.8895,9800
"03-Nov-15",0.87,0.87,0.87,0.87,3000
"05-Nov-15",0.8001,0.8001,0.79,0.79,2600
"06-Nov-15",0.8835,0.8895,0.8835,0.8895,1000
"09-Nov-15",0.85,0.85,0.83,0.83,7000
"10-Nov-15",0.82,0.82,0.82,0.82,12100
"11-Nov-15",0.83,0.86,0.83,0.86,1600
"12-Nov-15",0.8101,0.8101,0.8101,0.8101,1100
"13-Nov-15",0.83,0.8895,0.83,0.8895,6000
"16-Nov-15",0.83,0.831,0.83,0.831,5000
"17-Nov-15",0.84,0.85,0.831,0.831,5624
"19-Nov-15",0.84,0.84,0.83,0.83,7525
"20-Nov-15",0.8103,0.85,0.8004,0.85,3956
"23-Nov-15",0.88,0.88,0.88,0.88,600
"24-Nov-15",0.88,0.88,0.88,0.88,1900
"25-Nov-15",0.88,0.9,0.88,0.9,5500
"01-Dec-15",0.85,0.9,0.85,0.9,7596
"02-Dec-15",0.85,0.85,0.85,0.85,1000
"03-Dec-15",0.9,0.9,0.9,0.9,1304
"04-Dec-15",0.94,0.94,0.94,0.94,1000
"07-Dec-15",0.94564,0.95,0.94564,0.95,16800
"08-Dec-15",0.99,1.02,0.99,0.99,10338
"09-Dec-15",1.01,1.1,1.01,1.01,5594
"10-Dec-15",1.08,1.08,1.078,1.08,4783
"11-Dec-15",1.08,1.08,0.999,1.05,3662
"14-Dec-15",1.04,1.04,1.01,1.01,4600
"15-Dec-15",1.017,1.017,1.01,1.0101,2500
"16-Dec-15",1.01,1.04,1.01,1.04,3600
"17-Dec-15",1.04,1.04,1.04,1.04,2700
"18-Dec-15",1.01,1.1,1.01,1.1,11045
"21-Dec-15",1.15,1.19,1.1,1.15,17939
"22-Dec-15",1.18,1.18,1.15,1.15,5700
"23-Dec-15",1.15,1.15,1.09,1.15,7391
"24-Dec-15",1.125,1.19,1.125,1.19,9759
"28-Dec-15",1.145,1.25,1.145,1.2,29687
"30-Dec-15",1.28,1.28,1.28,1.28,196
"31-Dec-15",1.29,1.29,1.29,1.29,2000
"04-Jan-16",1.335,1.335,1.3,1.3,6600
"05-Jan-16",1.33,1.5,1.33,1.41,22123
"06-Jan-16",1.41,1.41,1.09,1.1,13829
"08-Jan-16",1.11,1.29,1.09,1.24,12300
"11-Jan-16",1.28,1.3,1.24,1.3,1461
"12-Jan-16",1.3,1.3,1.25,1.25,4728
"13-Jan-16",1.26,1.26,1.26,1.26,2500
"14-Jan-16",1.24,1.24,1.2,1.21,3988
"15-Jan-16",1.27,1.27,1.09,1.25,4500
"19-Jan-16",1.3,1.3,1.096,1.1,10060
"20-Jan-16",1.12,1.205,1.1,1.1,14191
"21-Jan-16",1.1,1.24,1.0999,1.2,14052
"22-Jan-16",1.2,1.24,1.2,1.24,3702
"25-Jan-16",1.22,1.22,1.1,1.19,3600
"26-Jan-16",1.1,1.1,1.08,1.1,6997
"27-Jan-16",1.2,1.21,1.15,1.21,11128
"28-Jan-16",1.2,1.2,1.08,1.08,10590
"29-Jan-16",1.1,1.5,1.08,1.15,11500
"01-Feb-16",1.15,1.24,1.1,1.21,12162
"03-Feb-16",1.1,1.142,1.1,1.142,1200
"04-Feb-16",1.23,1.23,1.23,1.23,300
"05-Feb-16",1.23,1.23,1.23,1.23,120
"08-Feb-16",1.08,1.23,1.08,1.23,600
"11-Feb-16",1.2,1.2,1.2,1.2,100
"12-Feb-16",1.13,1.15,1.13,1.15,2200
"16-Feb-16",1.13,1.13,1.13,1.13,4000
"18-Feb-16",1.15,1.15,1.15,1.15,863
"19-Feb-16",1.13,1.13,1.13,1.13,127
"22-Feb-16",1.11,1.136,1.11,1.136,3000
"26-Feb-16",1.13,1.131,1.13,1.131,300
"29-Feb-16",1.13,1.14,1.104,1.104,4700
"01-Mar-16",1.11,1.113,1.11,1.113,300
"02-Mar-16",1.122,1.122,1.12,1.12,1450
"03-Mar-16",1.12,1.12,1.12,1.12,1000
"10-Mar-16",1.13,1.13,1.13,1.13,300
"14-Mar-16",1.13,1.14,1.1299,1.14,5700
"16-Mar-16",1.14,1.14,1.14,1.14,502
"17-Mar-16",1.14,1.15,1.14,1.15,1450
"18-Mar-16",1.15,1.2,1.15,1.2,16850
"21-Mar-16",1.23,1.26,1.23,1.26,15050
"22-Mar-16",1.29,1.29,1.29,1.29,550
"24-Mar-16",1.2,1.2,1.2,1.2,150
"28-Mar-16",1.2,1.2,1.2,1.2,600
"29-Mar-16",1.12,1.15,1.114,1.15,7546
"30-Mar-16",1.195,1.22,1.195,1.211,4027
"31-Mar-16",1.11,1.11,1.11,1.11,1000
"01-Apr-16",1.1807,1.1807,1.1807,1.1807,1000
"04-Apr-16",1.2,1.343,1.2,1.343,12109
"05-Apr-16",1.45,1.45,1.36,1.39,45195
"06-Apr-16",1.39,1.4,1.39,1.39,2121
"07-Apr-16",1.39,1.5,1.39,1.44,7109
"08-Apr-16",1.44,1.44,1.43,1.43,15328
"11-Apr-16",1.43,1.43,1.4,1.4,1687
"12-Apr-16",1.4,1.43,1.358,1.43,6550
"13-Apr-16",1.45,1.45,1.41,1.4299,13115
"14-Apr-16",1.41,1.75,1.41,1.71,42303
"15-Apr-16",1.656,1.71,1.45,1.54,17891
"18-Apr-16",1.54,1.55,1.5,1.55,11000
"19-Apr-16",1.3,1.61,1.3,1.5885,6731
"20-Apr-16",1.626,1.64,1.51,1.635,4460
"21-Apr-16",1.74,1.74,1.6,1.61,28259
"25-Apr-16",1.61,1.6169,1.61,1.61,2750
"26-Apr-16",1.6,1.62,1.58,1.58,16344
"27-Apr-16",1.61,1.61,1.56,1.56,5200
"28-Apr-16",1.56,1.56,1.56,1.56,2014
"29-Apr-16",1.6,1.6,1.58,1.58,7280
"02-May-16",1.58,1.58,1.58,1.58,9008
"03-May-16",1.582,1.582,1.582,1.582,2503
"04-May-16",1.58,1.58,1.58,1.58,863
"05-May-16",1.6,1.7,1.6,1.65,11851
"06-May-16",1.61,1.69,1.58,1.58,5000
"09-May-16",1.52,1.57,1.52,1.529,8600
"10-May-16",1.52,1.55,1.5,1.55,4056
"11-May-16",1.54,1.55,1.54,1.54,14840
"12-May-16",1.57,1.57,1.5,1.5023,2680
"16-May-16",1.57,1.57,1.5,1.51,809
"17-May-16",1.57,1.57,1.5,1.5,1772
"18-May-16",1.52,1.52,1.5,1.5,800
"19-May-16",1.5,1.5,1.5,1.5,1050
"23-May-16",1.5,1.5,1.5,1.5,2000
"24-May-16",1.55,1.55,1.5385,1.5385,390
"25-May-16",1.5001,1.5001,1.43,1.45,6310
"26-May-16",1.57,2.9,1.57,1.8,24113
"27-May-16",1.57,1.57,1.57,1.57,100
"31-May-16",1.66,1.66,1.6,1.6,1300
"01-Jun-16",1.6,1.6,1.51,1.53,6800
"02-Jun-16",1.6,1.6999,1.6,1.6999,914
"03-Jun-16",1.7,1.7,1.6,1.61,2600
"06-Jun-16",1.6,1.6,1.6,1.6,200
"07-Jun-16",1.61,1.61,1.61,1.61,200
"08-Jun-16",1.56,1.56,1.56,1.56,2000
"10-Jun-16",1.55,1.55,1.55,1.55,275
"14-Jun-16",1.55,1.62,1.52,1.52,8776
"15-Jun-16",1.55,1.55,1.55,1.55,4550
"16-Jun-16",1.52,1.52,1.52,1.52,116
"17-Jun-16",1.52,1.52,1.52,1.52,1650
"21-Jun-16",1.52,1.52,1.52,1.52,3934
"22-Jun-16",1.45,1.5101,1.41,1.4499,7562
"23-Jun-16",1.41,1.41,1.41,1.41,1250
"24-Jun-16",1.45,1.45,1.45,1.45,4200
"28-Jun-16",1.5154,1.52,1.5154,1.52,2016
"29-Jun-16",1.5046,1.5046,1.5046,1.5046,300
"05-Jul-16",1.5,1.5,1.5,1.5,236
"06-Jul-16",1.5,1.5,1.5,1.5,300
"11-Jul-16",1.52,1.52,1.52,1.52,1000
"12-Jul-16",1.5,1.5,1.5,1.5,950
"13-Jul-16",1.455,1.52,1.455,1.52,7700
"14-Jul-16",1.505,1.52,1.5,1.52,2107
"15-Jul-16",1.52,1.52,1.5199,1.52,16963
"18-Jul-16",1.525,1.69,1.52,1.6899,1300
"19-Jul-16",1.7,1.7,1.5,1.677,776
"22-Jul-16",1.65,1.65,1.65,1.65,779
"25-Jul-16",1.65,2.17,1.65,2,13400
"26-Jul-16",1.9307,1.9307,1.91,1.91,1020
"27-Jul-16",1.91,1.95,1.815,1.9,4626
"28-Jul-16",1.85,1.85,1.85,1.85,2000
"29-Jul-16",1.84,1.84,1.84,1.84,101
"01-Aug-16",1.8,2,1.6999,2,17675
"02-Aug-16",2,2.11,1.96,2.11,14687
"03-Aug-16",2.16,2.16,2,2.15,13381
"04-Aug-16",2.15,2.36,2.1192,2.36,11150
"05-Aug-16",2.4,2.54,2.35,2.45,23200
"08-Aug-16",2.5,2.68,2.5,2.63,16645
"09-Aug-16",2.65,2.65,2.59,2.63,18116
"10-Aug-16",2.68,2.8639,2.64,2.83,20977
"11-Aug-16",2.725,3.2,2.725,3,55819
"12-Aug-16",2.965,3.06,2.9,3,11172
"15-Aug-16",3.14,3.18,2.95,3.14,21333
"16-Aug-16",3.14,3.15,3,3.14,19232
"17-Aug-16",3.15,3.15,3.1,3.14,19353
"18-Aug-16",3.14,3.163,3.14,3.14,3630
"19-Aug-16",3.133,3.14,3.11,3.14,4350
"22-Aug-16",3.138,3.25,3.1,3.24,14528
"23-Aug-16",3.24,3.24,3,3.2,19907
"24-Aug-16",3.2,3.2,3,3.11,22200
"25-Aug-16",3.17,3.18,2.9,3.18,1868
"26-Aug-16",3.38,3.38,3.15,3.192,4287
"29-Aug-16",3,3.1771,2.7,2.97,9746
"30-Aug-16",2.8,2.8792,2.8,2.8792,3656
"31-Aug-16",2.9226,2.9226,2.9,2.9,294
"01-Sep-16",2.9,3,2.652,2.78,20511
"02-Sep-16",2.65,2.8,2.5216,2.79,29932
"06-Sep-16",2.79,2.79,2.6216,2.7,18180
"07-Sep-16",2.8,2.8,2.6,2.6001,20163
"08-Sep-16",2.6,2.6601,2.6,2.6,7926
"09-Sep-16",2.7,2.7,2.6,2.6,2006
"12-Sep-16",2.652,2.79,2.652,2.71,4686
"13-Sep-16",2.6,2.7499,2.6,2.7499,1143
"14-Sep-16",2.6101,2.75,2.6101,2.63,6036
"15-Sep-16",2.75,2.75,2.638,2.638,768
"16-Sep-16",2.74,2.7499,2.56,2.56,3838
"19-Sep-16",2.74,2.75,2.6201,2.74,5674
"20-Sep-16",2.74,2.75,2.7,2.75,4691
"21-Sep-16",2.6636,2.75,2.6636,2.75,16439
"22-Sep-16",2.75,2.77,2.75,2.77,989
"23-Sep-16",2.75,2.91,2.75,2.76,10702
"26-Sep-16",2.76,2.97,2.76,2.83,4414
"27-Sep-16",2.91,2.91,2.85,2.85,1209
"28-Sep-16",2.8001,2.82,2.6934,2.79,3910
"29-Sep-16",2.8,2.8,2.52,2.68,15860
"30-Sep-16",2.6685,2.7601,2.54,2.61,35346
"03-Oct-16",2.54,3,2.49,2.8799,52238
"04-Oct-16",2.65,2.787,2.65,2.73,6134
"05-Oct-16",2.79,2.79,2.48,2.68,18775
"06-Oct-16",2.58,2.705,2.58,2.63,6004
"07-Oct-16",2.49,2.85,2.4899,2.63,25417
"10-Oct-16",2.84,2.84,2.66,2.66,7464
"11-Oct-16",2.78,2.78,2.61,2.61,1346
"12-Oct-16",2.6,2.69,2.6,2.69,3545
"13-Oct-16",2.69,2.6901,2.6101,2.6101,1718
"14-Oct-16",2.6702,2.79,2.6,2.7,20945
"17-Oct-16",2.79,2.79,2.6,2.6244,2555
"18-Oct-16",2.6,2.62,2.6,2.62,1317
"19-Oct-16",2.732,2.79,2.6,2.79,25257
"20-Oct-16",2.73,2.8,2.6,2.63,52286
"21-Oct-16",2.62,2.7,2.61,2.7,5180
"24-Oct-16",2.75,2.87,2.65,2.74,16146
"25-Oct-16",2.7,2.8,2.6951,2.79,10200
"26-Oct-16",2.7,2.74,2.53,2.74,18689
"27-Oct-16",2.74,2.85,2.6069,2.62,10660
"28-Oct-16",2.67,2.7332,2.5,2.5,4105
"31-Oct-16",2.57,2.6001,2.52,2.6,4154
"01-Nov-16",2.61,2.6135,2.2593,2.4499,45208
"02-Nov-16",2.4,2.5864,2.39,2.5,24090
"03-Nov-16",2.5,2.55,2.01,2.01,38672
"04-Nov-16",2.29,2.48,1.6,1.9899,58320
"07-Nov-16",1.84,2.0337,1.84,1.91,18124
"08-Nov-16",1.98,2.0038,1.651,1.75,13783
"09-Nov-16",1.53,1.87,1.53,1.87,3980
"10-Nov-16",1.99,1.99,1.86,1.89,10054
"11-Nov-16",1.87,2,1.87,1.88,4385
"14-Nov-16",1.94,2,1.94,1.95,4596
"15-Nov-16",1.95,2.1,1.91,2.1,13209
"16-Nov-16",1.96,2.2001,1.93,2.08,30951
"17-Nov-16",2.235,2.261,1.93,2.08,67489
"18-Nov-16",2.27,2.27,1.9432,2.1,32701
"21-Nov-16",2.129,2.13,1.99,2.1,6475
"22-Nov-16",2.12,2.3,2.0499,2.3,14466
"23-Nov-16",2.3,2.3,2.11,2.19,1772
"25-Nov-16",2.12,2.12,2.03,2.03,18540
"28-Nov-16",2.0432,2.15,1.9671,2.15,22498
"29-Nov-16",2.09,2.3,2.03,2.3,37318
"30-Nov-16",2.3,2.3,2.05,2.11,3578
"01-Dec-16",2.07,2.21,1.9999,2.21,15108
"02-Dec-16",2.13,2.25,1.92,2.11,50114
"05-Dec-16",2.11,2.96,2.11,2.9,210831
"06-Dec-16",2.95,2.95,2.59,2.77,43012
"07-Dec-16",2.79,2.83,2.6301,2.77,23117
"08-Dec-16",2.81,2.94,2.658,2.7,5253
"09-Dec-16",2.66,2.694,2.49,2.6,7495
"12-Dec-16",2.6,2.99,2.49,2.99,60562
"13-Dec-16",2.92,2.99,2.67,2.95,20269
"14-Dec-16",2.8102,2.99,2.7928,2.91,17548
"15-Dec-16",2.9,2.9,2.6406,2.84,16663
"16-Dec-16",2.74,2.74,2.31,2.31,57617
"19-Dec-16",2.33,2.4092,2.1586,2.22,10686
"20-Dec-16",2.25,2.31,2.16,2.17,8031
"21-Dec-16",2.13,2.39,2.05,2.08,24299
"22-Dec-16",2.16,2.31,2.1499,2.16,23024
"23-Dec-16",2.282,2.334,2.12,2.12,10177
"27-Dec-16",2.1,2.32,2.1,2.15,34517
"28-Dec-16",2.08,2.2,1.92,1.92,18778
"29-Dec-16",1.97,2.34,1.97,2.34,21208
"30-Dec-16",2.3,2.3855,2.12,2.3,27809
"02-Jan-17",,,,,,0.364166
"03-Jan-17",2.257,2.3,2.15,2.16,10125,0.090775
"04-Jan-17",2.23,2.26,2.13,2.17,26079,0.963696
"05-Jan-17",2.1,2.73,2.1,2.15,62189,1.041905
"06-Jan-17",2.15,2.38,2.15,2.38,28806,1.027022
"09-Jan-17",2.34,2.45,2.3001,2.45,6741,1.137177
"10-Jan-17",2.4,2.41,2.21,2.26,20267,0.387944
"11-Jan-17",2.24,2.33,2.21,2.21,22754,0.400786
"12-Jan-17",2.23,2.34,2.17,2.17,11370,0.431804
"13-Jan-17",2.2,2.34,2.1774,2.3,11622
"17-Jan-17",2.41,2.41,2.29,2.37,20455
"18-Jan-17",2.4,2.85,2.29,2.32,35868
"19-Jan-17",2.33,2.462,2.31,2.37,26263
"20-Jan-17",2.37,2.57,2.3699,2.57,24355
"23-Jan-17",2.46,2.7,2.4098,2.45,11084
"24-Jan-17",2.46,2.83,2.38,2.43,41481
"25-Jan-17",2.48,2.8732,2.48,2.83,51471
"26-Jan-17",2.9,2.9,2.6501,2.82,24323
"27-Jan-17",2.7501,2.8038,2.64,2.75,29221
"30-Jan-17",2.6337,2.65,2.6,2.6401,7077
"31-Jan-17",2.6,2.77,2.48,2.77,36459
"01-Feb-17",2.79,2.86,2.56,2.59,38827
"02-Feb-17",2.876,2.876,2.59,2.6064,6101
"03-Feb-17",2.6069,2.64,2.6,2.64,1908
"06-Feb-17",2.65,2.75,2.47,2.75,23767
"07-Feb-17",2.7,2.74,2.61,2.65,19697
"08-Feb-17",2.6998,2.6998,2.55,2.55,3647
"09-Feb-17",2.53,2.63,2.5251,2.5251,17021
"10-Feb-17",2.58,2.6015,2.49,2.53,4340
"13-Feb-17",2.51,2.6928,2.501,2.51,5363
"14-Feb-17",2.5526,2.5776,2.516,2.516,8733
"15-Feb-17",2.48,2.7063,2.48,2.5,16143
"16-Feb-17",2.6,2.65,2.47,2.65,29382
"17-Feb-17",2.65,2.76,2.5,2.57,23896
"21-Feb-17",2.65,2.65,2.5025,2.54,5721
"22-Feb-17",2.5379,2.5611,2.47,2.54,10679
"23-Feb-17",2.58,2.62,2.45,2.56,23686
"24-Feb-17",2.55,2.57,2.51,2.52,11383
"27-Feb-17",2.45,2.53,2.44,2.53,33491
"28-Feb-17",2.52,2.56,2.41,2.46,33595
"01-Mar-17",2.51,2.59,2.45,2.48,20217
"02-Mar-17",2.35,2.47,2.3,2.31,18645
"03-Mar-17",2.31,2.4143,2.27,2.29,33482
"06-Mar-17",2.35,2.35,2.2101,2.29,33813
"07-Mar-17",2.3,2.48,2.3,2.35,65230
"08-Mar-17",2.379,2.38,2.26,2.26,2205
"09-Mar-17",2.25,2.25,2.15,2.17,20145
"10-Mar-17",2.14,2.25,2.14,2.18,9478
"13-Mar-17",2.15,2.219,2.15,2.16,12597
"14-Mar-17",2.16,2.2,1.93,2.19,61603
"15-Mar-17",2.11,2.17,1.99,2.03,18153
"16-Mar-17",2.08,2.08,2.0184,2.02,2143
"17-Mar-17",2.026,2.14,2.026,2.03,9460
"20-Mar-17",2.04,2.13,2.0231,2.08,21939
"21-Mar-17",2.08,2.12,2.01,2.03,20662
"22-Mar-17",2.023,2.03,1.99,1.99,9346
"23-Mar-17",2.0281,2.0281,1.97,1.97,1121
"24-Mar-17",1.96,2.0386,1.96,2,8633
"27-Mar-17",1.99,2.05,1.97,2.05,6486
"28-Mar-17",2.016,2.07,1.97,1.99,19759
"29-Mar-17",2.036,2.04,1.961,2,2911
"30-Mar-17",1.9898,1.9898,1.98,1.98,1708
"31-Mar-17",1.98,2.19,1.98,2.19,25328
"03-Apr-17",2.18,2.23,2.1,2.23,28975
"04-Apr-17",2.02,2.24,2.02,2.13,12981
"05-Apr-17",2.1,2.17,2.06,2.12,18680
"06-Apr-17",2.1728,2.2111,2.04,2.21,22610
"07-Apr-17",2.05,2.23,2.05,2.2,36043
"10-Apr-17",2.24,2.3179,2.24,2.3,17487
"11-Apr-17",2.2501,2.3118,2.2501,2.29,1379
"12-Apr-17",2.33,2.64,2.33,2.4899,21218
"13-Apr-17",2.3301,2.3424,2.33,2.33,2447
"17-Apr-17",2.33,2.34,2.12,2.26,14329
"18-Apr-17",2.26,2.28,2.26,2.26,1120
"19-Apr-17",2.28,2.409,2.26,2.3018,9150
"20-Apr-17",2.3,2.35,2.2825,2.34,6591
"21-Apr-17",2.4,2.55,2.37,2.38,19508
"25-Apr-17",2.301,2.39,2.25,2.39,13120
"26-Apr-17",2.3,2.6,2.3,2.46,32343
"27-Apr-17",2.35,2.6,2.35,2.56,3954
"28-Apr-17",2.62,2.6462,2.35,2.62,18867
"01-May-17",2.69,2.69,2.43,2.49,20311
"02-May-17",2.48,2.53,2.4289,2.5,17568
"03-May-17",2.53,2.68,2.53,2.53,13627
"04-May-17",2.543,2.57,2.43,2.45,17505
"05-May-17",2.63,2.63,2.52,2.54,12926
"08-May-17",2.5,2.551,2.5,2.5,6519
"09-May-17",2.66,2.66,2.55,2.591,15841
"10-May-17",2.54,2.58,2.53,2.53,900
"11-May-17",2.54,2.55,2.53,2.53,2000
"12-May-17",2.53,2.56,2.5,2.54,3568
"15-May-17",2.578,2.6,2.578,2.6,640
"16-May-17",2.5315,2.63,2.5315,2.63,2400
"17-May-17",2.57,2.6349,2.5283,2.5928,15041
"18-May-17",2.63,2.68,2.5999,2.68,27725
"19-May-17",2.6059,2.68,2.6059,2.63,1450
"22-May-17",2.65,2.65,2.6094,2.6094,3320
"23-May-17",2.6,2.75,2.6,2.74,43752
"24-May-17",2.674,2.7,2.63,2.64,6104
"25-May-17",2.692,2.7053,2.6036,2.6953,3903
"26-May-17",2.64,2.6556,2.63,2.63,2690
"30-May-17",2.59,2.6203,2.59,2.6203,216
"31-May-17",2.57,2.69,2.45,2.5,4612
"01-Jun-17",2.433,2.54,2.41,2.41,2901
"02-Jun-17",2.587,2.6,2.45,2.52,29809
"05-Jun-17",2.48,2.68,2.45,2.52,7897
"06-Jun-17",2.51,2.68,2.51,2.65,53967
"07-Jun-17",2.46,2.65,2.46,2.52,14844
"08-Jun-17",2.5688,2.5688,2.43,2.43,6307
"09-Jun-17",2.55,2.55,2.46,2.46,3121
"12-Jun-17",2.5,2.54,2.5,2.51,4310
"13-Jun-17",2.569,2.6,2.43,2.56,35102
"14-Jun-17",2.5,2.53,2.3823,2.45,13665
"15-Jun-17",2.46,2.46,2.35,2.44,11882
"16-Jun-17",2.3999,2.3999,2.3,2.31,6958
"19-Jun-17",2.3,2.5,2.3,2.42,50244
"20-Jun-17",2.42,2.54,2.4183,2.54,35241
"21-Jun-17",2.4009,2.55,2.4009,2.55,13455
"22-Jun-17",2.4,2.4769,2.39,2.4384,2308
"23-Jun-17",2.42,2.5,2.42,2.4985,2893
"26-Jun-17",2.52,2.54,2.4,2.54,39767
"27-Jun-17",2.4869,2.54,2.4775,2.5399,14053
"28-Jun-17",2.55,2.85,2.48,2.8,37833
"29-Jun-17",2.86,2.8906,2.61,2.66,49924
"30-Jun-17",2.565,2.75,2.56,2.63,34180
"03-Jul-17",2.6169,2.7125,2.6,2.7125,21537,1.189648
"04-Jul-17",,,,,,1.205824
"05-Jul-17",2.9,2.9,2.61,2.67,23191,0.285605
"06-Jul-17",2.66,2.7001,2.63,2.646,1851,0.232498
"07-Jul-17",2.6,2.61,2.54,2.5599,4144
"10-Jul-17",2.59,2.8299,2.5201,2.8299,11670
"11-Jul-17",2.69,2.73,2.58,2.58,8316
"12-Jul-17",2.5521,2.6004,2.5521,2.6004,871,0.396256
"13-Jul-17",2.56,2.5837,2.56,2.57,2600,0.404548
"14-Jul-17",2.5708,2.6788,2.5708,2.6788,2147,0.404689
"17-Jul-17",2.62,2.63,2.6,2.6,1552,0.396348
"18-Jul-17",2.65,2.6665,2.55,2.6663,43656,0.342583
"19-Jul-17",2.67,2.67,2.62,2.67,37292,1.773354
"20-Jul-17",2.6473,2.6799,2.62,2.62,6409,1.778512
"21-Jul-17",2.63,2.6863,2.5701,2.6863,4095,2.42609
"24-Jul-17",2.69,2.8028,2.62,2.7328,30917,0.065501
"25-Jul-17",2.7,2.75,2.7,2.7,11435,0.065759
"26-Jul-17",2.71,2.7533,2.6832,2.6832,19950,0.0653
"27-Jul-17",2.766,2.8306,2.7502,2.77,9823,0.060152
"28-Jul-17",2.73,2.751,2.7,2.7,2589
"31-Jul-17",2.744,2.793,2.73,2.779,4186,0.047583
"01-Aug-17",2.752,2.778,2.75,2.778,8604
"02-Aug-17",2.75,2.75,2.62,2.6201,8871
"04-Aug-17",2.8,2.83,2.8,2.8,9533
"07-Aug-17",2.67,2.67,2.62,2.62,6064
"09-Aug-17",2.67,2.6896,2.62,2.62,2844
"10-Aug-17",2.62,2.6755,2.62,2.6755,326
"11-Aug-17",2.62,2.72,2.5825,2.72,23052
"14-Aug-17",2.72,2.77,2.66,2.6601,27025
"15-Aug-17",2.7634,2.7634,2.74,2.75,437
"16-Aug-17",2.79,2.85,2.63,2.63,17211
"17-Aug-17",2.68,2.7001,2.668,2.67,4895
"18-Aug-17",2.72,2.75,2.6,2.75,3942
"21-Aug-17",2.72,2.72,2.65,2.68,2479
"22-Aug-17",2.67,2.67,2.63,2.645,1320
"23-Aug-17",2.68,2.68,2.5779,2.61,18736
"24-Aug-17",2.65,2.65,2.6046,2.6046,3611
"28-Aug-17",2.7,2.719,2.6,2.6,9592
"29-Aug-17",2.7,2.7,2.69,2.7,14642
"30-Aug-17",2.6,2.7199,2.6,2.62,2816
"31-Aug-17",2.62,2.69,2.62,2.65,2674
"01-Sep-17",2.661,2.6838,2.661,2.665,1611
"05-Sep-17",2.642,2.74,2.62,2.74,11783
"06-Sep-17",2.71,2.72,2.6651,2.68,5443
"07-Sep-17",2.69,2.71,2.68,2.706,20013
"08-Sep-17",2.699,2.7,2.6801,2.7,4129
"11-Sep-17",2.71,2.72,2.7,2.72,10189
"12-Sep-17",2.75,2.95,2.75,2.9,61714
"13-Sep-17",2.9499,2.9499,2.75,2.82,14991
"14-Sep-17",2.86,2.9,2.78,2.88,13688
"15-Sep-17",2.84,2.84,2.76,2.78,13027
"18-Sep-17",2.76,2.85,2.76,2.78,5504
"19-Sep-17",2.78,2.78,2.76,2.78,663
"20-Sep-17",2.77,2.77,2.77,2.77,302
"21-Sep-17",2.81,2.82,2.76,2.77,7981
"22-Sep-17",2.765,2.82,2.765,2.82,2299
"25-Sep-17",2.8254,2.8254,2.76,2.76,350
"26-Sep-17",2.7825,2.8001,2.75,2.8,21147
"27-Sep-17",2.8,2.8,2.8,2.8,152
"28-Sep-17",2.88,2.88,2.68,2.68,6679
"29-Sep-17",2.9072,2.9072,2.7624,2.78,4223
"02-Oct-17",2.838,2.86,2.7723,2.86,1559
"03-Oct-17",2.81,2.81,2.72,2.72,1777
"04-Oct-17",2.83,2.89,2.83,2.85,2697
"05-Oct-17",2.83,2.9,2.83,2.83,15048,0.040494
"06-Oct-17",2.89,2.89,2.841,2.89,5410,0.31263
"09-Oct-17",2.91,2.9352,2.86,2.86,5625,0.30785
"10-Oct-17",2.84,2.84,2.8013,2.818,3620,0.445688
"11-Oct-17",2.82,2.88,2.71,2.83,26873,0.295581
"12-Oct-17",2.8413,2.8413,2.81,2.81,802,0.11259
"13-Oct-17",2.86,2.8718,2.81,2.81,11666,0.724273
"16-Oct-17",2.841,2.861,2.81,2.81,13015,0.713239
"17-Oct-17",2.82,2.84,2.81,2.8266,5724,0.373905
"18-Oct-17",2.8,2.809,2.75,2.76,6500,0.527241
"19-Oct-17",2.75,2.82,2.75,2.81,6133,1.026332
"20-Oct-17",2.8699,2.8699,2.8304,2.8304,5490,1.104912
"23-Oct-17",2.8,2.84,2.8,2.81,1844,1.748825
"24-Oct-17",2.78,2.82,2.78,2.8086,4345,1.686322
"25-Oct-17",2.77,2.8091,2.77,2.8,2607,1.739534
"26-Oct-17",2.7999,2.8,2.7999,2.8,1823,1.593673
"27-Oct-17",2.8,2.95,2.79,2.82,20150,1.593108
"30-Oct-17",2.875,2.875,2.7201,2.77,24817,1.634321
"31-Oct-17",2.75,2.77,2.69,2.77,7461,1.376721
"01-Nov-17",2.74,2.95,2.74,2.9272,34648,0.2696
"02-Nov-17",2.95,3.18,2.9499,3.11,35098,0.082534
"03-Nov-17",3.16,3.4635,2.9398,3.34,48526,0.929962
"06-Nov-17",3.5,3.85,3.17,3.24,49153,0.867421
"07-Nov-17",3.39,3.67,3.3,3.49,62878,0.48457
"08-Nov-17",3.64,3.64,3.29,3.43,21738,1.282478
"09-Nov-17",3.284,3.57,3.09,3.43,18894,1.329041
"10-Nov-17",3.42,3.47,3.3093,3.4,15175,0.918401
"13-Nov-17",3.321,3.4,3.3201,3.4,2878,0.648817
"14-Nov-17",3.29,3.54,3.29,3.52,11979,0.583258
"15-Nov-17",3.6,3.75,3.3301,3.44,6212,0.404995
"16-Nov-17",3.36,3.5234,3.36,3.5,8496,0.626253
"17-Nov-17",3.47,3.5816,3.37,3.58,4656,0.594076
"20-Nov-17",3.3999,3.5122,3.3999,3.4783,3273,0.479798
"21-Nov-17",3.708,3.708,3.56,3.56,4300,0.535532
"22-Nov-17",3.5553,3.5553,3.4834,3.4834,1426,0.536261
"23-Nov-17",,,,,,0.579296
"24-Nov-17",3.41,3.41,3.41,3.41,334,0.602254
"27-Nov-17",3.38,3.55,3.2553,3.26,10787,0.605028
"28-Nov-17",3.23,3.239,3.111,3.12,9266,0.598444
"29-Nov-17",3.1,3.15,3.1,3.13,4079,0.232518
"30-Nov-17",3.2,3.44,3.2,3.44,26531,0.152607
"01-Dec-17",3.44,3.46,3.31,3.31,3558,1.171646
"04-Dec-17",3.3,3.3704,3.3,3.3299,9408,1.640295
"05-Dec-17",3.3091,3.58,3.3,3.52,18692,1.725129
"06-Dec-17",3.59,3.76,3.51,3.76,17731,1.328985
"07-Dec-17",3.698,3.7,3.621,3.66,6876,1.961423
"08-Dec-17",3.55,3.6999,3.55,3.64,15710,1.873977
"11-Dec-17",3.75,4.1,3.7472,4,73471,1.121397
"12-Dec-17",4.1,4.1,3.9,3.9001,25011,1.339253
"13-Dec-17",3.928,3.99,3.85,3.94,37291,2.146282
"14-Dec-17",3.87,4.19,3.86,4.079,20595,2.139725
"15-Dec-17",4.1,4.1,3.6528,4.08,39879,1.694915
"18-Dec-17",4.08,4.44,4.06,4.43,60087,1.4459
"19-Dec-17",4.33,4.33,3.9971,4.13,13138,1.081755
"20-Dec-17",4,4.0901,3.8187,4.04,34692,0.660264
"21-Dec-17",4.0501,4.0999,3.8215,4.05,11554,0.573614
"22-Dec-17",4.01,4.1387,3.98,4.11,16739,0.43788
"25-Dec-17",,,,,,0.406321
"26-Dec-17",4,4.03,3.87,3.949,6033,0.42968
"27-Dec-17",3.88,3.91,3.76,3.76,17359,0.251062
"28-Dec-17",3.76,3.8639,3.76,3.78,12475,0.228906
"29-Dec-17",3.77,3.8948,3.74,3.74,17550,0.226458
"01-Jan-18",,,,,,0.223853
"02-Jan-18",3.8099,4.0129,3.7899,3.97,15978,0.870647
"03-Jan-18",3.9227,4.0449,3.9227,3.99,7449,0.921346
"04-Jan-18",4.01,4.37,4.01,4.17,22404,0.963928
"05-Jan-18",4.21,4.5,4.21,4.4399,39406,1.236232
"08-Jan-18",4.45,4.6,4.45,4.48,25120,1.361052
"09-Jan-18",4.26,4.45,4.26,4.4,13719,1.198502
"10-Jan-18",5.5,9.32,5.03,5.3,3470757,0.528686
"11-Jan-18",5.05,5.5,4.7,5.13,402129,0.401415
"12-Jan-18",5.14,5.29,4.81,4.95,120033,0.15029
"15-Jan-18",,,,,,0.039247
"16-Jan-18",4.87,4.94,4.3,4.51,206521,0.123412
"17-Jan-18",4.52,4.5792,4.35,4.37,51700,0.225919
"18-Jan-18",4.36,4.75,4.09,4.26,230640,0.035427
"19-Jan-18",4.22,4.34,4.1,4.17,38034,0.040895
"22-Jan-18",4.2,4.2494,3.88,3.9,130419,0.001169
"23-Jan-18",3.88,3.9699,3.75,3.81,35772,0.00717
"24-Jan-18",3.821,4.31,3.821,4.2,141364,0.006999
"25-Jan-18",4.2,4.2476,3.931,4.04,60118,0.0016
"26-Jan-18",4.1,4.3,4,4.29,85292,0.097299
"29-Jan-18",4.3,4.6,4.3,4.49,62039,0.113072
"30-Jan-18",4.6,4.6,4.1305,4.21,81685,0.23707
"31-Jan-18",4.22,4.74,4.16,4.19,62475,0.275579
"01-Feb-18",4.2,4.3822,4.13,4.13,14799,0.488113
"02-Feb-18",4.16,4.2682,3.881,3.89,51718,0.363317
"05-Feb-18",3.86,4.035,3.83,3.94,41396,0.382262
"06-Feb-18",4,4.2,3.95,4.13,20465,0.383992
"07-Feb-18",4.1,4.35,3.9101,3.96,77961,0.480061
"08-Feb-18",3.9599,4.0099,3.8187,3.84,21665,0.528442
"09-Feb-18",3.88,4,3.8,3.9,28403,0.606803
"12-Feb-18",4.09,4.325,3.83,4.13,75224,0.614295
"13-Feb-18",4.14,4.65,3.91,4,70565,0.663529
"14-Feb-18",4.08,4.179,4.03,4.09,15811,1.127251
"15-Feb-18",4.14,4.389,4.09,4.26,44417,0.74461
"16-Feb-18",4.26,4.38,4.18,4.2,23163,0.800433
"19-Feb-18",,,,,,0.776641
"20-Feb-18",4.27,4.48,4.27,4.311,18215,0.84984
"21-Feb-18",4.2676,4.4699,4.221,4.44,16910,0.792255
"22-Feb-18",4.46,4.6852,4.3988,4.52,58129,0.783645
"23-Feb-18",4.5,4.64,4.4801,4.64,39225,0.746252
"26-Feb-18",4.6,4.6136,4.321,4.58,16136,0.776163
"27-Feb-18",4.55,4.5867,4.41,4.46,9043,0.796363
"28-Feb-18",4.49,4.54,4.47,4.54,46590,0.778376
"01-Mar-18",4.52,4.52,4.4291,4.4667,31689,0.721687
"02-Mar-18",4.39,4.4988,4.35,4.4,7494,0.85949
"05-Mar-18",4.38,4.542,4.38,4.542,24473,0.740216
"06-Mar-18",4.5246,4.7307,4.5246,4.68,5810,0.682457
"07-Mar-18",4.54,4.705,4.36,4.36,26434,0.68812
"08-Mar-18",4.6,4.719,4.394,4.394,19305,0.659629
"09-Mar-18",4.45,4.5,4.3794,4.49,12368,0.705909
"12-Mar-18",4.46,4.46,4.285,4.31,28912,0.73815
"13-Mar-18",4.3,4.35,4.3,4.32,10657,0.738852
"14-Mar-18",4.2,4.2,4.11,4.13,39567,0.741424
"15-Mar-18",4.1,4.1,4.07,4.07,29128,0.754612
"16-Mar-18",4.05,4.22,4.04,4.18,66450,0.696965
"19-Mar-18",4.2,4.24,4.12,4.24,8592,0.690217
"20-Mar-18",4.23,4.49,4.1334,4.39,61364,1.121764
"21-Mar-18",4.31,4.3623,4.22,4.31,8593,1.098897
"22-Mar-18",4.27,4.27,4.21,4.21,7441,0.679781
"23-Mar-18",4.16,4.21,4.08,4.21,20468,0.671823
"26-Mar-18",4.29,4.35,4.145,4.21,16437,0.686853
"27-Mar-18",4.29,4.3417,4.06,4.3417,14790,0.694537
"28-Mar-18",4.33,4.33,4.11,4.13,4640,0.681522
"29-Mar-18",4.23,4.2737,4.04,4.04,21260,0.724633
"30-Mar-18",,,,,,0.714887
"02-Apr-18",4.07,4.1389,4.011,4.04,9176,0.765831
"03-Apr-18",4.07,4.14,4.02,4.02,2619,0.706905
"04-Apr-18",4,4.13,4,4.05,11767,0.710269
"05-Apr-18",4.08,4.16,4.08,4.16,7026,0.723511
"06-Apr-18",4.11,4.15,4.0956,4.15,2981,0.719886
"09-Apr-18",4.19,4.19,4,4.15,8594,0.726255
"10-Apr-18",4.15,4.1583,4.15,4.15,474,0.736934
"11-Apr-18",4.07,4.09,4,4,7533,1.597826
"12-Apr-18",4,4.0548,3.911,3.94,21862,1.778922
"13-Apr-18",3.9699,4,3.9552,4,7987,1.728092
"16-Apr-18",3.8901,4.04,3.8901,3.97,10450,1.797912
"17-Apr-18",3.93,4.14,3.83,4.07,148911,1.854531
"18-Apr-18",4.07,4.16,4,4,41236,1.782791
"19-Apr-18",4.11,4.11,4,4.05,57318,2.093487
"20-Apr-18",4.05,4.33,3.9622,3.99,116291,1.710303
"23-Apr-18",3.95,3.95,3.81,3.82,18891,1.784098
"24-Apr-18",3.81,3.8101,3.511,3.55,24806,1.716902
"25-Apr-18",3.55,3.699,3.51,3.57,11946,1.814548
"26-Apr-18",3.57,3.618,3.57,3.58,13779,1.825273
"27-Apr-18",3.6,3.7,3.55,3.69,29836,1.805743
"30-Apr-18",3.55,3.62,3.55,3.56,16279,1.82633
"01-May-18",3.58,3.5962,3.55,3.56,2944,1.883205
"02-May-18",3.57,3.61,3.46,3.47,46269,1.807293
"03-May-18",3.46,3.5217,3.46,3.46,24334,1.835814
"04-May-18",3.46,3.889,3.46,3.7,30260,1.833452
"07-May-18",3.65,3.76,3.33,3.41,33652,1.905136
"08-May-18",3.39,3.53,3.34,3.53,24703,1.781105
"09-May-18",3.53,3.641,3.5057,3.63,18306,1.843846
"10-May-18",3.6,3.63,3.5426,3.63,6862,1.867795
"11-May-18",3.6,3.63,3.56,3.6,3792,1.423042
"14-May-18",3.53,3.569,3.5298,3.54,12125,1.421551
"15-May-18",3.54,3.59,3.4497,3.45,17652,1.363028
"16-May-18",3.53,3.74,3.53,3.59,12834,1.582305
"17-May-18",3.58,3.6856,3.55,3.67,5000,1.735922
"18-May-18",3.63,3.69,3.63,3.69,4170,1.691027
"21-May-18",3.809,3.866,3.67,3.67,16753,1.594862
"22-May-18",3.66,3.87,3.66,3.7,2102,1.576596
"23-May-18",3.79,3.85,3.69,3.69,60024,1.274241
"24-May-18",3.8,3.829,3.73,3.74,129488,1.200437
"25-May-18",3.6084,3.84,3.6084,3.84,14180
"28-May-18",,,,,,1.189809
"29-May-18",3.82,3.89,3.82,3.82,14341,1.19787
"30-May-18",3.9,3.9,3.74,3.87,31512,1.120527
"31-May-18",3.9,4.12,3.87,4.07,30756,1.156509
"01-Jun-18",4.04,4.2969,3.9176,4.21,17690,2.187907
"04-Jun-18",4.25,4.25,3.93,3.95,16303,2.063492
"05-Jun-18",3.97,4.23,3.37,3.95,33029
"06-Jun-18",3.99,4.0301,3.82,3.82,9093,2.276815
"07-Jun-18",3.84,3.979,3.6984,3.73,6353,1.021576
"08-Jun-18",3.84,3.904,3.6,3.6,24559,0.883689
"11-Jun-18",3.64,3.8719,3.6183,3.83,12110,0.884992
"12-Jun-18",3.81,3.81,3.73,3.73,8615,0.898043
"13-Jun-18",3.66,3.817,3.641,3.7,21541,0.902243
"14-Jun-18",3.58,3.6308,3.58,3.6238,3694,0.902137
"15-Jun-18",3.6952,3.6952,3.63,3.63,766,0.80573
"18-Jun-18",3.66,3.73,3.622,3.72,7252,0.859918
"19-Jun-18",3.75,3.79,3.619,3.7,12434,0.829969
"20-Jun-18",3.7474,3.7762,3.7474,3.7762,2522
"21-Jun-18",3.78,3.78,3.7,3.7789,9776,0.911087
"22-Jun-18",3.72,3.86,3.6501,3.86,25107,0.900402
"25-Jun-18",3.88,3.94,3.7613,3.94,4065,0.874069
"26-Jun-18",3.78,3.9,3.6683,3.82,16612
"27-Jun-18",3.88,3.9,3.76,3.9,3421,1.592879
"28-Jun-18",3.8757,3.94,3.8757,3.88,4385,2.034458
"29-Jun-18",3.901,3.99,3.88,3.89,45844
"02-Jul-18",3.9027,3.96,3.9027,3.96,3704,1.856235
"03-Jul-18",3.96,3.98,3.95,3.98,2728,1.566434
"04-Jul-18",,,,,,1.324503
"05-Jul-18",3.99,4.01,3.9731,4,33803,1.308344
"06-Jul-18",3.96,4.05,3.96,4.05,15418,1.287129
"09-Jul-18",4.08,4.09,4.0205,4.06,5846,1.266619
"10-Jul-18",4.09,4.1984,3.97,4.02,9166,1.234679
"11-Jul-18",4.07,4.16,4.04,4.04,10728,1.1857
"12-Jul-18",4.13,4.18,4.101,4.1341,6155,1.133321
"13-Jul-18",4.1894,4.2,4.0982,4.14,1786,1.140375
"16-Jul-18",4.061,4.15,4.03,4.0952,2055
"17-Jul-18",4.07,4.1167,4.05,4.06,2224,1.156466
"18-Jul-18",4.1033,4.1152,3.99,4,5775
"19-Jul-18",4.03,4.03,3.98,3.98,3508
"20-Jul-18",4,4.04,3.789,3.97,31684,1.297518
"23-Jul-18",3.9,3.9,3.8301,3.8301,2904,1.635168
"24-Jul-18",3.91,3.95,3.75,3.75,30369,1.559386
"25-Jul-18",3.74,3.85,3.74,3.8476,4971,1.528541
"26-Jul-18",3.822,3.87,3.822,3.87,1670,1.344345
"27-Jul-18",3.892,3.892,3.765,3.765,8514,1.338907
"30-Jul-18",3.799,3.8,3.665,3.7,7333,1.349511
"31-Jul-18",3.8052,3.8052,3.63,3.63,2094
"01-Aug-18",3.8526,3.8526,3.63,3.66,32508,1.40236
"02-Aug-18",3.7185,3.8392,3.7185,3.8392,1175,1.373762
"03-Aug-18",3.7572,3.835,3.6974,3.835,4295
"06-Aug-18",3.73,3.74,3.7,3.7,1592,1.366468
"07-Aug-18",3.7,3.7566,3.65,3.7566,10385,1.393095
"08-Aug-18",3.66,3.7788,3.66,3.76,1009,1.427974
"09-Aug-18",3.76,3.83,3.75,3.78,3900,1.318039
"10-Aug-18",3.799,3.9,3.7811,3.79,24532,1.386923
"13-Aug-18",3.8802,3.8802,3.79,3.79,2846,1.328087
"14-Aug-18",3.8803,3.8877,3.83,3.83,1768,1.339127
"15-Aug-18",3.83,3.83,3.75,3.75,3666,1.250989
"16-Aug-18",3.809,3.82,3.7784,3.82,600,1.267678
"17-Aug-18",3.75,3.75,3.62,3.62,3166,1.370573
"20-Aug-18",3.62,3.81,3.6169,3.67,3500,1.33627
"21-Aug-18",3.7453,3.7453,3.66,3.66,1115,1.340483
"22-Aug-18",3.6784,3.6784,3.6784,3.6784,545,1.32787
"23-Aug-18",3.65,3.7999,3.6,3.7117,18172,1.385372
"24-Aug-18",3.72,3.94,3.66,3.75,28697,1.413782
"27-Aug-18",3.7453,3.83,3.7453,3.8,1438,1.556207
"28-Aug-18",3.76,3.8,3.6801,3.7,7885,1.6089
"29-Aug-18",3.9103,3.9103,3.7452,3.7878,5093,1.575679
"30-Aug-18",3.9,3.9,3.55,3.55,26989,1.457062
"31-Aug-18",3.5672,3.71,3.56,3.6021,23201,1.529249
"03-Sep-18",,,,,,1.590495
"04-Sep-18",3.6,3.6,3.5764,3.5764,1703,1.54324
"05-Sep-18",3.6,3.6,3.5386,3.56,3584,1.503908
"06-Sep-18",3.5799,3.5799,3.5365,3.5654,4116,1.800683
"07-Sep-18",3.5682,3.6104,3.56,3.5854,4053,1.752739
"10-Sep-18",3.59,3.59,3.56,3.56,1126,1.790916
"11-Sep-18",3.6,3.62,3.56,3.62,4843,1.804152
"12-Sep-18",3.56,3.6,3.5201,3.56,10449
"13-Sep-18",3.61,3.61,3.52,3.52,3124,1.913981
"14-Sep-18",3.54,3.5404,3.46,3.46,5082,1.934827
"17-Sep-18",3.46,3.46,3.41,3.41,4789,1.848347
"18-Sep-18",3.41,3.459,3.39,3.39,3483,1.719681
"19-Sep-18",3.394,3.41,3.32,3.37,14511,1.631883
"20-Sep-18",3.37,3.3868,3.35,3.35,1342,1.685902
"21-Sep-18",3.36,3.5,3.36,3.5,6853,1.684636
"24-Sep-18",3.4,3.585,3.4,3.57,9860,1.652797
"25-Sep-18",3.5,3.62,3.5,3.62,16547,1.686802
"26-Sep-18",,,,,,1.752006
"27-Sep-18",,,,,,1.776708
"28-Sep-18",3.65,3.78,3.58,3.58,44861,1.673417
"01-Oct-18",3.6,3.632,3.58,3.58,4198,1.785917
"02-Oct-18",3.5522,3.5985,3.55,3.55,1958,2.441834
"03-Oct-18",3.63,3.63,3.51,3.51,7706,1.646467
"04-Oct-18",3.51,3.61,3.51,3.57,11784,1.507312
"05-Oct-18",,,,,,1.372328
"08-Oct-18",3.55,3.57,3.54,3.54,5810,1.464059
"09-Oct-18",3.5712,3.5712,3.5201,3.53,5101,1.424777
"10-Oct-18",3.61,3.61,3.4,3.41,29062,1.306358
"11-Oct-18",3.396,3.46,3.38,3.38,12349,1.183772
"12-Oct-18",3.4,3.4999,3.39,3.39,24617,0.997646
"15-Oct-18",3.4,3.4986,3.4,3.4,8766,1.090549
"16-Oct-18",3.36,3.36,3.02,3.0438,33981,1.087186
"17-Oct-18",3.02,3.04,2.9,2.9699,12341,1.058421
"18-Oct-18",2.93,2.95,2.88,2.89,3453,1.253107
"19-Oct-18",2.88,3.2719,2.68,2.99,39279,1.187672
"22-Oct-18",2.98,3.27,2.9,3.25,15951,1.991635
"23-Oct-18",3.19,3.19,2.8243,2.9058,43705,2.694781
"24-Oct-18",2.96,3.036,2.77,2.8,28920,2.457002
"25-Oct-18",2.8,2.82,2.7,2.71,18043,1.500834
"26-Oct-18",2.71,2.97,2.71,2.9633,60024
"29-Oct-18",2.94,2.95,2.72,2.72,7681
"30-Oct-18",2.74,2.83,2.6,2.77,15052
"31-Oct-18",2.87,2.885,2.71,2.78,2222
"01-Nov-18",2.8,2.8,2.71,2.73,5125
"02-Nov-18",2.75,2.7537,2.51,2.65,8552
"05-Nov-18",2.8,2.8,2.66,2.66,14513,2.163951
"06-Nov-18",2.67,2.7027,2.57,2.59,17097,2.030671
"07-Nov-18",2.749,3,2.65,2.8582,107294,1.653625
"08-Nov-18",2.76,2.9905,2.76,2.83,20530,1.437222
"09-Nov-18",2.84,3.06,2.84,3.06,115114,1.217862
"12-Nov-18",3.05,3.05,2.79,2.8,10932,1.220378
"13-Nov-18",2.8,2.9699,2.792,2.9,11455,1.160604
"14-Nov-18",2.9,2.9474,2.9,2.9474,1332,2.175466
"15-Nov-18",2.9542,2.96,2.9,2.9299,4873,2.097359
"16-Nov-18",2.97,2.97,2.91,2.95,4302,1.086816
"19-Nov-18",2.9058,3,2.9058,2.94,4874,1.08744
"20-Nov-18",2.95,3.0054,2.9,2.94,63386,1.04963
"21-Nov-18",2.9799,2.9799,2.91,2.9724,3503,1.122437
"22-Nov-18",,,,,,1.105798
"23-Nov-18",2.91,2.92,2.84,2.84,3331,1.114821
"26-Nov-18",2.9,2.9495,2.9,2.94,2245,1.15823
"27-Nov-18",2.9,2.957,2.9,2.92,841,1.176251
"28-Nov-18",3.04,3.23,2.8681,2.93,114374,1.447736
"29-Nov-18",2.95,3.015,2.81,2.8742,5861,1.036008
"30-Nov-18",2.89,2.98,2.81,2.81,11199,1.019158
"03-Dec-18",2.81,2.9,2.761,2.82,4696,1.011197
"04-Dec-18",2.87,2.87,2.76,2.82,4549,1.052327
"05-Dec-18",,,,,,1.048373
"06-Dec-18",2.81,2.81,2.65,2.7,3532,1.059829
"07-Dec-18",2.67,2.7,2.55,2.6135,45542,1.091667
"10-Dec-18",2.7668,2.7668,2.49,2.49,6506,1.122119
"11-Dec-18",2.62,2.62,2.51,2.519,12598,1.170288
"12-Dec-18",2.543,2.68,2.39,2.43,19542,1.155204
"13-Dec-18",2.52,2.62,2.52,2.61,3358,1.189323
"14-Dec-18",2.57,2.65,2.57,2.6,899,1.110752
"17-Dec-18",2.44,2.5792,2.44,2.47,8998,1.106932
"18-Dec-18",2.5553,2.5553,2.41,2.43,8188,1.114326
"19-Dec-18",2.6,2.61,2.39,2.39,10296
"20-Dec-18",2.39,2.45,2.25,2.25,13934,1.129582
"21-Dec-18",2.289,2.31,1.82,2.02,68894,1.11195
"24-Dec-18",2.05,2.06,2.01,2.06,22031
"25-Dec-18",,,,,,1.034738
"26-Dec-18",2.06,2.2992,1.99,1.99,30961
"27-Dec-18",1.98,2.117,1.83,1.83,22349
"28-Dec-18",1.84,1.91,1.6,1.79,44284
"31-Dec-18",1.79,1.84,1.7,1.7,27563,1.320819
"02-Jan-19",1.7,2.09,1.7,1.94,7387
"03-Jan-19",1.91,1.9496,1.9,1.9162,5173
"04-Jan-19",1.92,1.98,1.9118,1.9609,4365
"07-Jan-19",1.9682,1.9682,1.8643,1.94,9988
"08-Jan-19",1.9,1.97,1.9,1.97,2815
"09-Jan-19",1.95,2.25,1.95,1.97,25161,0.642109
"10-Jan-19",1.99,2.23,1.924,2.23,5770,0.772089
"11-Jan-19",2.2,2.2,1.9346,2.04,15470,1.165456
"14-Jan-19",2.05,2.15,2.0402,2.1,1732,1.105081
"15-Jan-19",2.1,2.2658,1.971,2.0749,8337,1.125498
"16-Jan-19",2.07,2.23,2.0603,2.17,17904,1.008603
"17-Jan-19",2.1941,2.5,2.1941,2.45,17100,0.661389
"18-Jan-19",2.5,2.5,2.3282,2.4,13431,0.931164
"21-Jan-19",,,,,,1.103919
"22-Jan-19",2.47,2.5,2.23,2.49,14260,1.124105
"23-Jan-19",2.5,2.751,2.44,2.54,8232,0.872521
"24-Jan-19",2.5073,2.6026,2.5,2.51,1588,0.346748
"25-Jan-19",2.5,2.54,2.4,2.54,9632,0.240346
"28-Jan-19",2.66,2.669,2.5586,2.6679,1174,0.219483
"29-Jan-19",2.5814,2.5814,2.5,2.5582,2147,0.222641
"30-Jan-19",2.5,2.5002,2.4574,2.4623,1602,0.338711
"31-Jan-19",2.4095,2.528,2.4,2.528,1957,0.249884
"01-Feb-19",,,,,,0.234903
"04-Feb-19",2.48,2.54,2.3001,2.3025,4477,0.233074
"05-Feb-19",2.3521,2.3521,2.34,2.34,903,0.225199
"06-Feb-19",2.39,2.54,2.39,2.45,2804,0.216046
"07-Feb-19",2.3216,2.4,2.3216,2.37,1763,0.20742
"08-Feb-19",2.389,2.807,2.35,2.62,13522,0.35861
"11-Feb-19",2.62,2.68,2.38,2.38,10837,0.399615
"12-Feb-19",2.38,2.5,2.38,2.41,2310,0.420137
"13-Feb-19",2.41,2.41,2.41,2.41,628,0.326748
"14-Feb-19",2.288,2.646,2.257,2.57,13961,0.371184
"15-Feb-19",2.56,2.8396,2.5177,2.53,6637,0.353703
"18-Feb-19",,,,,,0.331296
"19-Feb-19",2.5,2.5,2.485,2.5,2447,0.306039
"20-Feb-19",2.42,2.42,2.4,2.4,1770,0.164843
"21-Feb-19",2.45,2.55,2.44,2.55,5271,0.177749
"22-Feb-19",2.5,2.7,2.3419,2.551,16677,0.166706
"25-Feb-19",2.65,2.73,2.56,2.7135,5904,0.071203
"26-Feb-19",2.67,2.835,2.67,2.73,12575,0.055384
"27-Feb-19",2.79,2.8267,2.55,2.6834,10636,0.046963
"28-Feb-19",,,,,,0.092486
"01-Mar-19",2.6846,2.7166,2.6846,2.7166,3418,0.142666
"04-Mar-19",2.84,2.94,2.84,2.85,3036,0.277107
"05-Mar-19",2.84,2.9,2.66,2.66,9268,0.106496
"06-Mar-19",2.66,2.75,2.56,2.72,5009,0.116467
"07-Mar-19",2.74,2.74,2.46,2.47,9216,0.142121
"08-Mar-19",2.59,2.61,2.4224,2.61,1711,0.190204
"11-Mar-19",2.588,2.645,2.5,2.58,2781,0.191351
"12-Mar-19",2.5226,2.6602,2.5226,2.6,12925,0.191241
"13-Mar-19",2.7,2.7,2.5,2.57,3518,0.058904
"14-Mar-19",2.66,2.66,2.39,2.39,10716,0.077587
"15-Mar-19",2.42,2.5299,2.35,2.51,10672,0.076358
"18-Mar-19",2.47,2.47,2.47,2.47,684,0.05805
"19-Mar-19",2.38,2.7399,2.38,2.48,6099,0.087379
"20-Mar-19",2.5701,2.59,2.5226,2.5226,865,0.088757
"21-Mar-19",2.47,2.71,2.45,2.65,12112,0.08903
"22-Mar-19",2.65,2.65,2.5,2.5173,4931,0.099723
"25-Mar-19",2.5,2.6,2.4601,2.4601,3118,0.103389
"26-Mar-19",2.5298,2.645,2.4701,2.645,1677,0.151374
"27-Mar-19",2.54,2.5553,2.51,2.51,2180,0.160335
"28-Mar-19",2.46,2.62,2.46,2.52,4961,0.115119
"29-Mar-19",2.49,2.5073,2.48,2.49,3949,0.125945
"01-Apr-19",2.71,2.71,2.5,2.52,6295,0.132528
"02-Apr-19",2.5,2.5175,2.5,2.51,3742,0.103842
"03-Apr-19",2.636,2.636,2.49,2.49,8242,0.103627
"04-Apr-19",2.48,2.488,2.4473,2.4653,1950,0.104431
"05-Apr-19",2.5155,2.5226,2.4201,2.51,3105,0.104759
"08-Apr-19",2.75,3.43,2.68,2.7,963377,0.394424
"09-Apr-19",2.75,2.805,2.58,2.64,147174,0.089148
"10-Apr-19",2.61,2.625,2.55,2.55,39802,1.355486
"11-Apr-19",2.695,2.7077,2.55,2.6272,7704,1.333707
"12-Apr-19",2.68,2.689,2.56,2.65,133338,0.055799
"15-Apr-19",2.666,2.68,2.55,2.565,19500,0.073602,8673
"16-Apr-19",2.474,2.48,2.46,2.46,18687,0.109717
"17-Apr-19",2.5,2.5125,2.4,2.4,15166,0.091582
"18-Apr-19",2.42,2.49,2.365,2.44,26331,0.091078
"19-Apr-19",,,,,,0.090308
"22-Apr-19",2.4,2.4599,2.34,2.38,16606,0.141813
"23-Apr-19",2.3973,2.4262,2.3973,2.3999,11207,0.189428
"24-Apr-19",2.41,2.49,2.38,2.42,17348,0.456505
"25-Apr-19",2.48,2.6342,2.47,2.503,26780,0.449775
"26-Apr-19",2.47,2.47,2.335,2.42,10357,0.446014
"29-Apr-19",2.435,2.4399,2.33,2.33,6329,0.476699
"30-Apr-19",2.35,2.3995,2.31,2.31,8376,0.489154,11623
"01-May-19",2.322,2.35,2.32,2.34,9309,0.479533
"02-May-19",2.34,2.35,2.33,2.3469,1699,0.494106
"03-May-19",2.33,2.3662,2.33,2.3662,5097,0.55794
"06-May-19",2.36,2.37,2.31,2.31,18633,0.558757
"07-May-19",2.3405,2.3405,2.288,2.3,3760,0.554954
"08-May-19",2.3,2.31,2.22,2.3,25239,0.5166
"09-May-19",2.31,2.3185,2.24,2.26,11300,0.517259
"10-May-19",2.259,2.37,2.235,2.37,21278,0.526407
"13-May-19",2.3,2.3,2.3,2.3,959,0.518046
"14-May-19",2.302,2.3196,2.27,2.276,8599,0.546467
"15-May-19",2.26,2.2814,2.24,2.2423,13131,0.550145,9817
"16-May-19",2.27,2.27,2.24,2.25,3559,0.561355
"17-May-19",2.3173,2.4001,2.3173,2.37,8418,0.567887
"20-May-19",2.3,2.324,2.2352,2.2352,15097,0.584534
"21-May-19",2.3,2.3301,2.26,2.3301,3595,0.61828
"22-May-19",2.34,2.414,2.34,2.35,4544,0.635717
"23-May-19",2.35,2.44,2.35,2.44,24181,0.626241
"24-May-19",2.43,2.43,2.43,2.43,1056,0.653345
"27-May-19",,,,,,0.639108
"28-May-19",2.35,2.46,2.3106,2.32,16249,0.626949
"29-May-19",2.33,2.33,2.2613,2.2613,3298,0.636067
"30-May-19",2.3273,2.3273,2.15,2.29,8090,0.643434
"31-May-19",2.262,2.278,2.25,2.25,1867,0.652972,9325
"03-Jun-19",2.25,2.27,2.25,2.27,1631,0.671283
"04-Jun-19",2.25,2.25,2.1708,2.195,854,0.692228
"05-Jun-19",2.59,2.77,2.21,2.37,464674,0.560272
"06-Jun-19",2.3,2.5389,2.16,2.5,93103,2.169658
"07-Jun-19",2.5,2.61,2.3657,2.58,24533,2.917373
"10-Jun-19",2.4516,2.57,2.4341,2.4861,14590,3.024031
"11-Jun-19",2.47,2.48,2.21,2.4046,4313,2.400807
"12-Jun-19",2.37,2.48,2.35,2.44,11622,2.370222
"13-Jun-19",2.32,2.4283,2.23,2.33,8771,2.349869
"14-Jun-19",2.28,2.38,2.27,2.345,4777,2.362183,47194
"17-Jun-19",2.21,2.36,2.21,2.21,41975,2.329901
"18-Jun-19",2.26,2.3077,2.2431,2.2431,10897,2.35029
"19-Jun-19",2.24,2.5,2.24,2.45,40595,2.106319
"20-Jun-19",2.48,2.52,2.32,2.35,32795
"21-Jun-19",2.43,2.44,2.36,2.36,4759
"24-Jun-19",2.4,2.55,2.4,2.47,86887,2.132494
"25-Jun-19",2.5,2.54,2.45,2.52,14786,2.198744
"26-Jun-19",2.52,2.6,2.52,2.55,23983,2.168584
"27-Jun-19",2.55,2.64,2.55,2.55,12550,2.137146
"28-Jun-19",2.57,2.7375,2.565,2.6,31532,2.202025,53966
"01-Jul-19",2.6432,2.6432,2.6432,2.6432,405,2.182482
"02-Jul-19",2.63,2.6499,2.5816,2.62,10919,1.894491
"03-Jul-19",2.68,2.731,2.675,2.675,1578,1.903303
"04-Jul-19",,,,,,1.881856
"05-Jul-19",2.675,2.715,2.67,2.6905,29796,1.85735
"08-Jul-19",2.7166,2.74,2.692,2.72,15289,1.867789
"09-Jul-19",2.687,2.711,2.54,2.59,16156,2.710832
"10-Jul-19",2.611,2.68,2.6,2.6399,26622,2.978656
"11-Jul-19",2.7,3.2,2.7,3.01,212535
"12-Jul-19",3.04,3.1,2.82,2.86,65323,2.123845
"15-Jul-19",2.96,2.98,2.65,2.8,75862,1.078637,22385
"16-Jul-19",2.825,2.93,2.82,2.82,21357,0.942356
"17-Jul-19",2.86,3.04,2.86,2.9,96130,0.844974
"18-Jul-19",2.955,2.97,2.88,2.88,10804,0.826475
"19-Jul-19",2.92,3,2.91,2.98,30129,0.688456
"22-Jul-19",2.9399,2.9818,2.8478,2.8547,39828,0.925267
"23-Jul-19",2.91,3.045,2.88,2.99,21296,1.301643
"24-Jul-19",2.97,3.02,2.82,3.02,33702,1.21283
"25-Jul-19",3.02,3.06,3.02,3.06,8485,0.84925
"26-Jul-19",3.03,3.07,2.99,2.99,33264,0.816245
"29-Jul-19",3.01,3.1,2.96,3.0901,12031,0.965941
"30-Jul-19",3.01,3.57,3.01,3.48,157261
"31-Jul-19",3.54,3.69,3.53,3.53,60834,1.127888,23454
"01-Aug-19",3.55,3.58,3.3004,3.5,56409,0.615753
"02-Aug-19",3.6,3.618,3.3996,3.47,14051,0.477213
"05-Aug-19",3.3046,3.4325,3.2,3.2,18541,0.479028
"06-Aug-19",3.23,3.39,3.23,3.32,13996,0.409739
"07-Aug-19",3.32,3.63,3.31,3.31,61707,0.422124
"08-Aug-19",3.42,3.58,3.38,3.3801,67092,0.461179
"09-Aug-19",3.44,3.5,3.42,3.46,14430,0.542449
"12-Aug-19",3.4321,3.54,3.37,3.4146,26230,0.518843
"13-Aug-19",3.46,3.5,3.361,3.43,8004,0.488411
"14-Aug-19",3.4,3.4,2.87,3,50140,0.436742
"15-Aug-19",3.041,3.44,3.018,3.15,68188,0.436728,5036
"16-Aug-19",3.11,3.2102,3.11,3.2,8158,0.345787
"19-Aug-19",3.2162,3.2162,3.02,3.12,24765,0.317494
"20-Aug-19",3.06,3.2054,2.775,2.91,37591,0.32282
"21-Aug-19",3.03,3.03,2.8301,2.9,40639,0.293309
"22-Aug-19",2.94,2.94,2.861,2.92,1421,0.183477
"23-Aug-19",2.92,3.01,2.71,2.85,48426,0.077266
"26-Aug-19",2.881,2.89,2.815,2.815,10235,0.076533
"27-Aug-19",2.886,3.06,2.56,2.62,46896,0.048324
"28-Aug-19",2.62,2.91,2.46,2.9,32559,0.043351
"29-Aug-19",2.87,2.89,2.75,2.76,15311,0.063774
"30-Aug-19",2.95,3.18,2.76,2.82,57807,0.124916,2645
"02-Sep-19",,,,,,0.121589
"03-Sep-19",2.8426,3.01,2.8426,3.01,2238,0.229494
"04-Sep-19",3.0055,3.09,3.0055,3.09,9233,0.339559
"05-Sep-19",3.1,3.1,2.98,3.09,3611,0.339208
"06-Sep-19",3.02,3.085,2.9254,3.07,13984,0.263704
"09-Sep-19",2.975,3.07,2.76,2.91,59360,0.266731
"10-Sep-19",2.86,3,2.82,2.99,21943,0.231991
"11-Sep-19",2.96,3.145,2.87,2.875,34178,0.606115
"12-Sep-19",2.9,3.05,2.9,3.05,24520,0.547289
"13-Sep-19",3.0263,3.1,3.0263,3.1,18294,0.504336,26632
"16-Sep-19",3.06,3.25,3.06,3.22,12711,0.48806
"17-Sep-19",3.1676,3.3899,3.11,3.17,18580,0.629041
"18-Sep-19",3.17,3.26,3.1,3.19,25010,0.569019
"19-Sep-19",3.2,3.3745,2.95,3.13,125956,0.439924
"20-Sep-19",3.13,3.23,3,3.15,24413,0.719546
"23-Sep-19",3.05,3.199,3.03,3.1813,11847,2.666404
"24-Sep-19",3.17,3.1767,3.04,3.08,25933,1.134248
"25-Sep-19",3.145,3.29,3.07,3.07,21606,1.173123
"26-Sep-19",3.125,3.2,3.07,3.1612,2610,1.153251
"27-Sep-19",3.0933,3.18,3.08,3.08,2585,0.781227
"30-Sep-19",3.2,3.2501,3.1017,3.25,27112,0.742994,17980
"01-Oct-19",3.28,3.28,3.038,3.15,13390,0.862222
"02-Oct-19",3.15,3.24,3.05,3.05,9522,0.858647
"03-Oct-19",3.125,3.2,3.07,3.07,7540,0.750994
"04-Oct-19",3.17,3.2241,3.05,3.2,24465,0.644183
"07-Oct-19",3.201,3.25,3.15,3.15,18878,0.547761
"08-Oct-19",3.15,3.2001,3.06,3.17,11420,0.577008
"09-Oct-19",3.17,3.18,3.085,3.1,3067,0.517718
"10-Oct-19",3.1518,3.1518,2.9,2.95,33729,0.560869
"11-Oct-19",2.9354,3.1473,2.9354,2.96,14128,0.531378
"14-Oct-19",3.09,3.09,2.96,3.01,7481,0.595773
"15-Oct-19",2.96,3.05,2.96,3.0074,8946,0.625736,13503
"16-Oct-19",3.055,3.3,3.03,3.3,7948,0.641204
"17-Oct-19",3.2226,3.3428,3.13,3.175,33643,0.429333
"18-Oct-19",3.1473,3.28,3.1473,3.16,12457,0.561289
"21-Oct-19",3.15,3.286,3.15,3.19,19308,0.519724
"22-Oct-19",3.19,3.2,3.16,3.199,6761,0.525759
"23-Oct-19",3.1925,3.2004,3.15,3.15,4695,0.469151
"24-Oct-19",3.1682,3.19,3.07,3.1404,10666,0.464489
"25-Oct-19",3.106,3.23,3.106,3.19,4758,0.449387
"28-Oct-19",3.1731,3.21,3.1007,3.11,8130,0.447521
"29-Oct-19",3.06,3.09,3,3.02,19716,0.556686
"30-Oct-19",3.03,3.09,3.02,3.08,8501,0.56169
"31-Oct-19",3.09,3.1411,3.055,3.11,45165,0.605063,12498
"01-Nov-19",3.14,3.14,3.07,3.1,22304,0.708532
"04-Nov-19",3.1,3.1297,3.06,3.06,46871,0.350019
"05-Nov-19",3.0804,3.0804,3.06,3.07,12540,0.267584
"06-Nov-19",3.07,3.1188,3.0318,3.09,14952,0.268211
"07-Nov-19",3.1,3.12,2.95,2.95,36970,0.314637
"08-Nov-19",3.015,3.1,3.01,3.03,43652,0.517739
"11-Nov-19",3.06,3.07,2.92,3.06,12260,0.53366
"12-Nov-19",2.8462,3.0381,2.8462,3.03,8847,0.684357
"13-Nov-19",3.0454,3.0454,3.0454,3.0454,404,0.507705
"14-Nov-19",2.9486,3.03,2.8301,3.03,2720
"15-Nov-19",2.9456,2.97,2.9226,2.97,5905,0.306877,3876
"18-Nov-19",2.95,2.95,2.9,2.93,16461,0.339437
"19-Nov-19",2.95,3.05,2.94,3.05,6688,0.367132
"20-Nov-19",3.02,3.04,2.92,2.92,6121,0.372221
"21-Nov-19",2.97,3.0926,2.9,2.9,5447,0.366264
"22-Nov-19",3.046,3.046,2.95,2.99,1695,0.320563
"25-Nov-19",3.03,3.075,2.9702,2.9702,18394,0.104411
"26-Nov-19",2.988,3.014,2.988,3.014,2108,0.423348
"27-Nov-19",3.025,3.05,3,3.02,13915,0.506543
"28-Nov-19",,,,,,0.556065
"29-Nov-19",3.045,3.07,3.014,3.02,13059,0.318279,3744
"02-Dec-19",2.9974,3.0165,2.95,2.9996,7674,0.549042
"03-Dec-19",2.95,3.03,2.95,3.03,1276,0.673049
"04-Dec-19",2.985,3.036,2.95,2.95,2459,0.348048
"05-Dec-19",2.985,3.01,2.95,2.95,2022,0.268566
"06-Dec-19",2.8601,2.9301,2.85,2.85,2512,0.227924
"09-Dec-19",2.86,2.89,2.76,2.805,19975,0.238331
"10-Dec-19",2.75,2.75,2.65,2.673,25909,0.17977
"11-Dec-19",2.65,2.785,2.65,2.68,15915,0.385635
"12-Dec-19",2.68,2.7675,2.67,2.67,11531,0.627808
"13-Dec-19",2.712,2.775,2.6614,2.68,28968,0.563864,6101
"16-Dec-19",2.74,2.8,2.705,2.7497,13201,0.474226
"17-Dec-19",2.9362,2.9362,2.7,2.7,6956,0.631618
"18-Dec-19",2.793,2.95,2.75,2.75,12707,0.554206
"19-Dec-19",2.8,2.8883,2.8,2.81,1693,0.394904
"20-Dec-19",2.877,3,2.83,3,20414,0.440466
"23-Dec-19",2.94,3,2.8608,2.91,21065,1.055258
"24-Dec-19",2.9183,2.99,2.9183,2.99,2664
"25-Dec-19",,,,,,1.153706
"26-Dec-19",3.01,3.01,2.97,2.97,2118,1.411396
"27-Dec-19",2.92,2.9488,2.7,2.7,11145
"30-Dec-19",2.81,2.87,2.81,2.87,4251,0.848708
"31-Dec-19",2.9146,3.07,2.9146,3.024,20013,0.644736,11289
"01-Jan-20",,,,,,0.654811
"02-Jan-20",2.94,2.95,2.87,2.91,6721,0.614923
"03-Jan-20",2.92,2.9273,2.81,2.81,14894,1.050749
"06-Jan-20",2.88,3.06,2.869,2.9787,45154,1.213873
"07-Jan-20",3.04,3.15,2.9851,3.05,57451,1.377221
"08-Jan-20",3.0193,3.0303,2.95,2.985,4896,1.8178
"09-Jan-20",3.04,3.11,3.04,3.07,31093,1.683663
"10-Jan-20",3.1,3.19,2.95,2.99,82888,1.513432
"13-Jan-20",2.98,3.1099,2.97,3.0699,53143,0.815117
"14-Jan-20",2.98,3.07,2.98,2.99,34935,0.279025
"15-Jan-20",3.04,3.4,2.71,2.83,238574,0.248793,14271
"16-Jan-20",2.8864,2.9689,2.8864,2.95,35823,0.092606
"17-Jan-20",2.95,3.0111,2.9299,2.97,16896,0.04841
"20-Jan-20",,,,,,0.048591
"21-Jan-20",2.99,3.0399,2.9104,2.99,15028,0.092719
"22-Jan-20",2.97,3.0273,2.97,3.02,7846,0.290497
"23-Jan-20",3.04,3.05,2.98,3.0147,55695,0.279807
"24-Jan-20",3.05,3.05,3,3.01,14006,0.061223
"27-Jan-20",3.01,3.05,2.985,3.02,14547,0.032463
"28-Jan-20",3,3.05,3,3.0301,16372,0.032588
"29-Jan-20",3.0452,3.0452,3.033,3.033,971,0.042121
"30-Jan-20",3.04,3.0498,3.04,3.0498,1221,0.042709
"31-Jan-20",3.07,3.07,3.04,3.05,5442,0.042808,1671
"03-Feb-20",3.05,3.071,3.05,3.05,6245,0.04417
"04-Feb-20",3.1,3.1,3.05,3.055,4594,0.024843
"05-Feb-20",3.06,3.14,3.06,3.1,19614,0.035546
"06-Feb-20",3.0509,3.11,3.0458,3.07,8356,0.096805
"07-Feb-20",3.05,3.0999,3.05,3.0703,3981,0.077113
"10-Feb-20",3.0765,3.13,3.07,3.07,15548,0.122883
"11-Feb-20",3.05,3.1299,3.05,3.06,7416,0.124076
"12-Feb-20",3.07,3.086,3.0659,3.085,4953,0.114
"13-Feb-20",3.08,3.08,2.69,2.77,157773,0.091412
"14-Feb-20",2.85,2.86,2.8,2.82,18693,0.194543,2235
"17-Feb-20",,,,,,0.189595
"18-Feb-20",2.8281,2.8281,2.785,2.8099,7372,0.132695
"19-Feb-20",2.8,2.8765,2.75,2.82,28740,0.023156
"20-Feb-20",2.7991,2.7991,2.7,2.7,12338,0.518078
"21-Feb-20",2.7526,2.76,2.7138,2.7599,11382,0.516055
"24-Feb-20",2.71,2.76,2.71,2.7399,13604,0.031486
"25-Feb-20",2.71,2.786,2.71,2.7472,6886,0.031841
"26-Feb-20",2.78,2.7896,2.72,2.73,10908,0.146359
"27-Feb-20",2.75,2.949,2.71,2.78,57610,0.153785
"28-Feb-20",2.87,3.0537,2.8044,2.8044,441154,0.124789,2195
"02-Mar-20",2.924,3.1,2.924,3.02,94163,0.164739
"03-Mar-20",2.8955,2.97,2.88,2.9206,7910,0.797042
"04-Mar-20",2.909,3.09,2.9,3.06,28774,0.423499
"05-Mar-20",3.06,3.36,3.06,3.3109,30611,0.426881
"06-Mar-20",3.32,3.5001,3.1841,3.24,106439,0.38457
"09-Mar-20",3.11,3.13,3.03,3.05,37418,0.252155
"10-Mar-20",2.89,3.09,2.73,2.83,41677,0.023217
"11-Mar-20",2.81,3.0733,2.77,2.88,28043,0.011597
"12-Mar-20",2.94,2.9685,2.53,2.54,62429,0.042564
"13-Mar-20",2.78,2.78,2.53,2.55,39737,0.01961,2702
"16-Mar-20",2.6,2.613,2.2537,2.42,7265,0.056583
"17-Mar-20",2.06,2.6299,2.05,2.37,12483,0.158488
"18-Mar-20",6.28,10.9,5.51,10.3,33787900,0.243714
"19-Mar-20",19.8,23.39,13.6,16,19847530,0.529494
"20-Mar-20",10.61,11,7,7.15,6804904,0.613467
"23-Mar-20",6.26,10.2,6.01,8.8,6504085,1.372297
"24-Mar-20",8.59,8.6,6.5303,7.27,1874732,0.673508
"25-Mar-20",7.82,8.3,6.86,6.95,1387178,0.410839
"26-Mar-20",7.18,7.24,6.03,6.58,1454917,0.252558
"27-Mar-20",6.5,7.45,6.4,6.96,1298895,0.183001
"30-Mar-20",7.6,8,6.9,7.2,1377947,0.098065
"31-Mar-20",7.2,7.2998,6.75,7.15,726484,0.056982,131204
"01-Apr-20",7.15,7.225,6.74,7,513875,0.054998
"02-Apr-20",8.81,9.15,7.05,7.07,5405148,0.05601
"03-Apr-20",7,7.23,6.3,6.6,1067059,0.077061
"06-Apr-20",6.91,7.48,6.65,6.94,1059882,0.174922
"07-Apr-20",7.18,7.35,6.88,7.29,768930,0.127181
"08-Apr-20",7.23,7.44,6.85,7.13,674106,0.075232
"09-Apr-20",7.22,7.48,6.96,7.46,672181,0.099175
"10-Apr-20",,,,,,0.09766
"13-Apr-20",7.72,9.39,7.7,8.95,2864969,0.049173
"14-Apr-20",9.4,9.45,8.08,8.42,1381366,0.067578
"15-Apr-20",8,9,7.51,8.18,1344732,0.119841,452543
"16-Apr-20",8.5,11.47,8.13,8.89,4887771,0.133485
"17-Apr-20",8.83,8.96,8.01,8.19,1282637,0.066539
"20-Apr-20",8.15,8.2035,7.35,8.09,983284,0.098988
"21-Apr-20",7.89,8.27,7.79,8.05,476383,0.098238
"22-Apr-20",7.85,7.9102,7.56,7.83,561799,0.086474
"23-Apr-20",7.8,8.1,7.42,7.83,769102,0.05195
"24-Apr-20",7.89,8.225,7.64,8.09,676994,0.061499
"27-Apr-20",8.12,8.59,7.62,7.85,748671,0.064848
"28-Apr-20",7.76,8.04,7.4,7.81,594111,0.110225
"29-Apr-20",7.77,7.85,7.5202,7.6,509191,0.06512
"30-Apr-20",7.5,7.78,7.3,7.51,415107,0.105666,209548
"01-May-20",7.38,7.4482,7.05,7.32,314419,0.086374
"04-May-20",7.16,7.2318,6.81,6.96,665533,0.08238
"05-May-20",7.093,7.18,6.83,6.83,403888,0.092283
"06-May-20",6.81,6.85,6.46,6.55,277393,0.075556
"07-May-20",8.22,8.3,7.34,7.46,4186139,0.082301
"08-May-20",7.16,7.54,6.95,7.2,600282,0.064724
"11-May-20",7.19,7.49,7.1,7.41,436320,0.135966
"12-May-20",7.38,7.8,7.22,7.72,577273,0.105261
"13-May-20",7.79,7.86,6.9446,7.08,479056,0.128117
"14-May-20",7.02,7.68,7,7.57,361412,0.119361
"15-May-20",7.57,7.57,7.16,7.4,269820,0.1099,113635
"18-May-20",7.43,7.47,7.1,7.37,434985,0.120405
"19-May-20",7.37,7.42,7.16,7.32,236561,0.109101
"20-May-20",7.21,7.31,6.8,6.96,593086,0.106889
"21-May-20",6.88,6.94,6.7,6.84,204802,0.137161
"22-May-20",6.8,6.8,6.5,6.63,256944,0.077549
"25-May-20",,,,,,0.076346
"26-May-20",6.63,6.67,6.4,6.61,337318,0.125507
"27-May-20",6.52,6.7,6.3109,6.62,281862,0.154535
"28-May-20",6.55,6.6,6.45,6.48,126135,0.16311
"29-May-20",6.46,6.52,6.3401,6.47,98095,0.136347,125432
"01-Jun-20",6.48,6.55,6.3275,6.35,218082,0.135901
"02-Jun-20",6.34,6.39,6.1,6.23,222378,0.154064
"03-Jun-20",6.18,6.2799,5.831,6.05,244974,0.153512
"04-Jun-20",6.01,6.01,5.35,5.43,604295,0.150683
"05-Jun-20",5.4,5.72,5.35,5.35,322658,0.205013
"08-Jun-20",5.32,5.6,4.93,5.17,609287,0.18421
"09-Jun-20",5.18,6.345,5.16,6.13,1433407,0.13387
"10-Jun-20",6.25,6.375,5.64,5.77,333679,0.150863
"11-Jun-20",5.55,5.7,5.1,5.32,284339,0.158648
"12-Jun-20",5.25,5.49,5.19,5.35,199925,0.37988
"15-Jun-20",5.48,5.7586,5.42,5.46,299308,0.174815,262721
"16-Jun-20",6.19,6.71,5.87,6.07,2364867,0.237459
"17-Jun-20",5.96,6.05,5.78,5.84,341898,0.20236
"18-Jun-20",5.78,5.92,5.64,5.65,332851,0.211785
"19-Jun-20",5.7,6.3125,5.68,6.06,387369,0.286914
"22-Jun-20",6.45,8.445,6.17,7.34,7261829,0.324765
"23-Jun-20",7.23,7.23,6.58,6.89,1189334,0.383051
"24-Jun-20",6.74,7.815,6.6,7.58,1041625,0.640654
"25-Jun-20",7.7,8.39,7.56,7.67,1393282,0.530119
"26-Jun-20",8,8.0534,7.14,7.37,722308,0.606342
"29-Jun-20",7.36,7.64,7.11,7.49,441315,0.684268
"30-Jun-20",7.41,7.5,7.1,7.25,303647,0.705961,491793
"01-Jul-20",7.17,8.2,7.11,8.15,1464636,0.705692
"02-Jul-20",8.32,8.9,8.22,8.38,1048075,0.667156
"03-Jul-20",,,,,,0.720183
"06-Jul-20",8.3,8.3,7.67,7.8,565999,0.809071
"07-Jul-20",7.63,8.22,7.56,8.04,439532,0.839705
"08-Jul-20",8.05,8.4401,8.05,8.27,474922,0.876843
"09-Jul-20",8.37,8.71,7.96,8.69,481751,0.862324
"10-Jul-20",8.61,8.93,8.3602,8.92,446979,0.89793
"13-Jul-20",9,9.44,8.67,8.7,734375,0.963215
"14-Jul-20",8.58,8.98,8.36,8.7,407276,1.027703
"15-Jul-20",8.73,9.7,8.67,9.56,760873,1.059678,587728
"16-Jul-20",9.9,11.7,9.9,11.31,3559156,1.000529
"17-Jul-20",10.89,11.25,10.4,10.96,836428,1.100808
"20-Jul-20",10.96,12.72,10.96,12.04,1382060,1.158105
"21-Jul-20",12.56,12.75,8.1,9.11,5148892,1.049755
"22-Jul-20",10.01,10.9,9.3,10.23,1932931,1.036195
"23-Jul-20",10.03,10.31,9.27,9.51,693661,1.01711
"24-Jul-20",9.51,9.74,9.13,9.47,489291,1.087155
"27-Jul-20",9.5,9.5,8.654,9.14,769611,1.0256
"28-Jul-20",9,9.25,8.67,8.67,460212,1.065753
"29-Jul-20",8.7,9.06,8.3,8.92,577016,1.053375
"30-Jul-20",8.8,9.53,8.7401,9.34,394589,1.00186
"31-Jul-20",9.45,9.83,9.06,9.11,560308,1.008336,523201
"03-Aug-20",9.14,9.52,8.94,9.25,380150,1.010524
"04-Aug-20",9.18,9.3,8.96,8.98,567091,0.938315
"05-Aug-20",9.09,9.2,8.84,8.86,410494,0.966301
"06-Aug-20",8.8,9.0299,8.58,8.87,334068,0.946482
"07-Aug-20",8.87,9.03,8.63,8.81,257386,0.94016
"10-Aug-20",8.85,8.92,8.39,8.45,452915,1.006923
"11-Aug-20",8.53,8.68,8.16,8.57,379980,1.009975
"12-Aug-20",9.19,9.74,8.91,9.12,3302401,0.942459
"13-Aug-20",9,9.07,8.45,8.48,592209,0.925515
"14-Aug-20",8.37,8.48,7.99,8.22,502749,1.112864,663178
"17-Aug-20",8.19,8.19,7.51,7.51,558588,1.137844
"18-Aug-20",7.46,8.084,7.32,7.94,308767,1.101901
"19-Aug-20",7.97,8.06,7.57,7.78,242148,1.116029
"20-Aug-20",7.67,7.8701,7.61,7.79,184222,1.126037
"21-Aug-20",7.79,7.92,7.61,7.72,341441,1.196014
"24-Aug-20",7.68,7.82,7.21,7.36,271907,1.213324
"25-Aug-20",7.34,7.4297,7.11,7.38,204848,1.131301
"26-Aug-20",7.32,7.85,7.3,7.64,267774,1.161691
"27-Aug-20",7.3,7.62,7.18,7.47,358372,1.273167
"28-Aug-20",7.39,7.55,7.15,7.37,264469,1.205503
"31-Aug-20",7.25,7.465,7.07,7.26,278635,1.280387,738272
"01-Sep-20",6.77,7.0695,6.47,6.695,356330,1.294403
"02-Sep-20",6.6,6.75,6.39,6.45,353782,1.287387
"03-Sep-20",6.37,6.4,5.77,5.86,343135,1.278502
"04-Sep-20",5.92,7.095,5.5,6.89,582859,1.230484
"07-Sep-20",,,,,,1.21343
"08-Sep-20",6.69,6.7999,6.43,6.45,190117,1.219467
"09-Sep-20",6.48,6.82,6.46,6.79,121033,1.186184
"10-Sep-20",6.77,7.027,6.655,6.77,238737,1.283369
"11-Sep-20",6.83,6.93,6.52,6.63,180125,1.203107
"14-Sep-20",6.61,6.89,6.45,6.76,127138,1.211224
"15-Sep-20",6.76,7.05,6.57,6.93,193468,1.238806,806303
"16-Sep-20",6.93,7.1316,6.82,7.04,149926,1.206636
"17-Sep-20",7.02,7.195,6.89,7.09,102746,1.25598
"18-Sep-20",7.09,7.74,7.09,7.56,338951,1.222935
"21-Sep-20",7.36,7.5,6.94,7.19,160873,1.201113
"22-Sep-20",7.18,7.18,6.86,6.9,105471,1.210545
"23-Sep-20",7,7.045,6.51,6.58,121191,1.410469
"24-Sep-20",6.55,6.65,6.41,6.64,86994,1.52012
"25-Sep-20",6.62,7.1,6.58,7.1,86731,1.528617
"28-Sep-20",7.25,7.25,6.8867,7.03,89170,1.549774
"29-Sep-20",6.98,7.25,6.83,7.17,83282,1.639082
"30-Sep-20",7.16,7.16,6.93,6.93,82382,1.547398,665253
"01-Oct-20",6.93,7,6.76,6.97,107931,1.567465
"02-Oct-20",7.01,7.36,6.86,7.35,138292,1.612804
"05-Oct-20",7.35,7.4,7,7.13,107488,1.607461
"06-Oct-20",7.12,7.39,7.12,7.35,166574,1.602429
"07-Oct-20",7.42,7.5513,7.38,7.49,101621,1.60681
"08-Oct-20",7.62,7.84,7.55,7.84,165582,1.623213
"09-Oct-20",7.84,7.88,7.65,7.85,99842,1.653138
"12-Oct-20",7.88,7.88,7.62,7.77,94244,1.667767
"13-Oct-20",7.7,7.9499,7.6101,7.83,116181,1.624276
"14-Oct-20",7.87,7.97,7.65,7.76,123794,1.680802
"15-Oct-20",7.73,7.73,7.27,7.29,347483,1.665033,652981
"16-Oct-20",4.94,6.2,4.41,5.84,1640939,1.585225
"19-Oct-20",5.87,5.99,5.51,5.64,236527,1.915359
"20-Oct-20",5.61,5.74,5.52,5.6,95447,1.85606
"21-Oct-20",5.57,5.5742,5.26,5.51,155895,1.850388
"22-Oct-20",5.53,5.7427,5.43,5.66,71732,2.358439
"23-Oct-20",5.74,5.74,5.5897,5.61,85216,2.504926
"26-Oct-20",5.48,5.57,5.385,5.46,68144,2.575952
"27-Oct-20",5.54,5.54,5.33,5.41,65662,2.486985
"28-Oct-20",5.61,5.62,5.37,5.4,98442,2.503368
"29-Oct-20",5.4,5.62,5.3419,5.59,77146,2.525287
"30-Oct-20",5.3,5.54,5.27,5.46,145106,2.628845,675012
"02-Nov-20",5.46,5.52,5.31,5.45,93749,2.653477
"03-Nov-20",5.41,5.67,5.38,5.66,79398,2.793307
"04-Nov-20",5.73,5.93,5.66,5.85,91132,2.835663
"05-Nov-20",5.87,5.9,5.7247,5.89,66458,2.841491
"06-Nov-20",5.85,6.0999,5.6883,6,123326,2.818205
"09-Nov-20",6.05,6.18,5.8,6.08,184742,2.877576
"10-Nov-20",6.25,6.95,6.0721,6.84,252465,2.948994
"11-Nov-20",6.72,7.19,6.72,7.11,168250,3.011594
"12-Nov-20",7.2,7.3,6.92,7,162301,3.065115
"13-Nov-20",6.96,7.08,6.47,6.72,279769,3.849182,692073
"16-Nov-20",6.77,6.9699,6.7,6.88,48720,4.173093
"17-Nov-20",6.81,6.9434,6.59,6.78,67082,4.328911
"18-Nov-20",6.92,6.92,6.6,6.7,51514,4.524808
"19-Nov-20",6.69,6.8,6.35,6.43,53698,4.528758
"20-Nov-20",6.39,6.89,6.39,6.8,131827,4.550079
"23-Nov-20",6.88,6.88,6.6448,6.67,60765,4.655762
"24-Nov-20",6.66,6.74,6.42,6.54,135822,4.597557
"25-Nov-20",6.63,6.63,6.3,6.5,98096,4.651372
"26-Nov-20",,,,,,4.655395
"27-Nov-20",6.5,6.86,6.37,6.74,64563,5.007686
"30-Nov-20",6.75,7.1,6.6701,6.95,103667,4.486135,799263
"01-Dec-20",7.02,7.02,6.51,6.55,86086,4.457036
"02-Dec-20",6.5,6.86,6.5,6.79,46752,4.55016
"03-Dec-20",6.78,6.9,6.59,6.68,47957,4.531605
"04-Dec-20",6.62,6.95,6.62,6.79,103169,4.813148
"07-Dec-20",6.86,7.3,6.79,7.25,115328,4.843244
"08-Dec-20",7.19,7.1999,6.6834,6.76,118170,4.738902
"09-Dec-20",6.76,6.8217,6.35,6.37,93945,4.881285
"10-Dec-20",6.3,6.5,6.3,6.36,61314,4.87706
"11-Dec-20",6.3,6.36,6.035,6.15,55044,4.973776
"14-Dec-20",6.24,6.36,5.701,5.71,121003,5.709257
"15-Dec-20",5.79,5.84,5.6302,5.73,162875,5.386771,769454
"16-Dec-20",5.76,5.84,5.46,5.54,110657,5.346755
"17-Dec-20",5.51,5.66,5.51,5.59,116069,5.270415
"18-Dec-20",5.63,5.63,5.38,5.38,103693,5.121476
"21-Dec-20",5.3,5.4524,5.12,5.13,110478,5.581001
"22-Dec-20",5.19,5.23,4.82,4.92,160308,5.121688
"23-Dec-20",4.96,5.19,4.96,5.15,153600,5.083238
"24-Dec-20",5.19,5.24,4.9501,4.97,104715,4.510278
"25-Dec-20",,,,,,4.512848
"28-Dec-20",5,5.095,4.6,4.71,250815,4.282743
"29-Dec-20",4.7,5.02,4.7,4.94,197068,4.401307
"30-Dec-20",4.89,5,4.71,4.88,174506,4.219591
"31-Dec-20",4.82,5.05,4.81,4.98,299945,4.250814,718332
"01-Jan-21",,,,,,4.171037
"04-Jan-21",5,5.09,4.95,5.06,168320,4.130866
"05-Jan-21",5.04,5.23,5.01,5.09,102565,4.143398
"06-Jan-21",5.07,5.48,5.03,5.14,169518,3.774242
"07-Jan-21",5.3,5.47,5.225,5.47,116575,3.776405
"08-Jan-21",5.47,5.4803,5.24,5.33,107676,3.799178
"11-Jan-21",5.28,5.32,5.01,5.14,107917,3.723901
"12-Jan-21",6.54,7.79,6.14,6.54,12917280,1.920275
"13-Jan-21",6.54,6.55,5.86,6.27,1055577,1.598181
"14-Jan-21",6.19,6.27,5.76,6.06,447276,2.51082
"15-Jan-21",6.1,6.11,5.57,5.7,420808,2.887154,969164
"18-Jan-21",,,,,,3.21171
"19-Jan-21",5.72,6.19,5.72,6.09,364628,3.022965
"20-Jan-21",6.1,6.24,5.9501,6.16,165339,3.117747
"21-Jan-21",6.05,6.49,6.05,6.2,371557,3.153598
"22-Jan-21",6.22,7.08,6.22,6.98,767860,2.777669
"25-Jan-21",7.29,7.7,6.8,7.5,793687,2.731316
"26-Jan-21",7.66,7.69,7.01,7.28,401739,3.189653
"27-Jan-21",7.21,7.65,7.01,7.12,415660,3.286536
"28-Jan-21",7.08,7.1,6.35,6.72,358534,2.876836
"29-Jan-21",6.68,7.09,6.66,6.8,163417,2.778237,1267669
"01-Feb-21",6.79,6.97,6.65,6.75,87876,2.977207
"02-Feb-21",6.89,7.15,6.755,6.94,189134,2.772054
"03-Feb-21",7.07,7.47,6.8974,7.37,229372,2.749545
"04-Feb-21",7.4,7.5,7.12,7.31,106446,2.741353
"05-Feb-21",7.29,7.7084,7.21,7.63,228456,2.446723
"08-Feb-21",7.63,7.88,7.45,7.8,206306,2.469872
"09-Feb-21",7.81,7.93,7.68,7.78,156615,2.175492
"10-Feb-21",7.71,8.09,7.4,8,277463,2.304217
"11-Feb-21",8.11,8.15,7.6,7.6,155849,1.797671
"12-Feb-21",7.7,8.04,7.6101,7.86,124389,2.082864,1170331
"15-Feb-21",,,,,,2.05197
"16-Feb-21",8,8.07,7.67,7.83,168089,1.93962
"17-Feb-21",7.68,7.82,7.3,7.53,127907,1.908472
"18-Feb-21",7.37,7.4999,7.19,7.32,98228,2.227007
"19-Feb-21",7.35,7.53,6.84,6.97,161762,2.198857
"22-Feb-21",6.97,7.225,6.62,6.69,156506,2.327298
"23-Feb-21",6.59,6.61,6.12,6.38,212469,2.490343
"24-Feb-21",6.43,6.61,6.36,6.48,74671,2.48898
"25-Feb-21",6.62,6.68,6.2,6.27,47527,2.74333
"26-Feb-21",6.24,6.44,5.96,6.13,88237,2.342633,1126513
"01-Mar-21",6.36,6.71,6.2382,6.29,114784,2.271361
"02-Mar-21",6.34,6.49,6.1318,6.19,50778,2.238435
"03-Mar-21",6.11,6.24,5.9,5.91,97361,1.891387
"04-Mar-21",5.93,6.04,5.6063,5.84,105971,1.495704
"05-Mar-21",5.79,5.79,5.1806,5.5,143910,2.429415
"08-Mar-21",5.47,5.74,5.46,5.53,53542,1.614604
"09-Mar-21",5.6,5.94,5.5001,5.89,75040,1.869183
"10-Mar-21",5.95,6.29,5.95,6.1,75837,1.694897
"11-Mar-21",6.21,6.37,5.98,6.12,85110,1.386156
"12-Mar-21",6.12,6.24,5.97,6.02,71047,1.376421
"15-Mar-21",6,6.15,5.97,6.01,34669,1.399321,1029361
"16-Mar-21",6.12,6.64,5.9,6.42,120822,1.483973
"17-Mar-21",6.35,6.55,6.2,6.46,59374,1.552698
"18-Mar-21",6.45,6.51,6.21,6.29,33842,2.111162
"19-Mar-21",6.27,6.78,6.26,6.76,105721,2.613222
"22-Mar-21",6.69,6.69,6.35,6.4,43509,2.342966
"23-Mar-21",6.39,6.76,6.25,6.36,63423,1.991517
"24-Mar-21",6.43,6.45,5.8501,5.9,51756,2.040673
"25-Mar-21",5.8,6.18,5.76,5.83,108934,2.292468
"26-Mar-21",5.8534,5.8534,5.52,5.56,76681,1.906229
"29-Mar-21",5.6,5.6,5.37,5.39,37701,1.872093
"30-Mar-21",5.37,5.43,5.175,5.24,54834,1.882226
"31-Mar-21",5.24,5.54,5.24,5.46,41359,2.317276,919227
"01-Apr-21",5.53,5.99,5.52,5.895,53670,1.981443
"02-Apr-21",,,,,,1.981443
"05-Apr-21",5.98,7.05,5.55,5.675,1365950,1.56502
"06-Apr-21",5.77,5.77,5.5,5.59,179872,1.508539
"07-Apr-21",5.52,5.56,5.3,5.34,95401,1.550004
"08-Apr-21",5.49,5.49,5.21,5.32,101477,1.732327
"09-Apr-21",5.36,5.4124,5.2,5.37,52286,1.923592
"12-Apr-21",5.44,5.44,5.05,5.14,134291,1.728668
"13-Apr-21",5.23,5.25,4.83,4.96,114282,3.128015
"14-Apr-21",4.95,5.21,4.95,5.11,67016,3.201892
"15-Apr-21",5.05,5.436,4.68,4.76,507846,4.804763,1021361
"16-Apr-21",4.7,4.87,4.68,4.74,101744,4.711734
"19-Apr-21",4.75,4.848,4.52,4.69,175154,5.214549
"20-Apr-21",4.69,4.69,4.28,4.28,146286,5.377325
"21-Apr-21",4.34,4.5,4.34,4.4,129826,5.23563
"22-Apr-21",4.38,4.45,4.25,4.28,184671,4.711085
"23-Apr-21",4.3,4.47,4.22,4.4,109317,5.18745
"26-Apr-21",4.48,4.87,4.351,4.76,204516,5.368721
"27-Apr-21",4.8,4.85,4.57,4.68,75324,5.585982
"28-Apr-21",4.6,4.9999,4.6,4.77,77438,5.665006
"29-Apr-21",4.77,4.83,4.66,4.7,47366,5.912059
"30-Apr-21",4.66,4.84,4.66,4.66,57231,6.31033,998264
"03-May-21",4.63,4.93,4.62,4.69,73389,5.982252
"04-May-21",4.6,4.6,4.38,4.43,58808,5.873185
"05-May-21",4.5,4.65,4.44,4.52,44688,5.859867
"06-May-21",4.52,4.52,4.2,4.34,120698,5.880551
"07-May-21",4.36,4.49,4.32,4.4,18447,4.996248
"10-May-21",4.33,4.33,4.11,4.12,79960,5.078337
"11-May-21",4.5,4.65,3.3,3.41,5317667,3.239863
"12-May-21",3.96,4.17,3.66,3.78,3937396,2.784481
"13-May-21",3.81,3.8794,3.3301,3.6,525098,2.899023
"14-May-21",3.55,3.65,3.5,3.55,121844,3.344715,986630
"17-May-21",3.46,3.48,3.37,3.43,166859,3.251086
"18-May-21",3.41,3.72,3.41,3.61,152451,3.085469
"19-May-21",3.51,3.7,3.43,3.67,77384,3.094378
"20-May-21",3.61,3.67,3.57,3.65,75280,3.216994
"21-May-21",3.67,3.82,3.56,3.76,118767,3.13649
"24-May-21",3.81,3.81,3.51,3.6,92027,3.076191
"25-May-21",3.56,3.5791,3.46,3.46,49152,3.058418
"26-May-21",3.54,3.54,3.42,3.51,107314,3.039411
"27-May-21",3.46,3.7051,3.46,3.66,103271,2.967483
"28-May-21",3.62,3.72,3.6,3.65,93727,3.043485,828033
"31-May-21",,,,,,3.043485
"01-Jun-21",3.66,3.7,3.5,3.65,84930,3.156628
"02-Jun-21",3.58,3.71,3.5,3.52,130104,3.038769
"03-Jun-21",3.567,3.63,3.5,3.63,84311,2.953797
"04-Jun-21",3.63,3.7,3.58,3.69,131367,2.881401
"07-Jun-21",3.63,3.84,3.55,3.74,190920,2.835207
"08-Jun-21",3.84,3.9617,3.75,3.92,151113,3.025964
"09-Jun-21",3.91,3.9769,3.8273,3.95,77980,3.036535
"10-Jun-21",3.9,5.05,3.83,4.63,1744520,2.815962
"11-Jun-21",4.51,4.53,3.915,4.07,537026,2.718931
"14-Jun-21",4.09,4.19,4.05,4.1,118425,2.800087
"15-Jun-21",4.15,4.3,3.97,4.06,211396,2.856936,958170
"16-Jun-21",3.99,4.01,3.8,3.85,65355,2.926606
"17-Jun-21",3.81,3.93,3.75,3.87,66926,3.501331
"18-Jun-21",3.81,4.06,3.8001,3.97,217194,3.552683
"21-Jun-21",3.93,4.01,3.87,3.89,78697,3.727342
"22-Jun-21",3.925,3.94,3.85,3.92,58323,3.791185
"23-Jun-21",3.87,4.16,3.85,4.14,131381,3.801918
"24-Jun-21",4.13,4.2,3.92,4.07,225192,3.692154
"25-Jun-21",3.98,4.15,3.93,3.93,121384,3.616058
"28-Jun-21",3.99,4.09,3.96,4.05,41103,3.560558
"29-Jun-21",4.06,4.16,3.99,3.99,28747,3.526772
"30-Jun-21",4,4.11,3.99,4.01,30113,3.520945,953348
"01-Jul-21",4.04,4.34,4.0307,4.21,276296,3.46787
"02-Jul-21",4.21,4.21,3.9,3.9,202070,3.435537
"06-Jul-21",3.88,3.8872,3.75,3.82,60835,3.572093
"07-Jul-21",3.84,3.84,3.6,3.61,79677,3.593266
"08-Jul-21",3.56,3.7,3.5,3.54,40770,3.600294
"09-Jul-21",3.57,3.84,3.57,3.75,72951,3.658936
"12-Jul-21",3.77,3.82,3.68,3.72,35808,3.712971
"13-Jul-21",3.76,3.85,3.7,3.71,71600,3.774678
"14-Jul-21",3.73,3.75,3.58,3.58,43484,3.709656
"15-Jul-21",3.56,3.64,3.5,3.56,55986,3.659253,986895
"16-Jul-21",3.58,3.93,3.51,3.78,187418,3.805893
"19-Jul-21",3.76,4.07,3.6647,3.86,278262,3.5232
"20-Jul-21",3.87,4,3.7939,3.81,85787,3.655277
"21-Jul-21",3.76,4.54,3.76,3.85,966488,3.611478
"22-Jul-21",3.82,4.22,3.6,3.91,728689,3.606007
"23-Jul-21",3.87,3.93,3.61,3.67,212574,3.668062
"26-Jul-21",3.79,3.81,3.55,3.61,137183,3.848541
"27-Jul-21",3.55,3.78,3.52,3.55,216717,3.945375
"28-Jul-21",3.53,3.64,3.5,3.58,94851,3.994273
"29-Jul-21",3.6476,3.6749,3.57,3.63,66997,4.131501
"30-Jul-21",3.58,3.91,3.58,3.75,247626,4.094428,1118217
"02-Aug-21",3.66,3.86,3.65,3.7,212118,4.055815
"03-Aug-21",3.67,3.89,3.67,3.69,255462,4.046578
"04-Aug-21",3.7,3.7931,3.58,3.64,146868,4.048937
"05-Aug-21",3.68,4.15,3.61,3.95,336370,3.980046
"06-Aug-21",3.95,4.07,3.8541,3.94,51296,4.024612
"09-Aug-21",3.9,4.0499,3.8418,4.03,96693,4.028614
"10-Aug-21",4.01,4.05,3.9,3.97,59501,3.958897
"11-Aug-21",4.05,4.05,3.82,4.02,119162,3.959248
"12-Aug-21",3.96,4.1922,3.9368,4.12,79657,5.265995
"13-Aug-21",4.16,4.16,4,4.06,54008,7.035355,1121913
"16-Aug-21",4.01,4.01,3.84,3.9,38133,7.304528
"17-Aug-21",3.88,4.181,3.82,4.08,155879,7.303401
"18-Aug-21",4.13,4.13,3.97,4.05,31490,7.401605
"19-Aug-21",3.97,4,3.84,3.96,85507,7.265056
"20-Aug-21",3.94,3.95,3.87,3.92,32859,7.316529
"23-Aug-21",3.88,4.27,3.88,4.24,98096,7.35833
"24-Aug-21",4.26,4.2683,4.15,4.23,57190,7.399869
"25-Aug-21",4.24,4.27,4.1701,4.27,78607,7.323587
"26-Aug-21",4.3,4.36,4.2,4.25,43183,7.309283
"27-Aug-21",4.23,4.34,4.2,4.26,57659,7.284316
"30-Aug-21",4.11,4.47,4.101,4.36,120593,7.20963
"31-Aug-21",4.39,4.74,4.3381,4.48,113745,7.089166,1101414
"01-Sep-21",4.48,4.6999,4.45,4.6,36405,7.164339
"02-Sep-21",4.6,4.79,4.51,4.57,62075,7.276433
"03-Sep-21",4.62,4.79,4.62,4.72,71950,7.295151
"06-Sep-21",,,,,,7.215992
"07-Sep-21",4.67,4.685,4.368,4.39,41476,7.23797
"08-Sep-21",4.43,4.43,4.2,4.35,28618,7.321566
"09-Sep-21",4.34,4.66,4.34,4.51,20799,7.386718
"10-Sep-21",4.5,4.58,4.46,4.54,24104,7.419383
"13-Sep-21",4.59,4.63,4.3497,4.58,95860,9.184439
"14-Sep-21",4.4,4.45,4.05,4.08,82249,9.197074
"15-Sep-21",4.06,4.21,4.06,4.12,24688,9.171557,974481
"16-Sep-21",4.11,4.25,4.09,4.2,21782,9.3502
"17-Sep-21",4.25,4.66,4.25,4.65,139137,9.223846
"20-Sep-21",4.5,4.59,4.35,4.38,26219,9.322486
"21-Sep-21",4.39,4.6846,4.36,4.49,25437,8.941267
"22-Sep-21",4.52,4.66,4.3686,4.61,40761,8.962863
"23-Sep-21",4.66,4.67,4.54,4.63,16770,9.015439
"24-Sep-21",4.57,5.17,4.5668,5.13,220342,8.852489
"27-Sep-21",5.1,5.38,4.86,4.98,94872,9.174646
"28-Sep-21",5.01,5.1,4.77,4.79,27513,8.682152
"29-Sep-21",4.76,4.954,4.66,4.66,34130,8.603147
"30-Sep-21",4.72,4.8299,4.46,4.5,31417,8.617083,794282
"01-Oct-21",6.26,6.6,5.54,6.21,95297460,0.817264
"04-Oct-21",6.11,6.17,5.22,5.63,3738618,0.801682
"05-Oct-21",5.63,7.38,5.46,5.93,15105850,1.041372
"06-Oct-21",5.71,6.7,5.52,6.61,2853907,1.419297
"07-Oct-21",6.66,7.04,5.9,6.17,1598364,1.275694
"08-Oct-21",6.5,7.14,6.25,6.71,1879728,1.045938
"11-Oct-21",6.48,6.66,6.05,6.24,533420,1.039312
"12-Oct-21",6.12,6.45,5.78,5.88,723483,0.882522
"13-Oct-21",5.98,6.03,5.43,6.02,637696,0.905047
"14-Oct-21",5.98,6.19,5.61,5.65,376295,0.886746
"15-Oct-21",5.47,5.8,5.26,5.54,878730,0.860176,1323710
"18-Oct-21",5.4,5.7,5.3,5.68,265623,0.894813
"19-Oct-21",5.98,6.1,5.32,5.5,1306306,0.88243
"20-Oct-21",5.44,5.44,5.01,5.12,704999,0.891062
"21-Oct-21",4.935,5.2699,4.92,5.2,268167,0.901455
"22-Oct-21",5.14,5.15,4.75,4.81,407081,0.890054
"25-Oct-21",4.81,4.8509,4.34,4.36,698705,0.863586
"26-Oct-21",4.37,4.46,4.27,4.4,217312,0.809237
"27-Oct-21",4.44,4.5,4.33,4.48,183187,0.741464
"28-Oct-21",4.5,4.57,4.4,4.45,103119,0.714637
"29-Oct-21",4.41,4.64,4.41,4.59,139887,0.701215
"16-Nov-21",,,,,,,,,0