"Date","open ABM Price in USD","high ABM Price in USD","low ABM Price in USD","close ABM Price in USD","ABM Volume","Days to cover 3m (on loan)","Cost To Borrow","Exchange Reported SI","Estimated Short Interest","Dividends","hidden"
"07-Nov-11",,,,,,,,,,
"13-Dec-11",,,,,,,,,,
"03-Jan-12",,,,,,,,,,
"06-Feb-12",,,,,,,,,,
"05-Mar-12",,,,,,,,,,
"03-Apr-12",,,,,,,,,,
"07-May-12",,,,,,,,,,
"06-Jun-12",,,,,,,,,,
"02-Jul-12",,,,,,,,,,
"06-Aug-12",,,,,,,,,,
"05-Sep-12",,,,,,,,,,
"02-Oct-12",,,,,,,,,,
"05-Nov-12",,,,,,,,,,
"10-Dec-12",,,,,,,,,,
"19-Dec-12",,,,,,,,,,
"28-Dec-12",,,,,,,,,,
"04-Mar-13",,,,,,,,,,
"02-Apr-13",,,,,,,,,,
"06-May-13",,,,,,,,,,
"03-Jun-13",,,,,,,,,,
"02-Jul-13",,,,,,,,,,
"05-Aug-13",,,,,,,,,,
"03-Sep-13",,,,,,,,,,
"01-Oct-13",,,,,,,,,,
"04-Nov-13",,,,,,,,,,
"09-Dec-13",,,,,,,,,,
"30-Dec-13",,,,,,,,,,
"03-Feb-14",,,,,,,,,,
"04-Mar-14",,,,,,,,,,
"01-Apr-14",,,,,,,,,,
"05-May-14",,,,,,,,,,
"03-Jun-14",,,,,,,,,,
"01-Jul-14",,,,,,,,,,
"04-Aug-14",,,,,,,,,,
"03-Sep-14",,,,,,,,,,
"30-Sep-14",,,,,,,,,,
"03-Nov-14",,,,,,,,,,
"08-Dec-14",,,,,,,,,,
"30-Dec-14",,,,,,,,,,
"02-Jan-15",28.69,28.91,28.19,28.42,171002
"05-Jan-15",28.28,28.75,28.22,28.47,272391
"06-Jan-15",28.71,28.89,28.06,28.61,636409
"07-Jan-15",28.77,29.13,28.63,29.08,205235
"08-Jan-15",29.33,29.47,29.1,29.44,176895
"09-Jan-15",29.52,29.96,29.14,29.27,250362
"12-Jan-15",29.18,29.84,28.95,29.43,349502
"13-Jan-15",29.75,30.27,29.35,29.84,261648
"14-Jan-15",29.46,29.68,29.22,29.6,142619
"15-Jan-15",29.57,29.6799,28.98,29.1,209003
"16-Jan-15",28.93,29.63,28.904,29.59,175009
"20-Jan-15",29.7,29.7,29,29.06,223599
"21-Jan-15",28.98,29.29,28.816,29.1,136784
"22-Jan-15",29.1,29.67,28.9101,29.64,164425
"23-Jan-15",29.6,29.795,29.29,29.49,145903
"26-Jan-15",29.41,29.51,29.065,29.43,207939
"27-Jan-15",29.19,29.41,29.02,29.33,146593
"28-Jan-15",29.45,29.54,28.77,29.01,170452
"29-Jan-15",29.01,29.5,28.99,29.48,160886
"30-Jan-15",29.22,29.41,28.82,28.87,210033
"02-Feb-15",28.94,29.37,28.63,29.31,175266,,,,,
"03-Feb-15",29.44,30.31,29.44,30.22,230202
"04-Feb-15",30.04,30.2,29.72,29.79,267953
"05-Feb-15",29.96,30.1911,29.87,30,189662
"06-Feb-15",30.09,30.35,29.812,30.13,282199
"09-Feb-15",30.05,30.32,29.74,29.81,106864
"10-Feb-15",30.02,30.02,29.25,29.64,199927
"11-Feb-15",29.64,29.66,29.37,29.54,100991
"12-Feb-15",29.61,29.78,29.41,29.74,144233
"13-Feb-15",29.72,29.89,29.46,29.57,164885
"17-Feb-15",29.59,30.27,29.52,30.12,174774
"18-Feb-15",30.08,30.63,30.0601,30.63,172185
"19-Feb-15",30.57,30.71,30.36,30.69,174898
"20-Feb-15",30.59,30.72,30.32,30.62,142810
"23-Feb-15",30.5,30.94,30.25,30.93,130936
"24-Feb-15",30.93,31.37,30.89,31.12,197874
"25-Feb-15",31.2,31.41,30.7,30.73,148008
"26-Feb-15",30.78,31.21,30.45,31.12,119361
"27-Feb-15",31.05,31.23,30.79,31.09,189125
"02-Mar-15",31.13,31.42,30.85,31.16,183800
"03-Mar-15",31.09,31.2,30.7499,31.11,184024,,,,,
"04-Mar-15",31.55,31.55,28.98,29.37,452923
"05-Mar-15",29.5,29.85,29.28,29.8,234377
"06-Mar-15",29.54,29.81,29.3,29.37,219646
"09-Mar-15",29.38,29.61,29.27,29.4,198076
"10-Mar-15",29.1,29.29,28.9401,29.11,208030
"11-Mar-15",29.1,29.45,29,29.38,160124
"12-Mar-15",29.62,30.19,29.41,30.01,177513
"13-Mar-15",30.03,30.03,29.33,29.72,132389
"16-Mar-15",29.91,30.38,29.624,30.19,216991
"17-Mar-15",30.53,31.35,30.53,31.07,452065
"18-Mar-15",31.03,31.77,30.8,31.61,326862
"19-Mar-15",31.61,32.08,31.52,31.71,312844
"20-Mar-15",31.9,32.25,31.75,32.23,361590
"23-Mar-15",32.27,32.5,32.0601,32.17,240659
"24-Mar-15",32.17,32.49,32.01,32.38,171160
"25-Mar-15",32.52,32.52,31.6,31.6,148803
"26-Mar-15",31.56,31.95,31.24,31.73,198387
"27-Mar-15",31.63,32.27,31.382,32,246952
"30-Mar-15",32.14,32.43,31.748,32.33,145766
"31-Mar-15",31.87,31.98,31.39,31.86,492173,,,,,
"01-Apr-15",31.89,32.11,31.64,31.92,266744
"02-Apr-15",32.02,32.2,31.9,32.02,251194
"06-Apr-15",31.97,32.275,31.872,32.12,591560
"07-Apr-15",32.12,32.13,31.77,31.82,288613
"08-Apr-15",31.77,32.52,31.676,32.44,309744
"09-Apr-15",32.46,32.73,32.32,32.43,882274
"10-Apr-15",32.46,32.52,31.86,31.89,289256
"13-Apr-15",31.96,32.22,31.67,31.99,227626
"14-Apr-15",31.97,32.13,31.74,32.04,193556
"15-Apr-15",32.11,32.22,31.92,32.11,265287
"16-Apr-15",31.99,31.99,31.69,31.81,124366
"17-Apr-15",31.57,31.69,31.06,31.25,270762
"20-Apr-15",31.4,31.59,31,31.44,159546
"21-Apr-15",31.53,32.12,31.365,32.02,173728
"22-Apr-15",32,32.015,31.62,31.87,169130
"23-Apr-15",31.86,32.26,31.71,32.12,201956
"24-Apr-15",32.23,32.23,31.75,31.95,139441
"27-Apr-15",32.16,32.42,31.83,31.95,295387
"28-Apr-15",31.96,32.29,31.96,32.26,269487
"29-Apr-15",32.23,32.385,31.97,32.11,331470
"30-Apr-15",32,32.1648,31.63,32.05,378039
"01-May-15",32.16,32.32,32.04,32.17,292758
"04-May-15",32.25,32.58,32.1716,32.32,208803,,,,,
"05-May-15",32.25,32.42,32.02,32.15,404217
"06-May-15",32.2,32.25,32.01,32.23,295605
"07-May-15",32.2,32.4199,32.09,32.31,225391
"08-May-15",32.6,32.6,32.13,32.14,231164
"11-May-15",32.13,32.23,32,32.02,182369
"12-May-15",31.89,32.04,31.34,32.02,184127
"13-May-15",32.07,32.13,31.58,31.87,183905
"14-May-15",32.01,32.37,31.9,32.29,190606
"15-May-15",32.26,32.325,31.91,31.99,137704
"18-May-15",31.9,32.14,31.72,32.01,183308
"19-May-15",32.11,32.54,32.02,32.52,408377
"20-May-15",32.67,33.03,32.51,32.96,208797
"21-May-15",33,33.08,32.575,32.64,320509
"22-May-15",32.54,32.7099,32.2,32.49,343947
"26-May-15",32.32,32.51,32.05,32.24,157690
"27-May-15",32.41,32.86,32.16,32.79,175193
"28-May-15",32.67,32.86,32.47,32.71,147813
"29-May-15",32.72,32.83,32.34,32.44,253726
"01-Jun-15",32.6,32.79,32.31,32.5,361805
"02-Jun-15",32.43,32.48,32.21,32.39,159033,,,,,
"03-Jun-15",32.54,33.3,32.05,33.16,495293
"04-Jun-15",33,33,32.52,32.71,157718
"05-Jun-15",32.71,33.01,32.52,32.71,214211
"08-Jun-15",32.69,32.94,32.5345,32.55,209877
"09-Jun-15",32.5,32.94,32.32,32.91,141674
"10-Jun-15",33.02,33.42,33,33.24,219407
"11-Jun-15",33.26,33.45,32.98,33.32,181802
"12-Jun-15",33.19,33.19,32.85,33.03,140576
"15-Jun-15",32.82,32.95,32.19,32.89,196555
"16-Jun-15",32.83,32.97,32.55,32.96,168264
"17-Jun-15",33.02,33.08,32.752,32.84,100134
"18-Jun-15",32.95,33.39,32.92,33.28,199523
"19-Jun-15",33.33,33.48,33,33.34,251815
"22-Jun-15",33.5,33.69,33.34,33.42,123483
"23-Jun-15",33.46,33.64,33.3,33.61,292061
"24-Jun-15",33.57,33.67,33.18,33.35,198293
"25-Jun-15",33.4,33.67,33.26,33.54,241239
"26-Jun-15",33.56,33.64,33.14,33.32,482594
"29-Jun-15",33.14,33.45,32.83,32.85,249408
"30-Jun-15",33.17,33.5,32.76,32.87,424892,,,,,
"01-Jul-15",33.05,33.22,32.665,32.79,233969
"02-Jul-15",32.87,32.91,32.25,32.64,374009
"06-Jul-15",32.44,32.73,32.28,32.41,148734
"07-Jul-15",32.43,32.43,31.88,32.09,208421
"08-Jul-15",31.92,32.28,31.846,32.02,240900
"09-Jul-15",32.35,32.445,31.72,31.77,519844
"10-Jul-15",32.06,32.35,31.814,32.17,650232
"13-Jul-15",32.4,32.76,32.18,32.47,397341
"14-Jul-15",32.43,32.72,32.298,32.66,122627
"15-Jul-15",32.7,32.7,32.29,32.42,166946
"16-Jul-15",32.64,32.83,32.59,32.73,161225
"17-Jul-15",32.78,32.82,32.53,32.62,174778
"20-Jul-15",32.62,32.62,32.47,32.57,122512
"21-Jul-15",32.56,32.74,32.19,32.3,119462
"22-Jul-15",32.26,32.83,32.26,32.81,135078
"23-Jul-15",32.81,32.85,32.32,32.59,195344
"24-Jul-15",32.59,32.61,32.24,32.25,267113
"27-Jul-15",32.12,32.45,32.095,32.37,232735
"28-Jul-15",32.51,32.65,32.1,32.58,199769
"29-Jul-15",32.52,33,32.31,32.94,223902
"30-Jul-15",32.81,33.2,32.71,32.99,252785
"31-Jul-15",33.09,33.31,32.81,32.96,191553
"03-Aug-15",32.96,33.1418,32.5,32.87,237729,,,,,
"04-Aug-15",32.84,33.24,32.6811,32.93,222805
"05-Aug-15",33.14,33.47,32.72,33.24,223657
"06-Aug-15",33.28,33.84,33.08,33.21,233273
"07-Aug-15",33.03,33.21,32.83,33.03,199527
"10-Aug-15",33.2,33.56,33.2,33.53,203369
"11-Aug-15",33.27,33.37,33.15,33.32,166488
"12-Aug-15",33.08,33.21,32.54,33.06,179563
"13-Aug-15",33.06,33.25,32.79,33,131125
"14-Aug-15",33.12,33.74,32.7,33.67,201393
"17-Aug-15",33.52,33.8895,33.29,33.8,117570
"18-Aug-15",33.7,34,33.65,33.76,213008
"19-Aug-15",33.51,33.7,33.29,33.45,74872
"20-Aug-15",33.16,33.26,32.96,32.96,116961
"21-Aug-15",32.42,33.09,31.92,32.93,354043
"24-Aug-15",31.75,32.75,31.39,31.85,455142
"25-Aug-15",32.75,32.8,31.49,31.51,312177
"26-Aug-15",32.03,32.135,31.16,32.09,422214
"27-Aug-15",32.28,32.37,31.55,32.07,430145
"28-Aug-15",31.97,32.04,31.62,31.92,345971
"31-Aug-15",31.79,32.17,31.655,32.01,262716
"01-Sep-15",31.61,31.77,31.02,31.11,277454
"02-Sep-15",31.35,31.36,30.67,31.17,535260,,,,,
"03-Sep-15",29.5,30.65,28.66,30.25,1827997
"04-Sep-15",29.94,30.08,29.21,29.24,1105673
"08-Sep-15",29.65,30.03,29.65,29.74,551753
"09-Sep-15",29.81,30.02,29.68,29.72,617477
"10-Sep-15",29.73,29.84,29.5,29.55,886365
"11-Sep-15",29.45,29.73,29.45,29.64,704675
"14-Sep-15",29.8,30.13,29.632,29.66,562977
"15-Sep-15",29.64,30,29.56,29.9,381666
"16-Sep-15",29.96,30.1,29.83,29.99,508324
"17-Sep-15",30.04,30.25,29.86,29.89,331747
"18-Sep-15",29.61,29.8,29.39,29.54,688704
"21-Sep-15",29.81,29.84,29.37,29.41,406991
"22-Sep-15",29.26,29.34,28.84,28.92,316288
"23-Sep-15",28.93,29.1,28.86,28.93,385759
"24-Sep-15",28.85,28.88,28.54,28.69,334227
"25-Sep-15",28.83,29,28.53,28.7,670970
"28-Sep-15",28.65,28.65,27.92,27.94,518819
"29-Sep-15",27.85,28.08,27.67,27.72,568341,,,,,
"30-Sep-15",27.89,27.95,26.95,27.31,990698
"01-Oct-15",27.38,27.46,27,27.21,634530
"02-Oct-15",27.05,27.63,26.71,27.58,814612
"05-Oct-15",27.78,28.22,27.78,28.19,374558
"06-Oct-15",28.17,28.34,27.94,28.04,341569
"07-Oct-15",28.13,28.56,28.07,28.33,617744
"08-Oct-15",28.28,28.95,28.27,28.93,355135
"09-Oct-15",28.98,29.09,28.75,28.76,284379
"12-Oct-15",28.74,29,28.66,28.81,275315
"13-Oct-15",28.73,28.91,28.51,28.52,256563
"14-Oct-15",28.48,28.7,28.22,28.23,406753
"15-Oct-15",28.31,28.5,28.16,28.44,333117
"16-Oct-15",28.46,28.52,28.09,28.52,449636
"19-Oct-15",28.4,28.69,28.22,28.68,349381
"20-Oct-15",28.6,28.7583,28.3,28.34,336613
"21-Oct-15",28.45,28.55,28.04,28.04,236256
"22-Oct-15",28.11,28.6,28.07,28.56,283350
"23-Oct-15",28.71,28.88,28.44,28.49,199181
"26-Oct-15",28.48,28.83,28.396,28.78,395546
"27-Oct-15",28.57,28.62,28.25,28.57,374302
"28-Oct-15",28.69,29.3,28.6,28.88,470461
"29-Oct-15",28.21,28.21,26.98,27.89,936512
"30-Oct-15",27.94,28.49,27.78,28.4,549006
"02-Nov-15",28.36,28.84,28.284,28.64,345819,,,,,
"03-Nov-15",28.6,28.86,28.27,28.46,226103
"04-Nov-15",28.46,28.53,28.14,28.4,187276
"05-Nov-15",28.44,28.62,28.25,28.53,127732
"06-Nov-15",28.38,28.715,28.16,28.64,268967
"09-Nov-15",28.58,28.71,28.3,28.42,276460
"10-Nov-15",28.3,28.74,28.23,28.73,258331
"11-Nov-15",28.82,29.0195,28.69,28.83,151716
"12-Nov-15",28.52,28.79,28.4,28.77,306265
"13-Nov-15",28.63,28.84,28.43,28.46,192087
"16-Nov-15",28.46,28.83,28.37,28.81,135945
"17-Nov-15",28.84,28.92,28.6,28.86,203174
"18-Nov-15",28.9,29.15,28.8,29.11,256796
"19-Nov-15",29.12,29.26,28.96,29.25,222145
"20-Nov-15",29.4,29.77,29.4,29.76,224176
"23-Nov-15",29.71,29.8,29.38,29.5,185458
"24-Nov-15",29.45,29.76,29.26,29.74,159068
"25-Nov-15",29.77,29.89,29.6,29.85,153461
"27-Nov-15",29.8,30.06,29.68,30,96969
"30-Nov-15",30.07,30.14,29.64,29.67,241277
"01-Dec-15",29.75,30.13,29.59,30.1,170288
"02-Dec-15",30.1,30.25,29.67,29.83,207949
"03-Dec-15",29.87,29.87,28.95,29.02,319168
"04-Dec-15",29.05,29.6,29.05,29.44,149709
"07-Dec-15",29.37,29.37,28.75,28.92,199294
"08-Dec-15",28.73,29.28,28.49,29.15,295997,,,,,
"09-Dec-15",29,29.48,28.506,28.95,834338
"10-Dec-15",28.96,29.07,28.64,28.68,432343
"11-Dec-15",28.34,28.65,28.16,28.35,312619
"14-Dec-15",28.36,28.47,28.15,28.34,336074
"15-Dec-15",28.48,28.72,28.35,28.55,243816
"16-Dec-15",28.72,29.12,28.575,29.11,357409
"17-Dec-15",29.14,29.14,28.64,28.65,303629
"18-Dec-15",28.46,28.49,28.17,28.17,604253
"21-Dec-15",28.35,28.515,28.14,28.47,203951
"22-Dec-15",28.56,28.77,28.39,28.76,230598
"23-Dec-15",28.89,29.3,28.78,29.24,176949
"24-Dec-15",29.23,29.43,29.11,29.25,81668
"28-Dec-15",29.17,29.36,28.9,29.32,181154
"29-Dec-15",29.46,29.74,29.32,29.42,185390
"30-Dec-15",29.42,29.43,29.08,29.08,158469
"31-Dec-15",29.04,29.19,28.47,28.47,239254
"04-Jan-16",28.06,28.06,27.5,27.67,333077
"05-Jan-16",27.57,27.84,27.55,27.57,226905,,,,,
"06-Jan-16",27.23,27.76,27.2,27.3,286334
"07-Jan-16",26.84,27.31,26.6781,26.72,201376
"08-Jan-16",26.88,26.93,26.5,26.58,361263
"11-Jan-16",26.69,27.11,26.55,27.02,227791
"12-Jan-16",27.21,27.39,26.92,27.15,308518
"13-Jan-16",27.17,27.45,26.57,26.77,286545
"14-Jan-16",26.83,27.95,26.63,27.55,331678
"15-Jan-16",27.01,28.49,26.98,28.14,690171
"19-Jan-16",28.34,29.385,28.335,28.9,550224
"20-Jan-16",28.5,28.99,28.05,28.67,376736
"21-Jan-16",28.76,29.14,28.57,28.58,342642
"22-Jan-16",28.92,29.53,28.92,29.2,493142
"25-Jan-16",29.16,29.58,28.9203,29,465663
"26-Jan-16",29.19,29.43,28.95,29.36,432611
"27-Jan-16",29.26,29.57,29.05,29.14,403235
"28-Jan-16",29.39,29.61,29.05,29.19,341634
"29-Jan-16",29.38,30.05,29.35,30.03,654562
"01-Feb-16",29.88,30.26,29.63,30.01,211503,,,,,
"02-Feb-16",29.71,30.01,29.245,29.46,227279
"03-Feb-16",29.69,29.77,28.96,29.36,308205
"04-Feb-16",29.3,29.92,29.125,29.56,174684
"05-Feb-16",29.43,29.58,28.75,28.84,369160
"08-Feb-16",28.6,29.52,28.45,29.45,274605
"09-Feb-16",29.22,29.85,29.09,29.63,236194
"10-Feb-16",29.81,30.26,29.675,29.98,282031
"11-Feb-16",29.55,30.28,29.45,30.14,485720
"12-Feb-16",30.36,30.55,30.03,30.37,287674
"16-Feb-16",30.78,31.52,30.49,31.44,265730
"17-Feb-16",31.44,31.82,31.16,31.47,402034
"18-Feb-16",31.47,31.76,31.31,31.42,239254
"19-Feb-16",31.42,31.98,31.225,31.85,302192
"22-Feb-16",32.02,32.21,31.69,31.79,323594
"23-Feb-16",31.76,31.96,31.47,31.7,191695
"24-Feb-16",31.45,32.29,31.23,32.25,211499
"25-Feb-16",32.34,32.5,32.02,32.21,292969
"26-Feb-16",32.26,32.33,31.09,31.26,459895
"29-Feb-16",31.24,31.6,30.96,31.4,336394
"01-Mar-16",31.57,31.6409,31.09,31.41,220344
"02-Mar-16",31.32,31.32,30.44,31.01,496607
"03-Mar-16",30.99,31.11,30.5,30.78,323669
"04-Mar-16",30.78,30.81,30.43,30.64,321919
"07-Mar-16",30.52,31.04,30.16,31.02,400990
"08-Mar-16",30.94,31.22,30.42,30.84,334822,,,,,
"09-Mar-16",32.15,33.39,30.62,31.85,779902
"10-Mar-16",31.85,31.95,30.8,31.07,526401
"11-Mar-16",31.21,31.38,30.93,31.06,317970
"14-Mar-16",30.98,31.05,30.64,30.78,305855
"15-Mar-16",30.57,31.13,30.455,31.08,259442
"16-Mar-16",30.97,31.46,30.79,31.27,230774
"17-Mar-16",31.24,31.89,31.14,31.78,329051
"18-Mar-16",31.92,32,31.55,31.83,619711
"21-Mar-16",31.79,31.99,31.59,31.92,320858
"22-Mar-16",31.85,32.37,31.72,31.97,541208
"23-Mar-16",31.98,31.98,31.52,31.52,336333
"24-Mar-16",31.42,31.61,31.2,31.48,166722
"28-Mar-16",31.49,31.73,31.37,31.61,110537
"29-Mar-16",31.61,32,31.36,32,308173
"30-Mar-16",32,32.31,31.825,32.23,337969
"31-Mar-16",32.18,32.5,32.12,32.31,204530
"01-Apr-16",32.12,32.36,31.84,32.08,217509
"04-Apr-16",32.06,32.15,31.74,31.83,375859
"05-Apr-16",31.6,32.07,31.51,31.86,302135,,,,,
"06-Apr-16",31.8,32.05,31.68,32,373760
"07-Apr-16",31.86,32.1,31.7,32.08,472793
"08-Apr-16",32.21,32.4482,31.99,32.07,293759
"11-Apr-16",32.17,32.235,31.69,31.76,287297
"12-Apr-16",31.76,32.2,31.71,31.95,253693
"13-Apr-16",32.05,32.46,31.88,32.42,384473
"14-Apr-16",32.4,32.47,32.14,32.2,215657
"15-Apr-16",32.2,32.73,32.2,32.67,428832
"18-Apr-16",32.67,32.89,32.37,32.39,192897
"19-Apr-16",32.54,32.654,32.21,32.52,255858
"20-Apr-16",32.49,32.5,32.11,32.39,210970
"21-Apr-16",32.29,32.34,31.97,32.02,140564
"22-Apr-16",31.98,32.3,31.98,32.16,207305
"25-Apr-16",32.04,32.18,31.74,31.88,160967
"26-Apr-16",31.87,32.17,31.79,32.17,219650
"27-Apr-16",32.07,32.67,32.07,32.66,323817
"28-Apr-16",32.54,32.67,32.39,32.4,179156
"29-Apr-16",32.11,32.29,31.92,32.17,250235
"02-May-16",32.22,32.51,32.08,32.51,244171,,,,,
"03-May-16",32.33,32.52,32.17,32.42,223198
"04-May-16",32.22,32.95,32.22,32.75,351910
"05-May-16",32.78,32.9,32.46,32.79,450204
"06-May-16",32.57,32.82,32.03,32.52,399221
"09-May-16",32.46,32.95,32.41,32.87,191051
"10-May-16",32.97,33.35,32.87,33.33,246384
"11-May-16",33.27,33.335,32.78,32.95,163603
"12-May-16",32.99,33.21,32.72,32.99,176876
"13-May-16",32.99,33.14,32.72,32.99,215331
"16-May-16",33,33.15,32.87,33.06,171165
"17-May-16",33,33.23,32.67,32.89,384840
"18-May-16",32.83,32.83,32.39,32.58,270840
"19-May-16",32.51,32.8,32.29,32.76,160131
"20-May-16",32.92,33.15,32.72,33.14,198118
"23-May-16",33.1,33.22,32.985,33,165056
"24-May-16",33.11,33.59,32.89,33.52,229591
"25-May-16",33.43,33.52,33.3,33.38,168218
"26-May-16",33.43,33.74,33.25,33.67,293977
"27-May-16",33.65,34.13,33.49,34.02,296227
"31-May-16",33.96,34.2,33.79,34.17,258755
"01-Jun-16",34.08,34.26,33.91,34.2,217036
"02-Jun-16",34.07,34.58,34.03,34.42,210268
"03-Jun-16",34.37,34.37,33.99,34.16,208560
"06-Jun-16",34.2,34.29,34.04,34.11,247960
"07-Jun-16",34.11,34.36,34.04,34.24,188338
"08-Jun-16",34.25,34.99,34.13,34.76,344488,,,,,
"09-Jun-16",35.73,37.59,35.16,37.27,1351945
"10-Jun-16",37.08,37.855,36.87,37.3,600982
"13-Jun-16",37.14,37.48,36.69,36.71,553052
"14-Jun-16",36.57,36.95,36.4,36.79,389746
"15-Jun-16",36.89,36.945,36.4276,36.49,200537
"16-Jun-16",36.41,36.71,36.2,36.67,176502
"17-Jun-16",37.07,37.19,36.07,36.26,478991
"20-Jun-16",36.68,36.91,36.24,36.28,615029
"21-Jun-16",36.32,36.7,36.075,36.54,257738
"22-Jun-16",36.54,36.71,36.3,36.36,240591
"23-Jun-16",36.65,36.93,36.53,36.78,396774
"24-Jun-16",35.85,36.045,35.54,35.74,531905
"27-Jun-16",35.56,35.6062,35.03,35.23,349770
"28-Jun-16",35.34,35.72,35.19,35.24,426892
"29-Jun-16",35.53,35.92,35.53,35.74,209153
"30-Jun-16",35.67,36.49,35.67,36.48,380755
"01-Jul-16",36.49,36.68,36.26,36.33,185231
"05-Jul-16",36.09,36.73,35.96,36.48,245911,,,,,
"06-Jul-16",36.34,36.6,36.2,36.42,176784
"07-Jul-16",36.35,36.52,36.05,36.27,139335
"08-Jul-16",36.54,37.07,36.54,36.82,240904
"11-Jul-16",36.86,37.14,36.76,37.07,157901
"12-Jul-16",37.25,37.54,36.86,37.25,214106
"13-Jul-16",37.32,37.4,37.12,37.24,189358
"14-Jul-16",37.37,37.47,36.93,37.04,218017
"15-Jul-16",37.16,37.26,36.77,37.25,264016
"18-Jul-16",37.28,37.405,37.005,37.05,133868
"19-Jul-16",36.89,37.104,36.62,36.77,247579
"20-Jul-16",36.85,37.33,36.705,37.09,161508
"21-Jul-16",37.11,37.28,36.94,37.15,169033
"22-Jul-16",37.07,37.67,36.9,37.52,122220
"25-Jul-16",37.44,37.44,37.1,37.29,196504
"26-Jul-16",37.07,37.62,37.07,37.52,177736
"27-Jul-16",37.5,37.62,37.16,37.61,178943
"28-Jul-16",37.45,37.54,37.08,37.24,148220
"29-Jul-16",37.23,37.37,36.95,37.21,224205
"01-Aug-16",37.16,37.41,36.9,37.27,194507,,,,,
"02-Aug-16",37.18,37.42,36.75,36.85,237805
"03-Aug-16",36.86,37.27,36.63,37.27,283542
"04-Aug-16",37.29,37.34,37.02,37.12,115356
"05-Aug-16",37.19,37.47,37.02,37.26,126347
"08-Aug-16",37.26,37.3,36.97,37.1,80874
"09-Aug-16",37.06,37.23,36.98,37.2,179408
"10-Aug-16",37.2,37.61,37.2,37.61,136578
"11-Aug-16",37.66,38.01,37.64,38.01,189763
"12-Aug-16",38,38,37.47,37.73,115653
"15-Aug-16",37.65,38.12,37.65,38.12,109150
"16-Aug-16",38.17,38.33,37.9,37.99,172188
"17-Aug-16",38.09,38.09,37.72,37.89,210515
"18-Aug-16",37.95,38.05,37.74,37.92,169860
"19-Aug-16",37.92,37.94,37.71,37.84,215426
"22-Aug-16",37.71,38.27,37.71,38.21,199468
"23-Aug-16",38.27,38.59,38.235,38.35,168056
"24-Aug-16",38.36,38.38,38.09,38.15,167192
"25-Aug-16",38.18,38.39,38,38.25,208516
"26-Aug-16",38.21,38.54,37.77,38.03,163932
"29-Aug-16",38.06,38.29,37.87,38.03,135341
"30-Aug-16",38.14,38.57,38.12,38.4,196311
"31-Aug-16",38.41,38.49,37.99,38.43,200448
"01-Sep-16",38.29,38.66,38.08,38.66,148212
"02-Sep-16",38.9,39.16,38.6,38.91,222502
"06-Sep-16",38.97,39.06,38.46,38.99,234126
"07-Sep-16",38.92,39.06,38.43,38.65,415994,,,,,
"08-Sep-16",40,40.47,38.69,40.42,779656
"09-Sep-16",40.2,40.2,38.55,38.58,350768
"12-Sep-16",38.33,38.78,38.06,38.76,254232
"13-Sep-16",38.15,38.86,38.15,38.77,323717
"14-Sep-16",38.79,39.08,38.65,39.01,273631
"15-Sep-16",39,39.46,38.905,39.42,154083
"16-Sep-16",39.45,39.45,38.92,39.11,377405
"19-Sep-16",39.08,39.25,38.85,38.95,252092
"20-Sep-16",39.2,39.26,38.58,38.6,407046
"21-Sep-16",38.9,39.4,38.75,39.36,259242
"22-Sep-16",39.5,40.03,39.36,40,259023
"23-Sep-16",40,40.05,39.62,39.72,187898
"26-Sep-16",39.46,39.93,39.2,39.55,205884
"27-Sep-16",39.41,39.66,39.375,39.4,379601
"28-Sep-16",39.61,39.71,39.37,39.69,178256
"29-Sep-16",39.64,39.72,39.27,39.33,149324
"30-Sep-16",39.29,39.9,39.19,39.7,267396
"03-Oct-16",39.63,40.15,39.63,40.04,351542
"04-Oct-16",39.83,40.08,39.1,39.23,205656,,,,,
"05-Oct-16",39.42,39.56,39.04,39.1,196057
"06-Oct-16",38.98,39.4,38.758,39.26,150058
"07-Oct-16",39.26,39.3,38.53,38.78,222311
"10-Oct-16",38.97,39.3,38.79,38.8,153492
"11-Oct-16",38.84,38.84,38.07,38.21,220967
"12-Oct-16",38.25,38.4,37.95,38.07,352789
"13-Oct-16",37.77,38.44,37.72,38.08,484391
"14-Oct-16",38.08,38.47,37.79,37.82,202068
"17-Oct-16",37.78,37.94,37.6,37.87,326059
"18-Oct-16",38.2,38.34,38.06,38.12,174690
"19-Oct-16",38.11,38.11,37.78,37.86,208142
"20-Oct-16",37.83,38.1199,37.67,38.01,143881
"21-Oct-16",37.75,38.22,37.69,37.98,196102
"24-Oct-16",38.24,38.74,38.24,38.74,198495
"25-Oct-16",38.62,38.62,38.32,38.47,112665
"26-Oct-16",38.3,38.67,38.25,38.35,122967
"27-Oct-16",38.45,38.46,38.17,38.29,121169
"28-Oct-16",38.33,38.86,38.3,38.59,147893
"31-Oct-16",38.55,39.15,38.45,39.08,283172
"01-Nov-16",39.08,39.31,38.5,38.58,351949
"02-Nov-16",38.47,38.8199,38.2,38.22,192775
"03-Nov-16",38.15,38.569,38.04,38.3,155709
"04-Nov-16",38.33,38.63,38.225,38.29,149247
"07-Nov-16",38.64,39.23,38.46,39,169349,,,,,
"08-Nov-16",38.96,39.54,38.96,39.38,158304
"09-Nov-16",39.07,40.32,38.88,40.28,349926
"10-Nov-16",40.32,41.56,40.08,41.44,465993
"11-Nov-16",41.41,42.02,41.18,41.94,627415
"14-Nov-16",42.06,43,41.78,42.93,450840
"15-Nov-16",42.9,43.71,42.6601,43.59,234607
"16-Nov-16",42.97,43.33,42.16,42.52,377019
"17-Nov-16",42.43,43.0399,42.18,43.01,277520
"18-Nov-16",43.11,43.9213,42.75,43.88,298735
"21-Nov-16",44.1,44.52,43.72,44.33,251740
"22-Nov-16",44.53,44.93,43.91,44.42,307570
"23-Nov-16",44.09,44.39,43.83,44.03,376153
"25-Nov-16",43.9,44.53,43.9,44.34,164671
"28-Nov-16",44.51,44.625,44.08,44.31,286558
"29-Nov-16",44.39,44.94,44.38,44.78,292496
"30-Nov-16",44.71,45.0275,43.99,44,328455
"01-Dec-16",43.82,43.91,42.91,43.06,508750
"02-Dec-16",42.93,43.61,42.71,43.57,231709
"05-Dec-16",43.57,44.26,43.15,44.22,275214
"06-Dec-16",43.16,43.48,42.6331,42.86,520344
"07-Dec-16",43,43.27,42.66,43.01,404547
"08-Dec-16",42.92,43.12,42.72,42.95,601564
"09-Dec-16",43,43.15,42.571,43.01,661219
"12-Dec-16",43.03,43.46,42.68,42.88,566880
"13-Dec-16",43.21,43.37,42.53,42.92,723729,,,,,
"14-Dec-16",41.49,41.938,38.52,39.51,2668142
"15-Dec-16",39.25,39.92,38.54,39.7,1135199
"16-Dec-16",39.73,40.32,39.47,40.05,1518365
"19-Dec-16",40.43,40.75,39.82,40.27,534614
"20-Dec-16",40.2,41.14,40.2,40.78,550504
"21-Dec-16",40.94,41.18,40.47,40.47,327930
"22-Dec-16",40.24,40.49,40.09,40.41,368233
"23-Dec-16",40.36,40.42,39.9381,40.14,357172
"27-Dec-16",40.17,40.73,40.115,40.58,361282
"28-Dec-16",40.6,40.7,40.38,40.42,418730
"29-Dec-16",40.48,40.8,40.25,40.78,469347
"30-Dec-16",40.79,40.94,40.62,40.84,355891
"03-Jan-17",40.57,41.085,40.2,40.8,548692,,,,,
"04-Jan-17",41.05,41.54,40.75,41.44,433651
"05-Jan-17",41.41,41.41,40.56,40.57,457090
"06-Jan-17",40.46,40.51,39.77,39.81,537157
"09-Jan-17",40.08,40.08,39.4,39.41,332593
"10-Jan-17",39.46,39.96,39.33,39.57,320579
"11-Jan-17",39.64,40.245,39.53,40.21,313635
"12-Jan-17",39.98,40.17,39.4,39.77,218367
"13-Jan-17",40.02,41,40.02,40.47,314737
"17-Jan-17",40.35,40.425,39.732,39.79,300337
"18-Jan-17",39.77,40.33,39.76,39.85,387838
"19-Jan-17",39.77,39.81,39.08,39.38,446435
"20-Jan-17",39.27,39.77,39.26,39.64,364822
"23-Jan-17",39.68,39.99,39.2,39.46,337895
"24-Jan-17",39.4,40.67,39.395,40.48,405924
"25-Jan-17",40.47,41.34,40.47,40.68,993817
"26-Jan-17",40.82,41.32,40.68,40.96,771312
"27-Jan-17",40.99,41.37,40.77,41.37,559374
"30-Jan-17",41.21,41.33,40.51,40.59,661161
"31-Jan-17",40.43,40.7,40.01,40.39,3798269
"01-Feb-17",40.41,40.87,40.05,40.14,467984
"02-Feb-17",40.17,40.2002,39.68,40.03,294738
"03-Feb-17",40.35,40.96,40.2,40.86,303368
"06-Feb-17",40.59,40.83,40.33,40.4,308070,,,,,
"07-Feb-17",40.45,40.64,40.16,40.19,435679
"08-Feb-17",40.03,40.03,39.41,39.9,354236
"09-Feb-17",40.03,40.53,39.656,40.29,352522
"10-Feb-17",40.28,40.8,40.24,40.56,249697
"13-Feb-17",40.79,41.14,40.56,40.82,306688
"14-Feb-17",40.64,40.73,40.25,40.35,230061
"15-Feb-17",40.23,40.7,40.15,40.41,338048
"16-Feb-17",40.25,40.87,40.21,40.87,366153
"17-Feb-17",40.74,40.74,40.27,40.39,226195
"21-Feb-17",40.43,40.83,40.31,40.8,169991
"22-Feb-17",40.76,41.055,40.62,41.04,159462
"23-Feb-17",41.09,41.34,40.83,41.1,180220
"24-Feb-17",40.94,41.16,40.72,41.09,178271
"27-Feb-17",41.06,41.58,41.05,41.58,240983
"28-Feb-17",41.47,41.5934,40.7433,40.79,345419
"01-Mar-17",41.15,41.61,40.996,41.15,712257
"02-Mar-17",41,41.45,40.88,41.19,439409
"03-Mar-17",41.03,41.36,40.62,40.81,295447
"06-Mar-17",40.4,40.81,40.15,40.47,481942
"07-Mar-17",40.43,40.55,40.14,40.22,556984,,,,,
"08-Mar-17",41,42.84,40.98,42.5,933260
"09-Mar-17",42.71,43.82,42.17,42.35,666470
"10-Mar-17",42.72,43.36,42.49,43.25,500940
"13-Mar-17",43.24,43.71,43.08,43.62,309739
"14-Mar-17",43.54,43.59,42.91,43.51,300471
"15-Mar-17",43.75,44.47,43.63,44.3,345906
"16-Mar-17",44.4,44.58,44.15,44.43,212789
"17-Mar-17",44.62,44.68,44.13,44.55,587980
"20-Mar-17",44.48,44.65,43.96,44.02,229530
"21-Mar-17",44.18,44.27,43.39,43.44,281393
"22-Mar-17",43.44,43.625,43.07,43.3,240285
"23-Mar-17",43.26,43.68,43.12,43.41,291720
"24-Mar-17",43.45,43.74,43.23,43.26,289148
"27-Mar-17",42.97,43.41,42.59,43.31,266259
"28-Mar-17",43.19,43.32,42.87,43.15,352307
"29-Mar-17",42.99,43.11,42.765,43,228013
"30-Mar-17",42.99,43.5,42.99,43.45,329064
"31-Mar-17",43.31,43.87,43.31,43.6,253068
"03-Apr-17",43.59,43.73,42.355,42.44,341421
"04-Apr-17",42.36,42.61,42.29,42.54,227200,,,,,
"05-Apr-17",42.64,42.71,41.9,41.91,284433
"06-Apr-17",41.9,42.14,41.64,42.1,237757
"07-Apr-17",41.87,42.085,41.67,41.9,360442
"10-Apr-17",41.88,42.18,41.62,41.86,325025
"11-Apr-17",41.79,42.36,41.67,42.32,189075
"12-Apr-17",42.32,42.85,42.16,42.45,569332
"13-Apr-17",42.37,42.46,41.97,41.97,468290
"17-Apr-17",41.99,42.21,41.9,42.21,251294
"18-Apr-17",42.12,42.67,42.12,42.65,228038
"19-Apr-17",42.65,42.92,42.5305,42.65,231348
"20-Apr-17",42.72,43.06,42.55,43.03,215978
"21-Apr-17",42.92,43.27,42.79,43.07,237294
"24-Apr-17",43.59,43.65,43.3,43.54,227307
"25-Apr-17",43.82,44.16,43.6,43.63,216400
"26-Apr-17",43.65,43.99,43.425,43.59,307687
"27-Apr-17",43.73,43.94,43.4201,43.5,239161
"28-Apr-17",43.56,43.56,42.98,43.19,742710
"01-May-17",43.42,43.42,42.86,43.39,258755,,,,,
"02-May-17",43.48,43.7,43.37,43.53,171200
"03-May-17",43.29,43.59,43.25,43.41,156088
"04-May-17",43.51,43.54,43.0701,43.51,149367
"05-May-17",43.54,43.62,43.3,43.61,227170
"08-May-17",43.46,43.63,42.9446,43.08,169354
"09-May-17",43.1,43.23,42.81,43.2,205962
"10-May-17",43.1,43.15,42.75,43.03,382625
"11-May-17",42.74,42.83,42.46,42.5,288611
"12-May-17",42.48,42.53,41.92,42.24,185378
"15-May-17",42.28,42.62,42.28,42.5,144779
"16-May-17",42.67,42.76,41.96,42.01,214056
"17-May-17",41.68,41.77,41.12,41.43,197684
"18-May-17",41.44,41.75,41.01,41.42,161940
"19-May-17",41.39,41.74,41.1,41.29,239056
"22-May-17",41.33,41.81,40.99,41.73,154260
"23-May-17",41.92,42.21,41.36,42.07,158806
"24-May-17",42.16,42.36,41.98,42.1,157065
"25-May-17",42.38,42.44,41.99,42.3,314941
"26-May-17",42.3,42.38,42.02,42.19,189734
"30-May-17",42.03,42.4,41.82,42.37,159877
"31-May-17",42.6,43.15,42.41,43.04,328579
"01-Jun-17",43.13,43.84,42.82,43.83,251318
"02-Jun-17",43.96,44.93,43.96,44.28,209589
"05-Jun-17",44.22,44.22,43.57,43.68,266359
"06-Jun-17",43.39,43.62,42.86,42.95,264864
"07-Jun-17",42.99,43.22,42.42,42.9,382051,,,,,
"08-Jun-17",43.88,44.46,41.46,43.99,754267
"09-Jun-17",43.95,43.9863,42.55,43.05,515684
"12-Jun-17",43,43.11,40.52,40.68,637954
"13-Jun-17",40.77,41.43,40.52,41.4,448466
"14-Jun-17",41.39,41.39,40.59,40.89,328838
"15-Jun-17",40.43,41.19,40.36,41.17,324973
"16-Jun-17",41.29,41.84,41.12,41.77,735559
"19-Jun-17",41.8,42.09,41.47,41.63,234996
"20-Jun-17",41.73,41.73,41.32,41.46,235293
"21-Jun-17",41.52,41.55,41.34,41.44,213376
"22-Jun-17",41.41,41.59,41.33,41.52,221104
"23-Jun-17",41.57,41.85,41.5,41.68,1012640
"26-Jun-17",41.65,41.95,41.61,41.76,240944
"27-Jun-17",41.8,42.31,41.645,41.8,262394
"28-Jun-17",42.01,42.3,41.83,42.17,236679
"29-Jun-17",42.21,42.21,41.08,41.59,246984
"30-Jun-17",41.6,41.87,41.42,41.52,164389
"03-Jul-17",41.49,41.74,41.24,41.62,84374,,,,,
"05-Jul-17",41.57,41.57,41.16,41.17,189052
"06-Jul-17",40.97,41.06,40.46,40.54,312354
"07-Jul-17",40.65,41.25,40.65,41.15,133252
"10-Jul-17",40.92,41.2,40.68,40.68,185898
"11-Jul-17",40.72,40.99,40.45,40.69,224986
"12-Jul-17",41.58,42.9,41.23,41.88,624724
"13-Jul-17",42.91,42.94,42.11,42.73,284165
"14-Jul-17",42.7,43.25,42.645,42.9,246590
"17-Jul-17",42.98,43.28,42.8,43.16,360134
"18-Jul-17",43.1,43.28,42.7,43.01,205314
"19-Jul-17",43.12,43.63,43.07,43.51,234504
"20-Jul-17",43.37,44.22,43.235,43.97,457622
"21-Jul-17",44.23,44.243,43.71,43.95,219608
"24-Jul-17",43.93,43.98,43.3059,43.91,242964
"25-Jul-17",44.01,44.6,43.81,44.34,209944
"26-Jul-17",44.44,44.69,44.25,44.58,210415
"27-Jul-17",44.61,44.89,44.015,44.79,236933
"28-Jul-17",44.72,44.85,44.46,44.74,190190
"31-Jul-17",44.85,44.85,44.45,44.62,338437
"01-Aug-17",44.99,44.99,44.34,44.75,152478
"02-Aug-17",44.79,45.01,44.3,44.49,195873
"03-Aug-17",44.44,44.83,44.22,44.75,194140
"04-Aug-17",44.79,44.9,44.67,44.76,323121
"07-Aug-17",44.75,44.865,44.39,44.7,165861,,,,,
"08-Aug-17",44.54,45.12,44.24,44.51,272562
"09-Aug-17",44.38,44.53,44.11,44.26,233815
"10-Aug-17",44.14,44.18,43.68,43.68,263119
"11-Aug-17",43.19,43.89,42.98,43.26,240363
"14-Aug-17",43.62,44.17,43.57,44.16,124260
"15-Aug-17",44.11,44.16,43.68,43.75,82002
"16-Aug-17",43.84,44.14,43.56,44.04,213056
"17-Aug-17",43.94,44.155,43.17,43.18,195113
"18-Aug-17",42.79,43.15,42.6,42.94,165273
"21-Aug-17",42.93,43.17,42.72,43.04,105477
"22-Aug-17",43.09,43.86,43.09,43.77,128105
"23-Aug-17",43.45,43.88,43.45,43.72,117386
"24-Aug-17",43.86,43.96,43.59,43.78,108725
"25-Aug-17",43.94,44.2,43.71,43.99,183008
"28-Aug-17",44.16,44.46,43.94,44.08,124628
"29-Aug-17",43.71,44.04,43.69,43.81,155031
"30-Aug-17",43.83,43.98,43.58,43.96,183820
"31-Aug-17",44.02,44.6,43.8958,44.43,145328
"01-Sep-17",44.54,44.83,44.41,44.63,132846
"05-Sep-17",44.56,44.75,43.94,44.03,166382
"06-Sep-17",44.1,44.58,44.07,44.14,224536,,,,,
"07-Sep-17",40.68,40.87,37.12,40.04,1119869
"08-Sep-17",39.34,40.49,39.2,40.21,500867
"11-Sep-17",41.75,41.75,40.01,40.97,553358
"12-Sep-17",41.03,41.18,40.34,40.53,448492
"13-Sep-17",40.23,40.4,39.75,40.01,390333
"14-Sep-17",39.97,39.97,39.49,39.76,301671
"15-Sep-17",39.91,39.91,39.22,39.56,544346
"18-Sep-17",39.62,39.62,38.9,39.17,319450
"19-Sep-17",38.95,39.2,38.81,39.06,388739
"20-Sep-17",39.03,39.64,39.0297,39.29,385238
"21-Sep-17",39.44,39.44,38.92,38.93,355555
"22-Sep-17",38.94,39.5,38.94,39.31,407347
"25-Sep-17",39.31,39.93,39.31,39.87,198241
"26-Sep-17",39.99,40.57,39.77,40.31,254286
"27-Sep-17",40.43,41.41,40.37,41.15,408169
"28-Sep-17",41.01,41.65,40.75,41.54,233446
"29-Sep-17",41.65,41.74,41.42,41.71,251306
"02-Oct-17",41.72,42.41,41.623,42.38,351001
"03-Oct-17",42.37,42.9,42.27,42.83,377587
"04-Oct-17",42.49,43.01,42.455,43.01,295973,,,,,
"05-Oct-17",43,43.27,42.79,42.8,351418
"06-Oct-17",42.63,42.81,42.44,42.62,298833
"09-Oct-17",42.57,42.8056,42.375,42.77,351584
"10-Oct-17",43.03,43.3,42.7675,42.97,271550
"11-Oct-17",42.98,43.2,42.8666,43.07,195271
"12-Oct-17",42.93,43.43,42.82,43.3,423284
"13-Oct-17",43.4,43.59,43.22,43.33,210056
"16-Oct-17",42.89,43.23,42.7,42.7,176013
"17-Oct-17",42.81,42.86,42.36,42.48,167171
"18-Oct-17",42.67,42.89,42.54,42.64,131399
"19-Oct-17",42.47,42.69,42.24,42.52,161873
"20-Oct-17",42.77,42.91,42.6,42.63,201486
"23-Oct-17",42.63,42.88,42.31,42.39,168117
"24-Oct-17",42.42,42.65,42.231,42.36,286215
"25-Oct-17",42.25,42.45,41.86,42.22,304380
"26-Oct-17",42.44,42.82,42.29,42.34,222896
"27-Oct-17",42.3,42.71,42.18,42.29,222660
"30-Oct-17",42.12,42.268,41.72,41.99,200277
"31-Oct-17",42.15,42.15,41.73,41.97,515648
"01-Nov-17",42.08,42.195,41,41.13,226837
"02-Nov-17",40.93,41.23,40.8966,41.1,220930
"03-Nov-17",41.2,41.38,40.86,41.06,123290
"06-Nov-17",41.04,41.18,40.52,40.63,130110,,,,,
"07-Nov-17",40.63,40.85,40.25,40.44,212172
"08-Nov-17",40.3,40.465,39.98,40.2,198986
"09-Nov-17",39.85,40.26,39.3628,40.01,180618
"10-Nov-17",39.86,40.31,39.76,40.26,173288
"13-Nov-17",40.12,40.44,39.78,40.17,242287
"14-Nov-17",39.98,40.45,39.96,40.12,270579
"15-Nov-17",39.8,40.28,39.67,40.09,264446
"16-Nov-17",40.18,40.225,39.83,40,369832
"17-Nov-17",39.83,40.09,39.69,39.91,193385
"20-Nov-17",39.9,40.29,39.82,40.08,256280
"21-Nov-17",40,40.74,39.545,40.68,339484
"22-Nov-17",40.87,41,40.8,40.94,187433
"24-Nov-17",40.96,41.1,40.76,41.09,117055
"27-Nov-17",41.1,41.49,41.1,41.21,259028
"28-Nov-17",41.29,42.41,41.06,42.11,316503
"29-Nov-17",42.16,42.55,41.79,42.2,300362
"30-Nov-17",42.44,42.86,42.02,42.8,290381
"01-Dec-17",42.8,42.96,41.645,42.66,289767
"04-Dec-17",43.14,44.65,43.11,44.01,354212
"05-Dec-17",43.98,44.05,42.98,42.99,241276
"06-Dec-17",42.95,43.9,42.95,43.54,196537
"07-Dec-17",43.55,43.77,43.07,43.33,373396
"08-Dec-17",43.4,43.64,42.94,43.33,177459
"11-Dec-17",43.47,43.95,43.29,43.78,361676
"12-Dec-17",43.88,44.7,43.39,43.83,362165
"13-Dec-17",43.83,44.38,43.75,43.75,595814,,,,,
"14-Dec-17",39.62,39.71,36.61,38.18,2461639
"15-Dec-17",37.92,38.27,36.7001,37.36,2559389
"18-Dec-17",37.52,38.28,37.42,38.11,940318
"19-Dec-17",38.11,38.6025,38.02,38.5,988683
"20-Dec-17",38.66,38.83,38.28,38.55,717161
"21-Dec-17",38.56,38.68,38.43,38.55,502714
"22-Dec-17",38.56,38.61,38.11,38.23,386419
"26-Dec-17",38.11,38.485,37.77,38.31,506889
"27-Dec-17",38.19,38.5,38.04,38.21,535259
"28-Dec-17",38.24,38.24,37.75,37.88,569160
"29-Dec-17",38.01,38.31,37.68,37.72,488317
"02-Jan-18",37.86,38.19,37.41,37.75,653235
"03-Jan-18",37.61,37.84,37.48,37.72,555227,,,,,
"04-Jan-18",37.8,38.5,37.8,38.33,489277
"05-Jan-18",38.5,39.08,38.2,39.02,392363
"08-Jan-18",39.02,39.65,38.78,39.55,579244
"09-Jan-18",39.62,39.72,39.41,39.5,425671
"10-Jan-18",39.33,39.45,38.71,38.78,414505
"11-Jan-18",38.79,38.99,38.285,38.96,412925
"12-Jan-18",38.96,39.16,38.7,38.87,390386
"16-Jan-18",38.97,39.16,38.22,38.47,374132
"17-Jan-18",38.69,38.89,38.4,38.73,405305
"18-Jan-18",38.68,39.185,38.53,38.62,694973
"19-Jan-18",38.76,39.82,38.76,39.77,397009
"22-Jan-18",39.8,39.89,39.27,39.5,370028
"23-Jan-18",39.49,39.54,38.8,39.33,471517
"24-Jan-18",39.42,40,39.1,39.29,463049
"25-Jan-18",39.48,39.76,38.77,39.4,452980
"26-Jan-18",39.52,39.76,38.605,38.75,598550
"29-Jan-18",38.59,39.02,38.51,38.71,426515
"30-Jan-18",38.46,38.94,38.18,38.25,352538
"31-Jan-18",38.46,38.76,38.01,38.03,1841442
"01-Feb-18",37.98,38.11,37.54,37.73,405494
"02-Feb-18",37.34,37.5,36.9,37.1,444505
"05-Feb-18",36.82,36.97,34.93,34.96,563592,,,,,
"06-Feb-18",34.07,35.14,33.7,34.73,580907
"07-Feb-18",34.66,35.27,34.54,35.13,299209
"08-Feb-18",35.1,35.41,34.5,34.55,393965
"09-Feb-18",34.8,35.17,34.15,34.88,527586
"12-Feb-18",34.98,35.7,34.59,35.45,486846
"13-Feb-18",35.21,35.49,34.95,35.29,338234
"14-Feb-18",35.11,36.39,35.11,36.32,385579
"15-Feb-18",36.6,36.74,36.31,36.45,243925
"16-Feb-18",36.3,37.06,36.21,36.62,762854
"20-Feb-18",36.41,36.96,36.4088,36.71,382342
"21-Feb-18",36.93,37.1,36.21,36.21,639282
"22-Feb-18",36.34,36.54,35.99,36.14,1116501
"23-Feb-18",36.34,36.875,36,36.75,417552
"26-Feb-18",36.77,37.13,36.46,37.11,431314
"27-Feb-18",36.96,37.09,35.79,35.85,570463
"28-Feb-18",35.98,36,35.12,35.16,477114
"01-Mar-18",35.03,35.3,33.84,34.01,968657
"02-Mar-18",33.81,34.1,33.33,33.85,801831
"05-Mar-18",33.29,35.17,33.29,35.01,828313
"06-Mar-18",35.2,35.84,35,35.67,688311,,,,,
"07-Mar-18",34.47,37.08,34.47,36.29,1117239
"08-Mar-18",36.46,36.99,36.34,36.94,420579
"09-Mar-18",37.2,37.785,36.82,37.65,440010
"12-Mar-18",37.67,38.36,37.67,38.02,655774
"13-Mar-18",38.12,38.37,37.47,37.55,581363
"14-Mar-18",37.78,37.95,36.97,37.12,800972
"15-Mar-18",34.96,35.6,34.09,34.61,2477743
"16-Mar-18",34.74,35.07,34.4,34.98,1296092
"19-Mar-18",34.94,35.04,33.95,34.46,818500
"20-Mar-18",34.48,34.69,34.2,34.47,339735
"21-Mar-18",34.35,34.65,34.22,34.44,624584
"22-Mar-18",34.19,34.64,33.54,33.54,643992
"23-Mar-18",33.53,33.67,32.46,32.46,666650
"26-Mar-18",32.94,33.51,32.6,33.3,1054620
"27-Mar-18",33.37,33.65,32.625,32.77,699012
"28-Mar-18",32.73,33.52,32.73,33.23,783982
"29-Mar-18",33.48,33.86,33.22,33.48,2580987
"02-Apr-18",33.4,33.53,32.35,32.81,468218
"03-Apr-18",33.1,33.59,32.83,33.48,828016
"04-Apr-18",32.77,33.42,32.66,33.38,748107,,,,,
"05-Apr-18",33.5,33.795,33.31,33.54,464712
"06-Apr-18",33.27,33.49,32.34,32.63,675846
"09-Apr-18",32.77,32.94,32.08,32.14,478834
"10-Apr-18",32.5,32.87,32.35,32.52,413694
"11-Apr-18",32.18,32.73,32.18,32.56,390708
"12-Apr-18",32.72,32.88,32.28,32.3,448908
"13-Apr-18",32.55,32.7,32.11,32.25,440643
"16-Apr-18",32.42,32.53,32.25,32.46,397307
"17-Apr-18",32.73,32.77,32.34,32.47,503360
"18-Apr-18",32.58,32.67,32.41,32.52,621483
"19-Apr-18",32.43,32.52,32.01,32.23,343137
"20-Apr-18",32.12,32.22,31.72,31.75,518869
"23-Apr-18",31.78,32.11,31.7,31.95,1352988
"24-Apr-18",32.18,32.62,31.76,31.98,617894
"25-Apr-18",31.93,32.17,31.71,32.07,495058
"26-Apr-18",32.11,32.13,31.71,31.84,443754
"27-Apr-18",31.82,32.03,31.26,31.31,526296
"30-Apr-18",31.42,31.56,31.07,31.13,1941958
"01-May-18",31.04,31.09,30.26,30.64,856675
"02-May-18",30.63,30.66,30.39,30.49,854861
"03-May-18",30.46,30.61,30.16,30.25,646543
"04-May-18",30.16,30.44,29.87,30.32,760851
"07-May-18",30.37,30.37,30.09,30.14,730660,,,,,
"08-May-18",30,30.49,30,30.42,1152352
"09-May-18",30.56,30.68,30.38,30.43,434748
"10-May-18",30.46,30.62,30.21,30.39,835752
"11-May-18",30.36,30.56,30.21,30.41,518427
"14-May-18",30.5,30.6,30.26,30.29,523562
"15-May-18",30.12,30.47,30.08,30.24,725709
"16-May-18",30.23,30.46,30.11,30.28,398476
"17-May-18",30.29,30.4,30,30.1,692989
"18-May-18",30.11,30.21,29.72,29.73,594096
"21-May-18",29.87,30.06,29.5,30.02,812842
"22-May-18",29.84,30.23,29.7,29.85,659788
"23-May-18",29.75,29.79,29.2,29.38,694218
"24-May-18",29.42,29.43,29.025,29.23,1040588
"25-May-18",29.12,29.47,29.12,29.23,661760
"29-May-18",29.05,29.42,28.54,28.82,1326122
"30-May-18",28.96,29.605,28.96,29.15,1436236
"31-May-18",29.09,29.15,28.26,28.46,1077139
"01-Jun-18",28.64,28.69,28.39,28.49,695009
"04-Jun-18",28.61,28.93,28.25,28.93,1380897
"05-Jun-18",28.78,29.03,28.17,28.71,870742
"06-Jun-18",28.72,29.3,28.54,29,1665353,,,,,
"07-Jun-18",30.05,32.9,29.76,32.18,2746908
"08-Jun-18",32.08,32.37,30.07,30.3,1516137
"11-Jun-18",30.25,31.21,30.25,30.7,1677525
"12-Jun-18",30.82,31.17,30.48,31.09,1269332
"13-Jun-18",31.06,31.44,30.94,31.11,2089222
"14-Jun-18",31.07,31.15,30.61,31.09,980652
"15-Jun-18",30.97,31.3,30.72,31.25,990302
"18-Jun-18",30.93,31.16,30.72,30.95,796821
"19-Jun-18",30.81,30.88,30.375,30.78,647103
"20-Jun-18",31.04,31.04,30.29,30.38,537976
"21-Jun-18",30.34,30.68,30.25,30.46,631456
"22-Jun-18",30.57,30.73,30.19,30.48,2418326
"25-Jun-18",30.32,30.35,29.84,30.13,592858
"26-Jun-18",30.12,30.33,29.63,30.23,549290
"27-Jun-18",30.18,30.35,29.67,29.67,465126
"28-Jun-18",29.65,29.76,29.22,29.31,376673
"29-Jun-18",29.28,29.72,29.16,29.18,439304
"02-Jul-18",28.99,29.56,28.68,29.56,1319197
"03-Jul-18",29.35,29.87,29.28,29.56,287286,,,,,
"05-Jul-18",29.76,30.07,29.46,30.02,804756
"06-Jul-18",30.02,30.31,29.86,30.07,554174
"09-Jul-18",30.22,30.74,30.13,30.72,383697
"10-Jul-18",30.74,31.03,30.6,30.89,852572
"11-Jul-18",30.78,30.97,30.47,30.77,354659
"12-Jul-18",30.89,31.06,30.57,31.05,810088
"13-Jul-18",31,31.6822,31,31.38,657763
"16-Jul-18",31.39,31.4027,29.99,30.15,1154925
"17-Jul-18",30.03,30.12,29.24,29.34,944777
"18-Jul-18",29.29,29.69,29.09,29.63,398954
"19-Jul-18",29.54,30.12,29.31,30.02,456221
"20-Jul-18",30.08,30.12,29.77,29.94,469757
"23-Jul-18",29.94,30.003,29.67,29.84,378793
"24-Jul-18",29.94,30.21,29.65,29.87,376832
"25-Jul-18",29.85,30.38,29.81,30.38,494309
"26-Jul-18",30.49,31.11,30.32,30.8,781593
"27-Jul-18",30.85,31.13,30.73,30.82,530128
"30-Jul-18",30.83,31.08,30.785,30.86,477744
"31-Jul-18",31,31.22,30.73,31.2,2277464
"01-Aug-18",31.22,31.75,31,31.12,714881
"02-Aug-18",30.98,31.12,30.71,31.12,278344
"03-Aug-18",31.11,31.32,30.98,31.12,406654
"06-Aug-18",31.11,31.55,30.91,31.4,370418,,,,,
"07-Aug-18",31.53,31.77,31.33,31.44,505454
"08-Aug-18",31.5,31.51,31.26,31.38,369143
"09-Aug-18",31.42,31.58,31.145,31.17,548090
"10-Aug-18",31.01,31.02,30.7,30.88,607120
"13-Aug-18",30.87,30.87,30.575,30.75,410684
"14-Aug-18",30.85,31.4,30.71,31.19,570559
"15-Aug-18",31.14,31.3366,30.87,31.15,596137
"16-Aug-18",31.32,31.5825,31.29,31.47,380367
"17-Aug-18",31.5,31.86,31.372,31.85,159947
"20-Aug-18",31.9,32.3951,31.88,32.29,544904
"21-Aug-18",32.56,33.44,32.39,32.95,574329
"22-Aug-18",32.91,33.195,32.7101,32.98,375957
"23-Aug-18",31.75,32.31,29.9,30.35,1587145
"24-Aug-18",30.27,30.55,30.05,30.5,599342
"27-Aug-18",30.61,30.98,30.54,30.64,351662
"28-Aug-18",30.71,31.2,30.71,31.01,570959
"29-Aug-18",31.09,31.65,30.99,31.58,372441
"30-Aug-18",31.66,31.96,31.41,31.62,365978
"31-Aug-18",31.54,31.76,31.37,31.72,327686
"04-Sep-18",31.58,31.645,31.16,31.4,521457
"05-Sep-18",31.34,32.06,31.25,31.92,481038
"06-Sep-18",31.94,32.06,31.54,31.54,580393,,,,,
"07-Sep-18",32.95,35.06,31.7,33.75,2923802
"10-Sep-18",33.8,34.65,33.8,33.97,1062854
"11-Sep-18",33.8,33.955,33.11,33.94,689720
"12-Sep-18",34,34.78,33.565,34.7,458302
"13-Sep-18",34.79,34.95,34.37,34.41,379888
"14-Sep-18",34.36,34.79,34,34.69,680376
"17-Sep-18",34.59,34.74,34.32,34.51,422311
"18-Sep-18",34.62,35.16,34.6,34.99,610498
"19-Sep-18",34.86,35.01,33.62,33.73,942328
"20-Sep-18",33.88,34.26,33.69,33.88,360440
"21-Sep-18",33.87,34.0599,33.58,33.76,797537
"24-Sep-18",33.8,33.8,32.98,33.2,335371
"25-Sep-18",33.19,33.49,33.06,33.43,329125
"26-Sep-18",33.56,33.69,32.72,32.72,489762
"27-Sep-18",32.72,33.02,32.27,32.3,376693
"28-Sep-18",32.2,32.44,32.07,32.25,407206
"01-Oct-18",32.44,32.59,32.08,32.12,1077770
"02-Oct-18",32.13,32.87,31.99,32.43,812510
"03-Oct-18",32.34,32.45,31.79,31.89,544033,,,,,
"04-Oct-18",31.74,31.74,31.275,31.59,476199
"05-Oct-18",31.56,31.91,31.39,31.85,449877
"08-Oct-18",31.83,32.13,31.71,32.11,701879
"09-Oct-18",32.09,32.79,31.94,32.65,697655
"10-Oct-18",32.59,33.01,32.35,32.37,1020003
"11-Oct-18",32.16,32.3,31.09,31.21,633712
"12-Oct-18",31.57,31.68,30.2,30.52,593955
"15-Oct-18",30.39,31.54,30.34,31.3,644532
"16-Oct-18",31.51,32.51,31.02,32.45,399398
"17-Oct-18",32.29,32.76,31.96,32.58,330688
"18-Oct-18",32.43,32.64,31.53,31.86,450419
"19-Oct-18",31.84,32.35,31.69,31.8,400178
"22-Oct-18",31.91,32.05,31.38,31.6,263674
"23-Oct-18",31.25,31.3,30.64,30.76,371137
"24-Oct-18",30.72,30.75,29.61,29.74,599895
"25-Oct-18",29.87,30.44,29.73,30.15,514101
"26-Oct-18",29.78,30.72,29.48,30.52,704392
"29-Oct-18",30.87,31.37,29.905,30.3,676376
"30-Oct-18",30.35,31.09,30.3,31.06,427321
"31-Oct-18",31.38,31.43,30.7,30.75,1620635
"01-Nov-18",30.8,31.99,30.63,31.78,589016
"02-Nov-18",31.94,32.16,31.47,32.01,342401
"05-Nov-18",32.09,32.45,31.56,31.59,614302,,,,,
"06-Nov-18",31.6,31.97,31.4,31.95,369895
"07-Nov-18",32.1,32.8,31.58,32.7,283672
"08-Nov-18",32.66,32.94,32.28,32.54,214958
"09-Nov-18",32.47,32.63,31.7,31.91,377940
"12-Nov-18",31.9,31.91,30.55,30.62,511626
"13-Nov-18",30.72,30.86,29.85,30.07,506282
"14-Nov-18",30.37,30.57,29.7232,30.18,465545
"15-Nov-18",29.98,31.18,29.75,30.96,332055
"16-Nov-18",30.75,31.56,30.53,31.47,535196
"19-Nov-18",31.33,31.58,30.67,31.32,331271
"20-Nov-18",31.02,31.075,29.9,30,325684
"21-Nov-18",30.17,30.71,29.89,30.33,275328
"23-Nov-18",30.12,30.7,30.12,30.23,131301
"26-Nov-18",30.51,30.74,29.98,30.44,393554
"27-Nov-18",30.14,30.3,29.59,30.17,474755
"28-Nov-18",30.33,30.99,29.89,30.66,1371153
"29-Nov-18",30.66,31.91,30.66,31.32,680574
"30-Nov-18",31.2,31.8,31.07,31.68,388419
"03-Dec-18",32.06,32.17,30.51,31.02,399421
"04-Dec-18",30.99,31.3,29.63,29.65,559580
"06-Dec-18",29.28,29.46,28.39,29.11,684088
"07-Dec-18",29.18,29.56,28.09,28.2,345512
"10-Dec-18",28.23,28.39,27.36,27.57,347334
"11-Dec-18",27.84,28.06,26.65,27.01,619091
"12-Dec-18",27.41,27.63,27.03,27.29,455952
"13-Dec-18",27.36,27.3855,26.205,26.31,463892
"14-Dec-18",26.04,26.42,25.66,25.9,684524
"17-Dec-18",25.96,26.78,25.64,25.94,967928
"18-Dec-18",26.24,27.24,26.21,27.06,949905,,,,,
"19-Dec-18",26.5,32.43,26.43,30.78,3126942
"20-Dec-18",30.43,31.49,29.98,31.07,1288100
"21-Dec-18",31.04,31.23,29.98,30.19,1371033
"24-Dec-18",29.9,30.34,28.72,28.78,381639
"26-Dec-18",29.12,31.16,28.67,31.1,668424
"27-Dec-18",30.68,31.095,29.97,30.81,744205
"28-Dec-18",31.04,31.64,30.6678,31.09,999813
"31-Dec-18",31.34,32.14,31.25,32.11,978418
"02-Jan-19",31.51,31.63,30.66,31.28,1039294,,,,,
"03-Jan-19",31.22,31.81,30.79,30.95,720586
"04-Jan-19",31.29,32.01,31.05,32.01,1242814
"07-Jan-19",32.12,33.63,31.58,33.48,881417
"08-Jan-19",34.03,35.89,33.86,34.98,1673293
"09-Jan-19",35.19,35.25,34.29,34.92,1051098
"10-Jan-19",34.88,35.26,34.37,35.19,494061
"11-Jan-19",34.1,34.78,33.5101,34.28,901347
"14-Jan-19",34,34.62,33.7,34.11,659292
"15-Jan-19",34.01,34.7192,33.6,34.55,486585
"16-Jan-19",34.35,35.09,34.28,34.97,373726
"17-Jan-19",34.85,35.27,34.53,34.96,398071
"18-Jan-19",35.16,36.24,35.12,35.98,558448
"22-Jan-19",35.8,36.26,35.09,35.23,490440
"23-Jan-19",35.29,35.59,34.3,34.57,961038
"24-Jan-19",34.65,34.65,33.62,33.96,469626
"25-Jan-19",34.05,34.41,34.01,34.01,708043
"28-Jan-19",33.67,33.86,33.15,33.86,636845
"29-Jan-19",33.86,33.99,33.19,33.35,521525
"30-Jan-19",33.54,33.54,32.74,33.51,621447
"31-Jan-19",33.53,34.44,33.27,34.19,2440901
"01-Feb-19",34.36,34.53,33.75,34.11,473061
"04-Feb-19",33.96,34.5,33.9,34.5,295605,,,,,
"05-Feb-19",34.66,35.26,34.39,35.08,471881
"06-Feb-19",35.05,35.2648,34.47,34.68,320228
"07-Feb-19",34.48,34.85,34.26,34.68,388099
"08-Feb-19",34.53,34.75,34.3,34.61,234523
"11-Feb-19",34.78,35.295,34.67,35.25,310371
"12-Feb-19",35.37,36.45,35.35,36.15,401970
"13-Feb-19",36.32,36.4091,35.84,36.02,304239
"14-Feb-19",36.35,36.4,35.855,35.96,349119
"15-Feb-19",36.26,36.425,36,36.2,342022,,,5881497
"19-Feb-19",36.05,36.535,36.05,36.35,315311
"20-Feb-19",36.32,36.84,36.13,36.72,400302
"21-Feb-19",36.72,36.8,36.3,36.68,282108
"22-Feb-19",36.77,37.15,36.63,36.98,424606
"25-Feb-19",37.05,37.34,36.53,36.55,422218
"26-Feb-19",36.5,36.69,36.03,36.06,369641
"27-Feb-19",36.03,36.09,35.57,35.73,285276
"28-Feb-19",35.75,35.9027,35.53,35.66,695862,,,5583555
"01-Mar-19",36.02,36.31,35.3,36.01,483406
"04-Mar-19",36.14,36.63,35.61,35.66,532942
"05-Mar-19",35.65,36.65,35.65,36.02,489706
"06-Mar-19",36.09,36.65,35.9,36.55,797936,,,,,
"07-Mar-19",36.37,36.37,31.805,33.57,1694407
"08-Mar-19",33.31,33.33,32.05,32.69,1436875
"11-Mar-19",32.71,33.52,31.9,33.5,573323
"12-Mar-19",33.59,33.89,33.2,33.27,474236
"13-Mar-19",33.44,33.94,33.13,33.85,346509
"14-Mar-19",33.86,34.18,33.56,33.91,332054
"15-Mar-19",33.94,34.66,33.74,34.42,1080753,,,5248696
"18-Mar-19",34.48,34.81,34.18,34.66,455502
"19-Mar-19",34.78,35.17,34.54,34.73,443946
"20-Mar-19",34.91,35.07,34.21,34.57,481677
"21-Mar-19",34.46,35.22,34.46,34.96,629288
"22-Mar-19",34.66,34.66,33.6,33.88,816480
"25-Mar-19",33.92,34.64,33.66,34.52,405517
"26-Mar-19",34.72,35.07,34.52,34.87,361704
"27-Mar-19",34.71,35.48,34.545,35.37,368578
"28-Mar-19",35.45,36.06,35.3,35.93,490762
"29-Mar-19",36,36.63,35.9,36.35,422854,,,4811022
"01-Apr-19",36.47,37.07,36.17,36.99,390781
"02-Apr-19",37.03,37.4,36.81,37.38,325856
"03-Apr-19",37.38,37.43,36.59,36.97,382430,,,,,
"04-Apr-19",37.04,37.47,36.56,36.83,368641
"05-Apr-19",36.47,37.19,36.14,37.12,425250
"08-Apr-19",36.88,37.125,36.67,37.06,535761
"09-Apr-19",37.02,37.02,36.49,36.49,234952
"10-Apr-19",36.61,37.255,36.55,37.01,428389
"11-Apr-19",37.03,37.27,36.93,37,270407
"12-Apr-19",37.28,37.44,36.9,37.42,227164
"15-Apr-19",37.5,37.67,37.34,37.49,194742,,0.6559,4623644
"16-Apr-19",37.72,37.7711,37.04,37.16,397194,,0.6568
"17-Apr-19",37.4,37.8,36.82,36.91,352448,,0.6582
"18-Apr-19",36.87,37.435,36.76,37.37,281869,,0.6659
"19-Apr-19",,,,,,,0.6602
"22-Apr-19",37.28,37.58,37.22,37.5,202422,,0.6745
"23-Apr-19",37.52,38.17,37.45,37.93,294142,,0.6616
"24-Apr-19",37.85,37.92,37.48,37.71,219930,,0.66,,4210752.5908
"25-Apr-19",37.45,37.45,36.82,37.06,233220,,0.66,,4300451.2844
"26-Apr-19",37.06,37.51,36.77,37.28,257291,,0.664,,4171913.9812
"29-Apr-19",37.32,37.89,37.12,37.85,211130,,0.6673,,4129838.8208
"30-Apr-19",37.94,38.05,37.29,37.97,850288,,0.6641,4239076,4074817.4572
"01-May-19",38.08,38.08,36.48,36.63,725329,,0.671,,4076666.9148
"02-May-19",36.55,37.47,36.5168,37.42,226035,,0.6647,,3917151.1968
"03-May-19",37.61,38.39,37.6,38.36,191857,,0.6502,,3894495.3412
"06-May-19",37.65,38.58,37.65,38.41,201408,,0.6536,,3853807.274,
"07-May-19",38.07,38.3339,37.54,37.96,237138,,0.649,,3903280.2648
"08-May-19",38.06,38.34,37.81,37.93,211622,,0.6521,,3875538.4008
"09-May-19",37.68,38.31,37.32,38.18,229165,,0.6507,,4066121.6992
"10-May-19",38.04,38.36,37.39,38.32,218783,,0.6477,,4044502.4116
"13-May-19",37.6,37.6,37.04,37.29,210978,,0.6475,,4048317.58
"14-May-19",37.4,38.18,37.38,37.85,162243,,0.6445,,4038143.7976
"15-May-19",37.5,38.2,37.5,38.01,225294,,0.6461,3930165,4040687.2432
"16-May-19",38.01,38.6,37.99,38.34,153549,,0.6479,,4042382.8736
"17-May-19",38.04,38.45,37.85,37.86,181404,,0.6423,,4045774.1344
"20-May-19",37.56,38.02,37.41,37.47,211534,,0.6397,,4023730.9392
"21-May-19",37.76,38.06,37.57,37.87,307552,,0.6426,,4011013.7112
"22-May-19",37.82,38.07,37.74,38.05,145785,,0.6362,,3990666.1464
"23-May-19",37.63,37.7,36.62,36.92,246203,,0.6403,,3943612.4028
"24-May-19",37.12,37.4,36.7,37.1,184393,,0.636,,3822478.479
"27-May-19",,,,,,,0.6369,,3826408.644
"28-May-19",37.1,37.2152,36.51,36.57,346500,,0.641,,3845666.4525
"29-May-19",36.38,36.585,36.09,36.53,229419,,0.6402,,3847238.5185
"30-May-19",36.56,36.915,36.225,36.61,198768,,0.6402,,3827587.6935
"31-May-19",36.15,36.38,35.84,36.25,260223,,0.6408,4055416,3832303.8915
"03-Jun-19",36.29,36.79,36.05,36.33,327475,,0.6412,,3912872.274
"04-Jun-19",36.69,37.71,36.445,37.6,415278,,0.6372,,3842915.337
"05-Jun-19",37.48,37.65,36.7,37.28,584943,,0.6378,,3817762.281,
"06-Jun-19",39,41.335,38.05,39.78,1020217,,0.6345,,3721080.222
"07-Jun-19",39.74,39.9869,39,39.36,532023,,0.6338,,3684529.6875
"10-Jun-19",39.46,39.54,38.9955,39.47,665001,,0.6352,,3538327.5495
"11-Jun-19",39.82,39.83,38.98,39.62,436745,,0.6391,,3786947.4608
"12-Jun-19",39.47,40.29,39.22,39.83,469541,,0.635,,3620269.8632
"13-Jun-19",40,40.16,39.78,39.81,482807,,0.6194,,3619458.78
"14-Jun-19",39.75,40.4,39.5689,39.76,324191,,0.6195,4113973,3613781.1976
"17-Jun-19",39.99,40.33,39.89,40,407991,,0.6215,,3544028.0424
"18-Jun-19",40.39,40.63,39.77,39.88,212302,,0.6257,,3617025.5304
"19-Jun-19",39.88,40.06,39.64,40,263271,,0.621,,3591476.4096
"20-Jun-19",40,40.24,39.78,40,283832
"21-Jun-19",39.78,40.2864,39.42,39.42,404423
"24-Jun-19",39.47,39.55,38.77,38.87,365967,,0.622,,3637302.6104
"25-Jun-19",38.99,39.21,38.61,38.99,318219,,0.6213,,3987674.0289
"26-Jun-19",39.14,39.28,38.68,38.93,306965,,0.6202,,3967926.9585
"27-Jun-19",39.11,39.68,38.91,39.64,302277,,0.6195,,3985205.6451
"28-Jun-19",39.72,40.48,39.72,40,697604,,0.6191,3976364,4071599.0781
"01-Jul-19",40.47,40.56,39.9398,40.33,373301,,0.6262,,4174859.8004
"02-Jul-19",40.28,40.33,39.6,39.88,220884,,0.623,,4053908.9942
"03-Jul-19",39.89,40.36,39.65,40.22,222666,,0.6301,,4139891.0299,
"04-Jul-19",,,,,,,0.6301,,4155935.5246
"05-Jul-19",40.05,40.78,39.92,40.73,260450,17.618735,0.6276,,4238626.3819
"08-Jul-19",40.57,40.88,40.57,40.68,263250,,0.6137,,4254670.8766
"09-Jul-19",40.46,40.63,40.21,40.41,156125,17.307353,0.6072,,4055554.5834
"10-Jul-19",40.62,40.93,40.43,40.59,167278,17.48835,0.6068,,3988690.7284
"11-Jul-19",40.65,40.9,40.12,40.81,193380
"12-Jul-19",40.84,41.39,40.8,41.19,271878,17.517023,0.6011,,3948927.0884
"15-Jul-19",41.32,41.83,41.07,41.5,342759,17.585753,0.598,3575105,3987497.8192
"16-Jul-19",41.49,41.625,41.19,41.34,395840,17.43933,0.6067,,3993860.0016
"17-Jul-19",41.22,41.65,40.985,41.17,304409,17.730021,0.6124,,4041974.006
"18-Jul-19",41.54,41.98,41.16,41.93,343607,17.62776,0.6136,,4016922.9128
"19-Jul-19",41.86,42.21,41.35,41.36,287011,17.898367,0.6117,,4079351.8276
"22-Jul-19",41.47,41.64,40.95,41.05,238580,18.043828,0.6209,,4096052.5564
"23-Jul-19",41.23,41.49,40.85,41.42,215433,16.031059,0.6209,,3641554.1512
"24-Jul-19",41.28,41.7,40.7824,41.58,306609,16.128372,0.6179,,3286951.537
"25-Jul-19",41.5,41.9,41.25,41.43,401327,16.13981,0.6184,,3318412.461
"26-Jul-19",41.5,42.18,41.274,42.01,254778,16.322324,0.6186,,3359168.658
"29-Jul-19",42,42.22,41.555,41.75,362320,16.39875,0.6199,,3392059.624
"30-Jul-19",41.51,42.46,41.09,42.25,310630
"31-Jul-19",42.33,42.58,41.42,42.09,1595643,15.543901,0.6229,3335913,3424235.569
"01-Aug-19",42.1,42.67,40.93,41.09,384232,15.775104,0.6237,,3403142.4495
"02-Aug-19",40.95,40.965,40.42,40.69,193900,12.843177,0.6193,,2703851.9115
"05-Aug-19",39.74,40.29,38.95,39.5,405839,12.741535,0.6115,,2722799.968,
"06-Aug-19",39.64,40.32,39.64,40.21,353538,12.210233,0.5945,,2611256.692
"07-Aug-19",39.75,40.12,39.42,40.07,224105,12.345511,0.5933,,2643075.1265
"08-Aug-19",40.35,41.15,40.26,41.11,183610,12.582488,0.5943,,2687048.918
"09-Aug-19",40.94,41.02,40.37,40.59,189119,12.4785,0.5899,,2593338.7662
"12-Aug-19",40.35,40.36,39.65,39.78,183159,12.6102,0.5793,,2629366.6266
"13-Aug-19",39.65,41.01,39.65,39.91,233324,12.721307,0.5804,,2640041.5482
"14-Aug-19",39.25,39.3,38.18,38.4,258039,12.647275,0.5795,,2630367.4005
"15-Aug-19",38.36,38.36,37.56,38.05,320524,12.628918,0.5755,3220049,2645712.6003
"16-Aug-19",38.18,38.855,38.175,38.53,212047,12.546136,0.5743,,2626697.8962
"19-Aug-19",38.97,39.22,38.68,38.93,234411,12.340131,0.5751,,2612019.879
"20-Aug-19",38.82,38.82,38.09,38.12,404005,12.251765,0.5697,,2600677.7748
"21-Aug-19",38.5,38.87,38.375,38.68,161498,12.520527,0.5714,,2651717.2437
"22-Aug-19",38.86,39.16,38.39,38.46,221806,12.412937,0.5683,,2618691.705
"23-Aug-19",38.22,38.47,36.72,36.84,282062,12.267068,0.5647,,2604013.6878
"26-Aug-19",37.34,37.34,36.7,37.23,845139,11.937138,0.5651,,3190746.5541
"27-Aug-19",37.57,37.62,36.61,36.63,253964,11.949499,0.565,,3180120.3924
"28-Aug-19",36.44,36.7922,35.98,36.58,325000,12.056221,0.5649,,3204592.7648
"29-Aug-19",37.09,37.4,36.77,37.15,381788,12.026174,0.5639,,3201694.7207
"30-Aug-19",37.48,37.62,36.955,37.26,222532,11.945319,0.5604,3563366,3179154.3777
"02-Sep-19",,,,,,11.816699,0.5604,,3179154.3777
"03-Sep-19",37.01,37.135,36.45,36.59,506686,11.523303,0.5621,,3120549.4859
"04-Sep-19",37,37.15,36.34,36.65,597864,11.668648,0.5634,,3196542.6423
"05-Sep-19",37.09,37.84,37.09,37.37,471982,11.448129,0.5613,,3143733.8387,
"06-Sep-19",38.6,38.91,35.27,35.34,515511,12.256252,0.5746,,3355613.0629
"09-Sep-19",35.32,35.32,33.78,34.94,476694,12.569851,0.576,,3335648.7591
"10-Sep-19",34.85,36.27,34.62,36.04,384043,12.682919,0.5737,,3370425.2883
"11-Sep-19",36.13,36.58,35.81,36.55,283731,13.108824,0.5735,,3839526.865
"12-Sep-19",36.36,37.11,36.27,36.85,387980,13.07652,0.5739,,3821710.035
"13-Sep-19",36.84,37.5,36.24,36.3,468566,13.117132,0.5758,3386278,3833469.1428
"16-Sep-19",36.1,36.86,36.02,36.65,187692,13.152412,0.577,,3796053.7998
"17-Sep-19",36.49,36.97,36.3696,36.49,182512,12.890495,0.6007,,3693785.1956
"18-Sep-19",36.4,36.71,35.92,36.22,264236,13.116386,0.5761,,3734051.2314
"19-Sep-19",36.4,36.79,36.16,36.26,272286,13.057017,0.5727,,3727280.836
"20-Sep-19",36.28,36.64,35.77,35.96,695716,12.741171,0.5363,,3709107.6694
"23-Sep-19",35.71,36.56,35.71,36.23,235320,12.80309,0.5709,,3708394.9962
"24-Sep-19",36.26,36.49,35.745,35.88,245867,12.778593,0.5572,,3255567.6692
"25-Sep-19",36.05,36.67,35.98,36.51,337422,12.695619,0.5606,,3230170.5842
"26-Sep-19",36.4,36.82,36.335,36.73,251759,12.930037,0.5614,,3279948.8708
"27-Sep-19",36.91,37,36.08,36.36,619304,12.707616,0.5572,,3269112.7812
"30-Sep-19",36.41,36.8,36.22,36.32,318526,13.001672,0.5587,3280362,3293493.9828
"01-Oct-19",36.55,36.85,35.739,35.82,309521,13.244512,0.6166,,3350722.081
"02-Oct-19",35.2,35.2,33.94,34.05,388128,13.264525,0.5519,,3357833.2648,
"03-Oct-19",33.9,34.19,33.455,34.11,265449,14.362134,0.5579,,3643296.5002
"04-Oct-19",34.22,34.8,34.04,34.79,279906,13.307251,0.5513,,3384246.2332
"07-Oct-19",34.63,34.87,34.42,34.51,320397,13.642347,0.5588,,3479062.0172
"08-Oct-19",34.13,34.56,33.93,34.3,234238,13.760239,0.5839,,3492268.5014
"09-Oct-19",34.59,34.77,34.21,34.38,254336,13.665495,0.5793,,3453237.0774
"10-Oct-19",34.43,35.03,34.37,35,232735,13.623598,0.5813,,3454221.186
"11-Oct-19",35.54,36.97,35.475,36.12,506381,13.41859,0.5859,,3453893.1498
"14-Oct-19",35.87,36.59,35.87,36.46,258242,13.467527,0.5858,,3487680.8784
"15-Oct-19",36.97,37.15,36.43,36.69,317320,13.681745,0.5854,3326819,3538526.4894
"16-Oct-19",36.52,36.93,36.39,36.79,271248,13.468446,0.6566,,3472591.2132
"17-Oct-19",36.96,37.2235,36.64,37,307790,12.854253,0.5964,,3301356.3168
"18-Oct-19",36.82,37.62,36.82,37.51,230850,12.653222,0.5942,,3239357.475
"21-Oct-19",37.92,38.16,37.48,37.68,221103,12.571861,0.5931,,3208850.1084
"22-Oct-19",37.61,38.14,37.5,37.94,283401,12.341127,0.5917,,3141602.6874
"23-Oct-19",37.97,38.11,37.21,37.37,252864,12.342622,0.591,,3144226.977
"24-Oct-19",37.44,37.44,36.38,36.83,240763,12.254992,0.5914,,2938246.5408
"25-Oct-19",36.74,37.48,36.5,37.4,331473,12.216492,0.5874,,2932258.2666
"28-Oct-19",37.46,37.92,37.46,37.71,273135,12.257948,0.58,,2936915.8132
"29-Oct-19",37.56,38.16,37.33,37.37,374163,12.443301,0.5846,,2985487.3706
"30-Oct-19",37.32,37.32,36.75,37.05,260146,12.465484,0.5855,,2977503.005
"31-Oct-19",36.81,36.94,36.03,36.46,1047002,12.209026,0.5827,3274753,3011436.5588
"01-Nov-19",36.73,36.8516,35.77,36.46,284073,13.792484,0.5213,,3210047.6531
"04-Nov-19",36.82,37.12,36.51,36.78,274280,15.171456,0.5827,,3535743.2332,
"05-Nov-19",36.93,37.34,36.74,37.33,266528,14.998715,0.5839,,3484842.9025
"06-Nov-19",37.26,37.35,36.89,37.15,253394,15.424337,0.5842,,3558698.2843
"07-Nov-19",37.53,37.93,36.3,37.42,217925,15.558465,0.5849,,3567348.0137
"08-Nov-19",37.4,37.89,37.1901,37.81,224697,15.823503,0.585,,3628228.8014
"11-Nov-19",37.57,37.86,37.25,37.68,161664,15.737513,0.585,,3628228.8014
"12-Nov-19",37.74,38.71,37.5943,38.31,190572,16.050808,0.5852,,3998145.9377
"13-Nov-19",37.94,38.15,37.71,37.99,225494,16.145164,0.5829,,4029583.5665
"14-Nov-19",37.94,38.43,37.69,38.31,138933
"15-Nov-19",38.58,38.58,37.75,37.89,199144,15.604146,0.5819,3335959,3866828.3424
"18-Nov-19",37.82,38.5,37.69,38.39,162438,15.610643,0.5818,,3860278.8364
"19-Nov-19",38.5,38.95,38.33,38.76,215589,15.62956,0.5822,,3845214.9726
"20-Nov-19",38.48,39.18,38.48,38.61,251662,15.671901,0.5833,,3858968.9352
"21-Nov-19",38.77,38.775,37.83,37.91,168527,15.958187,0.5854,,3886149.3851
"22-Nov-19",37.92,38,37.43,37.64,208324,15.935876,0.5856,,3889096.6628
"25-Nov-19",37.93,38.49,37.64,38.32,327189,15.882295,0.5879,,3902850.6254
"26-Nov-19",38.32,38.89,38.28,38.74,214370,15.727679,0.5889,,3317277.6296
"27-Nov-19",38.96,39.13,38.72,38.84,121381,16.1883,0.5859,,3297595.4715
"28-Nov-19",,,,,,16.111508,0.5873,,3291257.1494
"29-Nov-19",38.72,38.72,37.97,37.99,117787,16.282397,0.5854,3477694,3291924.3412
"02-Dec-19",38.12,38.26,37.635,37.72,257236,16.282417,0.5842,,3285252.4232
"03-Dec-19",37.38,37.62,37.04,37.62,160156,16.315397,0.5795,,3267905.4364
"04-Dec-19",37.82,38.41,37.53,37.56,239344,16.630835,0.5733,,3285919.615
"05-Dec-19",37.65,37.93,37.45,37.66,239984,16.917847,0.5727,,3281582.8683
"06-Dec-19",38.07,38.625,38.03,38.14,281670,17.116441,0.5745,,3286920.4027
"09-Dec-19",38.04,38.34,37.96,38.16,329565,16.986571,0.5763,,3230209.0997
"10-Dec-19",38.23,38.37,37.91,38.07,197232,17.18155,0.5761,,3400141.4238
"11-Dec-19",38.13,38.39,38.01,38.13,185874,17.280269,0.5789,,3383100.7232
"12-Dec-19",38.16,38.52,37.83,37.95,263648,17.420362,0.5797,,3407096.8118
"13-Dec-19",37.88,37.97,36.87,37.09,355037,17.452821,0.5804,3190764,3407096.8118
"16-Dec-19",37.52,37.93,37.38,37.48,443653,17.230082,0.5814,,3359104.6346
"17-Dec-19",37.55,37.67,36.85,37.08,463920,17.42791,0.5855,,3449176.9092
"18-Dec-19",37.26,37.65,36.25,37.61,734286,16.558756,0.5773,,3374754.2576,
"19-Dec-19",35.54,39.19,35.044,38.96,1099887,14.964448,0.5992,,3183481.0876
"20-Dec-19",39.05,39.74,38.58,38.7,1423851,14.69512,0.6001,,3306939.2246
"23-Dec-19",38.64,38.65,37.45,37.74,519962,14.753099,0.5738,,3292332.9098
"24-Dec-19",37.69,38.28,37.4,38.2,166650
"25-Dec-19",,,,,,13.353362,0.5736,,2791599.4236
"26-Dec-19",38.21,38.66,37.945,38.62,357479,13.435475,0.5715,,2811382.1604
"27-Dec-19",38.76,38.785,38.39,38.5,241733
"30-Dec-19",38.5,38.58,38.2,38.37,226209,13.323454,0.5716,,2733527.5188
"31-Dec-19",38.12,38.32,37.54,37.71,285355,14.022091,0.5719,3331624,2872644.8292,
"01-Jan-20",,,,,,14.024857,0.5719,,2872644.8292
"02-Jan-20",37.89,38.48,37.84,38.42,358587,16.309796,0.5839,,3348706.818
"03-Jan-20",37.89,38.39,37.89,38.32,299511,14.259849,0.5712,,2915081.9904
"06-Jan-20",37.83,38.36,37.67,38.31,339665,13.539577,0.5652,,2782984.3608
"07-Jan-20",38.37,38.37,37.67,37.99,198401,13.394846,0.5542,,2737037.3592
"08-Jan-20",37.87,38.67,37.85,38.4,326732,13.588642,0.5544,,2777560.062
"09-Jan-20",38.55,38.92,38.42,38.72,225062,13.983592,0.5565,,2857010.0856
"10-Jan-20",38.7,38.87,38.46,38.66,205344,13.990138,0.5605,,3307303.1448
"13-Jan-20",38.63,39.24,38.63,39.22,261459,14.157032,0.5592,,3318630.6664
"14-Jan-20",39.01,39.53,38.72,39.3,287597,14.668509,0.5681,,3434571.1816
"15-Jan-20",39.18,39.67,39.09,39.28,251986,13.680633,0.5573,3182867,3202356.9888
"16-Jan-20",39.52,40.5,39.505,40.41,341892,13.589637,0.5533,,3185032.544
"17-Jan-20",40.53,40.545,39.43,39.79,334878,13.474729,0.552,,3168041.2616
"20-Jan-20",,,,,,13.428311,0.5521,,3171039.7232
"21-Jan-20",39.64,39.87,39.38,39.45,329709,13.240964,0.5552,,3129394.4232
"22-Jan-20",39.77,40.06,39.68,39.76,246299,13.318102,0.5577,,3151716.304
"23-Jan-20",39.59,39.59,38.99,39.3,317312,13.276258,0.5572,,3147385.1928
"24-Jan-20",39.37,39.45,38.655,39.04,218739,13.165247,0.5563,,3115401.6024
"27-Jan-20",38.36,39.48,38.36,39.05,490758,13.440087,0.5538,,3199099.6217
"28-Jan-20",39.22,39.65,39.1,39.12,192106,13.236489,0.5549,,3130667.9812
"29-Jan-20",39.18,39.43,38.88,39.02,265701,13.035343,0.5581,,3081970.1161
"30-Jan-20",38.7,39.05,38.26,38.88,170503,13.456029,0.6303,,3148810.3231
"31-Jan-20",38.64,38.9,37.96,38.14,1083222,15.29736,0.6823,3185877,3729683.5506
"03-Feb-20",38.34,38.89,38.18,38.73,419416,15.854091,0.6805,,3752918.4797,
"04-Feb-20",39.4,40.18,39.38,39.85,258566,17.302428,0.6564,,4083936.6477
"05-Feb-20",40.05,40.705,40.05,40.55,222573,13.492539,0.6845,,3176501.266
"06-Feb-20",40.74,40.74,39.42,39.52,216918,13.626864,0.687,,3200054.4818
"07-Feb-20",39.38,39.4,38.39,38.42,162509,13.689337,0.6867,,3199736.1951
"10-Feb-20",38.31,38.57,38.03,38.54,241637,13.276258,0.6868,,3121119.3802
"11-Feb-20",38.74,39.19,38.74,38.98,158499,13.258542,0.6882,,2641729.2084
"12-Feb-20",39.35,39.35,38.71,39.19,222061,13.082982,0.6888,,2614649.2539
"13-Feb-20",38.97,39.295,38.51,39.12,171679,13.043959,0.6907,,2604454.4475
"14-Feb-20",39.2,39.3,38.74,38.87,199218,13.096845,0.6928,2974883,2611463.3769
"17-Feb-20",,,,,,12.903443,0.6928,,2611463.3769
"18-Feb-20",38.81,39,38.24,38.7,186239,13.978015,0.6889,,2810262.1017
"19-Feb-20",38.72,39.1,38.68,38.82,209426,14.050984,0.6686,,2831607.4776
"20-Feb-20",38.57,39.21,38.43,38.99,267541,14.784826,0.6665,,2987396.8629
"21-Feb-20",38.9,39.105,38.42,38.42,828806,14.468403,0.665,,3009698.0019
"24-Feb-20",37.08,37.5,36.8,37.27,256974,14.406175,0.6654,,3027857.5008
"25-Feb-20",37.26,37.26,35.7,35.73,235075,16.802057,0.658,,3515296.6818
"26-Feb-20",35.92,36.49,35.34,35.84,330520,17.004104,0.6569,,4053278.0875
"27-Feb-20",35.22,36.43,34.6405,35.31,537353,16.68781,0.6572,,4041378.5555
"28-Feb-20",34.24,34.94,32.38,32.92,585576,16.648964,0.6535,3044600,4122890.3497
"02-Mar-20",33,34.77,32.6,34.72,690964,16.055889,0.6555,,4084216.8707
"03-Mar-20",34.92,35.95,33.7,33.94,481554,16.083032,0.6604,,4133599.9285
"04-Mar-20",34.5,35.27,34.29,35.12,501359,14.668711,0.675,,3828971.9093,
"05-Mar-20",35.5,36.42,33.95,35.06,737514,14.75001,0.6863,,3936662.6739
"06-Mar-20",33.83,34.92,32.87,33.9,520482,13.009528,0.6943,,3515121.7528
"09-Mar-20",31.4,32.68,28,31.54,363967,13.095356,0.7157,,3550820.3488
"10-Mar-20",32.5,32.5,30.55,31.92,365578,12.855657,0.7138,,2578167.28
"11-Mar-20",31.03,31.23,28.777,29.41,344353,12.797279,0.7141,,2583038.64
"12-Mar-20",27,27,24.16,24.17,608413,12.530536,0.7143,,2575122.68
"13-Mar-20",25.7,27.29,24.66,27.28,613393,12.417684,0.707,2841444,2589736.76
"16-Mar-20",24.04,27.63,24,26.42,648398,12.325804,0.7049,,2601915.16
"17-Mar-20",27,29.205,26.68,28.22,785426,11.96387,0.7243,,2561117.52
"18-Mar-20",26.55,28.05,24.64,24.72,789707,11.636309,0.7598,,2523973.4
"19-Mar-20",24.63,26.02,21.86,24.06,630189,11.586435,0.7389,,2502661.2
"20-Mar-20",24.09,24.09,20.84,21.05,979947,12.092108,0.7112,,2599175.02
"23-Mar-20",21.25,22.6,20.13,20.45,581785,11.301123,0.7402,,2346473.22
"24-Mar-20",21.7,22.71,19.7906,21.02,1118439,10.843872,0.7116,,2532294.8928
"25-Mar-20",21.02,22.255,20.11,21.01,1209273,9.730211,0.7489,,2368911.8628
"26-Mar-20",21,22.45,20.73,22.05,1031781,8.661151,0.7744,,2158929.1512
"27-Mar-20",21.21,23.62,21,21.99,1455738,8.257605,0.7457,,2143585.3536
"30-Mar-20",22.21,24.22,21.6,24.17,602345,7.841663,0.755,,2062035.9108
"31-Mar-20",24.36,25.17,23.85,24.36,853939,7.569037,0.7662,2925502,2035042.1928
"01-Apr-20",23.99,24.12,22.76,23.36,530062,7.9223,0.7436,,2148131.664,
"02-Apr-20",22.91,24.28,22.8,24.24,468539,8.667976,0.7283,,2351010.7656
"03-Apr-20",23.86,24.36,22.28,22.78,384317,7.609618,0.7549,,2066013.9324
"06-Apr-20",23.83,26.02,23.6468,25.97,622914,7.454783,0.7563,,2046123.8244
"07-Apr-20",26.5,28.17,26.18,26.32,930746,7.222839,0.7632,,2021971.5504
"08-Apr-20",26.22,28.24,25.99,27.85,511894,7.294723,0.7638,,2063172.4884
"09-Apr-20",28.4,29.85,27.86,28.93,555914,6.86702,0.7686,,2812870.173
"10-Apr-20",,,,,,6.809402,0.7686,,2812870.173
"13-Apr-20",28.37,28.81,27.8303,28.69,446661,6.815805,0.7637,,2837736.94
"14-Apr-20",29.5,31.05,29.1,30.98,810796,6.68238,0.7681,,2831593.3858
"15-Apr-20",29.8,31.31,29.58,30.55,933768,6.713325,0.7609,2868964,2903268.1848
"16-Apr-20",30.56,31.68,30.14,31.54,722412,7.267855,0.735,,3189382.2804
"17-Apr-20",32.52,33.35,31.63,32.88,767102,7.665001,0.7323,,3407624.7296
"20-Apr-20",32.24,32.85,30.59,30.69,543262,7.89763,0.7204,,3533128.7654
"21-Apr-20",29.95,30.88,29.63,30.13,360599,8.454929,0.7147,,3763950.8732
"22-Apr-20",30.79,31.17,30.21,30.78,336901,7.65585,0.6878,,3408794.9304
"23-Apr-20",30.72,31.64,30.72,31.15,409042,7.755218,0.6937,,3469937.9222
"24-Apr-20",31.33,31.99,30.78,31.6,479728,7.795167,0.7063,,3463126.4444
"27-Apr-20",31.91,33.54,31.77,33.04,337498,7.591369,0.6984,,3384229.9344
"28-Apr-20",33.8,34.475,33.355,34.09,421578,7.541695,0.6923,,3355253.398
"29-Apr-20",35.07,36.5,34.8,35.95,482165,7.387266,0.6963,,3314801.0056
"30-Apr-20",35,35.74,34.26,34.49,1435543,7.452357,0.6907,2805854,3458249.2056
"01-May-20",33.71,34.1399,32.7,33.24,418608,8.079365,0.6822,,3718751.1368
"04-May-20",32.72,33.01,31.96,32.36,551227,9.390961,0.6686,,4339021.1536,
"05-May-20",33.09,33.27,32.19,32.21,329590,9.191597,0.6735,,4255534.3012
"06-May-20",32.04,32.708,30.98,31.06,294788,8.67331,0.6662,,4024008.9064
"07-May-20",31.58,31.87,31.4,31.58,363926,8.433849,0.6649,,3929619.9908
"08-May-20",32.3,33.57,32.035,33.5,381004,8.423681,0.6654,,3949128.946
"11-May-20",33.03,33.83,32.15,33.7,446198,8.356179,0.662,,3196990.0476
"12-May-20",33.83,33.83,32.06,32.07,325248,8.473679,0.6542,,3257315.9086
"13-May-20",31.69,31.74,29.39,29.66,460205,8.213841,0.6456,,3178471.4112
"14-May-20",29.08,30.51,28.21,30.42,469533,8.170829,0.644,,3188291.9002
"15-May-20",30.28,31.6,29.76,31.57,609470,8.021659,0.643,2694372,3165564.4828
"18-May-20",32.71,32.9,31.65,32.58,415837,8.161805,0.6427,,3206529.9512
"19-May-20",32.33,32.79,31.79,31.87,263956,8.011479,0.6415,,3154341.0668
"20-May-20",32.52,33.03,32.15,32.68,258942,8.034979,0.6386,,3167809.166
"21-May-20",32.6,33.45,32.57,32.57,270190,8.051144,0.6352,,3174262.6302
"22-May-20",32.67,32.74,32.04,32.58,201119,8.210312,0.6356,,3182119.0214
"25-May-20",,,,,,8.198014,0.6328,,3205127.0242
"26-May-20",33.73,34.57,33.65,34.16,343918,7.953823,0.6351,,3118987.3064
"27-May-20",34.33,34.44,32.73,33.5,484262,7.81142,0.6375,,2618390.7096
"28-May-20",33.87,34.12,33.25,33.48,310586,7.68361,0.6399,,2559383.9628
"29-May-20",33.13,33.4161,30.47,30.73,608565,7.303501,0.6414,2691076,2434365.102
"01-Jun-20",31,33.12,30.9675,32.23,968278,7.159849,0.6427,,2412001.8144
"02-Jun-20",32.63,32.85,32.03,32.16,401438,7.142512,0.6476,,2394757.8336
"03-Jun-20",32.78,33.46,32.29,33.34,591926,6.594169,0.6722,,2205074.0448
"04-Jun-20",32.95,34.89,32.59,34.4,459103,6.185472,0.6814,,2067122.1984
"05-Jun-20",35.79,36.74,35.66,36.54,547678,5.8928,0.6896,,1971741.4296
"08-Jun-20",36.72,37.22,36.4,36.75,392412,5.750614,0.6987,,1909231.9992
"09-Jun-20",36.2,36.28,34.91,35.56,346698,5.862162,0.6991,,2138328.9896
"10-Jun-20",35.38,35.5,33.7,33.74,393411,5.432258,0.7131,,1983053.9044
"11-Jun-20",32.3,32.76,31.32,31.46,375437,5.42566,0.7129,,1981170.1512
"12-Jun-20",32.76,33.09,30.83,31.62,421350,5.245701,0.7165,,1919544.5108
"15-Jun-20",30.68,32.61,30.4101,32.43,308540,5.350148,0.7157,2012971,1939458.4732
"16-Jun-20",33.8,34.75,32.76,34.12,592728,4.440817,0.6394,,1610878.0936
"17-Jun-20",34.1,34.3594,32.44,32.53,844032,4.420615,0.6305,,1612223.6316,
"18-Jun-20",35.4,39.45,35.01,39.03,2574913,4.662695,0.6287,,1782837.85
"19-Jun-20",39.43,40.78,37.82,38.29,1330717,4.399919,0.6229,,1705603.9688
"22-Jun-20",37.88,39.26,37.4708,38.99,589802,4.327921,0.6529,,1659855.6768
"23-Jun-20",39.51,39.565,37.63,38.01,774112,4.640744,0.6309,,1787950.8944
"24-Jun-20",37.67,38,35.505,35.57,748292,4.492128,0.6421,,1803823.3131
"25-Jun-20",35.48,36.1,35.0201,35.73,410704,4.526566,0.6505,,1784901.3857
"26-Jun-20",35.64,35.68,34.88,34.97,721058,3.882689,0.5783,,1511539.9239
"29-Jun-20",35.5,36.95,35.43,36.49,495890,3.986068,0.5777,,1493624.482
"30-Jun-20",36.36,36.795,36.02,36.3,415514,4.014678,0.5976,1547267,1498254.3153
"01-Jul-20",36.18,36.72,35.69,35.94,452166,4.183192,0.5796,,1541935.786,
"02-Jul-20",36.5,36.7,35.26,35.39,370827,4.649531,0.5763,,1705992.9225
"03-Jul-20",,,,,,4.638454,0.5763,,1705992.9225
"06-Jul-20",36.06,36.06,35.04,35.57,306741,3.971159,0.5656,,1457391.004
"07-Jul-20",35.21,35.25,33.795,33.82,502126,3.861888,0.5576,,1412300.4536
"08-Jul-20",33.81,33.89,32.54,32.99,392918,3.844725,0.5539,,1384118.8596
"09-Jul-20",32.89,32.93,31.36,31.98,495865,3.713998,0.5709,,1336612.744
"10-Jul-20",32.05,33.31,31.98,33.03,399497,3.680756,0.5769,,1361594.96
"13-Jul-20",33.23,34.32,32.72,33.71,561386,3.706603,0.587,,1372116.3756
"14-Jul-20",33.66,34.39,33.205,33.9,293900,3.95523,0.5852,,1457680.2407
"15-Jul-20",34.71,36.09,34.44,35.84,363628,4.2235,0.5785,1611739,1536281.4043
"16-Jul-20",35.57,36.3,34.79,35.01,422600,4.276651,0.5843,,1532103.7834
"17-Jul-20",35.16,36.285,35,36.09,523439,4.351771,0.5864,,1549742.6272
"20-Jul-20",35.6,35.815,34.99,35.18,375852,4.295349,0.5944,,1511525.1323
"21-Jul-20",35.37,36.35,35.3,35.8,309600,4.828526,0.5787,,1687139.9368
"22-Jul-20",35.57,35.98,35.15,35.59,344645,5.272182,0.5823,,1841247.73
"23-Jul-20",35.48,36.09,34.95,35.14,451806,5.097451,0.5836,,1786474.4782
"24-Jul-20",35.25,35.27,34.31,34.34,324529,4.935936,0.602,,1810144.0709
"27-Jul-20",34.25,35.49,34.1,35.46,566028,4.883767,0.6019,,1795799.5938
"28-Jul-20",35.24,35.79,35.19,35.27,391399,5.280424,0.5867,,1944885.4513
"29-Jul-20",35.22,35.895,35.17,35.84,416947,5.403321,0.5873,,1989852.9694
"30-Jul-20",35.34,35.77,34.8,35.2,264314,5.528906,0.5854,,2022571.2711
"31-Jul-20",34.95,35.95,34.78,35.9,1278067,5.314183,0.5906,1627828,1989369.4477
"03-Aug-20",36.32,36.77,35.75,35.81,367159,5.53084,0.5885,,2010160.8808,
"04-Aug-20",35.63,36.4937,35.53,35.99,242030,3.938955,0.6059,,1420264.4068
"05-Aug-20",36.53,37.34,36.19,37.31,450343,4.067779,0.5989,,1462008.4469
"06-Aug-20",37.13,37.91,37.13,37.88,247082,3.894596,0.6091,,1396249.4957
"07-Aug-20",37.67,38.8,37.67,38.77,244844,4.157548,0.6047,,1488279.7926
"10-Aug-20",38.82,39.85,38.69,39.25,455219,4.178977,0.6067,,1505686.5738
"11-Aug-20",39.81,40.21,38.89,39.08,398437,4.80978,0.5743,,1413605.8352
"12-Aug-20",39.79,39.85,38.39,38.59,328366,4.835605,0.573,,1415884.7944
"13-Aug-20",38.45,39.08,38.08,38.41,233255,4.175182,0.6031,,1219080.3892
"14-Aug-20",38.02,38.48,37.72,37.84,248519,4.293771,0.6022,1416459,1245451.2028
"17-Aug-20",38.02,38.02,37.225,37.29,250182,4.717864,0.5788,,1353864.5476
"18-Aug-20",37.02,37.29,36.77,37.11,245747,4.624179,0.58,,1316912.852
"19-Aug-20",37.17,37.29,36.405,36.61,271664,4.499651,0.5812,,1275566.0208
"20-Aug-20",36.18,37.305,36.066,37.16,287686,4.381213,0.5838,,1242846.678
"21-Aug-20",37.06,37.49,36.01,37.22,710311,3.824707,0.6152,,1100737.2936
"24-Aug-20",37.58,38.03,37.06,37.99,453782,3.865558,0.613,,1129224.2836
"25-Aug-20",38.24,38.25,37.33,37.55,195055,3.389293,0.6355,,1115461.4625
"26-Aug-20",37.46,37.67,36.9,37.33,202763,3.421541,0.6268,,1116028.0461
"27-Aug-20",37.58,38.09,37.3365,37.88,218424,3.409995,0.6299,,1107954.2298
"28-Aug-20",38.15,38.42,37.81,38.33,193723,3.791524,0.5894,,1220704.3662
"31-Aug-20",38.28,38.5,37.82,38.14,322492,3.478746,0.6266,1353170,1115886.4002
"01-Sep-20",38,38.23,37.6,38.19,197176,3.489534,0.6277,,1109370.6888
"02-Sep-20",38.15,38.89,37.99,38.67,138281,3.541956,0.631,,1096055.9742
"03-Sep-20",38.47,39.62,37.61,37.76,242635,3.545273,0.6348,,1091381.6595
"04-Sep-20",38.5,38.83,37.84,38.33,274837,3.691353,0.6352,,1124526.8001
"07-Sep-20",,,,,,3.688888,0.6354,,1119994.1313
"08-Sep-20",37.91,37.91,36.61,36.65,313742,3.707603,0.6319,,1120277.4231,
"09-Sep-20",37.78,39.5,36.9735,38.53,718507,3.587298,0.6216,,1096055.9742
"10-Sep-20",38.9,38.9,37.09,37.78,458760,3.470234,0.6462,,1290653.546
"11-Sep-20",37.73,37.73,36.1,36.14,463142,3.407885,0.6419,,1270355.996
"14-Sep-20",36.45,37.145,36.1,36.71,284941,3.244991,0.6304,,1207433.591
"15-Sep-20",36.7,37.1,36.46,37.06,277915,3.361438,0.6355,1228358,1243292.596
"16-Sep-20",37.01,37.9,36.96,37.53,362872,3.481935,0.6387,,1290247.595
"17-Sep-20",37.2,39.12,36.86,38.43,507833,3.501817,0.6274,,1293901.154
"18-Sep-20",38.67,39.35,38.09,38.57,1071879,4.136466,0.6254,,1540178.094
"21-Sep-20",37.64,37.76,36.15,37.09,438035,4.282183,0.6382,,1430571.324
"22-Sep-20",37.06,37.75,36.69,37.5,339380,3.381019,0.6522,,1126514.025
"23-Sep-20",37.5,37.69,36.16,36.18,517120,3.430183,0.6517,,1139775.091
"24-Sep-20",36.24,37.24,35.96,36.74,340897,3.509157,0.6511,,1133160.255
"25-Sep-20",36.42,37.26,36.42,36.85,507329,3.777787,0.6359,,1208704.272
"28-Sep-20",37.28,37.86,37.1,37.46,497350,3.876323,0.6304,,1228726.5074
"29-Sep-20",37.47,37.58,36.41,36.92,359479,3.785227,0.6444,,1198263.229
"30-Sep-20",36.95,37.47,36.36,36.66,419991,3.697884,0.645,1227298,1167062.9358,
"01-Oct-20",36.72,37.05,36.35,36.74,280633,4.185631,0.6348,,1314097.3884
"02-Oct-20",36.08,37.04,36.08,36.7,349125,3.891563,0.6343,,1216811.4348
"05-Oct-20",36.9,37.1,36.58,36.83,377443,3.786316,0.6308,,1184137.112
"06-Oct-20",36.97,37.775,36.62,36.92,740770,3.494114,0.6338,,1107733.2444
"07-Oct-20",37.19,37.46,36.745,37.39,604193,3.35402,0.6364,,1075427.429
"08-Oct-20",37.59,37.9,37.14,37.48,316021,3.330598,0.6375,,1060441.4614
"09-Oct-20",37.6,37.69,36.73,37.01,277338,3.237406,0.6419,,1079163.1314
"12-Oct-20",36.91,37.31,36.78,37.15,313557,3.256292,0.6417,,1077444.9142
"13-Oct-20",36.8,37.25,36.58,37.12,230219,3.177077,0.6431,,1044676.0576
"14-Oct-20",37.16,37.7599,36.26,36.29,193521,3.189412,0.6404,,1033753.1054
"15-Oct-20",35.76,35.82,34.91,34.98,400459,3.17675,0.6409,1126536,1033998.565
"16-Oct-20",34.84,35.24,34.51,34.73,322373,3.139673,0.6435,,1020252.8274
"19-Oct-20",34.75,34.97,33.76,33.88,298214,3.197556,0.6442,,1028107.5346
"20-Oct-20",34.12,34.7,33.86,34.13,181707,3.373838,0.6341,,1076217.6162
"21-Oct-20",33.99,34.11,33.51,33.73,165351,3.269775,0.6378,,1034244.0246
"22-Oct-20",33.84,34.97,33.61,34.95,364605,3.12226,0.6499,,989693.1072
"23-Oct-20",35.05,35.75,34.925,35.67,391511,3.12292,0.6518,,991779.5138
"26-Oct-20",35.26,35.93,35.005,35.9,484028,3.410698,0.6533,,1184214.6432
"27-Oct-20",35.94,36.71,35.1,36.39,371966,3.384792,0.6582,,1174977.048
"28-Oct-20",35.78,36.16,35.06,35.19,298599,3.518359,0.6591,,1208209.86
"29-Oct-20",34.98,35.99,34.615,35.41,296114,3.405491,0.6618,,1164950.8776
"30-Oct-20",35.2,35.43,34.28,34.72,613718,4.021838,0.6062,1373350,1386765.816
"02-Nov-20",35.21,35.76,35,35.44,251785,4.144731,0.6041,,1375387.8024,
"03-Nov-20",36.19,36.67,35.96,36.47,338473,4.042251,0.6179,,1340127.2256
"04-Nov-20",35.99,36.82,35.49,35.84,235463,3.843963,0.6234,,1267353
"05-Nov-20",36.02,37.23,36.02,37.22,287672,3.570123,0.6493,,1179370.5384
"06-Nov-20",37.4,37.45,36.485,36.82,216215,3.493972,0.654,,1142758.1184
"09-Nov-20",38.39,40.6,38.39,39.82,507350,3.457607,0.6507,,1149066.72
"10-Nov-20",40.2,41.32,39.8424,40.94,541794,3.536789,0.6459,,1172703.565
"11-Nov-20",41.06,41.06,38.4345,39,344547,3.553176,0.6459,,1172703.565
"12-Nov-20",38.64,38.81,37.34,37.56,303409,3.548319,0.6543,,1166523.49
"13-Nov-20",37.92,38.66,37.68,38.49,226090,3.601629,0.653,1052347,1178883.64
"16-Nov-20",39.46,40.12,38.98,39.67,464644,3.354069,0.6574,,1114061.52
"17-Nov-20",39.36,39.73,38.4,38.8,334719,3.407479,0.649,,1130404.385
"18-Nov-20",38.91,39.15,38.37,38.38,192098,3.365226,0.6561,,1113649.515
"19-Nov-20",38.18,38.36,37.53,38.25,204697,3.280779,0.656,,1083847.82
"20-Nov-20",38.08,38.51,37.65,38.25,395523,3.256703,0.6571,,1081375.79
"23-Nov-20",38.73,39.39,38.36,39.18,213944,3.344923,0.6507,,1090989.24
"24-Nov-20",39.76,41.17,39.13,41.11,508828,3.384429,0.6464,,991731.8128
"25-Nov-20",40.81,41.08,39.97,40.26,353209,3.699843,0.6251,,1079497.5526
"26-Nov-20",,,,,,3.671133,0.625,,1078655.675
"27-Nov-20",40.18,40.18,39.38,39.96,103101,3.772709,0.6213,,1103806.7683
"30-Nov-20",39.63,39.65,38.42,38.5,252567,3.905239,0.6019,1274011,1152530.4344
"01-Dec-20",39.1,39.44,38.285,38.95,301724,3.888081,0.5949,,1146426.8218
"02-Dec-20",39.14,39.19,38.35,38.44,289986,3.726522,0.6041,,1103175.3601
"03-Dec-20",38.53,39.46,38.18,38.92,194718,3.707082,0.6028,,1100018.3191
"04-Dec-20",38.94,39.62,38.94,39.62,291674,3.680557,0.6129,,1094440.88
"07-Dec-20",39.59,39.92,39.245,39.47,304835,3.61952,0.6159,,1077708.5627
"08-Dec-20",39,40.61,39,40.54,458910,3.519944,0.6193,,1052136.5306
"09-Dec-20",41,41.79,40.39,40.65,398943,3.304513,0.6297,,1095776.8611
"10-Dec-20",40.28,40.97,40.07,40.83,264797,3.223917,0.6706,,1048893.2563
"11-Dec-20",40.6,40.99,40.12,40.22,151938,3.266563,0.6706,,1048893.2563
"14-Dec-20",40.54,40.94,39.75,39.87,247981,3.254083,0.6786,,1035133.9375
"15-Dec-20",40.03,41.27,39.86,41.1,412937,3.207998,0.6652,865324,1026215.8605
"16-Dec-20",41.11,41.19,40.14,40.34,354041,3.308768,0.6446,,1061888.1685,
"17-Dec-20",38.8,40.96,38,40.61,826980,3.308774,0.6427,,1083164.1522
"18-Dec-20",40.77,41.55,39.67,39.93,1003569,3.328017,0.6366,,1112339.0041
"21-Dec-20",39.1,39.28,37.38,38.7,626720,3.603322,0.6287,,1182154.8069
"22-Dec-20",38.65,39.34,38.26,38.44,332810,3.631706,0.6334,,1186104.241
"23-Dec-20",38.82,38.82,37.97,38.2,324384,3.716899,0.6275,,1213240.6753
"24-Dec-20",38.14,38.33,37.52,37.71,127465,3.804305,0.6262,,1029735.56
"25-Dec-20",,,,,,3.785985,0.6273,,1025495.4724
"28-Dec-20",38.07,38.79,38.07,38.45,228931,3.84375,0.6282,,1028437.574
"29-Dec-20",38.64,38.83,37.555,37.72,198581,3.870106,0.6275,,1021861.1116
"30-Dec-20",37.84,38.18,37.64,37.74,207225,3.950517,0.6247,,1035879.3604
"31-Dec-20",37.63,38.07,37.45,37.84,254982,4.026405,0.6139,864120,1051541.7248
"01-Jan-21",,,,,,4.052549,0.6131,,1054743.4236
"04-Jan-21",37.98,38.14,36.7,36.92,406728,4.003905,0.6162,,1047907.364
"05-Jan-21",36.94,38.53,36.94,38.19,328326,4.08172,0.6148,,1067463.6864
"06-Jan-21",38.44,41.67,38.22,41.11,499536,4.169382,0.6099,,1096365.508,
"07-Jan-21",41.15,41.31,40.39,41.13,244767,4.918905,0.5961,,1264584.4936
"08-Jan-21",41.07,41.09,40.14,40.75,287340,4.65912,0.603,,1180301.936
"11-Jan-21",40.17,40.81,40.17,40.71,211588,4.568776,0.6023,,1154774.878
"12-Jan-21",40.91,41.88,40.52,41.63,207009,4.621007,0.6026,,954074.892
"13-Jan-21",41.23,42.215,40.9298,41.73,332284,5.99589,0.6019,,1239061.668
"14-Jan-21",41.88,42.95,41.58,42.05,317340,4.664613,0.6114,,967900.812
"15-Jan-21",41.59,41.75,40.68,41.19,361305,4.629572,0.6119,911836,968160.048
"18-Jan-21",,,,,,4.65375,0.6119,,970838.82
"19-Jan-21",41.53,41.54,39.64,39.72,383833,4.668728,0.6127,,976196.364
"20-Jan-21",39.67,39.835,38.83,39.43,344259,4.768816,0.6338,,999354.78
"21-Jan-21",39.48,39.89,38.62,39.11,411280,4.47414,0.6368,,947766.816
"22-Jan-21",38.56,39.73,38.31,39.69,307330,4.466587,0.6296,,952433.064
"25-Jan-21",39.36,40.24,39.08,39.56,339450,4.695729,0.6246,,997712.952
"26-Jan-21",40.07,40.4,39.7401,40.11,240377,4.991397,0.6223,,1055608.992
"27-Jan-21",39.32,40.08,38.75,39.56,316640,4.939279,0.6274,,976029.2544
"28-Jan-21",40.16,40.4,38.35,38.45,657882,4.849513,0.6198,,971287.7072
"29-Jan-21",38.46,38.46,36.53,36.74,885782,4.63051,0.6277,1145390,952777.4364
"01-Feb-21",37.05,38.4,36.31,38.3,471373,4.597008,0.6308,,942017.7716,
"02-Feb-21",38.9,38.9,38,38.59,224478,4.573786,0.6206,,931987.5756
"03-Feb-21",38.36,38.8,37.58,38.71,248795,4.725711,0.6201,,962807.6324
"04-Feb-21",38.79,39.43,38.49,39.3,207205,4.646683,0.6252,,941014.752
"05-Feb-21",39.61,39.75,39.01,39.43,208286,4.627053,0.6278,,935817.2868
"08-Feb-21",39.63,41.03,39.45,41.03,272289,4.495864,0.629,,914115.59
"09-Feb-21",41.25,42.15,41.13,41.76,242051,4.549078,0.6292,,1106675.818
"10-Feb-21",41.97,41.97,40.97,41.45,199056,4.631036,0.6296,,1110570.144
"11-Feb-21",41.75,42.46,40.32,40.73,294369,4.713614,0.6304,,1117327.945
"12-Feb-21",40.5,41.92,40.5,41.24,364796,4.672951,0.6346,1135492,1108737.52
"15-Feb-21",,,,,,4.636326,0.6346,,1107706.669
"16-Feb-21",41.41,41.505,40.82,41.38,327425,4.731537,0.6395,,1129812.696
"17-Feb-21",41.03,42.19,40.98,41.82,168831,4.741223,0.6475,,1116182.555
"18-Feb-21",41.73,42.79,41.51,42.22,269597,4.769081,0.6469,,1119275.108
"19-Feb-21",42.48,43.05,41.98,42.58,203880,4.751023,0.6482,,1115609.86
"22-Feb-21",42.48,43.63,42.19,43.37,262472,4.691501,0.6515,,1101407.024
"23-Feb-21",43.32,44.68,43.0097,43.73,279074,4.818741,0.6427,,1128323.689
"24-Feb-21",44.02,45,43.98,44.85,197672,4.822551,0.6427,,1155476.6592
"25-Feb-21",44.9,45.24,43.49,43.56,201013,4.720327,0.6534,,1114144.7504
"26-Feb-21",43.5,44.21,42.9523,43.18,261968,4.738939,0.6562,1169365,1113463.4552
"01-Mar-21",44.06,44.45,43.68,44.03,186187,4.718239,0.6583,,1117324.128
"02-Mar-21",43.86,43.8801,43.13,43.33,180550,4.955819,0.6551,,1166377.3824
"03-Mar-21",43.55,45.44,43.42,44.5,438779,4.925284,0.657,,1167967.0712
"04-Mar-21",44.53,45.09,43.96,44.44,348398,4.785164,0.657,,1143440.444
"05-Mar-21",45.26,46.5,44.74,46.22,306938,5.04884,0.6415,,1207368.6436
"08-Mar-21",46.68,48.39,46.67,47.78,211943,5.289881,0.639,,1259147.0788
"09-Mar-21",48.05,48.4606,47.0901,47.34,259065,5.522499,0.6264,,1366753.812,
"10-Mar-21",51.2,55.48,49.97,50.73,1410873,5.300767,0.6249,,1378681.335
"11-Mar-21",50.73,51.96,49.745,51.54,472371,5.334163,0.6238,,1401133.143
"12-Mar-21",50.45,52.33,50.45,51.94,615340,4.873074,0.6297,,1308168.6255
"15-Mar-21",52.32,52.52,51.26,52,449965,4.657908,0.643,988050,1262095.6445
"16-Mar-21",51.53,51.9637,50.6,51.41,263656,4.810719,0.6437,,1294603.9915
"17-Mar-21",51.25,51.385,49.91,50.26,333703,4.607616,0.6435,,1238708.3445
"18-Mar-21",50.3,51.86,50.115,50.26,431181,4.605972,0.6476,,1215554.9175
"19-Mar-21",50.21,50.7,48.65,50.39,1008377,4.562693,0.6485,,1204445.95
"22-Mar-21",50.54,50.99,49.12,49.7,260557,4.671257,0.6494,,1211812.9495
"23-Mar-21",49.16,50.17,49.06,49.23,701812,4.368425,0.6581,,1153344.6995
"24-Mar-21",49.87,50.33,49.49,49.96,566626,4.171385,0.6877,,872052.93
"25-Mar-21",49.57,50.475,48.77,49.98,325903,4.306814,0.6793,,908709.585
"26-Mar-21",50.5,52.52,50.18,52.49,538454,4.277043,0.6816,,909895.245
"29-Mar-21",52.17,53.28,50.02,50.09,534243,4.214343,0.6788,,908907.195
"30-Mar-21",50.28,51.26,49.82,51.17,466740,4.239215,0.6743,,925210.02
"31-Mar-21",50.91,51.65,50.61,51.01,508035,4.023408,0.6802,909768,889640.22,
"01-Apr-21",51.07,51.43,50.39,50.87,378311,4.378685,0.6727,,973426.86
"02-Apr-21",,,,,,4.392274,0.6673,,976391.01
"05-Apr-21",51.31,52.05,50.93,51.92,427013,4.139932,0.6791,,921159.015
"06-Apr-21",52,52.7,51.51,51.88,281269,3.897992,0.6855,,865531.8
"07-Apr-21",51.9,51.9,50.78,51.12,331386,3.983758,0.686,,878178.84
"08-Apr-21",51.23,52.09,50.54,52.01,571212,3.905771,0.6891,,873238.59
"09-Apr-21",51.9,53.33,51.66,53.3,428697,3.980239,0.6976,,915499.5384
"12-Apr-21",53.53,54.03,52.98,53.03,425969,4.374625,0.6582,,1015392.0648
"13-Apr-21",52.65,53.01,51.96,52.69,298136,4.298574,0.6559,,1001563.5912
"14-Apr-21",52.65,53.9,52.65,53.4,390220,4.355088,0.6595,,1017211.6008
"15-Apr-21",53.53,53.53,52.77,53.28,310840,4.51829,0.665,1180146,1055057.9496
"16-Apr-21",53.84,54.01,53.11,53.44,398867,4.48059,0.6554,,1047870.7824
"19-Apr-21",53.36,53.36,52.19,52.58,208483,4.749127,0.6393,,1102638.816
"20-Apr-21",52.34,52.52,50.84,51.41,438784,4.688549,0.6456,,1090993.7856
"21-Apr-21",51.62,52.089,51.28,51.82,543155,4.577782,0.6454,,1074072.1008
"22-Apr-21",52.53,53.82,52.3,52.98,471857,4.353045,0.6537,,1023852.9072
"23-Apr-21",53.05,53.87,53,53.52,352640,4.302188,0.6581,,1013754.4824
"26-Apr-21",53.8,54.46,53.13,53.23,380512,4.320522,0.6502,,1140729.1236
"27-Apr-21",53.29,53.495,52.57,52.68,341231,4.377548,0.6528,,1160555.5764
"28-Apr-21",52.81,52.81,52.25,52.4,351361,4.225516,0.6563,,1121846.7876
"29-Apr-21",52.75,53.3,52.5,52.92,326590,4.183732,0.6617,,1095765.561
"30-Apr-21",52.37,52.68,51.27,51.41,1988084,3.785354,0.6875,1155032,1036522.2318
"03-May-21",52.11,53.93,51.75,53.48,735484,3.710543,0.6709,,1034043.9252,
"04-May-21",53.28,53.75,52.28,52.82,464996,2.601097,0.7009,,730982.4324
"05-May-21",53.07,53.07,51.89,52.43,384284,2.477231,0.6636,,701006.724
"06-May-21",52.46,52.74,51.7,52.28,352358,2.957298,0.6441,,841562.1126
"07-May-21",51.99,52.86,51.8554,52.81,241930,3.049892,0.6641,,862096.653
"10-May-21",52.77,53.38,52.35,52.36,376181,3.083274,0.662,,880860.9744
"11-May-21",51.5,52.32,50.94,51.88,340544,3.055729,0.6576,,978196.6008
"12-May-21",51.5,51.94,50.52,50.59,333117,2.998267,0.6574,,961217.6304
"13-May-21",50.68,52.86,50.68,52.56,253247,3.018668,0.6555,,963643.1976
"14-May-21",52.89,53.52,52.605,53.45,261471,2.758385,0.6513,1381334,875167.7464
"17-May-21",53.06,53.4736,52.46,52.88,202673,2.771519,0.6531,,875167.7464
"18-May-21",52.61,52.7,51.22,51.31,257139,2.677902,0.6524,,848486.5072
"19-May-21",50.62,50.72,50.07,50.65,584505,2.592835,0.6505,,831392.0336
"20-May-21",50.82,51.0799,49.49,49.81,304035,2.575359,0.6447,,828850.9632
"21-May-21",49.99,50.285,49.415,49.49,422161,2.167027,0.6933,,697408.3216
"24-May-21",49.99,50.0461,49.47,49.58,395734,2.163449,0.6907,,703529.9912
"25-May-21",49.62,50.025,49.16,49.26,472685,2.092528,0.6964,,1084761.5902
"26-May-21",49.29,49.81,49.27,49.74,303960,2.116833,0.6924,,1101613.865
"27-May-21",50.26,50.54,49.935,50.01,305802,1.996108,0.7032,,1040420.7688
"28-May-21",50.2,50.2,49.26,49.89,200383,2.017749,0.6774,1331349,1042769.0366
"31-May-21",,,,,,2.020294,0.6775,,1044150.3706
"01-Jun-21",50.29,50.67,49.78,50.66,337851,2.025949,0.6797,,1043597.837
"02-Jun-21",50.69,51,48.9386,49.21,341864,1.115931,0.6311,,577950.1456
"03-Jun-21",49.04,49.41,48.29,49.36,221205,1.122107,0.6311,,582094.1476
"04-Jun-21",49.51,49.76,49.2,49.66,254337,1.153136,0.6433,,594249.8868
"07-Jun-21",49.68,49.79,48.34,48.56,571375,1.220721,0.6529,,636933.1074
"08-Jun-21",48.98,49.19,48.545,48.93,527259,1.275755,0.6414,,667736.8556,
"09-Jun-21",48.1,49.3592,48,48.54,497875,1.758774,0.6253,,1187163.9033
"10-Jun-21",49.16,49.16,47.58,47.62,348446,1.980468,0.5949,,1340934.7128
"11-Jun-21",47.86,48.5,47.81,48.47,244724,1.914285,0.5901,,1243746.2358
"14-Jun-21",48.47,48.47,47.2,47.76,303186,1.908256,0.6002,,1223509.731
"15-Jun-21",47.88,48,47.48,48,402904,2.020326,0.5871,1540578,1294470.6327
"16-Jun-21",47.94,47.94,46.63,46.75,343686,2.024475,0.584,,1292074.2045
"17-Jun-21",46.69,46.69,45.43,45.6,413926,2.049649,0.5793,,1315505.9469
"18-Jun-21",45.08,45.33,44.61,44.78,697863,1.894578,0.5636,,1232163.4995
"21-Jun-21",45.15,45.98,45.15,45.57,663301,1.804821,0.566,,1158673.0347
"22-Jun-21",45.45,45.45,44.57,45.33,275354,1.587531,0.5012,,1013822.2635
"23-Jun-21",45.18,45.55,44.78,45.11,260758,1.522879,0.4985,,972417.3096
"24-Jun-21",45.29,45.29,44.52,45.17,309480,1.494957,0.5011,,1119692.0904
"25-Jun-21",45.13,45.9,44.91,45.02,951621,1.540508,0.5024,,1170377.1066
"28-Jun-21",44.97,44.97,44.01,44.58,350057,1.513418,0.4905,,1145727.8586
"29-Jun-21",44.58,45.35,43.98,44.08,517898,1.173014,0.5602,,891378.4308
"30-Jun-21",43.89,44.48,43.85,44.35,619525,1.770827,0.5007,1186212,1349854.4436,
"01-Jul-21",44.91,45.06,44.52,44.59,394903,1.988498,0.4703,,1506685.284
"02-Jul-21",44.53,44.695,43.69,44.23,596198,1.757976,0.4476,,1342921.8426
"06-Jul-21",44.25,44.32,42.64,43.4,526953,1.371827,0.4588,,1051752.6006
"07-Jul-21",43.19,43.57,42.55,42.9,575579,1.450636,0.4853,,1124313.8244
"08-Jul-21",42.34,42.84,41.96,42.57,562404,1.954714,0.5179,,1527791.2026
"09-Jul-21",42.96,43.69,42.88,43.1,350152,2.120759,0.4955,,1644258.8994
"12-Jul-21",42.66,44.3,42.62,44.24,482398,2.051212,0.4972,,1400441.8872
"13-Jul-21",44,44.36,43.8,44.1,549756,2.13029,0.5076,,1460938.6992
"14-Jul-21",44.46,45.3199,44.15,45.06,754906,2.14723,0.5051,,1497118.1652
"15-Jul-21",44.9,46.75,44.9,46.57,960806,2.061606,0.4876,1714522,1466751.138
"16-Jul-21",46.91,47.07,46.24,46.42,970808,2.19816,0.4746,,1600081.3668
"19-Jul-21",45.57,45.62,44.17,44.61,951905,1.892874,0.4845,,1404000.5232
"20-Jul-21",44.72,46.66,44.72,46.08,456784,1.97626,0.477,,1478020.152
"21-Jul-21",46.3,46.7976,45.45,45.71,393171,2.243552,0.502,,1675405.8288
"22-Jul-21",45.41,45.65,45.08,45.38,422949,2.343175,0.4969,,1742782.6704
"23-Jul-21",45.5,46.07,45.175,45.91,368866,2.310455,0.4831,,1712534.2644
"26-Jul-21",46.35,46.855,45.635,46.16,421908,2.407894,0.498,,2091202.4834
"27-Jul-21",45.68,46.14,45.405,45.74,293594,2.411955,0.5006,,2088459.2482
"28-Jul-21",46.04,47.02,45.62,46.5,306472,2.355853,0.4971,,2037537.9448
"29-Jul-21",47.09,47.59,46.815,47.02,343914,2.356938,0.496,,2038052.3014
"30-Jul-21",46.82,47.6,46.27,46.49,1849058,2.251096,0.4938,1871605,2046453.4592
"02-Aug-21",46.67,47.55,45.22,45.31,592653,2.304189,0.4803,,2000847.174,
"03-Aug-21",45.55,47.27,45.03,47.19,662636,3.502523,0.4893,,3061450.4832
"04-Aug-21",46.7,47.28,46.52,46.68,483292,3.556927,0.4895,,3083224.9126
"05-Aug-21",46.99,47,46.44,46.7,409293,3.620048,0.4907,,3132088.7896
"06-Aug-21",47.09,47.49,46.82,47,214255,3.409344,0.4955,,2933204.2376
"09-Aug-21",46.81,46.91,46.31,46.76,186278,3.316513,0.5008,,2858451.0784
"10-Aug-21",46.55,47.22,46.3,47.13,183841,2.941462,0.4829,,2297020.8165
"11-Aug-21",47.29,47.93,47,47.92,199630,2.90559,0.4929,,2255658.346
"12-Aug-21",47.99,47.99,47.15,47.36,241680,2.959703,0.4957,,2289908.7175
"13-Aug-21",47.26,47.8,46.8964,47.53,313228,2.952179,0.4883,1714369,2282609.458
"16-Aug-21",47.44,47.44,46.805,47.19,191843,2.934612,0.4902,,2279240.569
"17-Aug-21",46.74,47.61,46.45,47.44,985219,2.900868,0.4894,,2293464.767
"18-Aug-21",47.45,48.01,46.83,46.85,273592,2.900707,0.4925,,2298705.261
"19-Aug-21",46.49,47.7,46.49,47.6,391220,3.540364,0.5496,,2818075.6485
"20-Aug-21",47.65,48.71,47.42,48.36,484634,3.725946,0.5458,,2956012.937
"23-Aug-21",48.53,48.77,48.19,48.51,371991,3.789737,0.5444,,3017775.902
"24-Aug-21",48.92,49.02,48.18,48.38,279649,4.269054,0.5494,,2537437.5569
"25-Aug-21",48.45,48.9,48.19,48.67,229998,4.182217,0.5425,,2472120.098
"26-Aug-21",48.97,50.71,48.97,49.07,426757,4.34682,0.5487,,2565553.2085
"27-Aug-21",49.2,50,49.03,49.74,506323,4.413816,0.5433,,2622641.6962
"30-Aug-21",49.86,49.97,49.11,49.14,252783,4.165897,0.5421,,2492863.9629
"31-Aug-21",49.09,49.65,48.94,49.52,731873,4.037064,0.5391,1432511,2436975.5335
"01-Sep-21",49.72,49.96,48.24,48.76,348488,4.061515,0.539,,2441947.2036
"02-Sep-21",48.87,49.105,48.11,48.87,347007,3.707307,0.5575,,2229708.3214
"03-Sep-21",48.7,49.03,48.4165,48.86,389334,3.743446,0.5558,,2254909.5457
"06-Sep-21",,,,,,3.639798,0.5552,,2226279.5834
"07-Sep-21",48.8,48.83,47.18,47.22,384770,3.501877,0.5501,,2135589.4633
"08-Sep-21",47.16,47.51,46.8,47.25,509075,3.517447,0.5503,,2140732.5703,
"09-Sep-21",45.52,47.99,45.2901,45.9,867426,3.698425,0.5609,,2275653.4106
"10-Sep-21",46.17,47.37,45.84,46.2,504162,3.779492,0.5669,,1367331.7495
"13-Sep-21",46.43,46.87,45.86,46.26,465751,3.687285,0.561,,1349282.1109
"14-Sep-21",46.38,46.38,45.42,45.96,374592,3.396667,0.5555,,1238549.0106
"15-Sep-21",46.18,46.53,45.48,46.49,354398,3.597298,0.5616,1446993,1313899.0892
"16-Sep-21",46.64,46.92,45.66,45.91,516672,3.365344,0.561,,1233535.2221
"17-Sep-21",45.79,45.91,44.71,45.08,1195067,3.190385,0.5587,,1201017.2224
"20-Sep-21",44.32,45.06,43.6,44.54,521592,3.254086,0.5583,,1221502.1297
"21-Sep-21",44.6,44.89,43.85,44.06,210821,2.716665,0.559,,1010636.5105
"22-Sep-21",44.33,44.82,44.3201,44.44,200242,2.219307,0.572,,813666.248
"23-Sep-21",44.6,45.5,44.45,44.91,169369,2.263912,0.5669,,827275.1025
"24-Sep-21",44.68,45.13,44.51,44.81,190041,2.170839,0.5688,,871668.5832
"27-Sep-21",45.03,46.05,45.03,45.41,219014,2.181235,0.5748,,860092.6392
"28-Sep-21",45.24,45.49,44.81,44.93,173753,2.132361,0.5812,,832599.7722
"29-Sep-21",45.02,45.67,44.75,45.58,185870,2.176362,0.5923,,845188.6113
"30-Sep-21",45.74,46.2,44.56,45.01,364229,2.148531,0.593,1441899,830139.8841
"01-Oct-21",45.44,47.085,44.92,46.95,459605,2.202362,0.6138,,846490.905
"04-Oct-21",47.11,47.55,46.56,46.81,286937,2.548499,0.5351,,971511.1002
"05-Oct-21",46.75,47.56,46.12,47.41,389289,2.165913,0.5601,,823773.1149
"06-Oct-21",46.49,47.02,45.195,46,223010,2.464527,0.5872,,930127.1004,
"07-Oct-21",46.25,46.83,46.18,46.34,255855,3.050368,0.5851,,1140809.2812
"08-Oct-21",46.32,46.55,46.17,46.31,116420,2.506365,0.5732,,922892.1354
"11-Oct-21",46.25,46.745,45.56,45.58,205503,2.458873,0.5607,,1558116.0594
"12-Oct-21",45.53,45.89,45.22,45.31,156082,2.185121,0.557,,1371101.7591
"13-Oct-21",45.36,45.385,44.47,45.09,236936,2.012297,0.6082,,1251856.7118
"14-Oct-21",45.46,46.2,45.08,46,220971,1.964522,0.6137,,1208022.9822
"15-Oct-21",46.76,46.92,44.99,45.14,289105,2.069099,0.6182,1562588,1251279.9522
"18-Oct-21",44.94,45.27,44.5,44.84,238630,2.06037,0.6256,,1187836.3962
"19-Oct-21",45.09,45.27,44.45,45.12,295520,2.031111,0.6278,,1166352.1011
"20-Oct-21",45.13,45.535,44.71,45.01,201561,2.174593,0.6112,,1213069.6287
"21-Oct-21",44.93,45.28,44.56,45.11,271531,2.09767,0.6103,,1161593.8344
"22-Oct-21",45.14,45.25,44.48,44.52,199836,2.109027,0.6122,,1158998.4162
"25-Oct-21",44.6,45.92,44.34,45.37,397379,2.157619,0.615,,1185096.7881
"26-Oct-21",45.49,45.49,43.83,43.88,256759,2.216076,0.618,,1512585.184
"27-Oct-21",43.81,43.86,42.94,43.1,280045,2.271422,0.6136,,1541493.062
"28-Oct-21",43.23,44.075,43.23,43.81,240377,2.18218,0.6157,,1477739.4716
"29-Oct-21",43.84,44.365,43.65,44.01,468451,2.17027,0.6205,,1479302.0596
"01-Nov-21",44.15,45.99,44.15,45.5,317978,2.386193,0.6145,,1527586.0288,
"02-Nov-21",45.38,45.845,45.14,45.28,205060,2.466717,0.6122,,1568994.6108
"03-Nov-21",44.98,45.99,44.96,45.66,343042
"19-Nov-21",,,,,,,,,,,0