"Date","open AMBC Price in USD","high AMBC Price in USD","low AMBC Price in USD","close AMBC Price in USD","AMBC Volume","Days to cover 3m (on loan)","Cost To Borrow","Exchange Reported SI","Estimated Short Interest","Dividends","hidden"
"02-Jan-15",24.67,24.93,24.4601,24.82,340691
"05-Jan-15",24.71,24.71,23.99,24.53,293854
"06-Jan-15",24.56,25.57,24.29,24.61,532428
"07-Jan-15",24.77,25.29,24.12,25.26,519337
"08-Jan-15",25.53,26.275,25.4,26.1,438369
"09-Jan-15",26.16,26.24,25.777,25.96,272109
"12-Jan-15",25.88,26.12,25.33,25.96,355138
"13-Jan-15",26.09,26.94,25.72,26.12,368367
"14-Jan-15",25.7,26.07,25.368,25.69,246253
"15-Jan-15",25.69,26.04,25.05,25.61,351517
"16-Jan-15",25.57,27.32,25.54,26.63,685041
"20-Jan-15",26.78,27.34,26.48,26.7,416341
"21-Jan-15",26.69,27.18,26.59,26.96,421086
"22-Jan-15",27.22,27.5,26.76,27.49,401973
"23-Jan-15",27.53,27.53,26.6,26.87,313103
"26-Jan-15",26.72,27.11,26.45,26.62,161805
"27-Jan-15",26.27,26.38,25.87,25.9,229841
"28-Jan-15",26.09,26.1,24.935,24.99,274808
"29-Jan-15",25.01,25.53,24.7,25.32,238911
"30-Jan-15",25.08,25.28,24.39,24.45,336950
"02-Feb-15",24.55,25.66,24.17,25.63,293514
"03-Feb-15",25.74,26.39,25.59,25.77,196665
"04-Feb-15",25.7,25.93,25.44,25.49,96925
"05-Feb-15",25.59,25.99,25.2,25.76,106380
"06-Feb-15",25.88,26.18,25.75,25.85,133314
"09-Feb-15",25.68,26.05,25.51,25.53,138919
"10-Feb-15",25.64,25.64,24.96,25.2,143737
"11-Feb-15",25.11,25.63,25,25.52,128003
"12-Feb-15",25.74,26.06,25.43,25.72,119775
"13-Feb-15",25.65,25.93,25.47,25.68,137299
"17-Feb-15",25.62,25.73,25.16,25.27,155840
"18-Feb-15",25.16,25.65,25.16,25.58,181296
"19-Feb-15",25.63,25.87,25.36,25.68,95704
"20-Feb-15",25.72,25.8,25.14,25.42,201547
"23-Feb-15",25.28,25.54,24.8,25.35,203842
"24-Feb-15",25.36,25.9,25.36,25.69,119672
"25-Feb-15",25.59,25.76,25.025,25.12,155415
"26-Feb-15",25.04,25.24,24.79,25.22,200150
"27-Feb-15",25.19,25.31,24.88,24.89,123438
"02-Mar-15",25.66,26.1985,24.65,24.93,489855
"03-Mar-15",24.78,25.15,24.25,24.66,330785
"04-Mar-15",24.49,24.7,24.24,24.66,189536
"05-Mar-15",24.63,25.06,24.29,25.01,215262
"06-Mar-15",24.71,25.46,24.71,24.94,194028
"09-Mar-15",24.92,25.25,24.67,24.69,204529
"10-Mar-15",24.53,24.94,24.09,24.09,269051
"11-Mar-15",24.21,24.47,24.01,24.44,239895
"12-Mar-15",24.68,25.3,24.53,25.11,202885
"13-Mar-15",25.11,25.38,24.75,24.87,154100
"16-Mar-15",25.04,25.45,24.91,24.94,196120
"17-Mar-15",24.88,25.41,24.86,25.27,289760
"18-Mar-15",25.18,26.03,25.0805,25.81,361712
"19-Mar-15",25.67,26.47,25.67,25.81,400882
"20-Mar-15",25.95,26.56,25.83,26,616573
"23-Mar-15",26,26.56,26,26.22,232091
"24-Mar-15",26.32,26.32,25.912,26.09,137854
"25-Mar-15",26.18,26.18,24.77,24.92,262236
"26-Mar-15",24.84,25.31,24.76,24.85,211114
"27-Mar-15",24.9,25.05,24.36,24.39,199636
"30-Mar-15",24.51,24.96,24.47,24.55,186015
"31-Mar-15",24.45,24.96,24.17,24.2,408802
"01-Apr-15",24.22,25.42,24.165,25.3,433501
"02-Apr-15",25.39,25.62,25.2,25.38,262036
"06-Apr-15",25.26,25.91,25.26,25.54,137555
"07-Apr-15",25.48,25.91,25.25,25.27,181412
"08-Apr-15",25.33,25.59,24.86,25.13,284058
"09-Apr-15",25.1,25.34,24.6,25.22,223982
"10-Apr-15",25.44,25.75,25.14,25.51,155271
"13-Apr-15",25.43,25.43,24.97,25,110265
"14-Apr-15",25.03,25.17,24.58,25.01,180441
"15-Apr-15",25.21,25.25,24.84,24.86,268984
"16-Apr-15",24.77,24.9,24.46,24.8,228011
"17-Apr-15",24.61,24.86,24.2,24.65,366854
"20-Apr-15",24.71,24.71,24.255,24.36,236224
"21-Apr-15",24.51,24.51,23.84,23.85,190002
"22-Apr-15",23.85,24.03,23.4,24,587156
"23-Apr-15",23.88,24.24,23.74,23.84,195863
"24-Apr-15",23.79,24.085,23.65,23.9,216026
"27-Apr-15",24,24.28,23.67,23.9,612221
"28-Apr-15",23.96,24.13,23.632,23.91,373716
"29-Apr-15",23.79,24.29,23.748,23.93,302173
"30-Apr-15",23.75,24.01,22.8,23.01,702436
"01-May-15",23.03,23.32,22.89,23.08,354169
"04-May-15",23.15,23.515,22.87,22.9,258618
"05-May-15",22.8,23.45,21.91,21.94,465533
"06-May-15",22.11,22.69,22,22.45,499325
"07-May-15",22.35,23,22.338,22.55,363958
"08-May-15",22.69,22.915,22.49,22.735,371997
"11-May-15",22.69,23.04,22.635,22.75,713853
"12-May-15",22.77,24.33,22.53,24.2,696051
"13-May-15",24.3,24.73,24.1999,24.37,427217
"14-May-15",24.35,24.58,24.14,24.32,315967
"15-May-15",24.24,25.33,24.24,25.32,608234
"18-May-15",25.34,25.59,25.05,25.26,395594
"19-May-15",25.29,25.4,24.53,24.76,381564
"20-May-15",24.79,24.965,23.96,23.97,270484
"21-May-15",23.91,24.12,23.61,23.65,163820
"22-May-15",23.82,23.966,23.48,23.72,194661
"26-May-15",23.59,23.67,23.12,23.51,283727
"27-May-15",23.61,23.848,23.37,23.78,196928
"28-May-15",23.77,23.95,23.48,23.84,199344
"29-May-15",23.74,23.74,23.3,23.38,243295
"01-Jun-15",23.57,24.18,23.32,23.72,309913
"02-Jun-15",23.53,23.69,23.392,23.59,224182
"03-Jun-15",23.7,23.94,23.505,23.83,152046
"04-Jun-15",23.62,23.8,23.34,23.69,205533
"05-Jun-15",23.61,23.86,23.39,23.84,187297
"08-Jun-15",23.84,23.84,23.27,23.31,251895
"09-Jun-15",23.37,23.37,22.92,23.05,201450
"10-Jun-15",23.17,23.69,22.93,22.97,233950
"11-Jun-15",23.03,23.38,22.95,23.38,182833
"12-Jun-15",23.26,23.26,22.44,22.45,287067
"15-Jun-15",22.34,22.44,21.83,22.24,234601
"16-Jun-15",22.13,22.56,22,22.17,218449
"17-Jun-15",22.26,22.57,22.146,22.26,142027
"18-Jun-15",22.28,22.92,22.26,22.87,239289
"19-Jun-15",22.68,23.18,22.68,23.1,295178
"22-Jun-15",23.18,23.87,22.99,23.77,229539
"23-Jun-15",23.71,23.93,23.61,23.89,179840
"24-Jun-15",23.93,24.02,23.17,23.27,180238
"25-Jun-15",23.35,23.35,22.25,22.28,267960
"26-Jun-15",22.36,22.52,22.04,22.38,763269
"29-Jun-15",21.84,21.84,19.48,19.72,1576153
"30-Jun-15",19.86,19.98,16.44,16.64,4388275
"01-Jul-15",17.03,17.63,15.862,15.91,1379387
"02-Jul-15",16.38,17.84,15.85,16.77,1388668
"06-Jul-15",16.47,17.21,15.74,16.88,902474
"07-Jul-15",16.99,17.26,16.55,16.99,685809
"08-Jul-15",17.04,18.04,17.04,17.97,842432
"09-Jul-15",18.1,18.69,17.95,17.99,835069
"10-Jul-15",18.35,18.85,18.15,18.52,390179
"13-Jul-15",18.61,18.93,18.27,18.68,409075
"14-Jul-15",18.68,18.81,18.37,18.67,679593
"15-Jul-15",18.75,19.05,18.58,18.89,249449
"16-Jul-15",19.05,19.17,18.11,18.16,399525
"17-Jul-15",18.24,18.28,17.75,17.82,395934
"20-Jul-15",17.79,17.79,16.96,17.08,280696
"21-Jul-15",17.04,17.3494,16.95,17.04,330085
"22-Jul-15",17.07,17.18,16.72,16.86,461121
"23-Jul-15",16.77,17.02,16.64,16.94,499694
"24-Jul-15",17.01,17.01,16.42,16.65,346038
"27-Jul-15",16.61,16.89,16.37,16.48,344592
"28-Jul-15",16.58,16.97,16.42,16.62,342668
"29-Jul-15",16.56,17.29,16.56,16.72,361481
"30-Jul-15",16.5,16.82,16.29,16.31,293192
"31-Jul-15",16.38,16.49,15.91,16.04,393576
"03-Aug-15",16.07,16.19,15.29,15.5,348231
"04-Aug-15",15.55,15.695,15.07,15.31,416030
"05-Aug-15",15.31,15.65,15.11,15.3,299646
"06-Aug-15",15.35,15.56,15.14,15.5,266247
"07-Aug-15",15.35,15.75,14.89,14.99,312242
"10-Aug-15",15.05,15.58,14.86,15.5,677954
"11-Aug-15",16.59,18.09,16.43,17.15,1382693
"12-Aug-15",16.98,17.32,16.96,17.17,743354
"13-Aug-15",17.15,17.31,16.39,16.67,296408
"14-Aug-15",16.59,16.89,16.48,16.8,319485
"17-Aug-15",16.68,17.17,16.4,16.63,307935
"18-Aug-15",16.63,16.95,16.26,16.94,482579
"19-Aug-15",16.83,16.83,15.71,15.96,413063
"20-Aug-15",15.76,16.07,15.66,15.77,291554
"21-Aug-15",15.56,15.9,15.42,15.6,393059
"24-Aug-15",15.22,15.53,14.35,15.19,565628
"25-Aug-15",15.65,15.7,15.15,15.26,349523
"26-Aug-15",15.58,15.71,15.01,15.56,402361
"27-Aug-15",15.51,16.22,15.11,15.97,322711
"28-Aug-15",15.83,16.14,15.4003,15.61,308604
"31-Aug-15",15.66,16.35,15.13,16.25,333490
"01-Sep-15",15.87,16.25,15.36,15.94,331770
"02-Sep-15",16.25,17.3,16.03,16.74,468076
"03-Sep-15",16.85,17.03,16.3,16.59,241074
"04-Sep-15",16.31,16.45,16.1,16.2,192247
"08-Sep-15",16.48,16.62,16.21,16.32,361830
"09-Sep-15",16.41,16.57,16.01,16.02,438391
"10-Sep-15",16.1,16.83,15.99,16.48,432797
"11-Sep-15",16.29,16.5,15.5,15.66,579936
"14-Sep-15",15.72,15.9,15.26,15.29,310143
"15-Sep-15",15.26,15.8,15.22,15.28,260426
"16-Sep-15",15.17,15.47,15.02,15.15,236161
"17-Sep-15",15.05,15.38,14.91,15.13,453581
"18-Sep-15",14.98,15.07,14.63,14.96,462797
"21-Sep-15",15.1,15.23,14.8,14.86,271472
"22-Sep-15",14.65,14.88,14.5,14.76,422714
"23-Sep-15",14.76,14.97,14.525,14.64,361765
"24-Sep-15",14.5,15.22,14.5,15.04,376565
"25-Sep-15",15.25,15.28,14.76,15.02,318748
"28-Sep-15",14.94,14.94,14.24,14.36,312767
"29-Sep-15",14.42,14.49,14.24,14.44,190197
"30-Sep-15",14.6,14.6,14.22,14.47,294637
"01-Oct-15",14.58,14.67,14.05,14.35,236288
"02-Oct-15",14.21,14.44,14.05,14.43,221739
"05-Oct-15",14.49,15.625,14.49,15.3,283588
"06-Oct-15",15.29,15.79,15.29,15.61,205062
"07-Oct-15",15.74,16.33,15.62,16.12,273536
"08-Oct-15",16.02,16.25,15.8,16.11,476997
"09-Oct-15",16.2,16.29,16.03,16.14,282774
"12-Oct-15",16.14,16.18,15.555,15.78,217300
"13-Oct-15",15.68,16.08,15.6,15.73,163096
"14-Oct-15",15.68,16.055,15.61,15.95,149077
"15-Oct-15",16.2,16.39,15.67,16.1,263606
"16-Oct-15",16.13,16.13,15.75,16,139743
"19-Oct-15",15.88,16.21,15.88,16.09,159255
"20-Oct-15",16.13,16.46,16.03,16.43,274030
"21-Oct-15",16.33,16.79,15.77,15.8,184241
"22-Oct-15",15.8,16.18,15.04,15.13,333968
"23-Oct-15",15.21,15.25,14.83,15.09,402760
"26-Oct-15",15.12,15.51,15.12,15.25,241628
"27-Oct-15",15.13,15.83,14.98,15.79,828158
"28-Oct-15",15.86,16.775,15.6291,16.51,637406
"29-Oct-15",16.51,16.778,16.115,16.44,210323
"30-Oct-15",16.41,16.736,16.01,16.15,165454
"02-Nov-15",16.13,16.39,16.11,16.31,188204
"03-Nov-15",16.38,16.55,16.2,16.37,212368
"04-Nov-15",16.42,16.64,16.2,16.4,203520
"05-Nov-15",16.37,16.99,16.37,16.75,297494
"06-Nov-15",16.79,17.31,16.62,17.07,287995
"09-Nov-15",17.13,17.3,16.565,16.84,292754
"10-Nov-15",17.39,17.39,15.06,16.01,702746
"11-Nov-15",16.01,16.1,15.84,16,209999
"12-Nov-15",15.87,15.885,14.8,14.88,763606
"13-Nov-15",14.92,15.2,14.74,15.15,419453
"16-Nov-15",15.2,15.26,14.75,15.15,247740
"17-Nov-15",15.09,15.13,14.56,14.79,318549
"18-Nov-15",14.9,15.2,14.55,15.13,273381
"19-Nov-15",15.15,15.36,14.99,15.2,326605
"20-Nov-15",15.22,15.39,14.98,14.99,225044
"23-Nov-15",14.99,15.72,14.96,15.43,503969
"24-Nov-15",15.31,16.24,15.31,16.2,475090
"25-Nov-15",16.3,16.87,16.12,16.87,309684
"27-Nov-15",16.76,16.76,15.89,16.16,128520
"30-Nov-15",16.18,16.92,16.1,16.88,432437
"01-Dec-15",16.96,17.15,16.11,16.35,393765
"02-Dec-15",16.31,16.39,15.45,15.46,234113
"03-Dec-15",15.5,15.58,15.01,15.15,321683
"04-Dec-15",15.07,15.31,14.86,14.86,309514
"07-Dec-15",14.73,14.88,14.1,14.2,317589
"08-Dec-15",14.04,14.28,13.9,14.14,275958
"09-Dec-15",14.1,14.28,13.69,13.91,299568
"10-Dec-15",13.88,14.02,13.67,13.85,310583
"11-Dec-15",13.63,13.93,13.5,13.84,376887
"14-Dec-15",13.85,13.85,12.72,12.84,474745
"15-Dec-15",12.84,13.25,12.82,13.21,239602
"16-Dec-15",13.62,14.28,13.61,14.08,449650
"17-Dec-15",14.16,14.22,13.81,13.86,314598
"18-Dec-15",13.86,14.85,13.62,14.39,598027
"21-Dec-15",14.38,14.57,14,14.47,277426
"22-Dec-15",14.45,14.99,14.42,14.95,259413
"23-Dec-15",15.08,15.45,14.98,15.35,223133
"24-Dec-15",15.43,15.82,15.37,15.68,134768
"28-Dec-15",15.57,15.57,14.56,14.6,322956
"29-Dec-15",14.76,15.03,14.68,14.97,366447
"30-Dec-15",15.12,15.19,14.21,14.24,293443
"31-Dec-15",14.17,14.32,13.76,14.09,489815
"04-Jan-16",14.05,14.11,13.61,13.77,340996
"05-Jan-16",13.75,13.95,13.62,13.78,152767
"06-Jan-16",13.65,13.91,13.52,13.66,214315
"07-Jan-16",13.46,13.54,12.82,12.83,332038
"08-Jan-16",12.82,12.91,12.19,12.61,557001
"11-Jan-16",12.88,12.98,12.56,12.89,284956
"12-Jan-16",13.04,13.26,12.54,12.68,319494
"13-Jan-16",12.71,13.01,12.14,12.42,432686
"14-Jan-16",12.5,12.88,12.13,12.81,311477
"15-Jan-16",12.45,13.2,12.32,13.19,629559
"19-Jan-16",13.24,13.39,12.42,12.9,969384
"20-Jan-16",12.72,12.75,12.07,12.49,614187
"21-Jan-16",12.49,12.93,12.33,12.44,430611
"22-Jan-16",12.66,12.87,12.28,12.44,303184
"25-Jan-16",12.35,12.42,11.92,11.94,502301
"26-Jan-16",13.79,14.59,13.43,13.79,1276746
"27-Jan-16",13.83,14.2,13.55,13.9,499741
"28-Jan-16",14.18,14.35,13.432,13.55,361796
"29-Jan-16",13.51,14.09,13.51,14.04,299865
"01-Feb-16",13.89,14.04,13.58,13.89,198948
"02-Feb-16",13.61,14.04,13.21,13.39,232681
"03-Feb-16",13.42,13.68,12.8,13.59,272415
"04-Feb-16",13.52,13.99,13.31,13.58,816032
"05-Feb-16",13.59,13.97,13.15,13.74,247683
"08-Feb-16",13.54,13.54,13.03,13.43,255499
"09-Feb-16",13.16,13.16,12.44,12.81,315513
"10-Feb-16",12.85,13.05,12.245,12.43,353895
"11-Feb-16",12.18,12.59,12.11,12.57,642377
"12-Feb-16",12.74,13.35,12.56,13.35,352043
"16-Feb-16",13.48,13.77,13.16,13.62,224753
"17-Feb-16",13.75,14.125,13.65,13.96,289177
"18-Feb-16",13.94,14.42,13.3,14.32,382275
"19-Feb-16",14.4,15.86,14.4,15.21,831574
"22-Feb-16",15.21,15.82,15.21,15.52,331028
"23-Feb-16",15.57,15.6225,14.86,14.89,366760
"24-Feb-16",14.71,15.21,14.375,15.16,221687
"25-Feb-16",15.2,15.27,15.05,15.05,214823
"26-Feb-16",15.24,15.41,14.68,15.07,236974
"29-Feb-16",15.13,15.6,14.821,15.27,263100
"01-Mar-16",15.25,15.65,14.2965,15.55,268141
"02-Mar-16",15.59,16.16,15.51,16.005,357634
"03-Mar-16",15.95,16.89,15.95,16.4,499586
"04-Mar-16",16.36,16.6,16.07,16.29,265790
"07-Mar-16",16.28,16.76,16.28,16.37,246876
"08-Mar-16",16.26,16.36,15.73,16.06,291751
"09-Mar-16",16.1,16.46,15.91,16.19,145363
"10-Mar-16",16.3,16.59,15.86,16.2,280504
"11-Mar-16",16.29,16.84,16.29,16.31,235874
"14-Mar-16",16.35,16.409,15.86,16,356866
"15-Mar-16",15.97,16.07,15.51,15.58,203235
"16-Mar-16",15.55,16.03,15.52,15.9,203941
"17-Mar-16",16.01,16.29,15.67,16.16,232463
"18-Mar-16",16.27,17.16,15.91,17.1,627955
"21-Mar-16",17.13,17.32,16.31,16.44,323390
"22-Mar-16",16.3,16.65,16.19,16.36,193099
"23-Mar-16",16.38,16.63,15.57,15.59,328061
"24-Mar-16",15.52,15.9,15.27,15.69,279830
"28-Mar-16",15.82,15.9699,15.61,15.71,261761
"29-Mar-16",15.66,15.94,15.4,15.68,328122
"30-Mar-16",15.72,16.22,15.595,16.07,416404
"31-Mar-16",16.04,16.21,15.58,15.8,268707
"01-Apr-16",16.24,17.77,16.24,16.77,399442
"04-Apr-16",16.68,16.8,16.01,16.02,329917
"05-Apr-16",15.82,16.09,15.459,15.52,286950
"06-Apr-16",15.46,15.57,14.62,14.85,655518
"07-Apr-16",14.67,15.005,14.42,14.57,340483
"08-Apr-16",15.06,15.36,14.97,15.15,373778
"11-Apr-16",15.23,15.61,15.09,15.15,325760
"12-Apr-16",15.29,16.28,15.13,15.86,428461
"13-Apr-16",15.87,16.33,15.83,16.18,188895
"14-Apr-16",16.11,16.47,16.09,16.16,434055
"15-Apr-16",16.04,16.4215,16.04,16.17,284294
"18-Apr-16",16.07,16.56,15.94,16.45,244233
"19-Apr-16",16.53,16.58,15.93,16.13,373550
"20-Apr-16",16.08,16.96,16.08,16.81,262957
"21-Apr-16",16.76,17.07,16.47,16.47,454820
"22-Apr-16",16.47,17.07,16.47,16.89,195204
"25-Apr-16",16.78,16.78,15.81,16.19,416099
"26-Apr-16",16.26,16.82,16.13,16.66,196375
"27-Apr-16",16.64,16.99,16.48,16.54,194204
"28-Apr-16",16.49,16.67,16.07,16.07,201362
"29-Apr-16",16.02,16.23,15.8,16.23,209320
"02-May-16",16.25,16.46,16.1,16.4,178389
"03-May-16",16.26,16.44,15.4989,15.8,314666
"04-May-16",15.72,15.89,15.47,15.59,184857
"05-May-16",15.69,16.06,15.54,15.72,145025
"06-May-16",15.63,15.81,15.41,15.62,190454
"09-May-16",15.56,15.67,15.24,15.56,206878
"10-May-16",15.68,16.03,15.46,16.03,209765
"11-May-16",16.12,16.12,14.9,15.38,691878
"12-May-16",15.45,15.61,15.14,15.41,332009
"13-May-16",15.42,16.04,15.23,15.76,324435
"16-May-16",15.63,15.9,15.19,15.4,476697
"17-May-16",15.32,15.59,15.17,15.41,343667
"18-May-16",15.39,15.96,15.33,15.88,285136
"19-May-16",15.72,16.06,15.54,16.06,325492
"20-May-16",16.18,16.54,15.87,16.44,306139
"23-May-16",16.79,16.88,16.169,16.18,282388
"24-May-16",16.33,16.66,15.93,16.5,255652
"25-May-16",16.57,16.77,16.2,16.52,340298
"26-May-16",16.57,16.57,16.21,16.36,199383
"27-May-16",16.33,16.685,16.3,16.46,147511
"31-May-16",16.53,16.735,16.41,16.49,184569
"01-Jun-16",16.39,16.74,16.16,16.66,208723
"02-Jun-16",16.61,16.7,16.51,16.68,169408
"03-Jun-16",16.57,16.755,16.17,16.5,171251
"06-Jun-16",16.5,16.75,16.41,16.64,157740
"07-Jun-16",16.59,17.015,16.4,16.9,250894
"08-Jun-16",16.91,17.0681,16.74,16.97,218615
"09-Jun-16",16.84,17.06,16.51,16.98,209790
"10-Jun-16",16.75,16.835,16.3,16.44,222580
"13-Jun-16",16.4,16.47,15.91,15.99,241011
"14-Jun-16",15.98,16.07,15.47,15.65,262374
"15-Jun-16",15.71,15.95,15.52,15.75,145331
"16-Jun-16",16,16.23,15.67,16.03,183150
"17-Jun-16",16.02,16.44,15.67,16.43,410023
"20-Jun-16",16.61,16.82,15.89,15.92,198630
"21-Jun-16",15.92,15.98,15.537,15.64,150928
"22-Jun-16",15.71,16.09,15.68,15.7,160194
"23-Jun-16",15.91,16.26,15.79,16.14,155220
"24-Jun-16",15.38,15.7699,15.09,15.27,496047
"27-Jun-16",15.14,15.59,14.76,15.01,315943
"28-Jun-16",15.23,15.32,14.9219,15.07,177288
"29-Jun-16",15.36,15.95,15.22,15.84,250625
"30-Jun-16",15.86,16.46,15.86,16.46,296542
"01-Jul-16",16.37,16.65,16.13,16.4,283742
"05-Jul-16",16.27,16.29,15.76,15.82,245856
"06-Jul-16",15.77,16.15,15.42,16,169046
"07-Jul-16",15.98,16.25,15.9,16.08,146757
"08-Jul-16",16.25,16.75,15.54,16.63,209697
"11-Jul-16",16.74,17.05,16.59,16.76,186343
"12-Jul-16",16.86,17.24,16.86,17.22,358639
"13-Jul-16",17.27,17.57,17.16,17.25,230151
"14-Jul-16",17.39,17.73,16.73,17.47,267465
"15-Jul-16",17.62,17.68,17.29,17.61,253056
"18-Jul-16",17.54,18.11,17.54,18.09,306909
"19-Jul-16",18.06,18.2,17.74,18,226528
"20-Jul-16",18.05,18.17,17.83,18.01,251434
"21-Jul-16",18,18.37,17.985,18.27,182842
"22-Jul-16",18.21,18.32,18.04,18.27,115367
"25-Jul-16",18.17,18.33,18.1,18.26,113119
"26-Jul-16",18.23,18.43,18.01,18.22,154332
"27-Jul-16",18.22,18.401,18.19,18.33,124317
"28-Jul-16",18.27,18.38,18.11,18.22,107657
"29-Jul-16",18.11,18.37,18.09,18.18,137204
"01-Aug-16",18.14,18.35,17.87,18.08,192711
"02-Aug-16",18.03,18.16,17.8,17.87,148044
"03-Aug-16",17.85,18.33,17.85,18.24,188988
"04-Aug-16",18.25,18.49,18.08,18.14,164358
"05-Aug-16",18.33,18.49,18.255,18.4,240387
"08-Aug-16",18.45,18.66,18.36,18.63,252641
"09-Aug-16",18.64,19.28,18.64,19.2,471619
"10-Aug-16",19.21,19.35,17.77,17.86,482260
"11-Aug-16",17.9,18.08,17.57,17.76,225892
"12-Aug-16",17.71,18.12,17.7,17.91,212140
"15-Aug-16",18.05,18.06,17.76,17.94,180737
"16-Aug-16",17.9,18.7545,17.8,18.04,246081
"17-Aug-16",17.95,18.1,17.79,17.83,116670
"18-Aug-16",17.81,17.95,17.73,17.83,103389
"19-Aug-16",17.66,17.88,17.62,17.81,157853
"22-Aug-16",17.78,17.8,17.45,17.8,144001
"23-Aug-16",17.86,18.21,17.86,17.91,110210
"24-Aug-16",17.93,18.09,17.75,17.87,88150
"25-Aug-16",17.8,18.03,17.8,17.88,119676
"26-Aug-16",17.98,18.05,17.61,17.7,116487
"29-Aug-16",17.82,18.04,17.78,17.96,346589
"30-Aug-16",17.97,18.32,17.97,18.25,308298
"31-Aug-16",18.24,18.37,17.93,18.14,202546
"01-Sep-16",18.22,18.31,17.94,18.11,162168
"02-Sep-16",18.15,18.43,17.97,18.23,131592
"06-Sep-16",18.22,18.29,18,18.28,179389
"07-Sep-16",18.27,18.83,18.2,18.8,199783
"08-Sep-16",18.73,18.91,18.61,18.87,138633
"09-Sep-16",18.73,18.84,18.2,18.34,178016
"12-Sep-16",18.26,18.3419,18.01,18.2,201098
"13-Sep-16",18,18.12,17.675,17.78,287758
"14-Sep-16",17.8,18.06,17.62,17.77,187733
"15-Sep-16",17.79,18.08,17.53,18,165114
"16-Sep-16",17.85,18.09,17.52,17.89,532604
"19-Sep-16",17.9,18.23,17.54,18.05,153400
"20-Sep-16",18.2,18.27,17.96,18.14,188553
"21-Sep-16",18.45,18.78,18.28,18.75,244120
"22-Sep-16",18.86,19.19,18.63,19.12,289222
"23-Sep-16",19.11,19.2,18.74,18.74,176980
"26-Sep-16",18.61,18.805,18.01,18.02,175245
"27-Sep-16",17.95,18.13,17.8,18.07,146413
"28-Sep-16",18.07,18.52,17.995,18.51,123486
"29-Sep-16",18.42,18.58,18.039,18.12,113044
"30-Sep-16",18.28,18.59,18.11,18.39,199575
"03-Oct-16",18.36,18.44,18.16,18.27,156938
"04-Oct-16",18.25,18.89,18.105,18.76,185226
"05-Oct-16",18.89,19.09,18.56,18.92,190421
"06-Oct-16",18.91,19.08,18.7,19.02,129675
"07-Oct-16",19.05,19.33,19.01,19.26,240349
"10-Oct-16",19.37,19.49,19.17,19.25,122581
"11-Oct-16",19.18,19.31,18.94,19.16,128737
"12-Oct-16",19.16,19.46,18.97,19.29,129132
"13-Oct-16",19.05,19.36,18.955,19.05,177325
"14-Oct-16",19.26,19.42,18.86,19.17,118679
"17-Oct-16",19.2,19.36,19.05,19.3,103570
"18-Oct-16",19.51,19.5189,19.19,19.29,127632
"19-Oct-16",19.3,19.84,19.16,19.72,165966
"20-Oct-16",19.59,19.81,19.39,19.59,90119
"21-Oct-16",19.4,19.46,19.22,19.3,181800
"24-Oct-16",19.36,19.56,19.04,19.1,163596
"25-Oct-16",19.03,19.34,19.03,19.09,122013
"26-Oct-16",19.06,19.22,18.8,18.82,135207
"27-Oct-16",18.9,19.18,18.7,18.82,91852
"28-Oct-16",18.82,18.99,18.69,18.89,191489
"31-Oct-16",18.94,18.94,18.45,18.45,161749
"01-Nov-16",18.5,18.65,18.02,18.12,173241
"02-Nov-16",18.13,18.59,17.96,17.97,149875
"03-Nov-16",18.06,18.2,17.75,17.75,102758
"04-Nov-16",18.93,20.19,18.495,19.73,578344
"07-Nov-16",20.13,20.48,19.98,20.07,404391
"08-Nov-16",20.07,20.7,19.72,20.57,268614
"09-Nov-16",20.62,21.24,20.43,21.07,358554
"10-Nov-16",21.3,22.55,21.13,21.94,618776
"11-Nov-16",21.9,22.48,21.43,22.25,443655
"14-Nov-16",22.42,23.0799,22.31,22.8,551608
"15-Nov-16",22.63,22.72,22.25,22.59,534737
"16-Nov-16",22.59,23,22.59,22.91,429593
"17-Nov-16",22.9,23.47,22.61,23.18,478141
"18-Nov-16",23.12,23.5431,22.1932,23.29,331119
"21-Nov-16",23.29,23.454,22.87,23.03,304011
"22-Nov-16",23.17,23.61,22.85,23.61,236338
"23-Nov-16",23.59,23.83,23.17,23.83,270370
"25-Nov-16",23.8,24.12,23.68,23.93,129187
"28-Nov-16",23.87,24.65,23.57,24.36,514986
"29-Nov-16",24.48,24.78,24.23,24.645,216872
"30-Nov-16",24.87,24.9,24.28,24.5,274627
"01-Dec-16",24.55,25.21,24.55,25.205,397574
"02-Dec-16",25.23,25.23,24.28,24.37,275945
"05-Dec-16",24.67,25.03,24.24,25.01,410138
"06-Dec-16",25.05,25.68,24.95,25.55,302786
"07-Dec-16",25.62,26.14,25.5,26,342048
"08-Dec-16",26.02,27.25,25.66,26.6,556011
"09-Dec-16",26.53,27.03,26.05,26.74,472802
"12-Dec-16",26.76,26.94,26.26,26.78,281032
"13-Dec-16",26.76,27.17,25.49,26.56,518426
"14-Dec-16",26.32,26.42,25.41,25.95,370464
"15-Dec-16",25.94,26.44,25.82,25.96,528883
"16-Dec-16",26.11,26.32,25.86,26,818124
"19-Dec-16",23.19,23.51,21.02,21.99,3745853
"20-Dec-16",21.91,22.63,21.77,22.07,1249693
"21-Dec-16",22.13,22.925,22.13,22.72,553843
"22-Dec-16",22.51,23.3,22.48,22.9,496857
"23-Dec-16",22.84,23.015,22.7,22.83,180395
"27-Dec-16",22.93,23.129,22.53,22.64,161055
"28-Dec-16",22.56,22.89,22.31,22.64,329472
"29-Dec-16",22.66,22.78,22.3,22.65,276962
"30-Dec-16",22.7,22.7567,22.21,22.5,270324
"03-Jan-17",22.57,22.85,22.32,22.54,442970
"04-Jan-17",22.68,22.98,22.63,22.87,525319
"05-Jan-17",22.74,22.87,22.34,22.45,245629
"06-Jan-17",22.44,22.62,22.12,22.23,214208
"09-Jan-17",22.1,22.1,21.61,21.88,283900
"10-Jan-17",21.85,22.21,21.85,21.98,521141
"11-Jan-17",21.9,22.47,21.73,22.27,239029
"12-Jan-17",22.4,22.45,21.66,22.05,200017
"13-Jan-17",22.2,22.7,22.017,22.31,135313
"17-Jan-17",22.14,22.228,21.805,21.89,237188
"18-Jan-17",22.08,22.37,21.54,22.36,197571
"19-Jan-17",22.48,22.48,22,22.29,208049
"20-Jan-17",22.26,22.42,22.09,22.22,188922
"23-Jan-17",22.12,22.3,21.91,22.14,153437
"24-Jan-17",22.21,22.5,21.963,22.39,166090
"25-Jan-17",22.62,22.62,21.97,22,158376
"26-Jan-17",22.03,22.07,21.77,21.93,171387
"27-Jan-17",21.95,22,21.41,21.69,267035
"30-Jan-17",21.65,21.65,20.83,21.12,299577
"31-Jan-17",21.13,21.48,20.57,20.92,223363
"01-Feb-17",20.99,21.33,20.71,20.85,251503
"02-Feb-17",20.7,20.99,20.5559,20.95,291959
"03-Feb-17",21.21,21.21,20.62,20.94,310089
"06-Feb-17",20.93,21.31,20.85,21.04,252053
"07-Feb-17",21.14,21.145,20.44,20.56,258145
"08-Feb-17",20.53,21.03,20.36,20.98,271839
"09-Feb-17",21.08,21.57,20.77,21.35,273836
"10-Feb-17",21.53,21.615,21.21,21.27,310366
"13-Feb-17",21.32,21.5,20.92,21.41,246556
"14-Feb-17",21.29,21.75,21.12,21.66,436296
"15-Feb-17",21.59,22.47,21.59,22.46,485011
"16-Feb-17",22.36,22.81,22.02,22.63,536744
"17-Feb-17",22.66,22.67,22.3,22.5,400382
"21-Feb-17",22.41,22.41,21.73,22.18,519936
"22-Feb-17",22.04,22.39,21.9101,22.35,180947
"23-Feb-17",22.3,22.46,21.97,22.31,223278
"24-Feb-17",22.06,22.21,21.9,21.96,143155
"27-Feb-17",22,22.09,21.62,22.02,463543
"28-Feb-17",22,22.16,21.68,22.1,568558
"01-Mar-17",21,22.74,20.07,21.9,2692336
"02-Mar-17",22.04,23.55,22.04,22.35,866676
"03-Mar-17",22.26,22.98,22.26,22.42,401169
"06-Mar-17",22.34,22.415,21.5903,21.63,411270
"07-Mar-17",21.56,22.255,21.33,21.36,302309
"08-Mar-17",21.44,21.489,20.56,20.57,306020
"09-Mar-17",20.57,20.75,20.1,20.14,504500
"10-Mar-17",20.29,20.34,19.79,20.07,583689
"13-Mar-17",20.09,20.17,19.8,19.9,297285
"14-Mar-17",19.9,20.17,19.43,19.82,433827
"15-Mar-17",19.99,20.25,19.73,20.01,287292
"16-Mar-17",20.12,20.23,19.755,19.84,153137
"17-Mar-17",19.71,19.9,19.32,19.44,408508
"20-Mar-17",19.72,19.82,18.58,18.64,593848
"21-Mar-17",18.77,18.95,18.25,18.3,424167
"22-Mar-17",18.26,18.38,17.87,17.95,425101
"23-Mar-17",17.95,18.09,17.74,17.79,337962
"24-Mar-17",17.82,18.02,17.64,17.72,297210
"27-Mar-17",17.51,17.81,17.39,17.73,282288
"28-Mar-17",17.64,17.97,17.48,17.88,206997
"29-Mar-17",17.87,18.37,17.8,18.29,514946
"30-Mar-17",18.33,18.73,18.33,18.63,258012
"31-Mar-17",18.52,18.91,18.5,18.86,553646
"03-Apr-17",18.92,19.07,18.52,18.65,377730
"04-Apr-17",18.62,18.9473,18.5,18.8,260405
"05-Apr-17",18.81,19.1,18.635,18.73,404922
"06-Apr-17",18.72,19.76,18.7,19.71,435466
"07-Apr-17",19.57,19.645,19.08,19.22,442408
"10-Apr-17",19.26,19.743,19.13,19.62,263606
"11-Apr-17",19.6,19.78,19.43,19.74,259670
"12-Apr-17",19.74,19.84,19.55,19.75,239421
"13-Apr-17",19.65,19.82,19.31,19.32,246684
"17-Apr-17",19.4,19.77,19.34,19.72,152885
"18-Apr-17",19.58,19.93,19.305,19.85,228274
"19-Apr-17",19.97,20.22,19.66,19.7,236178
"20-Apr-17",19.99,20.09,19.5,19.62,214346
"21-Apr-17",19.72,19.72,19.4,19.42,223264
"24-Apr-17",19.78,19.87,19.56,19.76,168306
"25-Apr-17",19.92,20.28,19.77,19.79,181058
"26-Apr-17",19.78,20.19,19.78,19.92,180452
"27-Apr-17",20.02,20.02,19.3,19.69,299560
"28-Apr-17",19.65,19.71,19.3,19.43,266504
"01-May-17",19.37,19.37,18.78,18.87,537378
"02-May-17",18.93,19,18.7,18.79,209428
"03-May-17",18.67,18.759,18.3028,18.43,402223
"04-May-17",18.53,19.324,18.12,18.33,264179
"05-May-17",18.41,18.74,18.27,18.38,274914
"08-May-17",18.33,18.56,18.3,18.5,324729
"09-May-17",18.5,18.56,18.22,18.37,252917
"10-May-17",18.3,18.54,18.06,18.1,395321
"11-May-17",17.63,17.69,16.48,17.34,991075
"12-May-17",18.14,18.14,17.17,17.18,522463
"15-May-17",17.22,17.45,17.09,17.3,309905
"16-May-17",17.27,17.34,16.74,16.91,623565
"17-May-17",16.81,16.97,16.46,16.68,569663
"18-May-17",16.6,16.84,16.14,16.16,559962
"19-May-17",16.07,16.555,16.07,16.49,516331
"22-May-17",16.48,16.72,16.095,16.64,535461
"23-May-17",16.76,16.89,16.6,16.82,238791
"24-May-17",16.78,17.3,16.78,17.11,464381
"25-May-17",17.1,17.48,17.1,17.2,268550
"26-May-17",17.14,17.18,16.88,17.15,272568
"30-May-17",17.09,17.09,16.63,16.63,310802
"31-May-17",16.62,16.725,16.38,16.52,426161
"01-Jun-17",16.55,17.04,16.41,16.99,289249
"02-Jun-17",16.97,17.07,16.76,16.79,187348
"05-Jun-17",16.77,16.93,16.295,16.37,447558
"06-Jun-17",16.31,16.4,16.09,16.17,319914
"07-Jun-17",16.22,16.4,16.11,16.35,321002
"08-Jun-17",16.28,16.78,16.2,16.74,368194
"09-Jun-17",16.78,17.27,16.6068,17.06,441147
"12-Jun-17",17.03,17.31,16.71,16.87,307550
"13-Jun-17",16.91,16.96,16.7,16.83,218905
"14-Jun-17",16.84,16.84,16.29,16.43,235441
"15-Jun-17",16.32,16.49,16.165,16.21,213322
"16-Jun-17",16.09,16.31,15.8,15.95,689134
"19-Jun-17",16.05,16.15,15.945,16,223968
"20-Jun-17",15.95,15.95,15.67,15.85,237492
"21-Jun-17",15.92,16.37,15.78,16.18,549443
"22-Jun-17",16.11,16.29,15.965,16.19,417399
"23-Jun-17",16.2,16.42,16.17,16.36,347678
"26-Jun-17",16.4,16.81,16.13,16.76,307920
"27-Jun-17",16.81,17.02,16.72,16.75,238274
"28-Jun-17",16.83,17.2,16.82,17,385446
"29-Jun-17",17.11,17.86,17.1,17.78,363169
"30-Jun-17",17.88,17.88,17.19,17.35,327825
"03-Jul-17",17.35,17.9,17.3196,17.85,145185
"05-Jul-17",17.86,17.99,17.47,17.63,255080
"06-Jul-17",17.62,17.77,17.22,17.3,240011
"07-Jul-17",17.29,17.36,17.12,17.36,157178
"10-Jul-17",17.35,17.73,17.21,17.57,313830
"11-Jul-17",17.56,17.56,17.23,17.36,262120
"12-Jul-17",17.41,17.77,17.27,17.42,233279
"13-Jul-17",17.46,17.71,17.39,17.48,138702
"14-Jul-17",17.39,17.91,17.37,17.83,193608
"17-Jul-17",17.76,18.07,17.59,18.01,264644
"18-Jul-17",17.93,18.07,17.73,17.77,132791
"19-Jul-17",17.79,18.06,17.075,17.94,151299
"20-Jul-17",21.01,22.02,20.76,21.22,2285258
"21-Jul-17",21.56,21.608,20.0588,20.17,797386
"24-Jul-17",20.53,20.53,20.04,20.31,395374
"25-Jul-17",20.37,20.79,20.35,20.41,415467
"26-Jul-17",20.43,20.43,19.97,20.12,333926
"27-Jul-17",20.1,20.29,19.87,20.26,175003
"28-Jul-17",20.25,20.4,19.96,20.38,154148
"31-Jul-17",20.41,20.47,20.2,20.43,159893
"01-Aug-17",20.47,20.6,20.15,20.27,134702
"02-Aug-17",20.28,20.28,19.82,19.85,191948
"03-Aug-17",19.84,20.035,19.36,19.54,371156
"04-Aug-17",19.63,19.8,19.38,19.72,262078
"07-Aug-17",19.72,19.94,19.62,19.79,155202
"08-Aug-17",19.7,20.06,19.7,19.75,444033
"09-Aug-17",19.62,20.03,19.44,19.97,285295
"10-Aug-17",20.99,20.99,19.175,19.66,440418
"11-Aug-17",19.65,19.695,18.81,19.08,519456
"14-Aug-17",19.1,19.24,18.84,18.88,252153
"15-Aug-17",18.95,18.95,18.33,18.37,261667
"16-Aug-17",18.37,18.76,18.37,18.66,288614
"17-Aug-17",18.55,18.81,18.14,18.18,224122
"18-Aug-17",18.04,18.3,17.98,18.18,216061
"21-Aug-17",18.13,18.34,18,18.18,260762
"22-Aug-17",18.23,18.475,18.1323,18.33,168309
"23-Aug-17",18.25,18.52,18.25,18.44,177862
"24-Aug-17",18.46,18.54,18.22,18.31,117784
"25-Aug-17",18.37,18.41,18.165,18.36,210808
"28-Aug-17",18.43,18.61,17.98,18.19,289894
"29-Aug-17",18.11,18.12,17.8,18.1,123345
"30-Aug-17",18.13,18.3,18.08,18.26,120336
"31-Aug-17",18.28,18.39,18.11,18.19,141522
"01-Sep-17",18.21,18.53,18.17,18.4,152406
"05-Sep-17",18.37,18.37,17.28,17.37,295991
"06-Sep-17",17.39,17.83,17.33,17.61,194711
"07-Sep-17",17.66,17.66,17.1,17.42,238493
"08-Sep-17",17.29,17.65,17.115,17.63,203902
"11-Sep-17",17.94,18.29,17.86,18.07,200973
"12-Sep-17",18.08,18.42,18.08,18.13,148566
"13-Sep-17",18.13,18.3,18.07,18.13,124336
"14-Sep-17",18.1,18.31,17.94,18.09,133611
"15-Sep-17",18.09,18.26,17.86,18.11,267604
"18-Sep-17",18.14,18.38,17.78,17.92,287155
"19-Sep-17",17.94,18.06,17.655,17.73,198912
"20-Sep-17",17.74,17.87,17.49,17.8,216794
"21-Sep-17",17.85,18.02,17.27,17.3,306057
"22-Sep-17",17.33,17.87,17.29,17.82,248335
"25-Sep-17",17.76,18.06,17.59,17.67,122387
"26-Sep-17",17.67,17.7599,17.16,17.17,275968
"27-Sep-17",17.26,17.36,16.75,17.18,550105
"28-Sep-17",17.15,17.4,17.06,17.37,264122
"29-Sep-17",17.36,17.46,16.93,17.26,363002
"02-Oct-17",17.22,17.49,17.07,17.45,377173
"03-Oct-17",17.53,17.79,17.44,17.68,230357
"04-Oct-17",17.29,17.3,16.31,16.7,1318278
"05-Oct-17",16.83,17.07,16.59,16.6,344239
"06-Oct-17",16.85,17,16.65,16.92,389019
"09-Oct-17",16.9,17.04,16.6,16.72,359142
"10-Oct-17",16.84,16.97,16.59,16.6,201656
"11-Oct-17",16.56,16.57,16.31,16.5,337111
"12-Oct-17",16.49,16.49,15.9,16.08,358468
"13-Oct-17",16.1,16.39,16.04,16.22,355194
"16-Oct-17",16.3,16.38,16.07,16.17,175887
"17-Oct-17",16.2,16.35,16.06,16.15,355522
"18-Oct-17",16.2,16.48,16.13,16.38,316323
"19-Oct-17",16.28,16.4105,16.11,16.26,301843
"20-Oct-17",16.42,16.89,16.2825,16.62,280807
"23-Oct-17",16.63,16.63,16.08,16.14,173708
"24-Oct-17",16.14,16.3,16.12,16.15,207870
"25-Oct-17",16.14,16.21,15.89,15.99,330507
"26-Oct-17",16.03,16.2,15.82,16.15,265760
"27-Oct-17",16.17,16.23,15.9,16.19,421966
"30-Oct-17",16.13,16.3,15.92,16.14,413818
"31-Oct-17",16.23,16.345,16.09,16.28,406262
"01-Nov-17",16.35,16.515,16.09,16.14,203405
"02-Nov-17",16.13,16.26,16.06,16.2,231752
"03-Nov-17",16.2,16.35,16.03,16.11,407347
"06-Nov-17",16.05,16.08,15.52,15.7,438550
"07-Nov-17",15.69,15.7316,15.445,15.51,399008
"08-Nov-17",15.62,16.11,15.51,16.01,886840
"09-Nov-17",15.55,15.55,13.17,13.35,3016466
"10-Nov-17",13.25,13.81,13.2205,13.81,1013664
"13-Nov-17",13.66,14.23,13.66,14.01,579851
"14-Nov-17",13.95,14.18,13.9,14.05,567086
"15-Nov-17",14.06,14.39,13.945,14.31,561508
"16-Nov-17",14.25,14.33,14.05,14.1,472061
"17-Nov-17",13.98,14.22,13.72,14.2,355595
"20-Nov-17",14.14,14.32,14.08,14.25,255355
"21-Nov-17",14.27,14.35,13.97,14,528429
"22-Nov-17",14.02,14.31,13.96,14.19,295321
"24-Nov-17",14.25,14.37,14.19,14.22,130727
"27-Nov-17",14.21,14.57,14.17,14.42,306057
"28-Nov-17",14.35,14.69,14.23,14.64,290859
"29-Nov-17",14.61,15.08,14.3,15.01,320192
"30-Nov-17",15.08,15.2,14.92,15.06,425277
"01-Dec-17",15.05,15.3,14.735,15.25,289289
"04-Dec-17",15.4,15.58,15.11,15.5,330546
"05-Dec-17",15.55,15.55,14.98,14.98,262640
"06-Dec-17",14.97,15.03,14.77,14.8,200365
"07-Dec-17",14.8,15.05,14.67,14.73,191919
"08-Dec-17",14.83,15.08,14.73,15.01,238164
"11-Dec-17",15.01,15.24,14.97,15.11,369198
"12-Dec-17",15.16,15.2,14.56,15,408168
"13-Dec-17",15.04,15.04,14.59,14.6,274315
"14-Dec-17",14.61,14.7,14.24,14.34,312194
"15-Dec-17",14.36,14.87,14.36,14.79,538629
"18-Dec-17",14.83,15.06,14.605,14.64,247576
"19-Dec-17",14.7,14.79,14.19,14.24,220521
"20-Dec-17",14.27,14.53,14.18,14.44,228209
"21-Dec-17",14.45,14.81,14.45,14.73,308914
"22-Dec-17",14.69,14.71,14.35,14.67,333012
"26-Dec-17",14.64,14.78,14.41,14.6,328675
"27-Dec-17",14.52,14.64,14.48,14.51,231575
"28-Dec-17",14.58,15.83,14.46,15.8,958502
"29-Dec-17",15.8,16.43,15.7101,15.98,418905
"02-Jan-18",16,16.25,15.7,15.91,405822
"03-Jan-18",15.91,16.05,15.68,15.69,299309
"04-Jan-18",15.75,16.01,15.54,15.96,878334
"05-Jan-18",16.05,16.15,15.855,15.98,412569
"08-Jan-18",15.93,16.01,15.73,15.86,320695
"09-Jan-18",15.93,15.93,15.61,15.63,306037
"10-Jan-18",15.59,16.15,15.59,15.82,823923
"11-Jan-18",15.85,16,15.71,15.73,285512
"12-Jan-18",15.76,16.13,15.69,16.07,713517
"16-Jan-18",16.16,16.21,15.61,15.78,445616
"17-Jan-18",15.79,15.89,15.53,15.73,286855
"18-Jan-18",15.72,15.83,15.52,15.74,565351
"19-Jan-18",15.75,15.959,15.68,15.95,287462
"22-Jan-18",15.99,16.25,15.9,16.02,707895
"23-Jan-18",16.37,17.07,16.37,16.9,1333169
"24-Jan-18",17.07,17.0899,16.75,16.88,348124
"25-Jan-18",16.88,17.02,16.38,16.45,370080
"26-Jan-18",16.45,16.6,16.27,16.58,275021
"29-Jan-18",16.56,16.7,16.47,16.5,187152
"30-Jan-18",16.49,16.6,16.22,16.32,193511
"31-Jan-18",16.33,16.43,16.1,16.2,195527
"01-Feb-18",16.13,16.35,16.07,16.35,235321
"02-Feb-18",16.29,16.45,15.79,15.79,220088
"05-Feb-18",15.82,15.92,15.17,15.19,677503
"06-Feb-18",14.97,15.28,14.91,15.14,456449
"07-Feb-18",15.11,15.35,14.97,15.02,283455
"08-Feb-18",15.05,15.0999,14.6,14.62,421797
"09-Feb-18",14.8,14.8,14.21,14.68,491900
"12-Feb-18",14.72,14.88,14.38,14.77,247047
"13-Feb-18",14.74,14.93,14.58,14.91,198093
"14-Feb-18",14.81,15.94,14.81,15.89,378575
"15-Feb-18",15.96,15.96,15.56,15.75,235852
"16-Feb-18",15.75,16.31,15.75,16.27,330955
"20-Feb-18",16.11,16.23,15.83,15.84,464342
"21-Feb-18",15.85,16.16,15.84,15.84,839898
"22-Feb-18",15.84,16.07,15.67,15.68,942995
"23-Feb-18",15.79,15.92,15.52,15.88,193585
"26-Feb-18",15.88,16.05,15.64,15.72,254618
"27-Feb-18",15.76,15.94,15.14,15.16,292934
"28-Feb-18",15.33,15.45,14.92,15.15,347949
"01-Mar-18",15.51,15.74,14.86,15.17,643394
"02-Mar-18",14.97,15.25,14.64,15.09,476160
"05-Mar-18",15.08,15.2,14.76,15.02,351578
"06-Mar-18",15.04,15.21,14.77,15.05,307114
"07-Mar-18",14.93,15.18,14.88,15.08,289225
"08-Mar-18",15.09,15.21,14.72,14.91,266153
"09-Mar-18",15.06,15.08,14.74,15.01,356162
"12-Mar-18",15,15.12,14.845,15.01,192314
"13-Mar-18",15.04,15.29,14.86,14.93,168808
"14-Mar-18",14.96,14.98,14.47,14.5,414332
"15-Mar-18",14.48,14.55,14.16,14.43,514049
"16-Mar-18",14.49,14.84,14.44,14.5,420276
"19-Mar-18",14.49,14.74,14.19,14.27,307434
"20-Mar-18",14.3,14.3,13.96,14.14,283079
"21-Mar-18",14.15,14.47,14.11,14.39,289263
"22-Mar-18",14.27,14.6,14.16,14.46,511660
"23-Mar-18",14.46,14.47,14.11,14.18,280131
"26-Mar-18",14.35,15.12,14.34,15.11,464650
"27-Mar-18",15.1,15.47,14.7,15.3,443583
"28-Mar-18",15.35,15.79,15.17,15.67,418881
"29-Mar-18",15.71,15.97,14.9949,15.68,407237
"02-Apr-18",15.58,15.68,15.17,15.24,348802
"03-Apr-18",15.26,15.51,15.2,15.4,196482
"04-Apr-18",15.3,15.94,15.3,15.8,299130
"05-Apr-18",15.93,16.2,15.2104,16.17,377306
"06-Apr-18",16.05,16.7,16.04,16.2,492398
"09-Apr-18",16.21,16.43,16.03,16.08,377649
"10-Apr-18",16.2,16.99,16.2,16.96,625317
"11-Apr-18",16.91,17.545,16.91,17.45,431770
"12-Apr-18",17.59,18.065,17.55,17.94,499049
"13-Apr-18",18.02,18.16,17.69,17.76,338655
"16-Apr-18",17.87,18.11,17.74,17.74,412072
"17-Apr-18",17.81,17.95,17.68,17.81,332885
"18-Apr-18",17.92,17.99,17.5925,17.65,222548
"19-Apr-18",17.59,17.92,17.59,17.74,341105
"20-Apr-18",17.8,18.07,17.8,17.91,349064
"23-Apr-18",17.96,18.09,17.52,17.55,326889
"24-Apr-18",17.6,17.82,17.54,17.77,595821
"25-Apr-18",17.82,17.85,17.52,17.58,293158
"26-Apr-18",17.57,17.74,17.5,17.64,162275
"27-Apr-18",17.64,17.92,17.46,17.49,276669
"30-Apr-18",17.49,17.7,17.03,17.03,244495
"01-May-18",17.05,17.11,16.8,17.05,346333
"02-May-18",16.96,17.07,16.72,16.73,342163
"03-May-18",16.73,16.81,16.36,16.65,367805
"04-May-18",16.63,17.12,16.63,16.93,445395
"07-May-18",16.96,17.19,16.82,16.89,425449
"08-May-18",16.88,17,16.745,16.97,651244
"09-May-18",17.6,18.43,17.55,18.3,1140321
"10-May-18",18.26,18.5,18.02,18.34,697901
"11-May-18",18.44,18.8,18.4,18.61,528416
"14-May-18",18.87,19.34,18.42,18.65,1481523
"15-May-18",18.56,19.22,18.44,19.02,552527
"16-May-18",19.04,19.48,18.9121,19.14,599745
"17-May-18",19.13,19.32,18.69,18.92,519197
"18-May-18",19.1,19.21,18.79,18.84,1028703
"21-May-18",18.92,19.28,18.77,18.99,504836
"22-May-18",19,19.49,18.89,18.9,690672
"23-May-18",18.84,18.98,18.59,18.71,474343
"24-May-18",18.62,18.84,18.51,18.66,254594
"25-May-18",18.6,18.91,18.47,18.63,277614
"29-May-18",18.43,18.74,18.36,18.46,469287
"30-May-18",18.54,18.88,18.45,18.71,481448
"31-May-18",18.65,19,18.48,18.53,327092
"01-Jun-18",19.71,20.41,19.68,20.23,3557586
"04-Jun-18",20.42,20.42,19.47,19.47,7213107
"05-Jun-18",19.37,19.54,18.97,19.53,1530030
"06-Jun-18",19.85,20.34,19.82,20.19,1073092
"07-Jun-18",20.17,20.29,19.82,19.85,704484
"08-Jun-18",19.74,20.2,19.7,20.16,718595
"11-Jun-18",20.31,20.98,20.26,20.93,975519
"12-Jun-18",20.92,21.11,20.74,20.88,752998
"13-Jun-18",20.94,20.99,20.59,20.85,514808
"14-Jun-18",20.84,20.99,20.4,20.42,513948
"15-Jun-18",20.3,20.3,20,20.17,705050
"18-Jun-18",20.06,20.28,20.015,20.22,628283
"19-Jun-18",20.15,20.528,20.12,20.2,360391
"20-Jun-18",20.29,20.31,19.86,19.86,589259
"21-Jun-18",19.87,20.13,19.55,20.08,936416
"22-Jun-18",20.13,20.33,19.795,19.82,399380
"25-Jun-18",19.7,19.97,19.42,19.61,336096
"26-Jun-18",19.73,20,19.55,19.83,744602
"27-Jun-18",19.73,19.79,19.59,19.68,894401
"28-Jun-18",19.7,20,19.59,19.98,452816
"29-Jun-18",20.12,20.25,19.77,19.85,373308
"02-Jul-18",19.77,19.82,19.3,19.68,687774
"03-Jul-18",19.82,19.9,19.46,19.48,183564
"05-Jul-18",19.49,19.68,19.33,19.49,340761
"06-Jul-18",19.54,19.96,19.36,19.85,224689
"09-Jul-18",19.96,20.24,19.8,20.2,410076
"10-Jul-18",20.32,20.4,20.13,20.3,303641
"11-Jul-18",20.23,20.32,20.09,20.17,539696
"12-Jul-18",20.31,20.35,19.96,20.21,696698
"13-Jul-18",20.19,20.31,19.99,20.23,278309
"16-Jul-18",20.24,20.48,20.205,20.26,151113
"17-Jul-18",20.19,20.45,20.19,20.32,271509
"18-Jul-18",20.43,20.44,20.205,20.34,872655
"19-Jul-18",20.31,20.37,20.06,20.14,438788
"20-Jul-18",20.09,20.25,19.98,20.22,170749
"23-Jul-18",20.12,20.49,20.11,20.46,436310
"24-Jul-18",20.57,20.84,20.29,20.36,245437
"25-Jul-18",20.27,20.27,19.8725,20.08,181589
"26-Jul-18",20.19,20.69,20.04,20.19,343333
"27-Jul-18",20.25,20.4,19.77,19.92,306779
"30-Jul-18",19.88,20.23,19.835,19.9,206168
"31-Jul-18",20.03,20.47,19.78,20.42,327412
"01-Aug-18",20.5,20.57,20.17,20.54,573177
"02-Aug-18",20.35,20.77,20.31,20.7,327698
"03-Aug-18",20.74,20.93,20.59,20.79,214669
"06-Aug-18",20.74,20.98,20.61,20.69,293520
"07-Aug-18",20.85,20.94,20.65,20.7,211424
"08-Aug-18",20.82,21.12,20.54,20.93,466188
"09-Aug-18",22.48,23.34,21.79,21.91,1341948
"10-Aug-18",21.62,21.985,21.3585,21.87,635092
"13-Aug-18",21.81,22.05,21.55,21.82,376545
"14-Aug-18",21.82,21.91,21.72,21.89,268401
"15-Aug-18",21.81,22.07,21.6999,21.83,285468
"16-Aug-18",21.85,22.415,21.82,22.13,505615
"17-Aug-18",22.06,22.29,22,22.22,305465
"20-Aug-18",22.23,22.36,21.89,21.94,273155
"21-Aug-18",22.01,22.06,21.64,21.7,480702
"22-Aug-18",21.62,21.81,21.46,21.81,222804
"23-Aug-18",21.73,21.78,21.5,21.73,182526
"24-Aug-18",21.78,21.96,21.7,21.74,283674
"27-Aug-18",21.82,22,21.65,21.72,171538
"28-Aug-18",21.68,21.71,21.25,21.27,247785
"29-Aug-18",21.23,21.34,20.84,21.26,714271
"30-Aug-18",21.26,21.34,21.07,21.16,161200
"31-Aug-18",21.18,21.23,21,21.13,145219
"04-Sep-18",21.17,21.2625,20.91,21.02,222345
"05-Sep-18",20.96,21.24,20.89,21.03,212996
"06-Sep-18",21.04,21.25,21.01,21.12,109200
"07-Sep-18",21.12,21.28,21.05,21.12,123421
"10-Sep-18",21.18,21.27,20.95,21,120750
"11-Sep-18",20.95,21.35,20.8,21.19,170572
"12-Sep-18",21.11,21.3,20.93,21.16,161869
"13-Sep-18",21.18,21.47,21.1466,21.2,151686
"14-Sep-18",21.28,21.61,21.28,21.32,248172
"17-Sep-18",21.32,21.49,20.985,20.99,232831
"18-Sep-18",21.09,21.4,21.01,21.18,150457
"19-Sep-18",21.18,21.52,21.18,21.39,377767
"20-Sep-18",21.49,21.74,21.385,21.58,477390
"21-Sep-18",21.55,21.65,21.19,21.32,500965
"24-Sep-18",21.28,21.49,21.02,21.04,275483
"25-Sep-18",21.12,21.14,20.8,20.81,383242
"26-Sep-18",20.81,20.93,20.4,20.41,226883
"27-Sep-18",20.48,20.69,20.39,20.44,150097
"28-Sep-18",20.38,20.94,20.24,20.42,249141
"01-Oct-18",20.57,20.625,20.09,20.09,391337
"02-Oct-18",20.09,20.28,19.96,20.12,342439
"03-Oct-18",20.21,20.51,20.03,20.31,298967
"04-Oct-18",20.29,20.56,19.8,19.82,312926
"05-Oct-18",19.92,19.95,19.58,19.71,314179
"08-Oct-18",19.71,19.895,19.63,19.77,286764
"09-Oct-18",19.77,20.21,19.59,20.11,242650
"10-Oct-18",20.02,20.26,19.58,19.64,345861
"11-Oct-18",19.6,19.6,19.1,19.1,417426
"12-Oct-18",19.31,19.31,18.56,18.97,433952
"15-Oct-18",18.86,19.08,18.64,18.92,281499
"16-Oct-18",18.99,19.62,18.85,19.61,1350530
"17-Oct-18",19.6,19.81,19.31,19.7,278144
"18-Oct-18",19.67,19.79,19.345,19.38,328765
"19-Oct-18",19.38,19.72,19.35,19.6,458157
"22-Oct-18",19.63,20.07,19.61,20.02,388716
"23-Oct-18",19.76,20.16,19.64,20.07,523483
"24-Oct-18",20.02,20.02,19.22,19.47,764362
"25-Oct-18",19.53,19.95,19.2,19.85,612015
"26-Oct-18",19.55,20.19,19.5,19.99,449457
"29-Oct-18",20.1,20.62,20.08,20.37,516765
"30-Oct-18",20.4,20.69,20.28,20.55,279280
"31-Oct-18",20.7,20.84,20.51,20.58,357394
"01-Nov-18",20.6,20.87,20.57,20.77,323953
"02-Nov-18",20.8,20.9,20.66,20.84,538221
"05-Nov-18",20.88,21.28,20.86,20.9,2405025
"06-Nov-18",20.85,21.2,20.62,21.12,791492
"07-Nov-18",21.13,21.38,20.73,20.97,476966
"08-Nov-18",19.87,19.87,18.64,18.98,1335189
"09-Nov-18",18.99,19.98,18.97,19.4,1295357
"12-Nov-18",19.33,19.33,18.41,18.53,993947
"13-Nov-18",18.48,19.06,18.39,18.51,596228
"14-Nov-18",18.59,18.68,18.045,18.21,475120
"15-Nov-18",18.16,18.385,17.8951,18.24,631221
"16-Nov-18",18.04,18.16,17.65,17.77,409113
"19-Nov-18",17.77,18,17.65,17.72,626743
"20-Nov-18",17.71,17.79,16.97,17.06,485811
"21-Nov-18",16.95,17.54,16.95,17.37,220075
"23-Nov-18",17.23,17.45,17.165,17.22,113892
"26-Nov-18",17.33,17.5,17.15,17.34,309320
"27-Nov-18",17.31,17.46,17.05,17.05,296677
"28-Nov-18",17.04,17.3551,16.81,17.32,443716
"29-Nov-18",17.29,17.89,17.26,17.67,546424
"30-Nov-18",17.6,17.91,17.26,17.48,562478
"03-Dec-18",17.48,17.58,17.13,17.48,361731
"04-Dec-18",17.41,17.46,16.72,16.82,555111
"06-Dec-18",16.68,16.68,16.35,16.6,574160
"07-Dec-18",16.64,16.8,16.31,16.41,304020
"10-Dec-18",16.37,16.37,15.75,16,497968
"11-Dec-18",16.2,16.465,15.82,16.21,637970
"12-Dec-18",16.38,16.53,16.12,16.12,534234
"13-Dec-18",16.21,16.49,16.105,16.12,297389
"14-Dec-18",15.97,16.22,15.775,15.85,362993
"17-Dec-18",15.83,16.31,15.8,15.95,439782
"18-Dec-18",15.99,16.12,15.78,15.81,586208
"19-Dec-18",15.7,16.19,15.56,15.63,396713
"20-Dec-18",15.64,15.92,15.325,15.38,629067
"21-Dec-18",15.3,15.95,15.02,15.69,2377239
"24-Dec-18",15.52,16.565,15.495,16.38,643206
"26-Dec-18",16.37,16.98,15.775,16.96,625076
"27-Dec-18",16.68,17.01,16.605,16.89,639112
"28-Dec-18",16.98,17.09,16.7,16.85,675944
"31-Dec-18",16.97,17.24,16.79,17.24,333337
"02-Jan-19",17.01,17.55,17.01,17.54,325492
"03-Jan-19",17.45,17.73,17.26,17.55,349898
"04-Jan-19",17.69,18.11,17.37,18.11,436900
"07-Jan-19",18.16,18.63,17.9,18.41,431727
"08-Jan-19",18.42,18.6,18.3179,18.57,251715
"09-Jan-19",18.6,18.83,18.55,18.62,260510
"10-Jan-19",18.62,18.74,18.36,18.56,355445
"11-Jan-19",18.55,18.755,18.48,18.73,220331
"14-Jan-19",18.63,18.87,18.4501,18.6,181894
"15-Jan-19",18.6,18.71,18.44,18.65,185237
"16-Jan-19",18.69,19.03,18.69,18.84,219153
"17-Jan-19",18.77,18.98,18.75,18.9,207133
"18-Jan-19",18.89,19.05,18.79,18.86,162343
"22-Jan-19",18.75,18.9,18.29,18.34,186137
"23-Jan-19",18.39,18.66,18.1425,18.2,223082
"24-Jan-19",18.21,18.41,18.09,18.29,137397
"25-Jan-19",18.32,18.72,18.32,18.6,165782
"28-Jan-19",18.49,18.74,18.49,18.61,193381
"29-Jan-19",18.57,18.91,18.53,18.53,322700
"30-Jan-19",18.54,18.77,18.44,18.67,124128
"31-Jan-19",18.6,18.93,18.56,18.92,146561
"01-Feb-19",19.03,19.22,19,19.06,155458
"04-Feb-19",19.02,19.04,18.67,19.03,160654
"05-Feb-19",19.01,19.3,18.98,19.28,177162
"06-Feb-19",19.3,19.31,19.1,19.14,102468
"07-Feb-19",19.12,19.27,18.77,19.05,188526
"08-Feb-19",18.98,19.13,18.73,18.88,99352
"11-Feb-19",18.88,19.11,18.715,19.11,142826
"12-Feb-19",19.3,19.32,19.06,19.29,159202
"13-Feb-19",19.28,19.53,19.28,19.47,188775
"14-Feb-19",19.41,19.78,19.25,19.33,198574
"15-Feb-19",19.45,19.88,19.45,19.55,227153
"19-Feb-19",19.5,19.9,19.42,19.78,210979
"20-Feb-19",19.75,20.2,19.7,20.1,238268
"21-Feb-19",20.12,20.15,19.79,19.87,104092
"22-Feb-19",19.92,20.18,19.84,19.95,139970
"25-Feb-19",20.07,20.21,19.67,19.71,154098
"26-Feb-19",19.66,19.81,19.58,19.71,172198
"27-Feb-19",19.63,19.71,19.55,19.67,111607
"28-Feb-19",19.71,19.865,19.45,19.77,288679
"01-Mar-19",20.53,21.012,19.54,20.37,642700
"04-Mar-19",20.39,20.5,19.99,20.11,285157
"05-Mar-19",20.23,20.23,19.93,20.12,200758
"06-Mar-19",20.07,20.3,19.63,19.65,354811
"07-Mar-19",19.59,19.94,19.4,19.57,243165
"08-Mar-19",19.51,19.67,19.41,19.5,170854
"11-Mar-19",19.5,19.96,19.5,19.69,176341
"12-Mar-19",19.77,19.77,19.41,19.56,247533
"13-Mar-19",19.67,19.9,19.55,19.71,172399
"14-Mar-19",19.75,20.02,19.71,19.87,250730
"15-Mar-19",19.85,20.17,19.74,19.83,694546
"18-Mar-19",19.86,20.16,19.66,19.72,298605
"19-Mar-19",19.82,19.88,19.57,19.76,319278
"20-Mar-19",19.75,19.79,19.48,19.53,320160
"21-Mar-19",19.47,19.73,19.35,19.38,408638
"22-Mar-19",19.32,19.43,18.74,18.74,281809
"25-Mar-19",18.75,19.05,18.48,18.74,244362
"26-Mar-19",18.76,18.89,18.54,18.6,252565
"27-Mar-19",18.62,18.71,18.37,18.42,170280
"28-Mar-19",18.43,18.465,18.16,18.25,189876
"29-Mar-19",18.31,19.02,18.03,18.12,297251
"01-Apr-19",18.24,18.39,18.06,18.06,289488
"02-Apr-19",18.07,18.23,18.01,18.07,252607
"03-Apr-19",18.17,18.19,17.8827,18,290595
"04-Apr-19",17.97,18.59,17.97,18.52,290317
"05-Apr-19",18.52,18.76,18.25,18.37,257926
"08-Apr-19",18.32,18.45,18.175,18.3,238191
"09-Apr-19",18.28,18.28,17.97,18.08,232093
"10-Apr-19",18.12,18.295,17.97,17.98,305589
"11-Apr-19",18.02,18.515,17.985,18.42,295521
"12-Apr-19",18.55,18.55,18.22,18.37,189257
"15-Apr-19",18.34,18.51,18.1,18.15,167170
"16-Apr-19",18.19,18.49,18.15,18.42,163455
"17-Apr-19",18.49,18.66,18.34,18.39,131225
"18-Apr-19",18.34,18.53,18.34,18.5,144808
"22-Apr-19",18.44,18.58,18.16,18.35,259521
"23-Apr-19",18.41,18.7,18.3201,18.55,175535
"24-Apr-19",18.48,18.64,18.36,18.38,178887
"25-Apr-19",18.32,18.57,18.22,18.31,137374
"26-Apr-19",18.3,18.53,18.15,18.4,158656
"29-Apr-19",18.42,18.98,18.42,18.87,322605
"30-Apr-19",18.92,19.04,18.57,18.7,256777
"01-May-19",18.69,18.8,18.46,18.52,383467
"02-May-19",18.53,18.82,18.53,18.59,173541
"03-May-19",18.7,19.22,18.7,19.09,216728
"06-May-19",18.91,19.28,18.87,19.04,156335
"07-May-19",18.88,19.07,18.36,18.59,242300
"08-May-19",18.59,18.82,18.56,18.59,177937
"09-May-19",18.48,18.96,18.41,18.89,286456
"10-May-19",18.19,18.975,16.95,17.01,821280
"13-May-19",16.9,17.05,16.57,16.69,502535
"14-May-19",17.05,17.69,16.93,16.96,359137
"15-May-19",16.79,17.075,16.53,16.96,213570
"16-May-19",16.97,17.11,16.82,16.84,159131
"17-May-19",16.66,16.67,16.345,16.48,334299
"20-May-19",16.42,16.74,16.35,16.48,328764
"21-May-19",16.5,16.72,16.49,16.53,342446
"22-May-19",16.48,16.51,16.21,16.38,179933
"23-May-19",16.28,16.28,15.88,16.11,334445
"24-May-19",16.21,16.21,15.96,16.09,261545
"28-May-19",16.09,16.12,15.75,15.79,1202465
"29-May-19",15.75,15.9,15.22,15.4,629004
"30-May-19",15.41,15.635,15.04,15.19,334428
"31-May-19",15.15,15.22,14.98,15.2,343649
"03-Jun-19",15.18,15.24,14.77,15.14,377069
"04-Jun-19",15.42,15.55,15.25,15.48,265047
"05-Jun-19",15.47,15.47,15.03,15.12,249202
"06-Jun-19",15.06,15.095,14.77,14.97,292554
"07-Jun-19",14.98,14.98,14.78,14.88,219615
"10-Jun-19",14.91,15.07,14.67,14.71,300733
"11-Jun-19",14.85,14.91,14.7,14.87,334676
"12-Jun-19",14.5,14.81,14.44,14.54,433936
"13-Jun-19",14.56,15.2211,14.56,15.18,475198
"14-Jun-19",15.18,15.27,14.99,15.08,294688
"17-Jun-19",15.1,15.17,14.94,15.1,163011
"18-Jun-19",15.11,16.05,15.11,15.91,479367
"19-Jun-19",15.92,16.97,15.92,16.6,740355
"20-Jun-19",16.71,17.01,16.71,16.74,416617
"21-Jun-19",16.68,17.06,16.51,16.94,562050
"24-Jun-19",16.99,17.09,16.8,16.8,333752
"25-Jun-19",16.76,17.03,16.51,16.9,340705
"26-Jun-19",16.99,17.04,16.5,16.51,240963
"27-Jun-19",16.5,16.88,16.5,16.79,182070
"28-Jun-19",16.8,16.95,16.71,16.85,385084
"01-Jul-19",17.07,17.1,16.81,16.92,222028
"02-Jul-19",16.84,17.06,16.69,16.91,188008
"03-Jul-19",16.99,17.26,16.755,17.11,359845
"05-Jul-19",17.09,17.16,16.94,17.08,250265
"08-Jul-19",17.06,17.53,16.84,17.52,240254
"09-Jul-19",17.4,17.89,17.4,17.69,322092
"10-Jul-19",17.8,17.92,17.61,17.69,185766
"11-Jul-19",17.74,17.75,17.42,17.51,189945
"12-Jul-19",17.58,17.69,17.45,17.58,157082
"15-Jul-19",17.55,17.66,17.36,17.43,158283
"16-Jul-19",17.45,17.59,17.32,17.35,222391
"17-Jul-19",17.35,17.47,17.12,17.2,220337
"18-Jul-19",17.16,17.34,17.16,17.31,199368
"19-Jul-19",17.21,17.95,17.21,17.52,316081
"22-Jul-19",17.55,17.69,17.32,17.55,114703
"23-Jul-19",17.55,17.69,17.43,17.65,156551
"24-Jul-19",17.54,18.05,17.54,18,267221
"25-Jul-19",17.93,18.03,17.735,17.8,116551
"26-Jul-19",17.81,17.96,17.69,17.93,155584
"29-Jul-19",17.92,17.99,17.67,17.78,161466
"30-Jul-19",17.71,18.23,17.68,18.22,200320
"31-Jul-19",18.29,18.57,18.12,18.22,254856
"01-Aug-19",18.25,18.78,18.09,18.35,343214
"02-Aug-19",18.3,18.39,18.03,18.36,203858
"05-Aug-19",18.09,18.195,17.71,17.89,249367
"06-Aug-19",17.89,18.32,17.89,18.25,304765
"07-Aug-19",18.02,18.51,17.86,18.46,202989
"08-Aug-19",18.6,19.06,18.6,18.82,565286
"09-Aug-19",18.35,18.77,17.36,18.48,399284
"12-Aug-19",18.36,18.92,18.28,18.48,320961
"13-Aug-19",18.51,18.97,18.26,18.75,342179
"14-Aug-19",18.61,18.67,18.15,18.29,299440
"15-Aug-19",18.23,18.6,18.13,18.47,328754
"16-Aug-19",18.6,19.03,18.36,18.7,1192269
"19-Aug-19",18.89,18.9,18.54,18.61,236731
"20-Aug-19",18.55,18.71,18.405,18.45,200349
"21-Aug-19",18.45,18.51,18.23,18.36,171991
"22-Aug-19",18.36,18.48,18.11,18.11,134170
"23-Aug-19",18.03,18.09,17.44,17.48,214901
"26-Aug-19",17.63,17.76,17.505,17.68,161953
"27-Aug-19",17.68,17.77,17.305,17.58,212589
"28-Aug-19",17.55,18.135,17.55,17.91,115899
"29-Aug-19",18.04,18.2,17.82,18.01,136022
"30-Aug-19",18.04,18.05,17.805,18.04,166879
"03-Sep-19",17.98,18.43,17.975,18.37,240116
"04-Sep-19",18.48,18.81,18.41,18.71,202174
"05-Sep-19",18.86,19.2,18.81,18.85,238620
"06-Sep-19",18.9,19.025,18.77,18.79,160106
"09-Sep-19",18.83,19.36,18.83,19.26,266541
"10-Sep-19",19.23,19.77,19.055,19.65,226082
"11-Sep-19",19.71,19.77,19.47,19.65,214217
"12-Sep-19",19.68,19.765,19.45,19.64,177170
"13-Sep-19",19.7,19.83,19.6,19.7,151016
"16-Sep-19",19.68,19.79,19.47,19.63,142163
"17-Sep-19",19.6,20,19.31,19.99,299314
"18-Sep-19",20.02,20.74,19.99,20.05,295020
"19-Sep-19",20.06,20.21,19.81,19.83,170169
"20-Sep-19",19.94,19.95,19.57,19.86,371692
"23-Sep-19",19.78,19.9,19.54,19.65,178168
"24-Sep-19",19.61,19.67,19.06,19.12,267827
"25-Sep-19",19.13,19.335,19.02,19.215,157159
"26-Sep-19",19.17,19.33,18.87,19.25,227677
"27-Sep-19",19.25,19.36,19.08,19.14,157070
"30-Sep-19",19.19,19.7731,19.09,19.55,570550
"01-Oct-19",19.61,19.98,19.34,19.44,353572
"02-Oct-19",19.39,19.735,19.32,19.7,319315
"03-Oct-19",19.6,19.74,19.05,19.55,305538
"04-Oct-19",19.55,19.91,19.21,19.87,234836
"07-Oct-19",19.81,19.91,19.54,19.59,185536
"08-Oct-19",19.45,19.45,19.13,19.21,255571
"09-Oct-19",19.34,19.63,19.25,19.43,166245
"10-Oct-19",19.43,19.66,19.41,19.47,172404
"11-Oct-19",19.64,19.81,19.52,19.53,129708
"14-Oct-19",19.45,19.53,19.35,19.49,112789
"15-Oct-19",19.51,19.89,19.43,19.725,174003
"16-Oct-19",19.63,19.92,19.63,19.8,149663
"17-Oct-19",19.92,19.92,19.66,19.79,189072
"18-Oct-19",19.73,20.06,19.73,19.88,457480
"21-Oct-19",20,20.28,19.9,20.19,229041
"22-Oct-19",20.15,20.23,19.93,19.97,193249
"23-Oct-19",19.95,20.13,19.86,20.05,142900
"24-Oct-19",20.03,20.1,19.82,19.86,121223
"25-Oct-19",19.84,19.92,19.52,19.78,230948
"28-Oct-19",19.84,20.13,19.78,20.1,178056
"29-Oct-19",20.11,20.54,20.11,20.5,229160
"30-Oct-19",20.5,20.58,20.35,20.39,154111
"31-Oct-19",20.39,20.51,20.14,20.5,208736
"01-Nov-19",20.52,20.71,20.38,20.59,233737
"04-Nov-19",20.68,20.79,20.4238,20.55,189391
"05-Nov-19",20.52,20.685,20.4,20.47,207635
"06-Nov-19",20.45,20.97,20.45,20.71,254228
"07-Nov-19",20.85,20.9,20.48,20.75,191044
"08-Nov-19",21,21.95,20.61,20.69,351392
"11-Nov-19",20.74,20.74,20.05,20.275,177764
"12-Nov-19",20.27,20.91,20.2,20.62,206907
"13-Nov-19",20.52,20.81,20.31,20.63,205940
"14-Nov-19",20.64,20.72,20.4,20.55,181895
"15-Nov-19",20.63,20.65,20.22,20.34,323107
"18-Nov-19",20.33,20.54,20.2,20.305,211961
"19-Nov-19",20.31,20.57,20.285,20.345,154568
"20-Nov-19",20.23,20.55,20.21,20.4,220787
"21-Nov-19",20.41,20.54,20.35,20.47,146293
"22-Nov-19",20.48,20.7,20.38,20.43,102143
"25-Nov-19",20.38,20.77,20.38,20.64,199425
"26-Nov-19",20.61,21,20.61,20.72,234163
"27-Nov-19",20.74,20.94,20.69,20.73,86551
"29-Nov-19",20.65,21,20.65,20.82,71528
"02-Dec-19",20.87,20.89,20.61,20.71,111298
"03-Dec-19",20.61,20.74,20.46,20.67,119567
"04-Dec-19",20.69,20.89,20.59,20.66,139189
"05-Dec-19",20.67,20.84,20.66,20.68,106947
"06-Dec-19",20.84,21.16,20.84,20.98,181789
"09-Dec-19",20.98,21.48,20.85,21.23,210764
"10-Dec-19",21.23,21.31,21.1,21.24,207955
"11-Dec-19",21.24,21.31,20.785,21.18,138873
"12-Dec-19",21.14,21.2,20.865,21.01,174597
"13-Dec-19",20.95,21.04,20.85,20.98,141022
"16-Dec-19",20.98,21.11,20.92,21,1112896
"17-Dec-19",21,21.29,21,21.11,290788
"18-Dec-19",21.16,21.32,20.99,21.185,845784
"19-Dec-19",21.16,21.62,21.08,21.58,394827
"20-Dec-19",21.56,21.84,21.49,21.74,958863
"23-Dec-19",21.82,21.9,21.585,21.63,247220
"24-Dec-19",21.63,21.69,21.485,21.69,91464
"26-Dec-19",21.74,21.74,21.44,21.505,228349
"27-Dec-19",21.57,21.64,21.5025,21.55,234321
"30-Dec-19",21.55,21.67,21.47,21.6,150105
"31-Dec-19",21.45,21.68,21.45,21.57,255457
"02-Jan-20",21.62,21.78,21.565,21.76,129665
"03-Jan-20",21.53,21.86,21.41,21.73,197083
"06-Jan-20",21.6,21.8,21.53,21.76,207819
"07-Jan-20",21.72,21.72,21.39,21.395,135404
"08-Jan-20",21.39,21.625,21.39,21.54,168502
"09-Jan-20",21.57,21.7089,21.37,21.5,166610
"10-Jan-20",21.49,21.555,21.35,21.52,799737
"13-Jan-20",21.47,21.74,21.4,21.72,315199
"14-Jan-20",21.65,21.7,21.5,21.7,191759
"15-Jan-20",21.66,21.94,21.65,21.825,219671
"16-Jan-20",21.89,22.7,21.85,22.7,1346463
"17-Jan-20",22.76,22.9,22.51,22.65,275849
"21-Jan-20",22.55,22.5601,21.49,22.02,409412
"22-Jan-20",22.01,22.55,22.01,22.43,183678
"23-Jan-20",22.34,22.4,22.13,22.235,180157
"24-Jan-20",22.27,22.27,21.99,22.13,123543
"27-Jan-20",21.89,22.12,21.801,21.91,134540
"28-Jan-20",21.97,22.16,21.91,21.93,95495
"29-Jan-20",21.93,21.94,21.59,21.7,120834
"30-Jan-20",21.61,21.82,21.52,21.815,99204
"31-Jan-20",21.69,21.88,21.4,21.43,203362
"03-Feb-20",21.6,21.89,21.51,21.72,201464
"04-Feb-20",21.95,21.97,21.58,21.8,154783
"05-Feb-20",21.94,22.1,21.725,22.09,227888
"06-Feb-20",22.09,22.25,21.8,21.84,147606
"07-Feb-20",21.65,21.97,21.65,21.76,299288
"10-Feb-20",21.8,21.95,21.635,21.82,119889
"11-Feb-20",21.92,22.4775,21.92,22.29,240697
"12-Feb-20",22.37,22.39,22.02,22.15,259156
"13-Feb-20",22.06,22.195,21.91,22.05,92143
"14-Feb-20",21.98,22.02,21.67,21.8,233311,,,1252318
"18-Feb-20",21.76,21.89,21.69,21.73,102988
"19-Feb-20",21.75,21.75,21.475,21.55,116666
"20-Feb-20",21.51,21.72,21.38,21.61,165773
"21-Feb-20",21.67,21.7212,21.46,21.64,162482
"24-Feb-20",21.12,21.53,21.11,21.27,131209
"25-Feb-20",21.27,21.41,20.72,20.84,433536
"26-Feb-20",20.9,21.08,20.51,20.54,199904
"27-Feb-20",21.19,21.19,19.86,19.94,370316
"28-Feb-20",19.48,20.23,18.96,19.22,399837,,,1258446
"02-Mar-20",19.26,20.04,19.04,19.85,351532
"03-Mar-20",19.41,19.61,18.425,18.92,579916
"04-Mar-20",19.2,19.6,18.98,19.5,269553
"05-Mar-20",19.01,19.29,18.37,18.77,279538
"06-Mar-20",18.27,18.78,18.01,18.77,319544
"09-Mar-20",17.55,17.735,16.7027,16.87,410108
"10-Mar-20",17.88,17.88,16.81,17.25,328055
"11-Mar-20",16.82,17.04,16.25,16.48,327166
"12-Mar-20",15.57,15.83,14.18,14.68,604624
"13-Mar-20",15.38,15.75,14.45,15.75,336207,,,1237654
"16-Mar-20",14.24,14.91,13.45,13.49,333414
"17-Mar-20",13.83,14.6,13.2022,14.43,531740
"18-Mar-20",13.63,14.06,8.74,9.36,902558
"19-Mar-20",9.35,13.3,9.26,12.62,543274
"20-Mar-20",12.75,12.84,11.24,11.49,558203
"23-Mar-20",11.38,11.5199,9.96,10.73,537218
"24-Mar-20",11.26,11.68,9.93,10.51,581591
"25-Mar-20",10.41,12.37,9.85,11.39,1037282
"26-Mar-20",11.59,13.1,11.59,12.99,512782
"27-Mar-20",12.53,12.86,12.098,12.4,508079
"30-Mar-20",12.58,12.95,12.13,12.63,462852
"31-Mar-20",12.49,12.76,12.07,12.34,603457,,,1366203
"01-Apr-20",11.72,11.74,11.18,11.37,474133
"02-Apr-20",11.18,11.71,10.85,11.36,607348
"03-Apr-20",11.2,11.33,10.58,11.19,1561921
"06-Apr-20",11.69,12.63,11.33,12.59,668299
"07-Apr-20",13,14.39,12.89,13.45,765574
"08-Apr-20",13.46,15.52,13.22,14.75,818207
"09-Apr-20",15.25,16.28,15.18,15.83,569922
"13-Apr-20",15.43,15.55,14.61,14.93,339022
"14-Apr-20",15.3,15.59,14.86,15.36,307716
"15-Apr-20",14.7,14.77,13.85,14.23,377496,,,1499994
"16-Apr-20",14.24,14.68,13.79,14.56,422254
"17-Apr-20",14.92,15.78,14.92,15.53,283835
"20-Apr-20",14.99,15.37,14.855,15.13,263522
"21-Apr-20",14.6,15.25,14.58,14.6,253109
"22-Apr-20",14.94,15.09,14.54,14.78,384304
"23-Apr-20",14.75,15.45,14.545,15.3,336812
"24-Apr-20",15.3,16,14.8,15.89,226797
"27-Apr-20",16.01,17.05,16.01,16.86,457969
"28-Apr-20",17.35,17.55,16.75,17.02,404311
"29-Apr-20",17.4,17.64,16.98,17.33,458119
"30-Apr-20",16.97,17.38,16.63,17.2,436240,,,1573343
"01-May-20",16.59,16.92,16.46,16.84,268953
"04-May-20",16.73,17.08,16.33,16.99,347320
"05-May-20",17.25,17.44,16.61,16.69,419998
"06-May-20",16.94,17.07,16.2,16.42,890356
"07-May-20",16.67,17,16.48,16.68,312362
"08-May-20",17,17,16.4636,16.76,313608
"11-May-20",16.51,16.51,15.2,15.5,543964
"12-May-20",14.72,15.16,13.42,14.01,1600537
"13-May-20",13.86,13.86,11.6,12.1,1358653
"14-May-20",11.82,13.26,11.7,12.83,1279810
"15-May-20",12.9,13.04,12.22,12.56,1494911,,,1866605
"18-May-20",13.22,13.71,13.22,13.69,541539
"19-May-20",13.52,13.73,13.16,13.2,344619
"20-May-20",13.47,13.86,13.43,13.7,353165
"21-May-20",13.53,13.895,13.53,13.76,221026
"22-May-20",13.75,13.77,13.44,13.76,180868
"26-May-20",14.19,14.76,14.09,14.33,603117
"27-May-20",14.75,15.115,14.36,14.9,549429
"28-May-20",15.21,15.21,14.23,14.28,374043
"29-May-20",14.15,14.15,13.33,13.42,767723,,,1538200
"01-Jun-20",13.4,14,13.3,13.65,417384
"02-Jun-20",13.74,14.36,13.585,13.99,1182140
"03-Jun-20",14.38,14.77,14.2654,14.4,366174
"04-Jun-20",14.3,14.73,14.145,14.38,520533
"05-Jun-20",15.15,15.5091,14.85,14.91,526948
"08-Jun-20",15.21,15.67,15.21,15.52,595102
"09-Jun-20",15.39,15.5,14.95,15.2,278458
"10-Jun-20",15.02,15.02,14.13,14.2,511678
"11-Jun-20",13.5,15.28,12.96,14.39,1704487
"12-Jun-20",15.13,15.285,14.37,14.98,813823
"15-Jun-20",14.34,15.45,14.28,15.28,805430,,,1871414
"16-Jun-20",15.85,16.09,15.11,15.39,871905
"17-Jun-20",15.35,15.655,14.62,14.63,280069
"18-Jun-20",14.45,14.835,14.35,14.46,232234
"19-Jun-20",14.64,14.7,13.89,13.9,963227
"22-Jun-20",13.69,14.54,13.43,14.39,492765
"23-Jun-20",14.63,15.07,14.39,14.82,554035
"24-Jun-20",14.55,14.7,13.7,14.26,953679
"25-Jun-20",14.11,14.61,13.87,14.52,631920
"26-Jun-20",14.41,14.41,13.315,13.51,1101556
"29-Jun-20",13.68,14.23,13.63,14.02,339943
"30-Jun-20",13.93,14.525,13.93,14.32,507965,,,3094577
"01-Jul-20",14.27,14.53,13.86,13.94,333122
"02-Jul-20",14.31,14.38,13.75,13.83,291610
"06-Jul-20",14.14,14.35,13.81,14.03,354670
"07-Jul-20",13.87,14.01,13.05,13.08,674151
"08-Jul-20",13.02,13.38,12.68,13.29,766982
"09-Jul-20",13.24,13.24,12.27,12.62,823520
"10-Jul-20",12.66,13.41,12.52,13.39,282388
"13-Jul-20",13.59,13.76,13.15,13.28,319896
"14-Jul-20",13.32,13.71,13.18,13.5,634835
"15-Jul-20",13.84,14.25,13.84,14.1,376247,,,3155801
"16-Jul-20",13.97,14.36,13.85,14.22,233848
"17-Jul-20",14.13,14.24,13.585,13.62,239591
"20-Jul-20",13.62,13.81,13.03,13.22,450597
"21-Jul-20",13.27,13.7,13.27,13.37,430989
"22-Jul-20",13.16,13.78,13.16,13.47,262658
"23-Jul-20",13.4,13.64,13.32,13.45,181031
"24-Jul-20",13.36,13.68,13.3,13.46,151939
"27-Jul-20",13.43,13.515,12.84,12.91,373867
"28-Jul-20",12.73,13.12,12.73,12.93,462605
"29-Jul-20",12.93,13.25,12.67,13.2,387355
"30-Jul-20",12.94,13.04,12.7207,12.84,181725
"31-Jul-20",12.69,12.92,12.475,12.8,367271,,,3242323
"03-Aug-20",12.89,13.14,12.7101,13.04,262059
"04-Aug-20",12.95,13.22,12.94,12.99,196894
"05-Aug-20",13.13,13.39,13,13.33,1243346
"06-Aug-20",13.21,13.35,12.98,13.04,311191
"07-Aug-20",13.24,13.67,12.2,13.66,540229
"10-Aug-20",13.58,14.34,13.5631,14.17,664927
"11-Aug-20",14.49,14.75,13.9,13.95,374995
"12-Aug-20",14.19,14.19,13.47,13.6,265759
"13-Aug-20",13.55,13.62,12.98,13.06,282284
"14-Aug-20",12.98,13.59,12.82,13.27,631686,,,2811258
"17-Aug-20",13.2,13.2,12.89,13.11,167108
"18-Aug-20",13.11,13.21,12.92,12.94,131501
"19-Aug-20",13,13.32,12.96,13.03,243392
"20-Aug-20",12.85,12.9735,12.75,12.89,231572
"21-Aug-20",12.79,12.92,12.55,12.58,305592
"24-Aug-20",12.67,13.01,12.53,12.98,256747
"25-Aug-20",13.14,13.14,12.59,12.77,114252
"26-Aug-20",12.87,12.87,12.33,12.44,179768
"27-Aug-20",12.49,12.84,12.49,12.68,166183
"28-Aug-20",12.86,12.86,12.59,12.78,165392
"31-Aug-20",12.75,12.8,12.58,12.63,280946,,,2781651
"01-Sep-20",12.52,12.7,12.45,12.56,153472
"02-Sep-20",12.42,12.75,12.42,12.65,166755
"03-Sep-20",12.77,13.25,12.605,12.69,376003
"04-Sep-20",12.88,13.005,12.555,12.87,174114
"08-Sep-20",12.73,12.73,12.31,12.46,340480
"09-Sep-20",12.53,12.715,12.13,12.14,322924
"10-Sep-20",12.12,12.35,11.88,11.89,353242
"11-Sep-20",11.85,11.93,11.57,11.76,393164
"14-Sep-20",11.81,11.84,11.43,11.63,424915
"15-Sep-20",11.69,11.79,11.23,11.31,485198,,,2775683
"16-Sep-20",11.4,11.93,11.135,11.64,563741
"17-Sep-20",11.6,11.66,11.42,11.62,320298
"18-Sep-20",11.64,11.93,11.49,11.63,635672
"21-Sep-20",11.37,11.44,11.15,11.43,377803
"22-Sep-20",11.46,12.32,11.395,12.27,536111
"23-Sep-20",12.33,12.8,12.03,12.11,391815
"24-Sep-20",12.14,12.34,11.75,12.06,295313
"25-Sep-20",11.98,12.415,11.85,12.4,201940
"28-Sep-20",12.63,12.9,12.62,12.67,281234
"29-Sep-20",12.55,12.57,12.21,12.41,290198
"30-Sep-20",12.42,12.92,12.42,12.77,311339,,,3030485
"01-Oct-20",12.89,13.03,12.67,12.88,345424
"02-Oct-20",12.63,13.71,12.63,13.58,519996
"05-Oct-20",13.79,14.3,13.65,13.97,647112
"06-Oct-20",14.05,14.32,13.61,13.65,442486
"07-Oct-20",13.79,14.12,13.5,13.65,450974
"08-Oct-20",13.76,13.87,13.47,13.79,189626
"09-Oct-20",13.82,13.95,13.39,13.47,149670
"12-Oct-20",13.37,13.98,13.27,13.95,304197
"13-Oct-20",13.84,13.855,13.28,13.53,521563
"14-Oct-20",13.53,13.61,13.19,13.2,192382
"15-Oct-20",13,13.35,12.87,13.19,176594,,,3067022
"16-Oct-20",13.13,13.34,12.96,13.15,146769
"19-Oct-20",13.24,13.38,13.05,13.12,229697
"20-Oct-20",13.3,13.43,13.15,13.28,238586
"21-Oct-20",13.26,13.62,13.17,13.49,269733
"22-Oct-20",13.57,13.62,13.3,13.42,357356
"23-Oct-20",13.47,13.64,13.26,13.57,130611
"26-Oct-20",13.37,13.46,13.02,13.25,384284
"27-Oct-20",13.2,13.2,12.54,12.55,281931
"28-Oct-20",12.32,12.485,12.03,12.16,331558
"29-Oct-20",12.05,12.8,11.915,12.6,309770
"30-Oct-20",12.57,12.915,12.17,12.28,223261,,,3521242
"02-Nov-20",12.39,12.72,12.39,12.65,268640
"03-Nov-20",12.93,13.63,12.93,13.48,284706
"04-Nov-20",13.09,13.24,12.58,12.78,458896
"05-Nov-20",12.82,13.19,12.8,12.83,238420
"06-Nov-20",12.92,13.148,12.54,12.75,216054
"09-Nov-20",13.65,14.69,13.64,14.53,510409
"10-Nov-20",14.28,14.6,13.87,14.31,863479
"11-Nov-20",14.41,14.41,13.36,13.69,355735
"12-Nov-20",13.58,13.75,13.31,13.51,321615
"13-Nov-20",13.65,14.3,13.65,14.03,297250,,,4003756
"16-Nov-20",14.3,14.81,14.19,14.8,419921
"17-Nov-20",14.74,14.915,14.53,14.81,288639
"18-Nov-20",14.92,15.39,14.82,14.84,581937
"19-Nov-20",14.9,15,14.34,14.86,438523
"20-Nov-20",14.69,14.936,14.57,14.79,270514
"23-Nov-20",15.05,15.5,14.835,15.06,466635
"24-Nov-20",15.36,15.58,15.21,15.32,461176
"25-Nov-20",15.38,15.38,14.98,15.1,330402
"27-Nov-20",15.07,15.35,14.78,15.22,301817
"30-Nov-20",15.18,15.23,14.575,14.64,407720,,,3782900
"01-Dec-20",15.37,16.97,15.3,16.06,1053500
"02-Dec-20",15.97,16.07,15.5,15.97,291302
"03-Dec-20",15.9,15.9,15.64,15.81,211121
"04-Dec-20",16.02,16.3,15.7955,16.27,429285
"07-Dec-20",16.17,16.36,15.98,16.21,226120
"08-Dec-20",16.21,16.98,16.16,16.97,425284
"09-Dec-20",17.1,17.48,17,17.44,261375
"10-Dec-20",17.2,17.78,17.145,17.75,320767
"11-Dec-20",17.54,17.91,17.475,17.9,306694
"14-Dec-20",18.12,18.19,17.22,17.35,324877
"15-Dec-20",17.62,17.87,17.33,17.73,194791,,,3703825
"16-Dec-20",17.85,17.92,17.52,17.6,336094
"17-Dec-20",17.6,17.7,17.14,17.55,240756
"18-Dec-20",17.5,17.8,17.1,17.31,1096183
"21-Dec-20",17.28,17.28,16.69,16.78,319613
"22-Dec-20",16.69,16.77,16.25,16.45,193378
"23-Dec-20",16.77,17.4,16.65,16.83,318494
"24-Dec-20",16.74,16.75,16.43,16.7,193675
"28-Dec-20",16.81,17,16.52,16.62,323329
"29-Dec-20",16.72,16.72,15.46,15.49,834302
"30-Dec-20",15.3,15.34,14.78,15.2,1106970
"31-Dec-20",15.26,15.54,15.1,15.38,432468,,,3781907
"04-Jan-21",15.47,15.475,14.55,14.82,480482
"05-Jan-21",14.85,15.45,14.7501,15.33,215869
"06-Jan-21",15.75,16.83,15.74,16.51,652354
"07-Jan-21",16.61,16.61,16.02,16.42,249025
"08-Jan-21",16.42,16.48,15.99,16.35,409597
"11-Jan-21",16.1,16.51,16.07,16.32,477712
"12-Jan-21",16.45,16.91,16.45,16.61,201924
"13-Jan-21",16.57,16.65,16.11,16.17,141478
"14-Jan-21",16.28,16.57,16.06,16.12,311404,2.621585,-0.0306
"15-Jan-21",15.91,16.14,15.67,15.89,264693,2.613315,-0.0303,3655824
"18-Jan-21",,,,,,2.566663,-0.0303
"19-Jan-21",16.08,16.2401,15.6,15.62,185100,2.896505,0.0109
"20-Jan-21",15.6,15.84,15.56,15.77,255515,2.665529,0.0029
"21-Jan-21",15.87,15.87,15.54,15.58,292188,2.617448,0.0052
"22-Jan-21",15.41,15.72,15.17,15.64,274925,2.724977,0.0182
"25-Jan-21",15.42,15.65,15.13,15.62,226515,2.191681,0.0602
"26-Jan-21",15.78,15.8,15.33,15.35,283506,2.230452,0.0682
"27-Jan-21",15.01,15.29,14.39,14.85,643840,2.014321,0.0544,,2890294.4544
"28-Jan-21",15.14,15.14,14.77,14.82,513697,2.019908,0.0622,,2926121.5296
"29-Jan-21",14.7,14.93,14.33,14.42,484183,2.100199,0.0807,3830516,3061752.6
"01-Feb-21",14.53,14.895,14.125,14.23,385431,2.098477,0.0975,,3089536.8624
"02-Feb-21",14.48,14.71,14.335,14.5,314849,2.129092,0.1044,,3125363.9376
"03-Feb-21",14.5,14.72,14.31,14.65,263740,2.128248,0.1514,,3123170.4432
"04-Feb-21",14.73,15,14.64,14.98,329590,2.067513,0.1231,,3039817.656
"05-Feb-21",15.13,15.23,14.85,14.92,169503,2.141293,0.1362,,3111106.224
"08-Feb-21",14.98,15.12,14.84,15.02,144312,2.137069,0.1298,,3114762.048
"09-Feb-21",14.98,15.25,14.79,15.05,480636,2.112949,0.1235,,3867672.0052
"10-Feb-21",15.15,15.2417,14.72,14.8,283329,2.127578,0.1229,,3858478.7668
"11-Feb-21",14.75,14.99,14.6,14.92,399782,2.266929,0.1179,,4032001.1416
"12-Feb-21",14.97,16.3,14.969,16.01,821742,2.246035,0.1226,3783464,4073370.7144
"15-Feb-21",,,,,,2.231843,0.1226,,4073370.7144
"16-Feb-21",16.19,16.28,15.79,15.88,311049,2.356965,0.1358,,4288262.662
"17-Feb-21",15.74,16.09,15.416,15.98,294595,2.351897,0.1401,,4256852.4308
"18-Feb-21",15.98,16.29,15.7,15.83,265522,1.283606,0.2328,,2320909.6444
"19-Feb-21",15.95,16.17,15.82,16.08,483017,1.038391,0.2507,,1869674.8596
"22-Feb-21",16.1,16.35,15.9171,16.14,273583,1.230194,0.2861,,2209824.6804
"23-Feb-21",16.17,17.06,15.95,17.03,745021,0.874132,0.2151,,1594643.8108
"24-Feb-21",17.2,17.63,17.04,17.23,350177,0.878404,0.2151,,1481226.156
"25-Feb-21",17.41,17.46,16.94,17.05,339401,1.145101,0.277,,1920864.6728
"26-Feb-21",17.09,17.34,16.65,16.95,416030,1.395094,0.3188,3553394,2348774.4512
"01-Mar-21",17.32,17.59,17.06,17.39,375528,1.038536,0.2697,,1752122.1784
"02-Mar-21",17.64,18.4,16.65,16.77,374334,1.03503,0.3295,,1695748.5648
"03-Mar-21",16.76,17.25,16.7401,16.77,469891,0.965073,0.2896,,1593216.6904
"04-Mar-21",16.77,17.13,16.55,16.93,335646,0.999926,0.2905,,1659805.6568
"05-Mar-21",17.28,17.28,16.5,16.99,324097,1.069397,0.3148,,1767256.0344
"08-Mar-21",17.12,18.14,17,18.12,456847,1.024865,0.2916,,1710504.0744
"09-Mar-21",18.05,18.17,17.43,17.92,301954,0.869134,0.38,,2183205.2736
"10-Mar-21",17.87,18.6,17.87,18.2,685884,0.876211,0.3694,,2241480.9352
"11-Mar-21",18.17,18.2,17.695,17.83,521657,0.853859,0.3593,,2202748.9406
"12-Mar-21",18.03,18.25,17.5201,17.9,304746,0.648029,0.2662,,1671516.5376
"15-Mar-21",17.8,18.51,17.59,18.42,350713,0.654925,0.2868,3362869,1691415.544
"16-Mar-21",18.4,18.4,17.87,18.21,321315,0.542162,0.2166,,1407499.3634
"17-Mar-21",18.35,18.63,18.16,18.31,297610,0.554821,0.2236,,1438058.5518
"18-Mar-21",18.48,18.5813,18.0101,18.08,405830,0.525597,0.2232,,1371965.4234
"19-Mar-21",18.05,18.2,17.53,17.96,631894,0.589411,0.2452,,1508415.753
"22-Mar-21",17.82,17.82,17.09,17.31,305892,1.161295,0.4096,,2970637.384
"23-Mar-21",17.15,17.57,16.94,17.09,288967,0.564419,0.2648,,1449784.752
"24-Mar-21",17.23,17.55,16.73,16.79,178251,0.482417,0.1707,,2448841.2058
"25-Mar-21",16.71,17.11,16.49,17.03,338319,0.550104,0.2091,,2809677.0495
"26-Mar-21",17.32,17.32,16.65,16.89,224703,0.536979,0.1999,,2724260.1769
"29-Mar-21",16.7,16.99,16.46,16.5,200122,0.512645,0.181,,2587391.4086
"30-Mar-21",16.53,17.05,16.44,16.93,211975,0.443196,0.141,,2178130.2513
"31-Mar-21",16.79,16.98,16.68,16.74,283009,0.495817,0.1737,3193170,2349636.5703
"01-Apr-21",16.69,17.03,16.62,16.94,122065,0.530232,0.2238,,2477761.8792
"02-Apr-21",,,,,,0.530232,0.2219,,2477761.8792
"05-Apr-21",17.06,17.42,16.97,17.39,174295,0.515675,0.2142,,2376203.2354
"06-Apr-21",17.32,17.59,17.3096,17.52,221209,0.509819,0.2089,,2349636.5703
"07-Apr-21",17.58,17.58,17.06,17.15,127134,0.533358,0.2241,,2398398.1708
"08-Apr-21",17.03,17.42,16.85,17.31,137009,0.550073,0.2354,,2460611.2473
"09-Apr-21",17.37,17.511,17.15,17.23,127580,0.544395,0.2144,,3265016.325
"12-Apr-21",17.21,17.42,17.1,17.3,206065,0.53162,0.2018,,3146549.718
"13-Apr-21",17.26,17.26,16.79,16.91,750577,0.533672,0.1897,,3243302.769
"14-Apr-21",16.77,17.47,16.77,17.23,236270,2.660506,0.5099,,16242378.522
"15-Apr-21",17.27,17.5,17.09,17.37,291483,2.669809,0.5124,3427519,16283570.415
"16-Apr-21",17.6,17.79,17.22,17.43,141516,2.66449,0.5087,,16156162.932
"19-Apr-21",17.43,17.43,16.94,17.2,221018,0.556547,0.1988,,3356021.67
"20-Apr-21",17.12,17.24,16.53,16.75,185968,0.612154,0.2186,,3691623.837
"21-Apr-21",16.65,17.02,16.65,16.95,170767,0.642991,0.2134,,3862139.115
"22-Apr-21",16.96,17.09,16.75,16.82,144147,0.63493,0.1914,,3786780.303
"23-Apr-21",16.76,17.3,16.74,17.13,201079,0.604387,0.1616,,3591996.933
"26-Apr-21",17.33,17.65,17.16,17.2,209732,0.624471,0.1828,,780446.0763
"27-Apr-21",17.25,17.35,16.83,16.94,214967,0.643807,0.1597,,802039.446
"28-Apr-21",16.84,17.11,16.8,17.07,190775,0.796347,0.2416,,970673.3808
"29-Apr-21",17.26,17.475,17.08,17.19,277629,0.732429,0.1994,,882243.3906
"30-Apr-21",16.99,17.3,16.7,17.15,447793,0.689126,0.1721,3375070,828431.3423
"03-May-21",17.27,17.32,16.915,17.07,286304,0.700203,0.1614,,837685.6436
"04-May-21",17.01,17.66,17.01,17.63,368754,0.900401,0.2295,,1083096.004
"05-May-21",17.57,17.66,17.23,17.44,134741,0.904418,0.2259,,1077269.2217
"06-May-21",17.37,17.73,17.05,17.68,1056670,1.624254,0.2988,,2022236.21
"07-May-21",17.52,17.82,17.01,17.3,317552,2.276511,0.3934,,2832844.4535
"10-May-21",17.51,17.7,15.72,15.77,742248,2.228608,0.4119,,2833872.7092
"11-May-21",15.59,15.6651,14.92,15.33,485823,2.19076,0.4071,,11457350.129
"12-May-21",15.28,15.3038,14.38,14.45,594083,2.164435,0.3893,,11423936.936
"13-May-21",14.47,14.92,14.4,14.52,350956,2.361147,0.4019,,12186365.249
"14-May-21",14.76,14.83,14.37,14.45,661886,2.47877,0.4105,3593369,12990981.937
"17-May-21",14.4,14.64,14.06,14.36,371512,2.556428,0.4223,,13435816.163
"18-May-21",14.34,14.41,14.12,14.18,268569,2.329889,0.4138,,12230241.159
"19-May-21",14.03,14.31,13.94,14.26,440109,2.315237,0.4205,,12252179.114
"20-May-21",14.3,14.57,14.14,14.5,210403,1.824798,0.3756,,9535247.764
"21-May-21",14.52,14.635,14.35,14.45,175696,,0.3805,,9710076.39
"24-May-21",14.51,14.71,14.37,14.65,194687,1.943353,0.382,,9847104.232
"25-May-21",14.7,14.87,14.39,14.42,394587,1.974825,0.3808,,2773721.5311
"26-May-21",14.44,14.61,14.1477,14.48,199687,2.073336,0.3818,,2892662.045
"27-May-21",14.62,15.035,14.62,14.97,368696,2.10544,0.3776,,2930751.7564
"28-May-21",14.99,15.22,14.79,15.09,272098,2.383197,0.3886,3326565,3308414.8383
"31-May-21",,,,,,2.381971,0.3885,,3306977.4907
"01-Jun-21",15.13,15.55,15.07,15.44,283547,1.983215,0.3579,,2747849.2743
"02-Jun-21",15.55,15.58,15.39,15.53,274483,1.95608,0.3532,,2697182.7714
"03-Jun-21",15.57,15.69,15.13,15.27,356833,1.716546,0.3498,,2364796.1389
"04-Jun-21",15.18,15.4,15.16,15.3,199706,1.82771,0.3571,,2485892.6742
"07-Jun-21",15.37,15.46,15.25,15.41,181736,1.627778,0.3772,,2196626.4697
"08-Jun-21",15.38,15.78,15.29,15.69,254017,1.705814,0.3885,,2295084.7803
"09-Jun-21",15.75,15.88,15.57,15.7,277252,1.769377,0.4079,,2372506.158
"10-Jun-21",15.89,15.94,15.49,15.49,329258,1.471892,0.3406,,1976312.2665
"11-Jun-21",15.56,15.88,15.56,15.68,222978,2.088945,0.3994,,2741089.56
"14-Jun-21",15.64,15.77,15.39,15.43,197064,1.358529,0.375,,1753432.4115
"15-Jun-21",15.36,15.62,15.22,15.57,162068,1.115908,0.3556,2681686,1430090.2935
"16-Jun-21",15.55,16.14,15.42,16.09,693050,2.022058,0.4642,,2636635.419
"17-Jun-21",16.21,16.48,15.82,15.9,356213,1.161503,0.395,,1517246.2965
"18-Jun-21",15.76,16.03,15.65,15.78,438779,1.957423,0.4365,,2575093.9665
"21-Jun-21",15.86,16.01,15.65,15.75,353581,1.650515,0.43,,2129999.5695
"22-Jun-21",15.7,16.04,15.605,15.96,341913,1.868166,0.4925,,2415751.503
"23-Jun-21",15.93,16.24,15.91,15.92,379047,1.965036,0.4065,,2550477.3855
"24-Jun-21",15.93,16.06,15.75,16.03,152115,1.765778,0.4454,,4267903.269
"25-Jun-21",16.13,16.44,16.11,16.26,505021,1.593904,0.4218,,3916870.5716
"28-Jun-21",16.2,16.23,15.61,15.85,289182,1.597432,0.4242,,3931888.0132
"29-Jun-21",15.89,16.015,15.63,15.67,145870,1.599955,0.4115,,3906411.9962
"30-Jun-21",15.62,15.76,15.57,15.66,464531,1.725777,0.4434,2400235,4269780.4492
"01-Jul-21",15.78,15.94,15.69,15.77,169815,1.764514,0.4375,,4362030.4476
"02-Jul-21",15.76,15.93,15.48,15.51,128197,1.9289,0.4682,,4769914.8882
"06-Jul-21",15.46,15.56,14.91,15.25,249748,2.82636,0.5734,,7015826.9132
"07-Jul-21",15.15,15.43,15.12,15.23,157369,2.918171,0.5215,,7220439.555
"08-Jul-21",14.99,15.38,14.9,15.08,247203,1.993017,0.4848,,4961387.2686
"09-Jul-21",15.22,15.46,15.2,15.28,162629,1.881643,0.4586,,4690268.814
"12-Jul-21",15.24,15.62,15.12,15.6,332962,1.86878,0.4581,,2645539.017
"13-Jul-21",15.5,15.71,14.88,14.97,430025,1.8433,0.4553,,2638578.3355
"14-Jul-21",15,15.45,14.67,15.08,2687854,1.782977,0.4719,,2795553.7045
"15-Jul-21",14.91,15.25,14.901,15.1,269203,1.660511,0.4571,2367793,2607375.2805
"16-Jul-21",15.23,15.23,14.57,14.68,930572,1.0127,0.381,,1635760.1525
"19-Jul-21",14.49,14.6,13.995,14.29,484374,0.802989,0.3785,,1316528.8975
"20-Jul-21",14.29,14.47,14.12,14.14,654804,1.07899,0.379,,1801856.4145
"21-Jul-21",14.3,14.52,14.16,14.3,558842,1.028454,0.3817,,1744490.798
"22-Jul-21",14.38,14.38,13.8,13.95,275654,1.31205,0.453,,2235338.8555
"23-Jul-21",13.92,14.08,13.73,13.97,390812,1.379912,0.3815,,2374792.509
"26-Jul-21",14.09,14.66,14.07,14.61,562040,1.636989,0.3229,,2596285.0245
"27-Jul-21",14.53,14.72,14.32,14.41,281360,1.649639,0.3517,,2623751.4233
"28-Jul-21",14.45,14.61,13.96,14.38,399189,1.656975,0.3568,,2655006.2909
"29-Jul-21",14.48,14.94,14.39,14.59,269017,1.672894,0.3637,,2688865.7308
"30-Jul-21",14.47,14.7,14.46,14.52,219390,1.599562,0.3534,2841411,2565030.1569
"02-Aug-21",14.59,14.86,14.59,14.7,394348,1.540548,0.3633,,2465109.2923
"03-Aug-21",14.8,14.8,14.5,14.62,220436,1.555254,0.3667,,2471975.892
"04-Aug-21",14.4,14.69,14.4,14.5,310168,1.61034,0.3654,,2561952.026
"05-Aug-21",14.47,14.915,14.45,14.63,252700,1.619473,0.3657,,2564793.3776
"06-Aug-21",14.01,14.65,13.42,13.97,527074,1.632634,0.3713,,2625882.437
"09-Aug-21",13.81,14.69,13.77,14.32,449439,1.668853,0.3677,,2627303.1128
"10-Aug-21",14.25,14.69,14.21,14.35,199947,1.544812,0.3533,,2674051.8921
"11-Aug-21",14.31,14.49,14.19,14.39,152539,1.601852,0.3654,,2707012.2597
"12-Aug-21",14.41,14.54,14.2,14.29,406626,1.698176,0.3762,,2860448.4537
"13-Aug-21",14.25,14.45,14.15,14.31,173177,1.760649,0.3721,3053738,2913866.9805
"16-Aug-21",14.2,14.4,14.055,14.39,204800,1.980755,0.3843,,3215908.9698
"17-Aug-21",14.27,14.37,13.82,13.9,280952,1.931408,0.3882,,3125552.1
"18-Aug-21",13.84,14.01,13.7,13.86,215943,1.811779,0.3915,,2912162.1339
"19-Aug-21",13.81,13.93,13.615,13.66,215130,1.790864,0.3885,,2871814.0977
"20-Aug-21",13.6,13.95,13.53,13.69,221666,1.804981,0.3874,,2866983.699
"23-Aug-21",13.75,13.99,13.68,13.91,141709,1.707232,0.4316,,2724629.0079
"24-Aug-21",13.9,14.08,13.77,13.97,197863,1.319975,0.5807,,2192889.2578
"25-Aug-21",13.96,14.23,13.9,14.03,214373,1.266622,0.5823,,2105857.7248
"26-Aug-21",14.05,14.13,13.85,14.03,315461,1.237188,0.5803,,2049974.3194
"27-Aug-21",14.1,14.4,14.01,14.35,235850,1.514403,0.4237,,2513226.374
"30-Aug-21",14.38,14.38,13.99,14.2,222485,1.512471,0.4274,,2502232.9172
"31-Aug-21",14.15,14.24,13.94,14.09,281070,1.555691,0.4342,3009866,2566056.0414
"01-Sep-21",14.2,14.511,13.97,14.22,216837,1.626322,0.4366,,2667440.143
"02-Sep-21",14.25,14.26,14.01,14.06,123119,1.623216,0.4497,,2643620.9866
"03-Sep-21",14,14.04,13.75,13.97,172947,1.600914,0.4489,,2595371.9262
"06-Sep-21",,,,,,1.591756,0.4489,,2595371.9262
"07-Sep-21",13.94,14.09,13.75,13.77,161080,1.63219,0.458,,2639651.1272
"08-Sep-21",13.75,13.87,13.67,13.83,146192,1.684532,0.4678,,2719964.4366
"09-Sep-21",13.81,13.88,13.68,13.69,152836,1.673064,0.4664,,2689121.6828
"10-Sep-21",13.77,13.785,13.48,13.5,200229,1.683401,0.468,,3162466.2062
"13-Sep-21",13.66,13.85,13.47,13.78,190917,1.683269,0.4681,,3158553.3804
"14-Sep-21",13.81,13.81,13.545,13.61,172048,1.73347,0.4735,,3228382.2716
"15-Sep-21",13.66,13.715,13.5909,13.62,227167,1.652156,0.4634,3033842,3081199.8242
"16-Sep-21",13.62,13.62,13.4,13.51,195902,1.683693,0.461,,3145008.9834
"17-Sep-21",13.49,13.66,13.25,13.49,557927,1.672534,0.4553,,3104676.779
"20-Sep-21",13.24,13.5,13.09,13.47,284462,1.659046,0.4578,,3054111.0302
"21-Sep-21",13.52,13.63,13.43,13.45,172296,1.349324,0.6182,,2465682.2272
"22-Sep-21",13.55,13.77,13.47,13.55,188517,1.286284,0.629,,2332044.1768
"23-Sep-21",13.61,14.05,13.57,13.88,347754,1.295736,0.6335,,2349802.3862
"24-Sep-21",13.9,14.39,13.84,14.18,382980,1.561324,0.4755,,2788707.5664
"27-Sep-21",14.29,14.67,14.29,14.5,373388,1.594233,0.4767,,2853025.0168
"28-Sep-21",14.49,14.67,14.27,14.29,209858,1.570385,0.4701,,2795078.6346
"29-Sep-21",14.27,14.53,14.25,14.33,257205,1.601035,0.4687,,2845137.0276
"30-Sep-21",14.45,14.54,14.2,14.32,354814,1.508813,0.4558,3017441,2708007.3692
"01-Oct-21",14.32,14.82,14.32,14.66,447604,3.119451,0.1276,,5594101.2638
"04-Oct-21",14.73,14.89,14.5,14.55,186652,4.168861,0.1128,,7553053.0432
"05-Oct-21",14.56,14.83,14.5,14.7,296177,3.738998,0.1269,,6763647.3548
"06-Oct-21",14.56,14.71,14.4,14.61,365938,3.233464,0.1437,,5858955.6704
"07-Oct-21",14.6,14.88,14.6,14.81,280856,2.540282,0.201,,4609619.5348
"08-Oct-21",14.78,14.88,14.59,14.6,162248,1.270996,0.422,,2306933.4568
"11-Oct-21",14.53,14.67,14.43,14.46,167054,1.265521,0.4219,,2569954.4997
"12-Oct-21",14.42,14.55,14.4,14.47,130660,1.221999,0.4821,,2458610.9268
"13-Oct-21",14.45,14.59,14.36,14.46,184288,1.062972,0.5644,,2123976.7199
"14-Oct-21",14.54,14.82,14.5,14.7,505509,1.04585,0.5939,,2097121.495
"15-Oct-21",14.96,15.07,14.75,14.87,387581,1.189611,0.5939,2955424,2131822.0665
"18-Oct-21",14.81,15.5,14.78,15.4,267517,1.36068,0.5717,,2356319.6769
"19-Oct-21",15.52,15.82,15.44,15.65,296006,1.22241,0.5501,,2118545.3261
"20-Oct-21",15.68,16.24,15.61,16.22,434141,1.171042,0.5471,,2024099.4228
"21-Oct-21",16.28,16.97,16.12,16.95,624013,1.555619,0.5275,,2684315.5136
"22-Oct-21",16.91,17.1,16.84,16.96,184974,1.393419,0.5174,,2356017.9328
"25-Oct-21",17.02,17.02,16.69,16.9,314916,1.436947,0.5106,,2419384.1938
"26-Oct-21",17.03,17.03,16.6203,16.77,314645,1.229162,0.4768,,2875627.552
"27-Oct-21",16.69,17.48,16.69,16.98,298567,1.401665,0.4659,,3231460.6016
"28-Oct-21",17.02,17.17,16.75,16.99,305676,1.400941,0.4692,,3234416.0256
"29-Oct-21",17.05,17.085,16.67,16.91,327963,1.488665,0.3951,,3423267.6192
"01-Nov-21",16.92,17.16,16.79,17.1,460338,1.448611,0.399,,3377163.0048
"02-Nov-21",17.23,17.23,16.44,16.49,267147,1.450218,0.4018,,3379231.8016
"03-Nov-21",16.42,16.96,16.37,16.77,718700
"19-Nov-21",,,,,,,,,,,0