"Date","open APPF Price in USD","high APPF Price in USD","low APPF Price in USD","close APPF Price in USD","APPF Volume","Days to cover 3m (on loan)","Cost To Borrow","Exchange Reported SI","Estimated Short Interest","Dividends","hidden"
"26-Jun-15",12.15,14.87,12.11,14.08,3529122
"29-Jun-15",13.26,14.24,13.26,13.7,332584
"30-Jun-15",14.86,14.86,13.82,14.1,98628
"01-Jul-15",14.8,14.8,13.75,14,215828
"02-Jul-15",14.4,14.4,13.75,13.75,107905
"06-Jul-15",14.09,14.09,13.5001,13.95,19734
"07-Jul-15",13.73,15.363,13.6,14.57,225048
"08-Jul-15",14.5,14.5,14.15,14.35,160675
"09-Jul-15",14.43,14.43,13.912,14.11,58078
"10-Jul-15",14.36,14.79,14.2,14.79,23209
"13-Jul-15",14.99,16.9599,14.5301,16.56,173993
"14-Jul-15",16.56,16.575,15.48,15.78,69317
"15-Jul-15",15.58,17.4,15.58,17.35,63031
"16-Jul-15",17.45,17.45,16.97,17.2,36634
"17-Jul-15",17.25,17.38,16.5,16.66,84667
"20-Jul-15",16.74,17.2,16.5201,17.02,47632
"21-Jul-15",16.85,16.85,14.8,14.81,191413
"22-Jul-15",14.95,15.209,14,14.21,123539
"23-Jul-15",14.46,14.7799,14,14.315,60073
"24-Jul-15",14.37,14.9637,14.37,14.71,30764
"27-Jul-15",15.32,15.686,14,14.15,47804
"28-Jul-15",14.28,14.74,14.21,14.7,54905
"29-Jul-15",14.354,14.86,14.29,14.625,43243
"30-Jul-15",14.74,15,14.2,14.8,50519
"31-Jul-15",15.35,15.35,14.4,14.84,62586
"03-Aug-15",15,16.469,14.54,15.36,172017
"04-Aug-15",15.66,15.66,14.8,15.05,81431
"05-Aug-15",15.54,15.54,14.61,15.35,108369
"06-Aug-15",15.84,16.06,15.32,15.36,121639
"07-Aug-15",16,16.8,15.32,15.64,128255
"10-Aug-15",16,16.64,14.6107,16.32,159639
"11-Aug-15",16.1,16.75,15.32,16.66,36188
"12-Aug-15",16.59,16.59,15.5,15.87,43127
"13-Aug-15",15.97,16.7,15.97,16.4,23069
"14-Aug-15",16.34,16.79,15.96,16.75,83625
"17-Aug-15",16.55,17.93,16.41,17.43,73548
"18-Aug-15",17.45,17.98,17.17,17.89,62392
"19-Aug-15",17.84,18.25,17.3956,17.69,98390
"20-Aug-15",17.59,17.59,16.2,17.18,44667
"21-Aug-15",16.78,17.135,16.12,16.92,94838
"24-Aug-15",16,16.22,15,15.58,85607
"25-Aug-15",16.06,16.7,15.54,15.78,31752
"26-Aug-15",16.5,17.7899,15.74,17.01,34658
"27-Aug-15",17.57,17.57,16.63,17,69724
"28-Aug-15",16.81,18,16.1421,16.3,32261
"31-Aug-15",16.11,16.19,15.45,16.01,76141
"01-Sep-15",15.51,15.8099,15.11,15.22,57220
"02-Sep-15",15.71,15.84,15.0101,15.7,48545
"03-Sep-15",15.97,17.43,15.345,16.85,70858
"04-Sep-15",16.54,17.31,15.4513,17.2,33197
"08-Sep-15",17.2,18.37,16.45,16.84,81512
"09-Sep-15",16.91,18.03,16.825,17.65,42898
"10-Sep-15",17.33,18.23,17.22,17.77,45026
"11-Sep-15",17.61,18.23,17.53,18.23,28005
"14-Sep-15",18.02,18.48,17.02,17.09,72441
"15-Sep-15",17.08,17.7,16.61,17.41,53578
"16-Sep-15",17.33,17.65,16.83,17,47638
"17-Sep-15",16.88,17.87,16.88,17.61,61878
"18-Sep-15",17.44,18.2,16.83,16.98,392763
"21-Sep-15",17.14,17.76,16.65,17.75,79212
"22-Sep-15",17.6,17.92,16.616,17.47,96532
"23-Sep-15",17.44,17.93,17.1,17.41,79380
"24-Sep-15",17.33,17.88,17,17.79,73088
"25-Sep-15",17.9,17.9,17.12,17.51,70143
"28-Sep-15",17.69,17.69,17.07,17.62,134665
"29-Sep-15",17.49,17.62,16.91,17.1,72387
"30-Sep-15",17.27,17.39,16.53,16.85,869545
"01-Oct-15",16.85,17.1,16.24,16.97,106356
"02-Oct-15",16.83,17.232,16.55,16.77,107064
"05-Oct-15",16.91,17.38,16.68,17.3,98821
"06-Oct-15",17.33,17.56,16.93,17.54,63544
"07-Oct-15",17.45,18.39,17.1,18.3,129433
"08-Oct-15",18.2,18.81,17.2435,18.5,88001
"09-Oct-15",18.61,19.7204,18.36,19.64,78373
"12-Oct-15",19.66,19.75,19.23,19.52,91076
"13-Oct-15",19.35,19.935,19.14,19.54,46555
"14-Oct-15",19.49,19.735,18.93,18.99,82766
"15-Oct-15",18.99,19.305,18.47,19,129355
"16-Oct-15",19.1,19.26,18.81,18.95,35671
"19-Oct-15",18.91,19.12,18.71,18.9,43665
"20-Oct-15",18.89,18.92,18.45,18.88,71269
"21-Oct-15",18.75,18.75,17.63,17.68,80416
"22-Oct-15",17.89,18.3999,17.57,17.9,61411
"23-Oct-15",18.11,18.23,17.83,18.04,49328
"26-Oct-15",18,18.7,17.96,18.2,95544
"27-Oct-15",18,18.053,17,17.1,64901
"28-Oct-15",17.37,17.9,17.12,17.76,79071
"29-Oct-15",17.73,18.08,17.49,17.63,76113
"30-Oct-15",17.62,18.065,17.24,17.51,84556
"02-Nov-15",17.6,18.46,17.36,18.22,213978
"03-Nov-15",18.12,18.35,17.55,17.76,72779
"04-Nov-15",17.75,17.91,17.29,17.58,30079
"05-Nov-15",17.65,17.85,16.26,16.85,70800
"06-Nov-15",16.83,17.25,16.72,17.17,24362
"09-Nov-15",17.01,17.85,17.006,17.72,59639
"10-Nov-15",17.9,17.9,16.01,16.46,131141
"11-Nov-15",16.61,16.78,15.56,15.63,60202
"12-Nov-15",16.03,16.03,15.35,15.44,42333
"13-Nov-15",15.38,15.9,15.33,15.39,43173
"16-Nov-15",15.32,15.91,15.32,15.65,42713
"17-Nov-15",15.86,15.94,15.51,15.91,30251
"18-Nov-15",16.02,16.05,15.53,15.99,30256
"19-Nov-15",15.87,15.99,15.63,15.83,25524
"20-Nov-15",15.76,16.04,15.61,15.79,35258
"23-Nov-15",15.74,16.05,15.7,15.91,36839
"24-Nov-15",15.8,16.05,15.66,15.99,21262
"25-Nov-15",16,17,16,16.64,38285
"27-Nov-15",16.75,17.79,16.74,16.75,18180
"30-Nov-15",16.9,17.13,16.08,16.39,27918
"01-Dec-15",16.37,16.88,16.19,16.66,24378
"02-Dec-15",16.22,16.62,15.915,15.96,43874
"03-Dec-15",16.13,16.25,15.555,15.57,30838
"04-Dec-15",15.53,15.99,15.53,15.67,26290
"07-Dec-15",15.67,15.82,15.52,15.64,41636
"08-Dec-15",15.52,15.85,15.38,15.46,47560
"09-Dec-15",15.36,15.7,15.31,15.51,24346
"10-Dec-15",15.45,15.7,15.39,15.49,29836
"11-Dec-15",15.11,15.73,15.105,15.35,72008
"14-Dec-15",15.44,15.8,15.33,15.37,34759
"15-Dec-15",15.55,15.59,15.29,15.43,26160
"16-Dec-15",15.47,15.7,15.32,15.41,71419
"17-Dec-15",15.47,15.51,15.21,15.29,74531
"18-Dec-15",15.29,15.615,15.23,15.25,45684
"21-Dec-15",15.4,15.5,15.11,15.41,26109
"22-Dec-15",15.44,15.49,15.12,15.45,22599
"23-Dec-15",15.54,16.64,15.16,16.43,45790
"24-Dec-15",16.28,16.9,16.28,16.77,12120
"28-Dec-15",16.74,16.77,16.34,16.69,17717
"29-Dec-15",16.71,16.71,15.15,15.42,88317
"30-Dec-15",15.48,15.5,14.61,14.64,61140
"31-Dec-15",14.7,15.01,14.51,14.6,43069
"04-Jan-16",14.52,15.19,13.2401,13.96,118142
"05-Jan-16",13.9,14.03,13.77,13.95,55277
"06-Jan-16",13.85,14,13.47,13.94,233889
"07-Jan-16",13.75,14,13.48,13.61,127984
"08-Jan-16",13.63,13.9699,13.51,13.7,99137
"11-Jan-16",13.8,13.8,13.33,13.43,64207
"12-Jan-16",13.46,13.49,12.67,13.01,125497
"13-Jan-16",13.03,13.11,12.4601,12.83,61926
"14-Jan-16",13,13.69,11.6,13.08,162373
"15-Jan-16",12.83,13.2,12.402,13.2,63531
"19-Jan-16",13.3,13.3,12.9,13.13,56691
"20-Jan-16",12.98,13.34,12.63,13.2,44477
"21-Jan-16",13.32,13.94,13.01,13.24,56038
"22-Jan-16",13.47,14,13.19,13.79,38154
"25-Jan-16",13.79,13.93,13.098,13.2,26315
"26-Jan-16",13.16,13.57,13.01,13.22,132404
"27-Jan-16",13.06,13.69,12.81,13.14,95227
"28-Jan-16",13.08,13.28,13,13.21,26674
"29-Jan-16",13.33,13.625,12.91,13.4,69067
"01-Feb-16",13.32,13.32,13.06,13.13,31207
"02-Feb-16",13,13.1,12.69,13.02,55110
"03-Feb-16",13.29,13.31,12.6,13.06,105713
"04-Feb-16",12.76,13.74,12.75,13.39,77865
"05-Feb-16",13.2,13.24,12.78,13.09,225627
"08-Feb-16",12.92,13.05,12.63,13.02,134120
"09-Feb-16",12.87,13.18,12.72,12.95,83313
"10-Feb-16",12.99,13.54,12.68,12.76,30665
"11-Feb-16",12.72,12.96,12.55,12.75,40836
"12-Feb-16",12.88,13,12.61,12.95,33236
"16-Feb-16",13.06,14.01,12.95,13.94,94452
"17-Feb-16",13.91,15,13.91,14.33,40811
"18-Feb-16",14.35,14.73,14.33,14.72,34838
"19-Feb-16",14.73,14.76,14.18,14.22,33923
"22-Feb-16",14.26,14.28,13.84,13.86,29073
"23-Feb-16",14.21,14.21,11.77,12.16,236698
"24-Feb-16",11.98,12.09,11.82,11.98,83493
"25-Feb-16",11.89,12.435,11.89,11.99,77017
"26-Feb-16",12,12.06,11.71,11.77,89656
"29-Feb-16",11.77,12.05,11.67,11.7,51772
"01-Mar-16",11.7,12.419,11.58,11.81,78283
"02-Mar-16",11.8,11.97,11.51,11.82,113271
"03-Mar-16",11.86,11.97,11.6,11.63,47150
"04-Mar-16",11.73,11.86,11.47,11.58,105153
"07-Mar-16",11.48,12.1806,11.07,11.72,79859
"08-Mar-16",11.58,11.9,11.25,11.61,126123
"09-Mar-16",11.8,11.8836,11.455,11.69,27515
"10-Mar-16",11.84,11.9,11.28,11.62,26190
"11-Mar-16",11.67,11.81,11.481,11.81,54901
"14-Mar-16",11.97,11.99,11.7,11.92,55290
"15-Mar-16",12.01,12.01,11.81,11.96,31735
"16-Mar-16",11.86,12.08,11.86,11.96,42232
"17-Mar-16",12.02,12.06,11.75,11.98,56103
"18-Mar-16",12.04,12.77,12,12.12,94910
"21-Mar-16",12.26,12.29,11.75,11.79,33862
"22-Mar-16",11.86,12,11.86,11.89,16533
"23-Mar-16",11.96,12.09,11.89,12.09,32058
"24-Mar-16",11.99,12.16,11.6937,12,27240
"28-Mar-16",11.9,12.18,11.76,12.12,29117
"29-Mar-16",12,12.33,12,12.23,41538
"30-Mar-16",12.19,12.33,12.08,12.23,27776
"31-Mar-16",12.23,12.3,12.064,12.24,28891
"01-Apr-16",12.14,12.26,12.09,12.19,34064
"04-Apr-16",12.43,12.43,12.14,12.19,17463
"05-Apr-16",12.13,12.26,12.1,12.16,30225
"06-Apr-16",12.18,12.38,12.07,12.18,23457
"07-Apr-16",12.14,12.27,12.07,12.22,26195
"08-Apr-16",12.24,12.33,12.1647,12.3,14957
"11-Apr-16",12.3,12.415,12.21,12.3,21259
"12-Apr-16",12.33,12.46,12.25,12.37,26998
"13-Apr-16",12.37,12.38,12.28,12.37,47067
"14-Apr-16",12.31,12.37,12.29,12.35,14206
"15-Apr-16",12.35,12.41,12.25,12.31,11924
"18-Apr-16",12.33,12.7,12.25,12.64,95087
"19-Apr-16",12.73,13.25,12.63,12.97,119482
"20-Apr-16",12.93,13.16,12.75,13.02,17975
"21-Apr-16",12.99,13.22,12.915,12.95,16612
"22-Apr-16",12.88,13.19,12.81,12.87,16533
"25-Apr-16",12.99,13.09,12.22,12.6,40683
"26-Apr-16",12.75,13.15,12.5,13.1,28858
"27-Apr-16",13.15,13.24,12.77,13.15,34996
"28-Apr-16",13.04,13.095,12.76,12.78,18896
"29-Apr-16",12.75,12.75,12.25,12.54,89848
"02-May-16",12.51,12.955,12.09,12.69,76516
"03-May-16",12.68,12.95,12.25,12.36,73526
"04-May-16",12.25,12.55,12.2,12.3,45431
"05-May-16",12.49,12.59,12.18,12.22,36679
"06-May-16",12.26,12.4199,12.07,12.41,32001
"09-May-16",12.5,12.76,12.22,12.35,43828
"10-May-16",12.25,12.75,12.25,12.5,89887
"11-May-16",12.5,12.7999,12.31,12.48,49228
"12-May-16",12.55,12.68,12.29,12.52,47813
"13-May-16",12.27,12.81,12.185,12.7,114339
"16-May-16",12.75,13,12.395,12.55,54548
"17-May-16",12.51,13.15,12.39,12.93,392443
"18-May-16",13.01,13.53,12.82,13.34,44038
"19-May-16",13.3,13.57,12.97,13.08,18791
"20-May-16",13.18,13.44,12.92,13.43,31023
"23-May-16",13.36,13.71,13.14,13.51,142949
"24-May-16",13.49,13.68,13.35,13.6,33407
"25-May-16",13.7,13.75,13.4,13.67,55919
"26-May-16",13.62,13.7,13.435,13.54,22731
"27-May-16",13.65,13.99,13.64,13.81,39022
"31-May-16",13.81,14,13.8,14,29668
"01-Jun-16",13.98,14.23,13.88,14.19,28811
"02-Jun-16",14.08,14.35,13.88,14.32,33773
"03-Jun-16",14.42,14.78,14.26,14.6,38794
"06-Jun-16",14.52,15.18,14.44,15.01,44470
"07-Jun-16",14.92,15.02,14.76,14.91,26373
"08-Jun-16",14.93,15.06,14.68,14.95,23680
"09-Jun-16",14.84,15.232,14.5314,15.08,32212
"10-Jun-16",14.93,15.21,14.6,14.8,32911
"13-Jun-16",14.68,15.16,14.3511,15.09,48779
"14-Jun-16",15.07,15.57,14.33,14.55,35949
"15-Jun-16",14.55,14.63,14.1602,14.31,29783
"16-Jun-16",14.17,14.59,13.36,14.46,29686
"17-Jun-16",14.5,15.09,13.98,15.03,106400
"20-Jun-16",15.06,15.06,14.53,14.66,28105
"21-Jun-16",14.6,14.73,14.19,14.62,14689
"22-Jun-16",14.54,14.94,13.924,14.47,43155
"23-Jun-16",14.57,14.83,14.2,14.75,24792
"24-Jun-16",14.18,14.48,13.555,13.98,246603
"27-Jun-16",13.8,13.95,13.34,13.46,35448
"28-Jun-16",13.53,14,13.53,13.67,37196
"29-Jun-16",13.75,13.98,13.5,13.92,21966
"30-Jun-16",13.87,14.46,13.67,14.46,37634
"01-Jul-16",14.32,14.9699,14.115,14.56,16606
"05-Jul-16",14.58,14.91,14.18,14.33,18519
"06-Jul-16",14.37,14.455,14.1401,14.27,9670
"07-Jul-16",14.35,14.46,14.14,14.31,16772
"08-Jul-16",14.4,14.7,14.3,14.62,19194
"11-Jul-16",14.7,14.7,14.46,14.62,15504
"12-Jul-16",14.7,15,14.6,14.98,25229
"13-Jul-16",14.9,15,14.7,14.92,17849
"14-Jul-16",15,15,14.68,14.81,19954
"15-Jul-16",14.91,15.12,14.65,15.06,21952
"18-Jul-16",15.14,15.4,14.99,15.17,10796
"19-Jul-16",15.08,15.48,14.87,15.35,22787
"20-Jul-16",15.4,15.5,14.98,15.19,18736
"21-Jul-16",15.1,15.36,15.01,15.27,21795
"22-Jul-16",15.18,15.5,15.12,15.24,11779
"25-Jul-16",15.1,15.345,14.9,14.97,27163
"26-Jul-16",15.06,15.49,14.79,15.38,18587
"27-Jul-16",15.33,16.19,15.27,16.12,58104
"28-Jul-16",16.04,16.2,15.8399,16.07,17549
"29-Jul-16",16.11,16.17,15.62,16.08,17995
"01-Aug-16",15.96,16.2,15.82,16.15,27795
"02-Aug-16",16.2,16.2,16,16.11,10917
"03-Aug-16",16.22,16.87,16.2,16.69,58483
"04-Aug-16",16.47,16.9434,16.32,16.65,27279
"05-Aug-16",16.74,16.88,16.26,16.8,57324
"08-Aug-16",16.7,16.999,14.861,16.93,79893
"09-Aug-16",17,17.99,16.26,17.99,115575
"10-Aug-16",18,18,16.02,17.98,24414
"11-Aug-16",17.86,18.28,17.86,18.19,71730
"12-Aug-16",18,18.39,18,18.19,21366
"15-Aug-16",17.97,18.28,17.97,18.15,29192
"16-Aug-16",18,18.42,17.97,18.23,63187
"17-Aug-16",18.34,18.3999,18.19,18.24,16966
"18-Aug-16",18.15,18.4099,18.0664,18.28,17770
"19-Aug-16",18.2,18.45,18.05,18.19,26307
"22-Aug-16",18.13,18.33,18.13,18.29,19561
"23-Aug-16",18.31,18.54,18.215,18.32,23740
"24-Aug-16",18.21,18.5699,18.19,18.42,20838
"25-Aug-16",18.53,18.79,18.41,18.5,16182
"26-Aug-16",18.61,18.84,18.15,18.5,12168
"29-Aug-16",18.7,18.9199,18.6,18.68,24240
"30-Aug-16",18.69,18.91,18.49,18.62,6109
"31-Aug-16",18.63,18.9817,18.18,18.42,9888
"01-Sep-16",18.28,18.75,17.51,18.35,35505
"02-Sep-16",18.68,18.68,18.31,18.45,13625
"06-Sep-16",18.58,18.7,18.52,18.62,26377
"07-Sep-16",18.69,19,18.69,18.89,16281
"08-Sep-16",18.93,18.9943,18.57,18.94,11986
"09-Sep-16",18.94,18.94,18.24,18.34,32728
"12-Sep-16",18.15,19,17.912,18.98,33224
"13-Sep-16",18.85,19.2,18.31,18.63,27594
"14-Sep-16",18.594,19.78,18.459,19.74,32278
"15-Sep-16",19.65,19.86,19.015,19.65,23000
"16-Sep-16",19.82,19.9752,19.13,19.19,86312
"19-Sep-16",19.3,19.3,18.87,18.99,20404
"20-Sep-16",19.15,19.71,19.08,19.47,18970
"21-Sep-16",19.51,19.72,19.43,19.6,18086
"22-Sep-16",19.57,19.78,19.41,19.64,26694
"23-Sep-16",19.9178,19.9178,19.63,19.66,12329
"26-Sep-16",19.35,19.66,19.095,19.17,13962
"27-Sep-16",19.255,19.5,19.11,19.39,13401
"28-Sep-16",19.51,19.78,19.34,19.64,12780
"29-Sep-16",19.58,19.68,19.07,19.11,17302
"30-Sep-16",19.42,19.595,19.19,19.44,17265
"03-Oct-16",19.31,19.31,18.62,18.73,18994
"04-Oct-16",18.73,19.04,18.27,19.04,20309
"05-Oct-16",19.07,19.16,18.88,18.93,16058
"06-Oct-16",19.02,19.08,18.73,19.04,13919
"07-Oct-16",18.83,19.08,18.8,19,10842
"10-Oct-16",19.22,19.22,18.81,19.05,26680
"11-Oct-16",19.05,19.05,18.62,18.78,9593
"12-Oct-16",18.7,18.98,18.7,18.86,9163
"13-Oct-16",18.7,18.87,18.39,18.68,14130
"14-Oct-16",18.59,19.21,18.4,19.02,30375
"17-Oct-16",19,19.31,18.75,18.9,20953
"18-Oct-16",18.96,19.04,18.76,19.01,10896
"19-Oct-16",18.98,19.32,18.96,19.14,18745
"20-Oct-16",19.1,19.3599,19.03,19.08,15803
"21-Oct-16",19.05,19.19,19.05,19.07,5152
"24-Oct-16",19.21,19.27,19.1,19.2,6665
"25-Oct-16",19.32,19.32,19.05,19.05,7082
"26-Oct-16",19.01,19.2,18.981,19.09,9010
"27-Oct-16",19.02,19.28,18.97,19,12434
"28-Oct-16",18.96,19.06,18.9,19.01,12454
"31-Oct-16",19.01,19.25,18.9,19.05,7816
"01-Nov-16",18.9,19.05,18.9,19,19261
"02-Nov-16",19,19.2,18.8,18.9,12545
"03-Nov-16",19,19,18.85,18.85,19122
"04-Nov-16",19.05,19.1,18.75,18.9,27419
"07-Nov-16",19.15,19.15,18.9,19.1,15935
"08-Nov-16",19.25,19.75,19.25,19.55,25230
"09-Nov-16",19.45,19.45,19.05,19.25,24873
"10-Nov-16",19.3,19.75,19.2,19.7,27825
"11-Nov-16",19.7,22,19.65,22,63580
"14-Nov-16",22,22.3196,21.4,21.55,35171
"15-Nov-16",21.6,22.0305,21.35,21.475,13955
"16-Nov-16",21.3,22.55,20.15,21.85,17253
"17-Nov-16",21.75,21.95,21.25,21.55,14000
"18-Nov-16",21.7,21.975,21.05,21.6,26284
"21-Nov-16",21.75,22.05,21.06,21.8,16775
"22-Nov-16",21.75,22.35,21.7,22,30486
"23-Nov-16",21.75,22.2,21.75,22,17178
"25-Nov-16",22,22.05,21.45,21.5,12334
"28-Nov-16",21.5,22.2,21.5,22.05,9897
"29-Nov-16",22.15,22.15,21.9,21.9,3618
"30-Nov-16",22.05,22.1,21.85,21.9,8174
"01-Dec-16",21.8,22,21.082,21.45,18296
"02-Dec-16",21.25,21.4,20.46,21,9880
"05-Dec-16",21.05,21.75,21.05,21.75,19530
"06-Dec-16",21.7,22,21.4,21.9,18230
"07-Dec-16",21.85,21.95,21.7,21.85,13435
"08-Dec-16",21.8,22.25,21.8,21.95,24616
"09-Dec-16",21.9,22.45,21.9,22.2,22736
"12-Dec-16",22,22,21.85,21.9,17759
"13-Dec-16",22.1,22.695,21.9,21.95,32080
"14-Dec-16",21.8,22.2,21.8,22.1,18109
"15-Dec-16",22.2,22.35,21.85,22.25,24736
"16-Dec-16",22.35,22.75,22.35,22.7,74545
"19-Dec-16",22.8,23.2,22.8,22.95,25255
"20-Dec-16",22.9,23.95,22.9,23.9,14254
"21-Dec-16",23.8,24.5,23.65,24,13122
"22-Dec-16",24.05,24.1,23.1695,23.7,13413
"23-Dec-16",23.85,23.85,23.4,23.55,8559
"27-Dec-16",23.45,23.6,23.25,23.4,9083
"28-Dec-16",23.4,23.65,23.15,23.3,19175
"29-Dec-16",23.45,23.9,23.45,23.85,13682
"30-Dec-16",23.95,23.95,23.6,23.85,17524
"02-Jan-17",,,,,,11.117625
"03-Jan-17",23.95,23.95,22.8,23,51854,10.629303
"04-Jan-17",23,23,22.425,22.5,19602,10.531593
"05-Jan-17",22.6,22.75,22.25,22.4,12163,10.839247
"06-Jan-17",22.6,22.9,22.2,22.35,14997,10.355173
"09-Jan-17",22.35,22.65,22.2,22.3,10577,10.367494
"10-Jan-17",22.25,22.5,22.25,22.45,7515,9.839923
"11-Jan-17",22.35,22.65,22.2,22.45,16435,9.989372
"12-Jan-17",22.4,22.55,21.6316,22.4,18923
"13-Jan-17",22.55,22.8,22.2,22.4,16659
"17-Jan-17",22.15,22.3,21.85,21.9,14923
"18-Jan-17",22.1,22.45,22.1,22.25,10734
"19-Jan-17",22.2,22.3,22,22.1,5140
"20-Jan-17",22.1,22.75,21.95,22.7,35640
"23-Jan-17",22.7,23,22.695,22.85,10026
"24-Jan-17",23,23,22.5268,22.75,17242
"25-Jan-17",22.75,23,22.75,22.95,8885
"26-Jan-17",22.95,23,22.75,22.9,4713
"27-Jan-17",22.9,23.3,22.75,23.15,15108
"30-Jan-17",22.8,23.2,22.75,22.9,7887
"31-Jan-17",23,23.89,22.6045,22.65,13258
"01-Feb-17",22.75,23.34,22.35,22.9,22531
"02-Feb-17",22.9,22.9,22.65,22.75,6979
"03-Feb-17",23.05,23.8,22.805,23,29442
"06-Feb-17",22.8,24,22.5325,23.85,35636
"07-Feb-17",23.85,24.05,23.85,23.9,9708
"08-Feb-17",24,24,23.7,23.8,12039
"09-Feb-17",23.57,24.8,23.525,24.75,17408
"10-Feb-17",24.8,24.8,23.85,24,30255
"13-Feb-17",24.35,24.4,23.95,24.05,10839
"14-Feb-17",24.55,24.55,23.75,24,11261
"15-Feb-17",24.15,24.4,23.6,23.7,13007
"16-Feb-17",23.9,23.9,23.4,23.7,9223
"17-Feb-17",23.8,24,23.65,23.8,15732
"21-Feb-17",23.95,24.0333,23.6,23.7,5630
"22-Feb-17",23.65,24.2,23.6,23.85,7787
"23-Feb-17",23.6,23.945,23.55,23.65,8797
"24-Feb-17",23.6,24.35,23.6,23.8,10441
"27-Feb-17",24.075,25.05,23.985,25.05,26670
"28-Feb-17",26,26,24.75,24.85,25217
"01-Mar-17",24.65,24.95,24.5172,24.95,15977
"02-Mar-17",24.6,24.8653,24.3,24.5,18763
"03-Mar-17",24.1,24.95,23.8,23.95,82816
"06-Mar-17",23.95,23.95,23.7,23.75,10661
"07-Mar-17",23.5,23.9,22.8442,23.6,20796
"08-Mar-17",23.75,24.75,23.75,24.4,76935
"09-Mar-17",24.05,24.45,24.05,24.1,14571
"10-Mar-17",24.1,24.35,23.9,24.2,11031
"13-Mar-17",24.3514,25,24.3514,24.4,26653
"14-Mar-17",24.5,24.505,24,24.5,8610
"15-Mar-17",24.6,25.25,23.95,25.1,247386
"16-Mar-17",25.3,26.05,24.71,25.05,64769
"17-Mar-17",24.8,26.1,24.8,25.95,47422
"20-Mar-17",25.75,26.05,25.15,25.2,24914
"21-Mar-17",25.4,25.9,24.45,24.45,23831
"22-Mar-17",24.3,24.55,23.5,24.2,296696
"23-Mar-17",24.25,25.75,24.25,25.5,33653
"24-Mar-17",25.6,25.95,25.4,25.7,25734
"27-Mar-17",25.85,26.1,25.75,26,12048
"28-Mar-17",25.8,26.2,24.85,26.05,9862
"29-Mar-17",26.2,26.2,25.9,26.15,15532
"30-Mar-17",26.25,27.5,26,27.5,32322
"31-Mar-17",27.8,27.9,26.75,27.2,88424
"03-Apr-17",27,28,27,27.45,27976
"04-Apr-17",27.55,27.55,27.05,27.15,37640
"05-Apr-17",27,27.2,25.7,25.9,43103
"06-Apr-17",26.05,26.35,25.55,25.8,58639
"07-Apr-17",25.95,26.65,25.1602,26,40058
"10-Apr-17",26.1,26.675,25.05,25.7,38638
"11-Apr-17",25.7,26.1,25.6133,26,27469
"12-Apr-17",25.9,25.9,25.595,25.65,16962
"13-Apr-17",25.67,25.94,25.3,25.4,22112
"17-Apr-17",25.05,25.6,25.05,25.3,34454
"18-Apr-17",25.05,25.8,25.05,25.45,21852
"19-Apr-17",25.35,25.9,25.2,25.7,21805
"20-Apr-17",25.75,26.35,25.6,25.9,33337
"21-Apr-17",25.75,26.2,25.35,26.05,22067
"24-Apr-17",26.2,26.45,26.1,26.4,16225
"25-Apr-17",26.4,26.6,26.2,26.4,21805
"26-Apr-17",26.35,26.75,26.35,26.6,35174
"27-Apr-17",27,27.3,26.75,27.25,33767
"28-Apr-17",27.3,27.5,26.26,26.55,40198
"01-May-17",26.75,26.75,26.05,26.1,25003
"02-May-17",26.1,26.45,25.65,26.25,27345
"03-May-17",26.15,26.2,25.7,26.1,30355
"04-May-17",26.25,26.25,25.85,26,16773
"05-May-17",26.1,26.35,25.55,26,59321
"08-May-17",27,27.326,26.428,26.9,56201
"09-May-17",26.9,28.575,26.9,28.05,88637
"10-May-17",27.95,28.45,27.504,28,63610
"11-May-17",27.8,28.25,27.1,28.25,47342
"12-May-17",28.1,28.3,27.95,28.1,25030
"15-May-17",28.2,28.6589,28.1,28.25,46681
"16-May-17",28.2,29.15,28.2,28.45,38158
"17-May-17",28.15,28.45,27.5,27.65,62954
"18-May-17",27.75,28.3,27.45,27.95,42721
"19-May-17",28.25,28.25,27.65,27.85,32896
"22-May-17",27.65,27.9,27.2,27.85,24948
"23-May-17",27.85,27.9,27.5,27.7,39293
"24-May-17",27.75,27.85,27.65,27.7,22766
"25-May-17",27.9,27.95,27.748,27.85,36841
"26-May-17",28.1,28.7,27.85,28.4,94187
"30-May-17",28.6,28.825,28.3,28.5,82865
"31-May-17",28.7,29.25,28.45,28.65,240413
"01-Jun-17",28.55,30.15,28.35,29.9,145299
"02-Jun-17",29.85,31.05,29.85,30.95,133658
"05-Jun-17",31,35.2,31,32,121493
"06-Jun-17",32.4,33,31.6,31.7,89731
"07-Jun-17",31.75,32.05,31.3,31.45,73249
"08-Jun-17",31.5,31.925,31.25,31.4,73412
"09-Jun-17",31.55,31.75,30.65,31,98658
"12-Jun-17",32,32.95,31.35,31.7,213655
"13-Jun-17",32.2,32.34,31.2,31.4,94553
"14-Jun-17",31.35,31.7,31.3,31.4,122334
"15-Jun-17",31.1,31.7,30.8,31.45,181870
"16-Jun-17",31.25,32.05,31.25,31.8,104691
"19-Jun-17",31.7,32.4775,31.7,32.35,68296
"20-Jun-17",32.5,32.9,32.25,32.6,69079
"21-Jun-17",32.65,32.95,32.05,32.4,65765
"22-Jun-17",32.45,32.9,32.069,32.55,47856
"23-Jun-17",32.55,33.6,32.25,33.45,214219
"26-Jun-17",33.7,34.35,32.555,34,207951
"27-Jun-17",33.85,34.15,33,33.3,125909
"28-Jun-17",33.45,34.2,32.9,34.15,47474
"29-Jun-17",34.1,34.1,32.0919,32.45,86389
"30-Jun-17",32.95,34.1,32.25,32.6,192307
"03-Jul-17",32.8,34.3,31.2,31.45,49923,2.010904
"04-Jul-17",,,,,,1.992092
"05-Jul-17",31.3,32.95,31.25,31.8,95079,1.959328
"06-Jul-17",31.45,32,31.15,31.55,195000,1.414712
"07-Jul-17",31.75,32.45,31.75,32.15,53880,1.491458
"10-Jul-17",32.6,32.9,32.15,32.725,97728,1.706908
"11-Jul-17",32.85,33,32.3,32.5,79712,1.633023
"12-Jul-17",32.65,33,32.5,32.9,57374,1.592063
"13-Jul-17",32.95,33.54,32.2,33.05,131405,1.775908
"14-Jul-17",33.05,33.8,33.05,33.45,101677,1.791605
"17-Jul-17",33.55,34.35,33.3,34.3,81292,1.729116
"18-Jul-17",34,34.7,33.5,34.65,72871,2.104189
"19-Jul-17",34.85,35.05,34.5,34.95,80852,2.045999
"20-Jul-17",35.2,36.525,34.7,35.8,100105,1.992873
"21-Jul-17",35.85,36.2,34.8,35.3,165931,1.919058
"24-Jul-17",35.4,35.7,35.05,35.45,63357,1.649725
"25-Jul-17",35.2,35.7,34.85,35.35,95885,1.872817
"26-Jul-17",35.15,35.4,35.1,35.3,69034,1.708427
"27-Jul-17",35.4,35.745,34.7,35.4,208184,1.613166
"28-Jul-17",35.15,35.7,34.75,35.6,53337,1.520762
"31-Jul-17",35.6,35.8,34.95,34.95,44287,1.51065
"01-Aug-17",35.05,35.5,34.75,35,101018,1.589531
"02-Aug-17",35,35.05,33.95,34.55,218351,1.533738
"03-Aug-17",34.45,34.7608,33.95,34.45,244619,1.458905
"04-Aug-17",34.65,35.85,34,35,140077,1.474765
"07-Aug-17",35.35,36.1,35,35.25,187840,3.093591
"08-Aug-17",37,38.85,36.5,37.8,602402,1.732572
"09-Aug-17",37.5,37.5,36.45,36.65,177488
"10-Aug-17",36.35,36.4,35.6,35.8,355548
"11-Aug-17",35.85,36.15,35.8,36,185214
"14-Aug-17",36.25,37.35,35.9361,37.2,365713
"15-Aug-17",37.3,38.4,37.05,38.15,192051
"16-Aug-17",38.1,39.325,38,39,106326
"17-Aug-17",38.75,40.55,38.4,40.05,312405
"18-Aug-17",39.45,41.3,39.01,41.1,206010
"21-Aug-17",40.7,41.75,40.2,40.65,177886
"22-Aug-17",40.75,42.5,40.75,42.2,176218
"23-Aug-17",42.4,42.45,41.25,41.7,183734
"24-Aug-17",41.5,42,41.375,41.8,142113
"25-Aug-17",41.9,42,41.4,41.8,176352
"28-Aug-17",41.9,42,41.675,42,120106
"29-Aug-17",41.6,41.9,41.15,41.4,208371
"30-Aug-17",41.25,43.2,41.25,42.2,204243
"31-Aug-17",42.45,43.15,42.3231,42.9,158515
"01-Sep-17",42.85,43.397,42.4,43,156356
"05-Sep-17",42.9,43.25,42.25,43.05,188531
"06-Sep-17",43,43.85,42.775,43.55,187264
"07-Sep-17",43.15,44.75,43,44.7,208519
"08-Sep-17",44.5,45.6,43.85,43.95,205427
"11-Sep-17",44.6,45.65,44.45,45.35,190313
"12-Sep-17",45.55,46,44.8,45.1,160681
"13-Sep-17",45.1,45.29,44.15,44.5,109462
"14-Sep-17",44.45,44.8,44.06,44.3,114455
"15-Sep-17",44.3,45.1,43.89,44.7,346229
"18-Sep-17",44.75,45.1253,44.3,44.9,125632
"19-Sep-17",44.9,45.275,44.75,45,139897
"20-Sep-17",45.05,45.65,44.35,45.4,142066
"21-Sep-17",45.45,46.45,45.14,46.05,101436
"22-Sep-17",46.05,46.15,45.65,46.15,130538
"25-Sep-17",46.15,46.15,45.8,46.1,175528
"26-Sep-17",46.15,47,45.95,46.5,207761
"27-Sep-17",46.9,48.2177,46.8,48,139212
"28-Sep-17",48,48.4,46.3,47.05,254130
"29-Sep-17",47.5,48.3,47.15,47.95,169239
"02-Oct-17",48.15,48.95,47.9,48.8,134375,1.465801,0.5357
"03-Oct-17",48.8,49.55,48.8,49.55,165040,1.504161,0.5801
"04-Oct-17",49.65,49.95,49,49.55,211129,1.361317,0.5546
"05-Oct-17",49.6,50.05,48.75,49.85,217909,1.318109,0.5517
"06-Oct-17",49.55,50.55,49.16,50.3,130887,1.268844,0.5427
"09-Oct-17",50.8,51.95,50.55,51.1,164196,1.259314,0.5427
"10-Oct-17",51.1,52.25,50.9,50.9,172144,1.308815,0.5726
"11-Oct-17",50.95,52.1741,50.95,51.65,119021,1.373409,0.5672
"12-Oct-17",51.7,51.7,50.6,50.8,150779,1.292112,0.5665
"13-Oct-17",50.75,51.1,50.45,50.7,106790,1.401559,0.5919
"16-Oct-17",50.5,51.1,50.25,50.9,152683,1.267327,0.5735
"17-Oct-17",50.9,51,50.15,50.4,113526,1.213534,0.5654
"18-Oct-17",50.45,50.55,49.75,50,179401,1.34973,0.5732
"19-Oct-17",49.65,50,48.9,49.55,151883,1.302934,0.5814
"20-Oct-17",49.85,50.1,49.1,49.15,190331,1.289257,0.5863
"23-Oct-17",49.45,49.45,48.65,48.75,149414,1.212771,0.6239
"24-Oct-17",48.7,49.04,48,48.25,229519,1.267424,0.5729
"25-Oct-17",48.25,49.1,46.5,46.8,229990,1.380079,0.6061
"26-Oct-17",46.3,46.45,40,45.75,290794,1.516338,0.613
"27-Oct-17",45.4,46.5,45.15,46.35,166129,1.479773,0.6113
"30-Oct-17",46.25,46.45,44.9,45.65,132052,1.510045,0.61
"31-Oct-17",45.7,46.65,45.65,45.9,166296,1.656128,0.6135
"01-Nov-17",45.95,46.25,44.35,45.1,133800,1.61459,0.599
"02-Nov-17",44.8,45.7,44.1,45.5,164725,1.696263,0.6788
"03-Nov-17",45.65,46.25,44.9,45.8,106876,1.978338,0.5976
"06-Nov-17",45.95,47,45.8,46.45,186753,1.898199,0.57
"07-Nov-17",48.5,48.5,41.2,42.1,415449,1.870381,0.5776
"08-Nov-17",41.95,41.95,40.5,41.55,232089,1.970153,0.6422
"09-Nov-17",41.25,42.4,40.9,41.5,188178,1.9497,0.6468
"10-Nov-17",41.35,42.45,41.2,41.9,157958,1.86895,0.5895
"13-Nov-17",41.7,42.05,40.95,41.85,133097,1.975064,0.6215
"14-Nov-17",42.15,43.75,42.15,43.4,227755,2.219698,0.6335
"15-Nov-17",43.2,43.75,42.35,42.5,113124,2.070613,0.6099
"16-Nov-17",42.85,43.8,42.85,43.55,107510,2.072633,0.5764
"17-Nov-17",43.5,43.95,43.1461,43.65,137617,1.981859,0.5705
"20-Nov-17",43.7,44.9,43.65,44.85,147203,1.891618,0.5774
"21-Nov-17",44.45,45.7,44.45,44.7,187426,1.99648,0.5873
"22-Nov-17",45,45,43.25,43.75,109891,2.073472,0.5955
"23-Nov-17",,,,,,2.118843,0.5954
"24-Nov-17",43.8,45.05,43.8,44.2,96461,1.880376,0.5729
"27-Nov-17",44.25,44.6,43.3,43.5,247179,1.840719,0.5707
"28-Nov-17",43.55,44.05,43.05,43.85,135286,1.987265,0.5709
"29-Nov-17",43.85,44,42.35,42.6,116368,2.235804,0.5803
"30-Nov-17",42.95,43.45,42.5,43.15,132772,2.150847,0.5859
"01-Dec-17",42.8,43,40.8,41.85,99266,2.186315,0.5754
"04-Dec-17",42.25,42.25,39.6,39.85,229106,2.377929,0.6441
"05-Dec-17",39.8,41.2,39.8,41.05,122842,2.388588,0.6222
"06-Dec-17",40.9,41.65,40.6,40.65,103690,2.166728,0.5925
"07-Dec-17",40.65,42,40.65,41.35,251414,2.182558,0.6047
"08-Dec-17",41.6,41.9,41.1,41.55,142308,2.156372,0.6211
"11-Dec-17",41.45,42.3,41.45,41.65,100925,2.066136,0.5849
"12-Dec-17",41.7,41.7003,40.85,41.1,69732,1.983233,0.601
"13-Dec-17",41.15,42.5,41.15,41.8,79546,1.787898,0.6341
"14-Dec-17",41.85,42,40.8,41,103892,1.95579,0.5885
"15-Dec-17",41.05,42.4,41.05,42.2,248505,1.965324,0.6217
"18-Dec-17",42.85,43.35,42.3,42.55,106081,1.913433,0.6169
"19-Dec-17",42.55,42.75,41.75,42,81952,1.994588,0.6142
"20-Dec-17",42.2,42.2,41.4,41.85,65429,2.284771,0.6224
"21-Dec-17",42,42.15,41.5,41.7,49218,2.032413,0.6162
"22-Dec-17",41.65,41.65,40.85,41.15,68903,2.172092,0.6187
"25-Dec-17",,,,,,2.205172,0.6182
"26-Dec-17",40.7,41.3,40.2,41.05,75518,2.064883,0.6206
"27-Dec-17",41.2,41.95,40.9,41.45,88940,1.97508,0.5986
"28-Dec-17",41.95,41.95,40.575,41.15,91876,2.036529,0.6001
"29-Dec-17",41.55,41.94,41.3,41.5,165082,2.024789,0.6011
"01-Jan-18",,,,,,2.047629,0.601
"02-Jan-18",41.5,42,40.65,41.2,148206,2.14604,0.6091
"03-Jan-18",41.2,42.15,41.2,42.15,116266,1.979079,0.6521
"04-Jan-18",42.45,42.95,42.05,42.5,138388,1.898311,0.6011
"05-Jan-18",42.55,42.7,41.85,42.15,144967,1.895999,0.6326
"08-Jan-18",41.7,42.25,41.355,42,129413,2.091002,0.6566
"09-Jan-18",42.1,42.2,40.85,41,111941,1.981163,0.638
"10-Jan-18",40.7,40.95,40.3,40.65,88042,1.803596,0.6138
"11-Jan-18",40.6,41.15,40.575,40.95,146875,1.704395,0.6096
"12-Jan-18",41.2,42.65,40.96,42.55,84143,1.589059,0.6195
"15-Jan-18",,,,,,1.483391,0.6213
"16-Jan-18",43.15,43.3,41.925,42,150847,1.415031,0.6261
"17-Jan-18",42.35,42.85,41.775,42.7,62676,1.299413,0.6251
"18-Jan-18",42.7,43,41.85,42.7,79498,1.286007,0.6674
"19-Jan-18",42.95,45,42.95,44.95,110622,1.200574,0.667
"22-Jan-18",45.2,45.395,43.4,44.05,118508,1.207224,0.6529
"23-Jan-18",44.05,45.2,43.65,45.05,108885,1.253886,0.6361
"24-Jan-18",45.25,45.3,43.35,43.45,101608,1.27208,0.6261
"25-Jan-18",43.8,44.1,43,43.45,66158,1.440174,0.604
"26-Jan-18",43.85,43.85,42.8956,43.65,72071,1.408756,0.6754
"29-Jan-18",43.35,43.75,43.15,43.4,69603,1.421411,0.6059
"30-Jan-18",43.1,43.65,42.25,42.25,91020,1.366698,0.629
"31-Jan-18",42.3,42.95,41.55,42.35,165403,1.288093,0.6204
"01-Feb-18",42,43,41.76,42.85,97327,1.299526,0.5934
"02-Feb-18",42.35,42.75,40.85,40.9,73138,1.248927,0.6254
"05-Feb-18",40.35,41.1,39.2,39.25,130061,1.338094,0.6217
"06-Feb-18",38.55,40.45,37.555,40.1,144887,1.307013,0.5899
"07-Feb-18",40.15,40.45,39.125,40.1,146362,1.22965,0.583
"08-Feb-18",40.35,40.7,39.05,39.05,189570,1.305741,0.5833
"09-Feb-18",39.5,40.25,38.45,39.8,144171,1.181879,0.5878
"12-Feb-18",40,40.9,39.4212,40.6,82087,1.243222,0.6014
"13-Feb-18",40.35,40.945,40.2,40.45,53786,1.318826,0.6688
"14-Feb-18",40,41.275,40,40.9,68671,1.356178,0.6936
"15-Feb-18",41.25,41.3,40.6,40.85,59470,1.460498,0.7155
"16-Feb-18",40.85,42.75,40.85,42.5,122330,1.382332,0.6311
"19-Feb-18",,,,,,1.384436,0.6311
"20-Feb-18",42.55,42.9,42.2,42.45,84806,1.467907,0.6247
"21-Feb-18",42.9,43.88,42.9,43.2,67545,1.522329,0.6369
"22-Feb-18",43.35,43.85,43.2,43.25,64496,1.62103,0.625
"23-Feb-18",43.3,44.5,43.2,44.4,97183,1.598298,0.6257
"26-Feb-18",44.45,45.75,44.39,45.25,148386,1.61498,0.6321
"27-Feb-18",43,44.47,38.25,39.9,352061,1.738603,0.6204
"28-Feb-18",40.65,41.95,39.05,40.1,224303,2.080981,0.6141
"01-Mar-18",40.15,40.2,38.75,39.9,144117,1.50155,0.621
"02-Mar-18",39.6,41,39.35,40.25,103385,1.539946,0.6739
"05-Mar-18",40,40.5,39.525,40.25,91715,1.779765,0.6678
"06-Mar-18",40.2,41.125,40.01,40.95,138995,1.782269,0.6349
"07-Mar-18",40.45,41.75,40,41.25,104513,1.470853,0.632
"08-Mar-18",41.5,41.75,40.55,40.8,71277,2.007358,0.6854
"09-Mar-18",41.15,42.15,40.7,42,170234,1.793586,0.6115
"12-Mar-18",42,42.4,41.2,41.45,85922,1.809067,0.5993
"13-Mar-18",41.85,42.05,40.8,41.15,114021,1.817783,0.6085
"14-Mar-18",41.55,41.9,41.1,41.35,42782,1.887914,0.5813
"15-Mar-18",41.45,41.6,40.75,41.05,52188,2.135791,0.6121
"16-Mar-18",41.1,41.4,40.45,41.15,100170,2.05798,0.5784
"19-Mar-18",41.05,41.2,40,40.6,155758,2.101792,0.5947
"20-Mar-18",40.85,42.35,40.85,42.1,70163,2.389288,0.7687
"21-Mar-18",42,42.4,41.5,41.55,43421,2.239274,0.6003
"22-Mar-18",41.15,41.8,40.4,40.5,59088,2.111122,0.5786
"23-Mar-18",40.1,40.95,40.1,40.4,109416,2.113823,0.665
"26-Mar-18",40.55,41.35,40,40.8,229142,2.065298,0.5999
"27-Mar-18",40.85,41.45,39.35,39.55,148915,2.019102,0.5824
"28-Mar-18",39.4,39.9,38.5,39.55,259260,1.844931,0.5804
"29-Mar-18",39.8,41.15,39.7,40.85,120599,1.844451,0.5753
"30-Mar-18",,,,,,1.857069,0.5753
"02-Apr-18",40.8,40.8,39.2,39.85,95109,1.84949,0.5828
"03-Apr-18",40.1,40.2,39.45,39.9,71772,1.987494,0.5955
"04-Apr-18",39.25,40.1,38.9,40,111535,1.946776,0.63
"05-Apr-18",40.45,41.05,40.1,40.85,120745,1.879705,0.5857
"06-Apr-18",40.55,41.25,40.55,40.75,62698,1.963075,0.5851
"09-Apr-18",41.2,42.05,40.95,41.75,118011,2.057274,0.5853
"10-Apr-18",42.1,43.1,41.6,42.7,150131,2.017773,0.5853
"11-Apr-18",42.55,43.65,42.55,43.4,96884,2.063815,0.5989
"12-Apr-18",43.65,44.445,43.5,44.3,91613,2.028306,0.5978
"13-Apr-18",44.6,44.75,43.925,44.1,63526,1.940595,0.6065
"16-Apr-18",44.35,44.9,42.922,44.6,103190,1.993081,0.5813
"17-Apr-18",44.9,47.425,44.9,46.65,230242,1.885124,0.5808
"18-Apr-18",46.7,48.5,46.4,48.4,214427
"19-Apr-18",48,50.55,47.95,50.3,174835,1.744885,0.5785
"20-Apr-18",50,50.55,48.45,48.5,131923,2.04295,0.5827
"23-Apr-18",48.7,49.5,47.75,47.9,54737,1.853633,0.6009
"24-Apr-18",48.2,48.225,46.85,47.4,53700,1.656442,0.569
"25-Apr-18",47.7,48.35,47.1,47.6,83404,2.367108,0.5801
"26-Apr-18",47.85,48.4,47.4,47.45,82669,1.670685,0.5806
"27-Apr-18",47.7,48,47.45,47.75,80100,1.637708,0.5773
"30-Apr-18",47.75,48.55,47.5,47.95,142058,1.621577,0.5762
"01-May-18",50,50,45.1,49.25,235071,1.613668,0.5786
"02-May-18",49.3,53.4,49.3,52.7,226200,2.08841,0.632
"03-May-18",52.7,52.95,51.5,52.45,101965,2.138849,0.6091
"04-May-18",52.6,54.8065,52.3,54.05,150559,1.800885,0.6509
"07-May-18",53.85,54.9,53.505,54.2,171378,2.08285,0.5814
"08-May-18",54.2,56,54.2,55.5,301985,1.785291,0.5765
"09-May-18",55.55,57.45,55.35,57.1,271005,1.759411,0.5957
"10-May-18",57.2,57.5,56.4,56.85,283841,1.813739,0.6066
"11-May-18",57.05,57.65,56.65,56.85,94965,3.276891,0.5905
"14-May-18",56.95,57.3,55.9,55.95,107985,3.515751,0.5499
"15-May-18",55.9,57.3,55.65,57.05,112197,3.658133,0.6031
"16-May-18",57.4,58.4,56.5,58.3,170117,3.576403,0.6009
"17-May-18",58.1,58.4,57.25,57.6,51500,3.804575,0.6026
"18-May-18",57.75,58.1,57.3,57.8,49852,3.812703,0.6034
"21-May-18",55.75,55.9,53.6,54.25,219741,4.187868,0.6024
"22-May-18",54,54.85,53.05,54.1,160840,4.046661,0.6007
"23-May-18",53.7,55.35,53.7,54.8,61830,1.374836,0.5794
"24-May-18",54.9,55.495,54.41,55.15,103059,1.509442,0.5519
"25-May-18",55.1,56.9,55,56,91602
"28-May-18",,,,,,1.561997,0.5519
"29-May-18",55.95,57.45,55.05,57.45,103195
"30-May-18",57.75,59.4,57.75,58.15,144946,1.508224,0.4769
"31-May-18",58,59.3,57.75,59.2,127800,1.688296,0.4968
"01-Jun-18",59.1,60.6,58.05,60.05,156851,1.698688,0.48
"04-Jun-18",60.65,61.65,59.955,61,121720,1.648024,0.4668
"05-Jun-18",61,63.5,60.975,62.75,162445
"06-Jun-18",62.55,63,61.95,62.8,112599,1.830941,0.4927
"07-Jun-18",62.5,63.3,58.6,59.75,145222,1.580067,0.4923
"08-Jun-18",59.75,61.35,58.55,59.85,132354,1.701077,0.4875
"11-Jun-18",59.9,61.35,59.55,61.15,108923,1.483321,0.4958
"12-Jun-18",61.15,63,60.5,62.5,115047,1.388478,0.4827
"13-Jun-18",62.5,63.45,61.95,63.35,189629,1.416457,0.4864
"14-Jun-18",63.45,66.9,63.395,65.35,249505,1.363669,0.4839
"15-Jun-18",64.85,65.85,64.05,65.25,202327,1.248433,0.4799
"18-Jun-18",65.05,66.65,64.45,66.5,195833,1.237007,0.4564
"19-Jun-18",66,67.45,65.8,66.9,297980,1.231517,0.4715
"20-Jun-18",67.6,68.5,66.05,66.5,200274
"21-Jun-18",66.4,67.4,64.05,64.25,162067,1.280387,0.4964
"22-Jun-18",64.1,64.4,62.3,63.15,739333,1.344196,0.4835
"25-Jun-18",62.55,62.85,60.55,62.25,217795,1.184866,0.4596
"26-Jun-18",62.55,63.45,61.7,63.05,151654
"27-Jun-18",63.55,64,61,61.05,184221,2.743855,0.5553
"28-Jun-18",60.4,61.45,59.005,61.05,295932,2.903308,0.5593
"29-Jun-18",61.45,61.9636,60.8,61.15,205263
"02-Jul-18",60.75,62.4,60.6,62.25,123041,2.625529,0.5767
"03-Jul-18",62.3,62.65,61.55,61.75,75167,2.727847,0.6039
"04-Jul-18",,,,,,2.714595,0.6015
"05-Jul-18",61.9,62.85,61.7,62.25,104407,3.215193,0.5698
"06-Jul-18",62,62.85,61.4,62.4,81841,2.9431,0.5657
"09-Jul-18",62.8,63.35,62.35,63.1,117230,2.826868,0.5653
"10-Jul-18",63,63.45,61.55,61.6,67199,3.510264,0.5791
"11-Jul-18",61.25,62.5,60.205,61.55,74177,3.216763,0.5742
"12-Jul-18",61.95,62.9,61.25,62.75,84671,3.039099,0.5679
"13-Jul-18",62.65,63,62,63,81219,3.119227,0.5687
"16-Jul-18",62.85,63.65,62.6,62.95,61468
"17-Jul-18",62.95,65.45,62.8,65.45,153162,3.060451,0.5706
"18-Jul-18",65.5,65.825,64.4,64.5,73340
"19-Jul-18",64.75,66.45,64.4,66.35,121143
"20-Jul-18",66.25,66.65,65.45,65.75,100154,3.15188,0.5672
"23-Jul-18",65.7,67,64.7,66.7,67718,3.156603,0.5651
"24-Jul-18",67,67.35,64.8,65.5,93572,3.219304,0.5635
"25-Jul-18",65.6,66.925,65.5,66.8,61460,3.204202,0.5623
"26-Jul-18",66.75,68.15,65.25,67.75,103043,3.166949,0.5607
"27-Jul-18",67.85,69.1,64,64.85,118832,3.09257,0.5557
"30-Jul-18",64.85,64.85,60.95,61.85,122673,3.046576,0.5692
"31-Jul-18",66.75,72.45,64.01,72.2,327568
"01-Aug-18",72.45,76.45,71.35,75.95,384598,2.918023,0.549
"02-Aug-18",75.9,78.1894,75.2,76.85,252308,2.826251,0.5392
"03-Aug-18",76.85,76.85,74.1,74.6,174224
"06-Aug-18",74.5,75.5,73.85,75.4,127923,2.511306,0.5489
"07-Aug-18",76.55,77.575,74.5,74.95,188894,2.737481,0.5464
"08-Aug-18",75.05,75.4,73.95,74.75,152027,2.719522,0.5676
"09-Aug-18",75.05,77.7,74.1,76.2,201629,2.856213,0.5652
"10-Aug-18",76.05,77.05,75.705,76.3,122655,2.794328,0.5576
"13-Aug-18",76.55,77.45,76.0154,77.2,75972,2.609562,0.5594
"14-Aug-18",78.35,78.995,77.15,77.8,141575,2.591775,0.563
"15-Aug-18",77.4,77.9,76,77.6,116771,2.353267,0.5567
"16-Aug-18",77.55,78.2,76.85,77.8,125326,2.544267,0.5835
"17-Aug-18",77.4,78.8,76.45,77.15,126384,2.621158,0.6087
"20-Aug-18",77.65,77.65,75.45,76.45,239025,2.467006,0.5854
"21-Aug-18",76.65,78.25,76.1559,77.5,97150,2.315014,0.5577
"22-Aug-18",77.45,78.6,76.15,78.05,142932,2.316532,0.5682
"23-Aug-18",77.55,79.7,77.5,78.95,78907,2.185242,0.5742
"24-Aug-18",79.2,81.95,79.2,80.9,151677,2.144274,0.5888
"27-Aug-18",81.5,82.85,80.6,82.2,135290,2.101399,0.5781
"28-Aug-18",82,82.7,81.15,81.75,135560,2.351277,0.5774
"29-Aug-18",82.1,83.3,81.4,81.9,136717,2.619117,0.5799
"30-Aug-18",82.05,84.8,82.05,84.35,125743,2.791439,0.5769
"31-Aug-18",84,86,83.4,85.4,131155,2.734682,0.5862
"03-Sep-18",,,,,,2.418055,0.5669
"04-Sep-18",85.7,89.2,85.5,88.25,161329,3.260605,0.5662
"05-Sep-18",88.2,88.7,84.05,85.9,187963,3.445967,0.5671
"06-Sep-18",85.75,87.175,84.85,85.55,110420,2.933707,0.5591
"07-Sep-18",85.2,87.05,84.2,85.9,119512,2.389931,0.558
"10-Sep-18",86.35,89.225,86.15,88.9,129421,2.272842,0.5607
"11-Sep-18",88,90.45,86.525,89.1,262191,2.102565,0.5633
"12-Sep-18",89.4,90.65,86.8,88.35,145918
"13-Sep-18",89.05,91.2,89.05,90.85,122358,2.230352,0.5734
"14-Sep-18",90.65,91.49,88.4,88.85,164427,1.967902,0.5627
"17-Sep-18",89,89.2786,85.7,85.9,169588,2.029424,0.5691
"18-Sep-18",85.9,88.65,85.9,86.7,181316,1.947642,0.5717
"19-Sep-18",86.95,87.825,82.7,83.8,212050,2.139566,0.59
"20-Sep-18",84.2,85.5,81.0395,82.75,216010,2.069519,0.5804
"21-Sep-18",83,84,80.25,80.55,357086,1.999469,0.5862
"24-Sep-18",79.65,82.2,78.0508,81.25,180602,2.270684,0.5824
"25-Sep-18",81.7,82.95,81.7,82.35,150417,2.50206,0.562
"26-Sep-18",82.5,82.925,79.7,80,175733,2.651551,0.569
"27-Sep-18",80.2,81.8,78.35,79.5,177067,2.832165,0.5557
"28-Sep-18",79.25,81.175,78.14,78.4,224516,2.903295,0.5911
"01-Oct-18",78.89,79.45,75.36,76.02,201091,2.857302,0.5615
"02-Oct-18",75.29,76.73,72.74,74.03,341742,2.77914,0.5765
"03-Oct-18",74.23,75.63,73.07,74.97,126237,2.707058,0.5965
"04-Oct-18",74.72,74.72,72.09,72.45,201672,2.139864,0.606
"05-Oct-18",72.45,73.8,70.27,71.42,230951,2.071115,0.5794
"08-Oct-18",71.07,71.5975,65.17,67.93,271756,1.628763,0.5413
"09-Oct-18",67.57,69.12,65.73,67,179612,1.79668,0.5958
"10-Oct-18",66.94,66.94,62.76,63.38,242457,1.952228,0.6048
"11-Oct-18",62.55,67.0417,62.1,62.64,302778,2.109529,0.6178
"12-Oct-18",66.05,66.05,63.5375,64.93,269369,1.978494,0.6235
"15-Oct-18",64.78,65.4435,62.615,63.24,231538,2.002407,0.6205
"16-Oct-18",63.8,65.85,63.14,65.6,125419,1.9339,0.6022
"17-Oct-18",65.2,66.54,64.62,65.5,169431,2.148849,0.6104
"18-Oct-18",65.49,65.49,62.16,63.35,186234,2.051292,0.6211
"19-Oct-18",63.98,64.36,60.02,60.07,135232,2.301908,0.6766
"22-Oct-18",60.45,61.45,59.6564,61,516639,2.298859,0.701
"23-Oct-18",59.49,60.78,58.505,60.47,186109,2.356659,0.7363
"24-Oct-18",60.5,61.07,57.07,57.15,261715,3.148863,0.9469
"25-Oct-18",57.65,59.68,57.08,59.03,148775,2.804876,1.0016
"26-Oct-18",58.01,59.29,56.36,58.14,204413
"29-Oct-18",59.21,62.05,59.21,59.81,552149
"30-Oct-18",56.38,56.82,51.15,54.36,754337
"31-Oct-18",54.8,59.63,54.69,57.1,316263
"01-Nov-18",57.1,59.5,56.71,58.87,447474
"02-Nov-18",59,59.87,56.9656,57.94,185845
"05-Nov-18",57.86,58.72,56.75,57.81,188863,2.423823,1.003
"06-Nov-18",57.91,58.93,57.55,58.23,163824,2.435349,1.0022
"07-Nov-18",59.24,61.1758,58.07,60.3,174990,2.489388,0.994
"08-Nov-18",60.28,60.28,58.41,59.45,148467,2.56564,0.9809
"09-Nov-18",59.06,59.55,58.0388,59.49,122161,2.631354,0.9719
"12-Nov-18",59.32,59.5,56.93,57.97,200778,1.949306,0.8579
"13-Nov-18",57.92,58.44,56.8,57.15,146646,2.687626,0.9795
"14-Nov-18",57.68,58.305,56.2289,57.2,248538,2.783213,0.9658
"15-Nov-18",56.89,58.51,56.68,58.27,115818,2.080571,1.081
"16-Nov-18",57.67,58.14,56.95,57.85,131528,2.257653,1.0485
"19-Nov-18",57.62,57.62,55.14,55.56,213056,2.179148,1.0591
"20-Nov-18",53.84,57.51,53.5,55.81,301269,2.217464,1.0809
"21-Nov-18",56.68,57.64,56.03,57.02,107823,2.407237,1.0495
"22-Nov-18",,,,,,1.705076,0.9374
"23-Nov-18",56.66,57.64,56.66,56.87,22997,2.674559,1.0034
"26-Nov-18",57.5,58.51,57.38,58.31,85200,2.623202,1.0092
"27-Nov-18",58.4,58.46,56.75,57,101969,3.055973,0.9549
"28-Nov-18",57.69,61.61,57.51,61.2,186801,3.247093,0.9295
"29-Nov-18",60.99,62.835,60.66,61.82,109307,2.66752,0.7187
"30-Nov-18",61.27,61.95,60.045,61.29,132305,2.706732,0.717
"03-Dec-18",62.45,63.77,61,61.77,124982,2.679269,0.716
"04-Dec-18",61.42,62.1663,59.5,60.3,362832,2.795121,0.7247
"05-Dec-18",,,,,,2.914366,0.7121
"06-Dec-18",58.73,60.95,58.315,60.78,121507,2.209984,0.7558
"07-Dec-18",60.49,60.71,59.53,60.07,161898,2.201197,0.7386
"10-Dec-18",59.7,62,59.46,60.58,97565,2.1457,0.7412
"11-Dec-18",61.58,61.58,59.83,60.68,61345,2.149929,0.7487
"12-Dec-18",61.5,62.96,61.18,61.31,109657,2.238228,0.738
"13-Dec-18",61.63,61.77,59.85,60.36,111673,2.361608,0.7291
"14-Dec-18",59.74,60.99,59.27,60.24,81773,2.281678,0.7407
"17-Dec-18",60.07,60.18,55.85,56.04,196338,2.221223,0.7419
"18-Dec-18",56.56,59.18,56.3,59.07,206801,2.350201,0.7325
"19-Dec-18",59.33,60.26,57.32,57.96,130316
"20-Dec-18",57.86,58.29,55.72,57.1,185270,2.855158,0.7097
"21-Dec-18",57.45,57.7863,55.73,56.17,204736,2.776609,0.7568
"24-Dec-18",56.16,56.91,54.5,54.5,128254
"25-Dec-18",,,,,,2.229699,0.6554
"26-Dec-18",54.78,57.19,54.51,57.19,93515
"27-Dec-18",56.4,57.86,55.59,57.86,101915
"28-Dec-18",58.01,58.51,56.4,57.67,80737
"31-Dec-18",58.14,59.22,57.78,59.22,125911,2.875116,0.7051
"02-Jan-19",57.94,59.18,56.9,59.04,161747
"03-Jan-19",58.29,58.4,55.205,56.33,191559
"04-Jan-19",57.11,57.93,55,57.17,148945,2.921151,0.7212
"07-Jan-19",57.16,59.6644,57.06,59.29,85115,3.5239,0.6924
"08-Jan-19",60,60.6192,59.47,59.66,107684,3.413285,0.6959
"09-Jan-19",60.15,62.04,60.08,61.63,194178,3.339672,0.7014
"10-Jan-19",61.2,61.55,60.18,60.59,88838,3.342941,0.6967
"11-Jan-19",60.39,61.38,59.55,61.24,67186,3.621415,0.6846
"14-Jan-19",60.74,60.89,59.34,60.07,68936,3.709526,0.679
"15-Jan-19",60.08,61.65,60.08,61.34,47278,3.656987,0.6875
"16-Jan-19",61.73,62.44,60.67,60.77,58846,3.705806,0.6826
"17-Jan-19",60.51,62,60.24,61.45,106169,3.729524,0.6847
"18-Jan-19",61.86,62.318,61.3,61.89,59113,3.741918,0.6847
"21-Jan-19",,,,,,3.730074,0.6848
"22-Jan-19",61.67,61.93,60.45,61.24,97796,3.627701,0.7041
"23-Jan-19",61.71,62.8,60.84,61.9,105332,3.436029,0.703
"24-Jan-19",61.91,62.29,61.455,61.99,124987,3.472498,0.7118
"25-Jan-19",62.74,64.3299,62.68,63.37,57567,3.581543,0.712
"28-Jan-19",63,63.16,61.1,61.21,70326,4.041649,0.7024
"29-Jan-19",61.18,61.18,59.75,60.19,66345,4.058978,0.6968
"30-Jan-19",60.65,61.14,59.02,61.14,55737,3.929045,0.7074
"31-Jan-19",61.18,63.54,60.66,63.31,91297,4.364918,0.7135
"01-Feb-19",63.34,64.4755,63.32,64.15,55814,4.365193,0.7141
"04-Feb-19",64.31,64.9,64,64.1,105058,4.21503,0.7243
"05-Feb-19",64.27,64.7302,63.29,63.69,58656,4.409833,0.7153
"06-Feb-19",63.7,63.74,62.065,63.14,50317,4.579622,0.7142
"07-Feb-19",62.79,63.3,61.6,62.37,42942,4.684229,0.7104
"08-Feb-19",61.9,63.8,61.82,63.69,124744,4.707982,0.7109
"11-Feb-19",64.2,64.73,63.42,64.3,99442,4.703924,0.7111
"12-Feb-19",64.61,65,63.8,65,115832,4.158199,0.7076
"13-Feb-19",64.94,66.5,64.52,65.06,233205,3.818411,0.7179
"14-Feb-19",64.96,66.32,64.78,65.63,128485,3.977009,0.7045
"15-Feb-19",65.95,67.78,65.41,67.75,113905,3.731934,0.7076
"18-Feb-19",,,,,,2.571518,0.6368
"19-Feb-19",68.19,68.81,67.44,67.46,77364,3.778645,0.6941
"20-Feb-19",67.5,68.2521,67.09,68.07,59945,3.888312,0.7075
"21-Feb-19",68.06,69.0806,67.65,68.79,93178,4.155241,0.701
"22-Feb-19",69.12,70.62,68.7,70.54,95756,4.199174,0.6964
"25-Feb-19",70.98,72.27,70.67,71.03,114371,4.265308,0.6936
"26-Feb-19",70.95,71.38,69.29,69.31,113038,4.269132,0.6778
"27-Feb-19",68.41,69.8185,67.29,69.41,109866,4.564069,0.6727
"28-Feb-19",69.42,73.095,69,72.28,191346,4.444627,0.6729
"01-Mar-19",68.15,69.5,63.5,65.72,376578,4.175509,0.679
"04-Mar-19",66.39,68.77,65.43,68.66,220900,4.483299,0.6806
"05-Mar-19",68.63,68.63,66.103,68.23,165427,6.045358,0.6701
"06-Mar-19",68.15,68.805,67.61,68.8,148479,6.223271,0.6623
"07-Mar-19",68.26,68.53,65.74,66.3,176955,6.213475,0.6612
"08-Mar-19",65.55,68.21,65.5,68.1,154569,6.366426,0.66
"11-Mar-19",68.21,70.84,68.21,70.8,115969,6.603796,0.6597
"12-Mar-19",70.55,71.83,70.17,71.51,103015,6.423828,0.6599
"13-Mar-19",71.43,73.6,70.8,72.94,179831,6.468889,0.6568
"14-Mar-19",72.51,74.1,71.955,73.96,119619,6.555036,0.6561
"15-Mar-19",74.05,74.79,73.5,74.36,237253,6.503661,0.6555
"18-Mar-19",74.74,75.36,73.43,73.81,107323,6.800912,0.6544
"19-Mar-19",73.95,74.75,73.2,74.34,92305,6.816526,0.656
"20-Mar-19",74.34,75.9,73.72,75.55,135211,6.990982,0.6591
"21-Mar-19",75.14,78.08,75,77.92,117255,7.121823,0.6603
"22-Mar-19",77.75,78.05,75.44,75.75,161179,7.034194,0.6644
"25-Mar-19",75.11,78.11,74.93,77.64,131910,7.112123,0.6615
"26-Mar-19",78.21,81.7,77.69,79.47,260793,7.26779,0.6555
"27-Mar-19",79.48,80.215,76.04,77,168656,7.248757,0.6499
"28-Mar-19",77.25,78.72,76.52,78.37,99307,6.893327,0.6617
"29-Mar-19",79.15,80,78.23,79.4,194011,6.91775,0.6581
"01-Apr-19",80.21,80.4727,77.74,78.56,217881,6.706934,0.6577
"02-Apr-19",78.57,80.49,78.3,80.1,97827,6.890152,0.6542
"03-Apr-19",80.48,81.99,80,81.46,112301,6.669712,0.6566
"04-Apr-19",81.47,81.82,79.0031,80.32,108939,6.620908,0.6575
"05-Apr-19",80.42,81.64,80.03,81.43,88081,6.653085,0.6583
"08-Apr-19",81.63,81.638,80.02,81.52,132341,6.732848,0.6584
"09-Apr-19",81.19,81.8,79.95,81.11,78436,6.953444,0.6579
"10-Apr-19",81.12,82.28,81.12,81.75,61929,7.140744,0.649
"11-Apr-19",81.74,82.5,80.761,82.45,64566,7.141218,0.6469
"12-Apr-19",82.76,82.94,81.63,82.7,67230,7.127698,0.6493
"15-Apr-19",82.31,85.22,82.3,85.03,98068,7.069685,0.6479,517814
"16-Apr-19",85.34,87.65,85.04,87.5,172491,6.774216,0.6511
"17-Apr-19",87.83,89.4,87,88.02,226968,6.746236,0.6482
"18-Apr-19",88,89.27,87.52,88.78,109953,7.144221,0.6524
"19-Apr-19",,,,,,7.084428,0.6454
"22-Apr-19",88.78,94.6982,88.681,92.88,226413,6.927495,0.6735
"23-Apr-19",93.42,96.035,93.225,94.88,185225,6.575615,0.648
"24-Apr-19",95.06,97.0675,94.07,94.55,101396,6.958003,0.6466,,546759.8026
"25-Apr-19",94.8,95.5169,93.31,94.57,131596,6.947478,0.6493,,546397.3328
"26-Apr-19",94.96,95.94,94.32,95.8,248568,6.834269,0.6466,,550229.1564
"29-Apr-19",95.55,97.4087,95.05,97.01,110328,6.689208,0.6523,,541115.63
"30-Apr-19",97.65,98.65,96.03,97.11,116280,6.254333,0.652,504925,509011.162
"01-May-19",97.2,97.69,95.15,96.24,152134,6.146678,0.6644,,508596.9108
"02-May-19",96,98.16,95.45,97.04,182057,6.015754,0.6631,,505282.9012
"03-May-19",88,94.59,84.28,93.76,467231,5.662151,0.6579,,493839.2118
"06-May-19",91.54,96.2253,91.2377,95.065,194431,5.645687,0.6587,,502020.673
"07-May-19",93.98,96.3,93.01,95.36,174660,6.279273,0.6524,,566126.0462
"08-May-19",95.55,97.79,95.55,97.04,132296,6.08971,0.6533,,554423.4498
"09-May-19",95.57,96.78,95.31,96.46,205262,6.315915,0.6489,,575412.53
"10-May-19",96.14,97.28,94.8,95.58,78067,6.663365,0.6543,,602426.0175
"13-May-19",93.24,93.24,91.5743,92.05,148021,6.935483,0.6439,,632570.04
"14-May-19",92.7,93.5451,92.03,92.97,66286,7.048337,0.6413,,631307.7275
"15-May-19",92.18,94.43,92,93.26,82647,7.255932,0.6376,583514,646657.4475
"16-May-19",93.29,96.6,93.01,95.63,98223,7.165916,0.6423,,637518.305
"17-May-19",94.99,99.28,94.9,96.73,110451,7.034578,0.6403,,623430.8975
"20-May-19",96.35,97.13,94.87,95.06,82456,6.819111,0.6367,,604647.6875
"21-May-19",95.78,97.86,95.75,96.25,112804,6.861294,0.6444,,611918.6075
"22-May-19",96.15,97.7685,95.34,96.4,86411,6.770858,0.6341,,603385.375
"23-May-19",95.47,96.66,94.45,96.5,124770,6.491555,0.6405,,580310.3025
"24-May-19",96.9,97.68,93.4343,95.06,126006,6.439063,0.6351,,518277.1348
"27-May-19",,,,,,6.388829,0.6365,,517927.0264
"28-May-19",95.35,97.6661,94.25,96.81,273628,6.542802,0.6481,,539925.5042
"29-May-19",95.72,96.97,95.44,95.81,123151,6.451437,0.6489,,530881.0372
"30-May-19",96.4,97.93,95.84,96.54,64785,7.285392,0.6408,,594192.3062
"31-May-19",95.33,97.5,94.95,96.4,88043,7.410376,0.6513,630149,600552.6088
"03-Jun-19",96.36,97.24,94.16,95.4,188682,7.485806,0.6417,,591799.8988
"04-Jun-19",96.47,96.58,94.8,96.29,163966,7.583514,0.6441,,600786.0144
"05-Jun-19",96.21,100.9296,96.21,99.12,133517,7.77219,0.6531,,610005.5356
"06-Jun-19",99.65,100.67,98.31,99.86,89475,7.942177,0.6418,,618291.4344
"07-Jun-19",100.06,102.76,100.06,101.96,106280,7.974391,0.6347,,617941.326
"10-Jun-19",102.97,104.4114,102.24,103.05,102244,7.860629,0.628,,603178.4218
"11-Jun-19",103.26,103.6096,98.48,99.76,121404,7.993191,0.6364,,642247.8608
"12-Jun-19",99.77,100.27,97.82,99.22,141383,8.128451,0.6393,,654913.8557
"13-Jun-19",99.62,99.62,97.03,97.89,151653,7.98243,0.6317,,646595.8889
"14-Jun-19",97.39,98.71,96.02,97.56,85012,8.080237,0.6312,566624,647730.1571
"17-Jun-19",98.03,105.8643,97.56,104.19,134256,8.21445,0.6304,,652330.2448
"18-Jun-19",105.13,108,105.13,105.54,99643,8.199969,0.6329,,648423.321
"19-Jun-19",106.14,107.49,105.22,106.69,122138,8.249259,0.6348,,653401.4981
"20-Jun-19",108.15,109,106.02,107.43,129185
"21-Jun-19",106.71,109.89,106.26,107.7,446107
"24-Jun-19",106.94,107.4,101.1,101.8,177134,7.374799,0.6414,,609606.1426
"25-Jun-19",102.3,102.6,99.14,100.19,115204,8.71429,0.6397,,628216.0288
"26-Jun-19",100.84,102.56,96.35,98.11,245791,8.474484,0.6327,,618413.4336
"27-Jun-19",98.15,100.61,98.15,100.29,78418,8.075295,0.6379,,577843.1552
"28-Jun-19",100.69,102.46,99.19,102.27,162209,8.001396,0.6318,570662,572176.9152
"01-Jul-19",104.34,104.34,100.855,103.23,170993,7.931886,0.6475,,568437.1968
"02-Jul-19",103.39,104.09,102.33,102.84,67296,8.351197,0.6381,,588552.3488
"03-Jul-19",103.51,103.51,102.19,103.18,60032,8.849911,0.6407,,621076.5664
"04-Jul-19",,,,,,8.810198,0.637,,620169.968
"05-Jul-19",102.85,103.5,100.65,103.08,177212,8.784733,0.6302,,623173.0752
"08-Jul-19",102.23,104.3092,101.19,104.01,211753,8.608606,0.6306,,619206.7072
"09-Jul-19",103.79,105.88,103.19,105.75,299308,10.000998,0.6241,,732758.1568
"10-Jul-19",106.71,108,106.01,106.47,142087,8.380397,0.6298,,616657.3572
"11-Jul-19",106.83,106.83,105.29,106.46,92206,7.566682,0.6052,,558621.0318
"12-Jul-19",106.68,106.91,104.77,106.42,82299,7.237946,0.595,,535338.0222
"15-Jul-19",106.41,106.41,103.77,106.1,112426,7.161824,0.588,947599,532313.5136
"16-Jul-19",105.4,107.9651,104.655,105.19,181868,7.024451,0.5992,,526778.0922
"17-Jul-19",105.54,107.67,104.74,106.98,123230,6.926753,0.5968,,516734.441
"18-Jul-19",106.5,108,105.24,107.61,288631,7.070196,0.6006,,530943.9248
"19-Jul-19",107.67,108.7,106.7,106.74,222569,8.240286,0.5964,,626187.4126
"22-Jul-19",107.24,107.45,103.56,103.94,95890,8.413709,0.6059,,635717.468
"23-Jul-19",104.18,104.18,101.71,103.91,116515,8.968947,0.6015,,669957.188
"24-Jul-19",103.64,105.73,102.51,105.14,102428,8.790954,0.5978,,1158724.0572
"25-Jul-19",104.8,104.995,103.44,104.25,116500,8.702249,0.598,,1148869.0276
"26-Jul-19",104.91,106.415,104.25,105.8,144804,8.67326,0.5971,,1146689.5499
"29-Jul-19",105.64,107.04,101.78,103.18,327390,8.610703,0.5984,,1147921.4286
"30-Jul-19",93.93,98.4,88.4354,97.46,734022
"31-Jul-19",97.1,98.86,95.3802,96.55,285083,8.585622,0.6074,1196820,1234437.2173
"01-Aug-19",96.31,103.11,96.31,99.19,252081,8.482576,0.605,,1235479.5762
"02-Aug-19",99.01,100.07,97.59,98.57,154434,8.773248,0.6072,,1278121.5312
"05-Aug-19",95.2,96.27,93.02,94.8,274236,9.145072,0.6058,,1305128.1027
"06-Aug-19",95.76,98.03,93.31,94.4,220099,8.947384,0.6078,,1284375.6846
"07-Aug-19",93.33,96.48,92.705,95.67,93587,9.090125,0.6098,,1292240.7563
"08-Aug-19",96.4,97.77,95.3257,96.66,111861,9.240766,0.6058,,1305601.9022
"09-Aug-19",96.14,96.99,94.69,94.83,129884,9.094026,0.6093,,1245530.574
"12-Aug-19",94.08,95.175,93.01,94.03,145299,8.87005,0.6091,,1217165.94
"13-Aug-19",93.96,96.52,93.3,96.42,101669,9.144628,0.6112,,1247924.214
"14-Aug-19",94.78,96.85,94.24,95.77,168777,9.655006,0.6213,,1320331.824
"15-Aug-19",95.78,98.02,94.37,97.66,202561,9.608368,0.6232,1366941,1331342.568
"16-Aug-19",98.49,100.4,97.34,98.51,126745,9.469487,0.6296,,1317698.82
"19-Aug-19",99.6,100.07,95.7,95.8,107879,9.574159,0.6352,,1340079.354
"20-Aug-19",95.2,97.685,94.4,97.25,85874,9.644761,0.624,,1340199.036
"21-Aug-19",98.44,100.42,97.3,99.25,106701,9.795081,0.6321,,1364255.118
"22-Aug-19",99.6,100.46,96.97,98.02,59302,9.740195,0.63,,1349653.914
"23-Aug-19",97.85,99.84,95.56,95.8,145224,9.46716,0.6227,,1319254.686
"26-Aug-19",96.99,98.26,95,98.22,135722,9.423654,0.625,,1354228.4487
"27-Aug-19",98.76,100.1,97.33,97.86,108246,9.389332,0.6306,,1342472.7561
"28-Aug-19",97.53,100.31,96.08,99.31,126722,9.446936,0.6365,,1346436.885
"29-Aug-19",100.31,102.09,99.24,102.03,163531,9.589452,0.6372,,1352451.4254
"30-Aug-19",102.93,104.5,98.31,98.77,214462,9.433292,0.6281,1431419,1342062.6738
"02-Sep-19",,,,,,9.282056,0.6281,,1342062.6738
"03-Sep-19",97.95,100.275,95.73,98.26,224965,9.393794,0.6335,,1366257.5295
"04-Sep-19",98.58,100.18,97.29,97.85,277915,9.101523,0.6336,,1334954.5806
"05-Sep-19",99.09,99.09,95.84,98.74,175392,8.984971,0.6427,,1319234.7591
"06-Sep-19",98.59,99.09,96.81,97,97992,9.884534,0.68,,1446496.9662
"09-Sep-19",96.95,97.01,93.5,94.96,285453,8.874378,0.6589,,1330033.593
"10-Sep-19",94.57,95.39,91.01,94.1,157879,9.215537,0.6777,,1379926.9395
"11-Sep-19",94.19,98.2,91.73,96.54,119227,9.481601,0.6752,,1516588.4305
"12-Sep-19",97.35,100.5,96.18,99.69,128281,9.682652,0.662,,1549797.3513
"13-Sep-19",99.82,100.66,96.845,97.35,118729,9.411525,0.6589,1565935,1503276.2338
"16-Sep-19",96.43,99.55,95.2904,98.17,126906,9.417717,0.6639,,1512294.1735
"17-Sep-19",98.14,100.32,98.14,100.05,117831,9.450519,0.7058,,1510576.4707
"18-Sep-19",99.85,100.115,97.5,99.57,122105,9.582278,0.6842,,1529900.6272
"19-Sep-19",100.12,101.35,98.54,100.39,125130,9.337622,0.6507,,1494401.436
"20-Sep-19",100.26,102.69,94,96.8,411647,9.101496,0.6207,,1495117.1455
"23-Sep-19",96.62,97.07,92.72,92.9,113972,9.611727,0.6248,,1537773.4317
"24-Sep-19",93.78,95.28,90.73,92.45,140748,9.857764,0.6283,,1638750.9775
"25-Sep-19",92.04,94.65,91,94.51,128431,9.975175,0.6281,,1650808.677
"26-Sep-19",94.33,95.28,92.12,93.71,103337,9.902696,0.6149,,1637028.449
"27-Sep-19",93.95,94.64,91.38,93.13,145202,9.718766,0.6106,,1591772.9275
"30-Sep-19",92.94,95.81,91.39,95.14,165298,9.975092,0.619,1595731,1647676.807
"01-Oct-19",95,96.35,94.06,94.66,192771,9.878913,0.6885,,1635619.1075
"02-Oct-19",94.03,94.2,91.5448,92.73,124325,9.511238,0.6086,,1567970.7155
"03-Oct-19",92.75,94.93,89.7,94.85,141612,9.247597,0.607,,1535086.0805
"04-Oct-19",95.2,96.58,94.77,95.94,70191,9.177476,0.5942,,1524750.9095
"07-Oct-19",95.31,97.52,94.21,96.8,124276,9.173701,0.5979,,1516764.641
"08-Oct-19",96.14,96.85,92.59,93.05,77083,9.133629,0.5965,,1497816.8275
"09-Oct-19",93.91,96.19,93.6,95.55,114255,9.088468,0.5996,,1430572.8415
"10-Oct-19",95.5,95.9,93.66,93.97,91476,9.337632,0.6014,,1441583.3854
"11-Oct-19",94.69,96.02,94,95.28,86183,9.17013,0.6056,,1408392.1806
"14-Oct-19",95.22,95.39,93.21,94.35,51775,9.134297,0.6061,,1407913.4613
"15-Oct-19",93.87,94.52,93.23,93.69,133731,9.294119,0.5832,1493479,1428817.5374
"16-Oct-19",94.68,94.68,90.4901,92,124868,9.397241,0.6554,,1446370.5784
"17-Oct-19",92.41,93.31,90.9,91.53,118177,9.4936,0.5787,,1452434.3562
"18-Oct-19",90.95,91.8,86.91,87.02,162957,9.620399,0.5766,,1477327.7598
"21-Oct-19",86.93,88.455,86.45,88.19,132882,9.692946,0.5751,,1457381.1223
"22-Oct-19",88.45,89.13,85.8,86.46,113719,9.857685,0.5739,,1475891.6019
"23-Oct-19",85.98,88.6,85.98,87.13,94389,10.076527,0.5793,,1508444.5143
"24-Oct-19",87.79,90.22,86.6901,90.04,93845,10.070506,0.5783,,1572334.6912
"25-Oct-19",89.96,91.64,89.86,90.8,91792,11.414427,0.5822,,1780226.968
"28-Oct-19",91.11,92.2,90.0627,92.13,120862,11.261315,0.5717,,1759019.5662
"29-Oct-19",92.19,98.24,92.19,94.96,142332,11.182335,0.5799,,1744383.472
"30-Oct-19",95.51,99.73,94.39,99.72,107511,11.551673,0.5835,,1763500.0032
"31-Oct-19",99.67,100.08,96.89,97.23,114571,12.114436,0.5816,1710288,1735422.598
"01-Nov-19",97.31,99.26,97.23,98.82,128672,12.338653,0.4085,,1738260.2081
"04-Nov-19",99.82,99.82,95.71,95.88,92160,12.633823,0.5807,,1745876.951
"05-Nov-19",95.88,96.35,93.41,95.62,88657,12.699657,0.5749,,1745578.2552
"06-Nov-19",95.57,95.8,94.37,95.55,65604,12.963593,0.5732,,1740649.7745
"07-Nov-19",95.5,96.54,95.04,95.97,127664,13.093665,0.5736,,1739753.6871
"08-Nov-19",95.91,97.3415,95.83,96.35,71962,13.32504,0.5739,,1766188.2654
"11-Nov-19",96.14,99.815,95.16,99.54,112563,13.325597,0.5739,,1766935.0049
"12-Nov-19",99.44,103.65,98.94,102.51,136255,13.580072,0.5733,,1775449.9728
"13-Nov-19",101.67,103.6,101.54,102.78,75935,13.610228,0.5727,,1765188.2448
"14-Nov-19",103.42,103.82,102.54,102.93,77792
"15-Nov-19",102.25,103,101,102.04,106190,13.797516,0.5738,1716774,1771687.3392
"18-Nov-19",101.95,103.96,101.95,102.56,41275,14.180454,0.5739,,1786737.8736
"19-Nov-19",102.45,104.1,102.45,103.29,102097,14.23344,0.5736,,1787935.0752
"20-Nov-19",103.6,105.17,102.3468,104.9,158825,13.822654,0.5729,,1746888.1632
"21-Nov-19",105.2,107.589,104.99,106.93,132192,13.736646,0.5737,,1745519.9328
"22-Nov-19",107.5,108.39,106.01,107.74,65458,13.79106,0.5736,,1743980.6736
"25-Nov-19",108.45,113.76,108.45,113.31,112233,13.842515,0.5721,,1758005.0352
"26-Nov-19",113.8,115.9,113.62,113.98,119762,13.58943,0.5706,,1670764.4568
"27-Nov-19",114.38,116.47,113.2694,115.27,76193,13.752505,0.5698,,1678833.2946
"28-Nov-19",,,,,,13.744803,0.5704,,1681751.8104
"29-Nov-19",113.89,114.45,112.31,112.92,67804,13.879507,0.5708,1693860,1686215.4228
"02-Dec-19",113.11,115.35,111.71,113.47,110758,14.262628,0.5717,,1702868.1306
"03-Dec-19",112.01,114.78,112.01,114.42,385171,13.86838,0.5732,,1709048.517
"04-Dec-19",116.08,116.9801,114.08,114.54,151157,14.333237,0.5733,,1750766.1252
"05-Dec-19",114.55,115.445,112.5,113.23,116772,13.650281,0.5679,,1634883.8802
"06-Dec-19",113.97,114.055,112.91,113.95,69652,13.816787,0.5647,,1633338.7836
"09-Dec-19",113.05,113.85,112.31,113.1,123426,13.761352,0.5632,,1631965.3644
"10-Dec-19",112.92,113.9,111.91,112.27,93972,14.099925,0.5635,,1639656.48
"11-Dec-19",112.51,112.51,109.45,110.21,105159,13.885931,0.5594,,1603916.034
"12-Dec-19",109.61,110.35,106.62,107.18,78555,13.81892,0.5592,,1587824.364
"13-Dec-19",106.53,108.37,106.0219,106.59,73135,13.742149,0.5583,1609708,1567836.816
"16-Dec-19",106.72,107.62,105.2682,106.19,109623,13.700386,0.5584,,1561230.762
"17-Dec-19",106.27,107.35,105.475,107.31,123000,13.659319,0.5585,,1555810.41
"18-Dec-19",107.4,108.65,107.27,108.1,82404,13.869254,0.5608,,1572410.238
"19-Dec-19",108.23,108.835,107.93,108.76,55398,14.050961,0.5637,,1579185.678
"20-Dec-19",109.1,109.71,108,109.64,187603,14.024628,0.5663,,1589179.452
"23-Dec-19",110.01,111.24,108.98,111.06,64628,14.864894,0.5639,,1607981.298
"24-Dec-19",110.85,111.25,110,110.35,33955
"25-Dec-19",,,,,,14.420297,0.5582,,1577513.84
"26-Dec-19",110.35,111.25,109.49,110.075,60707,14.458418,0.5565,,1566567.8256
"27-Dec-19",110.43,111.175,109.2656,111.09,46779
"30-Dec-19",110.72,111.14,107.48,108.64,98086,14.702775,0.5572,,1569465.3
"31-Dec-19",108.51,110.97,107.51,109.95,141479,14.496189,0.5565,1656944,1554816.9572
"01-Jan-20",,,,,,14.62824,0.5566,,1556265.6944
"02-Jan-20",110.61,113.94,110.61,113.49,122761,14.912949,0.5656,,1570431.1248
"03-Jan-20",111.82,113.71,111.82,112.27,91496,14.546944,0.5545,,1524554.4468
"06-Jan-20",111.18,113.57,110.5701,112.97,56975
"07-Jan-20",112.65,115.23,112.5,114.17,52040,14.579537,0.5513,,1504755.0384
"08-Jan-20",114.41,115.755,113.4734,115.3,88610,14.557759,0.5516,,1494452.9072
"09-Jan-20",116.31,118.78,115.79,118.62,72603,14.510788,0.5527,,1488657.9584
"10-Jan-20",119.14,120.43,118.3001,120.05,67947,14.518979,0.5533,,1576250.8272
"13-Jan-20",120.78,122.06,120.22,121.14,102421,14.59643,0.5543,,1591494.712
"14-Jan-20",120.6,122.605,120.14,121.01,93258,14.508282,0.5536,,1579399.0208
"15-Jan-20",120.73,123.74,120.25,121.93,115905,14.314576,0.5548,1582776,1573434.0224
"16-Jan-20",122.85,123.55,122.25,122.85,108551,14.235932,0.5539,,1558852.9152
"17-Jan-20",123.58,124.7,122.85,124.1,81358,14.296835,0.5541,,1555373.3328
"20-Jan-20",,,,,,14.496849,0.5542,,1558852.9152
"21-Jan-20",123.58,124.5,122.5145,123.42,73883,14.532318,0.5583,,1555704.7216
"22-Jan-20",124.38,126.25,124.38,125.34,69956,14.410415,0.5539,,1527536.6736
"23-Jan-20",125.36,126.04,124.55,125.57,62792,14.397645,0.5548,,1513949.7328
"24-Jan-20",126.18,127.2947,123.01,124.68,56302,14.404697,0.5549,,1505499.3184
"27-Jan-20",122.51,125.43,122.1,125.06,49426,14.552377,0.5522,,1520889.4584
"28-Jan-20",125.66,127.81,125.66,127.6,59064,14.373874,0.5562,,1492557.768
"29-Jan-20",128.16,129.31,127.33,128.61,60991,14.558467,0.556,,1497147.8184
"30-Jan-20",128.18,132.51,128.18,132.23,75698,14.518354,0.5555,,1476730.008
"31-Jan-20",132.43,132.9282,130.66,131.44,91544,14.637505,0.5588,1441959,1484960.4432
"03-Feb-20",131.01,132.7,130.025,132.46,117908,14.734221,0.5577,,1487334.6072
"04-Feb-20",133.95,137.8,132.8,137.53,62433,14.943473,0.5576,,1500155.0928
"05-Feb-20",138.52,138.709,133.37,133.52,112605,15.045009,0.5511,,1515508.02
"06-Feb-20",134.11,138.083,134.11,137.1,54009,15.195855,0.5516,,1521839.124
"07-Feb-20",136.66,137.865,136.01,136.85,43448,15.416699,0.5475,,1538299.9944
"10-Feb-20",136.91,137.82,136.28,136.69,62243,15.771531,0.5472,,1562041.6344
"11-Feb-20",137.66,138.025,136.81,137.7,91588,15.828792,0.5478,,1521843.5286
"12-Feb-20",138.05,138.65,136.67,137.4,52068,15.875,0.5473,,1510596.2484
"13-Feb-20",137.1,139.09,137.1,137.8,67561,15.990099,0.5475,,1503674.8452
"14-Feb-20",137.81,140.46,136.7162,139.99,67157,16.027615,0.5464,1463387,1504972.6083
"17-Feb-20",,,,,,16.0313,0.5464,,1504972.6083
"18-Feb-20",140,143.1129,139.5,141.01,79844,15.856027,0.5451,,1485361.9659
"19-Feb-20",141.73,145.67,141.355,144.9,129908,15.689413,0.5469,,1492860.1527
"20-Feb-20",144.52,148.075,139.52,143.06,86773,15.615395,0.5439,,1481901.2643
"21-Feb-20",142.82,142.82,133.44,133.8,89726,15.960394,0.5443,,1496320.8543
"24-Feb-20",126.3,129.79,122.1134,128.29,238368,15.434386,0.5447,,1481324.4807
"25-Feb-20",128.74,130.25,124.3,125.04,122321,15.332548,0.5446,,1478873.1504
"26-Feb-20",125.46,127.57,123.22,123.72,69087,15.048552,0.5482,,1401046.7138
"27-Feb-20",120.91,124.19,117.62,118.44,151198,14.804932,0.5455,,1385827.489
"28-Feb-20",114.66,123.04,114.45,122.97,212645,14.455313,0.5456,1414129,1384949.4568
"02-Mar-20",122.98,124.35,119.68,123.44,178890,14.179903,0.5464,,1383925.0859
"03-Mar-20",118,124.2,115.69,119.99,302774,13.83581,0.5459,,1393144.424
"04-Mar-20",121.14,122.26,117.13,120.02,206378,14.205199,0.549,,1389339.6178
"05-Mar-20",117.87,121.79,117.74,120.47,198380,14.051565,0.5524,,1385095.7955
"06-Mar-20",116.87,118.37,113.67,117.34,157957,13.651832,0.5517,,1354657.3459
"09-Mar-20",110.42,114.94,105.79,106.54,257720,13.106743,0.5503,,1340316.1533
"10-Mar-20",109.67,109.8142,101.01,107.22,133422,13.615755,0.5623,,1424027.903
"11-Mar-20",104.63,104.8693,98.08,98.1,199269,12.738766,0.588,,1354452.7562
"12-Mar-20",91.52,92.79,81.01,86.01,427744,12.750085,0.5818,,1423320.8385
"13-Mar-20",90.33,101.26,87.2109,101.11,252450,12.098781,0.5808,1434244,1385280.7684
"16-Mar-20",92.55,92.55,84.07,84.99,311001,11.784865,0.583,,1395462.4972
"17-Mar-20",85.97,115.34,84.875,109.94,304494,11.278351,0.5794,,1371563.7171
"18-Mar-20",102.51,102.51,83.22,85.82,332456,11.148038,0.6069,,1394189.7811
"19-Mar-20",84.27,99,83.5,92.09,201532,11.266716,0.5983,,1431098.548
"20-Mar-20",93.98,97.59,86.31,87.6,244589,11.471708,0.573,,1492895.9853
"23-Mar-20",87,96.69,83.5,89.85,194750,11.251865,0.5582,,1465603.2956
"24-Mar-20",95.28,104.52,93.04,103.83,201270,11.404843,0.5653,,1564616.7796
"25-Mar-20",104,118,100.78,101.055,163500,11.005222,0.568,,1534067.3824
"26-Mar-20",103.6,113.6,103.6,106,142520,12.229242,0.5014,,1706893.7844
"27-Mar-20",104.84,108.55,101.465,104.96,162221,11.90755,0.4924,,1682224.7876
"30-Mar-20",105.99,110.16,104.4101,107.6,160190,11.713881,0.492,,1677204.9336
"31-Mar-20",106.96,118.15,104.77,110.95,239794,10.697342,0.5182,1511569,1557158.7108
"01-Apr-20",106.69,108.79,96.055,96.82,161283,10.574073,0.525,,1542672.8464
"02-Apr-20",94.92,97.87,86.37,90.22,166248,10.505833,0.5346,,1537652.9924
"03-Apr-20",89.85,93.22,86.0006,87.17,167892,9.729943,0.5227,,1431232.0876
"06-Apr-20",89.91,94.565,89.6301,91.81,208469,8.497012,0.5059,,1266294.0276
"07-Apr-20",95.11,98.6,92.01,93.47,160974,8.127371,0.5263,,1225131.2248
"08-Apr-20",95.75,102.46,93,100.82,135802,7.920153,0.5254,,1204908.3844
"09-Apr-20",103.86,106.91,96,98.51,226201,7.82279,0.5189,,1172524.0733
"10-Apr-20",,,,,,7.760814,0.5189,,1172524.0733
"13-Apr-20",98.02,98.02,91.363,95.32,193315,7.261846,0.5081,,1112061.3133
"14-Apr-20",99.05,103.365,98.555,100.57,105534,7.230001,0.5036,,1107526.6063
"15-Apr-20",96.66,104.77,96.15,104.5,169400,6.845708,0.5042,1500710,1057040.2017
"16-Apr-20",105.62,105.89,98.93,101.23,155782,6.697424,0.5015,,1038599.0599
"17-Apr-20",103.69,107.95,102.9,106.87,117888,6.777801,0.4996,,1052052.024
"20-Apr-20",105.11,107.59,103.678,106,153640,7.162414,0.5026,,1120223.7859
"21-Apr-20",102.51,104.26,98.01,99.39,144968,6.881605,0.5016,,1075481.3435
"22-Apr-20",102.21,103.47,99.3,101.15,59243,7.233373,0.5008,,1128688.5723
"23-Apr-20",101,105,100.735,103.53,107519,7.144872,0.4965,,1119165.6876
"24-Apr-20",103.44,106.39,101.25,104.89,89000,7.191679,0.4986,,1603508.635
"27-Apr-20",107,107.78,102.71,103.02,136014,7.149874,0.4999,,1607260.41
"28-Apr-20",104.83,104.83,99.06,100.82,132193,7.311569,0.5014,,1657384.124
"29-Apr-20",104.04,110.785,102.64,109.79,301639,7.045623,0.4976,,1635923.971
"30-Apr-20",108.35,111.11,106.54,109.86,160747,7.046808,0.4931,1523413,1652131.639
"01-May-20",105.85,109.62,105.85,107.8,142546,6.407888,0.4938,,1522620.366
"04-May-20",105.33,107.78,103.9307,105.26,146472,6.352832,0.4943,,1513766.177
"05-May-20",96.85,114.2299,92.52,111.5,432920,6.287029,0.4979,,1551884.211
"06-May-20",111.5,120.32,111.04,117.82,277906,6.323777,0.5052,,1585049.902
"07-May-20",118.45,125.24,118.45,124.07,173383,6.647307,0.5117,,1684546.975
"08-May-20",125.44,127.31,124.5,125.36,127016,6.818649,0.5102,,1741123.742
"11-May-20",124.2,129.25,122.91,126.89,154053,7.091342,0.5077,,1683523.7063
"12-May-20",127.07,127.07,120.21,120.47,115766,7.164636,0.5062,,1704546.8057
"13-May-20",120.8,122.22,115.565,118.47,137115,7.030938,0.5008,,1685504.1432
"14-May-20",116.59,117.9402,113.68,117.74,104621,6.969097,0.5038,,1676211.3239
"15-May-20",116.33,124.59,116.33,124.14,100297,6.909254,0.5029,1440472,1666613.822
"18-May-20",127.48,133.99,127.48,132.71,208655,6.923457,0.5057,,1674383.2283
"19-May-20",132,134.61,128.64,128.74,178019,6.91399,0.5081,,1686265.8497
"20-May-20",131.35,134.7,130.45,133.57,93961,6.886417,0.5044,,1674383.2283
"21-May-20",132.79,137.45,132.47,136.07,109666,7.107716,0.5079,,1731511.2158
"22-May-20",136.93,140.48,135.57,139.61,130467,7.086174,0.5101,,1732425.2636
"25-May-20",,,,,,7.153107,0.5097,,1740194.6699
"26-May-20",144.74,156.67,142.76,155.8,334349,7.114023,0.5061,,1762741.1823
"27-May-20",155.11,155.565,144.59,150.33,253361,7.08125,0.5086,,1540584.804
"28-May-20",150,154.95,149.955,153.7,157341,7.31887,0.5177,,1593017.9848
"29-May-20",153.94,158.76,152.09,158.51,139383,7.227955,0.5148,1424326,1563488.3088
"01-Jun-20",157.11,163.49,155,162,136415,7.237356,0.5141,,1559022.8456
"02-Jun-20",162.53,168.63,161.0202,167.95,133464,7.427681,0.5194,,1593162.032
"03-Jun-20",169.47,175.5,167.69,172.59,157293,7.617554,0.5159,,1630902.3984
"04-Jun-20",170.86,173.8476,168.07,170.49,188521,7.810981,0.5169,,1656398.7528
"05-Jun-20",173.52,180.5595,172.57,173.1,194013,7.869485,0.5161,,1667058.2456
"08-Jun-20",171.87,173.2,158.73,161.95,251471,7.84253,0.5165,,1672387.992
"09-Jun-20",160.51,164.62,160.0001,162.27,121881,7.833795,0.5204,,1513916.1054
"10-Jun-20",162.51,164.83,161.05,161.56,127567,8.027808,0.5205,,1534426.3998
"11-Jun-20",156.74,160.68,149.5,150.23,175441,7.768798,0.5138,,1490129.8612
"12-Jun-20",155.56,156.37,147.78,154.19,139748,7.771158,0.5123,,1483150.6638
"15-Jun-20",150.15,158.7999,149.8,157.59,128022,7.969629,0.5126,1409937,1472040.921
"16-Jun-20",160.77,160.77,156.52,158.36,97303,7.909234,0.5127,,1450960.8962
"17-Jun-20",159.23,159.23,156.935,157.64,118026,8.059082,0.5107,,1453097.3852
"18-Jun-20",157.71,159.17,156.18,157.52,138700,8.122379,0.5116,,1442699.8054
"19-Jun-20",159.49,161.63,156.24,159.38,249944,8.212687,0.5091,,1447684.9464
"22-Jun-20",159.3,165,158.35,163.72,103985,8.028064,0.5034,,1391851.3672
"23-Jun-20",166,168.5,162.58,162.89,159769,7.745011,0.4951,,1342284.8224
"24-Jun-20",161.01,162.51,154.865,158.79,115310,7.495345,0.5052,,1234963.8183
"25-Jun-20",158.39,161.44,154.1757,161.23,133142,7.501222,0.506,,1227914.1333
"26-Jun-20",161.68,164.04,157,157.84,247156,6.817688,0.5142,,1124847.7386
"29-Jun-20",158.34,162.745,156.41,160.34,171057,6.418722,0.515,,1062105.5421
"30-Jun-20",160.24,164.31,158.83,162.71,157714,6.885654,0.5256,1356315,1138665.1212
"01-Jul-20",163.98,169.91,162.02,167.45,144514,6.777459,0.5331,,1110889.3623
"02-Jul-20",170,170.76,162.65,163.56,110318,6.909157,0.5325,,1126962.6441
"03-Jul-20",,,,,,6.912675,0.5325,,1126962.6441
"06-Jul-20",163.43,170.3,163.43,166.4,98100,7.208257,0.5324,,1167004.8549
"07-Jul-20",166.38,168.31,160.54,161.19,88252,7.041752,0.5293,,1126539.663
"08-Jul-20",162.54,165.525,161.34,162.71,89093,7.243039,0.5313,,1150367.5983
"09-Jul-20",163.3,166.54,158.13,161.12,150178,7.113488,0.529,,1131333.4488
"10-Jul-20",161.19,163.5,158.8906,161.28,81971,7.011376,0.5259,,1308843.975
"13-Jul-20",163.66,163.66,149.27,149.38,221353,6.596264,0.5224,,1239671.91
"14-Jul-20",150.7,151.525,141.08,149.87,202754,6.655395,0.5248,,1252014.3765
"15-Jul-20",151.72,151.72,146.01,148.93,154222,6.683381,0.5383,1311714,1263407.4225
"16-Jul-20",146.49,146.49,142.45,145.84,98055,6.738929,0.5092,,1264763.7375
"17-Jul-20",146.05,149.385,145.21,148.43,54993,7.006433,0.5163,,1301655.5055
"20-Jul-20",148.12,154.03,148.12,152.77,96329,7.051579,0.5123,,1307216.397
"21-Jul-20",154.05,154.05,144.85,147.22,120030,6.734776,0.5102,,1244283.381
"22-Jul-20",147.74,149,146.02,147.02,65236,6.828098,0.5102,,1251200.5875
"23-Jul-20",146.43,148.2,139.74,140.96,92888,6.859882,0.5105,,1261372.95
"24-Jul-20",138.99,142.33,134.73,137.82,58333,6.544717,0.5065,,1243242.5292
"27-Jul-20",138.01,141.99,137.12,141.13,64918,6.714506,0.5041,,1272231.4086
"28-Jul-20",140.7,140.7,135.75,136.12,79134,6.646588,0.4985,,1252031.013
"29-Jul-20",137.65,141.48,137.58,140.24,86328,9.366718,0.3984,,1755991.5318
"30-Jul-20",139.21,140.85,136.16,139.03,79552,9.224473,0.3932,,1689225.2892
"31-Jul-20",140.35,140.89,135,139.22,88362,9.18989,0.3909,1247741,1672697.6928
"03-Aug-20",137.19,145.5873,137.19,145.43,191497,9.178447,0.3913,,1676632.8348
"04-Aug-20",146.85,158.97,146.85,155.97,238257,9.007039,0.3893,,1661285.781
"05-Aug-20",155.08,162.92,154.03,162.92,145895,8.953518,0.3888,,1651316.7546
"06-Aug-20",164.62,171.36,163.65,170.32,153315,9.192388,0.3921,,1645938.7272
"07-Aug-20",168.33,168.33,156.7,158.98,108138,9.703742,0.3989,,1705752.8856
"10-Aug-20",158.47,161.78,155.21,158.78,146740,9.971131,0.4001,,1750219.9902
"11-Aug-20",156.46,161.77,156.05,156.51,98926,10.036718,0.4009,,1308131.6644
"12-Aug-20",158.96,163.7352,157.47,160.81,97701,10.239512,0.4063,,1326348.683
"13-Aug-20",161.18,168,161.18,163.18,78626,10.176945,0.4047,,1312748.3061
"14-Aug-20",163.19,163.86,159.75,160.96,57480,11.057808,0.4197,1237788,1413690.553
"17-Aug-20",162.38,166.99,161.56,165.49,64461,10.617189,0.4123,,1356918.3375
"18-Aug-20",164.43,167.42,162.82,164.73,73474,10.674248,0.4109,,1354422.8555
"19-Aug-20",164.83,167.26,162.25,164.58,48423,10.857036,0.4105,,1352676.0181
"20-Aug-20",163.95,171.28,163.95,168.02,96551,10.963091,0.4071,,1353050.3404
"21-Aug-20",168.43,171.925,165.57,167.15,65000,10.996067,0.4091,,1352551.244
"24-Aug-20",168.99,170.86,166.02,168.59,59480,10.964316,0.4059,,1340822.4786
"25-Aug-20",167.8,171.96,167.57,169.77,72587,11.052366,0.4063,,1175155.9272
"26-Aug-20",171.34,178.79,171.34,174.73,118372,11.051297,0.4058,,1173546.8028
"27-Aug-20",175,178.665,173.6101,173.62,62593,11.500978,0.4055,,1182582.6552
"28-Aug-20",174.64,176.45,171.6801,173.64,79458,11.84545,0.4043,,1192361.1804
"31-Aug-20",173.64,174.89,167.21,168.03,207187,11.948251,0.4051,1191380,1207833.5304
"01-Sep-20",167.88,174.83,167.01,171.16,151509,12.00054,0.4055,,1217240.7192
"02-Sep-20",171.76,171.76,167.06,168.25,114633,11.892804,0.4037,,1203129.936
"03-Sep-20",166.37,166.37,152.18,154.87,250895,11.424219,0.4037,,1172309.0148
"04-Sep-20",154,154.05,143.8401,151.7,354211,10.938834,0.4003,,1149162.3792
"07-Sep-20",,,,,,10.539677,0.4062,,1090367.4492
"08-Sep-20",144,152.35,141.37,151,167890,11.035613,0.4013,,1147429.476
"09-Sep-20",153.55,155.99,150.89,151.32,161139,10.674831,0.4092,,1097794.1772
"10-Sep-20",153.72,154.93,145.53,145.83,106700,10.780031,0.4149,,1091423.218
"11-Sep-20",147.06,147.785,140,143.85,121534,11.290156,0.4227,,1142295.144
"14-Sep-20",144.5,147.705,143.64,146.83,91101,10.886648,0.4141,,1087968.216
"15-Sep-20",149.51,150.465,145.88,147.62,70036,11.06648,0.4166,1050145,1098452.36
"16-Sep-20",150.39,150.39,143.94,144.74,172021,11.047149,0.4188,,1102622.19
"17-Sep-20",141.19,144.92,138.78,144.36,97277,11.271821,0.4193,,1125020.134
"18-Sep-20",145.06,145.57,139.535,142.38,244885,12.358716,0.4543,,1252974.346
"21-Sep-20",139.72,143.28,137.38,140.14,223993,11.561413,0.4345,,1166480.158
"22-Sep-20",141.1,143.47,134.45,142.53,173167,10.623734,0.4301,,1078198.9
"23-Sep-20",142.13,145.1,139.8,140.01,131074,10.080255,0.4406,,1026373.87
"24-Sep-20",139.35,141.44,137.38,140.3,110185,10.031569,0.4495,,970649.0235
"25-Sep-20",140.43,144,138.82,142.8,139764,9.826705,0.4445,,953636.6745
"28-Sep-20",145.72,146.8,141.885,144.07,157493,10.015611,0.4444,,960252.588
"29-Sep-20",143.95,145.62,139.53,140.11,130416,9.695412,0.4383,,930218.441
"30-Sep-20",139.86,143.15,138.6,141.81,262510,9.534553,0.4419,1023262,925177.745
"01-Oct-20",143.19,149.3,141.44,149.26,173503,9.407513,0.4374,,914571.2805
"02-Oct-20",146.51,149.19,145.5,147.56,133593,8.887141,0.4371,,862904.1465
"05-Oct-20",148.27,154.805,148.27,154.34,239576,8.976458,0.4355,,885272.235
"06-Oct-20",154,160.51,154,157.05,125899,9.118334,0.4399,,899134.149
"07-Oct-20",157.83,162.14,157.83,159.9,113177,9.40675,0.436,,929168.296
"08-Oct-20",162.07,164.63,160.759,161.84,83406,9.508327,0.4378,,938724.6155
"09-Oct-20",162.53,164.5902,162.48,164.31,75415,9.328678,0.4357,,1016917.7756
"12-Oct-20",165.29,169.69,164.55,166,167911,9.375859,0.4334,,1029913.203
"13-Oct-20",167.12,170.28,167.07,168.62,95217,9.45664,0.4338,,1034620.2082
"14-Oct-20",169.87,170.1,164.09,164.26,87613,9.457183,0.4309,,1018350.3424
"15-Oct-20",161.3,163.79,157.25,163.57,152646,9.578164,0.4319,1010630,1025206.1978
"16-Oct-20",164.05,166.6031,162.3001,162.58,65355,9.69133,0.4336,,1026229.4598
"19-Oct-20",163.23,163.98,157.49,159,119595,9.485599,0.4311,,1015689.8612
"20-Oct-20",159,160.97,157.81,158.85,75490,9.102549,0.4341,,968824.4616
"21-Oct-20",159.29,160.99,156.81,157.43,70392,10.389386,0.4515,,1102257.8264
"22-Oct-20",158.1,158.24,149.79,150.19,106860,9.147741,0.4859,,968926.7878
"23-Oct-20",150.19,153.49,146.96,153,89570,8.709953,0.4439,,925335.8266
"26-Oct-20",150.51,154.395,150.51,154,133285,8.62478,0.4517,,915125.465
"27-Oct-20",155.18,158.19,153.7,157.51,90523,8.769809,0.5002,,926545.584
"28-Oct-20",153.77,155.474,145.31,145.83,108676,9.104015,0.4576,,966970.784
"29-Oct-20",145.31,148.53,144.24,146.73,72455,9.233769,0.458,,979906.848
"30-Oct-20",145.2,145.2,140,142.87,102496,9.126566,0.5,973080,970406.926
"02-Nov-20",143.94,145.37,139.99,142.35,120118,9.110853,0.4994,,978087.714
"03-Nov-20",144.5,152.265,144.28,151.88,115604,7.796322,0.4865,,835689.947
"04-Nov-20",156,159.57,155.27,157,85723,9.340072,0.4483,,988598.266
"05-Nov-20",159.52,163.345,158.5,162.06,55515,9.52975,0.4542,,986475.943
"06-Nov-20",162.55,166.1,158.78,163.87,103837,9.901781,0.4554,,1019725.67
"09-Nov-20",165.1,169.12,147.11,147.3,272320,9.447247,0.4569,,989204.644
"10-Nov-20",147.15,152.8797,137.795,152.19,374687,9.182229,0.4587,,993417.372
"11-Nov-20",152.72,156.5647,143.655,149.86,142637,9.186739,0.4587,,993417.372
"12-Nov-20",150.56,151.97,144.1401,144.915,95644,9.18869,0.4868,,993222.756
"13-Nov-20",146.53,148.25,141.65,144.56,94464,9.395188,0.5066,911350,1015214.364
"16-Nov-20",145.64,148.6685,143.5,145.04,104900,9.55554,0.5043,,1044504.072
"17-Nov-20",144,148.28,143.66,147.72,110184,9.302996,0.4932,,1014630.516
"18-Nov-20",147.52,149.285,142,142.7,124077,9.48715,0.4994,,1041876.756
"19-Nov-20",143.13,149.85,142.85,149.44,137137,9.53557,0.5,,1055013.336
"20-Nov-20",148.72,153.26,147.525,151.08,147250,9.47391,0.5053,,1060170.66
"23-Nov-20",152.21,152.345,145.4,145.51,101453,9.244683,0.506,,1043141.76
"24-Nov-20",146,149.87,143.79,144.22,91903,9.688924,0.5128,,976784.93
"25-Nov-20",144.62,150.37,142.85,149.4,119424,9.60966,0.5202,,975417.905
"26-Nov-20",,,,,,9.483868,0.5213,,969494.13
"27-Nov-20",149.91,157,148.51,155.8,115158,9.550263,0.5231,,975873.58
"30-Nov-20",157.36,163.2,155.97,162.93,286664,9.485214,0.5254,866859,1000571.165
"01-Dec-20",162.88,162.975,158.14,158.23,201098,9.558721,0.5216,,1007679.695
"02-Dec-20",156.17,159.45,155.555,158.93,86271,10.023779,0.5228,,1048963.85
"03-Dec-20",158.93,162.85,158.93,161.23,70917,10.169216,0.5245,,1058897.565
"04-Dec-20",161.27,164.06,161.27,163.78,81796,10.231115,0.5292,,1044953.91
"07-Dec-20",163.16,169.31,163.16,169.11,120697,10.458912,0.5277,,1039303.54
"08-Dec-20",169.95,169.97,165.245,168.55,105500,9.165059,0.5126,,907978.005
"09-Dec-20",169.41,171.98,165.9,167.61,118738,9.377921,0.5163,,800197.5429
"10-Dec-20",166.15,172.89,165.71,172.81,140661,9.048369,0.5283,,770204.2215
"11-Dec-20",170.97,172.615,166.87,168.96,120258,9.033897,0.5283,,770204.2215
"14-Dec-20",163.2,173.67,163.12,171.28,208379,7.783487,0.5252,,670428.7506
"15-Dec-20",173.46,178.345,170.225,172,229878,7.642544,0.528,912275,669041.7762
"16-Dec-20",173.85,174.45,170.06,171.41,149634,7.49142,0.5271,,661760.1606
"17-Dec-20",172.03,175.46,172,172.6,179696,7.874985,0.5316,,696261.1488
"18-Dec-20",174.39,176.02,172.03,172.83,391563,7.636433,0.5277,,697821.495
"21-Dec-20",177.82,177.975,166.04,167.29,254461,8.10417,0.5254,,741424.5027
"22-Dec-20",169.79,183.03,168.545,182.46,439864,8.219689,0.5348,,769857.4779
"23-Dec-20",183.58,186.23,180.466,182.42,121425,8.287894,0.5321,,771937.9395
"24-Dec-20",183.16,184.33,178.43,180.61,48528,8.441344,0.521,,1062526.6925
"25-Dec-20",,,,,,8.63753,0.5168,,1090898.445
"28-Dec-20",184,184.62,179.4001,184.32,107557,8.752936,0.5175,,1101572.0625
"29-Dec-20",186,186.59,180.3,180.89,136920,8.62101,0.5203,,1082414.2875
"30-Dec-20",180.46,182.8,177.99,179.3,100091,8.743738,0.5218,,1094182.635
"31-Dec-20",179.21,180.65,176.4,180.04,77149,8.761257,0.5269,903409,1088800.2125
"01-Jan-21",,,,,,8.883161,0.5273,,1088617.7575
"04-Jan-21",180.04,181.53,174.46,177.05,102587,8.950044,0.5316,,1088252.8475
"05-Jan-21",177.07,179.59,176.11,178.43,77125,8.827582,0.541,,1066084.565
"06-Jan-21",176.43,180.5,171.4607,174.58,140865,8.931015,0.5384,,1066267.02
"07-Jan-21",175.43,179.595,174.58,174.91,87072,9.015595,0.539,,1071466.9875
"08-Jan-21",176.28,180.1233,173.08,173.23,84314,9.168042,0.5414,,1085880.9325
"11-Jan-21",170.05,170.375,159.46,160.25,235479,8.978085,0.5408,,1090077.3975
"12-Jan-21",161.5,161.92,154.18,157.52,149362,8.891427,0.5402,,897085.137
"13-Jan-21",158.04,159.185,151.7246,152.52,142053,8.630319,0.5354,,868176.049
"14-Jan-21",152.8,157.86,152.8,153.71,112458,8.259906,0.5379,,832581.7344
"15-Jan-21",153,156.17,151.1338,152.92,97100,8.527988,0.5406,837292,860497.0725
"18-Jan-21",,,,,,8.421802,0.5411,,855257.3003
"19-Jan-21",153.6,158.97,152.715,154.58,151974,8.4363,0.5414,,858238.55
"20-Jan-21",157.74,162.03,156.62,157.79,169124,8.054633,0.5529,,824089.6898
"21-Jan-21",157.59,158.5797,155,155.47,82255,7.724993,0.5606,,791024.9204
"22-Jan-21",155,158.01,155,157,108084,7.423099,0.5724,,763380.605
"25-Jan-21",157.39,160.5,155.56,156.1,379136,7.065169,0.5733,,753714.1287
"26-Jan-21",153.74,156.08,150.58,155.63,461724,6.963199,0.5744,,768891.3999
"27-Jan-21",153.01,167.14,152,163.01,253896,6.810824,0.5749,,741170.8784
"28-Jan-21",162.5,165.865,156.12,157.3,121534,7.023509,0.5578,,766875.7428
"29-Jan-21",159.41,162.575,152.31,152.81,127856,7.112993,0.5521,839492,778179.1848
"01-Feb-21",152.84,158,152.84,156.09,117809,6.986707,0.5579,,772066.9532
"02-Feb-21",156.81,160.2,156,158.9,117660,6.997718,0.5582,,770392.3692
"03-Feb-21",157.72,158.1,151.8,157.57,152684,6.999183,0.5546,,773155.4328
"04-Feb-21",159.34,162.555,157.2,161.07,187282,6.939617,0.5553,,772318.1408
"05-Feb-21",162.61,163.24,156.2,157.76,84687,6.950404,0.5577,,773406.6204
"08-Feb-21",157.87,167.22,157.87,167,183613,6.724001,0.5525,,762186.9076
"09-Feb-21",166.08,174.03,164.76,173.66,145119,6.759657,0.5524,,825640.382
"10-Feb-21",174.99,180.06,174.99,179.18,186410,6.958191,0.5511,,842514.1712
"11-Feb-21",179.18,182.53,177.99,181.21,210678,7.163499,0.5528,,852839.9228
"12-Feb-21",182.01,185.442,180.94,181.5,117794,7.446984,0.5427,902858,884320.8728
"15-Feb-21",,,,,,7.45785,0.5424,,896493.5068
"16-Feb-21",180,181.45,167.67,168.5,159208,8.905396,0.5483,,1071023.8936
"17-Feb-21",168.25,176.005,167.9281,172.16,164941,8.75577,0.5457,,1059690.7516
"18-Feb-21",170.33,171.815,166.2297,170.86,95957,8.849819,0.5367,,1069428.8588
"19-Feb-21",170.27,177.08,170.27,174.15,203844,8.801208,0.5348,,1072451.03
"22-Feb-21",170.89,171.18,160.73,161.83,101310,8.660461,0.5364,,1052303.222
"23-Feb-21",157.99,162.425,151.51,162.11,314630,8.913589,0.5386,,1100825.8596
"24-Feb-21",161.24,170.69,160,170.51,185038,8.838468,0.5386,,1123967.9242
"25-Feb-21",170.36,172.01,165.07,166.24,186443,8.610497,0.5487,,1105369.0494
"26-Feb-21",167.66,168.2425,158.78,164.02,137358,8.77686,0.5533,1001040,1128753.0716
"01-Mar-21",166.69,169.92,160.16,161.97,258647,9.399577,0.5459,,1211184.007
"02-Mar-21",153.36,154,134.2501,134.82,917360,8.921069,0.5431,,1232762.3132
"03-Mar-21",130.51,134,128.8201,132.05,389959,8.708528,0.5451,,1237908.6038
"04-Mar-21",130,135.18,127,132.23,338911,9.085597,0.6112,,1323228.6848
"05-Mar-21",133.05,138.86,125,138.68,379816,8.838713,0.593,,1321603.5404
"08-Mar-21",137.7,143.54,134.58,138.07,330457,8.964121,0.5927,,1364850.4386
"09-Mar-21",141.37,147.34,141.07,143.93,289000,8.926324,0.5956,,1224171.816
"10-Mar-21",146.93,148.95,141.09,141.46,214621,9.011689,0.5986,,1245894.384
"11-Mar-21",142.81,146.11,141.22,143.71,164105,9.041411,0.5972,,1252501.248
"12-Mar-21",142.9,142.92,138.35,139.43,128663,9.054214,0.5946,,1255103.952
"15-Mar-21",137.23,142.72,137.23,142.23,112924,9.318205,0.5932,1160382,1281431.304
"16-Mar-21",143.56,145.78,138.62,141.06,121425,9.288271,0.5945,,1265714.976
"17-Mar-21",140.76,143.57,136.61,142.4,152350,9.125171,0.5936,,1243692.096
"18-Mar-21",140.27,140.27,133.86,135.32,188997,9.180505,0.593,,1252301.04
"19-Mar-21",135.17,137.9,135,136.21,342561,9.269117,0.5907,,1259108.112
"22-Mar-21",136.6,143.23,136.6,141.29,103811,9.474673,0.5925,,1270519.968
"23-Mar-21",142.17,143.24,140.0801,141.6,88472,9.589481,0.5924,,1246995.528
"24-Mar-21",142.97,142.97,137.23,137.42,115186,10.191594,0.5931,,1199370.8352
"25-Mar-21",137.13,139.94,135.09,139.45,100306,10.06273,0.5934,,1189739.6646
"26-Mar-21",140.01,142.21,136.84,140.67,72420,10.286216,0.5874,,1204128.4014
"29-Mar-21",140.81,141.51,135.32,137.72,70516,10.381156,0.5891,,1211322.7698
"30-Mar-21",137.61,139.9,133.99,138.29,75556,10.884882,0.5747,,1263191.8452
"31-Mar-21",140.02,143.53,140.02,141.41,149284,9.520743,0.5943,1162169,1109789.3448
"01-Apr-21",142.5,146.87,141.47,143,159735,9.39804,0.5821,,1103407.2438
"02-Apr-21",,,,,,9.363238,0.578,,1099345.9068
"05-Apr-21",144,144.02,139.43,142.91,85965,9.334426,0.5874,,1094356.2642
"06-Apr-21",141.95,145.84,140.9,142.79,97007,9.167602,0.5873,,1076718.4578
"07-Apr-21",142.4,143.49,140.36,141.99,87428,9.129332,0.5865,,1067203.3254
"08-Apr-21",144.05,145.18,141.36,143.01,490632,9.448,0.5657,,1143672.4992
"09-Apr-21",141.89,144.26,138.09,142.47,144772,9.452356,0.5645,,1204471.9516
"12-Apr-21",142.55,143.18,138.47,142.5,127772,10.988392,0.5603,,1387397.3522
"13-Apr-21",143,145.44,142.36,144,121917,9.689078,0.54,,1220509.8838
"14-Apr-21",144.3,148.1,142.54,144.81,134680,8.815607,0.5502,,1109755.1781
"15-Apr-21",146.48,148.59,144.87,146.7,103772,8.711075,0.5524,1065979,1095809.1501
"16-Apr-21",147.43,147.43,144.25,146.26,122788,8.564159,0.5507,,1079655.001
"19-Apr-21",145.41,145.96,142.22,145.06,67017,8.002808,0.5518,,998535.6048
"20-Apr-21",145.23,148.55,144.46,146.44,120827,7.954917,0.5506,,989935.5542
"21-Apr-21",146,148.59,144.32,147.08,194359,7.821014,0.5514,,975408.4417
"22-Apr-21",147.71,149.76,145.5,147.71,73382,7.873829,0.5556,,981219.2867
"23-Apr-21",148.43,148.43,145.445,147.18,81645,7.714572,0.5536,,959254.2926
"26-Apr-21",147.86,148.24,146.43,146.83,74787,7.946122,0.5532,,936142.7578
"27-Apr-21",147.78,148.8,145,148.65,105304,7.44785,0.5463,,850118.2525
"28-Apr-21",148.02,149.81,146.01,149.13,61149,7.324612,0.542,,821443.4174
"29-Apr-21",149.81,149.81,145.89,146.92,120773,7.218395,0.5383,,809504.4526
"30-Apr-21",146.49,146.77,143.505,144.63,156886,7.22951,0.5432,972937,812915.5854
"03-May-21",144.8,146.525,142.07,142.92,143549,7.167619,0.5318,,811956.2043
"04-May-21",141.54,143.74,133,133.91,140301,7.249435,0.5461,,820377.4384
"05-May-21",134.76,135.33,128.53,130.46,115467,7.708155,0.5438,,866427.7312
"06-May-21",130.64,132.09,124.585,130.82,136440,7.728568,0.5408,,872930.2031
"07-May-21",132.74,134.99,129.52,130.24,138153,7.601801,0.5441,,855767.9412
"10-May-21",130.23,131.94,126.85,127.36,218012,7.561561,0.545,,856194.3328
"11-May-21",119,129.05,110.22,124.3,451098,7.333616,0.5403,,1018275.8642
"12-May-21",122.67,125.44,119.9,123.17,254936,7.312937,0.54,,1019540.6823
"13-May-21",124.49,128.065,122.85,124.02,216829,7.231883,0.5559,,1017205.6335
"14-May-21",124.28,129.33,124.03,127.68,101154,7.262571,0.5549,955637,1014384.1162
"17-May-21",126.08,127.07,124.18,126.25,63150,7.527996,0.5498,,1042501.9955
"18-May-21",126.84,130.575,124.93,125.15,110606,7.570142,0.548,,1043280.3451
"19-May-21",124,129.38,122.3921,128.5,105178,7.456882,0.5487,,1028491.7027
"20-May-21",128.23,131.15,127.02,130.16,281085,7.341624,0.5486,,1019637.976
"21-May-21",132.66,133.74,129.47,131.49,166775,7.405118,0.5498,,1027421.472
"24-May-21",132.02,134.98,132.02,133.98,65240,7.387549,0.5498,,1009227.5501
"25-May-21",134.67,138.05,134,136.58,154621,7.388336,0.5504,,948278.5951
"26-May-21",136.54,138.92,133.53,134.35,92311,7.410283,0.5483,,942927.0279
"27-May-21",134.23,136.11,131.03,133.18,90497,7.527496,0.548,,953725.726
"28-May-21",134.01,136.72,134.01,134.89,62753,7.593347,0.5484,972151,952483.3979
"31-May-21",,,,,,7.572299,0.5483,,949903.178
"01-Jun-21",134.6,136.27,130.59,135.11,90423,7.664362,0.5466,,954490.2356
"02-Jun-21",135.09,136.66,134.06,134.92,75789,7.850107,0.5461,,961370.822
"03-Jun-21",133.99,134.68,131.995,133.65,69999,8.484894,0.5499,,958026.0925
"04-Jun-21",134.59,137.1272,133.65,134.12,54130,8.702333,0.5535,,949616.4869
"07-Jun-21",133.36,136.47,133.36,136.24,78824,9.415002,0.5548,,974367.4852
"08-Jun-21",137.3,140.53,135.81,140.31,80368,9.429642,0.5548,,969398.1728
"09-Jun-21",140.75,142.405,138.2,138.58,75541,9.647405,0.5561,,983914.0271
"10-Jun-21",138.62,141.37,138.62,140.42,61137,11.090115,0.56,,1101933.1585
"11-Jun-21",140.83,143.28,140.575,143.27,76984,11.181645,0.56,,1093281.0146
"14-Jun-21",142.66,145.48,141.26,141.84,125147,11.120305,0.5597,,1082490.1385
"15-Jun-21",140.65,141.47,132.275,133.12,182270,11.003065,0.5593,944274,1077726.5986
"16-Jun-21",133.8,137.37,132.93,135.98,76752,11.407393,0.5873,,1112529.6044
"17-Jun-21",135.01,141.51,135.01,141.04,176647,11.023867,0.5827,,1082198.4932
"18-Jun-21",140.3,143.07,138.68,140.48,248660,12.234528,0.5867,,1214605.4594
"21-Jun-21",139.96,145.02,138.5125,143.75,152992,12.243747,0.5889,,1180288.5291
"22-Jun-21",143.75,147.58,143.75,147.23,91493,12.934239,0.6014,,1241242.3968
"23-Jun-21",146.83,148.53,146.61,147.45,90286,12.847444,0.5973,,1230937.5962
"24-Jun-21",147.9,150.78,145.36,147.09,92601,12.960496,0.5971,,1088559.0672
"25-Jun-21",147.95,148.87,144.25,144.91,353331,12.483185,0.5972,,1078455.3354
"28-Jun-21",145.82,148.76,142.29,144.33,111530,12.328425,0.5933,,1074017.2476
"29-Jun-21",144.86,145,142.74,142.96,87363,12.597303,0.5941,,1091675.1714
"30-Jun-21",142.8,143.21,140.25,141.2,72211,11.270122,0.6011,902065,976851.453
"01-Jul-21",140.61,143.61,140.16,141.02,78977,11.2308,0.5858,,971846.8008
"02-Jul-21",142.58,143.535,139.77,139.78,80919,11.300033,0.6073,,968730.6966
"06-Jul-21",138.75,141.99,138.52,141.04,146697,10.931808,0.6088,,943990.7178
"07-Jul-21",141.97,142.84,136.25,136.47,126079,11.050381,0.6059,,957493.836
"08-Jul-21",134.49,134.525,131.39,133.65,93574,10.956001,0.5939,,950034.0714
"09-Jul-21",133.44,135.575,132.54,135.14,77378,11.534055,0.5937,,951261.6276
"12-Jul-21",135.47,135.99,133.17,133.75,98615,11.598968,0.5909,,878340.6905
"13-Jul-21",133,136.87,132.83,133.39,80519,11.928515,0.5924,,897915.501
"14-Jul-21",134.7,135.31,132.57,135,104724,11.849254,0.5904,,890067.5355
"15-Jul-21",135.19,138.1,131.76,134.73,107324,11.79166,0.5852,988048,882670.6025
"16-Jul-21",135.96,137.2,134.11,134.76,74109,12.231621,0.5837,,912168.128
"19-Jul-21",133.19,137.12,132.1,135.81,61103,12.316801,0.5827,,911356.2695
"20-Jul-21",136.68,142.36,136.1,139.76,127640,12.245248,0.5863,,913070.193
"21-Jul-21",138.96,141.93,138.58,141.93,61713,12.10801,0.5866,,896111.371
"22-Jul-21",141.42,143.42,139.59,139.82,55587,12.418866,0.5857,,902786.652
"23-Jul-21",140.58,142.67,139.68,141.81,43098,12.447399,0.5857,,901253.1415
"26-Jul-21",142.45,142.45,138.24,138.38,93460,12.441116,0.5839,,1009883.8608
"27-Jul-21",138.08,139.15,133.36,134.4,91645,12.498237,0.5842,,1016800.1968
"28-Jul-21",135.43,139.81,135.315,139.45,41412,12.469303,0.5851,,1005931.6688
"29-Jul-21",139.53,144.45,139.53,143.05,71370,12.260356,0.5731,,990419.3152
"30-Jul-21",141.83,145.24,141.04,141.6,71652,12.241047,0.5743,982032,982514.9312
"02-Aug-21",143.01,144.71,140.6701,140.85,48558,12.497044,0.5655,,988739.6336
"03-Aug-21",140.37,144.44,137.11,138.56,62973,12.530123,0.5738,,984293.4176
"04-Aug-21",137.99,141.75,137.89,140.45,61679,12.648952,0.5732,,982811.3456
"05-Aug-21",140.62,142.7,139.675,140.93,50302,12.646999,0.5724,,970855.9648
"06-Aug-21",140.4,142.11,136.39,138.78,69917,12.554715,0.5704,,957813.7312
"09-Aug-21",138.25,139.745,136.42,136.9,78274,12.729147,0.5694,,959789.8272
"10-Aug-21",132,135,123.82,129.39,344706,12.375539,0.5693,,962784.1728
"11-Aug-21",129.46,133.86,128.33,133.17,111121,12.55928,0.5651,,963078.7824
"12-Aug-21",134.22,135.28,128.43,134.76,98178,13.357639,0.5673,,975157.776
"13-Aug-21",135.17,136.025,131.87,132.5,66073,13.605226,0.5673,976968,966417.6912
"16-Aug-21",131.34,132.97,128.39,132.29,101449,13.702976,0.5673,,957186.5904
"17-Aug-21",131.71,133.82,126.46,126.59,202476,13.52156,0.5641,,958561.4352
"18-Aug-21",127.29,127.92,124.56,124.97,115170,13.35136,0.5612,,953749.4784
"19-Aug-21",124.58,126.43,123.5,124.22,103499,13.602387,0.5741,,970640.4288
"20-Aug-21",125.15,126.77,124.6,125.19,213670,14.547474,0.5687,,1054505.9616
"23-Aug-21",125.26,127.2,123.69,126.07,234404,14.680065,0.5637,,1047631.7376
"24-Aug-21",126.78,127.62,124.72,124.98,256119,13.944961,0.563,,1028063.4264
"25-Aug-21",124.63,125.075,122.655,124.01,123523,13.100085,0.5621,,973841.7024
"26-Aug-21",123.9,124.5,122.03,122.03,109020,12.65939,0.5581,,935056.0728
"27-Aug-21",121.84,123.785,121.07,122.35,142612,12.314122,0.5574,,916005.1968
"30-Aug-21",122.24,123.35,119.15,120.24,139985,11.764002,0.5584,,887086.944
"31-Aug-21",119.94,120.04,117.33,118.1,197486,11.362705,0.5567,1024304,867352.1904
"01-Sep-21",118.78,122.9,118.727,122.08,226939,11.476503,0.5586,,889724.7576
"02-Sep-21",122.4,124.58,121.46,121.68,94167,11.036735,0.5639,,856117.0584
"03-Sep-21",121.27,123.63,120.41,123.6,73118,10.834895,0.5627,,840192.48
"06-Sep-21",,,,,,10.682332,0.5627,,839997.0864
"07-Sep-21",123.77,123.91,121.19,121.33,76636,10.535058,0.5636,,824170.2048
"08-Sep-21",121.42,123.37,119.25,123.33,78339,10.411602,0.5638,,814498.2216
"09-Sep-21",123.64,127.64,123.41,126.69,113451,10.275633,0.5615,,807464.052
"10-Sep-21",126.42,127.91,122.12,122.22,70083,10.316183,0.5601,,956597.5056
"13-Sep-21",122,125.59,120.464,124.44,93658,9.891269,0.5629,,925970.816
"14-Sep-21",124.33,124.88,121.79,122.01,68927,9.962272,0.5614,,926790.2592
"15-Sep-21",121.99,122.2,118.7,120.78,112527,9.564558,0.563,987879,888378.8592
"16-Sep-21",119.54,124.28,119.54,123.8,91752,9.557693,0.5635,,876906.6544
"17-Sep-21",124.9,126.62,121.31,122.82,271237,8.74572,0.5542,,823642.8464
"20-Sep-21",119.96,123.57,117.685,119.86,85168,9.13433,0.5543,,834398.0384
"21-Sep-21",121.62,122.57,118.88,120.06,75549,10.04173,0.5628,,912552.4336
"22-Sep-21",120.2,122.86,119.03,119.04,143746,9.938297,0.5625,,902002.1024
"23-Sep-21",120.3,122.85,117.39,122.59,88810,10.271272,0.5659,,931911.7792
"24-Sep-21",121.86,125.08,121.1,124.21,82712,10.114565,0.565,,1019491.128
"27-Sep-21",123.54,123.82,120.59,122.99,69979,10.709916,0.5622,,1039742.6475
"28-Sep-21",121.72,121.72,117.9,118.3,51876,10.879221,0.5615,,1047744.4674
"29-Sep-21",118.47,121.47,117.42,120.56,83346,11.004305,0.5621,,1055449.9236
"30-Sep-21",121.4,122.51,119.98,120.4,79907,10.969129,0.5617,931722,1051004.4681
"01-Oct-21",120.2,125.88,118.59,125.87,117764,11.241057,0.5738,,1084098.4146
"04-Oct-21",125.76,125.76,121.17,123.62,111588,11.190792,0.5549,,1088543.8701
"05-Oct-21",124.25,127.89,124.25,127.34,110775,11.191267,0.5568,,1089037.8096
"06-Oct-21",126.34,129.59,124.37,126.85,83656,11.442656,0.5567,,1109684.4807
"07-Oct-21",128.29,132.03,127.105,127.85,105591,11.883955,0.5587,,1145742.0642
"08-Oct-21",128.15,131.17,127.5,128.62,127841,11.679247,0.5615,,1126280.8479
"11-Oct-21",127.76,131.32,125.23,125.38,64108,11.696426,0.562,,1000017.2226
"12-Oct-21",126.5,129.795,124.22,124.82,85608,11.788527,0.5602,,1004862.177
"13-Oct-21",125.41,126.87,125.365,126.17,69792,11.547566,0.5698,,980264.7162
"14-Oct-21",127.77,130.66,127.215,130.15,51339,11.04666,0.5689,,933864.9606
"15-Oct-21",131.54,131.54,129,129.52,67727,11.090791,0.5718,930844,932653.722
"18-Oct-21",128.63,132.07,126.93,131.75,80720,11.003725,0.5699,,925945.3236
"19-Oct-21",132.46,133.51,130.99,131.51,51440,11.000974,0.5719,,918491.5476
"20-Oct-21",131.87,132.1,129.64,131.13,35745,10.982993,0.574,,913646.5932
"21-Oct-21",130.18,133.97,128.99,133.58,58176,10.978684,0.576,,904049.8566
"22-Oct-21",133.58,135.19,132.41,132.96,45804,11.009989,0.5711,,904515.7176
"25-Oct-21",133.15,134.24,131.96,132.42,53934,11.210736,0.5715,,929020.0062
"26-Oct-21",133.59,133.82,131.25,132.17,57332,11.139178,0.5681,,915112.7364
"27-Oct-21",132.01,132.89,129.32,129.76,67827,11.149371,0.5642,,912506.3732
"28-Oct-21",130.05,133.24,130.05,133.05,57534,11.136196,0.5601,,906828.2248
"29-Oct-21",132.35,133.93,130.63,131.69,74841,10.89563,0.5626,,891655.4676
"01-Nov-21",132.4,136.96,131.7,136.35,89012,10.916076,0.56,,899846.8948
"02-Nov-21",136.18,136.35,132.09,132.27,90687,10.931968,0.5643,,899474.5572
"03-Nov-21",132.11,136.07,130.65,134.63,91360
"19-Nov-21",,,,,,,,,,,0