"Date","open BANC Price in USD","high BANC Price in USD","low BANC Price in USD","close BANC Price in USD","BANC Volume","Days to cover 3m (on loan)","Exchange Reported SI","Dividends","hidden"
"07-Dec-11",,,,,,,,
"14-Dec-11",,,,,,,,
"03-Jan-12",,,,,,,,
"01-Mar-12",,,,,,,,
"08-Mar-12",,,,,,,,
"02-Apr-12",,,,,,,,
"04-Jun-12",,,,,,,,
"13-Jun-12",,,,,,,,
"02-Jul-12",,,,,,,,
"03-Sep-12",,,,,,,,
"12-Sep-12",,,,,,,,
"01-Oct-12",,,,,,,,
"03-Dec-12",,,,,,,,
"12-Dec-12",,,,,,,,
"31-Dec-12",,,,,,,,
"05-Mar-13",,,,,,,,
"14-Mar-13",,,,,,,,
"01-Apr-13",,,,,,,,
"04-Jun-13",,,,,,,,
"13-Jun-13",,,,,,,,
"01-Jul-13",,,,,,,,
"05-Sep-13",,,,,,,,
"12-Sep-13",,,,,,,,
"01-Oct-13",,,,,,,,
"10-Dec-13",,,,,,,,
"18-Dec-13",,,,,,,,
"02-Jan-14",,,,,,,,
"03-Mar-14",,,,,,,,
"12-Mar-14",,,,,,,,
"01-Apr-14",,,,,,,,
"02-Jun-14",,,,,,,,
"11-Jun-14",,,,,,,,
"01-Jul-14",,,,,,,,
"02-Sep-14",,,,,,,,
"10-Sep-14",,,,,,,,
"01-Oct-14",,,,,,,,
"03-Dec-14",,,,,,,,
"11-Dec-14",,,,,,,,
"02-Jan-15",11.53,11.57,11.3,11.46,71489,,,
"05-Jan-15",11.42,11.44,11.13,11.32,142331
"06-Jan-15",11.32,11.33,10.92,11.11,140518
"07-Jan-15",11.11,11.19,11,11.14,137620
"08-Jan-15",11.24,11.42,11.09,11.24,74009
"09-Jan-15",11.2,11.2599,10.83,10.84,63642
"12-Jan-15",10.79,10.898,10.64,10.69,84200
"13-Jan-15",10.58,10.83,10.41,10.5,203934
"14-Jan-15",10.42,10.58,10.37,10.56,118637
"15-Jan-15",10.54,10.54,10.347,10.4,134103
"16-Jan-15",10.35,10.54,10.23,10.36,146440
"20-Jan-15",10.33,10.4,10.18,10.32,124021
"21-Jan-15",10.26,10.4099,10.2,10.3,71469
"22-Jan-15",10.34,10.65,10.25,10.55,192075
"23-Jan-15",10.56,10.656,10.37,10.41,60787
"26-Jan-15",10.37,10.58,10.2601,10.55,116815
"27-Jan-15",10.48,10.64,10.4,10.59,77582
"28-Jan-15",10.63,10.666,10.4,10.43,93014
"29-Jan-15",10.546,10.62,10.33,10.62,71618
"30-Jan-15",10.5,10.62,10.23,10.25,154078
"02-Feb-15",10.29,10.71,10.2701,10.56,107789
"03-Feb-15",10.62,10.92,10.62,10.82,116141
"04-Feb-15",10.76,10.85,10.67,10.71,65658
"05-Feb-15",10.81,10.83,10.69,10.8,73642
"06-Feb-15",10.85,10.99,10.71,10.72,229589
"09-Feb-15",10.71,10.99,10.71,10.82,76022
"10-Feb-15",10.9,10.9799,10.66,10.74,92906
"11-Feb-15",10.75,10.89,10.65,10.8,64174
"12-Feb-15",10.82,11.31,10.82,11.31,159660
"13-Feb-15",11.27,11.305,11.16,11.18,54942
"17-Feb-15",11.2,11.27,11.19,11.22,52708
"18-Feb-15",11.23,11.23,11.1,11.14,36924
"19-Feb-15",11.14,11.35,11.095,11.29,121167
"20-Feb-15",11.3,11.3,11.03,11.09,50357
"23-Feb-15",11.07,11.08,10.83,10.88,65516
"24-Feb-15",10.91,11.25,10.9,11.04,44177
"25-Feb-15",10.98,11.2,10.98,11.14,77059
"26-Feb-15",11.1,11.22,11.015,11.1,63082
"27-Feb-15",11.06,11.07,10.92,10.92,81499
"02-Mar-15",10.89,11.03,10.89,10.96,79029
"03-Mar-15",10.9,11.13,10.9,11.08,327474,,,
"04-Mar-15",11.06,11.19,10.97,11.16,95851
"05-Mar-15",11.18,11.28,11.1,11.19,105271
"06-Mar-15",11.33,11.68,11.24,11.55,307398
"09-Mar-15",11.51,11.86,11.5006,11.74,274468
"10-Mar-15",11.72,11.93,11.7113,11.77,174610
"11-Mar-15",11.41,11.77,11.34,11.66,135852,,,
"12-Mar-15",11.89,12.1,11.812,12.06,291715
"13-Mar-15",12.09,12.09,11.8,11.93,132369
"16-Mar-15",11.99,11.99,11.77,11.83,138388
"17-Mar-15",11.75,11.91,11.75,11.84,184341
"18-Mar-15",11.83,11.884,11.72,11.83,124891
"19-Mar-15",11.78,11.95,11.77,11.82,172742
"20-Mar-15",11.88,11.99,11.62,11.92,181423
"23-Mar-15",11.92,12.06,11.92,11.99,147857
"24-Mar-15",11.97,12.14,11.9,12.12,157171
"25-Mar-15",12.17,12.19,11.97,11.99,65610
"26-Mar-15",11.91,12.08,11.9,12.05,51601
"27-Mar-15",12.05,12.16,11.9701,12.03,91240
"30-Mar-15",12.03,12.25,12.03,12.22,140757
"31-Mar-15",12.25,12.36,12.15,12.31,140733
"01-Apr-15",12.33,12.35,12.17,12.27,182177,,,
"02-Apr-15",12.13,12.41,12.08,12.3,202695
"06-Apr-15",12.21,12.36,12.15,12.29,143240
"07-Apr-15",12.22,12.38,12.2001,12.26,163388
"08-Apr-15",12.24,12.37,12.23,12.27,74503
"09-Apr-15",12.23,12.3,12.04,12.24,42596
"10-Apr-15",12.23,12.31,12.17,12.19,48619
"13-Apr-15",12.14,12.25,12.1301,12.25,88168
"14-Apr-15",12.26,12.35,12.0651,12.3,46069
"15-Apr-15",12.32,12.64,12.32,12.55,97392
"16-Apr-15",12.5,12.59,12.43,12.53,77547
"17-Apr-15",12.44,12.55,12.25,12.33,78261
"20-Apr-15",12.35,12.7,12.35,12.69,83275
"21-Apr-15",12.71,12.85,12.63,12.74,95585
"22-Apr-15",12.75,12.75,12.59,12.68,158094
"23-Apr-15",12.63,12.67,12.5,12.53,71282
"24-Apr-15",12.51,12.59,12.4898,12.49,67065
"27-Apr-15",12.55,12.69,12.38,12.54,81192
"28-Apr-15",12.57,12.69,12.54,12.63,105802
"29-Apr-15",12.61,12.75,12.5955,12.7,78060
"30-Apr-15",12.68,12.74,12.35,12.4,164536
"01-May-15",12.55,12.591,12.33,12.56,156809
"04-May-15",12.61,12.89,12.58,12.8,92227
"05-May-15",12.72,12.86,12.58,12.76,103467
"06-May-15",12.88,12.89,12.74,12.87,161675
"07-May-15",12.89,12.92,12.84,12.92,101768
"08-May-15",12.99,13.07,12.852,12.97,173777
"11-May-15",13,13.16,13,13.11,206789
"12-May-15",13.01,13.11,12.8,13.02,100878
"13-May-15",13.07,13.2,12.98,13.19,196777
"14-May-15",13.26,13.33,13.2175,13.29,181921
"15-May-15",13.31,13.35,13.2,13.3,83232
"18-May-15",13.3,13.37,13.204,13.32,177757
"19-May-15",13.3,13.33,13.25,13.25,183830
"20-May-15",13.3,13.3,13.06,13.2,106153
"21-May-15",13.26,13.4,13.2,13.34,130312
"22-May-15",13.25,13.6,13.25,13.53,224692
"26-May-15",13.53,13.53,13.36,13.38,105122
"27-May-15",13.46,13.53,13.28,13.49,205153
"28-May-15",13.26,13.31,13.04,13.22,198203
"29-May-15",13.2,13.21,12.93,12.97,456280
"01-Jun-15",13.26,13.26,12.79,12.89,284277
"02-Jun-15",12.8,13.235,12.772,13.23,235610,,,
"03-Jun-15",13.3,13.48,13.21,13.46,396362
"04-Jun-15",13.44,13.6155,13.4,13.56,278399
"05-Jun-15",13.65,13.77,13.55,13.71,197667
"08-Jun-15",13.7,13.849,13.63,13.79,204751
"09-Jun-15",13.81,13.82,13.59,13.7,189142
"10-Jun-15",13.76,13.85,13.71,13.81,443340
"11-Jun-15",13.77,13.83,13.65,13.68,180481,,,
"12-Jun-15",13.44,13.7,13.43,13.65,199347
"15-Jun-15",13.58,13.74,13.43,13.57,149797
"16-Jun-15",13.52,13.64,13.5,13.63,194610
"17-Jun-15",13.72,13.72,13.46,13.51,191850
"18-Jun-15",13.51,13.6,13.42,13.5,208789
"19-Jun-15",13.44,13.84,13.44,13.79,495699
"22-Jun-15",13.8,13.95,13.8,13.93,332652
"23-Jun-15",13.93,14.03,13.93,14,307438
"24-Jun-15",14.07,14.12,14.02,14.05,416979
"25-Jun-15",14.15,14.24,14.05,14.2,751411
"26-Jun-15",14.2,14.25,13.99,14.04,1345704
"29-Jun-15",14,14.0404,13.71,13.81,249078
"30-Jun-15",13.95,14.05,13.71,13.75,300851
"01-Jul-15",13.89,13.95,13.79,13.79,643400,,,
"02-Jul-15",13.88,13.88,13.7,13.83,199297
"06-Jul-15",13.78,13.88,13.7,13.88,219576
"07-Jul-15",13.87,13.87,13.6001,13.8,488584
"08-Jul-15",13.71,13.83,13.58,13.76,680958
"09-Jul-15",13.97,14,13.87,13.92,622244
"10-Jul-15",14.04,14.068,13.895,13.91,488630
"13-Jul-15",13.9,13.96,13.88,13.89,380768
"14-Jul-15",13.96,13.96,13.8,13.88,396365
"15-Jul-15",13.94,13.95,13.86,13.9,321652
"16-Jul-15",13.92,13.97,13.83,13.97,425271
"17-Jul-15",13.95,13.96,13.8,13.89,176102
"20-Jul-15",13.93,13.96,13.8,13.96,339440
"21-Jul-15",13.92,14.08,13.77,13.78,169749
"22-Jul-15",13.76,14.13,13.76,14.08,199122
"23-Jul-15",14.15,14.15,13.78,13.81,264437
"24-Jul-15",13.76,13.83,13.6,13.61,120273
"27-Jul-15",13.6,13.6,13.395,13.42,152516
"28-Jul-15",13.45,13.4525,13.15,13.16,237005
"29-Jul-15",13.19,13.42,13.12,13.4,123531
"30-Jul-15",13,13.2,12.37,12.6,454387
"31-Jul-15",12.5,12.51,12.03,12.13,509811
"03-Aug-15",12.18,12.2,11.73,11.78,520370
"04-Aug-15",11.78,12.06,11.78,12.03,365814
"05-Aug-15",12,12.2,11.9,11.92,192811
"06-Aug-15",11.95,12.1,11.9,11.9,109047
"07-Aug-15",11.81,11.93,11.71,11.9,201706
"10-Aug-15",11.9,12.22,11.9,12.21,180538
"11-Aug-15",12.11,12.23,12.0249,12.23,328694
"12-Aug-15",12.19,12.44,11.93,12.38,263575
"13-Aug-15",12.36,12.52,12.19,12.4,232206
"14-Aug-15",12.39,12.56,12.32,12.56,144500
"17-Aug-15",12.51,12.73,12.38,12.73,165047
"18-Aug-15",12.76,12.76,12.56,12.65,169096
"19-Aug-15",12.63,12.69,12.46,12.6,256238
"20-Aug-15",12.55,12.55,12.39,12.41,436124
"21-Aug-15",12.23,12.38,12.17,12.32,363684
"24-Aug-15",11.82,12.23,11.78,11.91,340649
"25-Aug-15",12.3,12.33,11.945,11.96,441035
"26-Aug-15",12.19,12.4,12.04,12.32,413317
"27-Aug-15",12.38,12.525,12.23,12.3,191378
"28-Aug-15",12.24,12.42,12.2,12.31,115586
"31-Aug-15",12.27,12.41,12.225,12.39,166504
"01-Sep-15",12.2,12.31,12.01,12.02,208841
"02-Sep-15",12.16,12.25,12.06,12.25,250766,,,
"03-Sep-15",12.3,12.4,12.23,12.32,146048
"04-Sep-15",12.2,12.35,12.17,12.35,109608
"08-Sep-15",12.47,12.53,12.4,12.44,186832
"09-Sep-15",12.54,12.54,12.3,12.33,211515
"10-Sep-15",12.26,12.47,12.1846,12.45,164683,,,
"11-Sep-15",12.37,12.56,12.34,12.54,113239
"14-Sep-15",12.54,12.685,12.49,12.58,174096
"15-Sep-15",12.59,12.7,12.554,12.67,103994
"16-Sep-15",12.65,12.676,12.53,12.61,76806
"17-Sep-15",12.63,12.6799,12.375,12.5,172340
"18-Sep-15",12.33,12.56,12.215,12.51,227446
"21-Sep-15",12.55,12.69,12.4,12.47,104175
"22-Sep-15",12.38,12.49,12.32,12.39,89120
"23-Sep-15",12.39,12.515,12.26,12.36,140546
"24-Sep-15",12.29,12.54,12.28,12.46,92144
"25-Sep-15",12.59,12.69,12.37,12.37,151074
"28-Sep-15",12.37,12.49,12.28,12.34,119389
"29-Sep-15",12.42,12.49,12.2501,12.35,702891
"30-Sep-15",12.45,12.49,12.09,12.27,215389
"01-Oct-15",12.25,12.35,12.04,12.31,151586,,,
"02-Oct-15",12.18,12.35,11.88,12.12,154229
"05-Oct-15",12.19,12.38,12.15,12.29,132089
"06-Oct-15",12.33,12.36,12.21,12.23,120281
"07-Oct-15",12.25,12.38,12.22,12.36,154349
"08-Oct-15",12.33,12.47,12.26,12.42,240436
"09-Oct-15",12.49,12.51,12.38,12.44,172357
"12-Oct-15",12.48,12.61,12.42,12.45,217575
"13-Oct-15",12.37,12.62,12.37,12.47,67717
"14-Oct-15",12.51,12.54,12.08,12.13,152455
"15-Oct-15",12.16,12.38,12,12.36,135637
"16-Oct-15",12.38,12.42,12.2001,12.32,112040
"19-Oct-15",12.29,12.38,12.17,12.21,116370
"20-Oct-15",12.23,12.46,12.1777,12.39,189582
"21-Oct-15",12.41,12.44,12.105,12.14,103135
"22-Oct-15",12.17,12.36,12.15,12.3,101251
"23-Oct-15",12.36,12.53,12.258,12.48,157324
"26-Oct-15",12.47,12.56,12.31,12.42,85290
"27-Oct-15",12.33,12.52,12.33,12.47,120148
"28-Oct-15",12.46,12.89,12.46,12.85,339003
"29-Oct-15",12.85,12.96,12.56,12.72,216743
"30-Oct-15",12.65,13.13,12.6,13.04,621343
"02-Nov-15",13.06,13.8,12.91,13.6,619634
"03-Nov-15",13.62,13.62,13.3427,13.49,273213
"04-Nov-15",13.52,13.8,13.44,13.78,268867
"05-Nov-15",13.78,13.96,13.74,13.93,124039
"06-Nov-15",13.95,14.7199,13.94,14.69,437999
"09-Nov-15",14.41,14.5299,13.84,14.02,484249
"10-Nov-15",14.04,14.55,13.95,14.45,329182
"11-Nov-15",14.57,14.65,14.26,14.28,148000
"12-Nov-15",14.25,14.29,14.08,14.17,163345
"13-Nov-15",14.11,14.42,14.11,14.24,143295
"16-Nov-15",14.2,14.43,14.06,14.39,227712
"17-Nov-15",14.43,14.66,14.35,14.38,242679
"18-Nov-15",14.38,14.74,14.34,14.73,162376
"19-Nov-15",14.69,14.75,14.52,14.63,185462
"20-Nov-15",14.71,14.86,14.59,14.71,175005
"23-Nov-15",14.64,14.87,14.64,14.69,122760
"24-Nov-15",14.5,14.87,14.5,14.84,198967
"25-Nov-15",14.86,15.14,14.79,15.09,132040
"27-Nov-15",15.07,15.31,14.987,15.23,82433
"30-Nov-15",15.25,15.25,14.99,15.02,171995,,,
"01-Dec-15",15.05,15.379,14.86,15.14,178829
"02-Dec-15",15.18,15.2,14.9,15.03,203503
"03-Dec-15",15.09,15.2,14.64,14.74,239172
"04-Dec-15",14.75,15.07,14.64,15.02,203268
"07-Dec-15",15,15,14.51,14.56,216033
"08-Dec-15",14.51,14.6,14.33,14.42,184710
"09-Dec-15",14.4,14.5,14.1,14.17,197684
"10-Dec-15",14.16,14.39,14.09,14.26,167161
"11-Dec-15",13.89,14.2,13.89,13.99,195782,,,
"14-Dec-15",14.01,14.19,13.88,13.96,168896
"15-Dec-15",14.05,14.29,14.025,14.28,208007
"16-Dec-15",14.31,14.62,14.2,14.57,166073
"17-Dec-15",14.62,14.7397,14.52,14.59,149819
"18-Dec-15",14.5,14.82,14.43,14.77,357487
"21-Dec-15",14.85,14.9,14.616,14.73,153849
"22-Dec-15",14.75,15.075,14.59,15.07,224861
"23-Dec-15",15.08,15.18,14.815,14.87,241103
"24-Dec-15",14.83,14.87,14.65,14.72,60046
"28-Dec-15",14.64,14.87,14.56,14.82,117365
"29-Dec-15",14.9,15.08,14.85,15.07,164460
"30-Dec-15",15.01,15.19,14.86,14.97,89375
"31-Dec-15",14.94,14.94,14.62,14.62,124204
"04-Jan-16",14.41,14.6,14.21,14.56,251772,,,
"05-Jan-16",14.56,14.97,14.49,14.95,194662
"06-Jan-16",14.78,15.11,14.71,15.07,327929
"07-Jan-16",14.82,15.05,14.34,14.34,395550
"08-Jan-16",14.48,14.57,14.07,14.09,323746
"11-Jan-16",14.1,14.4661,14.09,14.31,329493
"12-Jan-16",14.39,14.41,14.135,14.32,324806
"13-Jan-16",14.39,14.5,13.77,13.81,284222
"14-Jan-16",13.84,14.05,13.6496,13.67,171453
"15-Jan-16",13.34,13.64,13.253,13.48,251553
"19-Jan-16",13.62,13.66,13.15,13.24,275013
"20-Jan-16",13.08,13.74,12.89,13.67,366682
"21-Jan-16",13.67,13.76,13.12,13.42,191926
"22-Jan-16",13.62,14.03,13.28,13.9,337017
"25-Jan-16",13.9,13.9,13.63,13.67,237741
"26-Jan-16",13.64,13.9,13.622,13.81,122977
"27-Jan-16",13.73,13.94,13.59,13.82,255845
"28-Jan-16",15,15.98,14.58,14.73,899581
"29-Jan-16",15.04,15.13,14.72,15.1,656247
"01-Feb-16",15.04,15.3,14.8048,15.08,529760
"02-Feb-16",14.97,15.34,14.86,15.34,444370
"03-Feb-16",15.46,15.46,14.9,15.34,356062
"04-Feb-16",15.29,15.4,14.735,14.81,404559
"05-Feb-16",14.83,15.131,14.68,14.97,428092
"08-Feb-16",14.87,15,14.58,14.76,329815
"09-Feb-16",14.7,15,14.4,14.43,318520
"10-Feb-16",14.56,14.94,14.499,14.59,200297
"11-Feb-16",14.36,14.63,13.83,14.5,345442
"12-Feb-16",14.62,15.12,14.62,14.84,343544
"16-Feb-16",14.99,15.12,14.63,15.07,284532
"17-Feb-16",15.14,15.33,15,15,233116
"18-Feb-16",15,15.24,14.91,15.13,332945
"19-Feb-16",15.11,15.345,15.11,15.15,234971
"22-Feb-16",15.31,15.34,14.86,14.87,269528
"23-Feb-16",14.88,15.16,14.8,15.07,237037
"24-Feb-16",14.87,15.11,14.81,15.07,165487
"25-Feb-16",15.1,15.45,15.1,15.38,264451
"26-Feb-16",15.47,15.72,15.37,15.57,301966
"29-Feb-16",15.56,15.74,15.33,15.33,463825
"01-Mar-16",15.45,15.96,15.45,15.92,539686,,,
"02-Mar-16",15.9,16.07,15.7,15.77,419149
"03-Mar-16",14.46,15,14.44,14.83,6224907
"04-Mar-16",14.98,15.1,14.74,15.03,1028687
"07-Mar-16",15,15.57,14.93,15.45,705843
"08-Mar-16",15.41,15.5,15.12,15.12,507751
"09-Mar-16",15.18,15.55,15.18,15.4,677207
"10-Mar-16",15.47,15.68,15.26,15.41,567050
"11-Mar-16",15.4,16.22,15.17,16.04,1087153,,,
"14-Mar-16",16.01,16.1699,15.88,16,334120
"15-Mar-16",15.9,16.11,15.69,15.7,318438
"16-Mar-16",15.68,16,15.64,15.77,376813
"17-Mar-16",15.74,16.1,15.51,16.1,391316
"18-Mar-16",16.17,16.29,16,16.25,727306
"21-Mar-16",16.22,16.47,16.06,16.36,334870
"22-Mar-16",16.25,16.49,16.17,16.45,548752
"23-Mar-16",16.36,16.439,16.09,16.2,262653
"24-Mar-16",16.07,16.21,15.77,16.1,278864
"28-Mar-16",16.57,16.92,16.57,16.89,2609845
"29-Mar-16",16.82,16.94,16.56,16.88,6096192
"30-Mar-16",16.82,17.15,16.82,17.11,794013
"31-Mar-16",17.11,17.62,17.05,17.5,1302162
"01-Apr-16",17.37,17.81,17.26,17.57,718231,,,
"04-Apr-16",17.614,17.79,17.44,17.68,665659
"05-Apr-16",17.58,17.69,17.43,17.52,519224
"06-Apr-16",17.51,17.59,17.22,17.35,500094
"07-Apr-16",17.3,17.37,17.05,17.15,394479
"08-Apr-16",17.27,17.41,17.1297,17.31,237096
"11-Apr-16",17.49,17.626,17.16,17.27,759582
"12-Apr-16",17.33,17.84,17.33,17.78,634065
"13-Apr-16",17.84,18.14,17.8301,18.08,544260
"14-Apr-16",18.06,18.49,18.05,18.29,325278
"15-Apr-16",18.3,18.39,18.25,18.35,203955
"18-Apr-16",18.32,18.84,18.26,18.8,438263
"19-Apr-16",18.86,19.2,18.78,19.16,617828
"20-Apr-16",19.16,19.53,19.03,19.37,605113
"21-Apr-16",19.38,19.5799,18.41,18.95,1049022
"22-Apr-16",19.32,20.04,19.01,19.96,810735
"25-Apr-16",19.97,20.06,19.693,19.92,535233
"26-Apr-16",19.97,20.6,19.81,20.57,508927
"27-Apr-16",20.51,20.64,20.22,20.46,517844
"28-Apr-16",20.32,20.47,20.11,20.15,428049
"29-Apr-16",20.11,20.37,20.01,20.35,509724
"02-May-16",20.5,20.6,20.28,20.51,440159
"03-May-16",20.3,20.4,19.87,19.87,292741
"04-May-16",20.34,20.57,19.91,20.51,602843
"05-May-16",20.61,20.85,20.46,20.76,730245
"06-May-16",19.46,19.54,18.872,19.3,4254281
"09-May-16",19.38,19.48,19.24,19.33,633244
"10-May-16",19.34,19.53,19.3,19.43,751754
"11-May-16",19.45,19.52,19.35,19.42,432853
"12-May-16",19.43,19.47,19.05,19.27,574158
"13-May-16",19.23,19.43,18.751,18.87,536521
"16-May-16",18.95,19.05,18.76,18.96,765671
"17-May-16",18.97,19.045,18.305,18.39,1075408
"18-May-16",18.42,19.2,18.42,19.15,1051100,,,
"19-May-16",19,19.07,18.62,18.96,652544
"20-May-16",18.99,19.02,18.81,18.99,1246074
"23-May-16",19.11,19.12,18.84,18.95,548649
"24-May-16",19.1,19.61,18.9927,19.56,948230
"25-May-16",19.75,20.051,19.625,19.98,977015
"26-May-16",19.96,20.28,19.9,20.11,631977
"27-May-16",20.06,20.13,19.86,19.94,290955
"31-May-16",19.94,20.1,19.82,20.06,1059813
"01-Jun-16",19.92,20.49,19.87,20.17,489025
"02-Jun-16",20.09,20.19,19.81,20.19,476053
"03-Jun-16",19.94,20.04,19.6101,19.98,335681
"06-Jun-16",20.08,20.47,19.97,20.45,680805
"07-Jun-16",20.46,20.63,20.38,20.52,498142
"08-Jun-16",20.5,20.6569,20.39,20.5,329178
"09-Jun-16",20.49,20.5,20.09,20.12,324855
"10-Jun-16",19.98,20.01,19.73,19.9,265382
"13-Jun-16",19.67,19.875,19.435,19.5,343346,,,
"14-Jun-16",19.43,19.58,19.02,19.12,545730
"15-Jun-16",19.22,19.5,19.05,19.37,538479
"16-Jun-16",19.21,19.33,19.045,19.13,467115
"17-Jun-16",19.14,19.4,19.09,19.27,1711382
"20-Jun-16",19.5,19.71,19.25,19.27,487994
"21-Jun-16",19.4,19.41,19.07,19.32,394781
"22-Jun-16",19.26,19.54,19.18,19.25,255435
"23-Jun-16",19.55,19.81,19.45,19.6,340583
"24-Jun-16",18.76,19.15,18.52,18.77,1673902
"27-Jun-16",18.51,18.58,17.63,17.77,788058
"28-Jun-16",18.07,18.1123,17.37,17.95,1093684
"29-Jun-16",18.15,18.25,17.99,18.1,508413
"30-Jun-16",18.13,18.25,17.88,18.1,485467
"01-Jul-16",17.86,18.12,17.455,17.71,428627,,,
"05-Jul-16",17.66,17.66,17.3,17.47,503070
"06-Jul-16",17.32,18.01,17.3,17.84,358599
"07-Jul-16",17.88,18.265,17.88,18.25,461787
"08-Jul-16",18.34,18.64,18.34,18.41,281639
"11-Jul-16",18.48,18.82,18.46,18.75,238218
"12-Jul-16",18.96,19.08,18.78,18.99,252894
"13-Jul-16",19.07,19.13,18.8,19.09,319546
"14-Jul-16",19.39,19.98,19.2101,19.78,545345
"15-Jul-16",19.88,19.92,19.73,19.82,545827
"18-Jul-16",19.76,19.96,19.68,19.8,302570
"19-Jul-16",19.8,20,19.72,19.86,359896
"20-Jul-16",19.88,19.95,19.6383,19.86,301032
"21-Jul-16",19.86,19.94,19.53,19.69,483158
"22-Jul-16",19.82,20.929,19.82,20.83,753643
"25-Jul-16",20.84,22.155,20.81,21.91,940089
"26-Jul-16",21.91,22.29,21.8202,22.19,541823
"27-Jul-16",22.28,22.5,22.21,22.32,480333
"28-Jul-16",22.25,22.44,22.11,22.34,376048
"29-Jul-16",22.34,22.499,22.09,22.18,409135
"01-Aug-16",22.09,22.12,21.76,21.81,273640
"02-Aug-16",21.74,21.91,21.38,21.45,239579
"03-Aug-16",21.43,21.87,21.36,21.76,410530
"04-Aug-16",21.41,22.02,21.2208,21.85,429578
"05-Aug-16",21.93,22.99,21.85,22.98,763654
"08-Aug-16",22.96,23.15,22.76,23.12,442378
"09-Aug-16",23.18,23.235,22.8,22.86,510502
"10-Aug-16",22.8,22.88,22.365,22.38,239746
"11-Aug-16",22.49,23,22.49,22.68,350234
"12-Aug-16",22.51,22.69,22.43,22.68,144476
"15-Aug-16",22.78,23.13,22.78,23.06,219690
"16-Aug-16",22.94,23.14,22.64,22.67,405511,,,
"17-Aug-16",22.42,22.565,21.65,21.66,904883
"18-Aug-16",21.49,21.9,21.4,21.89,395710
"19-Aug-16",21.88,22.1,21.8,21.93,331976
"22-Aug-16",21.9,22.11,21.8,22.09,274982
"23-Aug-16",22.16,22.39,22.12,22.31,241481
"24-Aug-16",22.31,22.5,21.88,21.95,347027
"25-Aug-16",21.94,22.1,21.78,21.83,216936
"26-Aug-16",21.83,22.06,21.71,21.98,343537
"29-Aug-16",22.08,22.29,21.95,22,267620
"30-Aug-16",22,22.23,21.99,22.22,238779
"31-Aug-16",22.28,22.3799,21.88,22.32,288815
"01-Sep-16",22.2,22.43,21.94,22.25,233592
"02-Sep-16",22.34,22.465,22.24,22.45,198516
"06-Sep-16",22.45,22.75,22.31,22.52,486833
"07-Sep-16",22.81,22.81,22.201,22.26,481545
"08-Sep-16",22.18,22.36,21.88,22.02,518345
"09-Sep-16",21.88,22.28,21.82,21.92,524710
"12-Sep-16",21.85,21.85,21.39,21.46,506303
"13-Sep-16",21.24,21.41,20.54,21.24,998770,,,
"14-Sep-16",21.15,21.34,20.72,20.74,543171
"15-Sep-16",20.78,21.06,20.63,20.65,619057
"16-Sep-16",20.53,20.7,20.03,20.39,1150173
"19-Sep-16",20.5,20.87,20.41,20.51,560241
"20-Sep-16",20.53,20.64,19.88,19.89,714567
"21-Sep-16",19.65,19.85,18.13,18.3,3264434
"22-Sep-16",18.45,18.519,17.88,18.41,2700065
"23-Sep-16",18.47,18.71,18.24,18.25,980249
"26-Sep-16",17.99,18.15,17.605,17.61,602370
"27-Sep-16",17.55,17.73,17.25,17.53,734994
"28-Sep-16",17.64,17.75,17.45,17.47,933901
"29-Sep-16",17.42,17.53,17.25,17.32,737923
"30-Sep-16",17.32,17.52,17.11,17.46,1215362
"03-Oct-16",17.5,17.54,17.29,17.45,681775,,,
"04-Oct-16",17.44,17.77,17.385,17.56,730463
"05-Oct-16",17.71,17.87,17.5,17.68,846899
"06-Oct-16",17.62,17.83,17.3,17.71,357667
"07-Oct-16",17.75,17.75,17.52,17.7,513981
"10-Oct-16",17.7,17.95,17.7,17.85,521575
"11-Oct-16",17.86,18.02,17.59,17.8,1052958
"12-Oct-16",17.78,17.89,17.44,17.44,456074
"13-Oct-16",17.28,17.28,16.33,16.61,1933395
"14-Oct-16",16.73,16.93,16.47,16.5,1285908
"17-Oct-16",16.42,16.67,15.86,15.87,1129659
"18-Oct-16",15.99,16.13,10.93,11.26,17249160
"19-Oct-16",13.35,13.8698,12.6,13.33,16540360
"20-Oct-16",14.03,14.35,13.27,13.65,9266995
"21-Oct-16",13.45,13.78,13.1,13.24,4347326
"24-Oct-16",13.28,13.4495,12.93,13.03,3146009
"25-Oct-16",13,13.34,12.94,12.98,2849344
"26-Oct-16",12.91,12.98,12.58,12.68,1899041
"27-Oct-16",12.68,12.7499,12.25,12.43,1813644
"28-Oct-16",12.5,12.82,12.41,12.68,2364016
"31-Oct-16",12.7,13.4,12.25,13.3,2378567
"01-Nov-16",13.3,13.35,12.9,13.15,1982139
"02-Nov-16",13.05,13.05,12.65,13,1300293
"03-Nov-16",13.05,13.25,12.7,12.7,1532644
"04-Nov-16",12.6,13.3,12.5,13,1226204
"07-Nov-16",13.15,13.45,13.025,13.4,1044526
"08-Nov-16",13.35,13.4,13,13.35,857281
"09-Nov-16",13.05,14.15,13,13.7,2195888
"10-Nov-16",13.95,14.375,13.75,13.85,2290442
"11-Nov-16",13.4,13.95,13.2,13.9,2538275
"14-Nov-16",13.65,14.5,13.65,14.45,2060395
"15-Nov-16",14.25,15,14.2,14.8,1875014
"16-Nov-16",14.8,15,14.6,14.8,1325104
"17-Nov-16",14.7,14.8316,13.95,14.2,1436606
"18-Nov-16",14.3,14.95,14.3,14.8,823240
"21-Nov-16",14.8,15.1,14.45,14.8,656441
"22-Nov-16",14.95,15.35,14.85,15.3,1853515
"23-Nov-16",15.4,15.6,15.05,15.55,797966
"25-Nov-16",15.6,15.6,15.2,15.4,431775
"28-Nov-16",15.4,15.7,15.25,15.35,1259424
"29-Nov-16",15.3,15.8,15.1,15.3,897650
"30-Nov-16",15.5,15.65,14.9,15.1,1006160
"01-Dec-16",15.15,15.45,14.65,14.85,956122
"02-Dec-16",14.85,15.1,14.75,14.85,833830
"05-Dec-16",14.95,15.65,14.95,15.35,1422073,,,
"06-Dec-16",15.4,16.05,15.225,16,1237123
"07-Dec-16",16.1,16.25,15.55,15.75,1128217
"08-Dec-16",15.9,16.475,15.75,16.35,1291898
"09-Dec-16",16.25,16.5,16.1,16.4,957927
"12-Dec-16",16.4,16.5,15.725,16,1244554
"13-Dec-16",15.95,16.4,15.9,16.1,847537,,,
"14-Dec-16",16.1,16.4,15.85,16.05,1298191
"15-Dec-16",16.05,16.375,15.9,16.25,921492
"16-Dec-16",16.35,16.75,16.15,16.65,5987562
"19-Dec-16",16.7,17.325,16.45,17.1,1527330
"20-Dec-16",17.15,17.8,17.05,17.75,1669180
"21-Dec-16",17.65,17.85,17.3,17.7,890553
"22-Dec-16",17.75,17.8,17.45,17.75,765069
"23-Dec-16",17.65,17.8,17.425,17.55,1126403
"27-Dec-16",17.6,17.75,17.25,17.55,696850
"28-Dec-16",17.5,17.75,17.25,17.4,782093
"29-Dec-16",17.45,17.475,17.1,17.3,556339
"30-Dec-16",17.3,17.45,17.15,17.35,422405
"03-Jan-17",17.6,17.8,17.075,17.25,763655,,,
"04-Jan-17",17.35,17.75,17.3,17.7,968033
"05-Jan-17",17.55,17.675,17.15,17.35,1034712
"06-Jan-17",17.45,17.55,17.15,17.35,681078
"09-Jan-17",17.25,17.4,17,17.3,612181
"10-Jan-17",17.25,17.45,16.9,17.25,924794
"11-Jan-17",17.25,17.25,16.725,17.05,1000616
"12-Jan-17",16.95,16.975,16.55,16.8,851688
"13-Jan-17",16.9,17.45,16.75,16.85,1121394
"17-Jan-17",16.7,16.7,16.05,16.1,910557
"18-Jan-17",16.1,16.325,15.85,16.3,891566
"19-Jan-17",16.25,16.4,15.9,16,714168
"20-Jan-17",16,16.55,15.975,16.15,892443
"23-Jan-17",14.575,15.65,14.4,14.65,6485380
"24-Jan-17",14.9,15.8,14.85,15.7,2975310
"25-Jan-17",15.85,16.05,14.8,14.95,3718281
"26-Jan-17",16.25,16.25,14.55,15.4,6641782
"27-Jan-17",15.25,15.25,14.8,14.8,2451534
"30-Jan-17",15.65,16.05,14.9,15.25,3255492
"31-Jan-17",15.25,16.15,15.25,15.8,2728923
"01-Feb-17",16,16.3,15.675,16,2166268
"02-Feb-17",15.9,16.05,15.6,15.8,1598399
"03-Feb-17",16.05,16.35,15.8,16.35,2161362
"06-Feb-17",16.35,16.5,15.975,16.2,1262356
"07-Feb-17",16.2,16.5,16,16.3,1241171
"08-Feb-17",16.3,16.3,15.9,16.1,1465191
"09-Feb-17",17.55,19.85,17.55,19.75,7271085
"10-Feb-17",19.8,20,19.05,19.9,2856961
"13-Feb-17",19.95,20.35,19.825,20.15,1591813
"14-Feb-17",20.25,20.5,19.925,20.1,1040608
"15-Feb-17",20.2,20.5,19.95,20.45,909344
"16-Feb-17",20.35,20.4,19.85,20.3,1079469
"17-Feb-17",20.2,20.45,19.7,19.85,1272901
"21-Feb-17",19.8,20.25,19.75,19.8,1293977
"22-Feb-17",19.75,20,19.45,19.5,873245
"23-Feb-17",19.55,19.725,19.1,19.55,1511459
"24-Feb-17",19.3,19.45,19.15,19.35,1226081
"27-Feb-17",19.35,20.1,19.25,20,1798346,,,
"28-Feb-17",19.85,19.9,19.3,19.45,875619
"01-Mar-17",19.75,21.15,19.75,20.55,2434402
"02-Mar-17",20.65,20.675,19.9,20.25,1556796
"03-Mar-17",20.35,20.75,20.2,20.3,1597387
"06-Mar-17",20.1,20.1,19.7,19.95,1144322
"07-Mar-17",19.9,20.5,19.7,20.45,1226958
"08-Mar-17",20.6,20.625,20.225,20.35,1213592
"09-Mar-17",20.25,20.9,20.15,20.7,1531947
"10-Mar-17",20.75,21,20.25,20.9,1492310
"13-Mar-17",20.75,20.95,20.5,20.65,1060355,,,
"14-Mar-17",20.65,20.9,20.45,20.65,1300007
"15-Mar-17",20.85,21.35,20.65,20.9,1325351
"16-Mar-17",20.95,21.275,20.65,20.75,915493
"17-Mar-17",20.8,20.85,20.4,20.75,1390860
"20-Mar-17",20.75,21.1,20.35,20.8,1115578
"21-Mar-17",20.95,21.05,19.875,20.2,1435325
"22-Mar-17",20.1,20.225,19.575,19.85,1542580
"23-Mar-17",19.85,20.525,19.85,20.2,727666
"24-Mar-17",20.3,20.55,20.1,20.3,731629
"27-Mar-17",19.8,20.825,19.55,20.75,1056798
"28-Mar-17",20.6,21.25,20.55,20.95,1041175
"29-Mar-17",20.9,21.15,20.15,20.7,1240542
"30-Mar-17",20.8,21.15,20.5,20.9,1243031
"31-Mar-17",20.9,21.1,20.65,20.7,597167
"03-Apr-17",20.65,20.65,19.95,20.2,825336,,,
"04-Apr-17",20.1,20.3,19.825,19.95,790169
"05-Apr-17",20.25,20.3906,19.825,19.9,673030
"06-Apr-17",19.85,20.725,19.7995,20.55,1333989
"07-Apr-17",20.3,20.45,20.1,20.25,838158
"10-Apr-17",20.3,20.4661,20,20.3,854554
"11-Apr-17",20.4,21.875,20.4,21.6,2928984
"12-Apr-17",21.5,21.6,21.175,21.4,1187022
"13-Apr-17",21.3,21.45,20.9,21.05,1171486
"17-Apr-17",21.1,21.7,20.9,21.7,815185
"18-Apr-17",21.5,21.8,21.1,21.45,1449440
"19-Apr-17",21.55,21.95,21.25,21.3,895775
"20-Apr-17",21.4,22.05,21.4,21.95,1243443
"21-Apr-17",21.9,22.2,21.75,22.1,1423333
"24-Apr-17",22.6,22.7,21.9,22.15,1975039
"25-Apr-17",22.5,23.25,22.45,22.6,2627970
"26-Apr-17",22.5,22.75,22.2182,22.45,877060
"27-Apr-17",22.5,22.95,22,22,1119781
"28-Apr-17",22.05,22.2,21.35,21.7,907958
"01-May-17",21.8,22.15,21.55,21.85,873395
"02-May-17",21.85,22,21.05,21.5,1608386
"03-May-17",20.4,21.65,20.05,20.8,2044023
"04-May-17",20.4,20.7,19.85,20.1,2301271
"05-May-17",20.15,21.2,20.15,20.75,1780663
"08-May-17",20.75,21.05,20.7,21.05,802153
"09-May-17",21.05,21.2,20.75,20.9,822980
"10-May-17",20.85,21.05,20.55,20.85,1423761
"11-May-17",20.65,20.7,20.2,20.25,867056
"12-May-17",20.15,20.3,19.9,20.15,957755
"15-May-17",20.25,20.7,20.15,20.7,1060475
"16-May-17",20.7,21.05,20.6,20.8,1253514
"17-May-17",20.3,20.4,19.9,20.1,1283189
"18-May-17",20.05,20.4,19.95,20.2,931556,,,
"19-May-17",20.2,20.45,20.15,20.2,876069
"22-May-17",20.25,20.45,20.15,20.4,510388
"23-May-17",20.4,20.625,20.15,20.5,453762
"24-May-17",20.55,20.625,20.15,20.35,844651
"25-May-17",20.4,20.625,20.25,20.45,593048
"26-May-17",20.4,20.5,20.15,20.25,646638
"30-May-17",20.2,20.35,20.05,20.25,737656
"31-May-17",20.3,20.35,19.9,20.3,1122655
"01-Jun-17",20.25,20.95,20.25,20.9,1091824
"02-Jun-17",20.9,21.55,20.8,21.3,1042521
"05-Jun-17",21.3,21.475,21.025,21.1,708540
"06-Jun-17",20.9,21.35,20.705,21.15,752024
"07-Jun-17",21.15,21.6,21.1,21.35,795532
"08-Jun-17",21.35,22.25,21.1,22.15,1261673
"09-Jun-17",22.3,22.775,22.1,22.6,1217518
"12-Jun-17",22.6,23,21.975,22.1,1286085
"13-Jun-17",22.15,22.5,21.85,22.3,897230,,,
"14-Jun-17",22,22.4,21.65,22.4,880099
"15-Jun-17",22.25,22.625,21.85,21.95,550770
"16-Jun-17",21.8,21.975,21.6,21.75,1007361
"19-Jun-17",21.9,22.1,21.45,21.65,636451
"20-Jun-17",21.6,21.7,21.2,21.35,548312
"21-Jun-17",21.45,21.475,20.8,21,621698
"22-Jun-17",21.05,21.2,20.75,20.85,662229
"23-Jun-17",20.9,21.175,20.7,20.95,1734064
"26-Jun-17",21.05,21.325,20.85,21.15,625752
"27-Jun-17",21.2,21.45,20.9,20.95,718158
"28-Jun-17",21.2,21.5,21.1,21.15,855632
"29-Jun-17",21.5,21.8,21.3,21.6,1040470
"30-Jun-17",21.65,21.8,21.05,21.5,1091067
"03-Jul-17",21.65,22.5,21.55,22.1,713012,12.345485,,
"04-Jul-17",,,,,,12.169266
"05-Jul-17",22.1,22.25,21.7,21.85,884655,12.751094
"06-Jul-17",21.75,21.85,21.5,21.65,670625,13.369294
"07-Jul-17",21.7,21.8,21.3,21.55,668816,13.337176
"10-Jul-17",21.5,21.625,21.2,21.25,915576,13.44176
"11-Jul-17",21.2,21.2,20.55,20.7,838831,13.402925
"12-Jul-17",20.7,21.175,20.65,20.85,647100,13.526265
"13-Jul-17",20.9,21.05,20.475,20.8,634844,13.253546
"14-Jul-17",20.55,20.95,20.35,20.75,652933,11.267074
"17-Jul-17",20.7,20.95,20.55,20.8,421498,11.221158
"18-Jul-17",20.65,20.8,20.35,20.45,665091,11.026312
"19-Jul-17",20.55,20.75,20.25,20.55,925589,10.4569
"20-Jul-17",20.55,20.575,19.95,20.2,1033744,10.554566
"21-Jul-17",20.3,20.425,19.9,20,794812,10.549188
"24-Jul-17",19.95,20.3,19.95,20.2,940377,11.121942
"25-Jul-17",20.4,20.85,20.4,20.5,1701093,10.966026
"26-Jul-17",19.85,20.9,19.85,20,1746772,11.151276
"27-Jul-17",20.05,20.45,19.85,19.9,1212852,11.04736
"28-Jul-17",19.8,20.35,19.45,20.25,1510589,10.99841
"31-Jul-17",20.35,20.75,19.95,20.55,1698653,10.875897
"01-Aug-17",20.7,21.05,20.55,20.9,1079836,10.867945
"02-Aug-17",20.85,20.875,20.325,20.7,856682,10.872323
"03-Aug-17",20.75,20.85,20.15,20.25,649546,11.22446
"04-Aug-17",20.45,20.5,20.25,20.45,543078,11.271869
"07-Aug-17",20.4,20.8,20.3,20.5,691364,11.770209
"08-Aug-17",20.4,20.55,19.95,20,1393782,11.817925
"09-Aug-17",19.85,20.1,19.7,19.85,614324,11.822851
"10-Aug-17",19.7,19.85,19.3,19.4,704515
"11-Aug-17",19.25,19.6,19.25,19.35,546751
"14-Aug-17",19.55,19.85,19.4,19.8,787756
"15-Aug-17",19.9,20.1,19.275,19.45,913840
"16-Aug-17",19.5,19.85,19.375,19.4,849813
"17-Aug-17",19.4,19.5,18.45,18.55,1617610
"18-Aug-17",18.4,18.75,18.3,18.5,868436,,,
"21-Aug-17",18.55,18.75,18.5,18.55,560350
"22-Aug-17",18.6,18.825,18.55,18.6,649563
"23-Aug-17",18.4,18.95,18.4,18.65,513295
"24-Aug-17",18.7,19,18.6,18.8,482040
"25-Aug-17",18.85,19,18.6,18.8,389323
"28-Aug-17",18.85,18.95,18.7,18.85,418893
"29-Aug-17",18.6,18.8,18.475,18.6,428670
"30-Aug-17",18.6,18.875,18.55,18.65,448246
"31-Aug-17",18.7,18.8,18.45,18.55,481471
"01-Sep-17",18.6,18.8,18.5,18.8,536121
"05-Sep-17",18.65,18.75,17.95,18.1,911416
"06-Sep-17",18.2,18.35,17.95,18,932884
"07-Sep-17",18,18,17.475,17.5,1446607
"08-Sep-17",17.45,17.65,17.1,17.15,1010325
"11-Sep-17",17.4,17.95,17.35,17.6,625111
"12-Sep-17",17.95,19.2,17.95,18.9,2333665
"13-Sep-17",19,19.35,18.8,19.2,1023360
"14-Sep-17",19.1,19.15,18.675,18.85,1267792,,,
"15-Sep-17",18.85,19.3,18.8,19.15,2444392
"18-Sep-17",19.15,19.35,18.9,19.15,828856
"19-Sep-17",19.15,19.35,19,19.15,728198
"20-Sep-17",19.2,19.65,19.1,19.3,1441673
"21-Sep-17",19.35,19.8,19.3,19.6,577871
"22-Sep-17",19.55,19.8,19.4,19.75,633707
"25-Sep-17",19.6,20.1,19.6,19.85,1011516
"26-Sep-17",19.9,20.25,19.85,20.2,633802
"27-Sep-17",20.4,20.9,20.3,20.6,2165006
"28-Sep-17",20.7,20.75,20.4,20.6,754356
"29-Sep-17",20.5,20.925,20.5,20.75,585939
"02-Oct-17",20.85,21.075,20.55,21,798043,12.946709,,
"03-Oct-17",20.95,21,20.45,20.7,512001,13.071631
"04-Oct-17",20.7,20.8,20.25,20.3,411666,13.192625
"05-Oct-17",20.35,20.925,20.35,20.7,566214,13.721061
"06-Oct-17",20.7,20.95,20.575,20.75,629163,13.580138
"09-Oct-17",20.75,20.9,20.45,20.55,349723,13.557464
"10-Oct-17",20.7,20.85,20.45,20.6,482779,13.759443
"11-Oct-17",20.5,20.75,20.35,20.65,395176,14.029534
"12-Oct-17",20.65,20.65,20.4,20.5,328271,14.407259
"13-Oct-17",20.45,20.6,20.2,20.35,361769,15.346989
"16-Oct-17",20.35,20.7,20.3,20.6,353747,15.004704
"17-Oct-17",20.55,20.725,20.3,20.4,279757,15.198259
"18-Oct-17",20.5,20.625,20.4,20.55,537313,14.697158
"19-Oct-17",20.35,20.525,20.25,20.35,738715,14.75963
"20-Oct-17",20.6,20.6,20.35,20.45,554607,15.486104
"23-Oct-17",20.5,20.625,20.35,20.5,432627,15.306674
"24-Oct-17",20.45,20.675,20.3,20.5,662201,15.18779
"25-Oct-17",20.5,20.55,19.9,20.5,883381,15.487859
"26-Oct-17",20.8,21.5,20.55,21.3,1405376,15.639805
"27-Oct-17",21.3,21.875,21.15,21.7,1039946,15.793226
"30-Oct-17",21.6,21.7,20.925,21.15,747403,16.071905
"31-Oct-17",21.05,21.375,20.95,21.05,597410,16.273063
"01-Nov-17",21.2,21.325,20.675,20.7,493356,16.704786
"02-Nov-17",20.65,21.3,20.6,21.15,702795,16.917505
"03-Nov-17",21.1,21.2,20.8,20.85,518267,16.956003
"06-Nov-17",20.8,20.8,20.375,20.55,454427,17.002003
"07-Nov-17",20.65,20.65,19.775,19.8,892207,15.832593
"08-Nov-17",19.65,19.9,19.3,19.8,523867,16.104109
"09-Nov-17",19.65,19.975,19.4,19.65,479232,16.451255
"10-Nov-17",19.75,19.925,19.675,19.7,367046,16.559182
"13-Nov-17",19.55,19.95,19.3,19.8,521807,16.060485
"14-Nov-17",19.75,20.15,19.75,20.05,365499,16.131458
"15-Nov-17",19.85,20.45,19.75,20.3,436748,16.7657
"16-Nov-17",20.3,20.65,20.25,20.55,429277,17.355903
"17-Nov-17",20.35,20.6,20.175,20.55,336597,18.012884,,
"20-Nov-17",20.6,20.85,20.45,20.8,460935,18.587835
"21-Nov-17",20.85,21,20.7,20.95,387954,18.586756
"22-Nov-17",20.95,21.15,20.875,21,513728,17.64107
"23-Nov-17",,,,,,17.643091
"24-Nov-17",21.15,21.15,20.825,20.95,230747,17.448915
"27-Nov-17",20.85,21.3,20.85,21.05,715749,17.151517
"28-Nov-17",21.1,22,21.05,22,1257087,17.601591
"29-Nov-17",22,23.15,21.95,23.05,2295265,16.88224
"30-Nov-17",23.25,23.4,22.5,22.55,1430523,16.999647
"01-Dec-17",22.55,22.775,21.7,22.3,797403,16.501814
"04-Dec-17",22.7,23.3,22.475,22.55,635874,16.300157
"05-Dec-17",22.65,22.65,21.95,22,628020,16.375162
"06-Dec-17",22,22,21,21.55,804114,16.471604
"07-Dec-17",21.55,22,21.4,21.75,516602,16.527612
"08-Dec-17",21.75,21.85,20.45,21.15,2991093,15.621938
"11-Dec-17",21.2,21.2,20.7,20.95,1004789,15.565969
"12-Dec-17",21,21.25,20.75,21.1,679418,15.515337
"13-Dec-17",21.15,21.3,20.85,20.95,670005,15.8101
"14-Dec-17",20.95,20.975,20.25,20.4,756626,15.799808,,
"15-Dec-17",20.45,21.125,20.4,20.7,2423877,15.687816
"18-Dec-17",21,21.55,21,21.4,479911,15.20063
"19-Dec-17",21.5,21.65,21.1,21.25,600994,14.94905
"20-Dec-17",21.35,21.5,20.8,21.05,480967,14.489733
"21-Dec-17",21.35,21.6,21.15,21.35,531311,14.641428
"22-Dec-17",21.5,21.5,20.95,21.25,632981,14.185364
"25-Dec-17",,,,,,14.123046
"26-Dec-17",21.25,21.35,20.95,21.1,499577,13.948813
"27-Dec-17",21.2,21.25,20.95,21,401095,14.048152
"28-Dec-17",21.05,21.15,20.9,21,560708,14.781282
"29-Dec-17",20.95,21.025,20.65,20.65,476882,15.149151
"01-Jan-18",,,,,,14.986083
"02-Jan-18",20.85,20.85,20.55,20.7,559329,15.110239,,
"03-Jan-18",20.85,20.85,20.3,20.55,407053,15.320169
"04-Jan-18",20.65,21.1,20.51,20.7,458962,15.193491
"05-Jan-18",20.75,21.05,20.6,20.95,460167,15.060271
"08-Jan-18",20.9,21,20.65,20.85,291449,15.67946
"09-Jan-18",20.95,21.25,20.9,21,841454,15.710486
"10-Jan-18",21,21.55,21,21.15,403731,15.831052
"11-Jan-18",21.2,21.65,21.2,21.5,422480,16.552967
"12-Jan-18",21.55,21.7,21.05,21.45,707794,16.504421
"15-Jan-18",,,,,,16.343446
"16-Jan-18",21.55,21.85,21.05,21.15,401173,16.447245
"17-Jan-18",21.3,21.75,21.1,21.5,509888,16.455548
"18-Jan-18",21.5,21.7,21.45,21.6,312648,16.213416
"19-Jan-18",21.5,21.75,21.5,21.7,379178,15.704212
"22-Jan-18",21.6,21.7,21.35,21.7,520628,15.578036
"23-Jan-18",21.6,21.7,21.35,21.65,348701,15.794677
"24-Jan-18",21.65,21.825,21.375,21.7,799332,15.604989
"25-Jan-18",21.1,21.45,20.06,21.15,1584757,15.05503
"26-Jan-18",20.45,20.95,20.45,20.65,1758809,15.104346
"29-Jan-18",20.45,20.6,19.9,19.95,1173350,14.178746
"30-Jan-18",19.75,20,19.4,19.7,855715,13.147077
"31-Jan-18",19.8,19.85,19.6,19.7,569383,13.098395
"01-Feb-18",19.25,19.65,19.15,19.6,649077,13.215118
"02-Feb-18",19.5,19.9,19.275,19.3,649789,13.546517
"05-Feb-18",19.35,19.75,18.75,18.75,1014008,13.574954
"06-Feb-18",18.5,19.3,18.5,19.05,917093,13.497861
"07-Feb-18",18.95,19.625,18.9,19.4,587593,13.741102
"08-Feb-18",19.5,20.375,19.35,19.35,1771037,13.861371
"09-Feb-18",19.45,19.8,18.85,19.1,1214486,13.961989
"12-Feb-18",19.25,19.725,19.05,19.65,1000718
"13-Feb-18",19.55,20,19.475,19.85,454680,13.652568
"14-Feb-18",19.8,20.625,19.7,20.3,777258,13.488597
"15-Feb-18",20.4,20.8,20.35,20.4,570948,13.470757,,
"16-Feb-18",20.35,20.65,20.25,20.4,672187,13.109686
"19-Feb-18",,,,,,12.648513
"20-Feb-18",20.4,20.55,19.9,20,513733,12.778612
"21-Feb-18",20.05,20.675,20.05,20.5,703092,12.378848
"22-Feb-18",20.5,20.6,20.05,20.25,499336,12.013503
"23-Feb-18",20.25,20.55,20.05,20.5,465029,11.969523
"26-Feb-18",20.55,20.8,20.3235,20.8,547628,12.465008
"27-Feb-18",20.8,20.9,20.25,20.35,431806,12.629839
"28-Feb-18",20.45,20.5,19.95,19.95,357268,12.516101
"01-Mar-18",19.95,20.05,19.7,19.8,350494,13.622103
"02-Mar-18",19.7,20.2,19.5,20.15,325740,14.163397
"05-Mar-18",20,20.6,19.825,20.4,377685,14.395311
"06-Mar-18",20.45,20.675,20.225,20.5,385325,14.630001
"07-Mar-18",20.3,20.95,20.3,20.6,487459,14.440681
"08-Mar-18",20.6,20.8,20.2,20.35,292308,14.584862
"09-Mar-18",20.4,20.6502,20.4,20.55,369410,15.325139
"12-Mar-18",20.55,20.9,20.5,20.75,358051,15.997794
"13-Mar-18",20.85,21.325,20.75,21.3,955657,15.862481
"14-Mar-18",21.2,21.2,20.7,20.95,602554,16.708989,,
"15-Mar-18",21,21.05,20.7,21.05,339033,17.315083
"16-Mar-18",20.3,20.45,19.8,20.35,2019326,17.436724
"19-Mar-18",20.3,20.3,19.9,20.15,439103,17.21722
"20-Mar-18",20.3,20.35,19.7,19.75,956066,16.843239
"21-Mar-18",19.75,19.975,19.45,19.7,994845,16.59621
"22-Mar-18",19.5,19.625,19.1,19.15,578505,17.242519
"23-Mar-18",19.15,19.25,18.65,18.7,1009703,16.768207
"26-Mar-18",18.9,19.3,18.8,19.2,619503,16.801174
"27-Mar-18",19.3,19.35,18.75,18.85,526983,16.61835
"28-Mar-18",18.85,19.2,18.65,18.8,605186,16.875649
"29-Mar-18",18.95,19.6,18.8535,19.3,645033,16.840492
"30-Mar-18",,,,,,16.699272
"02-Apr-18",19.2,19.425,18.9,19.15,363406,16.341841,,
"03-Apr-18",19.2,19.45,19.1,19.25,320252,16.50673
"04-Apr-18",18.95,19.55,18.875,19.5,370776,16.514544
"05-Apr-18",19.55,19.6,19.325,19.35,521731,16.501289
"06-Apr-18",18.65,18.9,18,18.15,2087878,15.586809
"09-Apr-18",18.25,18.7,18.2,18.25,647361,16.608083
"10-Apr-18",18.45,18.925,18.4,18.85,383559,15.615815
"11-Apr-18",18.7,18.9,18.65,18.75,362917,15.475868
"12-Apr-18",18.75,19.2,18.7,18.8,629220,15.345011
"13-Apr-18",18.95,19.025,18.25,18.45,957678,15.319486
"16-Apr-18",18.55,18.55,18.175,18.45,521642,15.353051
"17-Apr-18",18.5,18.6,18.2,18.25,463364,15.358175
"18-Apr-18",18.25,18.55,18.25,18.25,332263
"19-Apr-18",18.25,18.55,18.25,18.5,332129,15.456858
"20-Apr-18",18.55,18.825,18.55,18.75,330096,16.827374
"23-Apr-18",18.75,19.05,18.7,19.05,433170,15.483724
"24-Apr-18",19.15,19.3,18.85,18.95,377794,15.188361
"25-Apr-18",18.9,19,18.7,18.85,308834,15.397136
"26-Apr-18",18.95,18.95,18.4,18.5,756835,15.529162
"27-Apr-18",19.2,19.55,18.95,19.1,1493168,15.662688
"30-Apr-18",19.25,19.65,19.15,19.2,1955558,15.43714
"01-May-18",19.05,19.25,18.65,18.8,762698,15.136779
"02-May-18",18.8,19,18.7,18.75,695373,15.074348
"03-May-18",18.7,18.8,18.5,18.6,673063,15.191049
"04-May-18",18.5,18.875,18.45,18.75,458467,15.206054
"07-May-18",18.75,18.825,18.65,18.7,309088,15.389282
"08-May-18",18.6,18.95,18.55,18.7,556959,15.186566
"09-May-18",18.7,18.85,18.6,18.75,491569,15.691103
"10-May-18",18.75,18.8,18.6,18.8,279474,16.543991
"11-May-18",18.85,18.85,18.65,18.75,343702,16.352279
"14-May-18",18.75,18.85,18.65,18.7,325774,16.808987
"15-May-18",18.65,18.85,18.65,18.7,399379,16.960558,,
"16-May-18",18.7,18.875,18.7,18.75,630501,17.066317
"17-May-18",18.85,18.9,18.7,18.8,604428,16.661081
"18-May-18",18.85,18.9,18.75,18.75,402570,16.560529
"21-May-18",18.75,19.1,18.75,19.1,1829172,15.867972
"22-May-18",19.2,19.6,19.15,19.5,559465,15.837583
"23-May-18",19.4,19.55,19.2,19.5,359719,15.593885
"24-May-18",19.4,19.55,19.2,19.5,457165,15.710694
"25-May-18",19.4,19.75,19.4,19.7,371411
"28-May-18",,,,,,15.708339
"29-May-18",19.4,19.5,19.125,19.2,426155,16.175202
"30-May-18",19.4,19.55,19.15,19.45,378834,16.115245
"31-May-18",19.5,19.6,19.225,19.4,299212,16.111029
"01-Jun-18",19.6,19.95,19.6,19.8,553466,16.074257
"04-Jun-18",19.85,20.125,19.7,20.1,428872,16.204492
"05-Jun-18",20.05,20.15,19.8,19.95,359032
"06-Jun-18",19.95,20.3,19.95,20.15,417203,16.50867
"07-Jun-18",20.25,20.4,20.125,20.15,346097,16.195169
"08-Jun-18",20.15,20.35,20.05,20.3,293589
"11-Jun-18",20.3,20.45,19.9,19.9,359030,16.50506
"12-Jun-18",19.95,20.05,19.7,19.85,295625,17.138081
"13-Jun-18",19.85,19.85,19.55,19.75,351575,17.126481
"14-Jun-18",19.75,19.8,19.35,19.75,468298,18.661129,,
"15-Jun-18",19.6,19.9,19.45,19.75,1325992,19.073737
"18-Jun-18",19.6,19.85,19.425,19.6,575110,16.677068
"19-Jun-18",19.2,19.675,19.2,19.6,552029
"20-Jun-18",19.8,19.8,19.55,19.6,525460
"21-Jun-18",19.6,19.75,19.35,19.4,355817,15.564218
"22-Jun-18",19.55,19.725,19.35,19.4,563991,15.067014
"25-Jun-18",19.4,19.5,19.25,19.45,340207,15.355091
"26-Jun-18",19.45,19.5,19.125,19.4,280113
"27-Jun-18",19.35,19.45,19.05,19.05,397769,16.288144
"28-Jun-18",19.15,19.3,19,19.05,288843,16.514909
"29-Jun-18",19.45,19.7,19.275,19.55,836531
"02-Jul-18",19.5,20.1,19.5,20.1,723254,16.776798,,
"03-Jul-18",20.1,20.225,19.7,19.8,537793,16.611727
"04-Jul-18",,,,,,16.436986
"05-Jul-18",19.9,20.05,19.7,19.9,366560,15.779314
"06-Jul-18",19.9,20.15,19.8,19.95,533063,15.64382
"09-Jul-18",20,20.3,19.95,20.2,506374,16.474497
"10-Jul-18",20.3,20.3,19.95,19.95,285337,16.765875
"11-Jul-18",19.8,19.8,19.55,19.65,434673,16.718841
"12-Jul-18",19.8,19.8,19.15,19.25,794277,16.659126
"13-Jul-18",19.2,19.3,18.85,19.05,631003,16.86599
"16-Jul-18",19.15,19.3,19,19.25,261642
"17-Jul-18",19.25,19.4,18.975,19.05,394531,17.914139
"18-Jul-18",19,19.4,19,19.35,292694
"19-Jul-18",19.25,19.4,19.05,19.25,305609
"20-Jul-18",19.3,19.5,19.15,19.3,417739,17.77818
"23-Jul-18",19.25,19.45,19.25,19.4,462784,17.511598
"24-Jul-18",19.35,19.35,18.95,19.1,495604,17.328963
"25-Jul-18",19.15,19.15,18.65,18.7,528166,17.31187
"26-Jul-18",18.65,20.2,18.65,20.15,1509558,17.139295
"27-Jul-18",20.15,20.34,19.875,20,701711,17.313885
"30-Jul-18",20.05,20.2,19.6,19.65,373232,18.432792
"31-Jul-18",19.75,20.1,19.35,20,509910
"01-Aug-18",20.05,20.4,20,20.2,826247,19.1703
"02-Aug-18",20.1,20.35,20.05,20.25,309696,19.320731
"03-Aug-18",20.15,20.45,20,20,293116
"06-Aug-18",19.95,20.1,19.85,19.95,203410,19.791852
"07-Aug-18",19.95,20,19.85,19.9,141954,19.904807
"08-Aug-18",19.95,20.1,19.75,20.05,250355
"09-Aug-18",20,20.4,20,20.2,234256
"10-Aug-18",19.95,20.25,19.9,20.05,175777,20.411565
"13-Aug-18",20,20.225,19.675,19.7,341828,20.270596
"14-Aug-18",19.7,20.025,19.7,20,255732,20.335545
"15-Aug-18",19.9,20,19.725,19.85,264454,20.282194,,
"16-Aug-18",20,20.2,19.8,19.85,377250,20.195639
"17-Aug-18",19.75,20.05,19.65,19.85,245570,20.465836
"20-Aug-18",19.95,20.05,19.725,20,226092,20.494206
"21-Aug-18",20.1,20.25,19.925,20,477331,20.391807
"22-Aug-18",19.9,20.05,19.755,20,272578,21.447086
"23-Aug-18",20,20,19.725,19.9,244356,21.475643
"24-Aug-18",19.85,20.05,19.75,19.9,230640,21.503631
"27-Aug-18",20.05,20.15,19.775,19.95,300341,21.437282
"28-Aug-18",19.95,20.05,19.75,19.9,366604,21.299273
"29-Aug-18",19.9,20.091,19.725,20,162267,21.418244
"30-Aug-18",19.95,20.1,19.795,20.05,418756,21.542915
"31-Aug-18",20,20.2,19.9,20.15,266717
"03-Sep-18",,,,,,21.644384
"04-Sep-18",20.15,20.306,20,20.2,355810,21.807111
"05-Sep-18",20.2,20.3,19.9,20,225627,21.888567
"06-Sep-18",20,20.125,19.8,19.9,281122,21.781717
"07-Sep-18",20,20.1,19.85,20.05,250137,21.924002
"10-Sep-18",20.15,20.3,19.9,19.95,285157,21.756903
"11-Sep-18",19.8,20.075,19.7,19.75,329074,22.736914
"12-Sep-18",19.7,19.75,19.4,19.45,366267
"13-Sep-18",19.35,19.55,18.85,18.9,380141,24.452462,,
"14-Sep-18",18.9,19.475,18.85,19.25,358288,26.015714
"17-Sep-18",19.25,19.45,19.1,19.4,360305,25.090149
"18-Sep-18",19.4,19.4514,19.1,19.25,304012,23.958559
"19-Sep-18",19.25,19.5,19.2,19.4,306168,23.111167
"20-Sep-18",19.55,19.9,19.5166,19.7,301470,23.09325
"21-Sep-18",19.7,19.75,19.3,19.5,1042760,22.619928
"24-Sep-18",19.45,19.55,19.1,19.25,221837,22.239379
"25-Sep-18",19.35,19.4,19.175,19.3,158618,22.085382
"26-Sep-18",19.3,19.3,18.7,18.8,485662,21.931747
"27-Sep-18",18.65,19,18.65,18.8,256027,21.914054
"28-Sep-18",18.7,19,18.7,18.9,276490,21.83441
"01-Oct-18",18.99,19.08,18.64,18.7,458687,21.969275,,
"02-Oct-18",18.6,18.76,18.25,18.38,656224,21.474852
"03-Oct-18",18.46,18.94,18.32,18.76,736346,21.337348
"04-Oct-18",18.69,19.025,18.58,18.7,475084,21.247088
"05-Oct-18",18.76,18.8,18.41,18.56,492273,21.072
"08-Oct-18",18.53,18.88,18.44,18.76,344053,21.204898
"09-Oct-18",18.72,18.92,18.69,18.75,394763,21.222025
"10-Oct-18",18.81,19.02,18.64,18.65,412082,21.288455
"11-Oct-18",18.63,18.77,18.2,18.21,484790,21.088184
"12-Oct-18",18.41,18.48,17.53,18,675598,21.100009
"15-Oct-18",17.94,18.43,17.94,18.25,405787,22.085098
"16-Oct-18",18.29,18.44,18,18.34,471991,22.784417
"17-Oct-18",18.29,18.45,18,18.37,269744,22.234204
"18-Oct-18",18.3,18.4,17.89,17.9,368190,21.902911
"19-Oct-18",17.88,18.09,17.58,17.58,346445,22.173562
"22-Oct-18",17.6,17.75,16.31,16.41,785594,21.076682
"23-Oct-18",16.17,16.5,16.11,16.41,1237887,20.886671
"24-Oct-18",16.33,16.45,15.76,15.76,1463802,19.888896
"25-Oct-18",14.99,15.79,14.11,15.08,2244749,18.455724
"26-Oct-18",14.85,15.37,14.79,15.12,888172
"29-Oct-18",15.16,15.62,15.15,15.4,637008
"30-Oct-18",15.37,15.75,15.37,15.74,484340
"31-Oct-18",15.82,16.07,15.78,15.95,651840
"01-Nov-18",16,16.52,16,16.39,543906
"02-Nov-18",16.52,16.59,16.15,16.36,411152
"05-Nov-18",16.39,16.59,16.29,16.49,472705,17.353179
"06-Nov-18",16.44,16.6,16.2,16.47,460704,17.400126
"07-Nov-18",16.67,16.94,16.405,16.89,618498,16.321635
"08-Nov-18",16.78,17.2,16.78,17.08,220775,15.947863
"09-Nov-18",17.04,17.23,16.71,16.85,541216,15.577625
"12-Nov-18",16.78,16.85,16.61,16.75,369390,15.361928
"13-Nov-18",16.76,17.09,16.66,16.83,431957,15.306137
"14-Nov-18",16.95,17.03,16.11,16.25,317716,15.093016
"15-Nov-18",16.14,16.7,16.14,16.59,429742,14.409532,,
"16-Nov-18",16.46,16.75,16.46,16.7,300925,15.043509
"19-Nov-18",16.73,17.12,16.73,17.11,348778,14.613608
"20-Nov-18",16.99,17.19,16.83,16.92,248481,14.679778
"21-Nov-18",16.95,17.22,16.83,16.92,172099,14.650638
"22-Nov-18",,,,,,14.450192
"23-Nov-18",16.8,17.13,16.79,16.94,69772,14.606178
"26-Nov-18",17.13,17.35,17.07,17.18,237947,14.67611
"27-Nov-18",17.18,17.24,16.97,17,350803,14.655549
"28-Nov-18",17.06,17.49,16.76,17.46,459718,14.455802
"29-Nov-18",17.32,17.49,17.04,17.14,303237,14.350507
"30-Nov-18",17.07,17.25,17,17.2,461526,14.252236
"03-Dec-18",17.42,17.42,16.63,16.85,483318
"04-Dec-18",16.81,16.8399,15.76,15.96,439268
"06-Dec-18",15.67,15.81,15.4,15.72,401900,13.721513
"07-Dec-18",15.75,16,15.38,15.49,302861,13.687374
"10-Dec-18",15.5,15.56,15.05,15.22,339236,13.926535
"11-Dec-18",15.42,15.42,14.82,14.87,457385,13.622076
"12-Dec-18",14.99,15.34,14.8,15.05,533307,14.304103
"13-Dec-18",14.98,15.04,14.32,14.34,606314,13.616442
"14-Dec-18",14.15,14.45,13.85,13.92,505664,13.988189,,
"17-Dec-18",13.82,14.4,13.82,14.02,448362,14.437576
"18-Dec-18",13.85,13.97,12.86,13.04,1327714,13.521912
"19-Dec-18",13.04,13.67,12.96,12.98,1104850
"20-Dec-18",12.77,12.96,12.46,12.69,1039354,12.313419
"21-Dec-18",12.73,12.84,12.37,12.48,2030196
"24-Dec-18",12.48,12.81,12.22,12.45,487008
"25-Dec-18",,,,,,10.656565
"26-Dec-18",12.47,13.17,12.39,13.15,743895
"27-Dec-18",12.96,13.19,12.51,12.97,638571
"28-Dec-18",13.01,13.4,12.98,13.22,373212
"31-Dec-18",13.28,13.37,12.84,13.31,674809,9.240611
"02-Jan-19",13.2,13.82,13.15,13.59,520643,,,
"03-Jan-19",13.33,13.87,13.3,13.57,604988
"04-Jan-19",13.81,14.3,13.67,14.1,764949
"07-Jan-19",14,14.34,13.95,14.14,582916
"08-Jan-19",14.27,14.27,13.97,14.22,412815
"09-Jan-19",14.23,14.55,14.06,14.5,573954
"10-Jan-19",14.45,14.47,14.1,14.3,316001
"11-Jan-19",14.19,14.5,14.19,14.42,212159
"14-Jan-19",14.32,14.7,14.32,14.57,222556
"15-Jan-19",14.56,14.7,14.4,14.5,423699
"16-Jan-19",14.62,14.82,14.52,14.73,377886
"17-Jan-19",14.7,14.89,14.625,14.85,406107
"18-Jan-19",14.85,15.1,14.8,15.04,361720
"22-Jan-19",14.93,15.14,14.82,14.9,292764
"23-Jan-19",14.94,15.02,14.7,14.94,440389
"24-Jan-19",14.24,14.9299,13.51,14.52,935233
"25-Jan-19",14.57,14.92,14.5438,14.79,592665,8.979323
"28-Jan-19",14.77,15.04,14.77,14.95,443388,9.783072
"29-Jan-19",14.93,15.135,14.88,14.94,338514,9.606164
"30-Jan-19",15.02,15.02,14.79,14.89,326734,9.668852
"31-Jan-19",14.81,14.91,14.43,14.58,348829,10.354605
"01-Feb-19",14.67,14.84,14.65,14.8,399047,10.348154
"04-Feb-19",14.82,14.93,14.73,14.88,208545,10.70142
"05-Feb-19",14.9,14.97,14.69,14.78,255919,9.557329
"06-Feb-19",14.74,14.85,14.66,14.73,236308,10.716191
"07-Feb-19",14.82,15.14,14.805,15.06,307033,10.434444
"08-Feb-19",14.99,15.04,14.74,14.95,171546,10.60848
"11-Feb-19",15.02,15.11,14.9,15,241825,10.219644
"12-Feb-19",15.03,15.51,15,15.49,536121,10.209783
"13-Feb-19",15.51,15.58,15.32,15.44,345326,9.922066
"14-Feb-19",15.29,15.33,15.06,15.21,187794,10.200322
"15-Feb-19",15.33,15.74,15.3,15.69,237441,10.383366,4315761,
"18-Feb-19",,,,,,10.27375
"19-Feb-19",15.6,16.01,15.6,15.91,185934,10.332715
"20-Feb-19",15.91,16.27,15.72,16.25,373996,10.436822
"21-Feb-19",16.23,16.31,15.94,16.19,367838,11.350434
"22-Feb-19",16.23,16.29,16.12,16.27,329313,11.420907
"25-Feb-19",16.4,16.5,16.25,16.27,230935,11.245908
"26-Feb-19",16.18,17.03,16.14,16.78,1326674,10.879729
"27-Feb-19",16.72,17.46,16.67,17.39,905806,10.400106
"28-Feb-19",17.36,17.66,17.16,17.32,1207762,10.521112,4623372
"01-Mar-19",17.47,17.57,17.24,17.5,518117,10.536767
"04-Mar-19",17.52,17.6,16.92,17.25,480071,10.359416
"05-Mar-19",16.41,16.65,15.5,15.83,1694722,9.751556
"06-Mar-19",15.51,15.51,14.795,15.06,1888614,9.019491
"07-Mar-19",14.96,15.28,14.71,14.98,701670,8.372438
"08-Mar-19",14.88,15.2,14.88,15.06,449171,7.974931
"11-Mar-19",15.06,15.16,14.915,14.98,348843,7.661488
"12-Mar-19",15.09,15.12,14.74,14.77,273960,8.083359
"13-Mar-19",14.85,14.95,14.72,14.72,516278,8.471207
"14-Mar-19",14.62,14.72,14.58,14.64,343942,8.74805,,
"15-Mar-19",14.66,14.78,14.41,14.43,890632,9.205428,4122174
"18-Mar-19",14.42,14.85,14.37,14.75,1032082,7.83473
"19-Mar-19",14.9,14.9,14.36,14.37,535402,7.365602
"20-Mar-19",14.37,14.43,13.79,13.81,541051,6.549612
"21-Mar-19",13.74,13.955,13.6,13.81,439192,6.600332
"22-Mar-19",13.66,13.7,13.17,13.25,541161,6.851463
"25-Mar-19",13.23,13.48,13.15,13.32,341865,6.609645
"26-Mar-19",13.48,13.76,13.44,13.58,436296,6.67252
"27-Mar-19",13.54,13.88,13.48,13.72,280745,6.861712
"28-Mar-19",13.77,13.89,13.4901,13.83,413202,6.645973
"29-Mar-19",13.97,14.03,13.7,13.84,426700,6.495343,3983324
"01-Apr-19",13.94,14.21,13.94,14.06,574318,6.342621,,
"02-Apr-19",14.01,14.285,13.91,14.12,351135,6.182188
"03-Apr-19",14.29,14.37,14.13,14.16,282577,6.55419
"04-Apr-19",14.14,14.47,14.14,14.36,263362,6.933104
"05-Apr-19",14.37,14.6,14.35,14.55,223504,6.816686
"08-Apr-19",14.44,14.63,14.42,14.49,195558,6.96804
"09-Apr-19",14.46,14.57,14.22,14.29,247802,7.009442
"10-Apr-19",14.32,14.575,14.22,14.55,267595,7.036955
"11-Apr-19",14.62,14.78,14.54,14.72,209259,7.151121
"12-Apr-19",14.92,15.14,14.72,15.01,283220,7.138794
"15-Apr-19",15.01,15.15,14.6,14.64,172732,8.269165,3935063
"16-Apr-19",14.66,14.97,14.59,14.97,282100,8.446162
"17-Apr-19",14.89,15.12,14.84,15.07,214964,8.342918
"18-Apr-19",14.96,15.13,14.785,14.83,206230,8.367997
"19-Apr-19",,,,,,8.291399
"22-Apr-19",14.83,14.88,14.54,14.58,321827,8.281897
"23-Apr-19",13.75,14.7,13.75,14.64,886747,8.175952
"24-Apr-19",14.14,14.5,14.04,14.42,575460,8.025444
"25-Apr-19",14.26,14.34,14.07,14.23,266770,8.406077
"26-Apr-19",14.23,14.53,14.18,14.47,292884,8.374266
"29-Apr-19",14.47,14.85,14.38,14.69,274003,8.425349
"30-Apr-19",14.76,14.76,14.445,14.51,276132,7.39591,3941021
"01-May-19",14.55,14.69,14.22,14.34,428094,6.661292
"02-May-19",14.32,14.525,14.2671,14.44,192032,6.581048
"03-May-19",14.51,14.93,14.51,14.84,292598,7.041493
"06-May-19",14.59,14.9,14.55,14.8,178766,7.391333
"07-May-19",14.6,14.73,14.305,14.44,216077,7.531009
"08-May-19",14.4,14.48,14.14,14.15,333098,7.551631
"09-May-19",14.06,14.27,13.95,14.22,179781,7.501686
"10-May-19",14.21,14.33,14.05,14.32,175686,7.60277
"13-May-19",14.06,14.14,13.74,13.81,352419,7.50912
"14-May-19",13.84,14.22,13.79,14.16,247565,6.839241
"15-May-19",13.96,14,13.67,13.89,214155,6.733896,4040365,
"16-May-19",13.92,14.2,13.92,14.05,161449,6.627102
"17-May-19",13.92,14.14,13.85,13.88,297578,6.27385
"20-May-19",13.79,14.02,13.788,13.85,195004,6.336463
"21-May-19",13.87,14.01,13.785,13.84,215938,6.183716
"22-May-19",13.8,13.82,13.57,13.67,213167,5.765625
"23-May-19",13.52,13.55,13.1,13.27,292692,6.343896
"24-May-19",13.34,13.53,13.26,13.45,332916,6.364645
"27-May-19",,,,,,6.628735
"28-May-19",13.44,13.55,13.27,13.41,343092,6.629496
"29-May-19",13.3,13.72,13.3,13.65,368229,6.525146
"30-May-19",13.69,13.86,13.35,13.5,385301,6.582994
"31-May-19",13.31,13.47,13.17,13.23,364729,6.547075,4352596
"03-Jun-19",13.23,13.57,13.23,13.46,307019,7.22969
"04-Jun-19",13.64,14.58,13.64,14.46,961314,7.126693
"05-Jun-19",14.47,14.52,14.13,14.39,554379,6.98679
"06-Jun-19",14.36,14.38,13.7,13.94,366085,7.632751
"07-Jun-19",13.85,13.85,13.55,13.72,300541,8.146108
"10-Jun-19",13.8,14.23,13.8,13.89,270987,8.292949
"11-Jun-19",13.99,14.14,13.85,13.9,231021,8.417425
"12-Jun-19",13.85,13.99,13.67,13.75,184983,8.163523
"13-Jun-19",13.87,14.06,13.8,13.95,178029,8.183429
"14-Jun-19",13.95,13.96,13.67,13.88,255473,8.337632,4279833,
"17-Jun-19",13.91,14.12,13.76,13.78,273933,10.446626
"18-Jun-19",13.83,14.22,13.74,14.19,301863,10.2449
"19-Jun-19",14.2,14.415,14.01,14.02,251106,9.964421
"20-Jun-19",14.05,14.06,13.5,13.86,374206
"21-Jun-19",13.8,13.91,13.615,13.67,458470
"24-Jun-19",13.71,13.79,13.43,13.44,261726,8.900193
"25-Jun-19",13.39,13.54,13.2,13.48,342550,8.59951
"26-Jun-19",13.55,13.74,13.49,13.53,213001,8.692136
"27-Jun-19",13.53,13.73,13.48,13.72,390717,9.703611
"28-Jun-19",13.81,14.15,13.81,13.97,891189,9.387842,4260499
"01-Jul-19",14.07,14.18,13.87,14,232703,9.112935,,
"02-Jul-19",13.97,14,13.6525,13.75,218847,7.960724
"03-Jul-19",13.82,13.97,13.74,13.89,95154,9.218038
"04-Jul-19",,,,,,9.172311
"05-Jul-19",13.97,14.3,13.89,14.26,210377,9.346316
"08-Jul-19",14.2,14.23,13.93,14.02,153840,9.413911
"09-Jul-19",13.92,14.06,13.79,13.97,262160,9.400849
"10-Jul-19",14.01,14.06,13.81,13.84,153559,9.47383
"11-Jul-19",13.84,13.89,13.65,13.82,193159,9.335251
"12-Jul-19",13.82,14.11,13.82,13.98,276000,9.262176
"15-Jul-19",13.99,14.06,13.63,13.68,223119,9.291938,3944152
"16-Jul-19",13.65,13.81,13.47,13.8,716709,8.83995
"17-Jul-19",13.77,13.85,13.59,13.7,210032,8.921115
"18-Jul-19",13.68,13.88,13.68,13.78,268621,8.99803
"19-Jul-19",13.77,13.93,13.73,13.75,351651,9.322863
"22-Jul-19",13.75,13.85,13.59,13.7,219056,9.390009
"23-Jul-19",13.7,13.93,13.7,13.92,880972,8.768935
"24-Jul-19",13.92,14.61,13.92,14.6,374686,8.912255
"25-Jul-19",15.51,15.95,14.98,15.48,1148249,8.383768
"26-Jul-19",15.46,15.55,15.14,15.21,496081,8.036701
"29-Jul-19",15.21,15.42,15.18,15.4,461597,6.898567
"30-Jul-19",15.25,15.64,15.25,15.58,282471
"31-Jul-19",15.62,15.88,15.59,15.63,682601,6.973533,3610184
"01-Aug-19",15.64,15.7,14.87,14.93,477527,6.794246
"02-Aug-19",14.85,14.93,14.59,14.8,476525,7.030607
"05-Aug-19",14.47,14.68,13.89,14.2,342663,7.07935
"06-Aug-19",14.26,14.36,13.81,14.25,298932,6.925708
"07-Aug-19",13.97,14.25,13.77,14.21,326646,6.991445
"08-Aug-19",14.33,14.7,14.29,14.67,342015,6.553285
"09-Aug-19",14.54,14.72,14.42,14.65,228150,6.609151
"12-Aug-19",14.5,14.675,14.42,14.66,183853,6.712915
"13-Aug-19",14.6,14.78,14.6,14.67,236582,6.737645
"14-Aug-19",14.38,14.56,14.31,14.44,340794,6.81714
"15-Aug-19",14.51,14.51,14.235,14.27,215863,6.912948,3491366,
"16-Aug-19",14.38,14.85,14.38,14.77,271196,6.991407
"19-Aug-19",14.98,15.16,14.87,15,206031,7.080296
"20-Aug-19",14.95,15.16,14.8801,14.92,202807,7.25109
"21-Aug-19",15.08,15.12,14.86,14.99,219311,7.312087
"22-Aug-19",15.07,15.17,14.79,14.81,240422,13.477859
"23-Aug-19",14.58,14.73,14.01,14.04,321369,7.50068
"26-Aug-19",14.21,14.41,14.03,14.36,245895,7.554321
"27-Aug-19",14.47,14.55,14.06,14.08,247136,7.353613
"28-Aug-19",14.05,14.53,14.05,14.41,176969,7.6194
"29-Aug-19",14.52,14.82,14.52,14.62,200540,7.662972
"30-Aug-19",14.67,14.79,14.45,14.57,161988,7.797529,3876174
"02-Sep-19",,,,,,7.825712
"03-Sep-19",14.45,14.45,14.13,14.34,326845,7.71281
"04-Sep-19",14.42,14.6604,14.38,14.48,144838,7.802336
"05-Sep-19",14.78,15.19,14.65,14.86,235967,8.300181
"06-Sep-19",14.89,15,14.77,14.85,145392,8.628216
"09-Sep-19",14.91,15.45,14.91,15.24,418380,8.711984
"10-Sep-19",15.23,15.315,15.02,15.14,355641,8.725427
"11-Sep-19",13.64,14.77,13.6,14.68,2145548,8.506688
"12-Sep-19",14.52,14.88,14.4346,14.8,442652,8.642026
"13-Sep-19",14.8,15.05,14.4,14.7,398318,10.359284,3806636,
"16-Sep-19",14.25,14.72,14.21,14.6,363558,11.596524
"17-Sep-19",14.51,14.52,14.1,14.3,284282,10.491514
"18-Sep-19",14.26,14.48,14.26,14.44,286349,9.868017
"19-Sep-19",14.54,14.67,14.33,14.33,310217,8.848741
"20-Sep-19",14.35,14.76,14.255,14.34,1139880,8.136859
"23-Sep-19",14.2,14.32,14.095,14.23,226935,8.485461
"24-Sep-19",14.17,14.26,13.88,13.88,405733,8.67432
"25-Sep-19",13.88,14.26,13.83,14.26,329224,8.57519
"26-Sep-19",14.17,14.29,14,14.06,192956,11.187965
"27-Sep-19",14.1,14.38,13.995,14.08,197851,8.510698
"30-Sep-19",14.08,14.29,13.99,14.14,281445,8.756544,3552047
"01-Oct-19",14.3,14.47,13.92,14.01,358851,9.22832,,
"02-Oct-19",13.89,14.02,13.74,13.82,248132,9.511711
"03-Oct-19",13.81,13.965,13.64,13.85,278342,9.599764
"04-Oct-19",13.87,14.045,13.82,14.04,260302,10.59029
"07-Oct-19",13.87,14.14,13.87,13.91,234698,10.505328
"08-Oct-19",13.75,13.8,13.4,13.48,290490,10.686435
"09-Oct-19",13.65,13.705,13.49,13.61,159727,10.759306
"10-Oct-19",13.79,13.905,13.75,13.81,150478,10.878606
"11-Oct-19",14.11,14.46,14.09,14.26,245602,10.841316
"14-Oct-19",14.17,14.35,14.1,14.22,173450,10.818059
"15-Oct-19",14.27,14.7501,14.18,14.66,234285,10.877785,3667676
"16-Oct-19",14.65,14.955,14.65,14.72,237437,10.963899
"17-Oct-19",14.84,14.94,14.73,14.81,164500,9.990485
"18-Oct-19",14.74,14.94,14.685,14.8,305255,10.008893
"21-Oct-19",14.89,15.16,14.89,15.02,292046,9.980033
"22-Oct-19",15.08,15.2,14.94,15.01,285828,9.989247
"23-Oct-19",14.19,14.43,13.5713,14.17,810586,10.115004
"24-Oct-19",14.22,14.225,13.83,13.87,628601,10.104296
"25-Oct-19",13.88,13.96,13.715,13.88,421825,10.188221
"28-Oct-19",13.99,14.07,13.75,13.92,379197,10.790906
"29-Oct-19",13.91,13.97,13.745,13.79,362890,10.605579
"30-Oct-19",13.76,14.01,13.56,13.67,384057,10.608604
"31-Oct-19",13.6,13.79,13.42,13.77,328511,9.961507,3239648
"01-Nov-19",13.86,14.11,13.83,14,471316,9.86271
"04-Nov-19",14.19,14.44,14.06,14.39,421333,9.835333
"05-Nov-19",14.5,14.74,14.34,14.39,407430,9.946593
"06-Nov-19",14.37,14.51,14.29,14.47,228439,10.129818
"07-Nov-19",14.56,14.79,14.39,14.47,235265,10.149182
"08-Nov-19",14.48,14.57,14.31,14.38,426462,10.168107
"11-Nov-19",14.34,14.75,14.28,14.73,425245,10.073138
"12-Nov-19",14.76,14.9173,14.7,14.81,160833,10.174036
"13-Nov-19",14.66,14.96,14.53,14.88,470147,10.257633
"14-Nov-19",14.85,14.94,14.71,14.73,254541
"15-Nov-19",14.76,14.76,14.56,14.66,200581,10.244936,3163402,
"18-Nov-19",14.6,14.69,14.45,14.66,222132,10.262229
"19-Nov-19",14.69,14.92,14.65,14.91,172055,10.17666
"20-Nov-19",14.8,14.97,14.59,14.89,553830,9.94608
"21-Nov-19",14.97,15.01,14.725,14.96,216513,10.167593
"22-Nov-19",15,15.06,14.91,14.98,172827,10.736233
"25-Nov-19",15.07,15.375,14.9617,15.34,225297,10.871495
"26-Nov-19",15.22,15.36,15.08,15.14,221663,11.668065
"27-Nov-19",15.18,15.49,15.18,15.4,333151,11.597242
"28-Nov-19",,,,,,11.548537
"29-Nov-19",15.32,15.56,15.31,15.36,138365,11.597854,3413191
"02-Dec-19",15.4,15.6,15.18,15.35,281308,11.65968
"03-Dec-19",15.14,15.26,15.04,15.24,243859,11.699885
"04-Dec-19",15.32,15.93,15.31,15.88,399915,11.797021
"05-Dec-19",15.96,16.055,15.72,15.91,576721,11.323904
"06-Dec-19",16.01,16.28,15.95,16.17,440112,11.457481
"09-Dec-19",16.09,16.21,16,16.12,349048,11.376882
"10-Dec-19",16.09,16.18,15.88,15.99,298863,11.325212
"11-Dec-19",16.01,16.11,15.815,15.98,161101,11.820995
"12-Dec-19",15.94,16.35,15.94,16.26,513760,12.830802
"13-Dec-19",16.24,16.4,16.06,16.3,275296,13.937438,3747675
"16-Dec-19",16.5,16.62,16.26,16.27,1010229,13.752941
"17-Dec-19",16.24,16.93,16.141,16.9,393770,14.042365,,
"18-Dec-19",16.97,17.21,16.8,17.14,338760,14.865521
"19-Dec-19",17.24,17.24,16.94,17,413582,15.675702
"20-Dec-19",17.03,17.14,16.9,17.09,905272,11.931129
"23-Dec-19",17.24,17.28,16.89,17.02,343932,12.256382
"24-Dec-19",17.04,17.38,17.04,17.36,131366
"25-Dec-19",,,,,,11.839793
"26-Dec-19",17.34,17.3829,17.11,17.17,133665,12.205523
"27-Dec-19",17.26,17.26,17,17.01,148640
"30-Dec-19",17.01,17.17,16.92,17.06,277458,12.289717
"31-Dec-19",17.12,17.28,17.08,17.18,243877,12.292186,3681026
"01-Jan-20",,,,,,12.264746
"02-Jan-20",17.31,17.31,16.84,17.07,290426,12.257696,,
"03-Jan-20",16.84,17.13,16.835,16.93,332847,12.390127
"06-Jan-20",16.87,16.94,16.57,16.85,281545,12.478583
"07-Jan-20",16.72,16.91,16.61,16.69,218709,12.475695
"08-Jan-20",16.67,16.9,16.67,16.78,201348,12.40606
"09-Jan-20",16.99,17.02,16.84,16.91,150061,12.440234
"10-Jan-20",17,17.15,16.83,16.96,232421,12.525457
"13-Jan-20",16.96,17.09,16.89,17.04,229433,12.447528
"14-Jan-20",17.04,17.25,16.93,17.1,286317,12.509293
"15-Jan-20",16.91,17.15,16.845,17.03,318843,12.077205,3570136
"16-Jan-20",17.14,17.49,17.14,17.34,413946,11.85246
"17-Jan-20",17.49,17.53,17.38,17.45,217364,12.085554
"20-Jan-20",,,,,,11.970962
"21-Jan-20",17.42,17.46,17.11,17.16,327722,11.850485
"22-Jan-20",17.16,17.37,17.09,17.36,365188,11.852761
"23-Jan-20",17.55,19.12,17.3,17.6,762065,11.702777
"24-Jan-20",16.79,17.03,16.11,16.69,677976,12.296375
"27-Jan-20",16.28,16.85,16.28,16.79,321068,12.626694
"28-Jan-20",16.91,16.99,16.79,16.8,255522,12.780854
"29-Jan-20",16.73,16.85,16.35,16.39,247941,12.402034
"30-Jan-20",16.33,16.51,16.15,16.36,256740,12.473358
"31-Jan-20",16.21,16.29,15.86,15.96,378101,12.982035,3956638
"03-Feb-20",16.04,16.435,15.9,16.38,406382,13.048085
"04-Feb-20",16.63,16.875,16.63,16.69,339823,13.154533
"05-Feb-20",16.89,17.04,16.85,16.9,300562,13.314577
"06-Feb-20",16.9,16.97,16.71,16.71,177211,13.304688
"07-Feb-20",16.63,16.6876,16.36,16.43,286893,13.583254
"10-Feb-20",16.41,16.54,16.4,16.53,133569,13.803275,,
"11-Feb-20",16.83,17.12,16.76,17.02,446086,13.233047
"12-Feb-20",17.18,17.305,16.92,16.99,223349,13.38782
"13-Feb-20",16.89,17.02,16.85,16.92,132848,13.357488
"14-Feb-20",16.88,16.98,16.8,16.96,205847,13.392859,3544902
"17-Feb-20",,,,,,13.269486
"18-Feb-20",16.91,17.03,16.82,17.01,208397,13.311783
"19-Feb-20",17.13,17.17,16.99,17.02,125779,13.283598
"20-Feb-20",16.99,17.22,16.92,17.16,181817,13.383627
"21-Feb-20",17.12,17.12,16.74,17,175818,13.640452
"24-Feb-20",16.46,16.97,16.42,16.95,332128,13.538063
"25-Feb-20",16.89,17.03,16.59,16.85,741362,13.425103
"26-Feb-20",16.98,17.16,16.69,16.88,832184,13.092021
"27-Feb-20",16.5,17.01,16.14,16.14,965829,12.433827
"28-Feb-20",15.66,16.05,15.05,15.33,685293,12.232825,4006734
"02-Mar-20",15.3,15.72,15.105,15.68,494906,12.379496
"03-Mar-20",15.66,16.09,14.86,14.96,573420,10.915671
"04-Mar-20",15.16,15.38,14.765,15.34,299001,10.195403
"05-Mar-20",14.86,15.05,14.43,14.56,600258,9.830307
"06-Mar-20",13.8,14.68,13.5,13.9,423356,9.876903
"09-Mar-20",12.55,12.825,12.06,12.09,682857,9.424811
"10-Mar-20",12.49,12.5,11.69,12.15,752712,9.123678
"11-Mar-20",11.75,11.98,11.39,11.9,571222,9.064858
"12-Mar-20",11.23,12.28,10.69,11.22,615463,9.449531
"13-Mar-20",11.84,12.66,11.395,12.35,558724,10.661955,3116365,
"16-Mar-20",10.81,11.36,10.36,10.4,491051,11.22659
"17-Mar-20",10.61,10.82,9.65,10.38,749395,9.851306
"18-Mar-20",9.75,10.01,7.3601,7.81,721165,10.3965
"19-Mar-20",7.99,9.43,7.13,9.24,842649,9.890771
"20-Mar-20",9.22,9.41,8.3,8.52,733128,10.446321
"23-Mar-20",8.39,8.7,7.22,7.53,579943,10.4749
"24-Mar-20",7.95,8.1,7.56,8.09,506420,10.641566
"25-Mar-20",8.01,8.79,7.35,8.63,759401,10.059119
"26-Mar-20",8.69,9.3,8.46,8.92,668919,10.00804
"27-Mar-20",8.45,8.45,7.89,7.93,570107,10.070575
"30-Mar-20",7.96,7.96,7.46,7.72,361298,10.081812
"31-Mar-20",7.58,8.175,7.55,8,493421,9.825319,2290763
"01-Apr-20",7.57,7.6612,6.86,6.91,450430,9.696964,,
"02-Apr-20",6.81,7.2,6.7101,7.16,397747,9.535625
"03-Apr-20",7.14,7.23,6.44,6.55,416141,9.457843
"06-Apr-20",6.85,7.215,6.81,7.15,383786,9.21194
"07-Apr-20",7.41,8.22,7.392,7.64,435410,8.881284
"08-Apr-20",7.77,8.42,7.7,8.07,365029,8.453359
"09-Apr-20",8.43,9.465,8.42,9.39,500177,8.212562
"10-Apr-20",,,,,,8.12727
"13-Apr-20",9.91,9.91,9,9.3,442130,7.922634
"14-Apr-20",9.7,9.77,9.01,9.32,363738,7.881385
"15-Apr-20",8.99,9.01,8.43,8.54,372582,7.809635,2073345
"16-Apr-20",8.57,8.78,7.88,8.36,427191,7.697064
"17-Apr-20",8.72,9.18,8.72,8.98,365926,7.733671
"20-Apr-20",8.69,9.44,8.69,9.08,266593,7.733145
"21-Apr-20",8.68,9.06,8.57,8.92,194702,7.978035
"22-Apr-20",9.15,9.19,8.63,8.8,194169,8.076695
"23-Apr-20",8.76,9.32,8.71,9.11,177108,8.096885
"24-Apr-20",9.19,9.625,9,9.48,202259,8.358983
"27-Apr-20",9.61,10.37,9.61,10.24,181316,8.496216
"28-Apr-20",10.76,11.06,10.54,10.78,240454,8.278741
"29-Apr-20",10.19,11.06,9.6471,10.91,501516,8.3094
"30-Apr-20",10.58,10.88,10.08,10.42,628271,8.156567,2021260
"01-May-20",10.29,10.39,9.945,10.23,294856,8.183201
"04-May-20",9.93,10.05,9.55,9.73,243207,7.796935
"05-May-20",10.07,10.3,9.62,9.68,220712,7.80516
"06-May-20",9.73,9.85,9.23,9.53,270521,7.713927
"07-May-20",9.68,10.16,9.64,9.88,256443,7.846033
"08-May-20",10.21,10.67,9.95,10.63,238785,7.657715
"11-May-20",10.32,10.32,9.83,9.89,244523,7.666408
"12-May-20",9.93,9.95,8.93,8.98,234053,7.770348
"13-May-20",8.76,8.82,8.335,8.76,334455,7.573378
"14-May-20",8.44,8.68,8.095,8.4,542877,7.418948
"15-May-20",8.36,8.5,8.26,8.39,462417,7.317993,1976648,
"18-May-20",8.86,10.41,8.86,10.4,505081,7.13127
"19-May-20",10.29,10.59,9.85,10,404389,7.024504
"20-May-20",10.31,10.87,10.18,10.75,267174,6.982738
"21-May-20",10.67,10.9299,10.53,10.59,162511,6.868572
"22-May-20",10.73,10.8,10.3038,10.65,107592,7.000277
"25-May-20",,,,,,6.99703
"26-May-20",11.03,11.71,11.025,11.61,314090,6.80576
"27-May-20",12.21,12.66,11.97,12.32,414904,6.872963
"28-May-20",12.63,12.63,11.37,11.4,354535,7.081121
"29-May-20",11.19,11.44,10.6302,10.95,406408,6.68119,1953850
"01-Jun-20",11.17,11.29,10.81,10.82,313856,6.651413
"02-Jun-20",11.07,11.22,10.73,10.84,261400,6.785317
"03-Jun-20",11.21,11.6,11.118,11.4,338928,6.746864
"04-Jun-20",11.43,12.34,11.3517,12.29,565315,6.630309
"05-Jun-20",13,13.67,12.79,12.79,552272,6.284942
"08-Jun-20",13.27,13.47,12.81,13.1,292761,5.828425
"09-Jun-20",12.81,13.55,12.71,13.17,331980,5.803251
"10-Jun-20",12.91,13.005,11.81,12.09,281317,5.687549
"11-Jun-20",11.17,11.26,10.26,10.5,279088,5.92066
"12-Jun-20",11.05,11.12,10.1763,10.73,379060,6.486477,,
"15-Jun-20",10.12,10.94,9.94,10.73,349710,7.692432,1950895
"16-Jun-20",11.34,11.34,10.65,11.15,261051,5.746955
"17-Jun-20",11.16,11.28,10.57,10.64,480405,5.871122
"18-Jun-20",10.75,11.62,10.645,11.12,424910,5.909819
"19-Jun-20",11.28,11.28,10.4,10.91,606384,6.000909
"22-Jun-20",10.78,10.92,10.48,10.85,219346,6.245328
"23-Jun-20",11.01,11.08,10.65,10.71,240486,6.496068
"24-Jun-20",10.5,10.5,9.925,10.11,368510,6.81138
"25-Jun-20",9.92,10.61,9.841,10.6,234810,6.875806
"26-Jun-20",10.29,10.29,9.395,9.57,577751,6.703626
"29-Jun-20",9.79,10.47,9.7,10.44,253669,6.896778
"30-Jun-20",10.26,10.96,10.26,10.83,278238,6.482107,1746781
"01-Jul-20",10.86,10.96,9.99,10.05,287518,6.567693,,
"02-Jul-20",10.51,10.64,9.99,10.11,270989,6.56516
"03-Jul-20",,,,,,6.582758
"06-Jul-20",10.49,10.56,9.92,10.23,215809,6.709856
"07-Jul-20",10,10.11,9.75,9.86,218549,6.755243
"08-Jul-20",9.71,9.895,9.54,9.86,215792,6.866838
"09-Jul-20",9.74,9.74,9.19,9.31,271278,6.845065
"10-Jul-20",9.33,10.19,9.23,10.08,399985,6.871693
"13-Jul-20",10.29,10.355,9.73,10.14,318824,6.851847
"14-Jul-20",10.11,10.19,9.6,9.72,291107,7.231314
"15-Jul-20",10.13,10.59,10.01,10.53,356243,7.31442,1708284
"16-Jul-20",10.36,10.5811,10.14,10.33,204046,7.214983
"17-Jul-20",10.31,10.33,9.92,10,390792,7.06227
"20-Jul-20",9.84,10.06,9.54,9.6,320108,7.321004
"21-Jul-20",9.75,10.3925,9.75,10.35,308931,7.101715
"22-Jul-20",10.14,10.23,9.93,10.2,231760,6.726956
"23-Jul-20",10.23,11.24,10.23,10.96,389015,6.629761
"24-Jul-20",10.84,11.14,10.83,10.99,268361,6.647116
"27-Jul-20",10.97,11.12,10.64,10.96,229017,6.655822
"28-Jul-20",10.81,11.135,10.75,10.99,184161,6.704704
"29-Jul-20",10.98,11.3,10.9,11.28,155282,6.700098
"30-Jul-20",10.86,11.11,10.76,10.94,209933,6.721622
"31-Jul-20",10.76,10.93,10.36,10.72,250575,6.662235,1565508
"03-Aug-20",10.76,10.92,10.62,10.85,226135,6.727841
"04-Aug-20",10.73,10.82,10.57,10.79,201947,6.801272
"05-Aug-20",10.99,11.24,10.84,11.22,165339,6.617911
"06-Aug-20",11.18,11.33,10.99,11.12,150516,6.598239
"07-Aug-20",10.98,11.65,10.8801,11.6,213799,6.464504
"10-Aug-20",11.71,12.36,11.66,11.88,230709,6.326028
"11-Aug-20",12.25,12.445,11.96,12.02,234547,6.617333
"12-Aug-20",12.36,12.36,11.83,12.02,152280,6.411515,,
"13-Aug-20",11.86,11.92,11.7,11.78,128914,6.468128
"14-Aug-20",11.62,12.165,11.61,11.96,162119,6.465802,1511713
"17-Aug-20",11.88,11.93,11.5,11.66,161444,6.215118
"18-Aug-20",11.59,11.59,11.26,11.33,140529,6.00884
"19-Aug-20",11.43,11.72,11.3,11.48,153844,6.005951
"20-Aug-20",11.18,11.45,11.18,11.27,98665,5.970829
"21-Aug-20",11.16,11.3209,11.03,11.21,150573,5.820245
"24-Aug-20",11.3,11.86,11.1,11.8,122820,5.780702
"25-Aug-20",11.99,12.08,11.74,11.95,143235,5.751638
"26-Aug-20",11.91,11.97,11.23,11.26,191098,5.884267
"27-Aug-20",11.34,11.56,11.2,11.31,178965,5.82076
"28-Aug-20",11.5,11.5,11.0525,11.27,184360,5.8077
"31-Aug-20",11.25,11.33,10.99,10.99,230279,5.402532,1433777
"01-Sep-20",10.87,11.2425,10.71,11.15,206622,5.610259
"02-Sep-20",11.08,11.61,10.95,11.54,289121,5.615917
"03-Sep-20",11.77,12.77,11.77,12.25,379017,5.688963
"04-Sep-20",12.65,12.66,12.05,12.44,298121,5.372403
"07-Sep-20",,,,,,5.477619
"08-Sep-20",12.2,12.23,11.46,11.47,223626,5.248482
"09-Sep-20",11.58,11.58,11.1,11.18,164882,5.56974
"10-Sep-20",11.26,11.2805,10.86,10.88,160535,5.677116
"11-Sep-20",10.85,10.85,10.47,10.69,185618,5.538749
"14-Sep-20",10.78,11.14,10.58,11.1,175606,7.060163,,
"15-Sep-20",11.18,11.22,10.85,10.95,165064,8.596713,1313212
"16-Sep-20",10.89,11.04,10.76,10.84,279955,6.08979
"17-Sep-20",10.78,10.83,10.64,10.69,182200,5.713924
"18-Sep-20",10.73,10.73,10.28,10.59,679801,5.630311
"21-Sep-20",10.27,10.41,9.71,9.85,215929,5.722672
"22-Sep-20",9.81,9.97,9.451,9.52,190964,4.975239
"23-Sep-20",9.48,9.78,9.09,9.12,214886,5.390944
"24-Sep-20",9.17,9.81,9,9.63,262895,5.430914
"25-Sep-20",9.63,9.84,9.62,9.69,135014,5.359498
"28-Sep-20",9.94,10.26,9.94,10.02,153814,5.401078
"29-Sep-20",10.03,10.19,9.89,10.15,238513,4.598703
"30-Sep-20",10.21,10.43,10.02,10.12,198577,4.510189,1072748
"01-Oct-20",10.02,10.3,9.96,10.29,199657,4.424566,,
"02-Oct-20",9.98,10.7,9.98,10.61,160350,4.297739
"05-Oct-20",10.83,11.12,10.77,11.07,149252,4.435217
"06-Oct-20",11.31,11.54,10.78,10.78,253129,4.460143
"07-Oct-20",10.95,11.23,10.95,11.16,275857,4.361869
"08-Oct-20",11.37,11.77,11.078,11.6,153199,4.275444
"09-Oct-20",11.84,11.85,11.415,11.43,132032,4.114616
"12-Oct-20",11.36,11.67,11.3,11.59,83318,4.2208
"13-Oct-20",11.45,11.62,11.15,11.17,158012,4.271823
"14-Oct-20",11.03,11.2,10.64,10.66,149099,4.168975
"15-Oct-20",10.51,11.08,10.51,11.02,129555,4.176441,1000629
"16-Oct-20",10.97,11.2,10.84,11.05,160897,4.131682
"19-Oct-20",11.11,11.43,10.98,11.1,116057,4.252343
"20-Oct-20",11.31,11.59,11.29,11.35,90544,4.266348
"21-Oct-20",11.34,11.63,11.28,11.42,82224,4.302383
"22-Oct-20",11.78,12.61,11.42,11.74,241690,4.335112
"23-Oct-20",12.24,12.76,11.93,12.24,229990,4.332229
"26-Oct-20",12.14,12.21,11.94,12.13,306858,3.412773
"27-Oct-20",12.07,12.27,11.65,11.68,185905,3.735928
"28-Oct-20",11.27,11.77,11.27,11.42,232021,3.556991
"29-Oct-20",11.42,11.91,11.36,11.87,203737,3.511427
"30-Oct-20",12.05,12.47,11.89,12,280287,3.173226,932229
"02-Nov-20",12.25,12.57,11.97,12.55,263167,3.331249
"03-Nov-20",12.82,12.9,12.51,12.81,160641,3.481072
"04-Nov-20",12.47,12.47,11.55,11.68,284602,3.623065
"05-Nov-20",11.75,12.67,11.74,12.49,239655,3.686351
"06-Nov-20",12.62,12.62,12.08,12.13,103127,3.688214
"09-Nov-20",13.71,14.3,13.46,13.76,386732,3.657418
"10-Nov-20",14.02,14.18,13.685,13.84,317258,3.566111
"11-Nov-20",13.92,13.92,13.08,13.24,155767,3.587654
"12-Nov-20",12.95,13.16,12.37,12.66,429011,3.242803
"13-Nov-20",12.95,13.35,12.78,13.06,252896,3.054578,859858
"16-Nov-20",13.63,14.08,13.27,13.8,166899,2.649009
"17-Nov-20",13.49,13.74,13.25,13.47,222953,2.867475
"18-Nov-20",13.62,13.97,13.43,13.43,340141,2.899819,,
"19-Nov-20",13.37,13.57,13.21,13.51,152193,2.811
"20-Nov-20",13.29,13.29,12.94,13.2,103695,2.744407
"23-Nov-20",13.47,13.8,13.02,13.77,295444,2.671393
"24-Nov-20",14.1,14.72,14.05,14.37,180953,2.888679
"25-Nov-20",14.16,14.39,13.9,14.24,113647,2.984756
"26-Nov-20",,,,,,2.929152
"27-Nov-20",14.17,14.18,13.77,14.03,114905,3.509791
"30-Nov-20",13.81,13.9,13.18,13.3,364990,3.503943,801729
"01-Dec-20",13.7,13.93,13.54,13.76,169918,3.512839
"02-Dec-20",13.8,14.24,13.68,14.11,133829,3.656212
"03-Dec-20",14.12,14.19,13.77,14,88356,3.724709
"04-Dec-20",14.23,14.69,14.17,14.64,155801,3.871285
"07-Dec-20",14.55,14.72,14.28,14.63,101570,3.954774
"08-Dec-20",14.38,14.74,14.33,14.68,87166,4.070852
"09-Dec-20",14.85,14.99,14.45,14.71,292784,4.262912
"10-Dec-20",14.42,14.6,14.2391,14.56,195253,4.226549
"11-Dec-20",14.27,14.6,14.27,14.49,142458,4.232305
"14-Dec-20",14.74,14.74,14.3,14.45,114762,4.127094,,
"15-Dec-20",14.6,15.01,14.39,14.93,155661,5.532149,785652
"16-Dec-20",15.04,15.04,14.62,14.81,150770,4.315983
"17-Dec-20",14.79,14.79,14.44,14.73,160209,3.981592
"18-Dec-20",14.73,14.95,14.48,14.75,682605,3.802258
"21-Dec-20",14.82,14.855,14.38,14.8,276816,4.298727
"22-Dec-20",14.84,14.95,14.57,14.65,121074,5.130005
"23-Dec-20",14.83,15.09,14.705,14.97,120408,5.118538
"24-Dec-20",15.05,15.05,14.78,14.96,55494,5.139199
"25-Dec-20",,,,,,5.207404
"28-Dec-20",15.05,15.22,14.8901,15.03,149459,4.967867
"29-Dec-20",15.1,15.1,14.56,14.74,93081,4.840758
"30-Dec-20",14.81,15,14.56,14.67,155370,4.718583
"31-Dec-20",14.67,14.97,14.56,14.71,204321,4.66778,1006344
"01-Jan-21",,,,,,4.610691
"04-Jan-21",14.92,15.1,14.51,15.01,232182,4.414519,,
"05-Jan-21",14.93,15.79,14.81,15.42,248711,3.335038
"06-Jan-21",16,17.34,16,17,389652,3.276354
"07-Jan-21",17.05,17.55,16.95,17.35,270602,3.282378
"08-Jan-21",17.69,17.69,16.66,17,251411,3.246647
"11-Jan-21",16.73,17.36,16.73,17.18,140645,3.280008
"12-Jan-21",17.33,17.65,17.27,17.39,95515,3.059815
"13-Jan-21",17.31,17.43,17.065,17.32,194644,3.034072
"14-Jan-21",17.5,17.93,17.33,17.75,232745,3.034321
"15-Jan-21",17.32,17.7,17.29,17.42,195231,2.926785,997231
"18-Jan-21",,,,,,2.86995
"19-Jan-21",17.51,18.16,17.17,17.76,273522,2.974863
"20-Jan-21",17.87,18.25,17.76,17.95,212869,3.018166
"21-Jan-21",18.53,19.38,17.35,17.64,376692,2.93313
"22-Jan-21",17.56,17.94,17.26,17.9,237250,2.826371
"25-Jan-21",17.7,18.12,17.515,17.95,255568,2.938355
"26-Jan-21",18,18.08,17.675,17.76,197077,2.776485
"27-Jan-21",17.14,17.46,16.57,17,248166,2.70173
"28-Jan-21",17.34,17.82,17.18,17.56,252081,2.976425
"29-Jan-21",17.51,17.55,16.55,16.85,195797,2.859443,1010927
"01-Feb-21",16.98,17.39,16.62,17.28,118840,2.839621
"02-Feb-21",17.52,17.97,17.33,17.92,142536,2.721801
"03-Feb-21",17.92,17.985,17.3,17.66,107189,2.686264
"04-Feb-21",17.73,18.16,17.73,18.09,153224,2.766458
"05-Feb-21",18.32,18.32,17.7291,18.02,94270,2.890733
"08-Feb-21",18.1,18.74,18.1,18.72,122494,2.699252
"09-Feb-21",18.71,19.49,18.7,19.24,223216,2.813509,,
"10-Feb-21",19.43,19.62,19.2,19.3,170425,2.80784
"11-Feb-21",19.92,20,18.8,19.16,197821,2.742601
"12-Feb-21",19.05,19.58,18.89,19.07,163523,2.815297,1140394
"15-Feb-21",,,,,,2.878575
"16-Feb-21",19.36,19.7,19.25,19.44,128584,2.697311
"17-Feb-21",19.24,19.37,18.79,18.94,158390,2.650181
"18-Feb-21",18.79,19.04,18.61,18.63,90832,2.616794
"19-Feb-21",18.75,19.1,18.75,19.09,156090,2.510206
"22-Feb-21",19.05,19.55,19.05,19.32,240455,2.623288
"23-Feb-21",19.46,19.46,18.91,18.92,224740,2.669606
"24-Feb-21",19,19.33,18.9,19.21,314155,2.665401
"25-Feb-21",19.48,19.66,18.73,18.92,239213,2.42765
"26-Feb-21",18.84,19.43,18.4201,18.56,308563,2.20184,983713
"01-Mar-21",18.97,19.4,18.45,19.25,365218,2.278304
"02-Mar-21",19.24,19.65,18.95,18.99,211820,2.288189
"03-Mar-21",19.09,19.69,19.09,19.14,277803,2.284668
"04-Mar-21",19.12,19.7,18.94,19.15,191622,2.259354
"05-Mar-21",19.66,19.66,18.905,19.42,270475,2.148364
"08-Mar-21",19.59,20.89,19.55,20.8,445657,2.049472
"09-Mar-21",20.69,20.72,19.91,20.51,271601,2.027634
"10-Mar-21",20.53,21,20.32,20.94,299584,2.212862
"11-Mar-21",20.94,20.96,20.49,20.96,248501,2.133064
"12-Mar-21",21,21.4,20.99,21.32,217900,2.18693,,
"15-Mar-21",21.24,21.24,20.21,20.61,190535,2.815308,945076
"16-Mar-21",20.37,20.5,19.88,20.41,166331,2.066583
"17-Mar-21",20.5,20.895,20.16,20.29,179746,2.049375
"18-Mar-21",20.42,21.35,20.31,20.43,216117,2.076158
"19-Mar-21",20.26,20.605,19.63,20.45,563425,2.057895
"22-Mar-21",20.24,20.24,19.3,19.54,178414,2.079489
"23-Mar-21",18.56,18.845,18.18,18.41,1062871,1.878285
"24-Mar-21",18.74,18.93,18.32,18.34,898019,1.711016
"25-Mar-21",18.21,18.8,18.035,18.69,560739,1.778594
"26-Mar-21",19.01,19.1,18.46,18.66,333380,1.711938
"29-Mar-21",18.38,18.69,18.08,18.11,323639,1.75472
"30-Mar-21",18.24,18.7,18.2,18.29,285420,2.060799
"31-Mar-21",18.2,18.45,17.98,18.08,328890,1.833386,1363797
"01-Apr-21",17.95,18.31,17.81,18.24,281611,1.635147,,
"02-Apr-21",,,,,,1.635147
"05-Apr-21",18.54,18.66,18.09,18.29,245627,1.490554
"06-Apr-21",18.26,18.49,18.21,18.4,229302,1.692895
"07-Apr-21",18.49,18.6,18,18.06,205372,1.747952
"08-Apr-21",18.01,18.27,17.83,18.13,184763,1.923717
"09-Apr-21",18.28,18.65,18.26,18.55,249093,1.968436
"12-Apr-21",18.52,18.82,18.42,18.71,318312,1.917114
"13-Apr-21",18.53,18.545,18.13,18.33,267786,1.98469
"14-Apr-21",18.17,18.87,18.17,18.59,227591,2.115182
"15-Apr-21",18.63,18.63,18.01,18.27,198733,2.156119,1487053
"16-Apr-21",18.62,18.81,18.06,18.24,183051,2.173729
"19-Apr-21",18.22,18.46,17.93,18.18,216254,2.085946
"20-Apr-21",17.97,18.01,17.35,17.35,344859,2.055361
"21-Apr-21",17.31,17.9,17.06,17.84,513920,2.063828
"22-Apr-21",17.82,18,17,17.26,309529,2.004128
"23-Apr-21",17.12,17.74,17.12,17.54,202174,1.699952
"26-Apr-21",17.7,17.96,17.5,17.59,249670,1.69938
"27-Apr-21",17.73,17.7523,17.38,17.58,182331,1.888582
"28-Apr-21",17.79,17.94,17.5,17.83,210909,2.495616
"29-Apr-21",18.16,18.47,18.125,18.3,416556,2.554977
"30-Apr-21",18.42,18.52,17.87,17.9,284414,2.900703,1518098
"03-May-21",18.08,18.2,17.75,18,378212,3.076519
"04-May-21",17.81,18.29,17.74,18.14,207097,3.167983
"05-May-21",18.3,18.44,17.92,18.24,432584,3.144281
"06-May-21",18.21,18.4099,18.01,18.34,219225,3.105725
"07-May-21",18.01,18.37,18.01,18.19,191945,3.032788
"10-May-21",18.24,18.38,17.7,17.72,225120,2.337773
"11-May-21",17.47,17.81,17.35,17.4,226215,2.315006
"12-May-21",17.49,17.77,17.1,17.15,218985,2.356299
"13-May-21",17.23,17.9,17.23,17.65,237413,2.297128
"14-May-21",17.74,17.91,17.53,17.87,189999,2.309886,1863356,
"17-May-21",17.78,17.85,17.55,17.66,142350,2.310573
"18-May-21",17.63,17.78,17.37,17.7,332584,2.40311
"19-May-21",17.45,17.61,17.09,17.51,166967,2.43138
"20-May-21",17.53,17.53,17.2,17.49,142925,2.7036
"21-May-21",17.66,17.97,17.56,17.82,244701,2.755168
"24-May-21",17.89,17.89,17.61,17.73,165344,2.529213
"25-May-21",17.7,17.97,17.18,17.2,283157,2.684302
"26-May-21",17.21,17.42,17.09,17.37,152669,2.726759
"27-May-21",17.6,17.77,17.42,17.52,334106,2.56127
"28-May-21",17.54,17.56,17.27,17.51,212453,2.524215,1944280
"31-May-21",,,,,,2.521768
"01-Jun-21",17.7,17.88,17.56,17.67,230083,2.499891
"02-Jun-21",17.74,17.79,17.55,17.65,433640,2.473217
"03-Jun-21",17.62,18.09,17.46,18,368547,2.516635
"04-Jun-21",18.05,18.06,17.72,18.05,293472,2.686851
"07-Jun-21",18.11,18.31,18.06,18.22,606366,2.618234
"08-Jun-21",18.07,18.44,18.01,18.38,361177,2.557457
"09-Jun-21",18.24,18.34,18.11,18.25,276071,3.70567
"10-Jun-21",18.52,18.56,18.2,18.25,313468,4.162315
"11-Jun-21",18.32,18.52,18.32,18.36,187360,4.698653
"14-Jun-21",18.32,18.4,17.9,17.98,271119,6.424236,,
"15-Jun-21",17.95,18.19,17.81,18.06,171843,7.462539,2244008
"16-Jun-21",17.96,18.37,17.76,18.3,225697,5.633548
"17-Jun-21",18.32,18.48,17.46,17.5,344637,5.580765
"18-Jun-21",17.3,17.39,16.85,16.92,1002389,5.465977
"21-Jun-21",17.07,17.41,17.04,17.28,353937,3.483413
"22-Jun-21",17.3,17.4,17.01,17.36,254626,4.623735
"23-Jun-21",17.41,17.64,17.33,17.44,193987,4.309551
"24-Jun-21",17.54,17.68,17.23,17.44,217429,4.524905
"25-Jun-21",17.52,17.77,17.41,17.68,692034,4.763225
"28-Jun-21",17.59,17.59,17.14,17.3,308390,4.818577
"29-Jun-21",17.34,17.61,17.25,17.32,161468,4.382666
"30-Jun-21",17.18,17.58,17.1701,17.54,384987,4.55613,2429792
"01-Jul-21",17.72,17.72,17.4901,17.61,160257,4.411622,,
"02-Jul-21",17.58,17.58,17.35,17.39,231065,4.48415
"06-Jul-21",17.33,17.33,16.72,16.9,286428,4.43848
"07-Jul-21",16.74,16.99,16.54,16.7,274005,4.544348
"08-Jul-21",16.19,16.57,16.07,16.43,382254,4.377178
"09-Jul-21",16.8,17.01,16.64,17.01,284051,4.000192
"12-Jul-21",16.82,17.21,16.7,17.04,194777,4.124361
"13-Jul-21",16.95,16.95,16.53,16.55,240348,4.314591
"14-Jul-21",16.57,16.83,16.26,16.36,214280,4.649213
"15-Jul-21",16.22,16.78,16.15,16.57,313824,4.518523,2475661
"16-Jul-21",16.77,16.95,16.19,16.2,182382,5.210173
"19-Jul-21",15.76,15.95,15.51,15.64,318819,4.95914
"20-Jul-21",15.62,16.69,15.4,16.24,384733,5.034202
"21-Jul-21",16.49,16.85,16.45,16.5,160362,3.897412
"22-Jul-21",17.71,17.71,16.82,16.94,405061,4.336522
"23-Jul-21",17.69,17.7,17.1,17.36,394078,4.147221
"26-Jul-21",17.4,17.84,17.35,17.83,386934,4.114845
"27-Jul-21",17.68,17.85,17.34,17.41,245471,3.757583
"28-Jul-21",17.54,17.66,17.05,17.29,214669,3.761098
"29-Jul-21",17.47,17.47,17.16,17.35,183155,3.714199
"30-Jul-21",17.27,17.62,17.09,17.12,233375,3.737831,2557242
"02-Aug-21",17.14,17.62,16.82,16.9,207037,3.82319
"03-Aug-21",16.93,17.26,16.67,17.25,239014,3.713247
"04-Aug-21",16.95,17.185,16.89,16.92,190117,3.630238
"05-Aug-21",17.06,17.24,17.05,17.2,209378,3.550358
"06-Aug-21",17.56,17.93,17.39,17.84,195132,3.355136
"09-Aug-21",17.84,17.84,17.46,17.47,119562,3.434482
"10-Aug-21",17.41,17.96,17.2215,17.94,171587,3.65939,,
"11-Aug-21",17.96,18.4,17.8234,18.38,141081,3.606023
"12-Aug-21",18.38,18.5,18.07,18.23,123996,3.62312
"13-Aug-21",18.15,18.15,17.965,18.05,99823,3.545538,2608215
"16-Aug-21",17.87,18.159,17.5,18.04,135272,3.421042
"17-Aug-21",17.83,18.05,17.63,17.81,254546,3.407649
"18-Aug-21",17.69,18.1,17.6,17.62,193150,3.229161
"19-Aug-21",17.43,17.66,17.13,17.39,140231,3.629386
"20-Aug-21",17.32,17.77,17.295,17.74,256743,3.621565
"23-Aug-21",17.89,18.09,17.7,18.05,167148,3.659188
"24-Aug-21",18.02,18.24,17.83,18.03,174398,4.054323
"25-Aug-21",18.02,18.2,17.91,17.93,156590,3.729764
"26-Aug-21",17.99,18,17.57,17.57,111456,3.873354
"27-Aug-21",17.54,18.3,17.54,18.24,273361,3.90314
"30-Aug-21",18.29,18.29,17.75,17.8,158256,3.904999
"31-Aug-21",17.77,18.01,17.73,17.97,199134,7.701038,2355982
"01-Sep-21",17.98,18.055,17.58,17.75,109163,8.264753
"02-Sep-21",17.78,17.97,17.71,17.81,129689,7.199664
"03-Sep-21",17.8,17.88,17.51,17.76,119447,7.431159
"06-Sep-21",,,,,,7.492902
"07-Sep-21",17.76,17.98,17.54,17.54,121043,7.615881
"08-Sep-21",17.45,17.51,17.35,17.48,184054,7.888863
"09-Sep-21",17.41,17.66,17.29,17.5,354434,7.786306
"10-Sep-21",17.67,17.67,17.13,17.26,183202,8.068187
"13-Sep-21",17.46,17.52,17.21,17.37,196566,9.21867
"14-Sep-21",17.39,17.39,16.7225,16.82,203848,9.486729,,
"15-Sep-21",16.8,17.11,16.79,17.07,201889,10.482293,2330107
"16-Sep-21",17.19,17.56,17.115,17.52,277137,8.055996
"17-Sep-21",17.59,17.875,17.5,17.85,796837,8.50523
"20-Sep-21",17.42,17.63,17.07,17.43,270247,8.770946
"21-Sep-21",17.46,17.62,17.3,17.34,199578,10.227057
"22-Sep-21",17.58,18.08,17.55,17.87,208780,9.402153
"23-Sep-21",18,18.77,17.99,18.62,220207,10.621857
"24-Sep-21",18.49,18.88,18.49,18.7,241829,10.856384
"27-Sep-21",18.89,19.36,18.89,19.07,248419,9.5822
"28-Sep-21",19.19,19.21,18.59,18.62,162977,10.109515
"29-Sep-21",18.73,18.88,18.48,18.83,121414,10.254394
"30-Sep-21",18.79,18.94,18.48,18.49,157647,9.3648,2210623
"01-Oct-21",18.55,19.34,18.23,19.19,286893,9.5421,,
"04-Oct-21",18.99,19.65,18.99,19.61,274646,10.290113
"05-Oct-21",19.75,20,19.43,19.51,380438,9.563875
"06-Oct-21",19.31,19.39,18.83,19.36,131482,9.717401
"07-Oct-21",19.48,19.66,19.461,19.65,132634,9.766093
"08-Oct-21",19.65,19.89,19.4963,19.63,155624,9.609689
"11-Oct-21",19.71,20.22,19.6,20.19,649168,9.475111
"12-Oct-21",20.19,20.56,19.93,20.16,577433,10.23255
"13-Oct-21",20.11,20.11,19.65,19.99,346955,10.047377
"14-Oct-21",20.24,20.295,19.12,19.6,745855,11.650695
"15-Oct-21",20.1,20.1,19.03,19.05,859599,11.162996,2582808
"18-Oct-21",18.99,19.465,18.52,18.74,3994687,8.706722
"19-Oct-21",18.77,18.81,18.44,18.55,451746,9.393431
"20-Oct-21",18.565,19.18,18.41,19.09,500066,5.022876
"21-Oct-21",19.51,19.845,18.93,19.75,593022,4.614447
"22-Oct-21",19.93,20.4099,19.615,20.05,365521,3.238312
"25-Oct-21",20.27,20.73,20.11,20.72,366549,4.017605
"26-Oct-21",20.67,20.95,20.45,20.86,420649,3.289801
"27-Oct-21",20.78,20.78,20.01,20.04,268725
"12-Nov-21",,,,,,,,,0