"Date","open CERC Price in USD","high CERC Price in USD","low CERC Price in USD","close CERC Price in USD","CERC Volume","Days to cover 3m (on loan)","Cost To Borrow","Exchange Reported SI","Estimated Short Interest","Dividends","hidden"
"13-Nov-15",4.95,5,3.75,4,343900
"16-Nov-15",4,4.5,3.74,4.5,159780
"17-Nov-15",4.25,4.25,4,4.25,25000
"18-Nov-15",4.3,4.7,4.2,4.5,35665
"19-Nov-15",4.03,4.33,4,4.33,4135
"20-Nov-15",4.33,4.5,4,4.4,55399
"23-Nov-15",4.41,4.5,4.15,4.2,11008
"24-Nov-15",4.05,4.25,4,4,5100
"25-Nov-15",3.98,4.36,3.98,4.36,7447
"27-Nov-15",4.45,4.51,4.25,4.38,32341
"30-Nov-15",4.4,4.4,4.2,4.2,1000
"01-Dec-15",3.8,3.82,3.52,3.77,22836
"02-Dec-15",4,4,3.49,3.64,2000
"04-Dec-15",3.74,3.74,3.55,3.55,6385
"08-Dec-15",3.26,3.26,2.75,3.21,37927
"09-Dec-15",3.25,3.3,2.67,3.27,47077
"10-Dec-15",3.25,3.27,2.8901,3.25,21965
"11-Dec-15",3.26,3.26,2.93,3.13,28655
"14-Dec-15",3.05,3.3,2.75,3.1,51728
"15-Dec-15",3,3.53,3,3.53,28996
"16-Dec-15",3.94,3.94,3.5,3.552,2185
"17-Dec-15",3.54,3.65,3,3.14,6839
"18-Dec-15",3.39,3.53,3.12,3.12,16670
"21-Dec-15",3.3,4.19,3.3,3.95,33594
"22-Dec-15",3.98,4.3399,3.56,3.8899,6059
"23-Dec-15",3.85,4.064,3.85,4,2055
"24-Dec-15",4.06,4.13,3.8388,3.99,7490
"28-Dec-15",4.09,4.09,3.82,3.88,10491
"29-Dec-15",4,4,3.65,3.8,16109
"30-Dec-15",3.77,4.06,3.57,3.58,11163
"31-Dec-15",3.73,3.73,3.35,3.35,10999
"04-Jan-16",3.3,4.49,3.2001,3.85,76639
"05-Jan-16",3.89,4.8,3.89,4.3779,136309
"06-Jan-16",4.321,4.57,4.1601,4.45,67506
"07-Jan-16",4.39,4.39,4.16,4.24,17829
"08-Jan-16",4.25,4.2501,3.7,3.7,32337
"11-Jan-16",3.99,4.249,3.5,3.5601,36342
"12-Jan-16",3.57,3.7999,3.3,3.3101,38212
"13-Jan-16",3.65,3.65,3.1,3.2216,30417
"14-Jan-16",3.23,3.55,3.2,3.3,36230
"15-Jan-16",3.258,3.3148,3.2001,3.27,10335
"19-Jan-16",3.3,3.82,3.26,3.26,9737
"20-Jan-16",3.2,4.2,3,3.91,219504
"21-Jan-16",3.65,3.658,3.134,3.23,49725
"22-Jan-16",3.33,3.34,3.136,3.2,12600
"25-Jan-16",3.24,3.294,3.22,3.25,4061
"26-Jan-16",3.2301,3.381,3.2301,3.34,16036
"27-Jan-16",3.39,3.39,2.96,2.96,23887
"28-Jan-16",3.12,3.19,2.97,3.1,22666
"29-Jan-16",3.1,3.16,3.1,3.1431,5099
"01-Feb-16",2.87,2.9699,2.7,2.9,19421
"02-Feb-16",2.9,3.12,2.8,3,35948
"03-Feb-16",3,3.14,2.95,3.02,20413
"04-Feb-16",3.07,3.08,2.69,3,30408
"05-Feb-16",3.11,3.11,2.89,2.97,4704
"08-Feb-16",3,3.05,2.9338,3.03,3400
"09-Feb-16",2.948,2.98,2.948,2.98,1902
"10-Feb-16",3.04,3.09,2.91,3.05,21652
"11-Feb-16",2.9801,3.08,2.9801,3.08,2700
"12-Feb-16",2.99,3.006,2.85,2.9126,18848
"16-Feb-16",3.05,3.05,3,3.02,13503
"17-Feb-16",2.91,3.1,2.8949,3.1,16843
"18-Feb-16",2.86,3.1,2.77,3.01,40493
"19-Feb-16",2.9,3.05,2.9,3,20562
"22-Feb-16",2.995,3.05,2.98,3.04,7306
"23-Feb-16",2.9,3.0689,2.88,3,16448
"24-Feb-16",2.94,3.06,2.93,3.01,5800
"25-Feb-16",3.06,3.09,3.037,3.09,5410
"26-Feb-16",3.1,3.22,3.1,3.197,5851
"29-Feb-16",3.24,3.28,3.24,3.26,12702
"01-Mar-16",3.25,3.31,3.25,3.26,6134
"02-Mar-16",3.26,3.26,3.16,3.19,7558
"03-Mar-16",3.21,3.21,3.21,3.21,134
"04-Mar-16",3.26,3.26,3.25,3.25,443
"07-Mar-16",3.25,3.44,3.012,3.44,5943
"08-Mar-16",3.304,3.83,3.3,3.83,25582
"09-Mar-16",3.79,3.82,3.52,3.53,4850
"10-Mar-16",3.52,3.75,3.45,3.45,700
"14-Mar-16",3.52,4.75,3.52,4.45,87823
"15-Mar-16",4.95,4.95,4.31,4.48,73345
"16-Mar-16",4.6,4.7,3.82,4.69,49866
"17-Mar-16",4.77,4.92,4.62,4.92,45056
"18-Mar-16",4.88,5.19,4.23,4.23,71471
"21-Mar-16",4.23,4.55,3.41,3.72,46252
"22-Mar-16",3.68,3.85,3.485,3.56,13756
"23-Mar-16",3.72,3.74,3.35,3.62,21778
"24-Mar-16",3.54,3.79,3.42,3.755,4215
"28-Mar-16",3.77,3.7989,3.5,3.59,11200
"29-Mar-16",3.65,3.65,3.31,3.31,15157
"30-Mar-16",3.3,3.4481,3.29,3.337,23188
"31-Mar-16",3.34,3.75,3.34,3.73,11734
"01-Apr-16",3.77,3.772,3.65,3.65,1599
"04-Apr-16",3.69,3.82,3.68,3.77,9824
"05-Apr-16",3.8,3.9341,3.76,3.77,11960
"06-Apr-16",3.895,3.97,3.68,3.89,10127
"07-Apr-16",3.82,3.845,3.65,3.7,1029
"08-Apr-16",3.83,3.9699,3.73,3.96,3407
"11-Apr-16",3.95,3.95,3.65,3.94,18114
"12-Apr-16",3.82,3.86,3.6,3.7,13447
"13-Apr-16",4.15,4.3899,3.8499,4.01,266602
"14-Apr-16",4.1383,4.15,3.79,3.8999,16944
"15-Apr-16",3.6501,3.9699,3.65,3.65,4275
"18-Apr-16",3.84,3.84,3.5,3.64,9472
"19-Apr-16",3.74,3.7499,3.4801,3.61,5949
"20-Apr-16",3.56,3.56,3.32,3.3569,34677
"21-Apr-16",3.38,3.79,3.35,3.71,25120
"22-Apr-16",3.79,3.924,3.76,3.8799,15718
"25-Apr-16",3.7001,3.75,3.58,3.72,9681
"26-Apr-16",3.637,3.75,3.637,3.74,2933
"27-Apr-16",3.69,3.75,3.6,3.6,2671
"28-Apr-16",3.683,3.875,3.65,3.875,33318
"29-Apr-16",3.94,4.0557,3.8301,3.8699,11823
"02-May-16",3.8,3.91,3.8,3.83,14915
"03-May-16",3.86,3.9989,3.84,3.9375,6203
"04-May-16",4.0589,4.0589,3.77,3.77,17497
"05-May-16",3.8,3.85,3.62,3.73,40296
"06-May-16",3.69,3.8,3.59,3.8,9687
"09-May-16",3.84,3.89,3.74,3.84,18527
"10-May-16",3.8989,3.8989,3.575,3.7,13847
"11-May-16",3.7,3.96,3.37,3.9,41429
"12-May-16",3.81,4,3.81,3.89,33803
"13-May-16",3.7595,3.86,3.6211,3.81,58869
"16-May-16",3.62,3.88,3.62,3.74,79001
"17-May-16",3.67,3.73,3.44,3.47,14961
"18-May-16",3.38,3.575,3.25,3.5189,76107
"19-May-16",3.45,3.83,3.2,3.44,54404
"20-May-16",3.38,3.64,3.14,3.21,33453
"23-May-16",3.13,3.484,2.93,3.1399,48482
"24-May-16",3.05,3.07,2.9001,2.9001,29431
"25-May-16",3.02,3.0292,2.5,2.64,192221
"26-May-16",2.7,2.719,2.445,2.55,134078
"27-May-16",2.53,2.645,2.3,2.49,42744
"31-May-16",2.5,2.5,2.2311,2.34,79378
"01-Jun-16",2.33,2.33,2.26,2.28,49458
"02-Jun-16",2.22,2.435,2.18,2.31,73452
"03-Jun-16",2.27,2.3368,2.1,2.22,75456
"06-Jun-16",2.21,2.475,1.94,1.94,97995
"07-Jun-16",2.06,2.81,1.9568,2.39,227946
"08-Jun-16",2.34,2.5701,2.24,2.29,73346
"09-Jun-16",2.488,2.488,2.29,2.4,32720
"10-Jun-16",2.36,2.4586,2.03,2.34,122052
"13-Jun-16",2.33,2.33,2.1822,2.22,6453
"14-Jun-16",2.16,2.28,2.0443,2.23,13520
"15-Jun-16",2.2,2.53,2.09,2.4,47391
"16-Jun-16",2.37,2.55,2.16,2.54,80441
"17-Jun-16",2.54,2.54,2.41,2.5,38060
"20-Jun-16",2.42,2.54,2.4,2.51,17524
"21-Jun-16",2.47,2.54,2.414,2.51,66627
"22-Jun-16",2.31,2.5,2.29,2.39,44637
"23-Jun-16",2.389,2.48,2.26,2.3,22513
"24-Jun-16",2.33,2.4,2.15,2.4,24824
"27-Jun-16",2.36,2.36,2.1658,2.25,6875
"28-Jun-16",2.327,2.39,2.28,2.39,9688
"29-Jun-16",2.3157,2.41,2.3157,2.39,6548
"30-Jun-16",2.35,2.35,2.2,2.2,6231
"01-Jul-16",2.31,2.31,2.17,2.25,9182
"05-Jul-16",2.28,2.3,2.08,2.21,5760
"06-Jul-16",2.2168,2.35,2.2168,2.35,5576
"07-Jul-16",2.401,2.57,2.4,2.57,9230
"08-Jul-16",2.44,2.5579,2.42,2.53,1565
"11-Jul-16",2.57,2.57,2.49,2.541,3134
"12-Jul-16",2.5599,2.5599,2.34,2.5,11955
"13-Jul-16",2.5,2.56,2.5,2.53,13439
"14-Jul-16",2.56,2.56,2.24,2.36,32938
"15-Jul-16",2.379,2.38,2.2922,2.3435,5731
"18-Jul-16",2.3672,2.3672,2.3,2.36,7551
"19-Jul-16",2.37,2.42,2.33,2.33,9995
"20-Jul-16",2.3301,2.4,2.3301,2.4,4347
"21-Jul-16",2.38,2.39,2.35,2.39,607
"22-Jul-16",2.3999,2.48,2.37,2.3966,6200
"25-Jul-16",2.3724,2.56,2.3724,2.52,7061
"26-Jul-16",2.47,2.5,2.34,2.3811,13230
"27-Jul-16",2.4,2.4,2.4,2.4,247
"28-Jul-16",2.43,2.78,2.3989,2.6501,40566
"29-Jul-16",2.72,4.2466,2.72,3.8,682384
"01-Aug-16",3.34,3.65,3.31,3.59,87554
"02-Aug-16",3.53,4.1489,3.5,3.83,91870
"03-Aug-16",3.9,4.3734,3.76,3.989,69294
"04-Aug-16",3.92,4.219,3.9101,4.115,26354
"05-Aug-16",4.09,4.4,3.78,4.4,67763
"08-Aug-16",4.4,4.4,4.0601,4.15,9398
"09-Aug-16",4.08,4.179,3.761,4.06,21713
"10-Aug-16",3.9002,4.16,3.9002,4.09,21375
"11-Aug-16",4.06,4.18,4.02,4.02,13781
"12-Aug-16",3.981,4.09,3.82,4.02,23931
"15-Aug-16",3.96,4.0688,3.9187,4.01,22451
"16-Aug-16",3.91,4.12,3.12,4.0472,138060
"17-Aug-16",3.99,3.99,3.66,3.77,34043
"18-Aug-16",3.79,4.1792,3.79,4.07,23828
"19-Aug-16",4.22,4.22,4.06,4.06,13423
"22-Aug-16",4.06,4.17,4.06,4.13,26175
"23-Aug-16",4.14,4.18,3.6,4.01,105752
"24-Aug-16",3.96,4.48,3.78,4.38,107513
"25-Aug-16",4.4199,4.73,3.97,4.0067,100243
"26-Aug-16",3.8899,4.18,3.875,4.08,40200
"29-Aug-16",4.24,4.4899,3.94,3.96,20690
"30-Aug-16",3.97,4.12,3.75,4.09,20604
"31-Aug-16",4.09,4.099,3.89,4,23070
"01-Sep-16",4.01,4.01,3.82,3.82,7293
"02-Sep-16",3.91,4.05,3.91,3.91,4898
"06-Sep-16",3.98,4.01,3.82,4.01,8731
"07-Sep-16",4.01,4.19,3.82,4.01,32514
"08-Sep-16",3.96,3.96,3.8,3.86,7207
"09-Sep-16",3.92,3.98,3.78,3.85,35503
"12-Sep-16",3.9,3.99,3.5,3.99,80978
"13-Sep-16",3.96,4.18,3.7,3.86,6839
"14-Sep-16",3.79,4.0299,3.79,3.97,19576
"15-Sep-16",3.97,4.2,3.97,4.14,10645
"16-Sep-16",4.17,4.52,4.17,4.52,29402
"19-Sep-16",4.51,4.7399,4.51,4.52,24143
"20-Sep-16",4.6699,4.6699,4.11,4.25,60636
"21-Sep-16",4.456,4.966,4.4377,4.61,103391
"22-Sep-16",4.611,5.32,4.61,4.8,145459
"23-Sep-16",4.85,5.0594,4.76,4.905,46623
"26-Sep-16",5,5.06,4.68,4.76,48194
"27-Sep-16",4.83,4.83,4.51,4.7,19673
"28-Sep-16",4.7,4.81,4.57,4.57,5786
"29-Sep-16",4.48,4.76,4.4,4.45,23263
"30-Sep-16",4.4,4.5699,4.08,4.23,37132
"03-Oct-16",4.14,4.4799,4.14,4.31,27264
"04-Oct-16",4.3,4.5189,4.25,4.5189,23899
"05-Oct-16",4.46,4.49,3.98,4.015,91310
"06-Oct-16",4.07,4.42,3.5,4.14,86142
"07-Oct-16",4.15,4.3,3.85,4.3,66080
"10-Oct-16",4.27,4.53,4.2163,4.23,12243
"11-Oct-16",4.22,4.23,3.9,4.02,37350
"12-Oct-16",4.08,4.08,3.715,3.75,14638
"13-Oct-16",3.8,3.81,3.41,3.64,60575
"14-Oct-16",3.611,4.01,3.49,3.94,70163
"17-Oct-16",3.95,4.1,3.56,3.73,90257
"18-Oct-16",3.76,3.9599,3.6301,3.72,138517
"19-Oct-16",3.77,3.77,3.25,3.4,57296
"20-Oct-16",3.4,3.47,3.22,3.35,129674
"21-Oct-16",4.39,4.4816,3.76,4.09,1288338
"24-Oct-16",4.25,4.31,3.95,4.05,236728
"25-Oct-16",3.95,4.19,3.6765,4.1699,326813
"26-Oct-16",4.14,4.54,3.8058,4.22,164381
"27-Oct-16",4.26,4.87,3.95,4.01,167673
"28-Oct-16",3.93,4.0847,3.53,3.84,180238
"31-Oct-16",3.86,3.98,3.6,3.72,64356
"01-Nov-16",3.7,4,3.55,3.79,71088
"02-Nov-16",3.82,3.87,3.5,3.76,68782
"03-Nov-16",3.7,3.84,3.51,3.65,107858
"04-Nov-16",3.62,3.75,3.532,3.62,50087
"07-Nov-16",3.735,4.18,3.647,3.98,102364
"08-Nov-16",3.79,4.15,3.62,3.99,72075
"09-Nov-16",3.62,4.4393,3.62,4.12,82711
"10-Nov-16",4.19,4.53,4.14,4.3328,91121
"11-Nov-16",3.8903,4.75,3.8903,4.51,64562
"14-Nov-16",4.5,4.75,4.17,4.38,142317
"15-Nov-16",4.44,4.8,4.2742,4.59,60743
"16-Nov-16",4.6,5.09,4.6,4.8,111777
"17-Nov-16",4.85,4.85,4.3492,4.6,24403
"18-Nov-16",4.57,5.2495,4.3731,5.01,164524
"21-Nov-16",5.07,5.25,5.0124,5.08,57396
"22-Nov-16",5.38,5.4,4.75,5.09,103411
"23-Nov-16",5.01,5.6,5.01,5.23,138011
"25-Nov-16",5.29,5.57,5.11,5.13,28400
"28-Nov-16",5.17,5.18,4.39,5.11,80670
"29-Nov-16",5.12,5.12,4.63,4.72,133724
"30-Nov-16",2.34,2.68,1.9,2.08,1412239
"01-Dec-16",2.06,2.07,1.935,1.99,243218
"02-Dec-16",2.02,2.02,1.69,1.75,425558
"05-Dec-16",1.15,1.55,1.1,1.52,1046931
"06-Dec-16",1.55,1.55,1.22,1.28,594089
"07-Dec-16",1.32,1.34,1.25,1.27,147314
"08-Dec-16",1.29,1.29,1.15,1.19,281169
"09-Dec-16",1.19,1.26,1.16,1.26,109520
"12-Dec-16",1.26,1.28,1.16,1.2,213617
"13-Dec-16",1.18,1.85,1.12,1.32,2621291
"14-Dec-16",1.23,1.32,1.18,1.2,296336
"15-Dec-16",1.23,1.23,1.15,1.16,224650
"16-Dec-16",1.18,1.2,1.05,1.15,238552
"19-Dec-16",1.09,1.2,1.09,1.11,105837
"20-Dec-16",1.1,1.14,1.03,1.08,170034
"21-Dec-16",1.08,1.0875,0.85,0.88,486186
"22-Dec-16",0.84,1.02,0.84,0.9799,214277
"23-Dec-16",1.02,1.02,0.758,0.8845,205969
"27-Dec-16",0.9,0.94,0.8,0.88,59735
"28-Dec-16",0.955,0.96,0.88,0.91,32478
"29-Dec-16",0.9,0.925,0.89,0.9,43942
"30-Dec-16",0.89,0.9215,0.8311,0.8804,77817
"03-Jan-17",0.89,0.9133,0.87,0.8901,62307
"04-Jan-17",0.8959,0.95,0.8274,0.8827,44885
"05-Jan-17",0.88,1.2353,0.85,1.19,1246133
"06-Jan-17",1.24,1.24,1.02,1.07,480467
"09-Jan-17",1.15,1.1772,1.04,1.09,247279
"10-Jan-17",1.1,1.19,0.99,1.0717,77088
"11-Jan-17",1.06,1.11,0.972,0.9721,361190
"12-Jan-17",0.98,1.05,0.9,0.91,127629
"13-Jan-17",0.92,1.0391,0.906,0.9398,110839
"17-Jan-17",0.96,0.9699,0.88,0.8836,126950
"18-Jan-17",0.9,0.92,0.862,0.8904,134518
"19-Jan-17",0.93,0.93,0.87,0.88,135047
"20-Jan-17",0.8708,0.9367,0.84,0.8517,76262
"23-Jan-17",0.86,0.938,0.82,0.84,47226
"24-Jan-17",0.85,0.8699,0.8,0.86,56458
"25-Jan-17",0.86,0.8999,0.84,0.865,98143
"26-Jan-17",0.85,0.87,0.8,0.87,190265
"27-Jan-17",0.87,0.99,0.8598,0.92,51538
"30-Jan-17",0.89,0.92,0.84,0.86,37498
"31-Jan-17",0.87,0.87,0.8,0.845,67720
"01-Feb-17",0.8012,0.8478,0.8012,0.8398,28501
"02-Feb-17",0.83,0.8873,0.8106,0.8659,78793
"03-Feb-17",0.84,0.878,0.8304,0.84,25661
"06-Feb-17",0.84,0.8435,0.8,0.83,69087
"07-Feb-17",0.83,0.875,0.78,0.7965,397062
"08-Feb-17",0.7991,0.8499,0.781,0.8025,647612
"09-Feb-17",0.81,0.85,0.8,0.8199,238713
"10-Feb-17",0.8199,0.8199,0.78,0.7893,100983
"13-Feb-17",0.7817,0.825,0.7802,0.7999,99483
"14-Feb-17",0.8,0.82,0.78,0.82,177421
"15-Feb-17",0.82,0.825,0.785,0.8,276472
"16-Feb-17",0.819,0.82,0.78,0.8,105001
"17-Feb-17",0.803,0.82,0.8,0.82,146718
"21-Feb-17",0.8204,0.8789,0.8003,0.8103,656221
"22-Feb-17",0.82,0.835,0.7803,0.794,188952
"23-Feb-17",0.7999,0.7999,0.7431,0.7585,255998
"24-Feb-17",0.7556,0.7999,0.7301,0.77,118508
"27-Feb-17",0.77,0.8,0.73,0.76,193386
"28-Feb-17",0.77,0.7716,0.73,0.73,54580
"01-Mar-17",0.74,0.75,0.7301,0.745,40407
"02-Mar-17",0.7508,0.77,0.7397,0.76,42955
"03-Mar-17",0.76,0.76,0.7311,0.75,53637
"06-Mar-17",0.75,0.7599,0.74,0.7418,51988
"07-Mar-17",0.7401,0.7498,0.73,0.73,46221
"08-Mar-17",0.73,0.7408,0.73,0.73,80521
"09-Mar-17",0.73,0.7412,0.73,0.73,96498
"10-Mar-17",0.73,1.24,0.73,1.2,4724393
"13-Mar-17",1.05,1.14,0.8888,0.9001,2666706
"14-Mar-17",0.91,0.948,0.7771,0.8101,827675
"15-Mar-17",0.81,0.8452,0.7526,0.809,295295
"16-Mar-17",0.8398,0.8398,0.76,0.79,383586
"17-Mar-17",0.77,0.7993,0.76,0.7869,292854
"20-Mar-17",0.78,0.78,0.73,0.74,181632
"21-Mar-17",0.74,0.777,0.66,0.68,338989
"22-Mar-17",0.68,0.73,0.68,0.7199,60690
"23-Mar-17",0.72,0.725,0.68,0.713,114185
"24-Mar-17",0.72,0.72,0.69,0.71,139800
"27-Mar-17",0.69,0.7159,0.69,0.71,62644
"28-Mar-17",0.72,0.73,0.695,0.7,202670
"29-Mar-17",0.72,0.85,0.7,0.7201,1029935
"30-Mar-17",0.7301,0.7497,0.69,0.7001,468974
"31-Mar-17",0.69,0.729,0.66,0.6751,257444
"03-Apr-17",0.68,0.695,0.6612,0.6622,243612
"04-Apr-17",0.6606,0.679,0.611,0.62,438545
"05-Apr-17",0.619,0.63,0.5602,0.58,241929
"06-Apr-17",0.53,0.58,0.4606,0.49,547677
"07-Apr-17",0.5082,0.5187,0.48,0.5181,105940
"10-Apr-17",0.52,0.5399,0.4999,0.4999,137173
"11-Apr-17",0.51,0.59,0.4817,0.54,201436
"12-Apr-17",0.56,0.5979,0.53,0.5583,114167
"13-Apr-17",0.571,0.571,0.5104,0.52,87760
"17-Apr-17",0.5266,0.538,0.5002,0.538,78864
"18-Apr-17",0.5301,0.5379,0.5013,0.51,49955
"19-Apr-17",0.5355,0.539,0.52,0.5303,198883
"20-Apr-17",0.5368,0.6175,0.495,0.5,902716
"21-Apr-17",0.51,0.52,0.5,0.52,103672
"24-Apr-17",0.52,0.53,0.5,0.5106,140840
"25-Apr-17",0.52,0.5405,0.5123,0.525,102599
"26-Apr-17",0.517,0.528,0.49,0.51,139450
"27-Apr-17",0.5,0.57,0.5,0.5298,408803
"28-Apr-17",0.36,0.4844,0.3401,0.442,1399059
"01-May-17",0.422,0.56,0.422,0.5326,471193
"02-May-17",0.49,0.54,0.49,0.5252,254862
"03-May-17",0.501,0.55,0.501,0.55,160553
"04-May-17",0.55,0.72,0.541021,0.6155,732994
"05-May-17",0.59,0.62,0.54,0.605,116095
"08-May-17",0.6,0.725,0.6,0.72,406085
"09-May-17",0.72,0.89,0.625,0.8199,1933427
"10-May-17",0.78,0.8399,0.7527,0.77,437786
"11-May-17",0.78,0.78,0.705,0.73,320489
"12-May-17",0.83,0.8899,0.7602,0.8,880946
"15-May-17",0.789,0.8,0.75,0.7875,226592
"16-May-17",0.769,0.769,0.702,0.702,219253
"17-May-17",0.651,0.7,0.62,0.6351,305154
"18-May-17",0.64,0.68,0.6,0.62,373444
"19-May-17",0.65,0.65,0.56,0.63,198308
"22-May-17",0.6299,0.6328,0.5252,0.589,235371
"23-May-17",0.589,0.6624,0.5404,0.5639,342558
"24-May-17",0.592,0.5995,0.55,0.5682,224783
"25-May-17",0.5515,0.6,0.5515,0.5807,62536
"26-May-17",0.6,0.6,0.556,0.56,117966
"30-May-17",0.58,0.58,0.416,0.5,346347
"31-May-17",0.5124,0.55,0.47,0.5006,145110
"01-Jun-17",0.525,0.57,0.46,0.51,345958
"02-Jun-17",0.491,0.55,0.49,0.52,157011
"05-Jun-17",0.55,0.55,0.49,0.5,181715
"06-Jun-17",0.54,0.54,0.46,0.4794,161940
"07-Jun-17",0.472,0.5201,0.4603,0.5,129292
"08-Jun-17",0.485,0.51,0.4761,0.502,28055
"09-Jun-17",0.502,0.525,0.47,0.4898,123666
"12-Jun-17",0.477,0.4999,0.475,0.498,67366
"13-Jun-17",0.5,0.51,0.46,0.51,92379
"14-Jun-17",0.4901,0.6399,0.49,0.53,427989
"15-Jun-17",0.55,0.5699,0.513,0.54,51851
"16-Jun-17",0.524,0.54,0.5011,0.51,28095
"19-Jun-17",0.54,0.5892,0.51,0.5684,294082
"20-Jun-17",0.6,0.6,0.5459,0.5701,77270
"21-Jun-17",0.5702,0.59,0.53,0.55,92989
"22-Jun-17",0.55,0.57,0.5352,0.5601,140957
"23-Jun-17",0.547,0.57,0.505,0.55,101116
"26-Jun-17",0.531,0.6,0.52,0.57,118059
"27-Jun-17",0.5522,0.579177,0.55,0.55,4673
"28-Jun-17",0.55,0.62,0.54,0.5675,114386
"29-Jun-17",0.554,0.6,0.54,0.59,84067
"30-Jun-17",0.562,0.58,0.55,0.573,32131
"03-Jul-17",0.6,0.6,0.555504,0.59,13456
"05-Jul-17",0.575,0.645,0.57,0.62,647534
"06-Jul-17",0.65,1.4199,0.64,1.3975,26195630
"07-Jul-17",1.02,1.14,0.782,0.8351,5792544
"10-Jul-17",0.8258,0.95,0.72,0.888,2420086
"11-Jul-17",0.86,0.88,0.75,0.79,799734
"12-Jul-17",0.74,0.8501,0.7201,0.8209,390944
"13-Jul-17",0.79,0.89,0.7354,0.83,414745
"14-Jul-17",0.8998,1.0591,0.85,0.93,3643192
"17-Jul-17",0.928,0.97,0.84,0.85,547933
"18-Jul-17",0.84,0.8882,0.8,0.84,320792
"19-Jul-17",0.865,0.865,0.78,0.7894,268197
"20-Jul-17",0.8288,0.83,0.706,0.7599,612428
"21-Jul-17",0.75,0.78,0.72,0.7499,194316
"24-Jul-17",0.7816,0.7945,0.701,0.78,268530
"25-Jul-17",0.765,0.79,0.7106,0.735,94214
"26-Jul-17",0.75,0.83,0.73,0.82,636659
"27-Jul-17",0.8498,0.85,0.7301,0.75,612448
"28-Jul-17",0.79,0.79,0.73,0.7502,153355
"31-Jul-17",0.81,0.81,0.7004,0.71,242207
"01-Aug-17",0.75,0.75,0.705,0.705,190579
"02-Aug-17",0.703,0.739,0.7,0.71,222807
"03-Aug-17",0.702,0.7028,0.66,0.67,215105
"04-Aug-17",0.72,0.72,0.61,0.616,271857
"07-Aug-17",0.6368,0.6368,0.58,0.59,413523
"08-Aug-17",0.59,0.66,0.58,0.6139,157416
"09-Aug-17",0.61,0.62,0.56,0.57,158979
"10-Aug-17",0.551,0.6049,0.55,0.57,129058
"11-Aug-17",0.57,0.5703,0.54,0.5638,112330
"14-Aug-17",0.68,0.7,0.523,0.5852,1769199
"15-Aug-17",0.55,0.59736,0.5331,0.58,297722
"16-Aug-17",0.58,0.6,0.5408,0.5778,164504
"17-Aug-17",0.58,0.6,0.5238,0.5831,256922
"18-Aug-17",0.5605,0.62,0.5605,0.62,352617
"21-Aug-17",0.617,0.65,0.58,0.61,255639
"22-Aug-17",0.63,0.635,0.5901,0.6,211762
"23-Aug-17",0.6,0.63,0.5901,0.62,97174
"24-Aug-17",0.61,0.86,0.61,0.83,1902201
"25-Aug-17",0.87,0.87,0.713,0.75,1287390
"28-Aug-17",0.75,0.79,0.69,0.7102,349856
"29-Aug-17",0.71,0.727839,0.68,0.715,172651
"30-Aug-17",0.715,0.8,0.7007,0.73,170794
"31-Aug-17",0.73,0.77,0.7202,0.732,260647
"01-Sep-17",0.76,0.78,0.71,0.73,298990
"05-Sep-17",0.7201,0.81,0.7201,0.76,466041
"06-Sep-17",0.798,0.798,0.72,0.74,168459
"07-Sep-17",0.77,0.77,0.72,0.76,62437
"08-Sep-17",0.752,0.755,0.74,0.755,95220
"11-Sep-17",0.76,0.84,0.7425,0.84,498201
"12-Sep-17",0.8,0.9399,0.78,0.81,1070832
"13-Sep-17",0.792,0.86,0.75,0.82,298473
"14-Sep-17",0.82,0.84,0.79,0.81,125870
"15-Sep-17",0.84,0.84,0.78,0.78,258843
"18-Sep-17",0.8,0.81,0.755,0.77,93562
"19-Sep-17",0.795,0.795,0.67,0.7698,199574
"20-Sep-17",0.73,0.79,0.7253,0.785,67251
"21-Sep-17",0.79,0.81,0.75,0.77,111263
"22-Sep-17",0.79,0.79,0.75,0.7849,191492
"25-Sep-17",0.79,0.8383,0.7679,0.7916,314329
"26-Sep-17",0.8011,0.811,0.7702,0.7999,130233
"27-Sep-17",0.7849,0.8102,0.771,0.81,163286
"28-Sep-17",0.8099,0.8978,0.8099,0.83,636897
"29-Sep-17",0.86,0.9191,0.8377,0.8501,584913
"02-Oct-17",0.84,0.92,0.8263,0.916,306273,,147.0387
"03-Oct-17",0.94,1.34,0.91,1.1,4465649,,147.576
"04-Oct-17",1.06,1.1,0.95,1.03,477527,,150.2735
"05-Oct-17",1.08,1.34,1,1.06,1867638,,156.1845
"06-Oct-17",1.03,1.18,1.02,1.11,549211,,162.3415
"09-Oct-17",1.22,1.22,1.03,1.05,246362,,160.4091
"10-Oct-17",1.04,1.0878,1.0001,1.06,191922,,157.8609
"11-Oct-17",1.05,1.25,1.048,1.0926,707085,,156.093
"12-Oct-17",1.13,1.1356,1.06,1.07,177241,,158.9532
"13-Oct-17",1.06,1.1601,1.06,1.09,412597,,156.2043
"16-Oct-17",1.07,1.17,1.04,1.09,285359,,131.8163
"17-Oct-17",1.12,1.12,0.92,1.04,423808,,153.9075
"18-Oct-17",0.97,1.049,0.97,1.02,112123,,155.7983
"19-Oct-17",1.04,1.06,0.9201,0.9801,146468,,159.8361
"20-Oct-17",0.9201,0.9599,0.8563,0.92,313822,,152.7921
"23-Oct-17",0.8962,0.93,0.8962,0.91,14271,,152.5642
"24-Oct-17",0.89,0.9498,0.85,0.9,144493,,151.7027
"25-Oct-17",0.9,1.04,0.89001,0.93,192663,,152.1209
"26-Oct-17",0.9765,1.04,0.9304,0.98,146275,,195.426
"27-Oct-17",1.1,1.1,0.9301,0.98,88906,,197.178
"30-Oct-17",0.95,1.1,0.95,1.1,328021,,197.5381
"31-Oct-17",1.1,1.15,1.0999,1.13,112341,,198.0016
"01-Nov-17",1.13,1.1301,1.0823,1.0995,37046,,197.589
"02-Nov-17",1.16,1.175,1.05,1.1,156412,,199.7508
"03-Nov-17",1.061,1.14,1.03,1.11,95914,,212.1923
"06-Nov-17",1.25,1.3,1.1201,1.15,743162,,216.7786
"07-Nov-17",1.14,1.14,1.02,1.1,175727,,163.4642
"08-Nov-17",1.09,1.129,1.06,1.06,107002,,219.455
"09-Nov-17",1.08,1.0939,1.001,1.06,47766,,220.6045
"10-Nov-17",1.09,1.1,1,1,88875,,222.4134
"13-Nov-17",1.02,1.07,1.01,1.01,151542,,225.8853
"14-Nov-17",1.02,1.12,1.01,1.05,593869,,227.9511
"15-Nov-17",1.05,1.1363,1.03,1.11,111147,,229.305
"16-Nov-17",1.13,1.17,1.08,1.0896,140947,,229.5275
"17-Nov-17",1.16,1.19,1.08,1.13,313580,,229.8235
"20-Nov-17",1.13,1.2078,1.1201,1.18,182469,,226.6515
"21-Nov-17",1.23,1.23,1.17,1.17,189318,,231.0322
"22-Nov-17",1.18,1.21,1.17,1.18,126698,,231.0744
"23-Nov-17",,,,,,,231.2521
"24-Nov-17",1.2,1.209,1.17,1.18,39086,,231.1857
"27-Nov-17",1.23,2.15,1.23,1.66,5911197,,228.8235
"28-Nov-17",1.5,1.57,1.31,1.32,1038741,,229.2646
"29-Nov-17",1.37,2.65,1.35,1.8,8581148,,238.5057
"30-Nov-17",1.78,1.86,1.53,1.78,1499686,,232.7518
"01-Dec-17",1.77,2.07,1.62,1.74,1054912,,249.1544
"04-Dec-17",1.93,1.979,1.71,1.78,560257,,251.7131
"05-Dec-17",1.85,1.8531,1.62,1.65,352686,,239.0066
"06-Dec-17",1.64,1.649,1.43,1.5,299237,,247.2014
"07-Dec-17",1.51,1.674,1.42,1.6299,382332,,246.6905
"08-Dec-17",1.66,1.7599,1.6026,1.68,231678,,246.4998
"11-Dec-17",1.68,1.77,1.55,1.76,395420,,246.2325
"12-Dec-17",1.76,2.1362,1.74,1.87,1199822,,246.7749
"13-Dec-17",1.9,2.13,1.8,2.004,453572,,244.5965
"14-Dec-17",1.99,2.05,1.85,1.91,313274,,242.4321
"15-Dec-17",1.92,2,1.8714,1.94,217199,,246.43
"18-Dec-17",2,2.25,2,2.17,984102,,247.5414
"19-Dec-17",2.24,2.83,2.24,2.55,2367687,,244.0626
"20-Dec-17",2.54,2.6698,2.3,2.51,569074,,246.3748
"21-Dec-17",2.55,2.879,2.46,2.71,672364,,245.3316
"22-Dec-17",2.82,3.7318,2.751,3.03,2235194,,243.2579
"25-Dec-17",,,,,,,243.2579
"26-Dec-17",3.09,3.44,3.0508,3.32,771486,,243.0331
"27-Dec-17",3.43,4.1,3.43,4.04,2106594,,245.021
"28-Dec-17",4.25,4.25,2.95,3.33,2092585,,244.5604
"29-Dec-17",3.25,3.25,2.85,3.2,568834,,244.52
"01-Jan-18",,,,,,,244.3588
"02-Jan-18",3.27,3.47,2.65,3.33,938557,,245.1037
"03-Jan-18",3.38,3.38,3.11,3.25,236766,,245.1201
"04-Jan-18",3.32,3.35,3.052,3.2,230521,,244.8042
"05-Jan-18",3.21,3.24,2.88,2.98,255196,,245.1019
"08-Jan-18",2.96,3.04,2.74,2.78,293136,,245.6585
"09-Jan-18",2.78,2.85,2.29,2.53,596211,,245.4628
"10-Jan-18",2.51,2.53,2.24,2.24,453877,,245.6062
"11-Jan-18",2.22,3.04,2.18,2.7,1598595,,228.2084
"12-Jan-18",2.57,2.79,2.36,2.74,479728,,226.8974
"15-Jan-18",,,,,,,226.8974
"16-Jan-18",2.72,2.72,2.51,2.6,210635,,222.6087
"17-Jan-18",2.59,2.7283,2.5,2.66,219402,,218.6069
"18-Jan-18",2.62,2.84,2.62,2.64,277837,,219.4493
"19-Jan-18",2.73,2.99,2.6376,2.94,342746,,218.9066
"22-Jan-18",2.95,3.44,2.95,3.21,688078,,219.3006
"23-Jan-18",3.26,3.79,3.1,3.52,642457,,219.5239
"24-Jan-18",3.65,3.7,3.07,3.19,424587,,218.848
"25-Jan-18",3.17,3.532,3.15,3.47,296695,,220.5774
"26-Jan-18",3.53,3.7,3.4,3.47,412181,,218.5244
"29-Jan-18",3.5,3.64,3.47,3.57,179765,,218.8532
"30-Jan-18",3.5,3.58,3.16,3.37,195888,,221.0447
"31-Jan-18",3.51,3.57,3.26,3.31,106834,,223.1592
"01-Feb-18",3.25,3.47,3.1807,3.1807,120994,,220.7658
"02-Feb-18",3.11,3.32,3,3,360998,,223.1153
"05-Feb-18",3,3.3,2.83,3.27,172782,,221.0542
"06-Feb-18",3.02,3.2,3.02,3.14,101277,,220.0489
"07-Feb-18",3.14,3.5,3.1,3.46,213659,,216.3054
"08-Feb-18",3.5,3.689,3.2563,3.31,181637,,215.0035
"09-Feb-18",3.31,3.38,2.85,3.05,208741,,214.9613
"12-Feb-18",3.11,3.4,3.11,3.35,140315
"13-Feb-18",3.25,3.4533,3.23,3.39,87611,,214.3546
"14-Feb-18",3.39,3.959,3.3501,3.95,502407,,214.8473
"15-Feb-18",4,4,3.57,3.75,303856,,215.5394
"16-Feb-18",3.71,4.09,3.71,4.04,375557,,214.7484
"19-Feb-18",,,,,,,216.9635
"20-Feb-18",4.1,4.45,3.77,3.88,836364,,217.0182
"21-Feb-18",3.86,4.25,3.82,4.05,249350,,219.9734
"22-Feb-18",4.05,4.149,3.87,4.047,121280,,220.2314
"23-Feb-18",4.08,4.52,4.05,4.4,519454,,219.2186
"26-Feb-18",4.52,4.98,4.52,4.95,564360,,216.1116
"27-Feb-18",5,5.739,4.98,5.22,1039370,,215.1765
"28-Feb-18",5.3,5.3896,4.49,4.66,668423,,215.2798
"01-Mar-18",4.5,4.5,4.22,4.42,301461,,221.2387
"02-Mar-18",4.35,4.95,4.35,4.93,375733,,220.1186
"05-Mar-18",4.92,5,4.7,4.83,200429,,223.7659
"06-Mar-18",4.9,5.23,4.68,5.15,200159,,221.6505
"07-Mar-18",5.15,5.679,5.01,5.66,554633,,221.1337
"08-Mar-18",5.7,5.72,5.3,5.38,406639,,222.5422
"09-Mar-18",5.38,5.4668,4.91,5.41,369657,,225.7953
"12-Mar-18",5.42,5.44,5.1,5.15,287074,,224.7386
"13-Mar-18",5.15,5.16,4.78,5.01,271555,,222.7609
"14-Mar-18",5.01,5.25,4.89,5.19,173515,,221.9544
"15-Mar-18",5.25,5.58,5.1547,5.27,223157,,219.0771
"16-Mar-18",5.24,5.33,5.0107,5.23,241298,1.55014,218.3567
"19-Mar-18",5.17,5.39,5.1067,5.26,158031,,218.4815
"20-Mar-18",5.3,5.31,4.77,5.14,468510,,221.5102
"21-Mar-18",5.07,5.17,4.8011,4.86,158002,,221.3534
"22-Mar-18",4.8,4.99,4.66,4.73,192297,,218.7183
"23-Mar-18",4.71,4.73,4.29,4.44,368225,,219.8778
"26-Mar-18",4.49,4.709,4.23,4.31,221620,,216.8927
"27-Mar-18",4.4,4.4,4.16,4.24,129220,,213.2463
"28-Mar-18",4.1,4.1,3.55,3.91,396853,,210.1339
"29-Mar-18",3.9,4.41,3.9,4.29,236744,,209.8043
"30-Mar-18",,,,,,,209.755
"02-Apr-18",4.3,4.31,3.705,4.3,445066,,207.0986
"03-Apr-18",4.3,4.59,4.03,4.29,196763,,198.7461
"04-Apr-18",4.14,4.45,4.05,4.28,221828,,194.2843
"05-Apr-18",4.3,4.44,4.29,4.36,84028,,194.5019
"06-Apr-18",4.36,4.47,4.06,4.14,129694,,194.4547
"09-Apr-18",3.98,4.0568,3.8,3.92,215052,,193.5963
"10-Apr-18",3.92,4.15,3.911,3.99,102254,,192.9652
"11-Apr-18",3.93,4.15,3.81,3.84,184530,,193.0882
"12-Apr-18",3.84,3.92,3.66,3.77,101257,,190.325
"13-Apr-18",3.81,3.81,3.62,3.7,88383,,185.4667
"16-Apr-18",3.69,3.7,3.1,3.42,542154,,184.7141
"17-Apr-18",3.5,3.6236,3.39,3.49,223684,,184.5005
"18-Apr-18",3.45,3.45,3.2772,3.42,268608
"19-Apr-18",3.55,3.76,3.47,3.57,257930,,175.9318
"20-Apr-18",3.58,3.94,3.57,3.9,412723,,176.8138
"23-Apr-18",3.94,4.23,3.9201,4.18,270154,,177.8865
"24-Apr-18",4.2,4.5,4.06,4.49,265489,,155.1992
"25-Apr-18",4.44,4.44,4.161,4.27,176442,,150.3785
"26-Apr-18",4.26,4.4421,4.14,4.21,170930,,104.5106
"27-Apr-18",4.19,4.23,3.931,4.05,123148,,105.931
"30-Apr-18",4.08,4.08,3.701,3.72,113105,,90.4887
"01-May-18",3.72,3.97,3.65,3.88,94349,,87.8687
"02-May-18",3.87,4.15,3.81,4.1,95912,,88.2524
"03-May-18",4.05,4.12,3.9,4.01,60925,,87.7305
"04-May-18",3.96,4.1,3.94,4.04,62722,,17.0185
"07-May-18",4.1,4.16,4.05,4.11,45361,,79.3192
"08-May-18",4.09,4.2368,4.0609,4.11,32472,,79.8175
"09-May-18",4.15,4.15,3.92,3.94,103737,,77.2652
"10-May-18",4.07,4.07,3.88,3.89,89428,,76.3591
"11-May-18",3.87,3.9,3.2602,3.5,434077,,68.7106
"14-May-18",3.5,3.62,3.4141,3.53,119571,,68.8737
"15-May-18",3.53,3.76,3.49,3.71,182466,,62.518
"16-May-18",3.73,3.869,3.7,3.73,81511,,56.4677
"17-May-18",3.76,3.89,3.64,3.85,136644,,52.2624
"18-May-18",3.88,4,3.8327,3.91,117679,,52.2162
"21-May-18",3.96,4.02,3.72,3.75,224451,,51.722
"22-May-18",3.83,4.04,3.801,3.86,134651,,50.8621
"23-May-18",3.86,3.87,3.75,3.84,70000,,50.1925
"24-May-18",3.88,3.98,3.83,3.94,107716,,49.7963
"25-May-18",3.94,3.99,3.87,3.89,35642
"28-May-18",,,,,,,49.7963
"29-May-18",3.94,3.98,3.85,3.96,113253
"30-May-18",3.97,4.36,3.97,4.31,291566,,48.0245
"31-May-18",4.32,4.45,4.12,4.15,150706,,50.4057
"01-Jun-18",4.16,4.24,4.04,4.22,102112,,48.8591
"04-Jun-18",4.25,4.29,4.14,4.28,78449,,48.1789
"05-Jun-18",4.26,4.46,4.26,4.39,75557
"06-Jun-18",4.39,4.48,4.201,4.32,119538,,47.7261
"07-Jun-18",4.35,4.35,4.18,4.28,98393,,47.7279
"08-Jun-18",4.29,4.34,4.26,4.29,46955
"11-Jun-18",4.29,4.29,4.17,4.22,38038,,48.0982
"12-Jun-18",4.19,4.26,4.16,4.23,35738,,48.1422
"13-Jun-18",4.22,4.75,4.22,4.59,185973,,47.977
"14-Jun-18",4.63,4.935,4.63,4.85,129923,,48.3533
"15-Jun-18",4.88,4.98,4.78,4.79,75730,,48.1187
"18-Jun-18",4.83,5,4.79,4.94,118853,,46.6542
"19-Jun-18",4.97,4.97,4.62,4.81,129765
"20-Jun-18",4.89,4.94,4.8124,4.89,53019
"21-Jun-18",4.87,4.97,4.84,4.89,71769,,47.498
"22-Jun-18",4.89,4.929,4.86,4.91,88811,,47.5373
"25-Jun-18",4.93,4.94,4.55,4.61,46460,,47.4606
"26-Jun-18",4.65,4.729,4.5501,4.64,33351
"27-Jun-18",4.64,4.668,4.5101,4.57,26968,,47.2609
"28-Jun-18",4.4,4.44,3.9,4.32,141275,,47.2794
"29-Jun-18",4.17,4.44,4.12,4.34,55271
"02-Jul-18",4.26,4.41,4.24,4.35,46437,,48.5584
"03-Jul-18",4.42,4.63,4.33,4.63,60081,,48.3997
"04-Jul-18",,,,,,,48.8149
"05-Jul-18",4.75,4.8,4.6704,4.8,72422,,48.1124
"06-Jul-18",4.8,4.8,4.72,4.77,41826
"09-Jul-18",4.81,4.9,4.67,4.67,61007,,47.0342
"10-Jul-18",4.7,4.749,4.58,4.58,29460,,43.9606
"11-Jul-18",4.56,4.6696,4.39,4.46,52996,,43.4077
"12-Jul-18",4.48,4.57,4.446,4.5,12184,,42.7582
"13-Jul-18",4.5,4.53,4.01,4.13,104888,,46.8182
"16-Jul-18",4.15,4.28,4.13,4.26,50370
"17-Jul-18",4.32,4.43,4.2,4.38,70437,,46.3913
"18-Jul-18",4.31,4.42,4.31,4.36,29102
"19-Jul-18",4.38,4.66,4.37,4.62,49624
"20-Jul-18",4.62,4.8,4.62,4.66,66178,,42.1776
"23-Jul-18",4.62,4.65,4.5,4.65,14280,,42.1659
"24-Jul-18",4.68,4.72,4.4,4.42,26785,,41.7931
"25-Jul-18",4.46,4.65,4.25,4.64,66758,,41.6821
"26-Jul-18",4.71,4.73,4.45,4.63,33293,,41.6276
"27-Jul-18",4.6,4.6,4.35,4.4,47503,,41.6327
"30-Jul-18",4.42,4.479,4.111,4.4,61207,,41.6151
"31-Jul-18",4.44,4.44,4.15,4.44,30615
"01-Aug-18",4.45,4.45,4.31,4.41,31735,,41.576
"02-Aug-18",4.37,4.54,4.24,4.54,23542,,41.5117
"03-Aug-18",4.55,4.66,4.52,4.65,20153
"06-Aug-18",4.68,4.78,4.38,4.47,73188,,37.1289
"07-Aug-18",4.47,4.6684,4.42,4.52,20476,,36.7551
"08-Aug-18",4.52,4.63,4.4101,4.59,22326
"09-Aug-18",4.55,4.69,4.24,4.24,94245
"10-Aug-18",4.24,4.4955,4.15,4.46,63546,,30.1323
"13-Aug-18",4.48,4.48,3.86,3.92,105631,,28.3017
"14-Aug-18",4,4.194,4,4.03,38477,,25.6265
"15-Aug-18",4.07,4.08,3.9801,4.06,26657,,25.8068
"16-Aug-18",4.09,4.12,3.86,3.91,67806,,25.9056
"17-Aug-18",3.95,4,3.8501,3.91,59538,,26.0364
"20-Aug-18",3.93,4.55,3.93,4.47,120194,,26.7414
"21-Aug-18",4.51,4.8799,4.5,4.81,209434,,25.9779
"22-Aug-18",4.83,5.1222,4.65,5,170841,,25.8329
"23-Aug-18",5.05,5.2,4.83,4.89,91308,,25.2476
"24-Aug-18",4.95,4.97,4.76,4.8,46495,,22.0324
"27-Aug-18",4.94,4.94,4.68,4.8,75353,,22.3839
"28-Aug-18",4.8,4.9794,4.8,4.9,58342,,22.2049
"29-Aug-18",4.91,5.02,4.82,5,54396,,22.2405
"30-Aug-18",5.02,5.02,4.86,4.9,53201,,21.9453
"31-Aug-18",4.9,4.99,4.751,4.83,62000
"03-Sep-18",,,,,,,20.6088
"04-Sep-18",4.79,4.83,4.61,4.78,36884,,20.4725
"05-Sep-18",4.67,4.85,4.58,4.74,56924,,20.2955
"06-Sep-18",4.64,4.66,4.38,4.51,68356,,20.4845
"07-Sep-18",4.47,4.6,4.4,4.46,30468,,20.4884
"10-Sep-18",4.23,4.62,4.23,4.59,42673,,20.5838
"11-Sep-18",4.6,4.81,4.501,4.77,61060,,20.4793
"12-Sep-18",4.8156,4.8858,4.63,4.74,29344
"13-Sep-18",4.75,4.77,4.621,4.77,29743,,19.9829
"14-Sep-18",4.74,4.8,4.56,4.56,29441,,19.1752
"17-Sep-18",4.57,4.74,4.39,4.56,47568,,19.1014
"18-Sep-18",4.53,4.76,4.4098,4.72,32869,3.952186,18.8889
"19-Sep-18",4.75,4.775,4.38,4.48,71367,,18.8731
"20-Sep-18",4.5346,4.72,4.5346,4.72,47200,,18.7874
"21-Sep-18",4.72,4.72,4.3,4.3,95839,,18.6121
"24-Sep-18",4.32,4.61,4.32,4.61,29588,,18.615
"25-Sep-18",4.55,4.6899,4.51,4.55,50616,,18.1569
"26-Sep-18",4.54,4.65,4.54,4.64,41096,,18.2965
"27-Sep-18",4.64,4.8,4.64,4.71,91343,,18.0489
"28-Sep-18",4.69,4.7,4.55,4.67,25482,,18.2021
"01-Oct-18",4.62,4.68,4.56,4.66,48931,,18.4523
"02-Oct-18",4.66,4.7,4.36,4.37,81801,,18.4355
"03-Oct-18",4.44,4.615,4.36,4.44,47544,,18.22
"04-Oct-18",4.45,4.58,4.33,4.36,55408,,17.9288
"05-Oct-18",4.36,4.54,4.28,4.54,39942,,19.8321
"08-Oct-18",4.49,4.5099,4.11,4.4,130899,,19.8321
"09-Oct-18",4.36,4.44,4.3,4.38,40668,,20.3493
"10-Oct-18",4.4,4.5,4.33,4.36,42515,,21.2691
"11-Oct-18",4.34,4.6,4.3044,4.58,61143,,22.6171
"12-Oct-18",4.64,4.67,4.54,4.62,45651,,21.1146
"15-Oct-18",4.61,4.65,4.44,4.59,87781,,19.38
"16-Oct-18",4.62,4.62,4.5,4.57,54836,,19.8211
"17-Oct-18",4.55,4.6,4.48,4.5399,88470,,18.2076
"18-Oct-18",4.55,4.6,4.4,4.47,79053,,19.3153
"19-Oct-18",4.37,4.85,4.37,4.52,390655,,16.3519
"22-Oct-18",4.5,4.5586,4.275,4.3,96365,,16.3351
"23-Oct-18",4.22,4.36,4.13,4.17,169028,,16.5886
"24-Oct-18",4.15,4.35,3.83,3.89,180694,,16.2933
"25-Oct-18",3.95,4.16,3.8968,4,87204,,16.3356
"26-Oct-18",3.98,4.1654,3.8,3.94,205849
"29-Oct-18",3.96,4.13,3.73,3.87,100219
"30-Oct-18",3.87,4.14,3.75,3.78,103097
"31-Oct-18",3.73,4.19,3.73,4.1,68242
"01-Nov-18",4.1,4.55,4.0727,4.48,121612
"02-Nov-18",4.44,4.53,4.35,4.41,29944
"05-Nov-18",4.41,4.6,4.26,4.53,28395,,16.3455
"06-Nov-18",4.31,4.4653,4.31,4.35,20476,,16.3425
"07-Nov-18",4.38,4.59,4.38,4.49,32555,,16.3783
"08-Nov-18",4.41,4.49,4.32,4.48,15002,,16.356
"09-Nov-18",4.49,4.56,4.24,4.35,25983,,16.3133
"12-Nov-18",4.34,4.42,4,4,49881,,16.3133
"13-Nov-18",4,4.1256,3.815,3.86,61569,,16.1854
"14-Nov-18",3.84,3.8824,3.75,3.85,39231,,15.8858
"15-Nov-18",3.85,4.02,3.75,3.77,50097,,15.5002
"16-Nov-18",3.77,3.89,3.605,3.75,63489,,15.6134
"19-Nov-18",3.72,3.75,3.54,3.59,34681,,15.4784
"20-Nov-18",3.43,3.759,3.4,3.57,86954,,15.4694
"21-Nov-18",3.53,3.62,3.506,3.55,54681,,15.3767
"22-Nov-18",,,,,,,15.3707
"23-Nov-18",3.55,3.6856,3.52,3.52,33613,,15.1809
"26-Nov-18",3.5,3.7152,3.48,3.56,100868,,15.2081
"27-Nov-18",3.582,3.65,3.44,3.49,122352,,14.8312
"28-Nov-18",3.47,3.63,3.4562,3.54,102034,,15.5604
"29-Nov-18",3.5,3.67,3.4425,3.48,52771,,15.4373
"30-Nov-18",3.46,3.52,3.46,3.51,100914,,15.0899
"03-Dec-18",3.55,3.6,3.39,3.45,101317
"04-Dec-18",3.47,3.49,3.12,3.41,18049
"06-Dec-18",3.35,3.49,3.35,3.4,92593,,14.0205
"07-Dec-18",3.4,3.51,3.3748,3.39,107192,,14.0141
"10-Dec-18",3.34,3.44,3.32,3.35,96096,,11.9511
"11-Dec-18",3.36,3.4319,3.3311,3.36,68522,,11.9728
"12-Dec-18",3.42,3.45,3.36,3.38,50704,,11.8999
"13-Dec-18",3.39,3.48,3.37,3.4,59656,,12.0228
"14-Dec-18",3.36,3.4,3.27,3.32,72692,,11.8886
"17-Dec-18",3.28,3.3,3.1601,3.27,68124,,11.8891
"18-Dec-18",3.29,3.39,3.26,3.27,36102,,11.3885
"19-Dec-18",3.27,3.31,3.16,3.18,54111
"20-Dec-18",3.21,3.29,3.16,3.19,82724,,11.5321
"21-Dec-18",3.17,3.21,3.14,3.2,139026
"24-Dec-18",3.14,3.2,2.71,3.05,35145
"25-Dec-18",,,,,,,12.1603
"26-Dec-18",3.04,3.1899,3.01,3.15,65490
"27-Dec-18",3.06,3.2997,2.98,3.02,40525
"28-Dec-18",3.0275,3.18,3.0275,3.14,52526
"31-Dec-18",3.18,3.42,3.12,3.23,62234,,12.5746
"02-Jan-19",3.18,3.5,3.0801,3.49,27017
"03-Jan-19",3.3,3.5,3.23,3.46,20485
"04-Jan-19",3.5,3.5,3.31,3.5,54435
"07-Jan-19",3.5,3.89,3.4271,3.7,131625
"08-Jan-19",3.75,3.97,3.69,3.72,30805
"09-Jan-19",3.76,3.924,3.73,3.78,50908
"10-Jan-19",3.73,3.94,3.59,3.89,22330
"11-Jan-19",3.86,3.94,3.83,3.9,20155
"14-Jan-19",3.84,3.98,3.72,3.81,35689
"15-Jan-19",3.8,4.38,3.7,4.32,246426
"16-Jan-19",4.3,5.05,4.3,5,252659
"17-Jan-19",5.08,5.2,4.2,4.95,153757
"18-Jan-19",4.56,5.115,4.5,5.1,75784
"22-Jan-19",5.2,5.9,4.9605,5.17,400179
"23-Jan-19",5.2,5.56,5.16,5.23,68863
"24-Jan-19",5.15,5.16,4.86,4.99,67894
"25-Jan-19",5,5.17,4.8883,5.1,39899,,11.6867
"28-Jan-19",4.9,5.37,4.9,5.22,59434,,12.0479
"29-Jan-19",5.27,5.3325,5.05,5.17,23124,,11.6554
"30-Jan-19",5.18,5.18,5.03,5.18,35979,,11.6164
"31-Jan-19",5.11,5.4,5.003,5.2,138086,,11.5968
"01-Feb-19",5.2,5.38,5.09,5.35,31152,,11.4876
"04-Feb-19",5.39,5.39,5.19,5.26,40327,,11.2835
"05-Feb-19",5.18,5.34,5.11,5.21,34616,,11.8149
"06-Feb-19",5.33,5.3932,5.1,5.23,20926,,11.8649
"07-Feb-19",5.29,5.3039,5.07,5.14,26451,,11.7394
"08-Feb-19",5.18,5.18,4.92,4.96,33541,,11.6821
"11-Feb-19",5,5.05,4.9346,5.01,44632,,11.6829
"12-Feb-19",4.93,5.15,4.891,5.1,67513,,11.7024
"13-Feb-19",5.07,5.08,4.51,4.56,108186,,11.6184
"14-Feb-19",4.56,4.61,4.38,4.5,85212,,11.4375
"15-Feb-19",5.08,5.4,4.75,5.085,817106,,11.522
"18-Feb-19",,,,,,,11.5155
"19-Feb-19",5.2,5.2261,4.94,5.12,84816,,11.7961
"20-Feb-19",5.05,5.25,5.05,5.16,61607,,11.7577
"21-Feb-19",5.13,5.31,5.13,5.22,34232,,11.8268
"22-Feb-19",5.25,5.38,5.13,5.31,29664,,11.7868
"25-Feb-19",5.38,6.16,5.36,6.06,219358,,11.7353
"26-Feb-19",6.25,6.75,6.1867,6.69,213784,,11.6296
"27-Feb-19",6.72,7.6499,6.3,7.22,206877,,11.5773
"28-Feb-19",7.24,7.45,6.96,7.16,242308,,11.8356
"01-Mar-19",7.15,7.249,6.01,6.18,172951,,11.7639
"04-Mar-19",6.18,6.83,6.07,6.83,47091,,11.7099
"05-Mar-19",6.82,6.87,5.4,5.45,346439,,11.6655
"06-Mar-19",5.4,5.668,5.4,5.61,481072,,11.6253
"07-Mar-19",5.57,5.625,5.3,5.52,154400,,12.6633
"08-Mar-19",5.44,5.56,5.41,5.51,122299,,14.9577
"11-Mar-19",5.6,5.6,5.41,5.51,116065,,14.1546
"12-Mar-19",5.55,5.5776,5.46,5.5,106112,,13.8273
"13-Mar-19",5.51,5.59,5.45,5.54,263523,,13.5349
"14-Mar-19",5.52,5.55,5.46,5.54,211212,,13.7362
"15-Mar-19",5.54,5.68,5.4206,5.68,168060,,12.4297
"18-Mar-19",5.78,5.8222,5.54,5.7,182585,,11.3502
"19-Mar-19",5.62,5.79,5.52,5.7,228214,,11.2339
"20-Mar-19",5.675,5.95,5.62,5.85,118509,,11.0862
"21-Mar-19",5.81,6,5.75,5.92,76925,,11.1167
"22-Mar-19",5.9,5.9,5.5242,5.59,54769,,11.6751
"25-Mar-19",5.6,5.6,5.2501,5.51,153230,,11.2627
"26-Mar-19",5.5,5.63,5,5.52,66461,,10.141
"27-Mar-19",5.52,5.54,5.3,5.48,74119,,9.7403
"28-Mar-19",5.53,5.7,5.4,5.66,152940,,9.7983
"29-Mar-19",5.89,5.89,5.67,5.84,142227,,8.3393
"01-Apr-19",5.9,6.405,5.63,6.22,237145,,8.2769
"02-Apr-19",6.22,6.47,5.9,5.99,132302,,8.0244
"03-Apr-19",6,6.233,5.5643,5.71,129624,,7.1481
"04-Apr-19",5.7,6.02,5.61,5.8,63635,,6.8705
"05-Apr-19",5.79,5.97,5.63,5.63,34664,,7.2624
"08-Apr-19",5.63,5.795,5.12,5.19,128615,,7.1922
"09-Apr-19",5.41,5.5,5.11,5.15,176054,,5.3453
"10-Apr-19",5.17,5.7,5.17,5.66,62751,,6.0629
"11-Apr-19",5.63,5.74,5.53,5.61,44613,,5.7989
"12-Apr-19",5.66,5.66,5.37,5.44,37992,,9.0315
"15-Apr-19",5.43,5.44,5.11,5.17,142185,,5.9074,347145
"16-Apr-19",5.2,5.27,5.09,5.18,38838,,3.911
"17-Apr-19",5.19,5.32,4.66,5.2,108978,,6.0316
"18-Apr-19",5.2,5.4,5.12,5.33,36045,,6.1596
"19-Apr-19",,,,,,,6.1684
"22-Apr-19",5.45,5.85,5.21,5.75,205837,,6.5646
"23-Apr-19",5.74,5.885,5.531,5.82,63375,,7.4856
"24-Apr-19",5.81,5.87,5.58,5.65,45897,,7.8774,,354816.9045
"25-Apr-19",5.58,5.78,5.5,5.6,73531,,7.8266,,310174.0575
"26-Apr-19",5.6,5.65,5.39,5.49,114832,,6.4712,,183743.8485
"29-Apr-19",5.44,5.58,5.26,5.49,82610,,6.6501,,181973.409
"30-Apr-19",5.397,5.49,5.23,5.44,26566,,6.4851,232333,177460.524
"01-May-19",5.45,5.49,5.28,5.31,28726,,6.6732,,184993.5705
"02-May-19",5.23,5.44,5.23,5.44,34113,,7.5169,,198601.6545
"03-May-19",5.36,5.65,5.36,5.57,25261,,7.7966,,207662.139
"06-May-19",5.35,5.53,5.33,5.46,77309,,8.1517,,208217.571
"07-May-19",5.485,5.59,5.34,5.35,59202,,8.0233,,223526.6655
"08-May-19",5.27,5.39,4.96,5.12,165771,,7.518,,194192.913
"09-May-19",5,5.03,4.79,4.82,125973,,7.4924,,225641.8096
"10-May-19",4.88,5.03,4.77,5.02,146182,,6.8568,,238791.8574
"13-May-19",5.18,5.19,4.75,4.97,124663,,7.0129,,201014.5116
"14-May-19",4.98,5.4,4.85,5.29,94184,,7.0698,,183845.1029
"15-May-19",5.27,5.54,5.26,5.49,156560,,7.4678,403271,243368.8175
"16-May-19",5.49,5.49,4.8,5.26,92675,,7.1986,,214489.8256
"17-May-19",5.28,5.43,5.21,5.37,52149,,7.1298,,206590.5036
"20-May-19",5.28,5.43,5.14,5.31,41691,,6.882,,201665.044
"21-May-19",5.33,5.47,5.29,5.3,70282,,6.7268,,210865.4308
"22-May-19",5.24,5.35,5.15,5.2,17681,,6.6545,,203639.8745
"23-May-19",5.17,5.17,4.99,5.04,43407,,6.5054,,168185.8587
"24-May-19",5.06,5.07,4.91,4.98,65664,,6.3469,,274304.9342
"27-May-19",,,,,,,6.3469,,274304.9342
"28-May-19",4.96,5,4.85,4.96,38557,,5.5972,,670438.0375
"29-May-19",4.91,4.91,4.44,4.49,263449,,5.553,,640515.3293
"30-May-19",4.51,5.15,4.51,4.97,110016,,5.2036,,1073628.3833
"31-May-19",4.91,4.99,4.7006,4.88,41195,,4.9687,375929,1347328.411
"03-Jun-19",4.88,5.04,4.67,4.72,121192,,4.8986,,1403383.08
"04-Jun-19",4.77,5.09,4.74,5.01,53028,,4.8068,,1126940.8095
"05-Jun-19",4.99,5.08,4.67,4.97,49987,,4.6989,,907682.3668
"06-Jun-19",4.97,5.04,4.77,4.87,43507,,4.6702,,917481.8521
"07-Jun-19",4.87,5.05,4.8,4.85,134517,,4.7147,,1149806.2752
"10-Jun-19",4.86,5.13,4.629,4.98,252621,,4.698,,1114963.6608
"11-Jun-19",5,5.37,4.9,5.25,268612,,4.7177,,331757.3425
"12-Jun-19",5.21,5.49,5.21,5.4,165438,,4.7621,,469911.25
"13-Jun-19",5.42,5.77,5.385,5.71,167310,,4.6852,,291833.6827
"14-Jun-19",5.69,5.9721,5.3,5.34,126319,,4.7042,292721,322434.3033
"17-Jun-19",5.35,5.49,5.15,5.15,82206,,4.8804,,301344.6864
"18-Jun-19",5.31,5.31,5.05,5.13,216302,,4.8999,,288563.1004
"19-Jun-19",5.15,5.195,4.93,5.05,72596,,4.7146,,823434.8816
"20-Jun-19",5.07,5.13,4.9,4.93,73504
"21-Jun-19",4.95,5.01,4.68,5,136596
"24-Jun-19",4.97,4.99,4.74,4.91,106140,,4.8111,,326569.5223
"25-Jun-19",4.97,5,4.8,4.88,103897,,4.8149,,299512.1272
"26-Jun-19",4.99,4.99,4.81,4.9,135498,,4.7783,,92675.4686
"27-Jun-19",4.9,5.14,4.8,4.88,136715,,4.655,,91709.4893
"28-Jun-19",4.85,5.5,4.75,5.44,3035578,,4.6392,478884,90597.1495
"01-Jul-19",5.53,5.93,5.38,5.65,526726,,4.9929,,1104904.6866
"02-Jul-19",5.64,5.65,5,5.09,645452,,5.226,,1240932.1353
"03-Jul-19",5.1,5.64,5.1,5.4,134586,,5.1371,,1175421.1755
"04-Jul-19",,,,,,,5.1247,,1184934.608
"05-Jul-19",5.41,5.41,5.2468,5.4,59294,,5.0923,,754224.9286
"08-Jul-19",5.38,5.43,5.15,5.29,140712,,4.9722,,687074.7312
"09-Jul-19",5.23,5.4,5.23,5.37,79428,3.4378,4.8911,,767338.8294
"10-Jul-19",5.37,5.46,5.29,5.4,51211,,4.7917,,3981297.9108
"11-Jul-19",5.39,5.42,5.12,5.25,60759,,4.7576,,3980148.5892
"12-Jul-19",5.21,5.21,4.9097,4.97,66787,3.13385,4.7605,,3659008.9788
"15-Jul-19",4.97,4.97,4.78,4.85,62481,3.127931,4.7379,726599,3660972.4032
"16-Jul-19",4.89,5,4.78,4.9,45187,3.143119,4.7059,,3643493.1372
"17-Jul-19",4.82,4.83,4.55,4.65,122102,3.149668,4.6749,,3681372.8616
"18-Jul-19",4.65,4.67,4.5799,4.62,38417,2.960404,4.6084,,3436040.5884
"19-Jul-19",4.57,4.64,4.55,4.6,52096,3.20505,4.4498,,3725909.0736
"22-Jul-19",4.63,4.66,4.5,4.53,46721,3.262186,4.4656,,3750380.046
"23-Jul-19",4.5,4.53,4.23,4.39,95929,,4.5183,,3567637.9116
"24-Jul-19",4.31,4.55,4.2,4.47,65748,,4.4974,,711340.421
"25-Jul-19",4.45,4.47,4.23,4.25,42151,3.226566,4.4618,,728124.8579
"26-Jul-19",4.24,4.35,4.21,4.31,44120,3.351743,4.3951,,754137.1021
"29-Jul-19",4.3,4.4255,4.18,4.25,68484,3.404037,4.3589,,762347.6708
"30-Jul-19",4.17,4.3,4.12,4.17,69145
"31-Jul-19",4.12,4.33,3.88,4.03,112836,3.429311,4.2515,641075,763800.8688
"01-Aug-19",4.03,4.295,3.71,3.72,64087,3.413214,4.22,,763001.6099
"02-Aug-19",3.61,3.67,3.47,3.61,137814,3.195381,4.0554,,722094.0862
"05-Aug-19",3.51,3.5144,3.29,3.32,124944,3.150452,4.0452,,727761.5584
"06-Aug-19",3.32,3.41,3.2,3.25,84389,2.998853,4.0673,,687653.2936
"07-Aug-19",3.25,3.335,2.92,2.93,131163,3.122497,4.0499,,719768.9694
"08-Aug-19",2.95,3.595,2.92,3.54,98932,3.148866,4.0339,,728560.8173
"09-Aug-19",3.55,3.6599,3.2,3.21,87072,3.188257,4.0324,,614534.495
"12-Aug-19",3.2,3.27,3.12,3.23,46764,3.348052,4.0194,,641139.1075
"13-Aug-19",3.24,3.36,3.13,3.35,67514,3.462177,3.9977,,657165.9825
"14-Aug-19",3.27,3.53,3.21,3.46,112159,,3.9992,,648511.47
"15-Aug-19",3.48,3.67,3.46,3.59,59117,3.400777,3.9625,697857,642485.365
"16-Aug-19",3.61,3.662,3.371,3.52,48331,3.573535,3.9249,,667871.935
"19-Aug-19",3.55,3.79,3.45,3.72,47390,3.353843,3.8714,,630433.155
"20-Aug-19",3.71,4.04,3.66,3.83,33876,3.580134,3.8292,,664858.8825
"21-Aug-19",4.02,4.22,3.84,3.94,90609,3.603661,3.8146,,672551.7825
"22-Aug-19",3.94,3.94,3.52,3.53,38530,3.378367,3.7353,,628509.93
"23-Aug-19",3.53,3.53,3.2001,3.21,56851,3.879646,3.7354,,724607.0725
"26-Aug-19",3.27,3.58,3.22,3.34,67868,3.553297,3.7026,,729051.2079
"27-Aug-19",3.36,3.42,2.96,2.99,173397,3.545794,3.6809,,728841.8508
"28-Aug-19",3,3.23,2.935,3.1,138088,3.741654,3.7019,,767712.4857
"29-Aug-19",3.1,3.37,2.92,3.33,140148,3.385676,3.6973,,701555.6421
"30-Aug-19",3.36,3.65,3.15,3.24,77467,3.11131,3.6874,635012,633165.6561
"02-Sep-19",,,,,,3.062473,3.6874,,633165.6561
"03-Sep-19",3.24,3.26,2.94,2.97,64280,2.939084,3.7527,,602111.0196
"04-Sep-19",3.05,3.3749,2.97,3.02,71922,2.749368,3.7128,,560518.7424
"05-Sep-19",3.05,3.13,2.91,3.1,50080,2.783169,3.6829,,567218.1696
"06-Sep-19",3.1,3.1,2.91,2.93,99847,2.97115,3.6746,,608531.304
"09-Sep-19",3,3.38,3,3.24,133189,3.500827,3.72,,725003.6373
"10-Sep-19",3.29,3.54,3.25,3.41,130690,3.385863,3.7025,,699392.2854
"11-Sep-19",3.45,3.67,3.35,3.59,81140,3.429556,3.705,,698513.2
"12-Sep-19",3.67,3.85,3.59,3.75,87568,3.25936,3.6758,,651839.818
"13-Sep-19",3.78,3.78,3.45,3.57,145694,4.358753,3.6983,745696,869966.44
"16-Sep-19",3.7,4.02,3.45,3.47,109696,4.008095,3.6597,,797257.566
"17-Sep-19",3.46,3.56,3.35,3.4,85408,3.815492,3.7989,,753886.2464
"18-Sep-19",3.41,3.54,3.26,3.34,72513,3.161761,3.8408,,624089.7936
"19-Sep-19",3.38,3.45,3.26,3.34,66435,3.922857,3.7159,,762395.4072
"20-Sep-19",3.34,3.43,3.14,3.37,207741,3.590437,3.5155,,707657.3728
"23-Sep-19",3.33,3.62,3.33,3.57,32791,3.680482,3.4938,,723278.668
"24-Sep-19",3.59,3.59,3.37,3.41,53925,3.75446,3.5122,,626160.9312
"25-Sep-19",3.41,3.75,3.27,3.73,89531,4.483861,3.4798,,746516.2656
"26-Sep-19",3.71,3.71,3.35,3.37,44526,4.007197,3.4957,,662998.3136
"27-Sep-19",3.4,3.4,3.205,3.27,23175,4.55733,3.374,,745174.0128
"30-Sep-19",3.26,3.42,3.1,3.29,59681,5.422,3.3618,784294,601552.9632
"01-Oct-19",3.32,3.48,3.1,3.11,28091,5.6503,3.4268,,620046.224
"02-Oct-19",3.1,3.19,3.02,3.17,48727,5.663143,3.3943,,574260.4896
"03-Oct-19",3.15,3.2725,3.1,3.17,23029,8.048552,3.3208,,728768.7008
"04-Oct-19",3.2,3.2,3.12,3.15,22475,7.052578,3.324,,624818.6784
"07-Oct-19",3.15,3.33,3.15,3.16,12455,8.343974,3.2443,,732422.6112
"08-Oct-19",3.07,3.11,3,3.01,46487,7.070287,3.25,,616839.7312
"09-Oct-19",3.01,3.26,2.9664,2.99,31210,8.26034,3.2339,,919349.4268
"10-Oct-19",3.07,3.13,3,3.1,22369,7.115327,3.1585,,782803.8414
"11-Oct-19",3.2,3.2,3.09,3.12,23721,8.103796,3.2407,,886565.9376
"14-Oct-19",3.2,3.69,3.2,3.42,114025,8.00052,3.2406,,886330.6494
"15-Oct-19",3.48,3.53,3.35,3.47,42351,8.07916,3.2404,726730,889075.6784
"16-Oct-19",3.41,3.54,3.4,3.44,22877,8.029271,3.3858,,876526.9744
"17-Oct-19",3.48,3.54,3.42,3.47,32505,6.952811,3.2876,,757000.5688
"18-Oct-19",3.43,3.5,3.3443,3.39,18354,7.059988,3.2372,,752294.8048
"21-Oct-19",3.5,3.5,3.17,3.2,47816,8.593588,3.1759,,921467.0206
"22-Oct-19",3.18,3.28,3.11,3.22,36495,8.292974,3.1697,,882487.6088
"23-Oct-19",3.27,3.35,3.12,3.29,37368,7.76765,3.1717,,824998.8586
"24-Oct-19",3.33,3.42,3.16,3.39,25672,7.477503,3.1229,,639522.4
"25-Oct-19",3.4,3.455,3.26,3.3,20244,7.776881,3.1158,,658635.399
"28-Oct-19",3.35,3.47,3.32,3.37,37752,7.782814,3.1034,,662269.049
"29-Oct-19",3.36,3.41,3.23,3.3,70027,7.134955,2.9126,,607110.242
"30-Oct-19",3.28,3.33,3.11,3.22,50346,7.245537,3.0659,,614086.85
"31-Oct-19",3.18,3.45,3.1,3.44,69176,7.403673,3.0656,873397,627531.355
"01-Nov-19",3.336,3.6,3.336,3.49,42873,6.684015,3.0325,,557983.294
"04-Nov-19",3.52,3.6199,3.43,3.44,23746,6.428931,2.966,,523681.638
"05-Nov-19",3.33,3.45,3.27,3.37,26031,6.324939,2.945,,510382.479
"06-Nov-19",3.35,3.48,3.35,3.44,17729,7.552604,2.911,,594610.486
"07-Nov-19",3.49,3.57,3.46,3.54,33937,8.977079,2.8751,,698460.203
"08-Nov-19",3.5,3.65,3.34,3.37,56052,9.113948,2.8718,,696643.378
"11-Nov-19",3.4,3.5168,3.35,3.35,25653,9.345425,2.8716,,697442.781
"12-Nov-19",3.35,3.6,3.31,3.35,54287,8.428453,2.8822,,873921.0382
"13-Nov-19",3.36,3.41,3.28,3.33,20114,7.23955,2.8834,,745706.3586
"14-Nov-19",3.38,3.4,2.98,3.02,71569
"15-Nov-19",3,3.03,2.921,2.99,104645,8.018028,2.8105,825550,825185.4856
"18-Nov-19",2.99,3.13,2.98,3.11,125485,7.762416,2.8189,,814792.0613
"19-Nov-19",3.13,3.41,3.13,3.36,29175,8.02531,2.7951,,835578.9099
"20-Nov-19",3.35,3.39,2.95,3.17,162359,7.596028,2.7732,,813132.607
"21-Nov-19",3.17,3.21,2.9431,2.96,52017,7.466453,2.7639,,802739.1827
"22-Nov-19",3,3.345,2.91,3.33,109395,8.342386,2.7026,,900909.0055
"25-Nov-19",3.32,3.44,3.32,3.38,68976,9.389346,2.6966,,1023097.2458
"26-Nov-19",3.41,3.42,3.34,3.37,37723,9.227175,2.7136,,999493.385
"27-Nov-19",3.41,3.6,3.31,3.57,61458,9.145067,2.6887,,989091.455
"28-Nov-19",,,,,,9.354887,2.6896,,985459.035
"29-Nov-19",3.58,3.78,3.56,3.77,64518,8.861701,2.6716,674267,916608.165
"02-Dec-19",3.97,3.97,3.59,3.67,43024,8.9596,2.6878,,900097.165
"03-Dec-19",3.76,3.78,3.51,3.55,47584,9.016419,2.6767,,902986.59
"04-Dec-19",3.6,3.8,3.51,3.7,24901,8.844471,2.6655,,876734.1
"05-Dec-19",3.71,3.77,3.35,3.37,38177,9.042899,2.6445,,888539.465
"06-Dec-19",3.44,4.06,3.44,4,114859,15.624392,2.6586,,1561362.715
"09-Dec-19",4,4,3.67,3.72,69380,9.472375,2.6205,,939145.68
"10-Dec-19",3.75,4.0069,3.68,3.84,101644,9.480823,2.6025,,685796.9657
"11-Dec-19",3.92,4.575,3.9,4.18,201774,9.400725,2.601,,692674.4891
"12-Dec-19",4.16,4.6734,4.04,4.4,141122,9.330187,2.5925,,698136.0518
"13-Dec-19",4.74,4.7894,4.26,4.41,130834,9.014453,2.5887,600671,681953.6438
"16-Dec-19",4.45,4.52,4.07,4.47,90977,8.676939,2.5469,,647363.7467
"17-Dec-19",4.47,4.47,4.3,4.39,38193,8.339986,2.5581,,610885.902
"18-Dec-19",4.46,4.46,3.98,4.34,99121,8.226251,2.5429,,604682.6456
"19-Dec-19",4.02,4.59,4.02,4.28,117116,8.572389,2.5207,,637452.0218
"20-Dec-19",4.31,4.47,4.2,4.28,124317,7.871892,2.5175,,594029.227
"23-Dec-19",4.34,5.31,4.29,5.28,530027,,2.5263,,568407.081
"24-Dec-19",5.25,6.19,5.25,5.71,693340
"25-Dec-19",,,,,,,2.5241,,506005.2504
"26-Dec-19",5.76,5.8814,5.43,5.5,67974,7.281999,2.5562,,604034.7576
"27-Dec-19",5.49,5.6,5.1,5.13,75368
"30-Dec-19",5.13,5.33,4.23,5.2,219673,,2.4012,,581269.3267
"31-Dec-19",5.14,5.41,5,5.39,62059,,2.3695,554256,576043.489
"01-Jan-20",,,,,,6.754235,2.3706,,572439.463
"02-Jan-20",5.37,5.37,4.95,5.03,77603,5.688665,2.3957,,498917.3326
"03-Jan-20",4.99,5.25,4.51,4.71,90772,7.239967,2.329,,640135.0847
"06-Jan-20",4.53,4.88,4.26,4.51,213829
"07-Jan-20",4.42,4.6,4.28,4.485,45806,,2.2624,,584573.0172
"08-Jan-20",4.44,4.73,4.44,4.67,68907,5.896579,2.1994,,548532.7572
"09-Jan-20",4.56,4.83,4.56,4.68,72539,5.51894,2.205,,515856.2548
"10-Jan-20",4.98,5.18,4.81,4.93,164863,4.962201,2.1915,,457150.3488
"13-Jan-20",4.93,4.93,4.53,4.78,61787,,2.1633,,446730.336
"14-Jan-20",4.79,5,4.69,4.81,80677,3.971351,1.9514,,372127.4784
"15-Jan-20",4.79,4.94,4.75,4.89,59991,3.276297,1.8834,513453,304064.8416
"16-Jan-20",4.98,5.2,4.85,5.08,131861,3.33247,1.9146,,314207.7264
"17-Jan-20",5.14,5.19,5.011,5.03,63098,3.458448,1.8542,,328341.2544
"20-Jan-20",,,,,,3.389717,1.8529,,329283.4896
"21-Jan-20",5.02,5.02,4.76,4.92,52791,2.862715,1.7513,,276185.7648
"22-Jan-20",5,5,4.76,4.79,50892,2.85902,1.6984,,275964.0624
"23-Jan-20",4.8,4.8005,4.56,4.62,37091,2.746254,1.666,,265100.6448
"24-Jan-20",4.68,4.73,4.52,4.61,29894,2.923756,1.6099,,281894.6016
"27-Jan-20",4.47,4.49,4.25,4.36,53842,2.897813,1.5849,,480027.2097
"28-Jan-20",4.28,4.59,4.28,4.48,47368,2.908786,1.5804,,478076.0883
"29-Jan-20",4.4,4.4461,4.2,4.34,39656,2.643015,1.6077,,434535.2739
"30-Jan-20",4.22,4.4,4.1,4.33,32289,2.497638,1.5992,,407989.7538
"31-Jan-20",4.3,4.3,3.92,3.95,77437,2.413794,1.6395,435150,396128.9895
"03-Feb-20",3.96,4.2001,3.95,3.98,74845,2.612107,1.5859,,432789.5337
"04-Feb-20",3.96,4.17,3.91,4.09,39000,2.907924,1.514,,477357.2541
"05-Feb-20",4.19,4.19,3.5914,3.74,151231,3.345672,1.4378,,561204.129
"06-Feb-20",3.91,4.35,3.9,4.27,210135,3.159466,1.3384,,546313.992
"07-Feb-20",4.26,4.48,4.07,4.27,171287,2.931341,1.321,,519511.7454
"10-Feb-20",4.2,4.273,3.85,4.03,88646,2.168592,1.3015,,390429.6612
"11-Feb-20",4.03,4.08,3.9,4,73136,2.06996,1.2491,,407605.005
"12-Feb-20",4,4.06,3.82,4,48583,1.991706,1.2401,,393593.175
"13-Feb-20",3.93,4,3.9,3.94,24983,1.905001,1.2305,,374707.665
"14-Feb-20",3.9,3.92,3.76,3.83,52890,2.039384,1.2225,305439,403209.99
"17-Feb-20",,,,,,2.030499,1.2225,,403209.99
"18-Feb-20",3.87,4.1,3.83,4,64150,1.817194,1.2306,,358694.145
"19-Feb-20",4.04,4.09,3.99,4.02,36464,1.821267,1.2329,,354429.675
"20-Feb-20",4,4.08,3.82,4.03,36511,1.774215,1.227,,345683.16
"21-Feb-20",4.03,4.07,3.92,4.05,35326,1.792913,1.213,,342158.445
"24-Feb-20",3.83,3.9672,3.64,3.66,93565,1.682517,1.2036,,322750.755
"25-Feb-20",3.66,3.66,3.43,3.435,85715,1.719,1.1553,,329016.915
"26-Feb-20",3.44,3.6,3.3,3.38,47411,1.656993,1.1508,,239403.0882
"27-Feb-20",3.34,3.3832,2.96,2.97,126022,1.76773,1.1495,,259103.9037
"28-Feb-20",2.85,3.09,2.7674,3.05,181112,1.724103,1.1305,291950,257607.2526
"02-Mar-20",3.07,3.4,2.99,3.37,85959,1.727674,1.1105,,259012.272
"03-Mar-20",3.37,3.43,3,3.08,123482,1.676987,1.131,,254644.4943
"04-Mar-20",3.24,3.28,3.0501,3.23,62346,1.599799,1.1233,,243465.4269
"05-Mar-20",3.08,3.29,3.01,3.05,67844,1.686232,1.1122,,258340.3062
"06-Mar-20",2.89,3.06,2.74,2.85,120732,1.714286,1.0919,,266006.8251
"09-Mar-20",2.55,2.74,2.55,2.62,118012,1.768481,1.0856,,274559.1171
"10-Mar-20",2.62,2.925,2.5083,2.74,123510,1.744545,1.0825,,309467
"11-Mar-20",2.62,2.79,2.35,2.41,119073,1.904168,1.0816,,338691.195
"12-Mar-20",1.78,2.36,1.78,2.04,186470,2.09201,1.0681,,371243.62
"13-Mar-20",1.91,2.18,1.91,2.18,125159,2.20551,1.1115,323893,390424.735
"16-Mar-20",1.61,2.05,1.52,1.7,196028,2.13532,1.103,,381753.82
"17-Mar-20",1.91,2.05,1.64,2.05,111104,2.030195,0.8561,,364061.65
"18-Mar-20",1.95,2.07,1.8,2.02,125510,1.906948,0.9007,,346427.87
"19-Mar-20",2.05,2.76,2.02,2.74,138130,1.823809,1.2068,,333260.925
"20-Mar-20",2.83,2.92,2.36,2.69,213351,1.927115,1.0548,,357113.24
"23-Mar-20",2.73,2.79,2.325,2.74,158465,2.149729,1.0276,,400351.035
"24-Mar-20",2.86,2.97,2.74,2.97,157914,2.569369,0.9216,,375586.3228
"25-Mar-20",2.96,2.99,2.6,2.64,97521,2.420266,0.9827,,321593.3597
"26-Mar-20",2.89,2.89,2.47,2.61,266924,2.468239,0.9559,,337237.3916
"27-Mar-20",2.54,2.64,2.22,2.36,475454,2.418169,0.8958,,352071.691
"30-Mar-20",2.4,2.59,2.24,2.4,298097,2.873169,0.8395,,432364.7657
"31-Mar-20",2.42,2.48,2.22,2.48,184811,2.732516,0.8468,284721,409109.2483
"01-Apr-20",2.38,2.53,2.23,2.25,141970,2.368993,0.8655,,358841.0547
"02-Apr-20",2.27,2.2868,2.03,2.14,117261,2.847532,0.8261,,431814.1476
"03-Apr-20",2.1,2.22,2.03,2.18,94741,2.688491,0.8394,,408688.1874
"06-Apr-20",2.26,2.46,2.22,2.34,146069,2.981102,0.8103,,456753.9086
"07-Apr-20",2.44,2.54,2.15,2.15,120340,2.704998,0.8226,,408979.6911
"08-Apr-20",2.23,2.51,2.23,2.42,139311,2.610538,0.8297,,399975.4657
"09-Apr-20",2.33,2.58,2.33,2.57,107780,2.588943,0.8262,,277574.5029
"10-Apr-20",,,,,,2.57471,0.8262,,277574.5029
"13-Apr-20",2.57,2.86,2.31,2.77,149727,2.630434,0.8302,,282955.7298
"14-Apr-20",2.83,2.93,2.6,2.85,178406,2.507318,0.8423,,274186.323
"15-Apr-20",2.72,2.86,2.56,2.75,236290,2.793675,0.7906,327704,312168.1044
"16-Apr-20",2.75,2.75,2.55,2.66,136068,2.678687,0.7969,,302430.6462
"17-Apr-20",2.77,2.83,2.63,2.8,151578,2.578763,0.801,,291924.4413
"20-Apr-20",2.73,2.83,2.53,2.63,91366,2.609394,0.8075,,296536.9215
"21-Apr-20",2.6,2.63,2.45,2.59,93232,2.901281,0.7589,,328624.9782
"22-Apr-20",2.61,2.617,2.5,2.6,94603,3.080701,0.7321,,350861.6883
"23-Apr-20",2.55,2.65,2.49,2.54,107915,2.919928,0.7392,,335059.6728
"24-Apr-20",2.59,2.63,2.48,2.58,114879,3.127328,0.7319,,380595.4256
"27-Apr-20",2.6,2.68,2.48,2.57,268973,3.045384,0.7425,,382102.864
"28-Apr-20",2.65,2.65,2.38,2.46,332669,3.078076,0.7237,,399798.88
"29-Apr-20",2.52,2.63,2.38,2.49,212100,2.95785,0.7126,,391868.4432
"30-Apr-20",2.48,2.5,2.31,2.37,190565,3.000795,0.7125,425777,404714.44
"01-May-20",2.38,2.38,2.21,2.3,119388,3.997832,0.6811,,548379.8736
"04-May-20",2.3,2.3,1.97,2.2,442717,2.83369,0.7308,,405435.3888
"05-May-20",2.22,2.3,2.17,2.25,129069,2.936944,0.7296,,424442.2208
"06-May-20",2.27,2.31,2.23,2.28,98126,2.591036,0.7432,,372238.9736
"07-May-20",2.26,2.38,2.19,2.28,148604,2.538064,0.7318,,362145.6904
"08-May-20",2.28,2.35,2.26,2.33,79735,2.831702,0.7066,,399864.4208
"11-May-20",2.35,2.42,2.28,2.28,222689,2.871762,0.7065,,433100.3644
"12-May-20",2.29,2.38,2.15,2.16,328073,2.803005,0.7113,,434803.4724
"13-May-20",2.11,2.3,2.11,2.3,179058,2.716386,0.7047,,427352.3749
"14-May-20",2.27,2.32,2.12,2.24,242698,3.03771,0.6923,,489090.0399
"15-May-20",2.24,2.37,2.21,2.36,116766,2.936067,0.6878,511861,475890.9529
"18-May-20",2.4,2.46,2.35,2.42,152571,3.105387,0.6854,,503353.5694
"19-May-20",2.4,2.44,2.26,2.29,114951,3.08275,0.6904,,502289.1269
"20-May-20",2.33,2.36,2.25,2.32,195045,3.19629,0.6791,,529240.811
"21-May-20",2.3,2.34,2.204,2.26,226218,3.371784,0.6726,,568923.2274
"22-May-20",2.27,2.39,2.25,2.38,94342,3.420643,0.671,,580504.3618
"25-May-20",,,,,,3.416419,0.6706,,583612.5339
"26-May-20",2.61,2.68,2.41,2.43,522746,3.180834,0.6723,,566836.9201
"27-May-20",2.46,2.9399,2.36,2.73,333338,2.925377,0.6804,,575894.8111
"28-May-20",3,3.39,2.76,2.925,2287243,2.448594,0.7004,,578198.1856
"29-May-20",2.93,3.67,2.62,3.23,1098181,2.19754,0.704,465675,555522.7433
"01-Jun-20",3.2,3.22,2.7501,2.96,406007,2.152142,0.6718,,551171.9248
"02-Jun-20",2.96,3.04,2.83,2.92,228768,1.9633,0.6306,,503005.8047
"03-Jun-20",2.88,2.94,2.515,2.6,322510,2.119056,0.6216,,551734.9719
"04-Jun-20",2.61,2.72,2.56,2.65,336773,2.402814,0.606,,634605.2678
"05-Jun-20",2.7,2.94,2.68,2.73,285726,2.730952,0.6073,,732063.6022
"08-Jun-20",2.81,3.3059,2.74,3.22,856981,3.0221,0.6052,,858851.5719
"09-Jun-20",2.75,2.84,2.59,2.82,4237040,2.370215,0.6124,,704193.735
"10-Jun-20",2.82,2.8595,2.66,2.68,1148490,2.07197,0.6543,,647101.98
"11-Jun-20",2.6,2.63,2.37,2.44,964771,0.377966,0.8806,,122751.93
"12-Jun-20",2.74,2.7801,2.4401,2.53,1500628,0.860728,0.9063,,297054.0825
"15-Jun-20",2.48,2.65,2.45,2.58,832830,0.670072,0.8377,643911,240102.03
"16-Jun-20",2.74,2.74,2.51,2.56,834550,0.527243,0.9981,,192510.045
"17-Jun-20",2.6,2.61,2.46,2.52,908696,0.350288,0.8852,,131599.755
"18-Jun-20",2.49,2.637,2.46,2.51,504246,0.3598,0.8639,,137234.4225
"19-Jun-20",2.54,2.63,2.52,2.58,468908,0.453905,0.716,,175466.34
"22-Jun-20",2.62,2.64,2.54,2.63,321500,0.600937,0.6616,,235631.55
"23-Jun-20",2.63,2.668,2.55,2.57,430334,0.44397,0.6258,,174255.585
"24-Jun-20",2.55,2.61,2.47,2.51,441328,0.736376,0.597,,783253.3404
"25-Jun-20",2.52,2.59,2.4735,2.57,319297,0.729333,0.6123,,780420.132
"26-Jun-20",2.54,2.57,2.37,2.41,1483869,0.32455,0.7005,,365097.537
"29-Jun-20",2.51,2.59,2.425,2.53,528755,0.353521,0.768,,400834.5975
"30-Jun-20",2.56,2.6,2.46,2.6,484766,1.218795,0.5749,1471297,1384086.6945
"01-Jul-20",2.6,2.67,2.53,2.56,445096,0.926625,0.5542,,1067346.8736
"02-Jul-20",2.6,2.6001,2.5099,2.57,267601,0.998995,0.5996,,1155755.8539
"03-Jul-20",,,,,,0.98741,0.5993,,1155755.8539
"06-Jul-20",2.6,2.6399,2.54,2.59,304037,,0.6015,,1039980.6561
"07-Jul-20",2.61,2.65,2.56,2.62,324964,0.830409,0.5403,,985119.4389
"08-Jul-20",2.62,2.64,2.51,2.6,561161,0.726764,0.4954,,875268.2223
"09-Jul-20",2.62,2.63,2.52,2.56,283735,0.741072,0.504,,896903.6319
"10-Jul-20",2.57,2.59,2.52,2.57,219864,0.724935,0.5141,,936186.2811
"13-Jul-20",2.59,2.6498,2.45,2.46,552247,0.764423,0.5258,,989741.4919
"14-Jul-20",2.53,2.56,2.4,2.49,450898,0.697284,0.5067,,911762.7509
"15-Jul-20",2.55,2.6,2.47,2.58,342715,0.617773,0.4719,1191549,812155.944
"16-Jul-20",2.6,2.73,2.58,2.7,609179,0.664644,0.5415,,884396.6267
"17-Jul-20",2.71,2.79,2.64,2.75,800265,0.479882,0.5786,,652225.9601
"20-Jul-20",2.75,2.8,2.67,2.76,551196,0.548565,0.5445,,754922.4907
"21-Jul-20",2.95,3.25,2.745,3.06,3605413,0.554981,0.7844,,847025.6829
"22-Jul-20",3.09,3.0999,2.8,2.91,1045287,0.396558,0.4801,,621328.7231
"23-Jul-20",2.89,2.93,2.7,2.74,770848,0.476103,0.4993,,759777.7708
"24-Jul-20",2.73,2.86,2.72,2.81,472350,0.513937,0.4816,,1215022.5153
"27-Jul-20",2.84,2.85,2.7,2.71,475901,0.514962,0.4834,,1229082.7935
"28-Jul-20",2.71,2.77,2.64,2.72,515761,0.371658,0.4557,,892827.6657
"29-Jul-20",2.73,2.73,2.635,2.65,237997,0.350474,0.4492,,839803.7352
"30-Jul-20",2.66,3,2.59,2.79,1642931,0.342507,0.4309,,851480.9154
"31-Jul-20",2.88,2.88,2.655,2.73,687103,0.342417,0.4216,1172810,852672.4644
"03-Aug-20",2.75,2.78,2.66,2.72,458527,0.488149,0.5841,,1239091.8051
"04-Aug-20",2.74,3,2.66,2.87,2082683,0.432428,0.5208,,1136380.2813
"05-Aug-20",2.89,3.12,2.84,3.07,1690045,0.360924,0.4458,,976236.0957
"06-Aug-20",2.98,3.03,2.76,2.88,1247089,0.266158,0.479,,738283.7604
"07-Aug-20",2.88,2.915,2.79,2.84,363003,0.210811,0.4804,,588267.7413
"10-Aug-20",2.83,2.885,2.81,2.86,255914,0.195979,0.4495,,555738.4536
"11-Aug-20",2.87,2.92,2.74,2.77,705034,0.22896,0.4477,,892977.534
"12-Aug-20",2.78,2.822,2.53,2.6,741827,0.226121,0.4448,,891922.005
"13-Aug-20",2.63,2.6902,2.5,2.52,548744,0.249983,0.4324,,990672.607
"14-Aug-20",2.51,2.64,2.5,2.57,441333,0.24637,0.484,1227517,981876.532
"17-Aug-20",2.56,2.715,2.55,2.67,446583,0.236821,0.4441,,960296.828
"18-Aug-20",2.68,2.76,2.6094,2.73,464705,0.45021,0.5472,,1815275.318
"19-Aug-20",2.74,2.7967,2.6813,2.72,233735,0.244594,0.5152,,987857.863
"20-Aug-20",2.66,2.74,2.635,2.7,276577,0.413463,0.5895,,1675593.647
"21-Aug-20",2.68,2.6837,2.54,2.56,364005,0.363929,0.5448,,1480086.22
"24-Aug-20",2.6,2.6,2.46,2.52,317033,0.36397,0.5845,,1503307.858
"25-Aug-20",2.52,2.65,2.51,2.62,219702,0.327437,0.5013,,1672491.9125
"26-Aug-20",2.64,2.645,2.58,2.58,155730,0.358613,0.5505,,1809728.3131
"27-Aug-20",2.57,2.585,2.5,2.54,357214,0.346845,0.5385,,1744424.4087
"28-Aug-20",2.555,2.6199,2.5,2.54,221683,0.34328,0.5464,,1722451.8544
"31-Aug-20",2.52,2.53,2.44,2.46,306135,0.34476,0.5302,1299758,1643768.0147
"01-Sep-20",2.46,2.47,2.25,2.29,950652,0.343527,0.5193,,1647205.0623
"02-Sep-20",2.27,2.3299,2.21,2.29,322899,0.387906,1.0044,,1856619.4625
"03-Sep-20",2.3,2.375,2.2,2.2,348816,0.556339,1.1034,,2669849.475
"04-Sep-20",2.24,2.2669,2.125,2.23,406359,0.390852,1.0458,,1879083.0236
"07-Sep-20",,,,,,0.38421,1.0458,,1879083.0236
"08-Sep-20",2.22,2.46,2.19,2.4,560702,0.326847,0.5345,,1593439.8177
"09-Sep-20",2.44,2.59,2.44,2.56,532760,0.67665,1.2437,,3275383.6111
"10-Sep-20",2.65,2.67,2.56,2.57,324612,0.748038,1.2453,,2617452.6604
"11-Sep-20",2.57,2.65,2.53,2.58,260930,0.699783,1.1193,,2396493.8004
"14-Sep-20",2.62,2.805,2.62,2.77,498308,0.756393,1.1299,,2503983.787
"15-Sep-20",2.76,2.85,2.71,2.73,266461,0.755661,1.1228,1464308,2479938.264
"16-Sep-20",2.72,2.79,2.66,2.665,214960,0.778101,1.1084,,2513212.0688
"17-Sep-20",2.64,2.8582,2.6134,2.84,345084,0.806263,1.0976,,2571051.2998
"18-Sep-20",2.86,2.96,2.71,2.78,1966884,0.775756,1.0891,,2542716.5754
"21-Sep-20",2.71,2.75,2.5,2.53,310210,,1.1515,,2510482.577
"22-Sep-20",2.54,2.54,2.43,2.47,197184,,1.0218,,4748145.9498
"23-Sep-20",2.55,2.55,2.3,2.33,242372,1.348499,1.1456,,4358348.5256
"24-Sep-20",2.33,2.35,2.25,2.25,167570,1.011195,1.2902,,1916486.3104
"25-Sep-20",2.27,2.44,2.26,2.43,246867,,1.1587,,1854253.2204
"28-Sep-20",2.45,2.45,2.26,2.29,195767,1.118233,1.1338,,2051056.2156
"29-Sep-20",2.27,2.36,2.26,2.27,343038,,0.9796,,1828774.2612
"30-Sep-20",2.28,2.32,2.2,2.275,294437,,0.9656,1370384,1849713.8656
"01-Oct-20",2.3,2.3,2.18,2.24,252271,0.968254,0.9363,,1742672.9508
"02-Oct-20",2.25,2.29,2.18,2.24,209147,1.308676,1.0637,,2340110.6148
"05-Oct-20",2.26,2.35,2.24,2.28,215192,,1.0636,,2332349.7824
"06-Oct-20",2.31,2.43,2.285,2.33,171596,,1.0462,,2309799.4392
"07-Oct-20",2.4,2.48,2.35,2.45,203612,,0.9114,,1734912.1184
"08-Oct-20",2.47,2.52,2.4422,2.45,132655,,0.9004,,1697572.2644
"09-Oct-20",2.48,2.5,2.43,2.45,105134,1.026672,0.9479,,1316116.7936
"12-Oct-20",2.46,2.56,2.44,2.48,152668,,0.9437,,1305838.9136
"13-Oct-20",2.48,2.535,2.4175,2.44,286794,,1.1142,,1945123.0496
"14-Oct-20",2.47,2.47,2.38,2.38,108262,,1.0446,,1720791.1888
"15-Oct-20",2.38,2.42,2.31,2.4,91281,1.333608,1.0212,1559862,1667757.328
"16-Oct-20",2.38,2.44,2.37,2.41,127609,,0.9973,,1691190.8944
"19-Oct-20",2.43,2.44,2.3,2.3,152167,,0.9308,,1491114.8304
"20-Oct-20",2.36,2.39,2.255,2.37,596331,,0.9228,,1470833.1472
"21-Oct-20",2.35,2.4351,2.3,2.3,114345,,0.9298,,1469462.7632
"22-Oct-20",2.355,2.355,2.26,2.26,499391,,1.0177,,1923196.9056
"23-Oct-20",2.3,2.36,2.27,2.32,789781,,1.0218,,1884826.1536
"26-Oct-20",2.31,2.34,2.23,2.25,109765,,1.3981,,2400471.6318
"27-Oct-20",2.23,2.28,2.15,2.15,258454,1.848086,1.45,,1814743.4508
"28-Oct-20",2.12,2.125,2.02,2.08,165125,,1.45,,1804448.3616
"29-Oct-20",2.08,2.18,2.05,2.17,149300,,1.0216,,1532408.4288
"30-Oct-20",2.14,2.216,2.05,2.06,143976,,0.9865,1643190,1452543.4944
"02-Nov-20",2.07,2.09,1.98,2.02,137960,1.646581,0.9853,,1474225.5762
"03-Nov-20",2.01,2.1,2.01,2.1,160222,,0.8233,,1185339.1338
"04-Nov-20",2.07,2.14,2.05,2.08,106744,,0.8626,,1211232.843
"05-Nov-20",2.08,2.1,2.06,2.09,126329,,0.9495,,2138258.8296
"06-Nov-20",2.1,2.1,2.0385,2.06,95020,,0.85,,1342573.2234
"09-Nov-20",2.1,2.16,2.05,2.06,134526,,0.842,,1289693.9016
"10-Nov-20",2.12,2.12,1.99,2.06,241686,,0.84,,1469176.179
"11-Nov-20",2.1,2.2,2.0319,2.18,220149,,0.84,,1469176.179
"12-Nov-20",2.27,2.27,2.1,2.22,237401,,0.8187,,1614598.494
"13-Nov-20",2.28,2.28,2.18,2.21,129890,,0.8017,1372632,1598823.87
"16-Nov-20",2.24,2.29,2.2,2.275,163423,,0.7941,,1625443.548
"17-Nov-20",2.24,2.36,2.24,2.34,178934,2.196732,0.7942,,1624621.953
"18-Nov-20",2.32,2.35,2.3,2.31,179275,1.380543,0.6366,,1006946.832
"19-Nov-20",2.31,2.32,2.21,2.3,167675,2.139691,0.6296,,1536218.331
"20-Nov-20",2.28,2.35,2.2694,2.32,139265,,0.6169,,1502697.255
"23-Nov-20",2.33,2.36,2.2,2.34,223264,,0.6208,,1517485.965
"24-Nov-20",2.35,2.43,2.32,2.38,201968,2.071176,0.612,,1255546.4904
"25-Nov-20",2.38,2.45,2.34,2.42,121305,,0.6182,,1258840.8072
"26-Nov-20",,,,,,,0.6175,,1254173.8584
"27-Nov-20",2.44,2.56,2.44,2.52,257417,,0.6115,,1212994.8984
"30-Nov-20",2.52,2.53,2.46,2.5,215700,,0.6154,1560091,1220681.6376
"01-Dec-20",2.56,2.63,2.5,2.58,359871,,0.6111,,782812.0296
"02-Dec-20",2.57,2.57,2.48,2.48,133528,,0.6007,,785282.7672
"03-Dec-20",2.5,2.6,2.38,2.55,511191,2.091352,0.5956,,1218622.6896
"04-Dec-20",2.55,2.7,2.5,2.64,357432,,0.5942,,1191856.3656
"07-Dec-20",2.63,2.645,2.56,2.58,240705,,0.4991,,1788539.496
"08-Dec-20",2.58,2.69,2.58,2.67,274879,,0.4983,,1749007.6944
"09-Dec-20",2.69,2.79,2.61,2.65,465692,,0.4764,,2101598.5861
"10-Dec-20",2.65,2.74,2.6109,2.72,271348,2.942531,0.4773,,2127964.124
"11-Dec-20",2.72,2.72,2.6392,2.69,148743,,0.4773,,2127964.124
"14-Dec-20",2.7,2.78,2.67,2.69,230035,,0.4617,,2182255.2908
"15-Dec-20",2.76,2.8,2.66,2.69,262369,,0.4428,1367851,2042003.1099
"16-Dec-20",2.73,2.74,2.65,2.71,153703,2.800082,0.4388,,1958538.2414
"17-Dec-20",2.73,2.77,2.67,2.74,289725,,0.4426,,2026714.2181
"18-Dec-20",2.74,2.74,2.6063,2.64,453105,,0.4499,,2004872.9441
"21-Dec-20",2.56,2.72,2.5309,2.66,241106,,0.4387,,1856820.3082
"22-Dec-20",2.62,3.1,2.61,2.75,2399253,2.898196,0.4409,,2094734.1857
"23-Dec-20",2.72,2.81,2.68,2.75,238088,,0.4382,,2135452.5608
"24-Dec-20",2.75,2.76,2.6602,2.75,143290,,0.4302,,1384949.1375
"25-Dec-20",,,,,,2.595255,0.4139,,1259106.8455
"28-Dec-20",2.79,2.8,2.71,2.75,226691,2.408765,0.4037,,1167187.2583
"29-Dec-20",2.77,2.77,2.6,2.73,260202,,0.3992,,1139146.3128
"30-Dec-20",2.71,2.73,2.67,2.72,131039,2.288439,0.3973,,1099068.2785
"31-Dec-20",2.69,2.7,2.61,2.64,188746,,0.3953,1356283,1114524.9948
"01-Jan-21",,,,,,2.313233,0.3946,,1103992.5421
"04-Jan-21",2.67,2.6738,2.56,2.64,152888,,0.3948,,1074310.1754
"05-Jan-21",3.07,3.18,2.82,2.92,3576330,,0.3992,,1057759.1783
"06-Jan-21",2.848,3.01,2.81,2.85,576700,,0.4151,,1111242.1524
"07-Jan-21",2.84,2.93,2.84,2.91,448399,2.1204,0.44,,1252130.8054
"08-Jan-21",2.7,2.77,2.5,2.5,3733145,1.326239,0.428,,918922.3018
"11-Jan-21",2.52,2.6,2.47,2.48,1186471,,0.7043,,948878.2387
"12-Jan-21",2.49,2.5,2.36,2.48,2049690,,1.0196,,265695.8397
"13-Jan-21",2.59,2.78,2.53,2.74,2978436,,1.4818,,1091807.815
"14-Jan-21",2.79,2.83,2.67,2.75,1883534,0.925797,1.4892,,1023179.8952
"15-Jan-21",2.74,2.76,2.65,2.71,1068205,,0.6662,1885086,249420.4437
"18-Jan-21",,,,,,,0.6662,,249420.4437
"19-Jan-21",2.8,2.96,2.71,2.9,1926100,0.234592,0.6347,,285768.8281
"20-Jan-21",2.92,2.95,2.81,2.94,1148390,,0.6368,,216055.8819
"21-Jan-21",2.98,3.12,2.85,3.09,1601587,,0.6145,,281835.6074
"22-Jan-21",3.11,3.51,3.05,3.5,2776604,0.221294,0.6665,,306655.5863
"25-Jan-21",3.385,3.47,3.2094,3.4,1966422,,0.6454,,272884.1396
"26-Jan-21",3.4,3.56,3.3,3.32,1382832,,0.6308,,329712.3973
"27-Jan-21",3.2,3.28,3.0005,3.03,1405283,,0.6208,,3084566.2218
"28-Jan-21",3,3.23,2.96,3.16,1064747,0.262252,0.6182,,3041963.2782
"29-Jan-21",3.275,3.29,3.04,3.15,1093347,,0.6351,1862048,2387461.419
"01-Feb-21",3.22,3.24,2.99,3.15,1140737,,0.6719,,2550709.8666
"02-Feb-21",3.2,3.3,3.13,3.22,918625,0.225722,0.658,,2782952.4618
"03-Feb-21",3.21,3.3,3.2,3.23,852401,0.231984,0.6285,,2905106.0346
"04-Feb-21",3.23,3.42,3.22,3.42,1074439,0.293657,0.5888,,3750190.0884
"05-Feb-21",3.44,3.49,3.35,3.44,628162,,0.5772,,3174484.824
"08-Feb-21",3.43,3.65,3.43,3.63,799450,0.249347,0.574,,3311153.559
"09-Feb-21",3.65,3.94,3.65,3.88,1092566,,0.5697,,2517116.4864
"10-Feb-21",3.88,4.09,3.7,3.74,1207468,,0.5702,,2569067.6256
"11-Feb-21",3.77,3.87,3.58,3.64,555553,0.218004,0.6295,,2336125.4208
"12-Feb-21",3.83,3.99,3.68,3.96,1188998,0.216476,0.6282,1918211,2364056.1408
"15-Feb-21",,,,,,,0.6285,,2341525.36
"16-Feb-21",3.983,4.32,3.96,4.18,1337773,,0.6397,,2192933.9296
"17-Feb-21",4.16,4.295,4.025,4.17,1138942,0.239811,0.8151,,2761417.184
"18-Feb-21",4.15,4.27,3.99,4.07,792119,,0.7367,,2714865.984
"19-Feb-21",4.08,4.45,4.08,4.34,1533304,,0.7581,,3162129.9136
"22-Feb-21",4.27,4.5,4.0285,4.05,951591,,0.7241,,3257094.3616
"23-Feb-21",3.85,3.85,3.5,3.67,1024763,,0.6333,,2918946.4448
"24-Feb-21",3.78,3.98,3.74,3.89,561730,0.235996,0.6333,,2368415.1217
"25-Feb-21",3.9,3.9,3.53,3.64,551069,0.257686,0.594,,2601669.5793
"26-Feb-21",3.58,3.7,3.36,3.37,1195084,,0.6035,1465151,2322953.521
"01-Mar-21",3.54,3.743,3.5,3.73,526840,0.202531,0.5958,,2118855.8706
"02-Mar-21",4.14,4.15,3.62,3.66,2021990,,0.5659,,2879426.5321
"03-Mar-21",3.63,3.67,3.3701,3.45,614837,0.225449,0.5675,,2444184.4562
"04-Mar-21",3.385,3.5,3.0944,3.23,924767,,0.6846,,2264831.7277
"05-Mar-21",3.26,3.285,2.8701,3.1,986772,0.176888,0.5634,,1950436.9448
"08-Mar-21",3.16,3.27,3.035,3.06,482168,,0.5653,,1948135.0916
"09-Mar-21",3.09,3.42,3.09,3.32,552381,,0.5718,,1148385.3538
"10-Mar-21",3.38,3.395,3.15,3.15,439742,0.171026,0.5763,,1198786.5482
"11-Mar-21",3.25,3.37,3.2,3.32,262177,0.166482,0.5824,,1166699.7413
"12-Mar-21",3.31,3.41,3.2,3.39,263716,,0.5736,,1236880.4742
"15-Mar-21",3.52,3.52,3.32,3.34,321213,,0.5902,1661936,1320687.1114
"16-Mar-21",3.36,3.36,3.17,3.29,210287,,0.5896,,1331675.7439
"17-Mar-21",3.24,3.43,3.19,3.39,271571,0.187157,0.596,,1317317.2641
"18-Mar-21",3.35,3.45,3.21,3.23,241567,,0.5951,,1401856.4768
"19-Mar-21",3.25,3.39,3.17,3.21,1174089,,0.6097,,1379293.1514
"22-Mar-21",3.25,3.37,3.15,3.34,556583,,0.6128,,1315266.0527
"23-Mar-21",3.32,3.32,3.05,3.1,341847,,0.6386,,1298270.3011
"24-Mar-21",3.16,3.16,2.95,2.97,304879,,0.6372,,1536626.0256
"25-Mar-21",2.94,2.99,2.81,2.96,309887,0.197711,0.6641,,1727914.8592
"26-Mar-21",2.98,2.99,2.84,2.98,215284,,0.6579,,1823143.792
"29-Mar-21",3.07,3.07,2.8,2.83,393125,,0.6656,,1829126.7616
"30-Mar-21",2.81,2.95,2.795,2.9,156258,,0.6347,,2254249.9904
"31-Mar-21",2.91,3.03,2.91,3.02,154575,,0.6494,1718906,2310091.04
"01-Apr-21",3.03,3.05,2.96,3.05,160243,0.248914,0.6345,,2149714.216
"02-Apr-21",,,,,,0.232235,0.6509,,2005624.3648
"05-Apr-21",3.05,3.05,2.9513,3.02,109480,,0.6521,,2316074.0096
"06-Apr-21",3,3.02,2.95,2.99,246576,,0.6664,,2095535.1024
"07-Apr-21",2.99,3.53,2.93,3.03,2139266,0.294561,0.6547,,2470135.4768
"08-Apr-21",3.02,3.065,2.93,2.97,304811,0.316987,0.7154,,2651951.2752
"09-Apr-21",2.95,2.95,2.8,2.81,330819,0.340655,0.7121,,2001322.2558
"12-Apr-21",2.84,2.84,2.65,2.72,322583,0.367566,0.694,,2126802.3938
"13-Apr-21",2.72,2.73,2.45,2.61,1118375,0.346287,0.6556,,1970553.8384
"14-Apr-21",2.64,2.78,2.56,2.58,462265,,0.66,,1915205.0652
"15-Apr-21",2.63,2.655,2.51,2.6,326378,0.345501,0.6739,1685558,1821180.907
"16-Apr-21",2.63,2.63,2.415,2.51,409191,0.382496,0.7098,,1990321.2574
"19-Apr-21",2.52,2.52,2.33,2.4,472752,,0.7067,,1866044.3536
"20-Apr-21",2.47,2.5458,2.28,2.34,575956,,0.6622,,1700857.487
"21-Apr-21",2.42,2.6299,2.32,2.53,971287,0.334262,0.6723,,1675933.35
"22-Apr-21",2.5658,2.5658,2.43,2.51,500584,,0.7174,,1883405.3042
"23-Apr-21",2.463,2.6,2.43,2.55,450753,,0.7132,,2076266.5574
"26-Apr-21",2.56,2.68,2.56,2.61,377117,0.690707,0.7355,,2880450.0662
"27-Apr-21",2.84,3.07,2.78,2.84,2271650,0.642893,0.7462,,2734649.2992
"28-Apr-21",2.9,2.91,2.72,2.85,678822,0.642348,0.7987,,2688633.5658
"29-Apr-21",2.88,2.91,2.69,2.78,365327,0.584207,0.771,,2406976.824
"30-Apr-21",2.7,3.17,2.69,3.14,1223778,0.749282,0.7824,2296446,3096201.4902
"03-May-21",3.17,3.2,2.99,3.09,707595,0.768111,0.7656,,3126372.9784
"04-May-21",3.1558,3.1558,2.9,2.91,466887,0.626368,0.7561,,2526482.8862
"05-May-21",2.92,2.95,2.7825,2.8,328927,0.622272,0.7625,,2465802.7982
"06-May-21",2.75,2.78,2.63,2.76,479481,0.631715,0.7711,,2494288.7284
"07-May-21",2.78,2.81,2.64,2.72,306380,0.616227,0.7752,,2412202.0538
"10-May-21",2.69,2.72,2.5101,2.54,433036,0.631416,0.7792,,2423663.8482
"11-May-21",2.892,3.3,2.41,2.61,69195320,0.22676,0.7718,,1734505.6638
"12-May-21",2.4741,2.5199,2.31,2.36,3710254,0.224347,0.7697,,1766196.6186
"13-May-21",2.38,2.38,2.06,2.25,2217820,0.28161,1.8182,,2237427.3378
"14-May-21",2.25,2.27,2.09,2.2,1190025,0.324073,1.0282,2587304,2560766.9346
"17-May-21",2.18,2.265,2.13,2.23,604061,0.456646,1.0918,,3584981.8506
"18-May-21",2.18,2.385,2.17,2.27,1005978,0.682362,1.1633,,5350489.5354
"19-May-21",2.38,2.59,2.355,2.59,2805345,0.750584,1.1483,,5990509.0356
"20-May-21",2.54,2.7,2.5,2.7,1554024,0.77744,1.1925,,6206145.315
"21-May-21",2.74,2.74,2.55,2.63,1026570,0.844098,1.2926,,6692073.2886
"24-May-21",2.6,2.74,2.57,2.58,951784,0.949745,1.2979,,7581716.469
"25-May-21",2.61,2.67,2.56,2.59,770418,0.977429,1.3163,,7898004.1904
"26-May-21",2.61,2.68,2.5901,2.66,467988,0.830776,1.1871,,6708103.0808
"27-May-21",2.67,2.7,2.6,2.62,579520,0.845096,1.2071,,6787274.5832
"28-May-21",2.68,2.74,2.63,2.64,618845,0.82004,1.2257,2422478,6518194.9672
"31-May-21",,,,,,0.82004,1.2257,,6518194.9672
"01-Jun-21",2.65,2.89,2.63,2.78,926460,0.877795,1.2154,,6925436.6168
"02-Jun-21",2.78,2.89,2.77,2.81,619510,0.901192,1.2359,,7115603.4608
"03-Jun-21",2.83,2.86,2.72,2.73,496393,0.983395,1.2437,,7662559.5264
"04-Jun-21",2.91,2.95,2.85,2.9,818433,0.991738,1.216,,7741213.568
"07-Jun-21",2.93,3.35,2.91,3.25,1938814,1.020556,1.2037,,8092569.4512
"08-Jun-21",3.25,3.33,3.11,3.33,1274126,1.007906,1.1809,,7956735.9912
"09-Jun-21",3.28,3.67,3.2629,3.56,1323805,0.895959,1.1508,,2647768.454
"10-Jun-21",3.6,3.6,3.37,3.54,1003067,0.839908,1.1736,,2491760.8708
"11-Jun-21",3.55,3.55,3.2298,3.46,1231441,0.755035,1.1383,,2255084.7702
"14-Jun-21",3.47,3.56,3.35,3.52,891917,0.739229,1.0925,,2249270.823
"15-Jun-21",3.57,3.61,3.46,3.56,787846,0.760651,1.0879,2150842,2294086.666
"16-Jun-21",3.52,3.64,3.46,3.53,717777,0.755773,1.0804,,2286819.232
"17-Jun-21",3.53,3.57,3.46,3.52,475962,0.760984,1.0834,,2307652.5428
"18-Jun-21",3.51,3.7,3.43,3.67,1366552,0.674514,1.1193,,2064193.5038
"21-Jun-21",3.66,3.66,3.45,3.57,1050698,0.621939,1.1255,,1927323.4968
"22-Jun-21",3.57,3.57,3.42,3.5,530757,1.046448,1.3164,,3206876.3764
"23-Jun-21",3.47,3.66,3.47,3.65,1186187,0.613404,1.0878,,1889532.84
"24-Jun-21",3.63,3.63,3.52,3.54,422760,0.621194,1.0965,,1795307.8174
"25-Jun-21",3.54,3.61,3.49,3.56,1491459,0.611821,1.0949,,1785413.9442
"28-Jun-21",3.56,3.65,3.44,3.5,560609,0.603689,1.0998,,1789715.6282
"29-Jun-21",3.51,3.51,3.22,3.29,699935,0.556702,1.0797,,1634209.7516
"30-Jun-21",3.26,3.34,3.21,3.27,350816,0.54754,1.0588,2569784,1606894.0582
"01-Jul-21",3.32,3.41,3.25,3.39,473141,0.509633,1.0058,,1521075.4624
"02-Jul-21",3.43,3.43,3.238,3.31,315142,0.466335,1.0554,,1393530.5318
"06-Jul-21",3.27,3.3,3.18,3.2,398851,0.469857,1.0467,,1407295.9206
"07-Jul-21",3.21,3.2461,3.0701,3.11,342317,0.474382,1.0494,,1421921.6462
"08-Jul-21",3.03,3.1569,2.96,3.11,493122,0.467606,1.0429,,1382991.406
"09-Jul-21",3.12,3.3,3.095,3.26,259895,0.47513,1.0441,,1404929.9944
"12-Jul-21",3.27,3.29,3.1849,3.23,242074,0.4761,1.0427,,2249588.9136
"13-Jul-21",3.21,3.28,3.15,3.17,228846,0.483933,1.0417,,2284794.9544
"14-Jul-21",3.14,3.17,3.02,3.05,246672,0.46695,1.0438,,2188942.0112
"15-Jul-21",3.02,3.065,2.93,2.96,398814,0.46493,1.0463,2479086,2178405.8968
"16-Jul-21",3,3.0697,2.86,2.86,296678,0.468413,1.048,,2194338.5576
"19-Jul-21",2.82,2.9,2.74,2.85,425412,0.479014,0.9989,,2244192.3672
"20-Jul-21",2.87,3.03,2.86,2.91,634414,0.469559,1.0023,,2202818.8448
"21-Jul-21",2.97,3.08,2.94,3.06,405324,0.455795,1.0012,,2135233.5256
"22-Jul-21",3.09,3.09,2.9,2.9,325295,0.425292,1.0137,,1981817.4208
"23-Jul-21",2.93,2.96,2.8,2.85,199129,0.428947,1.0249,,1993895.4056
"26-Jul-21",2.85,2.875,2.71,2.78,2719688,0.417581,1.032,,2250514.2708
"27-Jul-21",2.92,2.92,2.51,2.75,2137482,0.427188,1.0426,,2335051.1034
"28-Jul-21",2.72,2.845,2.68,2.75,385987,0.465309,1.0904,,2505116.403
"29-Jul-21",2.75,2.805,2.69,2.69,305524,0.50555,1.0796,,2713359.627
"30-Jul-21",2.68,2.72,2.64,2.66,351724,0.500482,1.0845,2328506,2685841.7724
"02-Aug-21",2.66,2.7899,2.65,2.69,346279,0.467861,1.0614,,2492968.8816
"03-Aug-21",2.66,2.73,2.63,2.69,354687,0.471068,1.0814,,2478590.1828
"04-Aug-21",2.67,2.76,2.61,2.68,562528,0.463887,1.0829,,2437933.1724
"05-Aug-21",2.66,2.82,2.66,2.82,404856,0.528074,1.0906,,2773849.3254
"06-Aug-21",2.82,2.89,2.74,2.82,473817,0.539078,1.0947,,2834834.841
"09-Aug-21",2.88,3.05,2.8302,3.02,558942,0.44071,1.0912,,2349429.8022
"10-Aug-21",2.98,3.1,2.95,2.96,339885,0.443809,1.0957,,2025334.5188
"11-Aug-21",2.96,3.06,2.88,3.06,473595,0.45416,1.1065,,2073068.8918
"12-Aug-21",3.02,3.03,2.9,2.93,407585,1.086642,1.112,,2162716.3728
"13-Aug-21",2.92,2.9626,2.86,2.87,392178,1.166651,1.1072,2392659,2176920.2594
"16-Aug-21",2.84,2.87,2.66,2.77,436485,1.129227,1.0896,,2012527.7358
"17-Aug-21",2.73,2.81,2.6899,2.79,273228,1.146979,1.086,,2024403.1164
"18-Aug-21",2.79,2.87,2.72,2.78,210335,1.166365,1.0881,,2041634.0608
"19-Aug-21",2.8,2.8893,2.61,2.65,426536,1.186628,1.0917,,2051180.9354
"20-Aug-21",2.62,2.83,2.62,2.77,398040,1.219361,1.0904,,1998090.9986
"23-Aug-21",2.82,2.93,2.7711,2.89,2260463,1.264818,1.1001,,2089368.4338
"24-Aug-21",2.88,3,2.88,2.98,407364,1.245831,1.1046,,2247903.1305
"25-Aug-21",2.98,2.98,2.9,2.93,268049,1.181113,1.0864,,2098122.6771
"26-Aug-21",2.87,3.015,2.85,2.88,232858,0.183096,1.1012,,321094.8378
"27-Aug-21",2.9,3.01,2.87,3,356356,0.066821,1.046,,117001.0251
"30-Aug-21",3,3.12,2.98,3.01,276159,0.067251,1.046,,117001.0251
"31-Aug-21",3,3.14,2.99,3.1,270620,0.032281,1.0357,,55509.6888
"01-Sep-21",3.11,3.24,3.085,3.24,593784
"02-Sep-21",3.24,3.24,3.14,3.18,529585
"03-Sep-21",2.9,3.0823,2.8605,3.02,282624
"07-Sep-21",3.03,3.03,2.89,2.89,381358
"08-Sep-21",2.9,2.91,2.71,2.73,426868
"09-Sep-21",2.7,2.79,2.65,2.74,315800
"10-Sep-21",2.8,2.8264,2.7,2.7,288724
"13-Sep-21",2.71,2.725,2.605,2.67,338379
"14-Sep-21",2.67,2.7,2.525,2.56,582445
"15-Sep-21",2.21,2.49,2.18,2.31,3867904
"16-Sep-21",2.31,2.35,2.18,2.32,791431
"17-Sep-21",2.34,2.57,2.25,2.54,3297109
"20-Sep-21",2.44,2.52,2.36,2.39,912307
"21-Sep-21",2.42,2.47,2.35,2.45,593020
"22-Sep-21",2.48,2.5271,2.35,2.39,785802
"23-Sep-21",2.41,2.48,2.37,2.46,369776
"24-Sep-21",2.44,2.5,2.4,2.41,718002
"27-Sep-21",2.37,2.5,2.37,2.43,429576
"28-Sep-21",2.45,2.5,2.31,2.33,482874
"29-Sep-21",2.34,2.4246,2.23,2.25,468290
"30-Sep-21",2.28,2.3,2.1,2.18,1052812
"01-Oct-21",2.19,2.32,2.12,2.25,536647
"04-Oct-21",2.25,2.27,2.115,2.14,519644
"05-Oct-21",2.19,2.19,2.05,2.1,527031
"06-Oct-21",2.07,2.13,2.03,2.06,672756
"07-Oct-21",2.09,2.17,2.06,2.16,963055
"08-Oct-21",2.16,2.23,2.09,2.18,831426
"11-Oct-21",2.2,2.26,2.12,2.15,341080
"12-Oct-21",2.17,2.3,2.13,2.27,370264
"13-Oct-21",2.26,2.28,2.22,2.26,187175
"14-Oct-21",2.26,2.33,2.26,2.28,173861
"15-Oct-21",2.33,2.33,2.23,2.27,369552
"18-Oct-21",2.24,2.245,2.135,2.21,265558
"19-Oct-21",2.2,2.25,2.17,2.24,300699
"20-Oct-21",2.25,2.25,2.16,2.16,262955
"21-Oct-21",2.17,2.23,2.14,2.19,273242
"22-Oct-21",2.18,2.18,2.1,2.18,246090
"25-Oct-21",2.17,2.23,2.12,2.2,333932
"26-Oct-21",2.18,2.27,2.1,2.22,380671
"27-Oct-21",2.24,2.34,2.15,2.31,509982
"28-Oct-21",2.34,2.38,2.25,2.36,344861
"29-Oct-21",2.32,2.375,2.3,2.34,324524
"01-Nov-21",2.3,2.39,2.3,2.39,333607
"02-Nov-21",2.36,2.38,2.26,2.33,519056
"03-Nov-21",2.32,2.45,2.32,2.39,388181
"19-Nov-21",,,,,,,,,,,0