"Date","open CLNC Price in USD","high CLNC Price in USD","low CLNC Price in USD","close CLNC Price in USD","CLNC Volume","Days to cover 3m (on loan)","Cost To Borrow","Exchange Reported SI","Estimated Short Interest","Dividends","hidden"
"01-Feb-18",20.4,22,19.75,20.4,1078207
"02-Feb-18",20.4,20.4408,18.28,19.5,946902
"05-Feb-18",18.72,19.12,18.26,18.45,658495
"06-Feb-18",17.85,19,17.66,18.9,764594
"07-Feb-18",18.55,20,18,19,647980
"08-Feb-18",19.1,19.43,18.52,18.81,526722
"09-Feb-18",18.3,19.2099,18.1,18.9,548241
"12-Feb-18",18.45,19.25,18.01,18.75,492222
"13-Feb-18",18.55,19.3999,18.55,19,519630
"14-Feb-18",18.75,19.23,18.75,19.14,366537
"15-Feb-18",18.92,19.49,18.9,19,359199
"16-Feb-18",18.81,19.3699,18.63,19.2,346533
"20-Feb-18",19.05,19.5535,18.8824,19.45,398031
"21-Feb-18",19.38,20.4,19.1,19.85,415273
"22-Feb-18",19.35,20.23,19.25,20.08,450447
"23-Feb-18",19.83,20.68,19.755,20.56,477214
"26-Feb-18",20.27,20.79,20.01,20.4,330299,,,,,
"27-Feb-18",20.16,20.88,20.1,20.61,485719
"28-Feb-18",20.47,21,20.02,20.88,426530
"01-Mar-18",20.32,20.64,19.8,20.5,584432
"02-Mar-18",20.38,20.95,19.82,20.91,502043
"05-Mar-18",20.64,20.91,20.01,20.44,516285
"06-Mar-18",20.36,20.99,20.36,20.54,525286
"07-Mar-18",20.25,21,20.25,20.83,337756,,,,,
"08-Mar-18",20.76,21,20.64,20.92,520999
"09-Mar-18",20.95,21.2,20.53,21.05,597608
"12-Mar-18",20.95,20.9865,20,20.51,524143
"13-Mar-18",20.52,20.83,20.17,20.53,284854
"14-Mar-18",20.59,20.8,20.03,20.1,1050261
"15-Mar-18",20.05,20.2218,18.71,19.39,995738,,,,,
"16-Mar-18",19.38,19.55,18.76,18.81,1419606,,,,,
"19-Mar-18",18.69,19.07,18.16,19.02,1231990
"20-Mar-18",18.98,19.73,18.7,18.74,1292832
"21-Mar-18",18.65,19.46,18.65,18.91,387039
"22-Mar-18",18.73,19.05,18.55,18.77,450658
"23-Mar-18",18.8,18.95,18.48,18.5,316379
"26-Mar-18",18.79,19,18.7,19,330204
"27-Mar-18",18.91,19.385,18.89,18.95,600200
"28-Mar-18",18.8,19.39,18.785,19.18,448893,,,,,
"29-Mar-18",19.3,19.3,18.9,18.95,336978
"02-Apr-18",18.9,19.26,18.65,18.92,341378
"03-Apr-18",18.96,19.36,18.96,19.35,390124
"04-Apr-18",19.21,19.5,19.19,19.48,242719
"05-Apr-18",19.42,19.75,19.31,19.75,283919
"06-Apr-18",19.8,19.99,19.595,19.7,187024
"09-Apr-18",19.73,19.85,19.6,19.7,187711
"10-Apr-18",19.74,19.849,19.18,19.7,197369,,,,,
"11-Apr-18",19.59,19.72,19.22,19.39,153735
"12-Apr-18",19.3,19.55,19.11,19.27,189629
"13-Apr-18",19,19.5,18.95,19.05,297910
"16-Apr-18",19.23,19.55,19.03,19.38,255255,,,,,
"17-Apr-18",19.35,19.49,19.02,19.42,191403
"18-Apr-18",19.34,19.97,19.14,19.56,322378
"19-Apr-18",19.43,19.59,19,19.34,223303
"20-Apr-18",19.21,19.49,18.81,18.95,153534
"23-Apr-18",19.01,19.39,18.92,19.2,199035
"24-Apr-18",19,19.1,18.85,19.03,244605
"25-Apr-18",18.99,19.305,18.89,19.09,185149
"26-Apr-18",18.98,19.25,18.91,19.05,187516
"27-Apr-18",18.78,19.48,18.68,19.37,172095,,,,,
"30-Apr-18",19.32,19.35,18.8299,19.04,195780
"01-May-18",18.99,19.63,18.99,19.57,273328
"02-May-18",19.5,19.6521,19.2,19.32,205814
"03-May-18",19.2,19.46,19.07,19.15,148697
"04-May-18",19.12,19.25,18.91,19.06,260226
"07-May-18",19.06,19.29,19,19.12,214831,,,,,
"08-May-18",19.08,19.43,18.71,18.79,457235
"09-May-18",18.67,19.49,18.67,19.38,351413
"10-May-18",19.47,19.86,19.328,19.57,289445,,,,,
"11-May-18",19.43,19.535,19.1,19.26,326110
"14-May-18",19.31,19.44,19.1,19.4,260570
"15-May-18",19.24,19.8,19.2,19.33,389119
"16-May-18",19.28,19.41,19.2,19.36,278693
"17-May-18",19.36,19.5,18.96,19.1,292705
"18-May-18",19.05,19.36,19.05,19.34,240441
"21-May-18",19.26,19.47,19.12,19.25,313584
"22-May-18",19.13,19.29,19.0365,19.14,396255
"23-May-18",19.06,19.16,18.91,19.04,364975
"24-May-18",19.07,19.23,19.05,19.06,250868
"25-May-18",19.1,19.35,18.95,19.11,374876
"29-May-18",19.05,19.24,19.01,19.13,281886
"30-May-18",18.99,19.28,18.91,19.09,276606,,,,,
"31-May-18",19.08,19.16,18.82,19.01,821643
"01-Jun-18",19.08,19.2,18.9901,19.08,193442
"04-Jun-18",19.15,19.35,18.96,19.14,309591
"05-Jun-18",19.08,19.17,18.85,19.01,307954
"06-Jun-18",18.93,19.07,18.85,18.88,306679
"07-Jun-18",18.98,19.05,18.88,18.88,302046
"08-Jun-18",18.87,19,18.76,18.78,295684
"11-Jun-18",18.81,19.38,18.75,19.24,723398,,,,,
"12-Jun-18",19.24,19.3,18.9,18.98,392285
"13-Jun-18",18.95,19.1034,18.75,18.99,648922
"14-Jun-18",18.89,19.23,18.86,19.2,753786,,,,,
"15-Jun-18",19.03,19.33,19.03,19.32,889624
"18-Jun-18",19.17,19.67,19.1021,19.66,828230
"19-Jun-18",19.46,19.98,19.46,19.98,1001339
"20-Jun-18",19.89,20.05,19.8,20.01,706118
"21-Jun-18",20.04,20.04,19.52,19.75,727397
"22-Jun-18",19.84,19.88,19.52,19.77,8774361
"25-Jun-18",19.61,20.5,19.61,20.49,817141,,3.7923
"26-Jun-18",20.5,21,20.3921,20.55,846028
"27-Jun-18",20.66,20.99,20.41,20.46,1227951,,6.8814
"28-Jun-18",20.31,20.48,20.12,20.21,455083,,12.4289,,,
"29-Jun-18",20.14,20.75,20.14,20.73,367158
"02-Jul-18",20.55,20.99,20.55,20.92,575699,,17.427
"03-Jul-18",20.84,21.18,20.75,20.9,308946,,17.0036
"04-Jul-18",,,,,,,17.0036
"05-Jul-18",20.92,21.25,20.8,21.21,489662,,16.2377
"06-Jul-18",21.25,21.45,21.2,21.45,465967
"09-Jul-18",21.5,21.5,21.25,21.37,349439,,16.3275
"10-Jul-18",21.32,21.45,21.02,21.15,262045,,15.7393,,,
"11-Jul-18",21.06,21.3667,21.05,21.06,239646,,15.6698
"12-Jul-18",21.24,21.44,21.06,21.43,245928,,15.3671
"13-Jul-18",21.45,21.64,21.36,21.5,262224,,15.0349
"16-Jul-18",21.5,21.5657,21.09,21.28,265132,,,,,
"17-Jul-18",21.27,21.77,21.2,21.24,361934,,13.4271
"18-Jul-18",21.23,21.27,20.905,21.1,275547
"19-Jul-18",21,21.17,20.83,20.9,389653
"20-Jul-18",20.81,20.98,20.65,20.74,353137,,10.9463
"23-Jul-18",20.67,20.76,20.425,20.59,304055,,10.5103
"24-Jul-18",20.59,20.8,20.5541,20.64,274200,,10.3025
"25-Jul-18",20.74,21.23,20.74,21.07,291009
"26-Jul-18",21.08,21.29,21,21.14,198864,,9.7225
"27-Jul-18",21.17,21.25,20.84,20.95,223753,,9.3754
"30-Jul-18",20.91,21.25,20.91,20.94,208729,,9.1935,,,
"31-Jul-18",20.92,21.47,20.9,21.26,281758
"01-Aug-18",21.31,21.49,21.02,21.18,186698,,8.3788
"02-Aug-18",21.05,21.45,21.05,21.11,240694,,7.6833
"03-Aug-18",21.07,21.31,20.93,21,232498
"06-Aug-18",21.02,21.15,20.84,21.08,239208,,6.6288
"07-Aug-18",20.75,21.14,20.07,20.34,322479,,6.2634,,,
"08-Aug-18",20.37,20.42,20.09,20.29,217587
"09-Aug-18",20.35,20.575,20.2701,20.38,177371
"10-Aug-18",20.39,20.479,20.05,20.05,170305,,5.6934,,,
"13-Aug-18",20,20.17,19.85,19.99,203991,,5.6819
"14-Aug-18",19.91,20.04,19.82,19.95,312591,,5.5763
"15-Aug-18",19.86,20.07,19.8,19.82,253383,,5.5696
"16-Aug-18",19.8,19.94,19.6,19.88,313986,,5.518
"17-Aug-18",19.84,20.09,19.84,20.09,153935,,5.5048
"20-Aug-18",20.15,20.28,19.94,20.06,174277,,5.501
"21-Aug-18",20,20.2,20,20.09,177640,,5.3935
"22-Aug-18",20.07,20.2597,20.03,20.07,157064,,5.2594
"23-Aug-18",20.02,20.23,19.98,20.08,186414,,4.6983
"24-Aug-18",20.09,20.25,20,20.24,228206,,4.6347
"27-Aug-18",20.25,20.33,19.9801,20.08,207367,,4.6287
"28-Aug-18",20.02,20.19,19.96,20.04,193718,,4.6618
"29-Aug-18",20.02,20.2,20.01,20.18,164272,,4.6514
"30-Aug-18",19.96,20.13,19.95,20.08,171026,,4.6153,,,
"31-Aug-18",19.97,20.11,19.89,20.08,213675
"03-Sep-18",,,,,,,4.5712
"04-Sep-18",20.01,20.35,19.95,20.03,349848,,4.456
"05-Sep-18",20.05,20.47,20,20.43,260755,,4.4189
"06-Sep-18",20.49,20.7,20.3501,20.59,249084,,4.3594
"07-Sep-18",20.65,20.65,20.17,20.33,189978,,4.0394
"10-Sep-18",20.36,21,20.36,21,719931,,3.865,,,
"11-Sep-18",20.92,21.4,20.89,21.23,597871,,3.6407
"12-Sep-18",21.17,21.31,20.91,21.24,413882
"13-Sep-18",21.26,21.49,21.23,21.48,596964,,3.5863
"14-Sep-18",21.45,21.75,21.32,21.67,471497,,3.4916
"17-Sep-18",21.78,22.5,21.74,22.32,1737908,,3.5155,,,
"18-Sep-18",22.25,22.7,22.21,22.51,1264270,5.04587,3.0929
"19-Sep-18",22.43,22.92,22.43,22.76,1030874,,3.1001
"20-Sep-18",22.8,23.23,22.73,22.88,1389195,,3.091
"21-Sep-18",22.88,23.12,22.81,23,5956062,,3.1481
"24-Sep-18",22.88,22.95,22.62,22.82,748437,,3.1812
"25-Sep-18",22.7,22.81,22.35,22.44,453687,,3.0775
"26-Sep-18",22.43,22.4952,21.91,21.93,319536,,3.1279
"27-Sep-18",21.85,21.97,21.63,21.81,369956,,3.032,,,
"28-Sep-18",21.77,22.09,21.58,21.99,393383,,3.0391
"01-Oct-18",22.08,22.08,21.69,21.72,265147,,3.0144
"02-Oct-18",21.64,21.76,21.22,21.31,363239,,2.9327
"03-Oct-18",21.39,21.49,21.17,21.44,317988,,2.844
"04-Oct-18",21.41,21.4296,20.82,21,326043,,2.7029
"05-Oct-18",21,21.2999,20.7,20.84,214555,,2.7268
"08-Oct-18",20.81,21.165,20.81,21.1,244196,,2.7268
"09-Oct-18",21.05,21.26,20.94,21.15,237422,,2.7209
"10-Oct-18",21.17,21.4099,20.76,20.8,299856,,2.7076,,,
"11-Oct-18",20.75,20.89,20.47,20.54,392360,,2.7197
"12-Oct-18",20.79,20.79,20.27,20.5,360701,,2.718
"15-Oct-18",20.48,20.75,20.39,20.62,173484,,2.7536
"16-Oct-18",20.7,21.1,20.44,21.04,245744,,2.6442
"17-Oct-18",20.99,21.12,20.73,20.93,194729,,2.6608,,,
"18-Oct-18",20.88,21.13,20.68,20.77,282789,,2.5667
"19-Oct-18",20.74,21,20.7,20.93,257514,,2.1541
"22-Oct-18",20.94,21.21,20.9125,20.92,184099,,2.0143
"23-Oct-18",20.71,21.17,20.62,21.11,221588,,1.9841
"24-Oct-18",21.14,21.4,20.99,21.09,238086,,1.9432
"25-Oct-18",21.11,21.56,20.96,21.53,342120,,1.8289
"26-Oct-18",21.39,21.45,21.04,21.2,248341
"29-Oct-18",21.41,21.66,21.16,21.3,262815
"30-Oct-18",21.22,21.74,21.11,21.68,226860,,,,,
"31-Oct-18",21.85,21.85,21.33,21.34,363326
"01-Nov-18",21.3,21.4366,20.97,21.23,272860,,,,,
"02-Nov-18",21.39,21.4,21.01,21.18,176374
"05-Nov-18",21.14,21.28,21,21.17,278836,,1.731
"06-Nov-18",20.96,21.47,18.95,19.97,922138,,1.5809
"07-Nov-18",20.15,20.2,19.82,19.92,274501,,1.6428
"08-Nov-18",19.91,19.94,19.51,19.71,397313,,1.6073
"09-Nov-18",19.84,19.92,19.65,19.79,238631,,1.5257,,,
"12-Nov-18",19.74,19.96,19.57,19.57,147395,,1.5257
"13-Nov-18",19.61,19.75,19.5,19.52,235604,,1.4459
"14-Nov-18",19.51,19.515,18.8,18.87,422100,,1.3634
"15-Nov-18",18.78,19.04,18.21,18.67,403830,,1.3274
"16-Nov-18",18.64,18.65,18.31,18.42,388083,,1.33
"19-Nov-18",18.46,18.4795,18.08,18.14,342445,,1.0994
"20-Nov-18",18,18.24,16.97,18.05,435673,,1.1074
"21-Nov-18",18,18.18,17.8,17.82,249069,,1.119
"22-Nov-18",,,,,,,1.119
"23-Nov-18",17.72,17.88,17.71,17.75,106225,,1.1117
"26-Nov-18",17.82,18,16.9,17.25,709117,,0.9966
"27-Nov-18",17.2,17.59,17.02,17.14,332922,,0.8047
"28-Nov-18",17.2,17.58,17.17,17.3,336811,,0.7486
"29-Nov-18",17.08,17.255,17.04,17.16,216219,,0.7398,,,
"30-Nov-18",17.07,17.08,16.77,16.97,355525,,0.7297
"03-Dec-18",16.94,17.18,16.821,17.16,265012
"04-Dec-18",17.08,17.32,16.82,16.95,396353
"06-Dec-18",16.87,17.3,16.81,17.2,362997,,0.7293
"07-Dec-18",17.28,17.4408,16.82,17.08,363814,,0.7293
"10-Dec-18",16.98,17.27,16.94,17.25,321725,,0.728,,,
"11-Dec-18",17.44,17.44,17,17.09,336187,,0.7276
"12-Dec-18",17.21,17.56,17.12,17.22,305486,,0.7271
"13-Dec-18",17.2,17.38,16.94,17.06,240991,,0.6907
"14-Dec-18",17,17.47,16.97,17,281084,,0.6902
"17-Dec-18",17.08,17.45,16.85,16.92,523829,,0.687,,,
"18-Dec-18",17.03,17.39,16.95,17.09,408456,,0.6898
"19-Dec-18",17.03,17.31,16.85,16.92,431586
"20-Dec-18",16.84,17.11,16.16,16.37,613705,,0.6942
"21-Dec-18",16.28,16.74,15.811,16.04,1312237
"24-Dec-18",15.93,15.93,15.6,15.6,213436
"25-Dec-18",,,,,,,0.7252
"26-Dec-18",15.71,16.3,15.56,16.27,376226
"27-Dec-18",16.06,16.43,15.62,16.43,430661
"28-Dec-18",16.26,16.49,16.07,16.28,402643,,,,,
"31-Dec-18",16.28,16.33,15.73,15.79,736760,,0.6403
"02-Jan-19",15.56,15.89,15.39,15.8,237544
"03-Jan-19",15.81,15.94,15.63,15.72,225393
"04-Jan-19",15.81,16.28,15.81,16.21,223176
"07-Jan-19",16.19,16.4067,16.03,16.36,235916
"08-Jan-19",16.49,16.9,16.39,16.85,236518
"09-Jan-19",16.87,16.93,16.66,16.86,181446
"10-Jan-19",16.78,17.11,16.73,16.98,192074,,,,,
"11-Jan-19",16.89,17.1298,16.89,16.99,219688
"14-Jan-19",16.96,17.06,16.56,16.57,203045
"15-Jan-19",16.59,16.77,16.5,16.6,222739
"16-Jan-19",16.59,16.6498,16.47,16.52,185234
"17-Jan-19",16.4,16.74,16.4,16.58,158301,,,,,
"18-Jan-19",16.59,16.715,16.38,16.41,217923
"22-Jan-19",16.33,16.55,15.74,15.88,314127
"23-Jan-19",15.88,16,15.57,15.67,186592
"24-Jan-19",15.63,15.73,15.38,15.62,162818
"25-Jan-19",15.65,15.95,15.62,15.76,209177,,0.6551
"28-Jan-19",15.61,16.17,15.5015,16.07,209647,,0.653
"29-Jan-19",16.11,16.5,16.06,16.39,203082,,0.6607
"30-Jan-19",16.27,16.54,16.0047,16.47,288182,,0.6572,,,
"31-Jan-19",16.46,16.76,16.36,16.71,470725,,0.6593
"01-Feb-19",16.72,16.945,16.62,16.93,305836,,0.6698
"04-Feb-19",16.95,17.105,16.79,17.02,232329,,0.6499
"05-Feb-19",17.07,17.34,16.9079,17.3,307081,,0.6529
"06-Feb-19",17.26,17.39,17.08,17.19,330122,,0.6508
"07-Feb-19",17.16,17.2,16.85,16.9,430749,,0.6489
"08-Feb-19",16.87,16.98,16.32,16.43,281552,,0.6591
"11-Feb-19",16.44,16.82,16.44,16.79,187747,,0.6571,,,
"12-Feb-19",16.8,16.86,16.6,16.83,231213,,0.6531
"13-Feb-19",16.82,17.32,16.7702,17.32,278346,,0.6522
"14-Feb-19",17.27,17.27,17.02,17.05,286751,,0.6508
"15-Feb-19",17.16,17.48,16.96,17.46,308344,,0.6503,1349294,,
"18-Feb-19",,,,,,,0.6507
"19-Feb-19",17.37,17.51,17.22,17.3,281653,,0.649
"20-Feb-19",17.23,17.5,17.22,17.5,266546,,0.6463
"21-Feb-19",17.47,17.65,17.34,17.63,194195,,0.6424
"22-Feb-19",17.69,17.97,17.65,17.85,198329,,0.6446
"25-Feb-19",17.87,17.99,17.66,17.71,280644,,0.6434
"26-Feb-19",17.68,17.83,17.48,17.7,205837,,0.6437
"27-Feb-19",17.54,17.67,17.43,17.63,196308,,0.6436,,1276836.9122,
"28-Feb-19",17.65,17.86,17.35,17.43,377842,,0.6463,2226110,1446847.9562
"01-Mar-19",17.21,17.21,16.41,16.49,609085,,0.647,,1293703.0872
"04-Mar-19",16.54,16.89,16.08,16.15,443510,,0.6483,,1300854.3454
"05-Mar-19",16.12,16.34,16.0699,16.21,284136,,0.6485,,1356984.9758
"06-Mar-19",16.07,16.14,15.41,15.68,639146,,0.6437,,1352397.3762
"07-Mar-19",15.7,16.04,15.62,15.64,350054,,0.6327,,1647892.7622
"08-Mar-19",15.59,15.84,15.55,15.65,293823,,0.6485,,1582991.7208
"11-Mar-19",15.72,16.17,15.69,16.02,306763,,0.6642,,2307585.626,
"12-Mar-19",16,16.12,15.92,16.06,273593,,0.6542,,2244809.324
"13-Mar-19",16.06,16.22,15.7,15.7,330281,,0.6529,,2307808.237
"14-Mar-19",15.67,15.74,15.35,15.51,405684,,0.6536,,2393290.861
"15-Mar-19",15.53,15.65,15.32,15.51,915467,,0.6552,1592805,2361457.488
"18-Mar-19",15.53,15.9788,15.53,15.72,310715,,0.6571,,2402195.301,
"19-Mar-19",15.69,16.02,15.64,15.85,269990,,0.6345,,2531977.514
"20-Mar-19",15.86,16.04,15.708,15.8,204578,,0.6294,,2494356.255
"21-Mar-19",15.82,16.13,15.79,15.82,282573,,0.6271,,2474098.654
"22-Mar-19",15.81,16.03,15.49,15.58,408028,,0.6341,,2550454.227
"25-Mar-19",15.58,15.82,15.33,15.65,234452,,0.6286,,2551122.06
"26-Mar-19",15.74,15.89,15.6,15.79,200855,,0.623,,1733131.1205
"27-Mar-19",15.78,15.8599,15.56,15.78,295142,,0.6278,,1699841.496
"28-Mar-19",15.7,15.91,15.59,15.91,155311,,0.6308,,1706849.838,
"29-Mar-19",15.97,16,15.61,15.66,358753,,0.6301,2742927,1769287.794
"01-Apr-19",15.67,15.95,15.67,15.95,195640,,0.6468,,1535145.459
"02-Apr-19",15.97,16.055,15.71,15.87,251085,,0.6427,,1535623.3005
"03-Apr-19",15.94,16.03,15.72,15.79,199181,,0.6393,,1540560.996
"04-Apr-19",15.75,15.96,15.75,15.92,168139,,0.6409,,1714017.4605
"05-Apr-19",15.99,16.15,15.89,16.11,237440,,0.6445,,1566523.7175
"08-Apr-19",16.07,16.15,15.94,16.09,232242,,0.644,,1562223.144
"09-Apr-19",15.98,16.075,15.76,15.78,261165,,0.6429,,2378666.2944
"10-Apr-19",15.79,15.96,15.78,15.83,234356,,0.6426,,2376471.9528,
"11-Apr-19",15.78,15.97,15.69,15.7,163871,,0.6428,,2430781.9074
"12-Apr-19",15.7,15.8473,15.7,15.77,142423,,0.6424,,2459034.0555
"15-Apr-19",15.83,15.8316,15.56,15.56,161325,,0.6427,1618694,2448062.3475,
"16-Apr-19",15.57,15.6853,15.35,15.46,244531,,0.642,,2451079.5672
"17-Apr-19",15.42,15.49,15.2,15.23,240710,,0.6415,,2460131.2263
"18-Apr-19",15.17,15.4,15.17,15.32,223479,,0.6489,,2473571.5686
"19-Apr-19",,,,,,,0.6327,,2470828.6416
"22-Apr-19",15.22,15.39,15.22,15.36,248519,,0.6725,,2495789.2773
"23-Apr-19",15.35,15.73,15.3,15.48,243684,,0.6457,,2452451.0307
"24-Apr-19",15.42,15.7,15.3803,15.53,205141,,0.6461,,1620960.1716
"25-Apr-19",15.51,15.62,15.33,15.53,255668,,0.6453,,1626463.7312
"26-Apr-19",15.58,15.7,15.46,15.65,146531,,0.644,,1691535.23
"29-Apr-19",15.54,15.83,15.52,15.64,378856,,0.6433,,1714520.6848,
"30-Apr-19",15.57,15.65,15.355,15.54,484097,,0.6571,2655394,1768423.195
"01-May-19",15.49,15.71,15.421,15.55,269360,,0.6479,,1611895.4852
"02-May-19",15.64,15.77,15.56,15.67,157607,,0.6435,,1592633.0266
"03-May-19",15.79,15.95,15.79,15.92,202769,,0.6366,,1596356.0228
"06-May-19",15.76,15.94,15.63,15.85,215622,,0.6371,,1595708.5452
"07-May-19",15.79,15.92,15.57,15.68,255866,,0.6325,,1584863.2954
"08-May-19",15.68,15.945,15.6,15.68,270896,,0.6321,,1527561.5278,
"09-May-19",15.5,15.68,15.15,15.42,409660,,0.6295,,2288153.0098
"10-May-19",15.42,16.055,15.3622,16,326360,,0.6275,,2240355.9178,
"13-May-19",15.8,15.9399,15.59,15.7,404949,,0.6324,,2273813.8822
"14-May-19",15.67,16.01,15.59,15.96,329620,,0.6282,,2196807.4562
"15-May-19",15.87,15.975,15.8,15.94,222059,,0.6295,1572163,2147151.5884
"16-May-19",15.9,16.185,15.83,15.97,213146,,0.6309,,2175033.2254
"17-May-19",15.84,16.07,15.8,15.83,158961,,0.6262,,2164146.11
"20-May-19",15.76,15.9042,15.7,15.79,187230,,0.621,,2125377.3576
"21-May-19",15.78,16,15.78,15.9,212801,,0.6294,,2123518.5818
"22-May-19",15.89,15.95,15.69,15.74,154855,,0.6175,,2124049.6606
"23-May-19",15.59,15.74,15.5,15.65,185719,,0.6304,,2112631.4664
"24-May-19",15.7,15.96,15.7,15.86,165537,,0.6238,,1539619.2259
"27-May-19",,,,,,,0.6243,,1536632.1162
"28-May-19",15.84,15.97,15.63,15.63,343634,,0.6317,,1483807.4394
"29-May-19",15.57,15.67,15.39,15.58,282095,,0.6272,,1479090.9504
"30-May-19",15.5,15.61,15.29,15.37,417411,,0.622,,1745887.0115,
"31-May-19",15.21,15.37,15.16,15.21,525710,,0.6227,2405122,1783618.9235
"03-Jun-19",15.28,15.5,15.2,15.39,237540,,0.6249,,1683314.9241
"04-Jun-19",15.54,15.62,15.4406,15.61,206528,,0.6226,,1639766.009
"05-Jun-19",15.66,15.699,15.4201,15.57,216029,,0.6263,,1503616.6932
"06-Jun-19",15.76,15.81,15.44,15.8,288934,,0.629,,1490096.0914
"07-Jun-19",15.8,15.84,15.55,15.67,170299,,0.6266,,1481606.4112
"10-Jun-19",15.68,15.81,15.6,15.74,224469,,0.6261,,1474217.2451,
"11-Jun-19",15.81,15.84,15.54,15.56,178310,,0.6301,,1965946.7228
"12-Jun-19",15.62,15.71,15.375,15.41,199779,,0.6266,,1957528.7958
"13-Jun-19",15.43,15.6,15.4,15.51,194510,,0.6241,,1951997.0152
"14-Jun-19",15.5,15.6,15.32,15.33,210290,,0.6246,1375132,1952959.064
"17-Jun-19",15.27,15.4,15.15,15.36,449305,,0.6218,,1970997.479,
"18-Jun-19",15.43,15.66,15.34,15.46,181236,,0.6243,,1961376.991
"19-Jun-19",15.49,15.5,15.3,15.41,212806,,0.6238,,2106405.8476
"20-Jun-19",15.48,15.543,15.37,15.48,306975
"21-Jun-19",15.5,15.56,15.445,15.46,1335718
"24-Jun-19",15.49,15.58,15.44,15.51,373506,,0.6147,,1909907.3802
"25-Jun-19",15.55,15.69,15.475,15.52,250949,,0.6131,,1023098.208
"26-Jun-19",15.52,15.59,15.23,15.27,271036,,0.6122,,1023235.7212
"27-Jun-19",15.1,15.34,15.1,15.31,244911,,0.6046,,1113306.8672,
"28-Jun-19",15.29,15.555,15.29,15.5,687128,,0.6,1840991,1165011.8304
"01-Jul-19",15.54,15.6,15.42,15.54,270633,,0.6078,,1121145.1196
"02-Jul-19",15.58,15.6,15.4301,15.56,212064,,0.595,,949116.1064
"03-Jul-19",15.6,15.7,15.53,15.65,158986,,0.6089,,923263.6248
"04-Jul-19",,,,,,,0.6089,,923263.6248
"05-Jul-19",15.57,15.63,15.45,15.58,198732,,0.5952,,879809.4536
"08-Jul-19",15.58,15.82,15.56,15.67,410049,,0.6019,,865370.5676
"09-Jul-19",15.64,15.76,15.52,15.62,224031,7.039804,0.5935,,821641.37
"10-Jul-19",15.66,15.78,15.61,15.65,210877,,0.61,,1260158.3395,
"11-Jul-19",15.7,15.71,15.56,15.61,230330,,0.5965,,1226284.1051
"12-Jul-19",15.61,15.855,15.61,15.77,223090,6.591561,0.5857,,1215974.5555
"15-Jul-19",15.8,15.91,15.8,15.89,290254,6.571329,0.5861,1250483,1222602.1231
"16-Jul-19",15.87,16.08,15.82,15.95,257337,6.515423,0.5961,,1218736.042
"17-Jul-19",15.91,15.94,15.74,15.87,212812,6.69284,0.6037,,1249664.6908,
"18-Jul-19",15.83,15.88,15.7,15.81,160292,6.688329,0.6044,,1243221.2223
"19-Jul-19",15.77,15.85,15.7,15.74,185302,6.629791,0.6031,,1229597.8889
"22-Jul-19",15.75,15.89,15.7,15.79,186601,6.464785,0.6163,,1192778.0689
"23-Jul-19",15.82,15.99,15.78,15.97,184698,,0.6031,,1190384.7806
"24-Jul-19",15.92,16.001,15.83,15.95,187745,,0.6025,,1198337.8589
"25-Jul-19",15.93,15.99,15.77,15.9,205862,6.314558,0.6025,,1183707.2078
"26-Jul-19",15.93,16.07,15.9109,16.06,250892,,0.5964,,1170076.9431
"29-Jul-19",16.07,16.25,16.07,16.24,253949,,0.5941,,1224848.0985
"30-Jul-19",16.02,16.32,16.02,16.23,237158,,,,,
"31-Jul-19",16.23,16.36,16.1,16.2,357390,,0.5933,1396125,1564104.1364
"01-Aug-19",16.22,16.34,15.99,16.01,297932,,0.5937,,1226848.8713
"02-Aug-19",16.01,16.05,15.6501,16.04,243901,,0.6008,,1256360.2701
"05-Aug-19",15.99,16.05,15.42,15.61,263974,,0.5999,,1222472.1808
"06-Aug-19",15.65,15.84,15.47,15.65,228686,,0.6016,,1215594.5243
"07-Aug-19",15.59,16,15.46,15.9,231170,,0.5985,,1224723.0502
"08-Aug-19",15.92,16.08,15.79,16.05,209581,,0.5983,,1251108.2415,
"09-Aug-19",16.08,16.08,15.06,15.13,432786,,0.5995,,1102101.075,
"12-Aug-19",15.03,15.04,13.92,14.05,474446,,0.5992,,1103497.2
"13-Aug-19",14.12,14.34,13.95,14.01,367350,,0.5964,,1157248.0125
"14-Aug-19",13.95,13.95,13.41,13.45,431613,,0.5985,,1272986.775
"15-Aug-19",13.51,13.5581,12.54,12.88,741961,,0.5973,979424,1327296.0375
"16-Aug-19",12.92,13.11,12.75,13.05,357038,,0.6015,,1323107.6625
"19-Aug-19",13.1,13.17,12.71,13,405971,,0.6014,,1309984.0875
"20-Aug-19",13.07,13.28,12.95,13.09,332907,,0.6187,,1323247.275
"21-Aug-19",13.07,13.11,12.8,12.82,423818,,0.604,,1345166.4375
"22-Aug-19",12.74,13.06,12.55,12.91,483201,,0.6109,,1336510.4625
"23-Aug-19",12.88,12.995,12.425,12.56,404578,,0.6042,,1380907.2375
"26-Aug-19",12.69,12.9,12.5845,12.82,296828,,0.6046,,1058659.4016
"27-Aug-19",12.86,12.971,12.56,12.56,354294,,0.6061,,1114584.512
"28-Aug-19",12.49,12.72,12.45,12.65,308235,,0.6063,,1132703.856
"29-Aug-19",12.55,12.64,12.42,12.56,222988,,0.6069,,1218795.2256,
"30-Aug-19",12.54,12.7,12.46,12.53,540628,,0.6042,1471411,1277462.7232
"02-Sep-19",,,,,,,0.6042,,1277462.7232
"03-Sep-19",12.53,12.75,12.47,12.72,289258,,0.6065,,1255229.7984
"04-Sep-19",12.79,12.915,12.72,12.8,176431,,0.6058,,1140539.248
"05-Sep-19",12.86,13.07,12.79,12.98,337765,,0.6049,,1107532.6592
"06-Sep-19",13.02,13.28,12.89,13.25,354479,,0.6089,,1130451.1808
"09-Sep-19",13.35,13.65,13.24,13.45,360255,,0.6091,,1067670.1024
"10-Sep-19",13.4,13.7,13.205,13.53,674086,,0.6097,,1038483.2672,
"11-Sep-19",13.67,13.86,13.42,13.69,380796,,0.6082,,1184632.9961
"12-Sep-19",13.66,13.94,13.43,13.8,470284,,0.6062,,1123275.1574
"13-Sep-19",13.83,14.09,13.7996,14.06,380186,,0.6114,1227469,1151084.8253
"16-Sep-19",14.05,14.39,13.94,14.32,307236,,0.6022,,1124599.4273
"17-Sep-19",14.26,14.46,14.155,14.41,343547,,0.6499,,1105176.8021,
"18-Sep-19",14.44,14.48,14.23,14.41,321364,,0.5982,,1118272.36
"19-Sep-19",14.47,14.5,14.25,14.44,306005,,0.5906,,1162267.5489
"20-Sep-19",14.41,14.485,14.2524,14.32,531268,,0.5688,,1075601.441
"23-Sep-19",14.24,14.4,14.12,14.31,380271,,0.5887,,1061917.3187
"24-Sep-19",14.37,14.45,14.16,14.29,293566,,0.6005,,1149647.4654
"25-Sep-19",14.29,14.6,14.29,14.5,239679,6.475861,0.6003,,1143632.8673
"26-Sep-19",14.49,14.66,14.35,14.6,291342,,0.6008,,1141423.4231
"27-Sep-19",14.44,14.58,14.35,14.46,258497,,0.5991,,1260242.4223,
"30-Sep-19",14.52,14.6014,14.36,14.46,417021,,0.5989,1242881,1291542.8818
"01-Oct-19",14.57,14.57,14.2,14.2,220127,,0.7056,,1255332.5463
"02-Oct-19",14.11,14.1664,13.36,13.89,751810,,0.5966,,1227837.2407
"03-Oct-19",13.95,13.965,13.67,13.89,340149,,0.5967,,1210407.1809
"04-Oct-19",13.94,14.03,13.8,14.02,280121,,0.5962,,1048381.2729
"07-Oct-19",14,14.025,13.8,13.86,193074,,0.6019,,1054764.1117
"08-Oct-19",13.79,13.93,13.71,13.74,271516,,0.6084,,1049240.5012
"09-Oct-19",13.87,13.94,13.74,13.82,203376,,0.609,,989830.4284
"10-Oct-19",13.89,14.09,13.83,13.89,226398,,0.6045,,980011.6685,
"11-Oct-19",13.94,14.18,13.94,14.02,255775,,0.6078,,985977.4973
"14-Oct-19",13.94,13.98,13.59,13.63,299755,,0.6041,,985977.4973
"15-Oct-19",13.64,13.97,13.6245,13.96,395693,,0.6036,1097624,984734.6163
"16-Oct-19",13.9,14.07,13.74,13.9,255282,,0.6975,,972057.2301
"17-Oct-19",13.97,14.11,13.87,14.11,358200,,0.6068,,981254.5495,
"18-Oct-19",14.02,14.29,14.01,14.11,432303,,0.604,,983367.4472
"21-Oct-19",14.22,14.38,14.12,14.29,296293,,0.6075,,987966.1069
"22-Oct-19",14.3,14.45,14.2,14.39,239750,,0.6133,,974915.8564
"23-Oct-19",14.4,14.58,14.32,14.55,241668,,0.615,,1011580.8459
"24-Oct-19",14.56,14.58,14.375,14.5,233744,,0.6113,,1121881.4904
"25-Oct-19",14.53,14.61,14.39,14.44,159678,,0.6175,,1134833.4536
"28-Oct-19",14.44,14.65,14.44,14.62,240594,,0.6049,,1143065.6336
"29-Oct-19",14.62,14.74,14.5388,14.66,284800,,0.6236,,1159859.2808
"30-Oct-19",14.56,14.66,14.15,14.4,349969,,0.6157,,1359956.136,
"31-Oct-19",14.38,14.48,14.13,14.33,339136,,0.6049,1326983,1429655.26
"01-Nov-19",14.38,14.57,14.26,14.46,222078,,0.4294,,1408471.1168
"04-Nov-19",14.55,14.5776,14.25,14.36,232738,,0.6093,,1329771.476
"05-Nov-19",14.39,14.43,14.08,14.2,255915,,0.6058,,1324722.4056
"06-Nov-19",14.2,14.3,14.11,14.26,203630,,0.6059,,1323515.0192
"07-Nov-19",14.26,14.53,14.0957,14.25,286454,,0.609,,1329003.1392,
"08-Nov-19",13.55,13.55,11.3,11.75,2521456,,0.6113,,1334601.0216
"11-Nov-19",11.85,11.86,11.18,11.29,788971,,0.6113,,1336247.4576
"12-Nov-19",11.6,12.38,11.4514,12,2541507,,0.6101,,1215781.8246,
"13-Nov-19",11.96,12.04,11.69,11.77,870450,,0.6109,,1216445.3161
"14-Nov-19",11.92,12.36,11.85,12.31,570167
"15-Nov-19",12.3,12.7,12.25,12.68,498127,,0.6028,1223068,1163764.091
"18-Nov-19",12.6,13.36,12.6,13,1725982,,0.6026,,1151555.8474
"19-Nov-19",13.13,13.45,13.09,13.18,632662,,0.6023,,1184863.1207
"20-Nov-19",13.16,13.26,13.04,13.05,519249,,0.5979,,1355645.8328
"21-Nov-19",13.05,13.11,12.88,12.94,390043,,0.6049,,1228786.258
"22-Nov-19",12.94,12.99,12.65,12.81,511667,4.938959,0.6025,,1204767.8657
"25-Nov-19",13.12,13.39,13,13.32,743420,4.636697,0.6031,,1142797.7596
"26-Nov-19",13.25,13.48,13.11,13.16,448437,,0.6026,,1262206.176
"27-Nov-19",13.09,13.15,12.98,13.12,304526,5.755675,0.6032,,1491164.5056,
"28-Nov-19",,,,,,5.736958,0.6032,,1491164.5056
"29-Nov-19",13.13,13.27,13,13.25,185685,,0.6086,1731164,1609924.4084
"02-Dec-19",13.28,13.32,13.11,13.14,309288,5.931543,0.6104,,1535072.6468
"03-Dec-19",13.12,13.2,12.95,13.11,290163,,0.6109,,1395765.2016
"04-Dec-19",13.13,13.58,13.13,13.52,523085,,0.6038,,1475998.4624
"05-Dec-19",13.51,13.6,13.42,13.46,432031,,0.6041,,1231140.2488
"06-Dec-19",13.52,13.93,13.52,13.81,634995,4.585699,0.6025,,1212305.0016
"09-Dec-19",13.81,14.15,13.74,13.81,470822,,0.6025,,1220132.6368
"10-Dec-19",13.79,13.93,13.7,13.79,548262,,0.6025,,1302354.6772,
"11-Dec-19",13.72,13.92,13.51,13.56,413797,,0.6022,,1307201.9364
"12-Dec-19",13.51,13.77,13.5,13.51,418972,,0.5901,,1340786.518
"13-Dec-19",13.43,13.61,13.39,13.55,348367,4.840622,0.5892,1580011,1374197.9832
"16-Dec-19",13.54,13.76,13.54,13.57,383198,,0.5896,,1329707.0684
"17-Dec-19",13.56,13.9,13.54,13.86,522582,,0.5935,,1317588.9204
"18-Dec-19",13.86,13.86,13.63,13.68,523400,,0.5865,,1274309.8204
"19-Dec-19",13.66,13.9,13.6,13.9,475809,4.079389,0.594,,1179615.1496
"20-Dec-19",13.89,14.09,13.54,13.59,1948872,,0.5879,,1143606.9384
"23-Dec-19",13.64,13.6456,13.35,13.43,738547,,0.6013,,1053240.1776
"24-Dec-19",13.48,13.48,13.24,13.36,338083
"25-Dec-19",,,,,,4.281408,0.601,,1517758.5666
"26-Dec-19",13.4,13.46,13.15,13.24,464289,3.275844,0.6053,,1169524.1422
"27-Dec-19",13.27,13.3474,13.17,13.23,441472
"30-Dec-19",13.11,13.22,12.96,12.98,506221,,0.5567,,1582065.0143,
"31-Dec-19",12.96,13.22,12.92,13.16,638322,4.635294,0.5645,1683284,1678919.6886
"01-Jan-20",,,,,,,0.5642,,1676075.6688
"02-Jan-20",13.23,13.25,12.96,13.01,383667,,0.6227,,1190380.2874
"03-Jan-20",12.94,13.26,12.9117,13.23,363355,,0.6313,,990666.897
"06-Jan-20",13.2,13.49,13.1,13.43,317219
"07-Jan-20",13.48,13.57,13.35,13.52,338511,,0.6117,,943740.5703
"08-Jan-20",13.52,13.7,13.45,13.56,418055,,0.6094,,937104.5241
"09-Jan-20",13.62,13.69,13.48,13.51,214406,,0.6186,,923200.4273
"10-Jan-20",13.46,13.62,13.4338,13.58,288572,,0.5913,,894665.446,
"13-Jan-20",13.59,13.66,13.45,13.65,283970,,0.5942,,943480.682
"14-Jan-20",13.67,13.8,13.55,13.73,428579,,0.6028,,912676.5848
"15-Jan-20",13.76,13.95,13.7394,13.87,362297,,0.6035,1377325,886249.026,
"16-Jan-20",13.9,14.01,13.69,13.77,438323,,0.5919,,878505.9196
"17-Jan-20",13.79,13.79,13.39,13.4,494747,,0.5943,,797708.2876
"20-Jan-20",,,,,,2.127866,0.5943,,797708.2876
"21-Jan-20",13.34,13.4,13.17,13.26,450278,,0.5988,,769597.4448
"22-Jan-20",13.26,13.31,13.05,13.09,359473,,0.5974,,759161.084
"23-Jan-20",13.07,13.25,12.98,13.15,350792,,0.5973,,759666.0692
"24-Jan-20",13.16,13.2,12.81,12.86,432565,,0.5842,,748219.738
"27-Jan-20",12.75,12.85,12.55,12.63,409177,,0.5958,,1092631.9225
"28-Jan-20",12.62,12.85,12.43,12.53,540974,,0.5854,,1161498.1725
"29-Jan-20",12.51,12.61,12.41,12.52,512238,,0.5939,,1174582.76
"30-Jan-20",12.32,12.5,12.235,12.4,607462,,0.5672,,1258461.8525,
"31-Jan-20",12.27,12.49,12.21,12.45,1498597,,0.5614,1666352,2272448.5175
"03-Feb-20",12.46,12.69,12.46,12.5,453027,,0.5677,,1924673.955
"04-Feb-20",12.57,12.8,12.52,12.77,324470,,0.6147,,958067.27
"05-Feb-20",12.91,12.98,12.75,12.8,449419,,0.5691,,1025418.4625
"06-Feb-20",12.93,13.02,12.83,12.87,383576,,0.5674,,969361.335
"07-Feb-20",12.86,13.02,12.79,13,347546,,0.5691,,886721.835
"10-Feb-20",12.99,13.19,12.9,13.1,419342,,0.559,,918951.24,
"11-Feb-20",13.07,13.28,13.07,13.2,474083,,0.5653,,697035.0416
"12-Feb-20",13.26,13.5,13.21,13.36,492274,,0.5721,,700034.4752
"13-Feb-20",13.34,13.34,13.15,13.27,315571,1.619822,0.563,,668040.5168
"14-Feb-20",13.28,13.36,13.13,13.22,285807,,0.5634,1062108,672872.9376,
"17-Feb-20",,,,,,,0.5634,,672872.9376
"18-Feb-20",13.21,13.44,13.05,13.36,537287,,0.5641,,690702.904
"19-Feb-20",13.46,13.46,13.24,13.34,344315,,0.5626,,661208.4736
"20-Feb-20",13.3,13.59,13.3,13.58,517790,,0.5606,,713531.9264
"21-Feb-20",13.6,13.97,13.52,13.92,727504,,0.5647,,768354.9072
"24-Feb-20",13.65,13.89,13.51,13.79,725385,,0.5661,,765355.4736
"25-Feb-20",13.84,13.86,12.95,13.05,700653,,0.5715,,765855.3792
"26-Feb-20",13.11,13.31,12.73,12.77,578908,,0.5728,,1297683.5544
"27-Feb-20",12.49,12.72,12,12.12,816787,,0.5579,,1518920.6508,
"28-Feb-20",12.19,13.505,12.14,12.73,1647012,,0.5746,1137775,1774676.2572
"02-Mar-20",12.8,13.21,12.1933,13.1,840273,,0.5884,,2010570.444
"03-Mar-20",13.17,13.63,12.45,12.71,575024,,0.5886,,3310909.2684
"04-Mar-20",12.86,12.98,12.63,12.87,666626,,0.583,,2954890.6668
"05-Mar-20",12.68,12.87,12.13,12.29,898884,,0.5819,,2910813.1848
"06-Mar-20",11.95,12.17,11.47,11.96,747211,,0.5745,,1427685.5736
"09-Mar-20",11.28,11.3,10.08,10.12,777849,,0.5759,,1845518.8608
"10-Mar-20",10.44,10.71,9.6,10.14,733867,,0.5804,,1124121.7,
"11-Mar-20",9.79,9.79,9.08,9.14,854165,2.959455,0.5987,,1348149.5975
"12-Mar-20",8.08,8.19,6.93,7.32,1292957,3.076407,0.6081,,1437464.935
"13-Mar-20",7.76,7.9025,6.52,7.08,1094448,,0.6061,1594023,1375001.0875
"16-Mar-20",5.98,6.36,5.18,5.18,1275431,,0.615,,1343143.3875,
"17-Mar-20",5.38,5.4238,4.4,4.4,1943489
"18-Mar-20",4.09,4.34,3.01,3.23,1713286,,0.6259,,2626553.5875
"19-Mar-20",3.23,3.51,2.72,2.92,2186651,,0.608,,2803136.2675
"20-Mar-20",2.96,3.7,2.61,2.81,2070122,,0.598,,2772188.7875
"23-Mar-20",2.62,3.24,2.46,3.12,1437560,,0.6054,,2674909.025
"24-Mar-20",3.31,3.4799,2.9425,3.11,1378499,,0.581,,2760688.4337
"25-Mar-20",3.1,3.81,2.78,3.5,1893699,,0.5786,,2482212.6156
"26-Mar-20",3.59,5.76,3.575,5.47,1729457,,0.5966,,3912529.4535
"27-Mar-20",5.93,5.93,5.12,5.25,1198893,,0.5929,,3785167.0158
"30-Mar-20",5.16,5.29,4.12,4.27,820170,,0.5881,,3716783.4291,
"31-Mar-20",4.26,4.399,3.82,3.94,875187,,0.586,1560432,4038776.0751
"01-Apr-20",3.63,3.65,3.071,3.26,1060792,,0.6044,,3600260.3478
"02-Apr-20",3.17,3.71,3.14,3.58,921095,,0.6222,,3603767.1984
"03-Apr-20",3.5,3.5,2.84,2.99,1069904,,0.6214,,3628952.7618
"06-Apr-20",3.14,3.85,3.14,3.44,556324,,0.6291,,2502934.9146
"07-Apr-20",3.65,3.8385,3.0933,3.17,1045150,,0.6281,,2559363.3288
"08-Apr-20",3.44,3.95,3.4115,3.87,970790,,0.6329,,2775034.6407
"09-Apr-20",4.26,5.35,4.21,5.06,1380986,,0.6218,,729658.0032
"10-Apr-20",,,,,,,0.6218,,729658.0032,
"13-Apr-20",4.83,4.8763,4.26,4.55,773073,,0.6272,,716706.4176
"14-Apr-20",4.64,4.885,4.17,4.39,629001,,0.6415,,731218.4352
"15-Apr-20",4.15,4.19,3.77,3.85,913486,,0.6444,1374068,730750.3056
"16-Apr-20",3.86,3.88,3.46,3.47,649676,,0.6319,,720919.584
"17-Apr-20",3.98,4.1998,3.76,4.08,1142599,,0.6217,,715302.0288
"20-Apr-20",3.67,3.95,3.56,3.82,1482030,,0.6154,,702506.4864
"21-Apr-20",3.48,3.8,3.4,3.69,770703,,0.6315,,725912.9664
"22-Apr-20",3.7,3.93,3.61,3.91,592673,,0.6229,,750255.7056
"23-Apr-20",3.93,4.16,3.81,4.06,671017,,0.6121,,779435.784
"24-Apr-20",4.05,4.2,3.89,4.12,776962,,0.6144,,1471901.6416
"27-Apr-20",4.14,4.64,4.06,4.55,700880,,0.6141,,1468329.0648
"28-Apr-20",4.78,5.15,4.7,5.06,900408,,0.6016,,1779967.6872
"29-Apr-20",5.28,5.99,5.25,5.52,1373372,,0.5993,,1810609.4036
"30-Apr-20",5.14,5.285,4.65,4.81,926503,2.991681,0.6006,1727624,1911740.8084
"01-May-20",4.66,4.77,4.51,4.77,1025408,,0.5934,,2227639.0416
"04-May-20",4.64,4.64,4.16,4.21,1061552,,0.5847,,2240555.2808
"05-May-20",4.37,4.69,4.35,4.45,1099490,3.442524,0.6051,,2246326.3664
"06-May-20",4.5,4.5899,4.1501,4.29,715091,3.671512,0.5787,,2406405.2884
"07-May-20",4.41,4.62,4.3,4.48,454072,,0.5825,,2340175.2108
"08-May-20",4.93,5.7,4.89,5.23,1988029,,0.5877,,2457108.3976
"11-May-20",4.99,5.03,4.61,4.68,945235,,0.5867,,2242974.2392
"12-May-20",4.72,4.8,4.24,4.24,784849,,0.5922,,2278045.0064
"13-May-20",4.25,4.25,3.65,3.87,1066755,,0.566,,2268370.312
"14-May-20",3.76,3.9768,3.4701,3.93,984954,,0.5694,,2303441.0792
"15-May-20",3.8,3.8787,3.705,3.81,500513,,0.5894,1678985,2369609.0784
"18-May-20",4,4.34,4,4.22,1026241,,0.5878,,2425584.096
"19-May-20",4.15,4.61,3.98,4.51,840525,3.846486,0.5935,,2443724.148
"20-May-20",4.58,4.85,4.5501,4.75,532158,,0.601,,2448561.4952
"21-May-20",4.77,4.88,4.48,4.52,750758,,0.5936,,2371854.9896
"22-May-20",4.52,4.64,4.34,4.6,347931,,0.5879,,2361834.7704
"25-May-20",,,,,,,0.5879,,2366326.5928
"26-May-20",4.78,5.07,4.7701,5.01,578366,3.439506,0.5864,,2192182.0936
"27-May-20",5.2,5.39,4.98,5.31,726653,,0.5866,,1545169.8955
"28-May-20",5.49,5.49,5.11,5.15,430470,3.453395,0.592,,1553732.719
"29-May-20",5.05,5.16,4.77,4.95,798431,,0.5934,1636333,1527708.4515
"01-Jun-20",4.86,5.27,4.83,5.17,461660,,0.5947,,1522503.598
"02-Jun-20",5.28,5.54,5.216,5.49,536789,3.661032,0.591,,1600240.6035
"03-Jun-20",5.69,6.28,5.5801,6.19,812361,,0.5964,,1666896.308
"04-Jun-20",6.15,6.6999,6.01,6.54,778444,,0.5926,,1594196.2575
"05-Jun-20",7.1,7.84,6.8,6.92,1087784,,0.591,,1557258.5875
"08-Jun-20",7.47,8.26,7.09,7.98,1026912,3.241257,0.5872,,1438386.4495
"09-Jun-20",7.71,7.86,7.36,7.57,919187,,0.5885,,1450936.4711
"10-Jun-20",7.54,7.645,6.545,6.84,758257,2.967244,0.5978,,1408228.1798
"11-Jun-20",6.16,6.45,5.6,5.99,812823,,0.6011,,1388755.8171
"12-Jun-20",6.49,6.84,6.21,6.83,567970,,0.6061,,1379101.4524
"15-Jun-20",6.38,6.81,6.2601,6.62,434307,,0.5994,1196696,1373374.2869
"16-Jun-20",7,7.17,6.4957,6.63,444312,,0.608,,1337538.5942
"17-Jun-20",6.68,6.69,6.4,6.42,396731,,0.6018,,1365683.5218
"18-Jun-20",6.32,6.66,6.26,6.3,368389,,0.6008,,1383846.8181
"19-Jun-20",6.39,6.99,6.31,6.99,3708879,,0.5992,,1360283.6229
"22-Jun-20",6.8,6.8637,6.385,6.65,619976,,0.5949,,1369774.3543
"23-Jun-20",6.83,7.12,6.64,7.11,529703,,0.5462,,2358774.0195
"24-Jun-20",6.86,6.9427,6.29,6.56,488115,,0.5245,,1980651.5496
"25-Jun-20",6.32,6.92,6.28,6.9,482706,,0.5198,,1956119.2816
"26-Jun-20",6.78,6.78,6.3,6.64,1424632,,0.5188,,1793248.956
"29-Jun-20",6.67,7.13,6.53,6.89,709981,,0.5181,,1780204.9696
"30-Jun-20",6.76,7.11,6.65,7.02,509924,,0.5131,2790104,2109775.048
"01-Jul-20",7.03,7.03,6.58,6.73,588452,,0.5023,,2052692.6488
"02-Jul-20",6.99,6.99,6.46,6.52,387277,5.925556,0.5003,,2063103.904
"03-Jul-20",,,,,,,0.5002,,2063103.904
"06-Jul-20",6.73,6.7638,6.38,6.63,444305,,0.5096,,2122938.704
"07-Jul-20",6.47,6.5637,6.0954,6.21,505554,,0.5032,,2073515.1592
"08-Jul-20",6.21,6.48,6.1,6.41,485661,,0.5018,,2054487.6928
"09-Jul-20",6.34,6.3599,5.96,6.07,459651,6.411175,0.5053,,2155010.1568
"10-Jul-20",6.05,6.21,5.73,6.18,444263,,0.5097,,2677383.7984
"13-Jul-20",6.18,6.28,5.86,6.15,627392,,0.5026,,2687707.1832
"14-Jul-20",6.17,6.56,6.02,6.52,488550,,0.5013,,2630510.0512
"15-Jul-20",6.74,6.97,6.67,6.88,594988,,0.5157,2311352,2550155.056
"16-Jul-20",6.72,6.78,6.49,6.6,390487,5.835407,0.5113,,2496027.0384
"17-Jul-20",6.55,6.68,6.43,6.58,411773,5.625337,0.5111,,2394746.2632
"20-Jul-20",6.48,6.57,6.34,6.51,485566,5.602161,0.507,,2353173.7136
"21-Jul-20",6.5,6.72,6.45,6.63,342453,5.695205,0.5065,,2336712.1
"22-Jul-20",6.51,6.83,6.48,6.74,347373,,0.5088,,2357916.8904
"23-Jul-20",6.7,6.775,6.55,6.65,230728,,0.5061,,2278119.916
"24-Jul-20",6.6,6.71,6.4,6.5,221472,,0.5055,,2033989.76
"27-Jul-20",6.45,6.46,6.25,6.41,313941,,0.5032,,1989149.5312
"28-Jul-20",6.34,6.83,6.325,6.68,331433,5.572491,0.4987,,1982908.8808
"29-Jul-20",6.62,6.78,6.48,6.72,323061,,0.4973,,1972045.5264
"30-Jul-20",6.51,6.68,6.485,6.6,312247,5.549268,0.4914,,1904091.7776
"31-Jul-20",6.51,6.6,6.1,6.3,456714,,0.4916,1780389,1875662.148
"03-Aug-20",6.28,6.325,6.07,6.16,391461,,0.4901,,1838218.2456
"04-Aug-20",6.13,6.4,6.13,6.3,378739,,0.487,,1752467.0864
"05-Aug-20",6.39,6.61,6.3,6.61,407243,5.876512,0.493,,1923275.9992
"06-Aug-20",6.47,6.76,6.3995,6.59,452518,,0.4777,,1781590.1216
"07-Aug-20",6.35,6.5,6,6.49,654048,,0.4752,,1728429.0256
"10-Aug-20",6.58,6.77,6.57,6.69,445347,,0.4821,,1749231.1936
"11-Aug-20",6.69,6.95,6.575,6.64,453190,,0.4859,,1697956.9893
"12-Aug-20",6.66,6.9,6.48,6.52,305659,,0.4864,,1636533.5688
"13-Aug-20",6.43,6.63,6.2,6.21,313942,,0.4877,,1576890.5373
"14-Aug-20",6.15,6.4002,6.06,6.32,389495,,0.4873,1453293,1554101.5581
"17-Aug-20",6.35,6.39,6.2,6.31,220441,,0.4879,,1531134.54
"18-Aug-20",6.26,6.42,6.075,6.09,400050,,0.4857,,1473093.8586
"19-Aug-20",6.1,6.39,5.88,5.99,627821,5.356806,0.4863,,1458138.591
"20-Aug-20",5.88,6.12,5.75,6.01,595052,5.418234,0.4849,,1465260.147
"21-Aug-20",5.93,6.11,5.88,6.11,505449,,0.4867,,1371611.6856
"24-Aug-20",6.13,6.314,6,6.26,532937,,0.4771,,1381759.9029
"25-Aug-20",6.25,6.32,6.09,6.22,386272,,0.4879,,1331361.7173
"26-Aug-20",6.18,6.18,5.9,5.99,604796,5.220207,0.4794,,1313922.2013
"27-Aug-20",5.98,6.22,5.98,6.17,534140,,0.4784,,1295465.3802
"28-Aug-20",6.25,6.365,6.15,6.36,479246,5.350853,0.4807,,1336448.2428
"31-Aug-20",6.29,6.295,5.91,6.02,649215,,0.4849,1488816,1334413.6326
"01-Sep-20",5.92,6.13,5.85,5.98,534173,,0.4802,,1286164.305
"02-Sep-20",5.94,6.03,5.84,5.88,632319,,0.478,,1367403.3837
"03-Sep-20",5.86,6.15,5.78,5.85,468688,5.440293,0.4792,,1360863.5652
"04-Sep-20",5.86,5.93,5.635,5.86,472034,5.469068,0.48,,1355631.7104
"07-Sep-20",,,,,,,0.4787,,1339645.4874
"08-Sep-20",5.75,5.84,5.59,5.7,553500,,0.4829,,1358102.3085
"09-Sep-20",5.67,5.7,5.38,5.4,574651,5.199255,0.4854,,1246344.0768
"10-Sep-20",5.41,5.4966,5.05,5.05,557522,5.16269,0.4775,,1366584.2064
"11-Sep-20",5.05,5.08,4.825,5,537820,,0.4754,,1361373.3504
"14-Sep-20",5.08,5.21,4.945,5.1,330038,,0.4679,,1302118.4736
"15-Sep-20",5.21,5.54,5.21,5.33,329641,,0.4643,1500948,1274575.3776
"16-Sep-20",5.34,5.5801,5.25,5.48,365109,5.091335,0.4738,,1308669.264
"17-Sep-20",5.4,5.56,5.25,5.32,375027,,0.4699,,1287528.0768
"18-Sep-20",5.37,5.57,5.26,5.44,1528503,,0.4632,,1254178.5984
"21-Sep-20",5.26,5.3189,4.9,5.03,599580,,0.4613,,1195072.6032
"22-Sep-20",4.99,5.13,4.82,4.87,378123,,0.4789,,1238397.1488
"23-Sep-20",4.86,5.04,4.54,4.56,497662,,0.4891,,1229762.016
"24-Sep-20",4.57,4.7622,4.4638,4.5,399375,,0.4804,,1342898.1756
"25-Sep-20",4.4,4.905,4.4,4.85,325191,4.614195,0.476,,1295918.5032
"28-Sep-20",4.96,5.13,4.9,5.08,291786,,0.4759,,1289014.1424
"29-Sep-20",5.03,5.1,4.88,4.96,303579,,0.4677,,1201959.1584
"30-Sep-20",4.95,5.11,4.85,4.91,218830,,0.4615,1307085,1152127.6848
"01-Oct-20",4.95,5.2,4.9,5.19,515260,4.201097,0.4618,,1112502.6576
"02-Oct-20",5.09,5.31,4.87,5.29,416835,,0.4623,,1082183.508
"05-Oct-20",5.25,5.48,5.24,5.41,415016,,0.4527,,1083084.0768
"06-Oct-20",5.54,5.76,5.36,5.46,370465,,0.4579,,1064922.606
"07-Oct-20",5.56,5.73,5.27,5.39,523579,,0.4625,,1055766.8232
"08-Oct-20",5.49,5.86,5.46,5.8,343089,3.890134,0.4505,,1019443.8816
"09-Oct-20",5.77,5.88,5.49,5.6,272739,,0.4543,,1095467.9385
"12-Oct-20",5.56,5.64,5.41,5.6,273620,,0.4543,,1095467.9385
"13-Oct-20",5.51,5.57,5.18,5.19,228548,3.691724,0.4586,,1075077.4125
"14-Oct-20",5.14,5.38,5.14,5.21,213975,,0.4593,,1046190.834
"15-Oct-20",5.07,5.21,5.03,5.21,203916,,0.4587,1107537,1024231.806
"16-Oct-20",5.18,5.25,5.045,5.06,320014,,0.4527,,986718.4665
"19-Oct-20",5.05,5.06,4.7,4.71,266156,,0.4678,,972732.657
"20-Oct-20",4.72,4.91,4.71,4.72,199582,,0.4448,,945937.4145
"21-Oct-20",4.74,4.76,4.56,4.69,235438,,0.4383,,921625.6335
"22-Oct-20",4.66,4.91,4.66,4.74,253614,,0.4268,,887772.132
"23-Oct-20",4.78,5.03,4.78,5.01,235260,3.252783,0.4258,,890255.5935
"26-Oct-20",4.89,4.96,4.68,4.75,277146,,0.4309,,992796.1668
"27-Oct-20",4.68,4.91,4.68,4.76,209832,,0.4286,,973414.2693
"28-Oct-20",4.58,4.6725,4.44,4.53,550546,,0.4267,,984600.393
"29-Oct-20",4.48,5.16,4.37,5.11,566457,3.293283,0.4298,,992463.9057
"30-Oct-20",5.01,5.34,4.9601,5.24,551672,3.434398,0.4336,1122824,1043521.3614
"02-Nov-20",5.34,5.5,5.34,5.41,310886,,0.4424,,1033885.7895
"03-Nov-20",5.45,5.6,5.35,5.41,294529,,0.4377,,1028901.873
"04-Nov-20",5.27,5.3,5.11,5.17,380521,,0.4574,,1029898.6563
"05-Nov-20",5.16,5.49,5.16,5.38,276885,,0.4564,,970534.6731
"06-Nov-20",5.53,5.975,5.41,5.58,604264,,0.415,,938859.1149
"09-Nov-20",6.2,6.58,6.04,6.15,1026184,,0.4145,,937973.0853
"10-Nov-20",6.15,6.89,6.15,6.89,1008613,,0.4175,,1003243.244
"11-Nov-20",6.93,6.94,6.71,6.75,729566,,0.4175,,1003243.244
"12-Nov-20",6.57,6.69,6.29,6.45,548388,,0.4121,,945305.5256
"13-Nov-20",6.56,6.99,6.54,6.91,461641,3.342276,0.4504,1113390,1146291.0216
"16-Nov-20",7,7.42,6.92,7.41,761988,,0.4449,,1199063.7496
"17-Nov-20",7.23,7.45,7.08,7.4,433534,,0.4539,,1206586.6704
"18-Nov-20",7.4,7.76,7.355,7.46,495793,3.367412,0.444,,1184916.1672
"19-Nov-20",7.41,7.46,6.97,7.29,345099,3.23217,0.4259,,1135287.3464
"20-Nov-20",7.23,7.36,7.14,7.35,257807,,0.4308,,1130796.0504
"23-Nov-20",7.48,7.76,7.36,7.62,303050,,0.4289,,1147638.4104
"24-Nov-20",7.82,8.11,7.62,7.9,619166,,0.4363,,1086445.962
"25-Nov-20",7.82,7.82,7.6301,7.69,353766,,0.4332,,1089786.132
"26-Nov-20",,,,,,,0.4334,,1088116.047
"27-Nov-20",7.67,7.77,7.59,7.67,185583,3.21246,0.4203,,1056495.771
"30-Nov-20",7.68,7.69,7.2,7.26,477177,,0.4126,920454,1035452.7
"01-Dec-20",7.44,7.48,7.22,7.3,263977,,0.4095,,1035786.717
"02-Dec-20",7.31,7.67,7.17,7.53,327815,,0.3948,,1144787.598
"03-Dec-20",7.58,7.74,7.48,7.53,235928,3.670188,0.3955,,1160931.753
"04-Dec-20",7.61,7.86,7.6,7.85,380172,3.590175,0.3898,,1131983.613
"07-Dec-20",7.74,7.74,7.33,7.59,327532,3.522824,0.3871,,1104816.897
"08-Dec-20",7.48,7.77,7.48,7.75,342271,3.482983,0.3587,,1089118.098
"09-Dec-20",7.81,7.9,7.51,7.7,323234,,0.3494,,962426.7024
"10-Dec-20",7.58,7.78,7.44,7.71,232410,3.571534,0.3526,,971999.424
"11-Dec-20",7.6,7.64,7.43,7.54,258250,,0.3526,,971999.424
"14-Dec-20",7.68,7.87,7.6,7.75,339180,,0.3451,,897810.8316
"15-Dec-20",7.75,8,7.68,7.92,522036,3.319217,0.3435,811030,893024.4708
"16-Dec-20",7.99,7.99,7.8,7.8,417134,,0.3522,,913918.7766
"17-Dec-20",7.8,8.04,7.78,7.98,641046
"18-Dec-20",8,8.2287,7.65,7.65,962163,,0.34,,918613.092
"21-Dec-20",7.44,7.59,7.28,7.47,589857,,0.3274,,950736.9366
"22-Dec-20",7.49,7.54,7.29,7.43,463508,,0.3529,,951565.3452
"23-Dec-20",7.47,7.72,7.41,7.6,270027,,0.343,,929842.6308
"24-Dec-20",7.6,7.64,7.41,7.63,173915,3.615462,0.35,,864882.392
"25-Dec-20",,,,,,3.699273,0.3519,,884914.833
"28-Dec-20",7.75,7.85,7.5,7.5,281667,,0.3376,,845174.363
"29-Dec-20",7.53,7.57,7.16,7.27,372960,,0.3353,,835117.591
"30-Dec-20",7.15,7.4206,7.15,7.26,256900,,0.3273,,804055.142
"31-Dec-20",7.23,7.54,7.167,7.5,354625,3.347457,0.3249,754242,799107.859
"01-Jan-21",,,,,,,0.3224,,791808.589
"04-Jan-21",7.59,7.59,7.045,7.09,443822,,0.307,,754744.518
"05-Jan-21",7.39,7.6,7.22,7.32,441675,,0.3254,,799270.065
"06-Jan-21",7.37,8.16,7.37,8.06,786647,,0.3033,,892538.515
"07-Jan-21",8.16,8.28,7.82,8.21,745720,,0.2967,,871127.323
"08-Jan-21",8.3,8.67,8.24,8.66,1249898,3.720073,0.3335,,944038.92
"11-Jan-21",8.7,8.8,8.22,8.28,709415,3.88683,0.37,,1005433.891
"12-Jan-21",8.24,8.4699,7.99,7.99,758088,,0.3814,,914970.9702
"13-Jan-21",7.99,8.185,7.72,7.92,617439,,0.3856,,924625.2678
"14-Jan-21",8.01,8.17,7.97,8.04,345015,3.752878,0.4011,,942425.379
"15-Jan-21",7.92,7.9575,7.7,7.82,392041,3.84985,0.4065,825238,972821.3316
"18-Jan-21",,,,,,,0.4067,,968899.2732
"19-Jan-21",8.08,8.479,8.01,8.32,646203,,0.4121,,980740.8726
"20-Jan-21",8.35,8.8,8.35,8.77,608253,,0.4146,,924021.8742
"21-Jan-21",8.71,8.82,8.47,8.5,376676,3.469495,0.4165,,910671.7908
"22-Jan-21",8.46,8.5,8.11,8.39,527086,,0.4389,,957133.098
"25-Jan-21",8.3,8.44,8.15,8.4,314895,,0.4383,,972293.3622
"26-Jan-21",8.54,8.5775,8.1208,8.16,284688,,0.4403,,982551.0534
"27-Jan-21",8.02,8.12,7.81,7.95,605690,3.592849,0.4361,,819956.4768
"28-Jan-21",8.02,8.1928,7.93,8.08,321868,,0.4298,,808238.0972
"29-Jan-21",8.02,8.22,7.8,7.9,382527,,0.4263,967563,799243.003
"01-Feb-21",8.07,8.105,7.81,8.08,354075,3.591707,0.4281,,810136.1446
"02-Feb-21",8.19,8.28,8.08,8.18,246832,,0.4231,,785956.6712
"03-Feb-21",8.1,8.235,7.93,8.16,388389,,0.4396,,787689.671
"04-Feb-21",8.24,8.46,8.22,8.4,261101,,0.4373,,780014.9576
"05-Feb-21",8.5,8.54,8.29,8.4,201517,3.575439,0.4398,,796684.7652
"08-Feb-21",8.45,8.67,8.4,8.67,243735,,0.4296,,796107.0986
"09-Feb-21",8.77,8.77,8.465,8.51,273887,,0.4279,,956242.5129
"10-Feb-21",8.48,8.74,8.38,8.4,304513,3.649219,0.4234,,947824.7148
"11-Feb-21",8.47,8.93,8.41,8.55,392340,3.731301,0.4248,,947921.4711
"12-Feb-21",8.5,8.5,8.33,8.45,288478,3.753189,0.4248,969386,938245.8411
"15-Feb-21",,,,,,,0.4233,,929924.7993
"16-Feb-21",8.63,8.73,8.5,8.69,256095,,0.4223,,910573.5393
"17-Feb-21",8.62,8.66,8.32,8.45,237441,,0.4154,,882804.4812
"18-Feb-21",8.3,8.47,8.2,8.23,250911,3.366732,0.4146,,809076.1806
"19-Feb-21",8.31,8.63,8.29,8.51,228702,,0.4077,,806270.2479
"22-Feb-21",8.48,8.84,8.41,8.71,255542,,0.3974,,782661.7107
"23-Feb-21",8.68,8.79,8.38,8.54,298704,,0.3938,,776179.0386
"24-Feb-21",8.62,9.0075,8.61,8.94,366497,,0.3938,,801973.0378,
"25-Feb-21",9,9,8,8.3,886552,,0.3928,,762712.9048
"26-Feb-21",8.34,8.52,8.09,8.25,342863,,0.3904,946881,741774.1672
"01-Mar-21",8.57,8.65,8.13,8.37,365921,2.729775,0.3719,,680993.665
"02-Mar-21",8.39,8.6,8.1701,8.56,357371,2.837779,0.3595,,710559.938
"03-Mar-21",8.6,8.9099,8.58,8.84,562288,,0.3415,,672172.2524
"04-Mar-21",8.8,8.95,8.64,8.75,435547,2.660191,0.3392,,677503.8754
"05-Mar-21",8.78,8.825,8.05,8.67,672173,2.671648,0.3449,,688070.1828
"08-Mar-21",8.69,9,8.57,8.93,437412,2.59638,0.3413,,671493.6822
"09-Mar-21",9.01,9.305,8.79,9.03,628186,,0.3235,,827479.3059
"10-Mar-21",9.09,9.54,8.9203,9.37,616538,,0.3318,,854181.3501
"11-Mar-21",9.38,9.48,8.93,9.43,339345,,0.2797,,702017.5734
"12-Mar-21",9.4,9.5,9.17,9.37,297058,,0.2087,,640754.3727
"15-Mar-21",9.35,9.49,9.25,9.49,289751,,0.2057,881578,653158.5138
"16-Mar-21",9.46,9.46,9.04,9.19,325410,,0.2078,,670107.6837
"17-Mar-21",9.2,9.42,9.13,9.4,324958,,0.2117,,674368.6482
"18-Mar-21",9.37,9.37,8.87,8.99,288354,2.012387,0.2038,,665278.5906
"19-Mar-21",8.99,9.165,8.62,9.09,970555,,0.2015,,700123.8114
"22-Mar-21",9.05,9.05,8.78,8.81,303771,2.174709,0.2083,,711297.0072
"23-Mar-21",8.75,8.795,8.28,8.53,389877,2.101157,0.2284,,685352.4678
"24-Mar-21",8.68,8.93,8.42,8.42,424742,2.315201,0.2637,,1025275.214
"25-Mar-21",8.27,8.72,8.22,8.65,584093,,0.2776,,1054190.9724
"26-Mar-21",8.74,8.89,8.55,8.71,347698,,0.2197,,888542.4662
"29-Mar-21",8.61,8.94,8.55,8.57,312786,1.932627,0.2094,,867472.752
"30-Mar-21",8.46,8.8,8.46,8.63,334745,,0.2261,,1065298.8552,
"31-Mar-21",8.59,8.8,8.49,8.52,442480,2.69129,0.2757,908915,1214638.1684
"01-Apr-21",8.57,8.68,8.375,8.6,484248
"02-Apr-21",,,,,,,0.1588,,800913.613
"05-Apr-21",8.73,8.83,8.3999,8.52,319878,,0.1569,,800649.1396
"06-Apr-21",8.43,8.5,8.26,8.27,394440,,0.1447,,777904.4272
"07-Apr-21",8.3,8.41,8.195,8.28,337337,1.788369,0.1532,,792538.622
"08-Apr-21",8.25,8.39,8.14,8.34,342488,,0.1587,,823658.3254
"09-Apr-21",8.33,8.43,8.275,8.34,317589,,0.1507,,607791.4605
"12-Apr-21",8.36,8.57,8.34,8.48,386145,,0.137,,587431.7645
"13-Apr-21",8.45,8.51,8.3975,8.41,345417,,0.1342,,583068.9725
"14-Apr-21",8.42,8.73,8.42,8.55,347355,1.864345,0.1198,,563709.083
"15-Apr-21",8.6,8.64,8.44,8.59,318275,,0.1165,777460,561255.0125,
"16-Apr-21",8.6,8.7,8.48,8.54,249090,,0.1164,,559164.508
"19-Apr-21",8.5,8.59,8.21,8.36,576444,,0.105,,542804.038
"20-Apr-21",8.39,8.41,8.09,8.25,497314,1.696957,0.0744,,510264.881
"21-Apr-21",8.2,8.44,8.068,8.38,303534,,0.1042,,539168.378
"22-Apr-21",8.44,8.5,8.26,8.4,398197,1.720793,0.0824,,511446.4705
"23-Apr-21",8.39,8.78,8.35,8.68,398643,1.637483,0.0522,,484179.0205
"26-Apr-21",8.78,9.06,8.69,8.81,363066,1.685644,0.0706,,691706.162
"27-Apr-21",8.74,8.85,8.71,8.78,259264,,0.0446,,659208.334
"28-Apr-21",8.78,8.95,8.78,8.87,275611,,0.0157,,630442.314
"29-Apr-21",9,9.0627,8.81,8.84,174541,,0.0071,,635651.296
"30-Apr-21",8.72,8.79,8.63,8.69,333291,1.584254,0.0068,578932,635184.82
"03-May-21",8.85,8.9,8.74,8.83,222620,1.582954,-0.0114,,634562.852
"04-May-21",8.83,8.85,8.52,8.57,311903,,0.0054,,640005.072
"05-May-21",8.52,8.62,8.395,8.57,264395,,0.0111,,637439.454,
"06-May-21",8.34,9.34,8.26,9.34,831165,1.552529,0.0086,,634640.598
"07-May-21",9.33,9.4,9.15,9.31,281947,,0.0318,,659830.302
"10-May-21",9.36,9.5,9.06,9.07,351535,,0.0145,,638605.644
"11-May-21",9.01,9.07,8.76,8.84,370143,1.572635,0.0195,,590394.8536
"12-May-21",8.84,8.89,8.46,8.65,735284,,0.0507,,597747.29
"13-May-21",8.65,9.02,8.65,8.98,303131,1.598106,0.0648,,608978.5708
"14-May-21",9.08,9.32,9.08,9.23,229968,,0.1011,701979,636825.2
"17-May-21",9.25,9.44,9.0856,9.42,264048,,0.0918,,623220.298
"18-May-21",9.4,9.51,9.24,9.25,294695,,0.1159,,618183.5896
"19-May-21",9.06,9.3467,8.99,9.27,280636,1.638062,0.0992,,622525.5796
"20-May-21",9.24,9.39,9.11,9.38,222141,,0.1152,,629762.2296
"21-May-21",9.5,9.53,9.35,9.38,202938,1.670491,0.1105,,632483.21
"24-May-21",9.42,9.5,9.3314,9.44,234247,,0.1182,,640646.1512
"25-May-21",9.47,9.5,9.07,9.09,270413,1.786571,0.1554,,744799.719
"26-May-21",9.06,9.29,9.0332,9.23,112333,,0.1473,,737007.7521
"27-May-21",9.36,9.46,9.32,9.37,289050,1.820783,0.1503,,733287.2634
"28-May-21",9.46,9.51,9.33,9.45,217434,2.012128,0.178,831486,805029.5172
"31-May-21",,,,,,,0.1824,,813663.8589
"01-Jun-21",9.49,9.68,9.43,9.51,466510,,0.2256,,903657.5667
"02-Jun-21",9.6,9.68,9.51,9.62,334406,,0.2882,,1013166.2907
"03-Jun-21",9.56,9.71,9.52,9.53,218928,2.362671,0.2738,,942336.6096
"04-Jun-21",9.58,9.7,9.4,9.6,345931,,0.2459,,884984.9253
"07-Jun-21",9.75,10.0205,9.66,9.94,640138,,0.2327,,854378.6409
"08-Jun-21",9.97,10.46,9.94,10.33,760236,,0.1381,,679445.4741
"09-Jun-21",10.36,10.64,10.2,10.51,431543,1.779339,0.1598,,735116.7726
"10-Jun-21",10.68,10.68,10.42,10.44,327485,1.82825,0.162,,745926.0906
"11-Jun-21",10.42,10.42,10.18,10.3,370877,2.034763,0.1789,,821674.4652
"14-Jun-21",10.25,10.48,10.09,10.16,294915,,0.1616,,786585.756
"15-Jun-21",10.15,10.25,10.09,10.15,214841,,0.1395,853115,733869.5436
"16-Jun-21",10.13,10.26,10.02,10.21,309114,1.859748,0.1608,,747589.0626
"17-Jun-21",10.21,10.26,9.955,10.07,341689,1.875619,0.1638,,754490.3964
"18-Jun-21",9.97,10.01,9.6464,9.88,765921,1.853237,0.1681,,759479.3124
"21-Jun-21",9.88,10.17,9.84,10.13,268906,,0.1673,,716408.3376
"22-Jun-21",10.12,10.13,9.93,10.12,173316,,0.2301,,953132.4018
"23-Jun-21",10.1,10.18,10,10.16,290297,,0.2284,,943487.1642
"24-Jun-21",10.21,10.34,10.1,10.32,168042,2.387472,0.2256,,1087380.379
"25-Jun-21",10.68,10.68,9.4,9.4,889062,,0.6521,,24484.4005
"28-Jun-21",9.75,9.82,9.51,9.76,634200
"29-Jun-21",9.6,9.76,9.47,9.48,412362,0.000139,0.3521,,85.3115,
"30-Jun-21",9.35,9.49,9.26,9.4,397477
"01-Jul-21",9.33,9.55,9.3,9.51,280598
"02-Jul-21",9.54,9.6942,9.25,9.37,232561
"06-Jul-21",9.51,9.6,9.13,9.31,243901
"07-Jul-21",9.25,9.36,9.07,9.2,219154
"08-Jul-21",9.05,9.335,8.85,9.09,336328
"09-Jul-21",9.23,9.47,9.22,9.45,150695
"12-Jul-21",9.59,9.91,9.52,9.85,434866
"13-Jul-21",9.84,9.86,9.66,9.68,263071
"14-Jul-21",9.7,9.75,9.35,9.39,198238
"15-Jul-21",9.93,10.12,9.71,9.98,640188,,,,,
"16-Jul-21",10.16,10.16,9.72,9.87,440403
"19-Jul-21",9.54,9.63,9.05,9.43,619634
"20-Jul-21",9.52,9.8,9.45,9.64,396034
"21-Jul-21",9.64,9.89,9.59,9.79,314270
"22-Jul-21",9.66,9.66,9.28,9.42,284703
"23-Jul-21",9.45,9.56,9.266,9.42,158043
"26-Jul-21",9.47,9.64,9.42,9.64,179084
"27-Jul-21",9.49,9.63,9.42,9.53,184325
"28-Jul-21",9.52,9.6,9.31,9.52,185881
"29-Jul-21",9.62,9.75,9.45,9.7,173065
"30-Jul-21",9.69,9.8666,9.45,9.51,268810
"02-Aug-21",9.5,9.69,9.32,9.34,203879
"03-Aug-21",9.34,9.5,9.13,9.45,344578
"04-Aug-21",9.1,9.49,9.1,9.31,329630,,,,,
"05-Aug-21",9.43,9.84,9.43,9.79,351139
"06-Aug-21",9.98,10.1,9.7801,9.98,383605
"09-Aug-21",9.98,10.27,9.86,10.09,302102
"10-Aug-21",9.86,10.15,9.09,9.42,1703869
"11-Aug-21",9.11,9.36,8.88,9.2,6018474
"12-Aug-21",9.08,9.239,8.99,9.15,1241754
"13-Aug-21",9.19,9.29,9.17,9.26,911958
"16-Aug-21",9.29,9.69,9.21,9.44,716901
"17-Aug-21",9.28,9.39,9.16,9.37,1014821
"18-Aug-21",9.24,9.59,9.24,9.37,445733
"19-Aug-21",9.55,9.63,9.39,9.54,503994
"20-Aug-21",9.52,9.68,9.41,9.55,450105
"23-Aug-21",9.56,9.68,9.49,9.61,654251
"24-Aug-21",9.68,10.16,9.66,9.93,823584
"25-Aug-21",10.01,10.16,9.9,10.05,702945
"26-Aug-21",10.08,10.13,9.83,9.85,592967
"27-Aug-21",9.8,10.11,9.75,10.06,376179
"30-Aug-21",10.03,10.08,9.75,9.99,381187
"31-Aug-21",9.95,10.12,9.94,10.02,265227
"01-Sep-21",10.07,10.225,9.9,10.18,379113
"02-Sep-21",10.19,10.455,10.1,10.42,627106
"03-Sep-21",10.4,10.45,10.186,10.39,312921
"07-Sep-21",10.35,10.46,10.06,10.08,575870
"08-Sep-21",10.02,10.06,9.66,9.81,430273
"09-Sep-21",9.75,9.9,9.7,9.72,337550
"10-Sep-21",9.75,9.76,9.45,9.46,409439
"13-Sep-21",9.6,10.14,9.6,10.06,742393
"14-Sep-21",10.23,10.23,9.88,9.99,411904
"15-Sep-21",9.99,10.1,9.88,9.96,363323
"16-Sep-21",9.97,10.03,9.87,9.95,183889
"17-Sep-21",10.01,10.06,9.89,9.94,689699
"20-Sep-21",9.75,9.83,9.5,9.68,672731
"21-Sep-21",9.71,9.88,9.62,9.63,260171
"22-Sep-21",9.66,9.7902,9.59,9.6,250120
"23-Sep-21",9.63,9.8874,9.63,9.81,350031
"24-Sep-21",9.73,9.8,9.58,9.69,298800
"27-Sep-21",9.69,9.95,9.69,9.69,251573
"28-Sep-21",9.78,9.78,9.51,9.6,452779
"29-Sep-21",9.44,9.51,9.36,9.47,269577,,,,,
"30-Sep-21",9.52,9.55,9.31,9.39,353521
"01-Oct-21",9.44,9.78,9.3,9.71,361204
"04-Oct-21",9.65,9.815,9.57,9.7,368819
"05-Oct-21",9.725,9.8,9.5,9.74,335274
"06-Oct-21",9.6,9.7367,9.5,9.72,577227
"07-Oct-21",9.82,9.96,9.7721,9.8,343872
"08-Oct-21",9.73,9.91,9.53,9.86,175313
"11-Oct-21",9.86,9.92,9.75,9.77,153306
"12-Oct-21",9.77,9.895,9.71,9.87,202316
"13-Oct-21",9.97,10,9.87,9.96,256896
"14-Oct-21",10,10.05,9.82,9.9,329330
"15-Oct-21",10.1,10.1,9.85,9.87,338570,,,,,
"18-Oct-21",9.95,10.09,9.77,9.89,188448
"19-Oct-21",9.85,9.9,9.65,9.69,311045
"20-Oct-21",9.8,9.88,9.66,9.79,169962
"21-Oct-21",9.76,9.89,9.69,9.75,239716
"22-Oct-21",9.8,9.83,9.65,9.67,210092
"25-Oct-21",9.65,9.82,9.64,9.77,233787
"26-Oct-21",9.72,9.88,9.66,9.66,306361
"27-Oct-21",9.66,9.77,9.52,9.71,293651
"28-Oct-21",9.77,9.95,9.64,9.92,257416
"29-Oct-21",9.85,9.89,9.67,9.81,418209
"01-Nov-21",9.83,10.05,9.75,9.94,239063
"02-Nov-21",10.15,10.24,9.96,9.98,439605
"03-Nov-21",9.82,10.03,9.66,9.87,570089
"19-Nov-21",,,,,,,,,,,0