"Date","open CMLS Price in USD","high CMLS Price in USD","low CMLS Price in USD","close CMLS Price in USD","CMLS Volume","Days to cover 3m (on loan)","Cost To Borrow","Exchange Reported SI","Estimated Short Interest","Dividends","hidden"
"13-Jun-18",14.25,14.5,14.25,14.5,50000
"18-Jun-18",15,15,15,15,132
"21-Jun-18",,,,,,,1.1056
"22-Jun-18",,,,,,,0.5928
"25-Jun-18",15,15,15,15,20381,,0.5928
"27-Jun-18",,,,,,,0.5928
"02-Jul-18",,,,,,,0.5928
"09-Jul-18",,,,,,0.523315,0.5928
"10-Jul-18",,,,,,0.353131,0.5928
"11-Jul-18",,,,,,0.353131,0.5928
"12-Jul-18",,,,,,0.353131,0.5928
"13-Jul-18",,,,,,0.353131,0.5928
"17-Jul-18",,,,,,0.7403,0.5928
"20-Jul-18",,,,,,0.646698,0.5928
"23-Jul-18",,,,,,0.646698,0.5928
"24-Jul-18",,,,,,0.646698,0.5928
"26-Jul-18",,,,,,0.646698,0.5928
"27-Jul-18",15,15,15,15,2874,0.828473,0.5928
"30-Jul-18",,,,,,0.828473,0.5928
"01-Aug-18",25,26,18.1,18.1,8121,0.932401,0.5928
"02-Aug-18",19.26,21.19,18,18,21737,0.88331,0.5928
"03-Aug-18",19.7497,19.7497,18.5,19.605,9621
"06-Aug-18",19.5,19.61,19.5,19.61,291,1.145281,0.5928
"07-Aug-18",18,18.9,17.5,18.35,13180,1.168341,0.5936
"08-Aug-18",17.05,18.98,17.05,18.98,302
"09-Aug-18",17.37,17.4,17.37,17.4,463
"10-Aug-18",,,,,,0.380788,0.6721
"13-Aug-18",17.25,17.7,17.25,17.7,41306,0.306399,0.5928
"14-Aug-18",17.64,17.7,17.64,17.7,268,0.331407,0.5928
"15-Aug-18",17.69,17.69,17.69,17.69,213,0.356432,0.5928
"16-Aug-18",17.25,17.7,17.25,17.7,370,0.372208,0.5928
"17-Aug-18",18.031,18.12,18,18.12,821,0.084666,0.5928
"20-Aug-18",18.43,18.43,17.647,18.2,4145,0.078056,0.5928
"21-Aug-18",19.78,19.78,18.5101,18.98,1941,0.061306,1.1086
"22-Aug-18",19,19.75,18.9901,19.05,1596,0.085507,2.3376
"23-Aug-18",19.1,19.1,19.05,19.05,785,0.078414,3.5676
"24-Aug-18",19.2,19.89,19.12,19.89,940,0.0468,4.0825
"27-Aug-18",19.5,20.325,18.64,19.15,5988,0.071166,4.0825
"28-Aug-18",19.89,19.89,19.399,19.4,2846,0.195408,5.4359
"29-Aug-18",19.6,19.6,19.42,19.43,3298,0.350701,5.641
"30-Aug-18",19.25,19.25,19,19,3108,0.436513,5.7618
"31-Aug-18",19,20.99,19,20.9,3995
"03-Sep-18",,,,,,0.444851,5.7618
"04-Sep-18",20.68,20.68,18.965,19.44,9126,0.311769,5.4659
"05-Sep-18",19.4,19.4,19.34,19.34,2455,0.346159,6.0156
"06-Sep-18",19.74,19.74,19,19.21,4113,0.324588,5.4659
"07-Sep-18",18.52,19.74,18.515,19.74,2876,0.331354,5.4659
"10-Sep-18",18.64,18.64,18.64,18.64,194,0.285063,5.3652
"11-Sep-18",18.66,19.33,18.66,19.33,416,0.337788,5.6704
"12-Sep-18",18.76,19.01,18,18,17225
"13-Sep-18",18.5573,18.5573,17.85,17.85,1001,0.287977,5.38
"14-Sep-18",17.57,17.85,17.57,17.85,339,0.291758,5.1238
"17-Sep-18",17.55,17.55,17.13,17.13,1295,0.260951,4.9514
"18-Sep-18",18,18,16.1,16.1,10588,0.254083,4.9514
"19-Sep-18",16.08,18.05,16.08,16.61,11504,0.274631,5.3815
"20-Sep-18",16.7,16.7,16.7,16.7,219
"21-Sep-18",16.7,18.2,16.61,16.61,7732
"24-Sep-18",16.75,18.92,16.65,17.75,3227
"25-Sep-18",17.2,17.2,16.77,16.9,2087
"26-Sep-18",17,17.49,16.5,16.75,119335
"27-Sep-18",16.56,17.0556,16.5,16.55,36410
"28-Sep-18",16.5,17.48,16.5,17.02,6108,5.634939,0.6392
"01-Oct-18",17,17.147,17,17.01,1194,5.797272,0.6459
"02-Oct-18",16.9,16.9,16.9,16.9,184,9.923021,1.9767
"03-Oct-18",16.958,17,16.95,16.95,460,9.090909,2.1042
"04-Oct-18",16.5501,17.39,16.5501,17.39,301,9.322459,2.1225
"05-Oct-18",17.03,17.43,16.5,16.8,205855,6.100164,2.1073
"08-Oct-18",17,17,17,17,638,6.223302,2.1073
"09-Oct-18",17.09,17.09,16.99,17,665,6.328465,2.1083
"10-Oct-18",16.55,16.84,16.5,16.8,2795,6.426156,2.1083
"11-Oct-18",16.695,17.3,16.51,16.51,3170,6.51887,2.1083
"12-Oct-18",17.24,17.24,16.4,16.4,21371,6.384635,2.1144
"15-Oct-18",16.73,16.8,16.5,16.5,26509,6.232055,2.1144
"16-Oct-18",16.49,16.5,16.3,16.3,30246,6.058119,2.1144
"17-Oct-18",16.45,16.45,16.2,16.2,12951,6.051164,2.1144
"18-Oct-18",16.34,16.3488,15.75,16.29,92742,5.478548,2.0949
"19-Oct-18",16.35,16.5,15.75,15.75,28265,5.348787,2.0978
"22-Oct-18",16.22,16.55,16.22,16.25,20877,5.795033,2.1333
"23-Oct-18",17.5,17.5,16.2499,16.2499,642,5.963003,2.1432
"24-Oct-18",15.99,15.99,15.8,15.99,633,4.747162,1.0548
"25-Oct-18",16.5,16.5,16.5,16.5,297,0.9092,2.4687
"26-Oct-18",16.25,16.25,16.25,16.25,744
"29-Oct-18",15.99,15.99,15.99,15.99,185
"30-Oct-18",16,16,15.5,15.5,1859
"31-Oct-18",15.5,15.5,14.6814,14.81,45995
"02-Nov-18",14.99,14.99,14.99,14.99,838
"05-Nov-18",14.75,14.75,14.75,14.75,630,0.076628,3.0446
"06-Nov-18",14.95,15.0846,14.78,14.78,1445,0.069936,3.3171
"07-Nov-18",14.6,14.6,14.6,14.6,22024,0.068141,3.3171
"08-Nov-18",,,,,,0.068135,3.3171
"09-Nov-18",14.5,14.745,14.5,14.5,4114,1.751903,0.9285
"12-Nov-18",17.68,17.68,13.64,14,13883,1.724225,0.9285
"13-Nov-18",,,,,,1.724225,0.9285
"14-Nov-18",14,14,14,14,512,2.146163,1.0044
"15-Nov-18",14.7,14.7,14.7,14.7,374,2.122624,0.9923
"16-Nov-18",14.1126,14.1126,12.92,12.92,1053,2.089183,0.8691
"19-Nov-18",12.8084,12.9173,12.56,12.6,3743,2.049626,0.8691
"20-Nov-18",12.77,12.77,12.77,12.77,201,2.082215,0.8691
"21-Nov-18",12.74,12.88,12.74,12.88,1846,2.080268,0.8722
"22-Nov-18",,,,,,2.067521,0.8701
"23-Nov-18",,,,,,0.812798,0.7902
"26-Nov-18",13.16,13.16,13.16,13.16,210,0.718992,0.5928
"27-Nov-18",13.139,13.139,13.139,13.139,508,0.791124,0.5928
"28-Nov-18",12.99,13.1,12.7,12.7,10116,0.787071,0.5928
"29-Nov-18",12.23,12.5,12.2,12.2,2079,0.802926,0.5928
"30-Nov-18",11.65,11.65,10.8,11.3,39579,1.735672,0.5928
"03-Dec-18",11.497,11.8,11.45,11.75,10473,1.80652,0.5928
"04-Dec-18",11.53,11.75,11.5,11.75,2196
"06-Dec-18",,,,,,1.697792,0.5928
"07-Dec-18",11.76,11.76,10.5,10.75,23058,1.660318,0.5928
"10-Dec-18",10.95,10.97,9.7,10.25,42271,1.587508,0.5928
"11-Dec-18",10.375,10.375,10,10.12,9932,1.993236,0.5928
"12-Dec-18",10,10.5,9.85,10.35,92646,2.494008,0.5928
"13-Dec-18",10.2,10.85,10.14,10.83,7787,2.50587,0.5928
"14-Dec-18",10.62,10.75,10.56,10.75,2929,3.149485,0.5928
"17-Dec-18",10.98,11,10.41,10.45,141010,1.734736,0.5985
"18-Dec-18",10.85,10.85,10.5,10.71,8419,2.774902,0.5928
"19-Dec-18",10.85,11,10.5,10.78,25495
"20-Dec-18",10.801,10.801,10.4,10.4,13851,5.391606,0.5861
"21-Dec-18",10.44,11,10.11,10.11,19392
"24-Dec-18",10.3,11.05,10.3,11.05,2091
"25-Dec-18",,,,,,5.695602,0.5884
"26-Dec-18",11,11.1,10.74,10.831,6938
"27-Dec-18",10.78,10.98,10.78,10.86,2292
"28-Dec-18",11,11.0457,10.6,10.9,26722
"31-Dec-18",10.87,10.895,10.6,10.8,44833,6.53919,0.5951
"02-Jan-19",11.15,11.15,11.15,11.15,112
"03-Jan-19",11,11.13,10.99,11,21806
"04-Jan-19",11.095,11.9,11,11.9,25199
"07-Jan-19",11.91,13.1,11.88,12.04,5322
"08-Jan-19",13,13,12.036,12.65,5306
"09-Jan-19",12.61,12.74,12.275,12.45,6489
"10-Jan-19",12.58,12.58,11.56,12.26,9499
"11-Jan-19",12.06,12.25,11.975,12,911
"14-Jan-19",12.15,12.2,11.75,11.75,4437
"15-Jan-19",11.93,12.52,11.93,12,24940
"16-Jan-19",12,12.47,11.9,11.97,93257
"17-Jan-19",11.86,12.145,11.85,11.85,5709
"18-Jan-19",12.1,12.1,12,12.09,1610
"22-Jan-19",12.1,12.185,11.75,12,59744
"23-Jan-19",11.85,12.05,11.56,11.83,39618
"24-Jan-19",11.93,12.025,11.75,11.85,11792
"25-Jan-19",11.975,12,11.7,11.99,20000,7.102097,0.5817
"28-Jan-19",11.93,12.045,11.91,12.01,7983,6.830497,0.5815
"29-Jan-19",12.01,12.2,11.8,12.05,55558,6.53968,0.5815
"30-Jan-19",12.17,12.22,12,12.05,13230,5.65148,0.5799
"31-Jan-19",12,12.1,12,12.05,52348,5.604606,0.5951
"01-Feb-19",12,13.98,12,13.24,23872,5.486522,0.606
"04-Feb-19",13.08,14,13.03,13.7,37243,6.338158,0.5935
"05-Feb-19",13.49,14.7,12.81,14.7,6736,6.130236,0.5963
"06-Feb-19",13.75,14.99,13.6862,14.42,50185,6.009195,0.595
"07-Feb-19",14.24,14.5,14.1825,14.3,10109,5.895653,0.6044
"08-Feb-19",14.32,14.35,14.3,14.35,2994,6.027732,0.5978
"11-Feb-19",15,15,14.69,14.72,3883,6.174399,0.5877
"12-Feb-19",15.85,15.99,14,14.6,8692,6.310088,0.6066
"13-Feb-19",14.6,15.27,14.6,14.75,67962,5.821952,0.6083
"14-Feb-19",14.47,15.65,14.47,15.6,126585,5.377162,0.5914
"15-Feb-19",17.23,17.23,15.5273,16,18300,5.196876,0.5852
"18-Feb-19",,,,,,5.028913,0.5852
"19-Feb-19",16.2,16.565,16.0376,16.35,22470,5.40352,0.5886
"20-Feb-19",16.31,16.45,16.2685,16.4,23578,5.00773,0.5952
"21-Feb-19",16.31,17.125,16.111,16.6,47184,3.719623,0.5855
"22-Feb-19",16.8,16.8,16.425,16.71,23900,3.559805,0.5914
"25-Feb-19",16.35,16.865,16.22,16.64,22013,3.775589,0.6237
"26-Feb-19",16.68,17.88,16.6,17.5,119856,3.255249,0.6274
"27-Feb-19",17.26,17.85,17.25,17.51,46714,3.024705,0.5866
"28-Feb-19",18.19,18.19,16.87,17.81,61844,3.260372,0.5981
"01-Mar-19",18.94,18.94,17.2856,18.2,10572,3.524573,0.6564
"04-Mar-19",18.08,18.5,17.49,18.22,81467,3.317906,0.6933
"05-Mar-19",18.21,18.495,17.8,18.08,17865,2.221744,0.5886
"06-Mar-19",17.84,18.115,17.31,17.96,14312,2.960592,0.5984
"07-Mar-19",17.89,18.505,17.5971,18.195,51656,2.706989,0.589
"08-Mar-19",17.98,19.12,17.98,18.59,67955,2.699448,0.5917
"11-Mar-19",18.825,18.9,18.51,18.81,54480,2.818542,0.5917
"12-Mar-19",18.82,19,18.82,18.91,41565,2.515684,0.5861
"13-Mar-19",18.897,19,18.615,18.96,103683,2.397288,0.7181
"14-Mar-19",18.86,19.9499,18,19.09,144762,2.320984,0.7109
"15-Mar-19",19.06,19.26,18.61,19.04,57586,2.370348,0.6995
"18-Mar-19",19,19.25,18.83,19.25,193432,2.58489,0.7916
"19-Mar-19",19.46,19.92,19.1,19.5,173123,2.223556,0.6966
"20-Mar-19",19.53,20,19.3,19.72,68846,2.581514,0.7559
"21-Mar-19",19.71,20,19.29,19.41,75618,2.601136,0.876
"22-Mar-19",19.42,19.51,18.89,19.1,48866,1.875692,0.9122
"25-Mar-19",19.07,19.11,18.02,18.7,43780,1.26595,0.7197
"26-Mar-19",18.72,18.97,17.33,17.86,68152,1.29355,0.7157
"27-Mar-19",17.83,18.7,17.535,17.75,50387,1.253329,0.7175
"28-Mar-19",18.348,18.565,17.52,17.82,147628,1.283749,0.7088
"29-Mar-19",18.05,18.055,17.685,18.01,78119,1.256907,0.7062
"01-Apr-19",17.99,18.63,17.39,18.07,70411,0.932703,0.7356
"02-Apr-19",18.13,18.45,17.91,18.39,37498,3.060804,0.6263
"03-Apr-19",18.4,18.69,17.91,18.1,60038,3.261273,0.6507
"04-Apr-19",17.93,18.15,17.85,17.88,39107,3.040925,0.6374
"05-Apr-19",18.05,18.55,17.6901,18.19,36652,2.917155,0.6316
"08-Apr-19",18.18,18.45,18.08,18.41,54340,2.888956,0.6563
"09-Apr-19",18.3,18.7,18.15,18.7,73991,2.812575,0.6792
"10-Apr-19",18.69,18.69,18.2,18.48,13316,2.944732,0.7192
"11-Apr-19",18.45,18.5,18.215,18.43,49811,3.211104,0.8098
"12-Apr-19",18.48,19,18.195,18.64,126748,2.867879,0.7309
"15-Apr-19",18.64,18.7299,18.13,18.57,26370,2.784786,0.7166,153733
"16-Apr-19",18.73,18.73,17.96,18.47,32046,2.633701,0.6586
"17-Apr-19",18.42,18.43,17.54,17.75,44704,2.521833,0.6515
"18-Apr-19",17.92,18.88,17.57,18.25,54805,0.956908,0.801
"19-Apr-19",,,,,,0.942175,0.801
"22-Apr-19",17.99,18.35,17.58,17.99,26716,0.923145,0.7541
"23-Apr-19",18,18,16.55,16.98,73224,1.29123,0.6986
"24-Apr-19",16.97,18.16,16.97,17.52,39128,3.352541,0.6163,,187646.4998
"25-Apr-19",17.611,18.11,17.1,17.64,36184,3.180202,0.6131,,179298.7979
"26-Apr-19",17.83,18.835,17.825,18,29281,3.28919,0.6218,,185955.4368
"29-Apr-19",18.01,18.34,17.605,18.3,31454,2.917551,0.6376,,166093.1332
"30-Apr-19",18.3,18.5,17.6292,18.12,51801,0.945995,0.733,153759,53791.1767
"01-May-19",18.355,18.81,17.41,17.73,22725,0.929932,0.7351,,53053.2583
"02-May-19",18.091,18.25,17.2,17.44,32332,0.931273,0.7267,,53268.4845
"03-May-19",17.49,18.04,17.49,17.62,52380,0.926211,0.7275,,52945.6452
"06-May-19",17.72,18.08,17.5091,17.9,40237,0.912519,0.7275,,52945.6452
"07-May-19",17.76,18.12,17.135,17.45,48322,0.913017,0.7275,,52945.6452
"08-May-19",17.42,17.66,16.49,17.17,23349,0.928706,0.7195,,54067.8961
"09-May-19",16.99,17.4,15.77,17,89704,0.971526,0.7204,,165767.5779
"10-May-19",16.6,18,16.25,17,40276,1.244405,0.7011,,211372.4973
"13-May-19",16.699,17.26,16.31,16.95,56690,1.200971,0.6976,,209850.2832
"14-May-19",16.92,17.95,16.87,17.47,104342,0.827956,0.7268,,146147.9295
"15-May-19",17.32,17.98,17,17.79,110064,0.840333,0.7272,235766,147654.7677
"16-May-19",17.55,18.7,17.28,18.39,170111,0.827155,0.7237,,151452.615
"17-May-19",18.5,19.07,17.945,18.38,77379,0.912206,0.7588,,167751.069
"20-May-19",18.22,19.15,18.21,18.49,128582,1.128859,0.7052,,213340.6125
"21-May-19",18.56,19.1,18.5,18.6,98785,2.377677,0.6701,,457925.0538
"22-May-19",18.51,18.97,17.5001,17.71,73764,2.260872,0.6502,,438305.4054
"23-May-19",17.74,17.96,16.97,17.24,33324,1.369876,0.6967,,266187.5808
"24-May-19",17.4,17.52,16.9,17.25,38153,2.47024,0.6434,,761594.9098
"27-May-19",,,,,,2.478962,0.6434,,761594.9098
"28-May-19",17.24,17.3228,16.51,16.75,96247,2.47114,0.6514,,768715.043
"29-May-19",16.4,16.88,15.29,16.16,43983,2.406889,0.6462,,744926.2536
"30-May-19",16.16,17.4,16,16.46,29706,2.82945,0.6339,,868373.3312
"31-May-19",17.2,17.22,15.5,16,164360,2.739226,0.6324,225106,861135.315
"03-Jun-19",15.99,16.25,15.517,15.8,46098,2.780778,0.6397,,882354.255
"04-Jun-19",15.96,16.07,14.61,15.8,93303,2.656123,0.6322,,848215.3382
"05-Jun-19",15.92,16.175,15.4,15.45,48526,2.703998,0.6323,,856891.527
"06-Jun-19",15.49,16.37,15.02,16.37,64518,2.75906,0.6539,,883886.734
"07-Jun-19",16.16,17.97,15.92,16.31,61056,2.68039,0.6499,,867972.529
"10-Jun-19",17.665,17.665,15.785,16.42,119887,2.661003,0.6599,,875210.5452
"11-Jun-19",16.52,17.6,16.16,16.7,116274,2.623746,0.659,,228032.378
"12-Jun-19",16.72,18.2865,16.615,17.5,139477,2.590595,0.6753,,229405.5246
"13-Jun-19",17.55,18.3,17,17.11,68557,2.537472,0.6722,,226051.4452
"14-Jun-19",17.68,17.82,17.225,17.38,68017,2.543077,0.6538,223497,224790.8516
"17-Jun-19",17.62,17.62,17.01,17.28,49510,2.627502,0.6631,,227964.8462
"18-Jun-19",17.6,17.69,16.7,17.09,166296,2.668069,0.7078,,236518.8742
"19-Jun-19",17.08,18.085,17.08,17.63,46839,2.832599,0.7442,,243069.4588
"20-Jun-19",17.83,17.9995,17.35,17.45,27181
"21-Jun-19",17.56,17.65,17.04,17.21,40136
"24-Jun-19",17.15,17.5,17,17.03,52040,2.951719,0.7489,,242866.8634
"25-Jun-19",17.14,17.2,16.85,16.92,79362,2.923665,0.7402,,239991.0786
"26-Jun-19",17.32,17.6683,16.67,17.17,67030,2.947251,0.8029,,243254.1348
"27-Jun-19",17.3,17.75,17.08,17.6,94780,3.001449,0.8957,,249266.2041
"28-Jun-19",17.83,19.18,17.36,18.55,1721967,2.194956,0.9577,239429,253020.9537
"01-Jul-19",18.57,18.79,17.7,18.57,218389,3.903535,2.3749,,456447.9231
"02-Jul-19",18.6,18.85,18.29,18.48,141594,6.814594,4.0345,,806332.4766
"03-Jul-19",18.6,18.635,18.18,18.38,23171,6.779555,3.9446,,800275.7079
"04-Jul-19",,,,,,6.431432,3.806,,763555.1508
"05-Jul-19",18.23,18.41,17.59,17.91,100560,5.937146,3.4945,,712128.4911
"08-Jul-19",17.9,18.385,17.81,17.99,53140,6.580547,3.3614,,791469.9261
"09-Jul-19",17.9,17.95,17.48,17.58,86233,8.166808,3.6326,,987432.0957
"10-Jul-19",17.81,18.125,17.5,17.51,118055,7.795186,3.5602,,898337.608
"11-Jul-19",17.64,18.075,17.55,17.82,90170,6.858975,3.2741,,800363.2612
"12-Jul-19",17.83,18,17.36,17.92,86160,6.458011,3.1382,,758008.2711
"15-Jul-19",17.92,18.485,17.6,17.79,57909,6.479634,3.0929,501348,752142.2606
"16-Jul-19",17.89,18.03,17.48,17.56,28093,6.42766,3.1114,,746324.1359
"17-Jul-19",17.57,17.57,17.01,17.45,85332,6.289566,3.0498,,736603.3185
"18-Jul-19",17.29,17.82,17.05,17.07,65284,6.174638,2.9201,,725517.7558
"19-Jul-19",16.96,17.49,16.96,17.16,58411,6.123459,3.0038,,719939.0601
"22-Jul-19",17.03,17.32,16.26,16.42,171851,5.8704,2.986,,698079.1924
"23-Jul-19",16.34,17.19,15.7,15.89,99860,5.692884,2.7792,,684695.1113
"24-Jul-19",15.87,16.36,15.74,16.18,223501,5.60282,2.7458,,459585.7116
"25-Jul-19",16.14,16.21,15.155,15.31,134147,5.528474,2.6406,,459936.6552
"26-Jul-19",15.43,15.66,15.1,15.52,32972,5.339721,2.5783,,444043.9236
"29-Jul-19",15.36,15.47,14.89,14.92,25465,5.285285,2.5027,,439281.1176
"30-Jul-19",14.93,15.34,14.55,15.27,61212
"31-Jul-19",15.74,15.776,15.06,15.11,40673,3.320514,3.2191,451761,274588.2996
"01-Aug-19",15.15,15.15,13.92,14.16,80838,3.50999,3.0908,,291483.7272
"02-Aug-19",13.99,14.24,13.68,14.06,83613,3.313624,2.7951,,277646.5224
"05-Aug-19",13.89,13.89,13.18,13.5,75396,4.506651,2.413,,382979.7372
"06-Aug-19",13.53,13.75,13.19,13.73,32086,4.67134,2.3505,,392655.7536
"07-Aug-19",13.52,13.7699,12.45,12.6,132236,4.625776,2.442,,394009.3932
"08-Aug-19",13.45,15.2899,13.45,14.62,76741,4.758522,2.428,,406944.1716
"09-Aug-19",14.47,14.7,13.58,14.51,372826,4.388094,2.3633,,648141.5067
"12-Aug-19",14.32,14.68,14.02,14.34,49027,4.433588,2.3688,,657809.1921
"13-Aug-19",14.18,15,13.12,14.81,36979,4.348223,2.493,,638428.6452
"14-Aug-19",14.48,14.49,13.645,14.19,76087,4.257635,2.4629,,626773.2114
"15-Aug-19",14.12,15.33,14.06,15.11,69210,4.285946,2.411,471414,627947.79
"16-Aug-19",15.27,15.5,15.12,15.21,59818,4.376337,2.2418,,636802.3056
"19-Aug-19",15.48,16.689,14.9,15.7,79840,4.487929,2.0844,,647960.8023
"20-Aug-19",15.64,15.98,15.2,15.4,51234,4.312935,1.994,,617512.1109
"21-Aug-19",15.23,15.23,14.59,15.01,24804,4.206196,1.9127,,593523.6018
"22-Aug-19",15.05,15.193,14.62,14.65,47756,4.170933,1.9075,,584262.5013
"23-Aug-19",14.52,14.9676,13.66,13.79,39319,4.187658,1.8931,,583720.3881
"26-Aug-19",14.02,14.11,13.75,13.88,31483,4.140563,1.876,,437519.3334
"27-Aug-19",13.99,14.04,13.0751,13.55,44548,4.205662,1.8605,,440394.9588
"28-Aug-19",13.45,13.85,13.11,13.54,50757,4.212053,1.8654,,437519.3334
"29-Aug-19",13.6,14.015,13.48,13.55,34800,4.394019,1.8604,,452463.1572
"30-Aug-19",13.02,13.78,13.02,13.6,50987,4.412009,1.8477,441242,454773.0858
"02-Sep-19",,,,,,4.400879,1.8477,,454773.0858
"03-Sep-19",13.5,13.59,12.92,13.14,47002,4.473582,1.8297,,458308.6908
"04-Sep-19",13.29,13.585,12.9408,13.22,44261,4.355049,1.8251,,446051.9268
"05-Sep-19",13.21,13.55,12.83,13.07,93725,4.228934,1.7671,,433182.3246
"06-Sep-19",13.16,13.3561,13.06,13.08,35809,4.375497,1.6983,,447324.7446
"09-Sep-19",13.15,13.82,12.89,13.68,239300,4.102983,1.6757,,433135.1832
"10-Sep-19",13.7,14.585,13.7,14.35,165463,3.865321,1.5846,,411402.9978
"11-Sep-19",14.48,14.89,14.07,14.76,138827,5.739074,1.711,,594264.7256
"12-Sep-19",14.84,14.943,14.16,14.59,106261,5.29262,1.9599,,547228.3284
"13-Sep-19",14.65,14.95,14.23,14.38,151674,4.940694,2.0258,372789,511752.4716
"16-Sep-19",14.3,14.37,13.55,13.61,194185,4.4245,2.0511,,469216.7428
"17-Sep-19",13.67,14.43,13.27,14.39,207816,3.621262,1.8483,,389087.1956
"18-Sep-19",14.45,14.6737,13.93,14.14,147565,2.154667,1.3653,,234564.2472
"19-Sep-19",14.17,14.34,13.54,13.58,170842,2.59077,1.224,,282218.3832
"20-Sep-19",13.57,13.86,13.02,13.21,694936,1.672764,0.8128,,198029.4096
"23-Sep-19",13.28,13.55,13.0844,13.48,104898,1.78284,0.7902,,215370.2202
"24-Sep-19",13.42,13.42,12.92,13.16,168072,2.897322,1.0983,,256180.6008
"25-Sep-19",13.17,13.56,13.155,13.42,61823,2.653669,1.0187,,234931.6278
"26-Sep-19",13.38,13.5894,12.85,13.42,122348,2.940415,0.9371,,261660.5991
"27-Sep-19",13.45,13.55,13.02,13.33,186015,3.03029,0.9749,,273478.0104
"30-Sep-19",13.53,14.95,13.53,14.54,206039,2.521891,0.8907,402668,187363.7514
"01-Oct-19",14.59,15.35,14.43,14.94,83547,3.627357,1.0878,,268557.1956
"02-Oct-19",14.81,15.55,14.7434,15.35,61362,4.467743,1.0068,,323319.8997
"03-Oct-19",15.48,15.48,14.6457,14.79,65787,4.986113,0.9708,,356833.6308
"04-Oct-19",14.98,14.98,14.21,14.53,63058,4.374698,0.9369,,314932.1472
"07-Oct-19",14.51,14.7,14.05,14.11,52707,4.96192,0.9226,,354671.4546
"08-Oct-19",13.92,13.92,13.08,13.3,87859,5.476571,0.9484,,390571.0353
"09-Oct-19",13.37,13.55,13.2,13.45,40899,5.484411,0.9382,,839079.5784
"10-Oct-19",13.46,13.73,13.4,13.54,128260,5.255422,0.9189,,809040.5456
"11-Oct-19",13.52,14.1222,13.51,13.73,106444,5.381135,0.8676,,826959.2716
"14-Oct-19",13.55,13.55,13,13.08,50616,5.403693,0.8628,,827724.3408
"15-Oct-19",13.12,13.12,12.72,13.07,61495,5.290873,0.8342,487189,805456.8004
"16-Oct-19",13.07,13.46,12.94,13.16,59002,5.211421,0.9806,,793497.5608
"17-Oct-19",13.14,13.33,13.14,13.24,37463,5.726952,0.9053,,873185.558
"18-Oct-19",13.15,13.32,13.06,13.07,45776,5.708146,0.8842,,865252.9984
"21-Oct-19",13.17,13.38,13.17,13.27,57202,5.585712,0.859,,851240.152
"22-Oct-19",13.29,13.73,13.25,13.59,22431,5.612284,0.8421,,845159.8652
"23-Oct-19",13.65,13.73,13.51,13.61,32583,6.033988,0.848,,889775.4796
"24-Oct-19",13.67,13.8,13.48,13.64,30807,6.004564,0.8159,,529915.4753
"25-Oct-19",13.63,14.05,13.6,13.71,22893,6.305165,0.7998,,539269.5041
"28-Oct-19",13.77,13.99,13.77,13.85,33793,6.182929,0.7559,,525579.4932
"29-Oct-19",13.82,14.05,13.635,13.96,33541,6.307131,0.7376,,530889.8533
"30-Oct-19",13.93,14.38,13.4441,13.66,66599,6.211524,0.733,,526310.2767
"31-Oct-19",13.67,13.69,13.32,13.69,43216,5.624014,0.749,470613,475155.4317
"01-Nov-19",13.9,14.0845,13.79,13.89,58410,5.547401,0.6537,,469991.2283
"04-Nov-19",13.83,13.925,13.72,13.77,23752,6.082697,0.7358,,511499.7311
"05-Nov-19",13.78,14.275,13.76,13.85,44003,5.948835,0.7315,,496201.9965
"06-Nov-19",13.87,14.0046,13.5152,13.68,42956,5.941135,0.7315,,492937.8302
"07-Nov-19",13.89,13.89,13.485,13.61,56046,5.804321,0.7289,,483486.3636
"08-Nov-19",13.61,13.61,13.43,13.48,59075,5.769897,0.7274,,474863.1183
"11-Nov-19",13.45,14.285,13.45,13.6,154479,5.973581,0.7274,,474863.1183
"12-Nov-19",14.18,15.1,13.71,14.51,315673,5.580799,0.7306,,456494.61
"13-Nov-19",14.42,15.19,14.42,14.76,155208,4.519539,0.7083,,376113.9096
"14-Nov-19",14.8,14.985,14.21,14.52,172891
"15-Nov-19",14.64,14.8049,14.5,14.54,144484,3.914784,0.6903,325999,336582.4176
"18-Nov-19",14.52,15.11,14.31,14.9,121404,3.538741,0.7114,,308533.8828
"19-Nov-19",14.93,15.34,14.66,14.95,86109,3.185924,0.7003,,277285.1796
"20-Nov-19",14.9,15.41,14.9,15.19,187913,3.77619,0.6344,,334135.23
"21-Nov-19",15.23,16.12,15.23,15.9,234152,3.762105,0.6262,,342135.651
"22-Nov-19",15.99,16.41,15.98,16.195,112206,3.701406,0.625,,341006.1798
"25-Nov-19",16.27,16.68,16.0603,16.54,147294,3.80281,0.6159,,358842.4125
"26-Nov-19",16.57,17.13,16.2354,16.69,144518,3.691144,0.6183,,339234.5594
"27-Nov-19",16.75,16.94,16.6401,16.85,129009,3.038935,0.6202,,283162.7314
"28-Nov-19",,,,,,2.996109,0.6216,,281695.7359
"29-Nov-19",16.8,17.409,16.79,17.34,109940,3.167006,0.6248,307614,300245.079
"02-Dec-19",17.43,17.7,17.175,17.57,137705,3.018602,0.6287,,292747.102
"03-Dec-19",17.39,17.41,17.16,17.34,88067,1.910036,0.7224,,184613.2337
"04-Dec-19",17.4,17.5129,16.93,17.2,142885,1.800396,0.6857,,176300.2592
"05-Dec-19",17.24,17.34,16.98,17.01,192188,3.152778,0.625,,314915.034
"06-Dec-19",17.12,17.85,16.87,17.77,183226,2.573347,0.6263,,260082.0022
"09-Dec-19",17.71,17.89,17,17.24,83050,2.73528,0.647,,278174.9467
"10-Dec-19",17.25,17.51,16.88,17.16,171031,3.179866,0.6407,,328377.945
"11-Dec-19",17.21,17.22,16.94,17.17,98827,3.071141,0.6194,,314381.508
"12-Dec-19",17.08,17.81,17.07,17.35,253708,3.055996,0.6269,,317580.6936
"13-Dec-19",17.4,17.67,17,17.37,243344,3.068526,0.6314,372620,324594.2928
"16-Dec-19",17.97,18.1375,17.41,17.5,257746,2.9861,0.6232,,320164.6512
"17-Dec-19",17.6,17.6851,16.963,17.18,120316,3.694091,0.5923,,392392.4184
"18-Dec-19",17.22,17.34,16.82,17.08,138750,2.898281,0.6186,,305122.3266
"19-Dec-19",17.14,17.45,16.94,16.98,152829,3.057956,0.6375,,322164.1422
"20-Dec-19",17,17.04,16.84,16.995,268024,3.318318,0.6393,,353971.4298
"23-Dec-19",17.05,18.04,17,17.92,104752,3.38931,0.64,,334407.1794
"24-Dec-19",17.91,18.03,17.61,17.94,25432
"25-Dec-19",,,,,,4.455127,0.6437,,495025.67
"26-Dec-19",17.98,18.07,17.72,17.9,56732,4.238143,0.6357,,470581.798
"27-Dec-19",17.93,18.15,17.4,17.6,55704
"30-Dec-19",17.64,17.77,17.42,17.45,50853,4.546793,0.6321,,490330.658
"31-Dec-19",17.32,17.76,17.3,17.57,61200,4.560523,0.637,419991,488616.606
"01-Jan-20",,,,,,4.613672,0.6371,,486977.078
"02-Jan-20",17.62,17.73,16.8,16.95,76007,4.992319,0.6457,,526363.012
"03-Jan-20",16.89,16.89,16.34,16.47,70123,4.668974,0.638,,492901.736
"06-Jan-20",16.32,16.66,16.115,16.46,66294
"07-Jan-20",16.42,17.315,16.26,16.3,55944,4.778221,0.6377,,503968.55
"08-Jan-20",16.34,16.7875,16.34,16.46,79193,4.704911,0.6439,,498192.94
"09-Jan-20",16.51,17.12,16.32,16.42,71042,4.689379,0.6404,,495286.504
"10-Jan-20",16.34,16.42,15.71,15.84,67911,4.753537,0.637,,433304.7147
"13-Jan-20",15.86,16.4057,15.75,16.18,76970,5.075945,0.6144,,458966.1648
"14-Jan-20",16.08,16.19,15.77,15.9,80722,5.094655,0.6132,,459092.1621
"15-Jan-20",15.9,16.08,15.46,15.81,47329,5.068345,0.6181,403119,456488.2179
"16-Jan-20",15.9,16.0695,15.77,15.84,51766,5.175952,0.619,,465476.0253
"17-Jan-20",16.01,16.01,15.06,15.41,110574,5.062358,0.6202,,458798.1684
"20-Jan-20",,,,,,4.95013,0.6203,,457328.1999
"21-Jan-20",15.47,15.685,15.1,15.41,57695,5.03312,0.6163,,461612.1081
"22-Jan-20",15.5,15.61,15.05,15.14,30395,5.358068,0.618,,489457.5114
"23-Jan-20",15.12,15.13,14.8701,15.03,51976,5.587801,0.6164,,512725.0128
"24-Jan-20",15.13,15.13,14.27,14.42,40433,5.275193,0.6158,,484585.6158
"27-Jan-20",14.22,14.3,13.87,14.15,54712,5.426984,0.6147,,447421.7781
"28-Jan-20",14.28,14.63,14.2316,14.48,147550,5.372525,0.6138,,445607.7426
"29-Jan-20",14.51,14.72,14.12,14.19,41640,5.416414,0.6146,,449759.8683
"30-Jan-20",13.96,13.995,13.7156,13.9,34911,5.217038,0.6147,,433272.3012
"31-Jan-20",13.88,14.06,13.51,14,78866,5.363778,0.6263,405770,446252.733
"03-Feb-20",14.1,14.29,13.91,14.15,58205,5.377916,0.625,,451775.4633
"04-Feb-20",14.53,14.53,14.2,14.23,99391,5.536199,0.6292,,464393.088
"05-Feb-20",14.28,14.57,14.11,14.46,128540,5.549655,0.6276,,472616.7156
"06-Feb-20",14.49,14.65,14.31,14.41,46304,5.803312,0.6236,,494385.1416
"07-Feb-20",14.26,14.28,13.9109,13.99,34905,5.854307,0.6389,,498134.1483
"10-Feb-20",13.99,14.17,13.73,14.1,63815,5.860105,0.6377,,502971.5763
"11-Feb-20",14.21,14.42,14.15,14.38,70887,5.671887,0.6255,,440057.565
"12-Feb-20",14.5,14.7,14.41,14.62,53207,5.884846,0.6255,,449958.353
"13-Feb-20",14.65,14.82,14.3525,14.64,37024,6.005675,0.6256,,440666.22
"14-Feb-20",14.56,14.59,14.27,14.53,29392,6.042993,0.6239,427818,434944.863
"17-Feb-20",,,,,,6.15198,0.6239,,434944.863
"18-Feb-20",14.61,14.79,14.32,14.43,23018,6.295787,0.6228,,439570.641
"19-Feb-20",14.42,14.47,14.01,14.22,29091,6.367367,0.6215,,437947.561
"20-Feb-20",14.16,14.3,13.91,14.15,78572,6.370966,0.6202,,437663.522
"21-Feb-20",13.95,14.5,13.5,14.24,128053,6.343129,0.6206,,431455.241
"24-Feb-20",14.12,14.19,13.5813,14.01,50067,6.86321,0.631,,451216.24
"25-Feb-20",13.98,13.98,13.18,13.32,172562,6.806267,0.6319,,453488.552
"26-Feb-20",13.4,13.47,13.05,13.07,87569,7.157625,0.625,,464310.8754
"27-Feb-20",12.68,13.43,12,12.09,101413,7.219915,0.6291,,464909.8206
"28-Feb-20",11.76,12.26,11.5451,12.05,111880,7.013519,0.6337,451375,450278.445
"02-Mar-20",12.09,12.09,11.575,11.98,63791,7.352108,0.6347,,468289.5828
"03-Mar-20",12.12,12.975,11.05,11.415,74856,7.483751,0.6297,,471455.436
"04-Mar-20",11.65,11.8443,11.04,11.46,45786,7.332806,0.6299,,458492.5506
"05-Mar-20",11.21,11.27,10.36,10.6,125401,7.365879,0.6311,,459134.2776
"06-Mar-20",10.08,10.375,9.55,9.76,107687,7.722977,0.6334,,474150.6894
"09-Mar-20",9.44,9.44,7.6,8.15,91497,8.019543,0.6327,,484204.4124
"10-Mar-20",8.33,8.96,7.78,8.01,85047,8.0806,0.6333,,489245.3625
"11-Mar-20",7.77,8.514,6.84,6.85,68642,7.867405,0.6335,,467398.8125
"12-Mar-20",6.59,6.83,4.95,4.96,201050,7.181615,0.6364,,434809.5375
"13-Mar-20",5.3,6.5766,5.07,6.39,102796,7.198853,0.6365,393979,423795.9875
"16-Mar-20",5.36,6.06,5.36,5.95,100149,7.649023,0.638,,438104.575
"17-Mar-20",6.28,6.775,5.56,6.59,92317
"18-Mar-20",5.93,5.98,4.58,4.65,73498,7.742392,0.671,,425195.25
"19-Mar-20",4.61,5.4,4.38,5.22,128012,7.014193,0.6515,,384390.95
"20-Mar-20",5.25,5.74,4.85,5.27,189765,6.690582,0.6531,,369405.3
"23-Mar-20",5.56,5.73,4.31,4.5,101443,6.43029,0.6445,,343090.1375
"24-Mar-20",4.9,5.2,4.48,4.73,177691,6.397678,0.6255,,322196.0262
"25-Mar-20",4.93,6.37,4.5,5.98,106873,6.146447,0.631,,314710.4252
"26-Mar-20",6.09,6.46,5.03,5.47,85572,6.091133,0.6243,,312228.3575
"27-Mar-20",5.47,5.47,4.58,4.62,100944,5.954718,0.617,,307894.5885
"30-Mar-20",5.06,5.14,4.4501,5.13,116591,5.814173,0.5996,,304230.5838
"31-Mar-20",5.08,5.7882,4.77,5.42,219517,5.82187,0.5992,414335,314631.6294
"01-Apr-20",5.42,6.56,4.75,4.75,280495,6.185664,0.5784,,348080.4465
"02-Apr-20",4.75,5.09,4.34,4.44,232818,6.753806,0.5899,,389842.2205
"03-Apr-20",4.1,4.36,3.225,3.35,298143,6.980951,0.5971,,418445.0959
"06-Apr-20",3.62,4.52,3.43,3.93,208024,6.80456,0.5713,,417263.1589
"07-Apr-20",4.32,4.7,3.8,4.16,128503,6.465893,0.561,,400519.0514
"08-Apr-20",4.02,4.33,3.86,3.95,129838,6.494943,0.5468,,407137.8986
"09-Apr-20",4.09,4.29,3.75,3.85,195875,6.43756,0.5474,,541328.6775
"10-Apr-20",,,,,,6.408315,0.5474,,541328.6775
"13-Apr-20",3.95,4.03,3.82,3.83,101749,6.26622,0.5432,,532171.874
"14-Apr-20",3.98,4.186,3.8,3.92,90905,5.765161,0.5083,,490696.9405
"15-Apr-20",3.93,3.985,3.54,3.59,121163,5.843498,0.5088,650028,500516.68
"16-Apr-20",3.6,3.81,3.38,3.69,186535,6.350185,0.5102,,555747.5355
"17-Apr-20",4.06,4.06,3.59,3.69,97115,6.618349,0.5388,,583259.3795
"20-Apr-20",3.75,3.8,3.615,3.68,145766,6.828799,0.5526,,605011.967
"21-Apr-20",3.61,3.62,3.44,3.54,70497,7.098702,0.5545,,625687.2835
"22-Apr-20",3.67,3.68,3.5,3.5,140924,7.220656,0.5699,,644373.792
"23-Apr-20",3.56,3.74,3.44,3.53,146006,7.313138,0.5834,,663764.67
"24-Apr-20",3.72,3.99,3.685,3.92,167577,7.490843,0.5654,,897753.6708
"27-Apr-20",4.03,4.77,4,4.51,213727,7.655141,0.5558,,940200.4992
"28-Apr-20",4.61,4.89,4.38,4.42,131998,7.203521,0.5407,,894243.5196
"29-Apr-20",4.53,4.85,4.3,4.38,171597,7.36985,0.5488,,917904.5388
"30-Apr-20",4.6,4.62,4.29,4.43,105129,5.90988,0.5299,678641,742526.9844
"01-May-20",4.47,4.47,3.96,4.1,133242,6.277193,0.5362,,803304.6024
"04-May-20",4.1,4.23,3.9,3.96,176564,5.856846,0.5272,,761572.8048
"05-May-20",4.34,4.34,3.92,3.99,138433,6.522144,0.5393,,852511.722
"06-May-20",4.05,4.1,3.7,3.75,113798,6.99885,0.55,,913029.3288
"07-May-20",3.82,3.88,3.635,3.75,115380,7.723295,0.5479,,1016773.7976
"08-May-20",3.86,4.09,3.785,4.05,215607,7.724253,0.555,,1041149.8476
"11-May-20",4.07,4.1117,3.92,3.93,161342,7.903362,0.5649,,985929.6448
"12-May-20",3.8,3.8273,3.07,3.14,501086,7.296064,0.557,,960073.4227
"13-May-20",3.16,3.55,3.15,3.37,224854,7.322496,0.5613,,983486.5372
"14-May-20",3.3,3.37,3,3.37,130638,7.056226,0.5769,,958241.092
"15-May-20",3.36,3.36,3.0501,3.33,138704,7.055931,0.5869,892226,970456.63
"18-May-20",3.44,3.4926,3.2,3.43,219245,6.997541,1.3503,,971406.7274
"19-May-20",3.45,3.45,3.2,3.23,220319,6.805187,0.9056,,965706.143
"20-May-20",3.25,3.99,3.225,3.92,463760,7.395821,0.9559,,1099805.6046
"21-May-20",4,4,3.78,3.91,139734,7.472771,0.9372,,1118400.368
"22-May-20",3.89,4.35,3.86,4.24,194403,7.073049,0.9051,,1065873.5546
"25-May-20",,,,,,7.041663,0.9083,,1072388.5082
"26-May-20",4.55,6.44,4.5,5.31,940196,7.0782,0.8889,,1164344.3637
"27-May-20",5.39,6.12,5.23,6.01,403711,6.8617,0.8779,,1069422.0836
"28-May-20",6.22,6.69,5.81,5.91,479946,6.271941,0.8806,,1012141.1744
"29-May-20",5.76,5.76,5.05,5.17,295717,6.475574,0.8544,861976,1062462.7208
"01-Jun-20",5.13,5.53,5.1001,5.175,157240,6.337637,0.9329,,1037926.5058
"02-Jun-20",5.35,5.46,5.1,5.23,285074,6.921993,0.8835,,1144101.3998
"03-Jun-20",5.3,5.8,5.23,5.64,210323,6.819841,0.8582,,1141335.4992
"04-Jun-20",5.65,5.845,5.52,5.75,214385,7.059291,0.8677,,1195404.3948
"05-Jun-20",5.99,7.94,5.9773,7.43,576148,6.849751,0.8612,,1211375.2402
"08-Jun-20",8.47,9.28,7.69,8.54,492149,7.074037,0.8467,,1296939.7136
"09-Jun-20",8.3,8.44,6.8578,7.51,387771,7.161516,0.7986,,1080745.5088
"10-Jun-20",7.35,7.35,6.4187,6.61,262257,7.084758,0.7899,,1083072.844
"11-Jun-20",6.08,6.08,5.285,5.36,279417,7.516223,0.7628,,1165822.54
"12-Jun-20",6.07,6.19,5.44,5.76,255449,7.800876,0.7873,,1226678.0456
"15-Jun-20",5.41,6.2,5.2106,5.99,229051,8.004537,0.857,821279,1271414.6
"16-Jun-20",6.55,6.86,5.62,5.81,215419,9.012781,0.9968,,1431828.3336
"17-Jun-20",6,6,5.6,5.61,165741,9.231922,1.0096,,1473547.972
"18-Jun-20",5.52,5.9997,5.5,5.68,363551,8.833436,1.0893,,1437517.3752
"19-Jun-20",5.82,5.82,5.3,5.34,322380,8.71725,1.0991,,1443551.2072
"22-Jun-20",5.26,5.34,4.85,4.87,384781,8.550435,1.1126,,1444671.776
"23-Jun-20",4.96,5.1099,4.6,4.75,323694,9.021026,1.1349,,1534317.28
"24-Jun-20",4.57,4.59,4.1,4.29,646230,8.848228,1.1661,,1007873.5888
"25-Jun-20",5.25,5.25,4.41,4.63,1114356,8.286838,1.1794,,1001549.7405
"26-Jun-20",4.61,4.7,4.1,4.29,2114983,8.033022,1.516,,1090576.3841
"29-Jun-20",4.17,4.38,4.1,4.26,262603,7.600058,1.9286,,1052304.7827
"30-Jun-20",4.26,4.26,3.88,3.95,452562,5.978514,1.9813,866722,835158.6151
"01-Jul-20",4,4.6372,3.9802,4.45,595580,3.779453,1.6288,,543604.5701
"02-Jul-20",4.43,4.65,4.03,4.08,253316,2.963283,1.7923,,425586.7778
"03-Jul-20",,,,,,2.953067,1.7923,,425586.7778
"06-Jul-20",4.18,4.2,3.97,3.97,231622,3.13875,2.262,,450717.9152
"07-Jul-20",3.92,4.045,3.62,3.77,356871,2.177434,2.1141,,315206.8802
"08-Jul-20",3.75,3.9297,3.75,3.81,141213,2.113839,2.3319,,306172.8112
"09-Jul-20",3.81,3.9899,3.61,3.66,227738,2.506587,2.3372,,364976.3876
"10-Jul-20",3.7,4.23,3.67,4,253929,2.298138,1.9398,,348335.5718
"13-Jul-20",4.07,4.2,3.8607,3.9,166120,2.355376,1.9608,,354489.298
"14-Jul-20",3.94,4.58,3.79,4.12,437277,2.493574,2.0182,,381791.041
"15-Jul-20",4.29,4.39,3.86,4.13,315138,2.416901,1.9957,736541,374337.2318
"16-Jul-20",4.07,4.19,3.96,4.1,144416,2.461627,1.995,,381704.3688
"17-Jul-20",4.1,4.1016,3.9,4,217711,2.59015,2.0359,,402245.6802
"20-Jul-20",3.99,4.06,3.86,3.86,177346,2.570976,2.021,,400858.925
"21-Jul-20",3.97,4.16,3.87,4.06,237532,2.598874,2.0179,,407099.3234
"22-Jul-20",4.06,4.28,3.93,3.99,202802,2.641622,2.0146,,416546.5932
"23-Jul-20",4.04,4.0858,3.84,3.94,179857,2.556348,2.0674,,403892.452
"24-Jul-20",3.92,3.99,3.85,3.98,86440,3.343208,2.1343,,1036239.5329
"27-Jul-20",3.95,3.99,3.82,3.89,131600,3.354826,2.1308,,1037933.5772
"28-Jul-20",3.85,4.09,3.85,3.96,129523,3.224148,2.0236,,993372.8467
"29-Jul-20",4.02,4.06,3.9,3.99,80025,3.402992,2.1176,,1045740.9118
"30-Jul-20",3.91,3.99,3.801,3.93,71733,3.429449,2.112,,1048613.4217
"31-Jul-20",3.94,3.94,3.73,3.93,138083,3.551277,2.1205,738292,1076601.9797
"03-Aug-20",3.94,3.94,3.8,3.88,126339,3.280171,2.0518,,1004273.6535
"04-Aug-20",3.9,4.03,3.9,3.92,142192,3.064175,1.8598,,930324.9371
"05-Aug-20",4.04,4.04,3.85,3.88,202235,3.132073,1.8563,,952126.5507
"06-Aug-20",3.91,3.98,3.85,3.85,127771,2.383696,1.7085,,724240.7653
"07-Aug-20",3.85,3.96,3.72,3.94,149377,2.369255,1.6945,,721147.2931
"10-Aug-20",3.9,5.32,3.9,4.95,1478010,2.479274,1.5713,,810195.1
"11-Aug-20",5.01,5.28,4.98,5.2,482286,2.796067,1.7627,,631018.1724
"12-Aug-20",5.45,6,5.38,5.72,602059,2.610109,1.7378,,600969.688
"13-Aug-20",5.8,5.94,5.46,5.54,295719,2.787288,1.7251,,635817.0704
"14-Aug-20",5.46,5.89,5.42,5.59,239157,2.553008,1.6904,798381,582733.8756
"17-Aug-20",5.59,5.67,5.42,5.61,187277,2.7417,1.6277,,633233.0484
"18-Aug-20",5.55,5.61,5.4,5.54,208262,2.846742,1.6584,,653536.0784
"19-Aug-20",5.51,5.675,5.47,5.5,67011,3.583861,1.8266,,817067.7564
"20-Aug-20",5.47,5.54,5.3462,5.54,82428,3.119695,1.6388,,706766.9316
"21-Aug-20",5.49,5.53,5.28,5.31,142061,3.296871,1.6677,,735929.4656
"24-Aug-20",5.4,5.42,5.08,5.29,138287,3.268493,1.7095,,734231.394
"25-Aug-20",5.32,5.42,5.18,5.36,97288,3.477449,1.6904,,1058573.3679
"26-Aug-20",5.325,5.34,5.05,5.09,172624,3.354139,1.6706,,1013624.5176
"27-Aug-20",5.11,5.22,5.0608,5.12,82393,3.378084,1.686,,980252.1918
"28-Aug-20",5.17,5.45,5.13,5.38,159147,3.14835,1.5537,,902809.2348
"31-Aug-20",5.38,5.38,4.905,4.97,212220,3.203009,1.7193,703585,906880.9779
"01-Sep-20",4.94,5.05,4.8619,4.96,67288,3.28147,1.7086,,918138.15
"02-Sep-20",4.9,5.29,4.9,5.23,114352,3.710736,1.6511,,1035979.1856
"03-Sep-20",5.265,5.4,5.07,5.24,106825,3.440635,1.5193,,951989.5044
"04-Sep-20",5.35,5.55,5.15,5.47,130741,3.529937,1.5394,,972747.4104
"07-Sep-20",,,,,,3.483301,1.5406,,950073.39
"08-Sep-20",5.44,5.54,5.03,5.31,186214,3.359513,1.6001,,911112.3972
"09-Sep-20",5.35,5.41,5.2,5.23,78734,3.677082,1.6399,,975621.582
"10-Sep-20",5.22,5.4,5.06,5.16,83708,4.986458,1.6125,,1009644.475
"11-Sep-20",5.18,5.26,5.06,5.21,67432,5.027544,1.4751,,1007181.9275
"14-Sep-20",5.25,5.45,5.19,5.4,66269,4.484662,1.4365,,888909.289
"15-Sep-20",5.48,5.5,5.11,5.2,71424,4.61062,1.393,696118,903403.14
"16-Sep-20",5.17,5.405,5.11,5.16,63585,3.991755,1.3789,,774858.1605
"17-Sep-20",5.11,5.2329,5.05,5.1,99889,4.056889,1.3506,,782316.1615
"18-Sep-20",5.18,5.25,4.95,4.96,123838,4.064483,1.3613,,781894.0105
"21-Sep-20",4.9,4.91,4.5866,4.83,106166,3.910582,1.3201,,738623.533
"22-Sep-20",4.81,4.92,4.72,4.75,66200,4.06695,1.2797,,759308.932
"23-Sep-20",4.76,5.0805,4.66,4.66,101751,4.242593,1.2436,,778868.595
"24-Sep-20",4.64,4.77,4.4001,4.76,113396,4.332762,1.2609,,605135.3774
"25-Sep-20",4.7,4.92,4.6996,4.85,26935,4.154986,1.2456,,558425.8596
"28-Sep-20",4.88,5.05,4.87,5.05,45826,5.388648,1.2581,,587175.533
"29-Sep-20",5,5.35,4.995,5.31,93762,5.483276,1.2135,,592674.8652
"30-Sep-20",5.3,5.47,5.21,5.37,54002,5.325986,1.1783,741803,566222.3812
"01-Oct-20",5.285,5.51,5.28,5.4,40392,5.263261,1.1655,,541092.5214
"02-Oct-20",5.2,5.4,5.18,5.4,57668,6.010983,1.242,,590447.2876
"05-Oct-20",5.42,5.5,5.24,5.37,47191,5.803166,1.2028,,559887.7074
"06-Oct-20",5.33,5.405,5.2,5.2,66569,5.583055,1.2022,,533574.447
"07-Oct-20",5.3932,5.3932,5.0003,5.22,54486,5.478652,1.1799,,515475.379
"08-Oct-20",5.26,5.35,5.1,5.33,47408,5.954116,1.193,,544781.9468
"09-Oct-20",5.27,5.43,5.096,5.33,46328,5.702835,1.1463,,677562.8602
"12-Oct-20",5.34,5.43,5.1,5.14,45335,5.84866,1.1461,,677191.9587
"13-Oct-20",5.11,5.13,5.02,5.02,80982,5.914501,1.1738,,679639.9086
"14-Oct-20",4.98,5.09,4.899,5.06,28372,5.509577,1.0991,,624820.6669
"15-Oct-20",4.98,5.22,4.98,5.22,21126,5.964118,1.0821,683756,649077.625
"16-Oct-20",5.18,5.25,5.04,5.11,36489,6.094862,1.0781,,644700.9873
"19-Oct-20",5.15,5.24,5.07,5.1,39834,5.052693,0.9718,,524528.9013
"20-Oct-20",5.11,5.19,5.09,5.18,37825,5.808392,1.0017,,596261.2514
"21-Oct-20",5.18,5.52,5.08,5.48,117254,5.987414,1.002,,610652.2296
"22-Oct-20",5.57,5.64,5.2863,5.41,66133,5.387011,0.9794,,539290.781
"23-Oct-20",5.1907,5.65,5.1907,5.59,41429,5.364688,0.973,,527570.2936
"26-Oct-20",5.52,5.75,5.13,5.58,106140,4.954612,0.9503,,511791.366
"27-Oct-20",5.58,5.58,5.33,5.38,22663,5.422885,0.9795,,553090.2284
"28-Oct-20",5.28,5.38,5.02,5.07,90153,5.495315,0.9891,,557876.5204
"29-Oct-20",5.07,5.4,5.01,5.38,58417,5.578859,1.0033,,561773.9296
"30-Oct-20",5.31,5.36,5,5.06,73072,5.460415,0.9962,694692,549397.946
"02-Nov-20",5.12,5.195,4.9727,5.02,52106,5.660433,0.9991,,567790.9824
"03-Nov-20",5.11,5.2702,5.09,5.14,22778,5.935693,0.9882,,587961.7844
"04-Nov-20",5.12,5.495,5.06,5.17,50433,6.102195,0.973,,599107.0072
"05-Nov-20",5.8691,5.8691,5.21,5.69,111658,6.179584,0.9742,,604508.6796
"06-Nov-20",5.75,5.89,5.6381,5.83,61747,5.963403,0.9208,,573671.284
"09-Nov-20",6.11,6.82,6,6.5,179849,6.314283,0.9242,,609568.474
"10-Nov-20",6.5,6.7,6.19,6.35,137861,5.538401,0.8914,,676977.354
"11-Nov-20",6.39,6.68,6.2238,6.63,139864,6.594414,0.8914,,676977.354
"12-Nov-20",6.55,6.67,6.42,6.5,103653,6.80776,0.882,,661138.3764
"13-Nov-20",6.51,6.64,6.46,6.46,95963,7.614968,0.8987,642797,683160.1128
"16-Nov-20",6.63,6.7499,6.35,6.47,162354,8.464035,0.919,,724216.41
"17-Nov-20",6.42,6.5424,6.25,6.34,76249,7.249873,0.8859,,619040.0412
"18-Nov-20",6.37,6.44,6.1,6.14,80712,7.194214,0.8536,,603062.1252
"19-Nov-20",6.14,6.49,6.14,6.43,15745,7.491074,0.8549,,606813.462
"20-Nov-20",6.42,7.4,6.42,7.13,128744,7.604172,0.8613,,622860.8472
"23-Nov-20",7.1,8.33,7.1,8.09,134475,7.590114,0.8625,,621124.1172
"24-Nov-20",8.1,8.26,7.89,8.17,83228,7.470628,0.8336,,575046.1962
"25-Nov-20",8.06,8.29,7.91,8.25,53200,7.701053,0.8477,,583788.2354
"26-Nov-20",,,,,,7.081643,0.8306,,535449.901
"27-Nov-20",7.72,8.46,7.72,8.46,19062,7.239917,0.8282,,531850.2378
"30-Nov-20",8.49,8.84,7.91,8.77,99645,7.068603,0.8187,627867,513144.8451
"01-Dec-20",8.85,9.26,8.71,9.2,104536,5.767133,0.8195,,409847.3672
"02-Dec-20",9.09,9.1254,8.5,8.57,155530,7.741058,0.8892,,559876.187
"03-Dec-20",8.59,9.5,8.59,9.1,165731,6.663828,0.843,,486790.1681
"04-Dec-20",9.08,9.44,8.76,9.4,139935,8.040165,0.8745,,591116.1212
"07-Dec-20",9.3,9.5,8.9708,9.5,68884,7.932416,0.8683,,576267.5105
"08-Dec-20",9.46,10.41,9.4,10,119030,8.10533,0.8706,,593237.3513
"09-Dec-20",10.01,10.37,9.35,9.45,85748,7.582951,0.8572,,666041.3136
"10-Dec-20",9.45,9.97,9.21,9.54,57869,7.657875,0.8246,,669871.3023
"11-Dec-20",9.72,9.72,8.99,9.08,80931,7.661963,0.8246,,669871.3023
"14-Dec-20",8.99,9.46,8.62,8.85,108234,6.921494,0.7509,,609972.7905
"15-Dec-20",8.94,9.3,8.78,9.14,66361,6.841327,0.7369,676180,602877.8934
"16-Dec-20",9.12,9.47,8.941,9.21,42043,6.626612,0.7326,,580651.4016
"17-Dec-20",9.04,9.1,8.5,8.87,151317
"18-Dec-20",8.41,8.87,8.25,8.58,286317,6.750774,0.693,,623157.9975
"21-Dec-20",8.585,8.9866,8.3,8.64,150838,6.775912,0.697,,628620.4404
"22-Dec-20",8.72,8.91,8.3043,8.75,49407,6.415893,0.68,,589002.0327
"23-Dec-20",8.79,9.16,8.79,9.04,45985,6.412653,0.6774,,586490.5647
"24-Dec-20",9.05,9.2,8.96,9.18,11431,6.320487,0.6601,,637367.268
"25-Dec-20",,,,,,6.620643,0.6753,,663467.816
"28-Dec-20",9.21,9.37,9.0736,9.12,68753,6.234404,0.6729,,629794.052
"29-Dec-20",9.12,9.37,8.5916,8.75,46783,6.21677,0.6692,,628171.22
"30-Dec-20",8.81,9,8.45,8.71,65581,6.077125,0.6726,,610725.776
"31-Dec-20",8.71,8.84,8.59,8.72,49085,6.206247,0.6724,661644,619921.824
"01-Jan-21",,,,,,6.054304,0.6632,,607818.202
"04-Jan-21",8.72,8.99,8.5,8.77,58876,6.030861,0.6648,,610387.686
"05-Jan-21",8.5,9,8.5,8.74,42831,6.241542,0.6851,,627089.332
"06-Jan-21",8.41,9.14,8.41,9.06,75125,5.931033,0.6639,,599095.48
"07-Jan-21",9,9.25,8.8,8.88,44408,5.435973,0.6463,,546759.148
"08-Jan-21",8.775,8.985,8.52,8.63,77157,5.702358,0.6533,,576037.742
"11-Jan-21",8.36,8.5,8.07,8.26,96891,5.488311,0.6396,,563596.03
"12-Jan-21",8.27,9,8.27,8.81,44357,6.478438,0.6369,,704915.5176
"13-Jan-21",8.82,9.28,8.59,9.02,42588,7.696099,0.6548,,836979.66
"14-Jan-21",9.07,9.65,8.77,9.53,108721,7.924179,0.655,,866356.6536
"15-Jan-21",9.44,10,9.31,9.82,110243,7.668376,0.6479,663015,851403.4992
"18-Jan-21",,,,,,7.495658,0.6475,,849815.5536
"19-Jan-21",9.7,10.1914,9.42,9.42,294998,7.303855,0.6493,,860401.8576
"20-Jan-21",9.53,9.7,8.85,9.26,151954,7.755269,0.6434,,931991.7384
"21-Jan-21",9.24,9.51,9.02,9.36,117262,7.410342,0.6426,,902945.5668
"22-Jan-21",9.15,9.6,9,9.37,45022,7.215189,0.6511,,868143.0924
"25-Jan-21",9.44,9.96,9.3375,9.81,127276,7.790768,0.6559,,955810.9224
"26-Jan-21",9.76,9.905,9.36,9.38,64988,6.843719,0.6603,,835722.5364
"27-Jan-21",9.18,9.69,9,9.02,119757,7.116687,0.6688,,678330.6465
"28-Jan-21",8.83,9.3099,8.48,8.85,104678,6.978876,0.6524,,674617.7625
"29-Jan-21",8.73,9.06,8.51,8.68,160087,6.887299,0.6491,637200,673689.5415
"01-Feb-21",8.68,8.87,8.521,8.6,97873,7.195935,0.6599,,711149.889
"02-Feb-21",8.82,8.93,8.57,8.74,84679,7.279138,0.6555,,718111.5465
"03-Feb-21",8.74,9.5931,8.73,9.5,50293,8.486355,0.6693,,836990.136
"04-Feb-21",9.275,10.04,9.275,9.79,108426,6.798705,0.6537,,680120.787
"05-Feb-21",9.91,10.38,9.645,9.73,419914,6.205177,0.6548,,658440.1965
"08-Feb-21",9.73,10.31,9.7,10.06,113062,5.248955,0.6629,,560645.484
"09-Feb-21",10.09,10.605,9.8881,10.34,414272,4.955323,0.6628,,524606.76
"10-Feb-21",10.33,10.47,9.83,10.28,160465,4.80608,0.6591,,507338.64
"11-Feb-21",10.53,10.6,10.14,10.35,883283,4.119874,0.6607,,482679
"12-Feb-21",10.25,10.6,10.16,10.4,215159,4.014781,0.6654,461270,475096.32
"15-Feb-21",,,,,,3.943491,0.6667,,469297.8
"16-Feb-21",10.43,10.68,10.19,10.27,206640,1.558592,0.6475,,187591.68
"17-Feb-21",10.5,10.5,9.99,10.11,95885,2.097864,0.6001,,250292.16
"18-Feb-21",9.93,10.15,9.55,9.67,78248,2.389028,0.5907,,285083.28
"19-Feb-21",9.68,10.05,9.37,9.43,113767,2.240974,0.5912,,268579.8
"22-Feb-21",9.33,9.87,9.33,9.83,147985,2.18721,0.5969,,266540.76
"23-Feb-21",10.16,10.24,9.43,9.95,150030,2.169393,0.5944,,265266.36
"24-Feb-21",9.98,10.47,9.86,10.15,98120,2.179645,0.5944,,257573.168
"25-Feb-21",10.05,10.25,9.85,9.92,112900,1.990961,0.6032,,236170.24
"26-Feb-21",9.91,10.02,9.5,9.69,149669,2.231787,0.6249,389941,268043.997
"01-Mar-21",9.81,10.01,9.61,10,96034,1.573789,0.6732,,191565.431
"02-Mar-21",10,10.28,9.91,9.94,118280,1.698831,0.6894,,207156.357
"03-Mar-21",9.94,10.56,9.8787,9.98,97250,1.765054,0.7044,,213614.137
"04-Mar-21",9.98,10.1,9.6,9.78,121356,1.749109,0.7032,,210477.501
"05-Mar-21",9.98,10.23,9.52,10.12,92694,1.922956,0.6977,,229989.222
"08-Mar-21",10.25,10.42,9.745,10.35,181198,1.667035,0.6962,,202313.022
"09-Mar-21",9.96,10.5,9.96,10.19,119429,1.673244,0.6937,,295380.3075
"10-Mar-21",10.3,10.91,10.3,10.48,76584,1.743501,0.631,,307429.4844
"11-Mar-21",10.5,10.88,10.46,10.67,84345,2.036562,0.6498,,360344.4781
"12-Mar-21",10.65,11.65,10.6,10.97,128167,1.890998,0.6566,,336597.0712
"15-Mar-21",10.94,11.26,10.8,11.15,55528,2.180112,0.6757,372031,385456.6785
"16-Mar-21",11.13,11.63,10.91,11.58,109090,2.270201,0.6766,,403588.935
"17-Mar-21",11.56,11.75,11.22,11.42,57269,2.282108,0.6765,,406513.4925
"18-Mar-21",11.35,11.58,11.18,11.3,53360,2.380973,0.6837,,418796.634
"19-Mar-21",11.21,11.42,10.57,10.57,310192,2.371317,0.6813,,418406.693
"22-Mar-21",10.875,11.07,10.39,11,63923,2.39257,0.6791,,417431.8405
"23-Mar-21",10.88,11.14,10.67,10.67,48098,2.303535,0.6775,,401834.2005
"24-Mar-21",10.71,10.92,10.25,10.35,59250,2.32413,0.679,,391971.8616
"25-Mar-21",10.37,10.59,10.21,10.46,59427,2.306914,0.6789,,391488.2213
"26-Mar-21",10.44,10.71,10.135,10.27,42528,2.326363,0.6771,,390558.1438
"29-Mar-21",10.27,10.4,9.5,9.56,174359,2.370625,0.692,,403393.2133
"30-Mar-21",9.685,9.74,9.34,9.41,126581,2.290956,0.6786,,393757.6104
"31-Mar-21",9.45,9.47,9.1,9.11,308122,2.189416,0.675,309022,387767.9113
"01-Apr-21",9.21,9.5,8.95,9.43,178520
"02-Apr-21",,,,,,2.138391,0.6649,,384680.054
"05-Apr-21",9.5,9.57,9.21,9.36,26862,2.132826,0.6724,,382224.6494
"06-Apr-21",9.36,9.6197,9.36,9.49,30090,2.107289,0.6703,,377053.4185
"07-Apr-21",9.65,9.66,9.45,9.48,27517,2.139414,0.6714,,380624.9161
"08-Apr-21",9.46,9.62,9.17,9.4,37914,2.147114,0.6692,,381666.6029
"09-Apr-21",9.33,9.54,9.27,9.38,71462,2.148583,0.6692,,304170.3546
"12-Apr-21",9.38,9.39,9.03,9.08,38632,2.160092,0.6681,,303645.0172
"13-Apr-21",9.15,9.19,9.02,9.1,26844,2.190536,0.6696,,307260.5746
"14-Apr-21",9.06,9.29,9.06,9.19,30839,2.16024,0.667,,302594.3424
"15-Apr-21",9.357,9.49,9.26,9.48,35114,2.178373,0.667,278224,302378.027
"16-Apr-21",9.58,9.74,9.3921,9.66,57790,2.209583,0.6671,,304695.692
"19-Apr-21",9.57,9.8,9.34,9.51,44905,2.24211,0.6724,,305993.5844
"20-Apr-21",9.43,9.44,9.17,9.23,36402,2.490354,0.6801,,328984.8212
"21-Apr-21",9.29,9.7,9.29,9.59,37595,2.393542,0.6713,,311555.9804
"22-Apr-21",9.55,9.8,9.5201,9.63,53986,1.903752,0.6447,,245765.1966
"23-Apr-21",9.6,9.8,9.36,9.49,50447,2.086432,0.5876,,269559.8906
"26-Apr-21",9.49,10.048,9.23,9.81,94272,2.08919,0.5832,,247285.4912
"27-Apr-21",9.88,9.94,9.62,9.72,16581,2.169185,0.581,,255131.408
"28-Apr-21",9.65,9.7,9.5797,9.59,11464,2.214213,0.5812,,256689.4624
"29-Apr-21",9.62,9.99,9.6,9.61,57582,2.247855,0.5801,,258943.0768
"30-Apr-21",9.56,9.96,9.56,9.61,50210,2.281693,0.5827,241866,258943.0768
"03-May-21",9.63,10,9.52,9.63,73305,2.296835,0.5806,,260890.6448
"04-May-21",9.5,9.6,9.1,9.11,55462,2.302086,0.5861,,261697.4944
"05-May-21",9.09,9.36,8.9101,9,120251,2.280236,0.5839,,259638.6368
"06-May-21",9.44,10.32,9.39,9.95,207699,2.359176,0.584,,260695.888
"07-May-21",10.06,10.88,10.06,10.7,125616,2.930088,0.6134,,324381.3616
"10-May-21",10.63,10.79,10.33,10.66,86198,3.080531,0.6139,,325076.9216
"11-May-21",10.37,10.66,10.0114,10.18,61543,3.145675,0.6149,,305452.5714
"12-May-21",10.09,10.3299,9.83,9.94,51481,4.035606,0.6354,,342337.1364
"13-May-21",9.93,10.4167,9.78,9.84,57874,3.989986,0.6331,,329203.8126
"14-May-21",9.98,10.23,9.79,9.87,69666,4.008069,0.6333,259247,329494.0518
"17-May-21",9.76,10.03,9.42,9.96,35294,4.133195,0.6332,,329494.0518
"18-May-21",9.91,10.29,9.91,10.13,109141,4.070816,0.6336,,325309.77
"19-May-21",10,10.38,9.68,10.3,34210,3.431914,0.6067,,272050.8768
"20-May-21",10.43,10.7193,10.17,10.27,137245,3.322013,0.6117,,264480.471
"21-May-21",10.35,10.5,10.2,10.24,87927,3.32144,0.6156,,264480.471
"24-May-21",10.4,11,10.4,10.95,60816,3.241319,0.6118,,251032.7214
"25-May-21",11,11.3,10.69,10.7,22769,3.309346,0.614,,198790.5996
"26-May-21",10.63,11.12,10.51,10.64,144646,3.235876,0.612,,195575.9368
"27-May-21",10.88,10.9999,10.6424,10.76,51713,3.345587,0.6128,,198453.5785
"28-May-21",10.84,11.03,10.625,10.98,53407,3.147969,0.6102,251419,185698.6261
"31-May-21",,,,,,3.147969,0.6102,,185698.6261
"01-Jun-21",10.98,11.27,10.835,10.89,52142,3.127717,0.607,,183469.1019
"02-Jun-21",11.3,11.305,10.91,11.1,42764,3.233893,0.6099,,187798.5268
"03-Jun-21",10.98,11.19,10.8,11.07,73162,3.229446,0.611,,185931.9484
"04-Jun-21",11.19,11.19,10.76,11.12,64204,3.441375,0.6081,,196872.1718
"07-Jun-21",11.13,11.14,10.93,10.96,38851,3.485603,0.6108,,195627.7862
"08-Jun-21",10.97,11.12,10.9,10.98,33067,3.53076,0.6102,,196431.4519
"09-Jun-21",10.96,11.12,10.85,10.91,48576,3.635786,0.6081,,266604.7076
"10-Jun-21",11.01,11.12,10.62,10.62,192485,2.565002,0.5856,,190902.4467
"11-Jun-21",10.88,10.88,10.645,10.78,50260,2.577363,0.5856,,190801.8791
"14-Jun-21",10.73,11.1,10.685,11.1,162975,2.480928,0.5852,,184667.2555
"15-Jun-21",11.06,11.47,10.66,11.04,57344,2.469418,0.5856,191692,183108.4577
"16-Jun-21",11.1,11.6,11.09,11.38,97763,2.400305,0.5963,,179488.0241
"17-Jun-21",11.06,11.67,11.06,11.44,86862,2.299482,0.5997,,171191.1971
"18-Jun-21",11.33,11.6,11.287,11.6,29265,2.271974,0.6079,,168199.311
"21-Jun-21",11.72,12.25,11.66,12.25,56803,2.410132,0.6174,,169934.1021
"22-Jun-21",12.38,12.83,12.275,12.8,124895,2.36024,0.6074,,168274.7367
"23-Jun-21",12.84,13.14,12.8,13.14,78883,3.011896,0.6048,,215415.7992
"24-Jun-21",13.12,13.4,12.95,13.35,79112,2.242875,0.6115,,169034.0056
"25-Jun-21",13.36,13.73,13.36,13.58,137445,2.783931,0.6071,,213238.1808
"28-Jun-21",13.83,14.8,13.69,14.65,208590,2.108532,0.6147,,167615.4848
"29-Jun-21",14.83,14.84,14.385,14.75,123217,2.074567,0.617,,166388.656
"30-Jun-21",14.74,14.82,14.33,14.65,141997,2.049384,0.6131,187062,163321.584
"01-Jul-21",14.63,14.7799,14.36,14.4,176096,2.773053,0.598,,213027.3196
"02-Jul-21",14.39,14.405,14.06,14.06,146716,2.432386,0.6306,,185615.3636
"06-Jul-21",14.35,14.35,13.26,13.63,135228,2.353827,0.6282,,183679.2744
"07-Jul-21",13.59,13.84,13.13,13.62,133175,2.337666,0.6368,,186267.1164
"08-Jul-21",13.34,13.86,13.05,13.86,68229,2.23939,0.6357,,179883.7728
"09-Jul-21",13.86,14.26,13.7501,14.11,54974,2.468554,0.6293,,198976.296
"12-Jul-21",14.08,14.18,13.71,14.13,61721,2.455079,0.6339,,226214.0766
"13-Jul-21",14.06,14.18,13.33,13.39,43680,2.412073,0.6294,,222472.8366
"14-Jul-21",13.39,13.74,13.39,13.45,61127,2.509074,0.6162,,232985.721
"15-Jul-21",13.34,13.63,13.03,13.41,46246,2.37237,0.6136,139150,220957.6344
"16-Jul-21",13.4,13.41,12.69,12.95,101549,2.299754,0.6116,,216991.92
"19-Jul-21",12.59,12.93,12.1501,12.46,66331,2.287315,0.6101,,216168.8472
"20-Jul-21",12.53,12.9364,12.375,12.69,63153,2.304297,0.6121,,218544.5346
"21-Jul-21",12.82,13.2002,12.27,12.76,28793,2.38686,0.5949,,226045.7208
"22-Jul-21",12.83,12.96,12.37,12.59,20701,2.16749,0.5907,,204589.7094
"23-Jul-21",12.445,12.9399,12.44,12.68,21450,2.22609,0.5987,,208798.6044
"26-Jul-21",12.73,13.19,12.4701,12.55,29362,2.218989,0.5961,,130536.615
"27-Jul-21",12.56,12.56,11.69,11.97,44453,2.242091,0.5954,,130606.19
"28-Jul-21",12.03,12.09,11.57,11.91,17395,2.186825,0.5938,,127419.655
"29-Jul-21",11.9,11.9,11.54,11.6,14898,2.154433,0.5898,,125610.705
"30-Jul-21",11.6,11.88,11.6,11.79,15490,1.84654,0.58,112414,106769.795
"02-Aug-21",11.81,12.32,11.7,11.89,49829,1.869595,0.5819,,108091.72
"03-Aug-21",12.01,13.09,11.2865,12.51,86170,1.86173,0.5828,,107799.505
"04-Aug-21",12.3363,13.0925,12.035,12.71,28195,1.889725,0.5823,,108453.51
"05-Aug-21",12.65,12.9282,12.1,12.4,92373,1.68542,0.6097,,97432.83
"06-Aug-21",12.42,12.785,12.33,12.49,25633,1.98577,0.6167,,112669.755
"09-Aug-21",12.49,12.49,12.145,12.15,10087,2.100404,0.6057,,113226.355
"10-Aug-21",12.27,12.86,12.27,12.8,57854,2.13967,0.6031,,121047.3952
"11-Aug-21",12.71,12.84,12.23,12.45,67516,2.161895,0.6038,,121823.0518
"12-Aug-21",12.56,12.94,12.32,12.73,36895,2.174438,0.6121,,121890.5002
"13-Aug-21",12.84,12.95,12.74,12.8,18544,2.096514,0.6092,102776,116708.2148
"16-Aug-21",12.64,12.6544,12.29,12.52,46440,2.083987,0.6072,,115775.1786
"17-Aug-21",12.34,12.34,11.59,11.66,43005,2.086374,0.6015,,115190.6258
"18-Aug-21",11.75,11.75,11.4,11.48,39146,2.114728,0.5993,,116854.353
"19-Aug-21",11.33,12.29,10.8839,11.33,70552,2.146619,0.6061,,117630.0096
"20-Aug-21",11.41,12.68,11.15,11.89,22398,2.149351,0.6143,,117472.63
"23-Aug-21",11.172,12.01,11.172,11.71,15647,2.040638,0.6107,,108097.3024
"24-Aug-21",11.85,12.1,11.5001,11.74,13034,2.105778,0.6043,,97010.2664
"25-Aug-21",11.68,11.8,11.5,11.62,7439,2.065904,0.6039,,94019.4848
"26-Aug-21",11.71,12.095,11.36,11.6,11670,2.069291,0.6035,,93937.264
"27-Aug-21",11.76,12.34,11.5509,11.63,10942,2.129119,0.6036,,93659.7688
"30-Aug-21",11.4,12.02,11.4,11.6,13314,2.147846,0.602,,93855.0432
"31-Aug-21",11.51,12.1,11.51,11.81,27263,2.229237,0.6093,97510,96558.052
"01-Sep-21",11.82,12.0804,11.6104,11.85,41224,2.226881,0.6065,,95941.396
"02-Sep-21",11.85,12.0838,11.8,11.86,4205,2.267755,0.609,,96578.6072
"03-Sep-21",11.67,11.89,11.49,11.56,17582,2.326771,0.6121,,98479.9632
"06-Sep-21",,,,,,2.334601,0.6121,,98479.9632
"07-Sep-21",11.82,11.82,11.2,11.38,10002,2.413999,0.6064,,100514.928
"08-Sep-21",11.35,11.5399,10.7,10.99,45813,2.340963,0.6047,,97647.4776
"09-Sep-21",11.01,11.07,10.79,10.88,34175,2.288857,0.6033,,95499.4592
"10-Sep-21",10.93,11.04,10.63,10.82,24188,2.286525,0.6012,,95754.82
"13-Sep-21",10.85,10.85,10.15,10.21,51464,2.369319,0.6017,,95901.085
"14-Sep-21",10.25,10.55,9.9,10.1,28418,2.424315,0.6042,,97344.233
"15-Sep-21",10.03,10.57,9.8,10.12,52734,2.489932,0.6033,97669,97071.205
"16-Sep-21",10.185,10.37,9.75,10.01,20847,2.447065,0.5987,,94448.186
"17-Sep-21",10,10.09,9.8,10.09,26440,2.681729,0.5983,,101478.657
"20-Sep-21",9.85,10.09,9.61,9.89,79240,2.65539,0.5983,,101000.858
"21-Sep-21",9.9,10.49,9.9,10.45,55632,2.413016,0.5885,,91786.163
"22-Sep-21",10.41,10.55,10.34,10.45,23897,2.223504,0.5897,,83809.845
"23-Sep-21",10.39,10.82,10.39,10.8,56868,2.22494,0.592,,82259.436
"24-Sep-21",10.8,11.97,10.8,11.78,70560,2.287594,0.5981,,84893.8948
"27-Sep-21",11.9,12.7964,11.738,12.21,33919,3.227105,0.5877,,115239.6531
"28-Sep-21",12.21,12.32,11.64,12.11,36095,3.395579,0.5886,,120699.3502
"29-Sep-21",12.16,12.48,11.02,12.16,25193,3.342796,0.5962,,112280.2824
"30-Sep-21",12.22,12.51,11.98,12.25,38533,2.913672,0.5934,102623,95237.0419
"01-Oct-21",12.29,13.15,11.78,13.05,52465,2.918308,0.595,,92599.9789
"04-Oct-21",13.14,13.155,12.04,13,36119,3.138288,0.595,,91388.8833
"05-Oct-21",13.16,13.22,12.625,12.92,59181,3.177769,0.5951,,93117.6246
"06-Oct-21",12.7,12.99,12.25,12.98,44136,3.049427,0.5886,,89415.9695
"07-Oct-21",12.94,13.28,12.6547,12.68,32793,3.194928,0.5876,,90246.156
"08-Oct-21",12.7,12.74,12.42,12.51,16512,3.323077,0.5893,,89796.8786
"11-Oct-21",12.62,12.955,12.47,12.94,20917,3.40836,0.5893,,96763.2267
"12-Oct-21",12.65,13.26,12.61,12.99,38209,3.261929,0.5906,,92617.2575
"13-Oct-21",12.88,13.14,12.5038,12.86,34823,3.232155,0.5831,,90780.3058
"14-Oct-21",12.91,13.47,12.86,13,32716,3.293391,0.5822,,92093.8802
"15-Oct-21",13,13.332,12.53,12.71,21333,3.533408,0.5816,100767,97214.7679
"18-Oct-21",12.71,12.8,12.29,12.55,21691,3.774862,0.559,,99985.5889
"19-Oct-21",12.51,12.8,12.5,12.77,17474,3.788553,0.5649,,99575.0969
"20-Oct-21",12.65,12.96,12.5,12.72,37103,4.059144,0.5731,,105342.5095
"21-Oct-21",12.88,13.1899,12.51,12.64,98647,3.954802,0.5713,,104223.9188
"22-Oct-21",12.91,12.91,12,12.7,127590,3.765668,0.5654,,103454.2463
"25-Oct-21",12.49,12.8499,11.49,12.41,29318,3.728348,0.5637,,103454.2463
"26-Oct-21",12.54,12.74,12.36,12.74,59716,5.065619,0.5771,,147039.2064
"27-Oct-21",12.83,12.93,12.37,12.53,16438,5.014324,0.5731,,144792.1023
"28-Oct-21",12.625,12.7327,12.3317,12.55,16728,5.763287,0.5749,,164542.4343
"29-Oct-21",12.49,12.67,12.3248,12.42,29040,3.926637,0.5635,,112637.3526
"01-Nov-21",12.45,12.7025,12.23,12.48,35389,3.721883,0.5673,,108636.9027
"02-Nov-21",12.43,12.48,12.25,12.45,12985,3.79361,0.5668,,109624.4193
"03-Nov-21",12.34,12.63,12.25,12.3,13854
"19-Nov-21",,,,,,,,,,,0