"Date","open EDIT Price in USD","high EDIT Price in USD","low EDIT Price in USD","close EDIT Price in USD","EDIT Volume","Days to cover 3m (on loan)","Cost To Borrow","Exchange Reported SI","Estimated Short Interest","Dividends","hidden"
"03-Feb-16",18,18.88,16,18.2,4157398
"04-Feb-16",18.26,19.42,17.5725,18.5,469941
"05-Feb-16",18.84,18.88,17.52,17.6,220160
"08-Feb-16",17.52,18,15.72,15.85,372112
"09-Feb-16",15.5,15.5,12.7482,12.81,744115
"10-Feb-16",13.01,14,12.79,13.09,260763
"11-Feb-16",12.97,16.9,12.57,15.77,258889
"12-Feb-16",16,17.44,15.0501,15.4,216331
"16-Feb-16",15.85,16.2048,15.73,15.94,142544
"17-Feb-16",16.74,17.16,15.9613,16.7,245695
"18-Feb-16",17.15,17.39,16.2,16.75,129909
"19-Feb-16",16.86,19.98,16.66,18.48,345704
"22-Feb-16",19.6,21.9,19.1,21.62,416964
"23-Feb-16",21.3,23.48,21.26,22.62,411844
"24-Feb-16",22.9,24.5599,22,23.22,498975
"25-Feb-16",22.84,24.2799,22.8,23.95,325894
"26-Feb-16",25.36,29.4,24.32,27.49,583111
"29-Feb-16",28,30.12,27.4396,28.95,618699
"01-Mar-16",29.47,29.8,26.69,28.96,532765
"02-Mar-16",29,31.9,28.05,31.9,394342
"03-Mar-16",32.92,39.075,31.5105,37.49,590035
"04-Mar-16",39,39.13,34.25,35.56,577298
"07-Mar-16",35.89,41.6,35.89,39.11,421597
"08-Mar-16",41.99,43.99,40.13,41.99,603925
"09-Mar-16",42.7,43.41,30,31.1,1444684
"10-Mar-16",32.5,32.5,25.64,26.74,816860
"11-Mar-16",27.98,32,27.25,31.25,467890
"14-Mar-16",31.25,34.3,30.5101,30.77,305507
"15-Mar-16",29.85,33.35,29.4,32.34,198029
"16-Mar-16",32.08,35.2,31.01,31.02,278460
"17-Mar-16",31.17,32.5387,30.31,30.43,290382
"18-Mar-16",31.57,31.57,28.02,29.36,1080674
"21-Mar-16",30.24,30.5,29,29.96,229868
"22-Mar-16",29.95,30.38,29.2,29.88,100086
"23-Mar-16",30,30.88,29.11,30.45,294269
"24-Mar-16",30.44,31.5699,30.05,31.31,185444
"28-Mar-16",31.78,31.99,30.05,30.53,104145
"29-Mar-16",30.13,33.24,30.13,32.61,158526
"30-Mar-16",33,34.325,31.02,31.19,122510
"31-Mar-16",32,35,31.5,34.54,977020
"01-Apr-16",35,37.41,33.17,36.9,230259
"04-Apr-16",37.29,40.5,37,39.58,333872
"05-Apr-16",39.45,42.845,38.6,42.04,404222
"06-Apr-16",41.98,43.5,41.6121,41.83,272527
"07-Apr-16",41.5,41.5637,38.6,39.86,372407
"08-Apr-16",40.41,41.1315,40,40.45,237138
"11-Apr-16",41.05,41.19,37.26,37.87,241949
"12-Apr-16",37.48,37.91,35.42,37.11,275069
"13-Apr-16",38.61,38.61,37.15,38.19,107929
"14-Apr-16",38.1,40.7576,38.1,39.73,159244
"15-Apr-16",39.67,41.4,39.67,39.87,161220
"18-Apr-16",40.5,41.26,40,40.36,57108
"19-Apr-16",40.76,41.1,38.75,39.59,145117
"20-Apr-16",39.74,40.966,39.1001,40.64,67684
"21-Apr-16",41.04,41.24,39.5201,40.23,91305
"22-Apr-16",40.48,40.7581,37.76,38.1,210577
"25-Apr-16",38.09,39.5,38.09,38.71,121932
"26-Apr-16",39.28,39.41,36.5,37,141595
"27-Apr-16",36.86,36.98,36.02,36.37,141621
"28-Apr-16",36.98,38.0295,34.04,34.14,152310
"29-Apr-16",34,34.55,32.03,33.05,215066
"02-May-16",33.07,34.3088,33.07,33.51,91167
"03-May-16",33.47,33.5199,30.99,30.99,182017
"04-May-16",32.05,32.1799,30,30.2,170165
"05-May-16",31,32.5,30.2926,31.99,199695
"06-May-16",31.9,32.56,29.43,30.13,170173
"09-May-16",30.04,30.973,30.04,30.3,76038
"10-May-16",30.3,30.89,30.2,30.61,79077
"11-May-16",30.44,30.94,30.3,30.39,106264
"12-May-16",30.41,30.41,27.98,28.54,251063
"13-May-16",28.64,30.345,28.62,30.09,114607
"16-May-16",31,36.2446,30.89,34,574028
"17-May-16",35.1,35.5999,32.2,32.2,185871
"18-May-16",31.95,33.52,31.88,33.34,106247
"19-May-16",33.49,34.43,32.48,32.85,160657
"20-May-16",32.93,33.7367,32.67,33.25,131391
"23-May-16",33.14,34.5576,33.07,33.78,203135
"24-May-16",33.86,36.0999,33.86,35.75,201832
"25-May-16",36,36.9999,35.15,36.02,254537
"26-May-16",36,36.585,35.1901,35.39,77806
"27-May-16",36,36.25,34.4,35.22,162779
"31-May-16",35.22,37.24,35.02,37.09,227516
"01-Jun-16",37.11,38.25,36.52,36.79,154880
"02-Jun-16",36.08,37.9499,34.02,34.84,167822
"03-Jun-16",34.21,35.4799,33.02,33.71,182468
"06-Jun-16",33.75,33.82,32.0501,32.89,216376
"07-Jun-16",32.68,35.08,32.5201,33.57,193552
"08-Jun-16",33.69,35,33.08,34.47,217930
"09-Jun-16",34,34.9245,32.29,32.39,142222
"10-Jun-16",32,32.0217,30.4,30.54,189167
"13-Jun-16",30.1,30.9532,29.71,30.03,243780
"14-Jun-16",30.25,31.01,29.7,30.87,179184
"15-Jun-16",30.92,32.67,30.92,32.53,141165
"16-Jun-16",32.22,32.545,30.51,31.3,287017
"17-Jun-16",31.41,31.55,29.69,29.69,647610
"20-Jun-16",30.01,31.25,29.07,29.68,185483
"21-Jun-16",29.7,30.19,26.8,27.59,361463
"22-Jun-16",27.88,29.44,26.8,28.08,153722
"23-Jun-16",28.15,28.648,27.5,28.35,133195
"24-Jun-16",26.56,27.31,25.45,26.07,328625
"27-Jun-16",25.25,27.39,22.5,23.86,374864
"28-Jun-16",24.3,25.76,24.3,24.81,170550
"29-Jun-16",25.25,25.5395,24.52,25.18,123326
"30-Jun-16",25.22,25.46,23.6,24.4,189597
"01-Jul-16",24.45,25.83,24.45,25.45,129722
"05-Jul-16",25.7,26.99,24.3973,25.2,110926
"06-Jul-16",24.85,25.5,24.5401,25.5,141190
"07-Jul-16",25.69,26.395,25.11,25.62,64666
"08-Jul-16",25,25.6099,24.64,25.32,146952
"11-Jul-16",25.5,26.1418,25,25.24,78650
"12-Jul-16",25.4,25.69,24.8211,25.64,118370
"13-Jul-16",25.84,26.67,25.174,25.37,104346
"14-Jul-16",25.64,25.8,24.68,24.77,88411
"15-Jul-16",24.85,24.9756,24.32,24.73,60434
"18-Jul-16",24.74,25.6048,24.43,24.56,69211
"19-Jul-16",24.44,25.5,24.26,24.58,54657
"20-Jul-16",24.8,25.54,24.58,25.48,85305
"21-Jul-16",25.6,26.438,25.5101,25.84,162937
"22-Jul-16",26.01,28.311,25.86,27.11,214385
"25-Jul-16",28.22,28.22,26.2,26.45,107532
"26-Jul-16",26.52,27.3,26.05,27.08,58845
"27-Jul-16",27.33,28.259,26.81,28.2,87923
"28-Jul-16",28.49,28.6321,27.11,27.28,66130
"29-Jul-16",27.4,27.5663,25.59,25.72,183866
"01-Aug-16",25.75,26.05,25.51,25.7,123637
"02-Aug-16",25.7,25.83,24.33,24.97,141968
"03-Aug-16",25.55,25.7326,24.6401,25.06,70518
"04-Aug-16",25.23,25.5399,24.5501,24.99,83308
"05-Aug-16",25.15,25.47,24.69,24.87,160101
"08-Aug-16",25.01,25.2,22.9,23.7,412025
"09-Aug-16",23.6,24.098,22.8,23.28,214162
"10-Aug-16",24.9,24.95,21.5,21.5,469524
"11-Aug-16",21.55,21.64,20.25,20.74,448143
"12-Aug-16",20.5,20.5,19.7536,20.11,324867
"15-Aug-16",20.11,20.54,20.1,20.36,208206
"16-Aug-16",20.1,20.3,19.64,19.94,251829
"17-Aug-16",19.95,19.95,18.87,19.06,352752
"18-Aug-16",19.05,19.36,17.5,17.76,539695
"19-Aug-16",17.57,18.79,17.52,18.67,403671
"22-Aug-16",18.93,19.6408,18.77,19.42,367558
"23-Aug-16",19.75,20.71,19.64,20.13,427471
"24-Aug-16",20.25,20.6499,18.2201,18.35,437683
"25-Aug-16",18.4,19.43,18.13,18.35,235688
"26-Aug-16",18.29,18.385,17.71,18.33,248066
"29-Aug-16",18.16,18.2329,16.564,17.42,398607
"30-Aug-16",17.42,18.45,17.06,17.71,457926
"31-Aug-16",17.63,17.7517,16.67,16.82,286125
"01-Sep-16",16.8,17.06,16.5,16.74,176369
"02-Sep-16",16.7,16.7,15.9,16.11,287203
"06-Sep-16",16.07,16.16,15.07,16.02,772709
"07-Sep-16",16.17,16.97,15.93,16.61,217540
"08-Sep-16",16.45,17.65,16.37,17.21,380919
"09-Sep-16",17.28,17.3598,16.4,16.51,426520
"12-Sep-16",16.34,16.6699,16.2121,16.57,241800
"13-Sep-16",16.39,16.415,15.37,15.54,342876
"14-Sep-16",15.44,15.829,14.9,14.97,362300
"15-Sep-16",15,15.3,14.92,15.06,239350
"16-Sep-16",14.94,15.1542,14.25,14.49,1068335
"19-Sep-16",14.51,15.25,14.29,14.75,525546
"20-Sep-16",14.87,15.74,14.8,14.9,338380
"21-Sep-16",15.16,15.46,14.3601,14.94,263846
"22-Sep-16",15,15.1238,14.7,14.8,223887
"23-Sep-16",14.71,15.05,14.2502,14.46,289989
"26-Sep-16",14.42,14.4355,13.68,14.12,337480
"27-Sep-16",13.87,14.43,13.87,14.12,226135
"28-Sep-16",14.2,14.25,13.55,13.92,226907
"29-Sep-16",13.84,13.86,13.48,13.54,234299
"30-Sep-16",13.53,13.664,13.1,13.48,173549
"03-Oct-16",13.5,13.954,13.12,13.49,205199
"04-Oct-16",13.84,15.4,13.545,14.92,721746
"05-Oct-16",14.92,16.425,14.6,15.48,772590
"06-Oct-16",15.53,15.53,14.33,15.01,581406
"07-Oct-16",15,15.1,14,14.06,459910
"10-Oct-16",13.9,14.63,13.85,14.51,188826
"11-Oct-16",14.39,14.5,13.88,14.05,182000
"12-Oct-16",14,14,13.05,13.14,316122
"13-Oct-16",13.15,13.9,13.15,13.77,338966
"14-Oct-16",13.94,14.32,13.38,13.44,194948
"17-Oct-16",13.47,13.66,13.03,13.26,180480
"18-Oct-16",13.5,13.99,13.4,13.81,149615
"19-Oct-16",13.85,14.015,13.5,13.91,123614
"20-Oct-16",13.92,14.79,13.92,14.7,183671
"21-Oct-16",14.7,15.42,14.48,15.32,542107
"24-Oct-16",15.55,16.329,15.14,16.28,642974
"25-Oct-16",16.5,16.5,14.5,14.64,462727
"26-Oct-16",14.55,14.86,13.93,14,259565
"27-Oct-16",14.1,14.8489,12.99,13.22,391284
"28-Oct-16",13.08,13.26,12.89,13.1,274456
"31-Oct-16",13.1,14.2299,13,14.14,268996
"01-Nov-16",14.2,14.52,13.68,13.99,194869
"02-Nov-16",14.02,14.119,13.03,13.1,240131
"03-Nov-16",13.19,13.55,12.43,12.46,400546
"04-Nov-16",12.5,13.5,12.46,13.23,239860
"07-Nov-16",13.5,13.98,13.3101,13.46,301738
"08-Nov-16",13.5,14.18,12.75,13.9,438625
"09-Nov-16",13.8,14.49,13.612,14.46,403947
"10-Nov-16",14.5,15.58,14.49,15.11,544515
"11-Nov-16",15.01,16.5,14.97,16.35,427588
"14-Nov-16",16.4,17.79,16.3654,17,539675
"15-Nov-16",17.17,17.92,15.72,16.49,621053
"16-Nov-16",16.62,16.6299,15.57,15.6,301496
"17-Nov-16",15.51,16.04,15.51,15.66,205009
"18-Nov-16",15.71,15.82,15.05,15.21,158580
"21-Nov-16",15.13,15.76,14.59,15.66,231842
"22-Nov-16",15.89,15.9428,15.08,15.73,180075
"23-Nov-16",15.44,15.86,14.9,15.68,191625
"25-Nov-16",15.65,15.65,15.07,15.29,93284
"28-Nov-16",15.25,15.498,14.6401,15.03,274006
"29-Nov-16",15,15.1665,14.01,14.02,330176
"30-Nov-16",14.06,14.49,13.79,14.27,408383
"01-Dec-16",14.41,14.71,13.87,13.99,356511
"02-Dec-16",13.85,15.6,13.75,15.54,313103
"05-Dec-16",15.43,15.96,15.1,15.76,431410
"06-Dec-16",15.8,16,15.15,15.98,386636
"07-Dec-16",16,16,15.36,15.8,378294
"08-Dec-16",15.82,16.76,15.4111,16.7,402300
"09-Dec-16",16.88,17.05,15.68,15.96,330390
"12-Dec-16",16,16.435,15.29,15.57,291712
"13-Dec-16",15.54,16,15.31,15.88,328648
"14-Dec-16",15.94,16.9899,15.59,16.76,324660
"15-Dec-16",16.76,16.95,16.07,16.94,437699
"16-Dec-16",17,18.9,16.96,17.01,1981359
"19-Dec-16",16.95,17.66,16.43,16.78,444553
"20-Dec-16",17.06,18.38,16.82,17.84,530604
"21-Dec-16",18,18.94,18,18.69,514653
"22-Dec-16",18.9,18.939,16.41,16.86,613576
"23-Dec-16",16.95,17.55,16.781,17.08,268844
"27-Dec-16",17.21,18.25,17.19,17.56,221134
"28-Dec-16",17.68,17.8799,16.76,17.06,216747
"29-Dec-16",17,17.08,16.03,16.1,363392
"30-Dec-16",16.04,16.4739,16.04,16.23,175621
"03-Jan-17",16.49,17.11,16.3,17.04,237987
"04-Jan-17",17.17,18.75,17.06,18.5,445933
"05-Jan-17",18.25,18.989,17.38,17.53,467495
"06-Jan-17",17.61,18.24,17.38,17.51,195302
"09-Jan-17",18.05,18.75,17.58,18.39,447871
"10-Jan-17",18.66,18.8699,17.8152,18.6,474020
"11-Jan-17",18.94,19.72,17.531,18.49,618339
"12-Jan-17",18.6,18.999,18.27,18.53,192124
"13-Jan-17",18.5,19.3692,18.31,18.76,485149
"17-Jan-17",18.76,18.81,17.32,17.88,447236
"18-Jan-17",18.05,18.15,17.5363,18.13,266822
"19-Jan-17",18.17,18.22,17.55,18.15,195860
"20-Jan-17",18.1,18.86,17.9575,18.32,330399
"23-Jan-17",18.4,19.23,17.86,18.54,243188
"24-Jan-17",18.64,18.819,17.55,18.06,405557
"25-Jan-17",18.19,18.48,17.7718,18.15,174298
"26-Jan-17",18.29,18.72,17.96,18.07,226930
"27-Jan-17",18.01,18.48,17.89,18.32,182809
"30-Jan-17",18.02,18.14,17.03,17.07,356529
"31-Jan-17",17.07,17.86,17.01,17.42,319405
"01-Feb-17",17.55,18.32,17.5,18.24,348175
"02-Feb-17",18.23,18.28,17.83,17.97,134823
"03-Feb-17",18.15,18.51,18.07,18.44,221582
"06-Feb-17",18.48,19,18.46,18.74,160975
"07-Feb-17",18.9,18.93,18.2301,18.56,192480
"08-Feb-17",18.58,18.6314,17.7,17.87,225933
"09-Feb-17",17.86,18.775,17.7933,18.58,318964
"10-Feb-17",18.66,18.9,18.45,18.57,153689
"13-Feb-17",18.68,18.89,18.4701,18.6,147308
"14-Feb-17",18.5,18.95,18.11,18.86,213283
"15-Feb-17",18.71,25,18.61,24.3,5629083
"16-Feb-17",24.32,26.9789,23.5,24.75,3259868
"17-Feb-17",24.54,26.44,23.76,26.02,1676259
"21-Feb-17",26.58,28.5,26.13,27.27,1755070
"22-Feb-17",27.49,28.09,23.46,23.6,2246516
"23-Feb-17",24.41,24.9639,22.81,23.59,861268
"24-Feb-17",23.2,24.15,22.9,23.54,515233
"27-Feb-17",23.37,23.59,22.87,23,689022
"28-Feb-17",22.8,25.553,22.35,24.93,865185
"01-Mar-17",25,25.8,24.3201,24.6,545815
"02-Mar-17",24.59,25.79,23.53,23.63,575064
"03-Mar-17",23.54,23.9585,21.72,22.02,790474
"06-Mar-17",21.75,22.38,20.6,21.02,862940
"07-Mar-17",21,21.6,20.61,21.28,546296
"08-Mar-17",20.5,22.5,20.26,21.94,921611
"09-Mar-17",22.07,24.287,22.07,23.7,975708
"10-Mar-17",23.54,25.14,23.34,25.06,655778
"13-Mar-17",25.2,25.2,24.03,24.91,424081
"14-Mar-17",26.73,29.2,25.8801,26.04,2347804
"15-Mar-17",26.41,27,23.86,24.64,1266400
"16-Mar-17",24.64,26.4599,24.63,24.91,1219113
"17-Mar-17",22.8,23.83,22.21,22.3,6602348
"20-Mar-17",22.65,22.81,22.1755,22.41,1435176
"21-Mar-17",22.45,22.63,20.0896,20.86,2347783
"22-Mar-17",20.72,21.18,20.6,20.87,872408
"23-Mar-17",20.79,21.08,19.19,19.27,1828526
"24-Mar-17",19.61,20.3364,18.6997,19.26,1241558
"27-Mar-17",19.04,20.779,18.85,20.69,1288286
"28-Mar-17",22,22.815,21.02,21.88,2256561
"29-Mar-17",21.89,22.5,21.7176,22.22,1079806
"30-Mar-17",22.24,22.55,21.01,22.13,979558
"31-Mar-17",22.16,22.69,21.79,22.32,965554
"03-Apr-17",22.48,22.74,21.81,22.25,758270
"04-Apr-17",22.23,22.39,21.71,21.94,425490
"05-Apr-17",21.97,22.08,20.38,20.47,636457
"06-Apr-17",20.52,21.26,20.32,21.19,483961
"07-Apr-17",21.19,21.35,20.7,20.9,420944
"10-Apr-17",20.9,21.75,20.9,20.97,372864
"11-Apr-17",21.02,21.415,20.01,20.51,601753
"12-Apr-17",20.67,20.737,19.58,19.63,625741
"13-Apr-17",19.58,20.61,19.12,20.48,847397
"17-Apr-17",20.48,20.85,19.93,20.79,588450
"18-Apr-17",20.78,20.78,19.2,19.42,681164
"19-Apr-17",19.49,19.9193,19.12,19.25,570934
"20-Apr-17",19.45,19.709,19.15,19.2,348463
"21-Apr-17",19.22,19.42,18.75,18.99,395243
"24-Apr-17",19.26,19.7,18.64,19.41,596005
"25-Apr-17",19.58,19.9495,19.27,19.73,402120
"26-Apr-17",19.8,19.8699,19.4201,19.6,338322
"27-Apr-17",19.68,19.8,19.39,19.43,341538
"28-Apr-17",19.42,19.56,18.52,18.85,525218
"01-May-17",18.95,20.5,18.74,20.27,555750
"02-May-17",20.41,20.73,20.01,20.43,382781
"03-May-17",20.35,20.4018,19.53,19.57,292456
"04-May-17",19.68,19.88,18.57,18.97,707488
"05-May-17",18.98,19.35,18.4,18.63,559116
"08-May-17",18.63,18.829,17.55,17.99,657485
"09-May-17",18,18.93,18,18.83,465511
"10-May-17",18.75,19.46,18.59,19.14,419685
"11-May-17",19.03,19.35,18.37,18.51,454946
"12-May-17",18.48,19.47,18.45,19.29,357051
"15-May-17",20.02,20.44,19.7407,20.01,912410
"16-May-17",19.15,19.95,17.9,18.3,1661905
"17-May-17",18.18,18.56,17.6,17.74,982097
"18-May-17",17.75,18.78,17.71,18.73,524767
"19-May-17",18.39,18.7584,17.84,17.91,514687
"22-May-17",17.51,17.6,16.86,17.45,1108540
"23-May-17",17.56,17.8,17.04,17.3,442492
"24-May-17",17.28,17.49,17.1184,17.22,355742
"25-May-17",17.26,17.26,16.26,16.31,651420
"26-May-17",16.31,16.4334,15.57,15.62,600210
"30-May-17",15.57,15.63,13.16,13.75,2513985
"31-May-17",13.78,14.3527,13.12,13.66,1469040
"01-Jun-17",13.9,14.1394,13.52,13.95,832720
"02-Jun-17",13.95,14.36,13.9,14.21,893270
"05-Jun-17",14.3,14.4,13.53,13.69,503578
"06-Jun-17",13.65,14.29,13.2,14.19,796810
"07-Jun-17",14.56,15.7,14.55,15.64,1364356
"08-Jun-17",15.8,16.2802,15.17,16.21,999248
"09-Jun-17",16.08,16.28,15.26,15.72,999035
"12-Jun-17",15.81,16.13,14.04,16.07,815566
"13-Jun-17",16,16.3492,15.7,16.04,515868
"14-Jun-17",16.04,16.2616,15.7501,16,559304
"15-Jun-17",15.83,16.7,15.57,15.63,595909
"16-Jun-17",15.54,16.31,15.5,16.28,739587
"19-Jun-17",16.24,17.275,16.21,16.82,826381
"20-Jun-17",16.91,17.3431,16.321,16.6,718738
"21-Jun-17",16.55,16.95,16.55,16.91,721674
"22-Jun-17",16.94,17.87,16.94,17.54,1097498
"23-Jun-17",17.77,17.96,17.2,17.95,3686587
"26-Jun-17",18,18.25,17.56,17.96,673470
"27-Jun-17",17.91,18.23,17.42,17.44,517620
"28-Jun-17",17.61,18.09,17.5,17.99,370975
"29-Jun-17",18,18,16.75,17.12,462881
"30-Jun-17",17.18,17.2,16.53,16.78,594072
"03-Jul-17",16.78,17.5,16.78,17.43,173287,6.262372
"04-Jul-17",,,,,,6.264341
"05-Jul-17",17.35,17.93,17.07,17.51,428950,6.459685
"06-Jul-17",17.57,17.6,16.9,17.02,334459,6.445411
"07-Jul-17",17.04,17.42,17.01,17.18,274886,6.909845
"10-Jul-17",17.12,17.37,16.8,16.89,329227,6.772685
"11-Jul-17",16.8,17.18,16.8,17.04,400482,6.623022
"12-Jul-17",17.13,17.38,17.02,17.28,296404,6.632814
"13-Jul-17",17.28,17.89,17.08,17.71,436950,6.992088
"14-Jul-17",17.17,17.61,16.9801,17.3,777033,7.207142
"17-Jul-17",17.3,17.5217,15.5601,16.28,1204043,6.994775
"18-Jul-17",16.63,16.63,15.42,15.45,802651,6.921026
"19-Jul-17",15.58,15.89,15.5,15.87,508781,7.026088
"20-Jul-17",15.89,16.04,15.5,15.74,344241,7.38915
"21-Jul-17",15.81,16.29,15.6,15.82,421075,7.457544
"24-Jul-17",15.83,16.34,15.56,16.32,269426,7.553466
"25-Jul-17",16.43,16.65,16.01,16.31,328001,7.578455
"26-Jul-17",16.27,16.5527,15.84,15.88,392856,7.526213
"27-Jul-17",16,16.4744,15.28,15.9,706431,7.541573
"28-Jul-17",16,17.55,16,17.14,1092032,7.363702
"31-Jul-17",17.77,18.15,16.9,16.92,1098952,7.265957
"01-Aug-17",17.14,17.28,16.08,16.39,501864,7.244605
"02-Aug-17",16.43,16.7733,15.69,15.81,643318,7.016618
"03-Aug-17",16.25,17.4673,16.05,17.24,1248491,6.570534
"04-Aug-17",17.6,17.6,16.8201,17.06,600770,6.692251
"07-Aug-17",17.75,19.77,17.65,18.61,2562837,6.64256
"08-Aug-17",19.5,19.65,18.55,18.86,1311929,6.412878
"09-Aug-17",18.85,19,17.8,17.98,860729
"10-Aug-17",19.18,20.39,18.31,19.72,1856932
"11-Aug-17",19.95,22.055,19.89,21.95,1767150
"14-Aug-17",22.19,23.8,22.1,23.16,1722799
"15-Aug-17",23.13,23.13,20.37,20.65,1944497
"16-Aug-17",20.62,21.89,20.5003,20.74,780223
"17-Aug-17",20.44,20.48,18.7,18.8,1855064
"18-Aug-17",18.66,18.8,17.8,17.83,1305164
"21-Aug-17",17.92,18.35,17.35,17.82,1022223
"22-Aug-17",17.88,19.01,17.88,18.41,941361
"23-Aug-17",18.27,18.81,18,18.45,717980
"24-Aug-17",18.5,19.55,18.28,19.51,774368
"25-Aug-17",19.56,20.4,19,19.1,1459137
"28-Aug-17",20.25,20.8,19.75,20.73,1866978
"29-Aug-17",20.27,21.45,19.9,20.88,1618166
"30-Aug-17",20.89,21.49,20.89,21.26,911673
"31-Aug-17",21.36,21.83,20.92,21.11,1054152
"01-Sep-17",21.12,21.42,20.04,20.59,861824
"05-Sep-17",20.52,20.92,19.05,20.04,1278793
"06-Sep-17",20.15,20.33,19.5,19.69,794113
"07-Sep-17",19.88,20.54,19.33,20.2,942781
"08-Sep-17",20.18,20.4521,19.88,20.09,973796
"11-Sep-17",20.29,20.54,19.91,19.98,717023
"12-Sep-17",19.83,20.14,19.55,19.93,864046
"13-Sep-17",19.87,21.22,19.87,21.08,1186005
"14-Sep-17",21.1,21.54,20.63,21.1,813667
"15-Sep-17",21.01,21.38,20.69,20.94,3322367
"18-Sep-17",20.79,21.989,20.76,21.37,852615
"19-Sep-17",21.5,22.09,21.37,22.03,1283398
"20-Sep-17",22.1,22.6648,21.72,22.54,831910
"21-Sep-17",22.54,24.5,22.45,23.16,1548345
"22-Sep-17",23.14,23.39,22.55,22.85,618397
"25-Sep-17",22.85,23.21,21.02,21.13,1204901
"26-Sep-17",21.1,21.2497,20.16,20.3,1110442
"27-Sep-17",21,21.39,19.06,19.93,1826918
"28-Sep-17",20.68,23.94,20.14,23.14,2716795
"29-Sep-17",23.3,24.38,23.12,24.01,1816767
"02-Oct-17",24.39,25.37,24.0501,24.56,1607340,5.113813,3.2837
"03-Oct-17",24.73,25.56,24.341,25.54,1327879,5.217753,3.4326
"04-Oct-17",25.57,26.75,23.01,23.5,2263786,4.903427,3.4225
"05-Oct-17",23.8,25.02,22.75,25,1374702,5.030209,3.3964
"06-Oct-17",24.83,26,24.5,25.01,1237790,5.080471,3.4056
"09-Oct-17",25.13,25.93,24.84,25.02,734662,4.966425,3.4041
"10-Oct-17",25.09,25.47,24.15,25.21,830505,4.57361,3.3657
"11-Oct-17",25,25.02,23.6445,24.11,1179641,4.640308,3.3616
"12-Oct-17",24.27,25.3492,24.27,24.89,1253849,4.487088,3.3405
"13-Oct-17",24.81,24.899,23.02,23.37,1479502,4.9071,3.3284
"16-Oct-17",23.46,24.19,22.55,22.79,1111995,4.463242,3.3194
"17-Oct-17",22.75,23.93,22.7,23.2,658216,4.662493,3.3299
"18-Oct-17",23.4,23.7118,22.54,23.33,623809,4.635826,3.3062
"19-Oct-17",23.25,24,22.8678,23.95,855734,5.051056,3.2788
"20-Oct-17",24.01,24.64,23.42,24.01,632608,5.056577,3.2704
"23-Oct-17",24.34,24.99,23.75,23.87,839848,4.99343,3.2577
"24-Oct-17",23.84,24.33,22.7,22.75,979069,4.966781,3.216
"25-Oct-17",22.75,23.11,22.55,22.81,769152,5.028963,3.1652
"26-Oct-17",22.76,22.8,21.26,21.89,931428,5.291558,3.1821
"27-Oct-17",21.88,22.4877,21.36,22.28,977825,5.428411,3.1872
"30-Oct-17",22.26,24.69,22.2,23.9,1033404,5.234386,3.1631
"31-Oct-17",24.25,25.15,23.89,24.8,831906,5.186304,3.152
"01-Nov-17",24.97,25.19,22.8485,23.37,960587,5.33987,3.0014
"02-Nov-17",23.41,23.94,23.04,23.93,507099,5.219392,3.1332
"03-Nov-17",24.5,25.2,23.94,24.93,998668,5.319288,3.1204
"06-Nov-17",25.68,25.7,23.65,24.02,865941,5.327385,3.1186
"07-Nov-17",24.1,24.35,23.04,23.07,729157,5.2131,3.1045
"08-Nov-17",22.75,23.11,20.2867,22.37,1635090,5.253091,3.0826
"09-Nov-17",22.15,22.92,21.7001,22.68,595597,5.285781,3.0761
"10-Nov-17",22.65,24.4679,22.55,24.38,761914,5.473132,3.0727
"13-Nov-17",24.15,24.93,23.73,24.68,734291,5.472564,3.0306
"14-Nov-17",24.54,24.75,22.5348,23.55,917908,5.584631,2.9838
"15-Nov-17",23.09,24.47,23.05,24.34,568636,5.543267,2.9817
"16-Nov-17",24.39,25.9,24.32,25.03,1181423,5.671164,2.8641
"17-Nov-17",24.93,25.61,24.35,25.05,576713,5.543191,2.8293
"20-Nov-17",25.04,25.9,25.01,25.46,572821,5.413067,2.8113
"21-Nov-17",25.63,26.58,25.6,25.95,787827,5.408468,2.7844
"22-Nov-17",25.94,28.45,25.9207,28.25,1502315,5.219106,2.7736
"23-Nov-17",,,,,,5.206341,2.7735
"24-Nov-17",28.35,28.35,25.2606,25.8,1008147,5.141812,2.7784
"27-Nov-17",26.04,27.973,26,26.97,1190732,4.845549,2.7697
"28-Nov-17",27.24,27.39,26.1,27.13,1129629,4.785176,2.744
"29-Nov-17",27.25,28.69,27.25,28.05,1191910,5.027791,2.5593
"30-Nov-17",28.08,30,28.0501,28.87,1764531,4.483651,2.6793
"01-Dec-17",28.87,30.4,28.37,29.87,1022541,4.21131,2.4852
"04-Dec-17",30.39,31.8109,27.68,27.76,1316330,4.013011,2.5731
"05-Dec-17",27.82,28.78,27.1011,27.29,931909,3.865648,2.5815
"06-Dec-17",25.67,25.8,24.5,25.175,3714847,3.74203,2.4977
"07-Dec-17",25.5,26,24.9,25.78,1286256,3.607259,2.4739
"08-Dec-17",26,26.19,24.5,24.96,1248863,3.917463,2.4567
"11-Dec-17",25.25,25.58,23.2,23.6,1606064,4.242368,2.4855
"12-Dec-17",23.93,24.29,22.5,23.58,1721249,4.742649,2.4652
"13-Dec-17",23.32,24.55,23.0665,24.37,960204,4.962953,2.426
"14-Dec-17",24.6,25.05,24.11,24.42,952572,4.794385,2.4226
"15-Dec-17",24.49,25.25,23.829,25,1907268,4.154805,2.5431
"18-Dec-17",25.22,25.25,24.07,25.12,799975,4.322137,2.4051
"19-Dec-17",25.16,25.85,24.22,24.58,715452,4.353056,2.4195
"20-Dec-17",24.61,25.35,24.55,24.89,624006,4.420287,2.4293
"21-Dec-17",25.5,27.43,25.34,26.71,1948604,4.48605,2.3785
"22-Dec-17",27,28.69,26.92,28.43,1338533,4.470813,2.3711
"25-Dec-17",,,,,,4.440728,2.3711
"26-Dec-17",28.02,30.37,28,29.26,1104573,4.659746,2.3506
"27-Dec-17",29.45,31,29.38,29.9,1234207,4.475617,2.3181
"28-Dec-17",30.5,31.79,29.83,31.34,1259246,4.318765,2.2969
"29-Dec-17",31.45,32.85,30.73,30.73,1092826,4.382095,2.314
"01-Jan-18",,,,,,4.447215,2.312
"02-Jan-18",30.88,34.81,30.75,34.32,2149367,5.033729,2.0869
"03-Jan-18",35,36,32.41,33.33,1597007,4.874174,2.1177
"04-Jan-18",33.42,34.75,32.81,33.92,1224336,4.917287,2.0753
"05-Jan-18",34.2,34.6,33.1,33.59,1117124,4.999268,2.0691
"08-Jan-18",29.47,30.44,27,30.02,6031242,4.536169,2.0601
"09-Jan-18",30.25,32.01,30.15,31.17,1530690,4.803546,2.1528
"10-Jan-18",30.92,31.79,30.05,31.62,980931,4.816249,2.091
"11-Jan-18",31.83,32.8,31.2,32.35,1258282,4.501091,2.0471
"12-Jan-18",32.42,33.14,31.99,32,930429,4.353593,2.0233
"15-Jan-18",,,,,,4.337,2.0223
"16-Jan-18",32.14,33,29.017,30.02,1718081,4.624547,2.0295
"17-Jan-18",30.48,31.79,29.84,30.38,1278323,4.126395,2.0007
"18-Jan-18",30.22,30.35,29.16,29.84,1147367,3.998743,1.9875
"19-Jan-18",29.95,30.7,29.25,30.4,817403,3.607916,1.9541
"22-Jan-18",30.88,34.75,30.72,34.62,3218733,3.354809,1.9167
"23-Jan-18",35.21,36.2,33.49,34.8,2522971,3.36249,1.8918
"24-Jan-18",35,36.35,33,33.88,2138300,3.191808,1.8706
"25-Jan-18",34.01,34.75,33.0018,34.23,1400920,3.432334,1.7993
"26-Jan-18",34.67,37.36,34.26,35.96,2993660,3.208426,1.7591
"29-Jan-18",35.81,41.6,35.51,40.7,3406724,3.075329,1.7401
"30-Jan-18",38.95,40.81,37.92,39.26,2497921,2.330233,1.6508
"31-Jan-18",39.58,39.68,35.56,36.51,2340309,2.400196,1.6172
"01-Feb-18",36.14,37.95,35.12,36.57,1359715,2.411131,1.3539
"02-Feb-18",36.01,36.5,34.61,34.75,989157,2.651846,1.4225
"05-Feb-18",34,35.63,32.6,33.98,1538718,2.510897,1.4088
"06-Feb-18",33,35.37,31.31,35.07,1520599,2.305627,1.3767
"07-Feb-18",35.25,37.7,35.24,36.67,2172843,2.249653,1.3628
"08-Feb-18",36.84,37,33.28,33.28,1293596,2.255785,1.3433
"09-Feb-18",33.84,34.57,29.92,33.69,2118932,2.119044,1.3316
"12-Feb-18",34.25,34.67,31.8,32.85,1326210
"13-Feb-18",31.79,33.67,31.7,33.1,1284965,2.72139,1.3353
"14-Feb-18",32.67,34.8799,32.27,34.59,1066909,2.601453,1.315
"15-Feb-18",34.88,35.41,33.9,34.79,850991,2.706065,1.2804
"16-Feb-18",34.84,35.92,33.78,33.82,1192473,2.727109,1.2865
"19-Feb-18",,,,,,2.712427,1.2844
"20-Feb-18",33.8,34.97,33.0201,33.28,873090,2.735839,1.269
"21-Feb-18",33.5,37.21,33.36,34.49,2039379,2.798014,1.2203
"22-Feb-18",35.06,36.7,34.771,35.11,1293343,2.918825,1.2107
"23-Feb-18",35.5,36.33,34.2,35.89,1106805,2.827643,1.1962
"26-Feb-18",36.2,38.2,36.05,37.92,2223675,2.889561,1.1782
"27-Feb-18",38.1,38.5,36.72,36.81,1516671,2.861439,1.1789
"28-Feb-18",37,38.12,36.63,36.64,867252,2.78679,1.1787
"01-Mar-18",36.33,36.999,34,35.3,1295163,2.764195,1.0611
"02-Mar-18",34.53,38.5,34.1505,37.96,1802498,2.70776,1.1744
"05-Mar-18",37.79,39.08,37.07,38.48,1433323,2.749594,1.17
"06-Mar-18",39,39.35,37.62,38.44,1550632,2.664059,1.1749
"07-Mar-18",37.42,43.25,37.1,42.28,4423126,2.8133,1.1674
"08-Mar-18",42.31,43.63,41.61,42.81,2243037,2.675985,1.1605
"09-Mar-18",43.02,45.02,42.57,44.08,2336553,2.438205,1.1451
"12-Mar-18",44.95,44.99,41.15,41.77,2352326,2.461208,1.0999
"13-Mar-18",40.25,42.9,40.05,41.42,1704202,2.464835,1.092
"14-Mar-18",41.29,41.99,40.45,41.51,872342,2.72094,1.0116
"15-Mar-18",41.87,41.97,36.5,39.34,2328712,2.586023,1.0136
"16-Mar-18",39.81,40.66,37.65,38.02,1911578,2.592746,1.0045
"19-Mar-18",37.64,38.2526,36.08,37.3,1344005,2.267886,0.9859
"20-Mar-18",37.58,38.99,37.1,38.14,1075969,2.144253,0.9828
"21-Mar-18",38.31,39.49,38.04,39.24,854799,2.111159,0.9736
"22-Mar-18",39,40.07,37.88,38,1156928,2.228406,0.9621
"23-Mar-18",37.75,39.39,37.6465,37.9,838620,2.264372,1.0928
"26-Mar-18",38.96,38.96,34.2801,36.42,2457199,2.271274,0.9616
"27-Mar-18",36.69,36.8,33.05,33.18,1551529,2.269983,0.9647
"28-Mar-18",33.05,33.92,30.56,32.63,2486185,2.390118,0.9354
"29-Mar-18",33.1,34.19,32.1,33.15,1592496,2.33907,0.9328
"30-Mar-18",,,,,,2.324942,0.9328
"02-Apr-18",32.91,33.4591,31.25,31.77,1279179,2.190941,0.9376
"03-Apr-18",32.04,32.84,31.32,32.2,916474,2.144293,0.945
"04-Apr-18",31.49,33.91,31.17,33.78,1064101,2.133732,0.9418
"05-Apr-18",34,34.32,32.5,32.91,873647,2.116527,0.9529
"06-Apr-18",32.85,34.5724,31.65,31.94,1045414,2.048505,0.9442
"09-Apr-18",33.18,34.98,32.34,32.41,1338512,2.205481,0.9441
"10-Apr-18",33,34.25,32.88,34.15,886890,2.211134,0.9401
"11-Apr-18",33.93,36.65,33.841,34.52,1259755,2.193466,0.9201
"12-Apr-18",34.89,36.06,34.61,35.56,676785,2.219596,0.9209
"13-Apr-18",35.96,36.0999,33.85,34.69,990744,2.158278,0.9094
"16-Apr-18",34.93,35.04,33.901,34.46,647979,2.197493,0.917
"17-Apr-18",34.56,36.37,34.5,35.68,948240,2.539881,0.8856
"18-Apr-18",35.73,36.1299,35.2857,35.35,579527
"19-Apr-18",35.1,35.97,34.68,34.81,784746,2.269057,0.8495
"20-Apr-18",34.87,35.36,34.2,34.46,595198,2.810347,0.7729
"23-Apr-18",34.35,34.77,32.41,33.44,855980,2.176017,0.8128
"24-Apr-18",33.48,35.1,32.0705,32.42,1002959,2.171375,0.8105
"25-Apr-18",32.45,33.0614,31.44,31.78,816562,2.161767,0.8144
"26-Apr-18",31.88,33.23,31.73,32.95,835566,2.156975,0.8195
"27-Apr-18",32.97,33.19,32.11,32.98,583223,2.392749,0.9423
"30-Apr-18",33.31,33.78,31.12,31.4,1039916,2.449157,0.994
"01-May-18",31.45,32.56,31.4498,32.49,588459,2.597714,0.9235
"02-May-18",32.4,33.25,32.02,32.68,672130,2.885296,0.9286
"03-May-18",32.42,32.84,31.15,31.6,907924,2.806566,0.9156
"04-May-18",32.04,35.55,31.62,33,1701159,3.560705,1.2786
"07-May-18",33.43,34.66,32.61,33.56,1044437,2.952158,0.9224
"08-May-18",34,34.03,32.2,33.46,724991,2.78055,0.8943
"09-May-18",33.45,34.57,33.171,34.46,544970,2.794029,0.881
"10-May-18",34.46,34.62,33.41,33.56,720769,2.845979,0.8707
"11-May-18",33.5,35.35,33.5,35.18,874815,2.795336,0.8645
"14-May-18",35.25,37.2,35.25,36,1258958,2.768995,0.8466
"15-May-18",36.04,37.56,35.172,36.44,1174335,2.861486,0.8467
"16-May-18",36.5,37.6,36,37.06,978235,2.823483,0.849
"17-May-18",37,38.67,36.62,37.98,1323082,2.753782,0.8482
"18-May-18",38.06,38.49,34.29,34.85,2144039,2.735331,0.8486
"21-May-18",35.23,35.59,33.09,33.38,1439323,2.759263,0.8466
"22-May-18",33.78,34.75,33.24,34.16,863041,3.365601,0.8241
"23-May-18",34.13,36.45,34.09,36.06,1217510,3.673596,0.8367
"24-May-18",35.98,37.44,35.4696,36.63,1000322,3.538131,0.8231
"25-May-18",36.56,37.12,35.541,36.53,587467
"28-May-18",,,,,,3.624207,0.8231
"29-May-18",36.36,36.36,34.7125,35.65,763685
"30-May-18",35.74,38.34,35.7261,37.93,1051527,3.440223,0.7963
"31-May-18",36.93,38.525,35.82,38.32,1299846,3.47263,0.7982
"01-Jun-18",38.75,40.43,36.65,37.01,1682945,3.366839,0.7883
"04-Jun-18",37.1,37.47,35.36,36.6,1121173,3.347797,0.7982
"05-Jun-18",36.58,38.54,36.52,38.33,1026420
"06-Jun-18",38.5,39.0871,37.62,38.23,798497,3.482874,0.8047
"07-Jun-18",38.41,38.93,37.64,37.81,744374,3.37101,0.7989
"08-Jun-18",37.67,39.44,37.55,39.21,689928
"11-Jun-18",39.33,40.23,35,36.15,4483674,3.457049,0.781
"12-Jun-18",36.16,37.77,35.68,36.01,1241966,3.411341,0.7856
"13-Jun-18",36.1,37.36,35.561,36.21,1320441,3.610625,0.802
"14-Jun-18",36.25,37.2779,35.87,37.25,819157,3.694077,0.7911
"15-Jun-18",36.97,38,36.66,37.5,1103439,3.776757,0.7792
"18-Jun-18",37.34,39.79,37.33,39.23,988086,3.940167,0.7766
"19-Jun-18",38.25,39.42,37.675,39.39,1009003
"20-Jun-18",39.61,41.41,39.595,41.01,1464359
"21-Jun-18",41.01,41.4292,38.7,39.78,939586,3.84828,0.8049
"22-Jun-18",39.8,40.11,39.05,39.37,2336618,3.781585,0.809
"25-Jun-18",39.06,39.31,37.22,37.47,837606,3.82778,0.8193
"26-Jun-18",37.5,38.14,37.06,37.51,615875
"27-Jun-18",37.46,37.6499,35,35.68,899031,3.940705,0.8039
"28-Jun-18",35.6,36.035,34.02,35.85,745659,3.974745,0.8014
"29-Jun-18",36.22,36.7234,35.58,35.83,623904
"02-Jul-18",35.5,37.02,35.3001,36.99,564733,4.187498,0.7995
"03-Jul-18",37.25,37.47,36.59,36.82,441962,4.223302,0.804
"04-Jul-18",,,,,,4.219646,0.8041
"05-Jul-18",37.03,37.55,36.08,36.83,734564,4.27358,0.8058
"06-Jul-18",36.9,38.34,36.88,37.94,654074
"09-Jul-18",38.02,38.66,37.33,38.39,792463,4.102269,0.8047
"10-Jul-18",38.59,38.769,37.8,37.97,559904,4.273741,0.7947
"11-Jul-18",37.56,38.24,37.201,38,491751,4.278256,0.7859
"12-Jul-18",38.24,38.4899,37.55,37.85,609585,4.274136,0.7853
"13-Jul-18",37.9,38.3,37,37.9,622449,4.194277,0.7725
"16-Jul-18",37.96,38.2,34.53,35.2,1525895
"17-Jul-18",34.66,36.68,34.65,36.46,643135,4.04064,0.7585
"18-Jul-18",36.45,36.45,35.05,35.38,708496
"19-Jul-18",35.2,36.35,34.38,36.13,704532
"20-Jul-18",36,36.7,35.785,36.25,420750,4.310487,0.7332
"23-Jul-18",36.1,36.3,35.2,35.37,435887,4.258602,0.7299
"24-Jul-18",35.66,35.66,31.5,32.46,1925779,4.184572,0.7315
"25-Jul-18",32.41,33.54,31.62,31.82,1071200,4.201232,0.7326
"26-Jul-18",31.65,32.149,30.57,31.54,814973,4.180461,0.7461
"27-Jul-18",31.46,31.499,29.01,29.7,1479397,4.173861,0.7566
"30-Jul-18",29.49,30.17,28.41,29.41,1091502,4.131185,0.7506
"31-Jul-18",29.37,30.66,29.3,29.74,693507
"01-Aug-18",29.67,30.51,28.82,29.42,701854,4.264751,0.7524
"02-Aug-18",29.17,29.8,28.98,29.49,464860,4.356462,0.7548
"03-Aug-18",29.55,29.819,28.4201,28.68,637499
"06-Aug-18",29.01,29.55,28.22,29.09,909522,4.33509,0.7353
"07-Aug-18",28.01,29,26,28.83,1897700,4.309591,0.7375
"08-Aug-18",28.72,28.72,27.59,27.65,734697
"09-Aug-18",27.7,30.6,27.63,28.66,1584381
"10-Aug-18",28.5,29.88,28.5,29.64,618271,4.073353,0.7411
"13-Aug-18",29.7,30.08,29.01,29.36,670089,3.871193,0.7497
"14-Aug-18",29.41,30.42,29.0527,29.6,606538,3.953799,0.7473
"15-Aug-18",29.47,29.97,28.22,29.07,551588,4.005353,0.7419
"16-Aug-18",29.26,30.11,28.99,29.94,543553,4.085171,0.7273
"17-Aug-18",29.97,30.14,29.25,29.86,380593,4.136754,0.7231
"20-Aug-18",30,30.57,29.28,30.41,491276,4.25807,0.7216
"21-Aug-18",30.69,32.07,30.45,31.32,712208,4.309116,0.7238
"22-Aug-18",31.23,32.07,30.98,31.36,434134,4.254709,0.7223
"23-Aug-18",30.815,31.6,29.94,30.43,552909,4.196577,0.7217
"24-Aug-18",30.4,30.92,30.31,30.66,483962,4.291024,0.7209
"27-Aug-18",30.88,31.52,30.32,30.76,554148,4.355281,0.7187
"28-Aug-18",30.52,31.19,30.244,30.97,528486,4.309975,0.7203
"29-Aug-18",31.08,32.05,30.51,31.73,567398,4.316977,0.7178
"30-Aug-18",31.69,32.47,31.67,32.07,469109,4.395418,0.7192
"31-Aug-18",32,33.13,31.83,32.83,769498
"03-Sep-18",,,,,,4.391084,0.7648
"04-Sep-18",33.18,33.34,31.73,32.8,701864,4.480988,0.7655
"05-Sep-18",32.44,32.44,30.74,32,842009,4.469088,0.7825
"06-Sep-18",32,32.44,29.92,30.01,612730,4.406738,0.7848
"07-Sep-18",29.93,30.8,29.62,30.25,462121,4.319161,0.7754
"10-Sep-18",30.34,32.31,29.8536,31.07,1507628,4.126179,0.7635
"11-Sep-18",31.3,32.3,30.8252,32.24,656980,4.124178,0.7556
"12-Sep-18",32.18,32.9,31.6191,32.49,501308
"13-Sep-18",32.66,32.9255,31.675,32.22,555757,4.525685,0.7661
"14-Sep-18",32.26,33.2,32.241,32.41,668736,4.510935,0.7493
"17-Sep-18",32.33,32.79,31.31,31.87,623025,4.501918,0.7455
"18-Sep-18",31.79,33.1,31.5,32.82,549349,4.463012,0.7381
"19-Sep-18",32.65,33.8,32.65,33.19,718779,4.581289,0.7435
"20-Sep-18",33.29,33.75,31.67,32.57,675352,4.526282,0.7472
"21-Sep-18",33.01,33.01,29.88,30.1,1806821,4.697704,0.7687
"24-Sep-18",30.23,30.85,30.05,30.55,615530,4.791062,0.7917
"25-Sep-18",30.57,32.82,30.26,32.57,825633,5.074994,0.7939
"26-Sep-18",32.7,32.9,32.24,32.46,363375,5.046582,0.7812
"27-Sep-18",32.34,33.54,32.095,32.41,431655,4.977902,0.7814
"28-Sep-18",32.17,32.88,31.68,31.82,548045,5.039648,0.7816
"01-Oct-18",31.98,32,30.2,30.47,600328,4.9937,0.777
"02-Oct-18",30.45,30.81,28.86,29.11,1171887,4.936881,0.7872
"03-Oct-18",29.25,30.27,28.5,30.21,850575,4.978235,0.7896
"04-Oct-18",29.99,30.0004,28.11,28.61,804895,4.817402,0.7812
"05-Oct-18",28.74,29.413,27.7501,28.57,693170,4.839834,0.7808
"08-Oct-18",28.31,28.55,27.15,27.86,865887,4.815882,0.7809
"09-Oct-18",27.69,28.64,27.44,27.76,458434,4.994082,0.7913
"10-Oct-18",27.64,27.95,25.9,25.99,846471,5.1615,0.7909
"11-Oct-18",26.52,27.1,25.66,26.55,1279071,4.983851,0.7912
"12-Oct-18",26.82,28.02,26.65,27.32,640748,4.895779,0.7931
"15-Oct-18",27.32,27.5,26.18,27.1,465427,4.911678,0.7959
"16-Oct-18",27.3,29.16,26.7,29.06,676586,4.822841,0.7911
"17-Oct-18",28.96,29.629,28.13,29.56,448458,4.883708,0.7883
"18-Oct-18",29.45,29.85,27.87,28.35,406580,4.815265,0.7911
"19-Oct-18",28.47,29.18,27.34,27.49,573922,4.773126,0.7846
"22-Oct-18",27.57,27.8625,26.35,26.81,564329,4.832843,0.7813
"23-Oct-18",26.05,27.32,25.8,26.83,841468,4.992066,0.8052
"24-Oct-18",26.89,27.76,24.35,24.39,1145249,4.880592,0.8033
"25-Oct-18",24.71,26.83,24.59,26.23,781252,5.198899,0.8053
"26-Oct-18",25.66,26.26,24.9056,25.98,611003
"29-Oct-18",26.5,26.83,24.4,25.05,468384
"30-Oct-18",24.9,25.93,24.2139,24.7,583128
"31-Oct-18",25.03,26.19,25.03,25.33,638514
"01-Nov-18",25.49,27.58,25.4468,27.46,785594
"02-Nov-18",27.53,28.49,27.03,28,544522
"05-Nov-18",28.14,28.25,26.76,27.8,342658,5.542155,0.844
"06-Nov-18",27.82,28.22,26.63,27.08,704783,5.722932,0.8295
"07-Nov-18",27.24,28.72,27,28.62,678254,5.624154,0.8393
"08-Nov-18",29.85,30.99,29.05,29.98,1310214,5.585274,0.8278
"09-Nov-18",29.65,30.0367,28.42,28.95,706287,5.556091,0.8663
"12-Nov-18",28.91,29.19,27.99,28.19,491876,5.684802,0.8663
"13-Nov-18",28.49,29.7,28.24,28.98,394900,5.500437,0.8396
"14-Nov-18",29.32,29.48,26.85,26.9,702237,5.505511,0.8316
"15-Nov-18",26.84,28.33,26.74,28.08,754278,5.550521,0.8137
"16-Nov-18",27.64,29.03,27.07,28.96,652544,5.631571,0.7954
"19-Nov-18",28.82,28.95,26.77,27.15,564007,5.649862,0.8005
"20-Nov-18",26.64,27.01,25.06,25.56,640380,5.609861,0.8132
"21-Nov-18",25.99,28.42,25.57,27.97,1774670,5.158192,0.8007
"22-Nov-18",,,,,,5.212707,0.8014
"23-Nov-18",27.48,28.63,27.48,28.03,359254,5.19062,0.8025
"26-Nov-18",28.6,29.41,28.2,28.76,620809,5.255906,0.7759
"27-Nov-18",28.42,28.57,27.335,27.42,485663,5.161895,0.7772
"28-Nov-18",27.6,29.45,27.09,29.37,637412,4.978648,0.7671
"29-Nov-18",29.08,30.54,29,30.11,741693,4.724146,0.7683
"30-Nov-18",30.4,31.21,30.16,31.16,696448,4.794261,0.7664
"03-Dec-18",32.22,32.4608,31.3,31.79,952452
"04-Dec-18",31.76,32.4,30.42,30.49,1072938
"06-Dec-18",29.9,30.38,28.85,29.69,720201,5.174396,0.7644
"07-Dec-18",29.48,30.26,28.27,28.39,749319,5.096167,0.7535
"10-Dec-18",28.53,29.21,27.66,28.99,574633,4.99521,0.7499
"11-Dec-18",29.53,30.25,28.97,29.6,497230,5.236794,0.744
"12-Dec-18",30.16,31.1,30.01,30.31,509869,5.038545,0.7416
"13-Dec-18",30.41,30.5,28.6,28.94,597180,5.008209,0.7384
"14-Dec-18",28.59,29.35,28.25,28.45,367237,5.091689,0.7394
"17-Dec-18",28.43,28.85,27.09,27.64,727170,5.152575,0.748
"18-Dec-18",27.96,27.96,25.51,26.31,927622,5.236255,0.7439
"19-Dec-18",26.19,27.39,24.3542,24.95,995917
"20-Dec-18",24.74,25.33,22.66,22.96,1127190,4.863985,0.743
"21-Dec-18",22.85,22.9,18.18,18.19,3595198
"24-Dec-18",18,20.2,17.8,19.53,1128623
"25-Dec-18",,,,,,4.414452,0.7034
"26-Dec-18",19.68,20.769,19.53,20.59,1013069
"27-Dec-18",20.15,20.51,19.07,20.32,815659
"28-Dec-18",20.65,21.39,20.31,20.72,678961
"31-Dec-18",20.87,22.95,20.8548,22.75,1045487,3.381758,0.7909
"02-Jan-19",22.03,23.39,21.67,23.34,959448
"03-Jan-19",23.08,23.8,21.68,21.96,920184
"04-Jan-19",22.42,23.4864,22.03,23.2,985204
"07-Jan-19",23.78,24.99,23.2,24.93,882801
"08-Jan-19",25.33,25.9072,24.12,25.45,1193480
"09-Jan-19",25.62,26.825,25.46,26.4,878049
"10-Jan-19",26.12,26.5,25.2,26.41,990855
"11-Jan-19",26.23,26.66,25.66,26.2,448089
"14-Jan-19",25.99,26.26,24.92,24.99,732030
"15-Jan-19",25.18,26.66,25.13,26.4,882167
"16-Jan-19",26.55,28.15,26.08,26.26,909684
"17-Jan-19",26.16,26.61,25.85,26.21,409361
"18-Jan-19",26.32,26.86,25.9,26.14,648314
"22-Jan-19",23.51,23.72,20.3,20.95,5641215
"23-Jan-19",20.62,21.26,19.33,20.1,2963713
"24-Jan-19",20.2,21.54,19.98,21.33,1763964
"25-Jan-19",21.39,21.54,20.5,21.46,1102897,4.429204,0.6657
"28-Jan-19",21.11,21.22,20.25,20.66,946020,4.498199,0.6666
"29-Jan-19",20.65,20.99,19.93,20.29,993109,4.756889,0.6613
"30-Jan-19",20.45,21.48,20.3,21.28,960327,4.745237,0.6572
"31-Jan-19",21.17,22,20.96,21.73,840204,4.690734,0.6577
"01-Feb-19",21.79,21.98,21.26,21.6,523444,4.763944,0.6656
"04-Feb-19",21.66,22.05,21.1,21.91,599777,4.790072,0.6662
"05-Feb-19",21.94,22.58,21.08,21.14,697068,4.739399,0.6587
"06-Feb-19",21.14,21.53,20.64,21.1,636257,4.704777,0.6528
"07-Feb-19",20.95,21.18,19,19.43,1746513,4.753446,0.6597
"08-Feb-19",19.5,19.99,19.09,19.75,1365576,4.699962,0.684
"11-Feb-19",19.85,20.5,19.75,19.97,531365,4.743356,0.6903
"12-Feb-19",20.11,20.52,19.96,20.29,786871,4.845158,0.6937
"13-Feb-19",20.36,20.608,19.84,19.95,507235,4.922834,0.7003
"14-Feb-19",19.9,20.3,19.6401,19.86,619848,4.769765,0.6712
"15-Feb-19",19.99,20.4,19.85,20.08,665848,4.782346,0.667,7250548
"18-Feb-19",,,,,,4.750224,0.6674
"19-Feb-19",20.04,20.44,20,20.22,674941,4.822918,0.6754
"20-Feb-19",20.31,20.99,20.31,20.55,645678,4.677976,0.6671
"21-Feb-19",20.5,20.77,19.7,19.73,792466,4.646586,0.6647
"22-Feb-19",19.78,20.125,19.5,19.87,657672,4.726784,0.6606
"25-Feb-19",21.22,22.21,20.68,20.93,1915459,4.727748,0.6701
"26-Feb-19",20.81,21.6,20.7,20.72,784087,4.774597,0.6694
"27-Feb-19",20.72,21.29,20.64,20.95,827759,4.765141,0.6735
"28-Feb-19",21.05,21.27,20.13,20.63,1181547,4.892148,0.6781,7489014,7615250.5644
"01-Mar-19",21.02,23.96,20.82,23.64,2537131,4.711224,0.6784,,7634101.9892
"04-Mar-19",24.8,24.8,22.75,23.82,1497678,4.756438,0.6728,,7774762.6204
"05-Mar-19",23.81,24.79,23.42,23.64,1268077,4.466587,0.6546,,7323053.48
"06-Mar-19",23.57,23.99,22.16,22.63,1175121,4.60229,0.6782,,7559421.3448
"07-Mar-19",22.57,23.29,21.9,22.86,662707,5.049627,0.6801,,8286651.3092
"08-Mar-19",22.87,23.29,22.4659,22.6,900930,4.881935,0.6624,,8029981.91
"11-Mar-19",22.62,23.87,22.35,23.84,822136,5.137557,0.6565,,8483141.16
"12-Mar-19",23.84,24.64,23.8244,24.27,730457,5.137261,0.6573,,8371219.8492
"13-Mar-19",24.4,24.6,23.76,24.22,703959,5.174366,0.663,,8456594.6088
"14-Mar-19",24.22,24.46,23.54,23.94,511893,5.19434,0.6531,,8478312.7494
"15-Mar-19",24.03,24.7,23.96,24.29,1974268,5.192956,0.6591,7917037,8684260.6344
"18-Mar-19",24.5,24.8,23.63,23.97,779114,5.072484,0.658,,8489546.2704
"19-Mar-19",24.12,24.6,23.744,24.11,800221,5.443079,0.7141,,9092411.8974
"20-Mar-19",24.11,24.91,24,24.12,1121290,5.339684,0.68,,8936640.4062
"21-Mar-19",23.8,24.8,23.7,24.74,965134,5.474523,0.6768,,9140341.587
"22-Mar-19",24.63,24.68,22.53,22.61,1125797,5.54444,0.6687,,8915671.167
"25-Mar-19",22.58,23.035,21.86,22.8,619978,5.633972,0.6682,,8987565.7014
"26-Mar-19",23.25,23.36,22.62,23.19,523988,5.516512,0.665,,8729194.7184
"27-Mar-19",23.07,23.34,22.5,22.95,507866,5.433205,0.6678,,7776905.4451
"28-Mar-19",22.96,23.66,22.86,23.63,365801,5.552476,0.6763,,7891702.4816
"29-Mar-19",23.86,24.505,23.65,24.45,631166,5.439643,0.6694,8542206,7725444.7046
"01-Apr-19",24.73,25.13,24.39,24.71,639883,5.400898,0.6756,,7620939.8162
"02-Apr-19",24.83,26.13,24.73,26.02,987149,5.267505,0.6762,,7429347.5208
"03-Apr-19",26.34,26.9,26,26.75,816312,5.190694,0.6698,,7305050.0399
"04-Apr-19",26.76,26.89,26.01,26.67,772360,5.243651,0.6711,,7362052.7063
"05-Apr-19",26.72,27.58,26.09,27.48,775187,5.286182,0.6707,,7397679.3728
"08-Apr-19",27.38,27.86,26.82,27.25,743354,5.412932,0.6654,,7558395.2239
"09-Apr-19",27.21,27.5,26.59,26.67,578642,5.346687,0.6695,,7393720.8543
"10-Apr-19",26.69,27.68,26.619,27.67,547670,5.360327,0.6707,,8153535.627
"11-Apr-19",27.67,27.9,25.25,25.49,1197196,5.410103,0.6744,,8256042.099
"12-Apr-19",26,26.44,25.73,26.09,791208,5.367165,0.692,,8235540.8046
"15-Apr-19",26.17,26.57,25.616,26.54,525283,5.495854,0.6785,8334019,8405530.704
"16-Apr-19",26.93,27.49,26.58,27.22,726760,5.450208,0.6773,,8314983.3204
"17-Apr-19",27.34,27.41,25.44,25.72,1097059,5.368167,0.6731,,8214185.2896
"18-Apr-19",25.61,25.953,24.67,25.8,866073,5.335373,0.6814,,8223581.7162
"19-Apr-19",,,,,,5.312627,0.6787,,8234686.584
"22-Apr-19",25.68,26.43,25.5,26.32,595939,5.444231,0.7037,,8384175.189
"23-Apr-19",26.43,27.6,26.23,27.44,626055,5.982302,0.6802,,8482410.558
"24-Apr-19",27.52,27.6,26.47,27.01,527834,6.185464,0.6808,,8332352.1962
"25-Apr-19",26.92,27.515,26.56,27.16,455917,6.329955,0.6852,,8327351.7848
"26-Apr-19",27.25,27.81,26.68,27.76,465728,6.427178,0.6879,,8356520.8513
"29-Apr-19",27.83,28.08,26.2,26.27,1015010,6.833795,0.7168,,8896565.2825
"30-Apr-19",26.05,26.3575,24.6,24.75,1033720,6.552549,0.6927,8375177,8536535.6617
"01-May-19",25,25.05,23.16,23.22,1343521,6.50019,0.7091,,8532368.6522
"02-May-19",23.31,24.1301,23.23,24,1112052,6.395587,0.6968,,8487364.9496
"03-May-19",24.2,25.12,24.07,25.08,802900,6.255768,0.6749,,8290682.1012
"06-May-19",24.58,25.9,24.41,25.86,641479,5.964608,0.6894,,7936486.2937
"07-May-19",25.55,25.61,24.37,24.68,794302,5.693808,0.6388,,7598125.1223
"08-May-19",23.75,25.99,23.75,25.13,822801,5.870242,0.6407,,7700633.556
"09-May-19",24.64,24.965,23.8,24.56,522078,5.975503,0.6378,,7569484.9726
"10-May-19",24.45,24.85,23.75,24.45,588124,5.858711,0.631,,7385231.0786
"13-May-19",23.64,23.965,22.26,22.27,1034094,5.731211,0.6244,,7302316.8263
"14-May-19",22.34,22.88,21.71,22.49,1037104,5.840621,0.6109,,7515883.8398
"15-May-19",22.47,22.7,21.81,22.64,984201,6.062639,0.6146,8428996,7855078.5083
"16-May-19",22.81,23.25,22.7666,23.19,631492,6.25236,0.6224,,8095446.0882
"17-May-19",22.81,23.1,22.301,22.5,582702,6.309661,0.616,,8127271.7608
"20-May-19",22.17,22.1877,21.35,21.45,776733,6.431987,0.6139,,8299800.407
"21-May-19",21.69,23.01,21.53,22.99,767562,6.330577,0.624,,8187573.0352
"22-May-19",22.75,23.1,21.8935,22,616551,5.867852,0.6217,,7564459.8664
"23-May-19",21.65,21.91,20.7689,21.18,852700,6.415047,0.604,,8299800.407
"24-May-19",21.3,21.82,21.25,21.72,455332,6.376803,0.5963,,8787228.33
"27-May-19",,,,,,6.547582,0.6016,,8857188.9968
"28-May-19",21.82,21.82,21.09,21.43,648108,6.590353,0.5987,,8885004.6836
"29-May-19",21.13,21.55,20.8,21.15,548787,6.755357,0.5986,,9056956.202
"30-May-19",21.23,21.44,20.97,21.23,485146,6.865238,0.5979,,9143774.8608
"31-May-19",20.76,21.05,20.52,20.55,543016,6.913286,0.5978,8507988,9158947.0536
"03-Jun-19",20.52,21.115,20.44,20.76,597274,7.306246,0.6018,,9260095.0056
"04-Jun-19",21.01,21.18,20.21,20.83,1110069,7.414124,0.6005,,9454804.8132
"05-Jun-19",21.03,21.185,20.4,20.48,838501,7.503903,0.5996,,9447218.7168
"06-Jun-19",20.52,20.91,20.31,20.58,769360,7.20358,0.6068,,8981095.238
"07-Jun-19",20.98,22.53,20.95,22.41,1066883,7.151259,0.6017,,8896805.278
"10-Jun-19",22.55,22.95,22.04,22.05,669310,7.016162,0.5988,,8707995.7676
"11-Jun-19",22.59,22.69,21.115,21.55,643205,7.094536,0.6004,,8158309.6932
"12-Jun-19",21.53,21.74,21.07,21.74,484383,6.704105,0.5986,,7657189.2
"13-Jun-19",21.97,22.54,21.5644,22.51,565908,6.774828,0.6009,,7712491.122
"14-Jun-19",22.5,22.76,21.7,21.73,531952,6.851282,0.6034,8462151,7772897.8368
"17-Jun-19",22,22.66,21.8,22.61,788511,7.224918,0.6038,,8040048.66
"18-Jun-19",22.82,23.56,22.57,22.99,776138,7.392047,0.6128,,8230627.5912
"19-Jun-19",23.09,23.31,22.645,22.7,432793,7.404793,0.6116,,8185535.2548
"20-Jun-19",23.06,23.2525,22.3086,22.41,646015
"21-Jun-19",22.38,22.92,21.7791,22.83,985177
"24-Jun-19",22.77,22.92,21.77,21.79,719156,7.798871,0.6102,,8455238.4744
"25-Jun-19",21.9,22.93,21.79,22.83,810011,7.421792,0.6084,,8774404.3719
"26-Jun-19",23,23.13,22.15,22.31,602002,7.366539,0.608,,8705860.9488
"27-Jun-19",22.54,23.43,22.51,23.41,590540,7.258804,0.61,,8590775.6952
"28-Jun-19",23.74,24.75,23.51,24.74,3207059,6.848923,0.6025,8405650,8566235.4573
"01-Jul-19",25.41,25.41,24.08,24.24,730884,7.06112,0.6339,,8921645.7993
"02-Jul-19",24.32,24.34,23.65,23.93,377248,7.555153,0.6279,,9496225.8522
"03-Jul-19",24.06,24.6,23.775,24.58,285761,8.488176,0.6899,,10518453.693
"04-Jul-19",,,,,,8.695767,0.6864,,10763856.072
"05-Jul-19",24.36,24.45,23.8,24.06,451101,8.884805,0.6878,,10924636.941
"08-Jul-19",24.06,24.3,23.52,23.97,392023,9.057807,0.6995,,11048184.3456
"09-Jul-19",23.5,24.49,23.33,24.48,481891,9.010016,0.698,,10928868.0165
"10-Jul-19",24.57,24.97,24.3912,24.94,475607,9.042102,0.6916,,10739058.44
"11-Jul-19",24.9,25.19,24.33,24.78,424380,9.060236,0.6866,,10732333.92
"12-Jul-19",24.6,24.97,24.34,24.85,453875,9.157713,0.6866,,10676016.065
"15-Jul-19",24.98,25.59,24.77,25.3,496036,9.176248,0.6753,9879214,10628944.425
"16-Jul-19",25.25,25.25,24.26,24.33,541658,9.096358,0.6904,,10540685.1
"17-Jul-19",24.31,24.67,23.8,24.06,641745,9.583414,0.698,,11084530.655
"18-Jul-19",23.88,24.68,23.8501,24.67,638521,9.922628,0.692,,11361917.105
"19-Jul-19",24.75,25.01,23.67,23.85,617822,9.95916,0.6995,,11341743.545
"22-Jul-19",23.92,24.92,23.7992,24.79,572943,9.956583,0.7135,,11303077.555
"23-Jul-19",25.01,25.62,24.71,25.39,611978,9.930052,0.7059,,11277020.04
"24-Jul-19",25.29,26.07,25.02,26,589518,9.968771,0.6966,,10513459.5388
"25-Jul-19",26.11,26.11,24.9,24.92,509328,10.078316,0.6996,,10625094.657
"26-Jul-19",25.08,26.24,25.08,26.18,619367,10.032361,0.6929,,10614227.5216
"29-Jul-19",26.5,26.59,25.56,26.27,426659,10.085893,0.697,,10661647.7488
"30-Jul-19",26.01,26.81,25.61,26.81,526065
"31-Jul-19",26.89,27,24.81,25.25,764343,10.333866,0.7013,9553401,10820703.0942
"01-Aug-19",25.25,26.09,24.95,25.78,647273,10.499312,0.7127,,10901712.649
"02-Aug-19",25.49,25.765,24.75,24.97,668597,10.547598,0.7051,,10790077.5308
"05-Aug-19",24.32,24.75,23.51,23.93,1030140,10.77237,0.7051,,10971855.0684
"06-Aug-19",23.96,24.68,23.39,24.63,812867,10.977423,0.7156,,11211919.9686
"07-Aug-19",23.49,24.78,22.5446,24.5,835691,10.641506,0.7171,,10915543.5486
"08-Aug-19",24.59,25.27,24.55,24.78,542642,10.499489,0.7013,,10710055.8974
"09-Aug-19",24.62,25.055,24.38,24.84,742038,10.558417,0.7046,,9491303.8935
"12-Aug-19",24.66,24.98,23.9,24.04,647361,10.612685,0.696,,9589703.9238
"13-Aug-19",23.86,24.79,23.67,24.59,1241621,10.554673,0.6957,,9652756.3704
"14-Aug-19",24.76,25.47,24.67,25.09,852222,10.619958,0.7093,,9673773.8526
"15-Aug-19",25.16,25.86,24.93,25.36,608223,10.826412,0.7015,9089325,9769307.8626
"16-Aug-19",25.59,26.06,25.44,25.64,690856,11.519754,0.7405,,10327226.481
"19-Aug-19",25.98,26.07,25.55,25.78,549893,11.494796,0.7258,,10310030.3592
"20-Aug-19",25.73,26.11,25.325,25.59,432578,11.777532,0.7429,,10503009.0594
"21-Aug-19",25.95,26.17,25.5,25.87,384641,11.696561,0.7367,,10338690.5622
"22-Aug-19",25.77,26,24.92,25.29,568762,11.535535,0.8037,,10150488.5625
"23-Aug-19",25.16,25.64,23.94,24.06,585640,11.371754,0.7845,,9999544.8267
"26-Aug-19",24.49,24.715,23.74,24.34,684196,11.442375,0.7818,,9372911.94
"27-Aug-19",24.5,25,23.57,23.72,509143,11.711273,0.7735,,9556516.305
"28-Aug-19",23.75,24.4646,23.52,24.3,461056,12.034272,0.8111,,9772842.24
"29-Aug-19",24.51,25.09,24.4001,25.08,715644,12.227938,0.8149,,9945539.415
"30-Aug-19",25.18,25.45,24.63,24.83,349635,12.426999,0.8,9167898,10061882.775
"02-Sep-19",,,,,,12.338398,0.8,,10061882.775
"03-Sep-19",24.81,25.09,23.52,23.85,548960,12.204266,0.8165,,9924633.9675
"04-Sep-19",24.19,24.43,22.8001,23.16,789617,12.345243,0.8126,,10083697.155
"05-Sep-19",23.48,24.43,23,24.19,685848,12.457531,0.8033,,10076425.695
"06-Sep-19",24.34,25.16,24.02,24.46,620641,12.610686,0.8125,,10149140.295
"09-Sep-19",24.67,25.15,24.13,24.28,425446,12.802979,0.8143,,10122781.2525
"10-Sep-19",24.2,25.55,24.02,25.53,588730,12.739111,0.8156,,10057338.1125
"11-Sep-19",25.67,26.88,25.5,26.57,850990,12.717801,0.8152,,9187150.5858
"12-Sep-19",26.63,27,25.93,26.09,685486,12.584681,0.8144,,9100055.5548
"13-Sep-19",26.21,26.62,25.42,25.5,624725,11.921714,0.8305,8456059,8648994.9732
"16-Sep-19",25.31,26.06,25.3,25.75,494606,11.778978,0.8472,,8556399.2034
"17-Sep-19",25.78,26.13,25.52,25.76,348428,11.707147,0.8813,,8442717.2682
"18-Sep-19",26,26.06,24.9439,25.29,458069,11.479479,0.936,,8214436.608
"19-Sep-19",25.24,25.5,24.92,25.18,407345,11.242859,0.8708,,7974237.6804
"20-Sep-19",25.16,25.48,24.79,24.99,1862934,10.892732,0.7642,,7990739.8968
"23-Sep-19",24.87,25.42,24.3,24.35,327739,11.259268,0.7648,,8135592.6852
"24-Sep-19",24.39,24.5,23.49,23.97,538090,10.944456,0.7532,,7710234.5962
"25-Sep-19",23.76,24.2401,23.25,23.735,458209,11.433709,0.7588,,8005351.0553
"26-Sep-19",23.74,23.85,22.6,22.71,566045,11.466281,0.7543,,7981674.0901
"27-Sep-19",22.71,23.31,22.2,22.485,459153,10.824248,0.7191,,7508980.392
"30-Sep-19",22.45,23.0002,22.327,22.74,314957,11.723285,0.7109,8309154,7570709.6227
"01-Oct-19",22.82,23.49,21.95,22.04,524821,11.785241,0.7785,,7596077.7997
"02-Oct-19",21.66,21.9071,21.25,21.76,605060,11.97239,0.7298,,7691631.2664
"03-Oct-19",21.76,22,21.25,21.64,525864,11.950738,0.7244,,7707697.7785
"04-Oct-19",21.63,21.98,21.235,21.78,541138,11.658018,0.7042,,7568172.805
"07-Oct-19",21.85,22.12,21.33,21.34,677761,11.526212,0.6993,,7525892.51
"08-Oct-19",21.15,21.31,20.05,20.07,917670,11.33159,0.6899,,7456552.8262
"09-Oct-19",20.32,20.45,19.64,19.9,800110,11.084689,0.698,,8087299.5882
"10-Oct-19",19.87,20.09,19.29,19.49,592903,10.987897,0.6752,,8039106.495
"11-Oct-19",19.62,20.4754,19.5,20.19,589266,11.054952,0.6813,,8110565.2194
"14-Oct-19",20.06,20.5,19.49,19.83,444520,10.929207,0.6735,,8054893.8876
"15-Oct-19",19.86,20.44,19.83,20.28,360172,10.807077,0.6717,7763573,7914469.185
"16-Oct-19",20.25,20.76,20.2,20.4,544930,10.666304,0.743,,7820575.7448
"17-Oct-19",20.47,20.56,20.14,20.35,430803,9.986823,0.7013,,7302915.4506
"18-Oct-19",20.21,20.5,19.61,19.73,387826,10.369004,0.6551,,7534740.8472
"21-Oct-19",19.87,20.56,19.81,20.46,430699,10.231163,0.6599,,7395147.06
"22-Oct-19",20.68,21,20.2,20.3,353585,10.464091,0.6559,,7514798.8776
"23-Oct-19",20.56,21.15,20.4,20.835,344845,10.227051,0.6571,,7302915.4506
"24-Oct-19",20.9,21.04,20.38,20.68,296730,10.495487,0.6499,,7293100.4762
"25-Oct-19",20.41,21.09,20.3198,20.96,299047,10.561907,0.652,,7285336.9032
"28-Oct-19",20.98,21.65,20.95,21.61,442439,10.624929,0.643,,7310956.6941
"29-Oct-19",21.61,21.7,20.94,21.54,457578,10.582612,0.6402,,7257388.0404
"30-Oct-19",21.54,21.64,21.19,21.4,382107,10.590832,0.6439,,7254282.6112
"31-Oct-19",21.4,21.81,20.69,20.84,646546,10.592967,0.6434,7834712,7278349.6875
"01-Nov-19",21.1,21.81,20.86,21.53,817164,10.712261,0.5419,,7369959.8489
"04-Nov-19",21.81,21.92,21,21.03,609945,10.988621,0.6397,,7537653.0257
"05-Nov-19",21.13,21.66,20.864,21.23,462862,11.198984,0.6373,,7657212.0499
"06-Nov-19",21.19,21.22,20.36,20.43,488719,11.405497,0.6343,,7689819.0565
"07-Nov-19",20.62,21.31,20.57,20.91,617874,11.407787,0.6301,,7651777.5488
"08-Nov-19",20.83,21.23,20.27,20.49,647855,11.418216,0.6249,,7620723.2568
"11-Nov-19",20.49,20.53,19.9,20.39,513064,11.479144,0.6249,,7620723.2568
"12-Nov-19",20.8,22.45,19.61,22.32,1028218,11.178788,0.6299,,8086206.2552
"13-Nov-19",22.32,23.52,21.92,22.99,921905,11.189575,0.6298,,8152017.836
"14-Nov-19",23.06,23.2575,22.24,22.66,540290
"15-Nov-19",22.82,23.3,22.64,22.86,503737,11.430281,0.6329,7665123,8099525.2656
"18-Nov-19",22.78,23.4997,22.51,23.15,533587,11.76907,0.6282,,8294609.5944
"19-Nov-19",23.34,27.06,23.34,24.96,2718792,10.8148,0.6291,,8064269.0616
"20-Nov-19",24.87,25.17,23.55,24.19,917807,10.65859,0.628,,8022745.088
"21-Nov-19",24.05,24.45,23.93,24.41,598796,10.095686,0.634,,7630226.0168
"22-Nov-19",24.47,24.95,24.23,24.36,827197,10.134453,0.6326,,7744612.812
"25-Nov-19",25.22,27.47,24.8301,27.18,3100619,9.542837,0.6325,,7762632.6496
"26-Nov-19",29.23,29.25,27.65,28.38,2595163,9.380873,0.6394,,7549379.6427
"27-Nov-19",29.31,29.93,28.62,29.23,1857115,8.777176,0.6186,,7248140.3088
"28-Nov-19",,,,,,8.719665,0.6217,,7230510.5259
"29-Nov-19",29.82,30.56,29.5,30.28,1703196,8.680594,0.623,8435699,7395310.6704
"02-Dec-19",31,31.78,29.59,29.9,1846054,8.177698,0.6247,,7193717.9355
"03-Dec-19",29.99,30.83,29.6,30.29,1252113,9.135874,0.6224,,8121197.8185
"04-Dec-19",30.72,31.52,30.2,30.77,1411865,8.603751,0.6186,,7783932.4065
"05-Dec-19",30.99,31.13,29.96,30.39,1382998,8.436273,0.6115,,7723377.9348
"06-Dec-19",30.6,31.1319,30.11,30.92,1144492,8.259561,0.6087,,7630629.9465
"09-Dec-19",30.97,31.6,30.31,30.32,888097,8.061713,0.6088,,7487292.1464
"10-Dec-19",30.49,31.32,30.36,30.69,1042020,7.795713,0.606,,8358934.1391
"11-Dec-19",30.67,31.1,29.37,29.58,849451,7.641953,0.6081,,8235772.9337
"12-Dec-19",29.51,30.37,29.27,30.13,747361,7.195382,0.6087,,7738910.2626
"13-Dec-19",30.33,30.57,29.58,29.9,702872,7.104105,0.6073,8596449,7643586.8639
"16-Dec-19",30.54,31.54,30.135,31.13,1466339,6.945542,0.6022,,7594659.8097
"17-Dec-19",31.37,31.47,30.92,31.335,557444,7.213142,0.6054,,7896657.8339
"18-Dec-19",31.05,32.75,31.05,32.07,1174180,7.137145,0.5957,,7935462.0493
"19-Dec-19",32.19,32.4276,31.63,32.17,659442,6.917512,0.5973,,7720351.7248
"20-Dec-19",32.24,32.5,31.31,31.89,1224235,6.872906,0.5963,,7787837.3168
"23-Dec-19",32.36,32.39,31.52,32.24,810258,7.360587,0.5958,,8179253.7504
"24-Dec-19",32.14,32.69,31.92,32.63,215855
"25-Dec-19",,,,,,7.404598,0.5943,,9284164.92
"26-Dec-19",32.74,32.82,32.01,32.05,341025,6.99772,0.595,,8754623.6616
"27-Dec-19",32.11,32.25,30.26,30.46,1003410
"30-Dec-19",30.51,30.7929,29.05,29.5,783349,6.978322,0.5939,,8856061.7598
"31-Dec-19",29.35,29.85,29.11,29.61,795616,6.92686,0.5944,8733855,8784711.2331
"01-Jan-20",,,,,,6.884972,0.5944,,8816518.0944
"02-Jan-20",29.86,29.9,28.75,29.44,604294,6.917383,0.6037,,8871535.368
"03-Jan-20",28.83,29.7186,28.75,29,551074,7.45284,0.5922,,9548075.9043
"06-Jan-20",28.82,29.86,28.11,29.73,594118
"07-Jan-20",30,30.72,29.75,29.96,787329,7.290149,0.5933,,9394199.4672
"08-Jan-20",29.78,31.08,29.46,30.99,703728,7.296727,0.5959,,9407094.1407
"09-Jan-20",31.53,31.91,30.44,30.65,565423,7.41384,0.5941,,9496497.2103
"10-Jan-20",30.89,31.5,30.62,30.68,632221,7.509993,0.5923,,9533876.118
"13-Jan-20",31.38,31.91,30.21,31.16,885001,7.438869,0.5857,,9539989.8165
"14-Jan-20",31.24,33.005,30.7425,32.51,916099,7.460029,0.5864,,9579292.164
"15-Jan-20",32.81,34.37,32.5,32.78,1282183,7.44927,0.5864,9053365,9712920.1455
"16-Jan-20",33.01,33.2141,31.36,32.02,951793,7.470142,0.5806,,9844801.356
"17-Jan-20",32.2,32.2,30.42,30.64,1008068,7.465973,0.5793,,9920785.8945
"20-Jan-20",,,,,,7.390567,0.5793,,9989783.349
"21-Jan-20",30.64,30.87,29.7,29.93,626487,7.40998,0.5794,,9968822.097
"22-Jan-20",29.93,30.53,29.6,30.04,421728,7.181596,0.5772,,9659643.63
"23-Jan-20",29.94,29.94,28.88,28.97,618778,7.302202,0.5764,,9868382.7645
"24-Jan-20",29.31,29.35,27.9,28.35,706291,7.294583,0.5772,,9921659.28
"27-Jan-20",27.31,28.26,27.03,27.97,584019,7.049078,0.573,,9078714.422
"28-Jan-20",28.2,29.01,27.83,28.24,483440,7.264279,0.5735,,9286036.4805
"29-Jan-20",28.25,28.665,27.76,27.8,379138,7.130982,0.5723,,9104969.1805
"30-Jan-20",27.51,27.64,26.695,26.84,610024,6.892554,0.5745,,8824314.8655
"31-Jan-20",26.77,26.94,26.05,26.43,784068,6.869929,0.5773,8942464,8856906.9795
"03-Feb-20",26.69,27.37,25.91,27.14,870675,6.776791,0.5753,,8786290.7325
"04-Feb-20",27.68,28.4396,27.68,28.37,739483,6.660309,0.5796,,8608844.7785
"05-Feb-20",28.64,29.17,28.2,28.64,653600,6.566164,0.5837,,8493867.043
"06-Feb-20",28.92,28.98,27.9,28.05,868418,6.407809,0.5869,,8347202.53
"07-Feb-20",28.36,28.4,26.2369,26.35,830124,6.271808,0.5852,,8217739.4105
"10-Feb-20",26.51,28.23,26.5,27.91,940497,6.073936,0.5861,,8042104.1295
"11-Feb-20",28.06,28.2,26.75,26.99,706144,6.27047,0.5875,,8348684.3904
"12-Feb-20",27.36,27.6,26.59,26.86,671825,6.141485,0.5854,,8199345.2416
"13-Feb-20",27.03,27.32,26.32,26.84,777779,6.514448,0.5845,,8659882.1376
"14-Feb-20",26.86,27.06,26.37,26.82,493578,6.716994,0.5843,8654074,8864664.5632
"17-Feb-20",,,,,,6.622053,0.5843,,8864664.5632
"18-Feb-20",26.82,27.08,26.31,26.91,510113,7.004765,0.584,,9307316.5312
"19-Feb-20",27.01,27.25,26.44,26.54,603980,6.940913,0.5829,,9233988.3264
"20-Feb-20",26.5,27.19,25.8,26.3,671962,7.14709,0.5836,,9172285.3248
"21-Feb-20",26.11,26.26,24.65,24.73,1005502,7.282247,0.5833,,9360971.3152
"24-Feb-20",24.1,24.2041,23.02,23.69,832390,7.223411,0.582,,9336826.6624
"25-Feb-20",24,24.29,22.43,22.48,929765,7.487244,0.5908,,9682005.7728
"26-Feb-20",22.47,23.35,22.09,22.41,1075917,7.734776,0.5886,,9413901.6972
"27-Feb-20",21.79,21.85,20.05,20.98,1880925,8.003542,0.5888,,9612945.3992
"28-Feb-20",20.25,22.25,20.11,22.18,1568427,8.114241,0.5885,8182562,9693428.2874
"02-Mar-20",22.4,22.85,21.58,22.72,1062329,8.317117,0.5888,,9816316.1382
"03-Mar-20",22.58,23.44,21.4345,21.96,686508,8.382525,0.5924,,9676120.1394
"04-Mar-20",23.55,23.72,22.39,23.01,828172,8.618263,0.5946,,9865644.36
"05-Mar-20",22.49,25.4435,22.1605,25.15,2274404,8.634969,0.593,,10051706.951
"06-Mar-20",24.71,25.39,23.6546,23.97,1248117,8.93513,0.5927,,10374503.9112
"09-Mar-20",21.95,22.78,21.15,21.28,1166924,9.581497,0.5895,,11130004.5714
"10-Mar-20",22.13,22.75,20.23,21.71,1060210,9.469217,0.5867,,9315846.837
"11-Mar-20",20.96,21.71,20.14,20.27,959025,9.594975,0.5861,,9424674.9116
"12-Mar-20",19.01,19.18,16.94,17.76,1757514,9.982402,0.6008,,9976179.5904
"13-Mar-20",19.43,19.46,16.76,19.35,1615553,9.537507,0.6005,8515527,9688153.408
"16-Mar-20",14.83,17.05,14.01,14.88,1518511,9.522996,0.6097,,9820710.9124
"17-Mar-20",15.49,17.2262,14.1,16.78,1642534,9.647053,0.6302,,9980270.8714
"18-Mar-20",16.06,18.8227,15.37,18.29,1918046,9.390792,0.6979,,9957359.6978
"19-Mar-20",18.18,20.96,17.74,20,1674048,9.277537,0.644,,9924629.4498
"20-Mar-20",20.5,20.94,18.52,19.08,1421572,9.398746,0.6055,,10189744.4586
"23-Mar-20",19,20.42,18.8,19.58,1348771,9.061417,0.6078,,9845258.5984
"24-Mar-20",20.48,21.87,19.97,21.7,1166134,8.914579,0.5809,,8565768.6093
"25-Mar-20",21.91,23.2628,20.54,20.84,1528793,8.412281,0.5798,,8266873.6116
"26-Mar-20",21.2,22.3446,20.265,21,775397,8.471552,0.5812,,8300084.1669
"27-Mar-20",20.48,20.86,19.7,19.96,919143,8.667067,0.5756,,8574284.1363
"30-Mar-20",20.13,20.805,19.4286,20.25,722602,8.67588,0.5678,,8542776.6864
"31-Mar-20",20.17,20.3,19.23,19.83,707326,8.842834,0.566,7762436,8696056.1724
"01-Apr-20",19.64,20.485,18.3,18.5,993530,8.729905,0.5758,,8613455.5605
"02-Apr-20",18.5,20,18.2,19.98,701321,8.920214,0.5883,,8764180.3884
"03-Apr-20",20.17,20.33,18.95,19.56,537698,8.990103,0.5913,,8823789.0774
"06-Apr-20",20.2,21.44,20.2,21.35,836608,9.022905,0.5956,,8897022.6096
"07-Apr-20",21.95,22.25,20.88,21.12,1422692,8.877821,0.5886,,8872327.5813
"08-Apr-20",21.52,21.55,20.15,20.61,893795,8.894748,0.5985,,8904686.5839
"09-Apr-20",21.25,22.24,20.9801,22.13,783258,9.14787,0.6053,,8185488.762
"10-Apr-20",,,,,,9.087474,0.6053,,8185488.762
"13-Apr-20",22.06,22.57,21.52,22.35,484040,9.157221,0.6188,,8228182.16
"14-Apr-20",22.5,23.58,22.5,23.31,630673,9.38737,0.6279,,8399731.9956
"15-Apr-20",22.6,23.16,21.865,22.53,606534,9.51299,0.6312,8170453,8469593.9196
"16-Apr-20",22.62,23.36,22.22,23.25,484446,9.649864,0.6254,,8478908.8428
"17-Apr-20",23.95,24.18,23.33,24,590724,9.753777,0.6216,,8518497.2664
"20-Apr-20",23.95,26.5,23.57,24.82,1136707,9.779722,0.6204,,8559638.1772
"21-Apr-20",24.5,24.91,23.18,23.64,667171,9.809687,0.6236,,8545665.7924
"22-Apr-20",24.11,24.74,23.745,24.32,474648,9.819951,0.6222,,8533245.8948
"23-Apr-20",24.28,25.545,24.0193,24.05,553271,9.925648,0.6156,,8644248.7296
"24-Apr-20",24.05,25.1868,23.715,25.01,524951,9.923828,0.6176,,8324874.5617
"27-Apr-20",25.39,26.505,25.14,25.4,835295,9.908621,0.6185,,8329776.8335
"28-Apr-20",25.7,25.75,24.21,24.57,587318,9.896667,0.6142,,8319972.2899
"29-Apr-20",25.2,25.2475,24.15,24.3,745916,9.869475,0.6176,,8333045.0147
"30-Apr-20",24,24.785,23.01,23.12,847538,9.772089,0.6243,8100654,8314252.9728
"01-May-20",22.68,22.929,21.41,22.2,898401,9.927445,0.6351,,8511160.8901
"04-May-20",22.45,25,21.95,24.94,819612,9.983309,0.6206,,8552013.1551
"05-May-20",25.22,26.11,25.08,25.6,813268,9.920985,0.6276,,8508709.7542
"06-May-20",25.34,25.66,24.51,25.01,701628,10.073186,0.632,,8645973.3646
"07-May-20",25.28,25.48,23.82,24.1,1089196,10.087808,0.6303,,8690093.8108
"08-May-20",24.36,25.18,23.78,24.71,723404,10.200681,0.6312,,8771798.3408
"11-May-20",24.83,27.82,24.41,27.43,1919270,10.094179,0.6314,,8593173.7632
"12-May-20",27.5,27.9,25.47,25.475,1121398,10.051344,0.6329,,8613425.3982
"13-May-20",26,26.68,23.51,24.51,938749,10.220666,0.6367,,8796500.1786
"14-May-20",24.44,24.88,23.6,24.33,787787,10.119412,0.6335,,8710633.2462
"15-May-20",24.55,26.43,24.4714,26.28,780912,10.099405,0.6343,8249217,8733315.0774
"18-May-20",27.26,27.81,26.44,27.06,1378225,10.062821,0.634,,8752756.647
"19-May-20",26.87,28,26.87,27.07,792779,9.935721,0.6293,,8680660.8264
"20-May-20",27.63,28.79,27.395,28.56,910211,9.943529,0.6331,,8728454.685
"21-May-20",28.61,29.7,27.76,29.28,810188,10.037175,0.6368,,8828902.7946
"22-May-20",29.37,30.19,28.69,30.1,693040,9.974931,0.6351,,8732505.012
"25-May-20",,,,,,10.022174,0.6372,,8798120.3094
"26-May-20",31,31.28,27.3,27.41,1620426,10.199281,0.6349,,9050860.7142
"27-May-20",27.5,28.05,25.82,27.86,1056550,10.236438,0.6394,,8578360.7583
"28-May-20",27.84,28.4,27.0877,27.29,623380,10.634952,0.6413,,8738395.5681
"29-May-20",27.29,27.8389,26.21,27.07,1041386,10.706567,0.6404,8312446,8724371.8992
"01-Jun-20",27.87,28.02,26.61,27.42,858292,10.613037,0.6396,,8629505.9037
"02-Jun-20",27.42,28.47,26.72,28.22,881085,10.671534,0.6421,,8661677.85
"03-Jun-20",28.22,28.95,27.41,27.46,678801,10.996358,0.6561,,8872032.8835
"04-Jun-20",27.33,28.5,26.91,27.04,644297,10.804145,0.6508,,8711173.152
"05-Jun-20",27.1,28,26.5277,26.66,733298,10.957672,0.6547,,8821712.6598
"08-Jun-20",26.9,27.2003,26.34,27.12,744171,11.141673,0.6498,,8715297.7605
"09-Jun-20",26.74,27.61,26.73,26.81,770692,11.180018,0.6566,,8307458.5324
"10-Jun-20",26.92,27.85,26.7,27.49,683470,11.237734,0.6548,,8285846.1728
"11-Jun-20",26.6,27.195,24.98,25.01,926120,11.332,0.6544,,8336552.0934
"12-Jun-20",27.1,27.49,25.5,26.99,769741,11.297999,0.6495,,8285846.1728
"15-Jun-20",26.5,29.02,26.5,28.94,928159,11.336515,0.6454,9082928,8107128.5838
"16-Jun-20",30,31.12,29.3522,30.88,1330948,11.256124,0.65,,8105466.0946
"17-Jun-20",30.84,31.7299,29.63,29.89,1339709,11.450323,0.6524,,8221009.094
"18-Jun-20",31,33.55,30.33,32.45,1855932,11.474668,0.6623,,8267558.7916
"19-Jun-20",32.87,33.45,32.14,32.16,2621150,11.525726,0.6657,,8401389.1722
"22-Jun-20",32.25,33.33,31.27,33.19,1285543,11.486849,0.6567,,8250933.8996
"23-Jun-20",33.69,36.78,33.5716,34.34,2214380,12.776384,0.6944,,9374776.5988
"24-Jun-20",32.8,33.84,30.73,30.73,4501149,11.995415,0.6928,,10368162.312
"25-Jun-20",31.02,32.13,30.38,31.41,2574039,11.660603,0.6872,,10299132.0592
"26-Jun-20",31.09,31.34,28.87,28.92,2285420,8.171741,0.6461,,7299949.2336
"29-Jun-20",29.48,30.63,28.4,29.34,1021759,7.528625,0.6219,,6762239.896
"30-Jun-20",29.13,29.8,28.68,29.58,910574,7.902445,0.6117,9401225,7084683.84
"01-Jul-20",29.68,31.27,29.66,30.85,1839575,8.115789,0.5844,,7435284.8608
"02-Jul-20",31.63,31.73,30.0901,30.53,955874,8.253608,0.5808,,7556996.096
"03-Jul-20",,,,,,8.210304,0.5808,,7556996.096
"06-Jul-20",31.27,31.54,30.49,30.68,817887,7.399456,0.5766,,6839444.784
"07-Jul-20",30.68,33.09,30.4,32.17,1053092,7.638237,0.5715,,7082867.2544
"08-Jul-20",32.64,34.73,32.26,34.63,1183078,7.411627,0.5814,,6848527.712
"09-Jul-20",34.7,35.525,33.33,34.49,859169,7.575458,0.5718,,6996579.4384
"10-Jul-20",34.33,34.93,32.59,32.875,771556,7.722525,0.5791,,9462332.9625
"13-Jul-20",33.11,34.01,31.35,31.48,1093184,7.74358,0.5816,,9492416.8825
"14-Jul-20",31.01,32.058,30.3,31.62,1039129,7.659144,0.5824,,9466093.4525
"15-Jul-20",32.22,32.9139,31.46,32.62,856965,7.654439,0.5806,8868369,9491476.76
"16-Jul-20",32.16,32.64,31.15,32.21,702408,7.589638,0.5794,,9423787.94
"17-Jul-20",32.33,32.62,31.6488,32.23,639395,7.480834,0.5878,,9310033.1175
"20-Jul-20",32.28,32.82,31.88,32.56,778020,7.578004,0.5802,,9456692.2275
"21-Jul-20",32.64,32.96,30.26,30.32,1138790,7.576104,0.582,,9454811.9825
"22-Jul-20",30.5,30.79,29.79,30.2,638696,7.680067,0.5849,,9580788.3975
"23-Jul-20",30.22,31.1,29.72,30.33,810469,7.697912,0.5831,,9649417.34
"24-Jul-20",29.79,30.33,28.87,29.88,780972,7.731073,0.5828,,9084757.2036
"27-Jul-20",30.35,31.93,30.1,31.7,757091,7.664533,0.5828,,9035981.1741
"28-Jul-20",31.46,31.64,30.18,30.2,697539,7.681344,0.5815,,9038641.6848
"29-Jul-20",30.5,30.755,29.85,30.04,500101,7.83553,0.5874,,9208027.5327
"30-Jul-20",29.82,30.82,29.7,30.63,460528,7.982837,0.592,,9342826.7415
"31-Jul-20",30.78,30.85,29.2,29.36,847819,8.074645,0.5967,8834965,9419094.7149
"03-Aug-20",29.91,31.98,29.5,31.57,1115946,8.047282,0.5991,,9447473.4957
"04-Aug-20",31.78,31.99,30.905,31.88,706059,8.089815,0.5968,,9446586.6588
"05-Aug-20",32.35,32.62,31.31,32.49,855912,8.142033,0.6003,,9512212.5894
"06-Aug-20",37.443,39.96,36.03,36.84,3890677,7.836763,0.6015,,9556554.4344
"07-Aug-20",35,36.24,33.41,34.71,2141412,7.6566,0.6009,,9520194.1215
"10-Aug-20",35.9,36.88,34.82,35.51,1043994,7.686633,0.6025,,9607104.1377
"11-Aug-20",35.41,35.9599,33.98,34.19,792040,7.582709,0.5975,,8847333.951
"12-Aug-20",34.76,35.06,34.16,34.75,557019,7.772785,0.5936,,8903877.727
"13-Aug-20",34.6,35.57,34.52,35.32,447710,7.84199,0.5944,,8900343.741
"14-Aug-20",35.26,35.65,34.29,34.92,441326,7.904806,0.5948,9227657,8910062.2025
"17-Aug-20",34.97,36.93,34.7991,36.65,668111,8.119716,0.594,,9179528.635
"18-Aug-20",36.85,37.4,35.81,37.16,638397,8.148743,0.5932,,9152140.2435
"19-Aug-20",37.25,38.22,36.57,36.97,738411,8.185545,0.5913,,9111499.4045
"20-Aug-20",36.66,37.2,36.1507,36.76,556945,8.19964,0.5854,,9097363.4605
"21-Aug-20",36.38,36.89,35.72,36.08,512236,8.281513,0.5854,,9137120.803
"24-Aug-20",36.914,36.914,34.12,34.23,1028392,8.064604,0.5884,,8975440.9435
"25-Aug-20",34.58,35.29,33.68,35.02,553790,7.954531,0.5867,,9098469.802
"26-Aug-20",34.95,35.14,34.43,34.63,541960,8.008665,0.5864,,9091087.6764
"27-Aug-20",34.63,35.06,33.87,34.42,376753,8.026971,0.582,,8952672.8214
"28-Aug-20",34.4,35.14,34.12,34.96,366588,8.170528,0.5831,,9022803.0146
"31-Aug-20",35.34,36.55,35.025,35.23,1040727,8.11911,0.5789,9166776,9021880.2489
"01-Sep-20",35.06,36.31,34.69,35.03,859086,8.1042,0.5801,,8979433.0267
"02-Sep-20",35.25,36.39,34.78,36.16,695218,8.276703,0.5799,,9149221.9155
"03-Sep-20",35.23,35.77,31.26,31.94,1401139,8.317863,0.5833,,9263644.8623
"04-Sep-20",32.305,32.4404,28.51,30.47,1571934,8.293732,0.5839,,9354998.6666
"07-Sep-20",,,,,,6.763979,0.5819,,7715244.0177
"08-Sep-20",29.43,30.33,28.85,29.25,764845,8.121869,0.5835,,9221197.6401
"09-Sep-20",29.69,31.46,29.6541,30.95,781116,8.022698,0.5712,,9113234.0532
"10-Sep-20",31.18,32.5,30.14,30.4,909554,8.003218,0.5691,,9255693.7272
"11-Sep-20",30.34,31.44,29.73,29.99,675291,7.928656,0.5664,,9167692.6776
"14-Sep-20",30.47,31.56,30.365,31.33,706094,7.893125,0.5664,,9139275.672
"15-Sep-20",31.33,32.62,31.33,31.9,637418,7.947725,0.567,9741304,9143859.06
"16-Sep-20",32.24,33.92,32.17,33.22,811052,7.955489,0.5751,,9137442.3168
"17-Sep-20",32.65,33.095,31.83,32.7,531899,8.160084,0.5745,,9265777.1808
"18-Sep-20",33.03,34.08,32.575,33.9,1702888,8.406756,0.5783,,9595781.1168
"21-Sep-20",33.25,33.28,31.53,32.34,903077,9.115809,0.5962,,10024786.2336
"22-Sep-20",32.61,32.88,31.33,32.76,614464,9.641003,0.6139,,10536292.3344
"23-Sep-20",32.68,33.14,31.38,31.45,601184,9.744275,0.6119,,10539959.0448
"24-Sep-20",30.85,31.04,28.65,29.08,1271229,9.804999,0.6077,,11136258.7328
"25-Sep-20",28.81,29.64,28.31,29.41,880188,10.12792,0.595,,10862528.0904
"28-Sep-20",30.3,30.51,28.72,29.14,855831,10.62301,0.5838,,10815769.8312
"29-Sep-20",29.04,29.73,28.81,29.04,669560,11.193154,0.5824,,11352515.6816
"30-Sep-20",29.16,29.37,27.69,28.06,1111013,11.111993,0.5805,10474632,11287248.9448
"01-Oct-20",28.13,28.69,27.57,28.17,862989,11.134462,0.5809,,11300886.7704
"02-Oct-20",27.2,28.05,27.01,27.07,732442,11.327734,0.5876,,11277507.6408
"05-Oct-20",27.26,29.5,27.26,29.14,732617,11.230662,0.5871,,11137232.8632
"06-Oct-20",29.18,29.76,28.55,28.76,633877,11.309033,0.5906,,11168405.036
"07-Oct-20",29.49,32.28,29.2246,31.04,1711559,11.013385,0.5896,,11045664.6056
"08-Oct-20",32.28,32.34,30.42,30.71,993684,10.950213,0.5877,,10971630.6952
"09-Oct-20",30.97,33.3,30.635,33.09,1107160,11.096248,0.588,,10303895.4984
"12-Oct-20",33.6,33.96,31.61,32.22,953223,11.054881,0.588,,10301800.572
"13-Oct-20",31.83,33.19,31.4374,32.77,1180559,11.098528,0.5913,,10395024.7968
"14-Oct-20",33.27,35.06,32.1,32.16,1600731,10.93618,0.59,,10332177.0048
"15-Oct-20",31.39,32.515,30.8,32.25,781772,11.129204,0.5923,11304118,10468347.2208
"16-Oct-20",32.5,34.23,32.45,33.66,1046456,11.127163,0.5954,,10499771.1168
"19-Oct-20",34.01,34.56,33.32,33.46,706559,10.853464,0.5971,,10287136.0872
"20-Oct-20",33.56,34.2,32.82,33.18,544865,10.810767,0.6033,,10185532.1568
"21-Oct-20",31.84,32.35,29.85,30.27,1220242,10.835252,0.6084,,10286088.624
"22-Oct-20",30.4,32.33,30.4,32.255,775407,10.70384,0.608,,10098592.7112
"23-Oct-20",32.46,32.84,31.8543,32.76,509804,10.665393,0.6075,,10040982.2352
"26-Oct-20",32.31,33.44,31.4001,32.13,755602,10.611334,0.6087,,10797693.5136
"27-Oct-20",32.4,32.81,31.72,32.505,528114,10.630249,0.601,,10750216.218
"28-Oct-20",31.74,32.16,30.64,31.605,481438,10.653842,0.6097,,10723086.3348
"29-Oct-20",31.65,33.39,30.85,32.795,712088,10.941843,0.6257,,11015862.991
"30-Oct-20",32.55,32.55,30.37,30.94,616814,10.43734,0.6048,11293455,10528655.5052
"02-Nov-20",31.402,32,30.26,31.3,592040,10.474962,0.6144,,10597610.625
"03-Nov-20",30,30.71,27.12,28.31,1782287,10.324739,0.6122,,10605523.5076
"04-Nov-20",28.954,31.17,28.59,30.45,1115870,10.317053,0.6115,,10597610.625
"05-Nov-20",31.04,32.4,30.08,31.55,1173869,10.302874,0.6147,,10665435.333
"06-Nov-20",32.28,32.49,30.14,30.49,699833,10.337567,0.6102,,10673348.2156
"09-Nov-20",31.46,32.88,30.365,30.41,1170193,11.107735,0.6134,,10699347.687
"10-Nov-20",30.41,30.58,28.48,29.88,824587,11.237061,0.6202,,11605154.358
"11-Nov-20",30.01,30.215,28.66,29.1,777226,11.291037,0.6202,,11605154.358
"12-Nov-20",28.86,29.3075,27.68,27.8,1183133,11.128559,0.6175,,11519324.1
"13-Nov-20",28.21,29.5504,27.9,29.23,726060,11.090009,0.6155,11254196,11513677.3725
"16-Nov-20",29.85,30.14,28.83,29.06,696682,10.947406,0.6112,,11501254.572
"17-Nov-20",29.3,29.315,28.1282,28.75,1013403,10.874015,0.6173,,11454951.4065
"18-Nov-20",28.9403,28.9789,27.65,27.69,914394,10.847963,0.618,,11476408.971
"19-Nov-20",28.17,28.69,27.55,28.03,608123,10.756161,0.6215,,11373638.5305
"20-Nov-20",27.88,28.61,27.33,28.42,620370,10.766772,0.6188,,11361215.73
"23-Nov-20",28.54,29.92,28.5,29.33,911420,10.569839,0.6163,,11293455
"24-Nov-20",29.42,29.82,28.71,29.02,716574,10.641992,0.6218,,11084257.6404
"25-Nov-20",28.88,29.76,28.88,29.45,503712,10.626431,0.6144,,10967214.002
"26-Nov-20",,,,,,10.56789,0.6144,,10967214.002
"27-Nov-20",29.8,31.47,29.45,31.34,700933,10.638831,0.6106,,11071878.0248
"30-Nov-20",32,32.22,29.84,30.59,1139456,10.34856,0.6097,11057054,11014481.6252
"01-Dec-20",30.66,32.66,30.66,31.9,1830706,10.153129,0.6098,,10955959.806
"02-Dec-20",31.43,32.1,30.74,31.56,1167685,10.020508,0.6071,,10870427.9164
"03-Dec-20",31.77,34.2878,31.42,33.23,1380837,9.96801,0.6127,,10941329.3512
"04-Dec-20",33.53,35.02,32.51,34.49,1731762,10.082203,0.6174,,11128149.0048
"07-Dec-20",35.242,41.5,34.92,39.05,3500307,9.908541,0.6273,,11293585.686
"08-Dec-20",40.36,43.65,38.72,43.18,3101583,9.536905,0.6261,,11246318.0628
"09-Dec-20",43.5,55.047,43.38,50.58,6644586,8.778307,0.6428,,11344537.404
"10-Dec-20",58.24,67.27,56.52,66.84,9689976,7.978653,0.6554,,11622069.4594
"11-Dec-20",65.167,65.41,57.21,61.92,5581091,7.532736,0.6554,,11622069.4594
"14-Dec-20",60.15,67.68,59.8,61.49,4182045,7.525866,0.6895,,12097522.7814
"15-Dec-20",63.01,65.2189,62.062,64.93,2143349,7.189729,0.7065,10888953,11748119.875
"16-Dec-20",64.98,66,63.2503,63.99,1589548,7.193994,0.7028,,11880804.523
"17-Dec-20",64,65.25,60.9,62.71,1920707
"18-Dec-20",63,64.66,62.26,64.41,2930872,7.059734,0.6653,,12116319.7732
"21-Dec-20",63.8,96.45,62.32,83.66,10628920,6.510492,0.6719,,12245687.305
"22-Dec-20",89.8,89.8868,79,81.06,5664734,5.773716,0.6812,,11366651.512
"23-Dec-20",80.8,84.39,75.1,81.6,2954401,5.407398,0.6726,,10879035.4306
"24-Dec-20",82.12,87.89,80.59,83.53,1487199,5.198597,0.6793,,9772835.3175
"25-Dec-20",,,,,,5.135086,0.6764,,9691168.17
"28-Dec-20",85.45,92.59,83.65,84.35,3797574,4.899581,0.7076,,9495167.016
"29-Dec-20",84.13,85,68,74.87,4400844,4.8152,0.6861,,9628012.2426
"30-Dec-20",76,79.36,74.32,76.5,1625803,4.820084,0.6837,,9717301.6572
"31-Dec-20",76.77,77.84,69.2,70.11,2384700,4.514077,0.6197,9890638,9144542.7294
"01-Jan-21",,,,,,4.489028,0.6177,,9148898.3106
"04-Jan-21",71.3,73.5,68.58,71.59,2138088,4.32368,0.6075,,8993186.2827
"05-Jan-21",71.04,76.89,70.6,76.84,1523563,4.385376,0.6163,,9095542.4409
"06-Jan-21",75,86.34,74.42,80.54,2783609,4.432913,0.6115,,9351432.8364
"07-Jan-21",81.96,90.63,81.25,89.66,2743289,4.052241,0.608,,8697006.7611
"08-Jan-21",90.59,99.95,86.19,90.58,4016486,4.039015,0.6152,,8829851.9877
"11-Jan-21",87.01,88,75.05,76.94,5062918,3.87072,0.6219,,8799362.9193
"12-Jan-21",78.27,81.78,74.5,75,2623586,3.849764,0.6298,,9507870.3094
"13-Jan-21",75.25,76.95,72.69,73.3,2417640,3.831641,0.6192,,9568203.2012
"14-Jan-21",73.63,76.95,72.9701,75.92,2509183,3.800236,0.6197,,9585017.2858
"15-Jan-21",76.49,83.9499,76.04,76.14,4305580,3.473223,0.6223,9499064,8936191.433
"18-Jan-21",,,,,,3.328997,0.6215,,8723542.716
"19-Jan-21",74,76.8999,69.67,72.11,3744945,3.11817,0.5919,,8264617.1128
"20-Jan-21",73.53,74.55,70.465,71.76,2560205,3.062721,0.591,,8226043.6246
"21-Jan-21",67.91,70,62.5,63.79,8313406,3.042437,0.5987,,8622658.2084
"22-Jan-21",64.21,66.64,63.44,65.76,3276441,2.926395,0.5986,,8408031.3638
"25-Jan-21",66.51,67.66,61.34,65.47,2938679,2.65357,0.5881,,7832396.2322
"26-Jan-21",65.31,66.41,60.325,60.68,2581410,2.587945,0.5841,,7645463.174
"27-Jan-21",58.88,62.5,54.01,60.5,4379868,2.49482,0.5824,,8017210.016
"28-Jan-21",61.7,64.45,59.04,61.13,2643833,2.455419,0.5905,,7996312.0752
"29-Jan-21",61.64,63.7,59.1,61.35,1776366,2.442989,0.5908,9018403,8020059.7352
"01-Feb-21",62.57,63.47,60.1,62.89,1932218,2.448001,0.5841,,8196742.3256
"02-Feb-21",64.38,67.61,63.95,65.67,2908710,2.409807,0.583,,8082753.5576
"03-Feb-21",66.17,68.57,61.82,62.16,2375935,2.389926,0.5956,,8102701.592
"04-Feb-21",63.5,64,60.75,63.18,1502981,2.424622,0.5951,,8206241.3896
"05-Feb-21",63.77,64.82,62.5,64.06,1263569,2.448401,0.6007,,8294582.6848
"08-Feb-21",65,70.4,63.51,69.75,3301299,2.366615,0.5898,,8215740.4536
"09-Feb-21",69.81,70.06,64.26,66.73,3061919,2.356734,0.5879,,9219513.3869
"10-Feb-21",67.76,68.9,58.9,59.11,4464113,2.323007,0.5878,,9261899.881
"11-Feb-21",60.31,60.9199,56.28,57.17,3236383,2.298841,0.5885,,9291660.6109
"12-Feb-21",57.17,59.3,54.7,57.94,2463285,2.214384,0.5884,9842867,9035537.9657
"15-Feb-21",,,,,,2.166995,0.5884,,9034636.1254
"16-Feb-21",59.25,59.43,55.8,56.45,2083799,2.372304,0.5901,,9846292.3954
"17-Feb-21",55.94,56.51,52.75,56.51,2803071,2.25459,0.5903,,9467519.4694
"18-Feb-21",54.5,56.24,53.83,55.36,2078923,2.274092,0.5981,,9605501.0353
"19-Feb-21",56.65,58.27,55.7,56.49,1964619,2.236764,0.6019,,9502691.2411
"22-Feb-21",56,56.2499,51.34,52.42,2054663,2.159616,0.6023,,9367415.1961
"23-Feb-21",49.9,50.16,44.17,49.14,3911708,2.210276,0.6156,,9633458.0846
"24-Feb-21",50.23,50.89,47.3326,49.7,2314678,2.193904,0.6156,,10493480.5087
"25-Feb-21",49.34,50.9,44.3,44.76,3585010,2.039757,0.6218,,9903892.7754
"26-Feb-21",45.09,46.2427,42.33,43.86,3043288,1.978833,0.6097,11313865,9734595.463
"01-Mar-21",44.22,47.9399,44.07,46.89,2311786,1.901781,0.6124,,9532816.6895
"02-Mar-21",46.94,48.2399,45.46,45.69,1498949,1.94617,0.6212,,9738532.6098
"03-Mar-21",45.4,45.6,42.0026,43.13,2711372,1.973684,0.6359,,9954091.3971
"04-Mar-21",42.665,43.3789,37.63,40.36,4305788,2.032831,0.6374,,10404894.7057
"05-Mar-21",42.41,42.94,36.1,41.63,3833133,1.942492,0.6279,,10047598.6336
"08-Mar-21",42.39,45.1,40.07,40.54,2888514,1.906341,0.6177,,9830071.2729
"09-Mar-21",42.95,46.4199,42.5,45.33,2961543,1.934728,0.6248,,11586529.1465
"10-Mar-21",46.5,48.4,45.54,46.66,2580659,1.990454,0.6201,,11679302.8395
"11-Mar-21",48.15,48.82,46.75,47.32,2051458,2.099,0.6212,,11838828.336
"12-Mar-21",46.13,46.7,44.34,46.28,1467108,2.139785,0.6209,,11806018.1275
"15-Mar-21",46.31,48.54,45.81,47.97,1250449,2.129414,0.6127,10613348,11562770.03
"16-Mar-21",48.6,48.65,43.94,45.67,1697739,2.109782,0.6015,,11428135.0365
"17-Mar-21",44.195,47.88,43.27,46.57,1247377,2.191323,0.5903,,11847879.428
"18-Mar-21",45.67,45.89,43.15,43.25,1366094,2.157552,0.5887,,11629521.8335
"19-Mar-21",43.5,45.25,43.28,45,2186846,2.184243,0.5889,,11724558.2995
"22-Mar-21",45.91,49.17,45.33,48.48,1820737,2.294901,0.5895,,11715507.2075
"23-Mar-21",47.81,48.43,45.5327,46.08,1810505,2.50585,0.6107,,12505214.9845
"24-Mar-21",46.17,46.7,40.8,40.99,1991429,2.552511,0.6039,,11624800.0644
"25-Mar-21",39.31,42.39,37.3763,42.18,2255516,2.598142,0.6133,,11886949.76
"26-Mar-21",42.12,42.4,38.12,40.48,1816359,2.642676,0.6188,,12024923.284
"29-Mar-21",40.28,41.46,38.865,39.71,1324857,2.637196,0.6197,,11825392.3416
"30-Mar-21",39.16,41.39,37.14,40.5,1447560,2.670044,0.6224,,11760650.9188
"31-Mar-21",41.39,43.16,41.05,42,2040721,2.797569,0.6362,10210886,12352875.7372
"01-Apr-21",43.08,45.59,42.62,42.83,1742587
"02-Apr-21",,,,,,2.751524,0.5917,,12102400.7244
"05-Apr-21",44.51,45.431,42.58,42.86,933371,2.832755,0.6374,,12367734.4244
"06-Apr-21",42.39,44.14,41.5,42.64,1357907,2.809003,0.6405,,12252048.9312
"07-Apr-21",42.17,42.2817,40.2104,40.4,1032087,2.800713,0.6269,,12083296.698
"08-Apr-21",41.43,42.3973,40.59,40.76,1030382,2.787184,0.6436,,11896501.7732
"09-Apr-21",40.11,40.35,38.76,39.46,1006355,2.824344,0.637,,9774881.1678
"12-Apr-21",40.69,40.69,38.25,39.51,1095744,2.93173,0.636,,9888222.0024
"13-Apr-21",39.13,42.05,39.12,41.66,1465372,2.993416,0.6387,,10018921.3432
"14-Apr-21",41.98,43.41,41.21,41.53,1374659,3.160684,0.6429,,10504959.5168
"15-Apr-21",42.04,43.43,40.73,40.98,903523,3.181423,0.6453,10249870,10461052.707
"16-Apr-21",38.27,39.22,33.5828,34.67,6787338,3.121609,0.6479,,10436546.5806
"19-Apr-21",33.71,35.4768,33,34.17,1871201,3.090512,0.6493,,10295636.3538
"20-Apr-21",33.68,35.18,32.83,34.47,1332249,3.374536,0.661,,11063494.981
"21-Apr-21",33.99,35.87,33.27,35.86,1376661,3.084813,0.6704,,10033216.5836
"22-Apr-21",36.18,37.22,34.735,36.29,1084686,3.198512,0.6706,,9896390.7112
"23-Apr-21",35.859,37.44,35.69,36.91,859447,3.143877,0.6607,,9561473.6504
"26-Apr-21",36.98,39.515,36.21,39.08,1222402,3.206923,0.6631,,9438080.296
"27-Apr-21",39.17,39.3684,37.62,39.15,941251,3.182112,0.6536,,9253582.636
"28-Apr-21",38.63,39.36,38,38.92,649911,3.381678,0.6565,,9563128.71
"29-Apr-21",39.24,39.24,37.0207,37.37,1004916,3.365353,0.6544,,9398105.803
"30-Apr-21",36.91,38.31,36.27,37.01,734196,3.317506,0.6539,10426958,9190033.442
"03-May-21",37.8,37.99,35.06,35.59,991182,3.381098,0.638,,9234107.883
"04-May-21",35,35,32.63,34.66,1364115,3.448058,0.6572,,9340706.531
"05-May-21",35,36.87,34.281,34.72,1387139,3.437606,0.6553,,9303806.999
"06-May-21",34,35.09,33.02,34.34,1360527,3.46921,0.6515,,9396055.829
"07-May-21",35.32,36.77,34.05,34.11,1300626,3.503838,0.6549,,9437055.309
"10-May-21",33.48,33.63,31.26,31.29,1354815,3.614235,0.6552,,9496504.555
"11-May-21",29.7,33.35,29.35,32.8,1783836,3.638359,0.6509,,10605258.9818
"12-May-21",31.72,32.9118,31.5301,31.72,999157,3.630668,0.6446,,10381079.3848
"13-May-21",31.72,33.2447,29.775,31.4,1524378,3.593672,0.6459,,10192351.445
"14-May-21",31.75,33.42,31.58,33.22,1428153,3.644293,0.6535,10531307,10298706.4166
"17-May-21",33.51,33.79,32.06,33.11,1028939,3.684995,0.6518,,10318517.6368
"18-May-21",33.37,35.0702,32.57,33.57,1323951,3.542626,0.6522,,9791956.2578
"19-May-21",32,33.42,31.85,33.11,1030704,3.638891,0.6558,,9965043.7606
"20-May-21",33.53,34.8999,32.9142,34.18,761982,3.568926,0.6513,,9668918.1534
"21-May-21",34.72,34.99,33.18,33.21,691511,3.62336,0.6513,,9723138.335
"24-May-21",33.55,33.81,32.39,33.19,757727,3.775972,0.649,,9813852.8696
"25-May-21",33.45,34.07,32.38,32.94,678056,3.838111,0.6526,,10044760.6166
"26-May-21",32.95,35.38,32.95,35.06,1051947,3.891073,0.6419,,9938394.4159
"27-May-21",34.9,35.13,33.7,34.59,758315,3.967224,0.6418,,9906800.4949
"28-May-21",34.75,36.57,33.72,33.95,877384,4.027915,0.6449,10622616,9987891.5588
"31-May-21",,,,,,4.029433,0.645,,9992104.0816
"01-Jun-21",34.05,34.47,33.4,34.22,831696,4.046632,0.6401,,9961563.2913
"02-Jun-21",34,35.08,33.76,35.04,870091,4.121798,0.6459,,10002635.3886
"03-Jun-21",34.484,34.87,32.69,33.36,1253678,4.178552,0.6508,,10115320.3735
"04-Jun-21",34,34.76,33.45,33.67,817021,4.241316,0.6457,,10074248.2762
"07-Jun-21",33.98,36.34,33.321,35.51,1192743,4.507401,0.6488,,10105842.1972
"08-Jun-21",36.03,36.61,34.08,35.99,894673,4.535826,0.6487,,10111107.8507
"09-Jun-21",36.3554,38.5899,36.3554,36.4,1702825,4.565413,0.6475,,10685289.4344
"10-Jun-21",36.06,37.27,35.17,36.9,1214369,4.702381,0.6477,,10794702.3792
"11-Jun-21",37.54,38.25,36.61,37.42,1028090,4.914947,0.6556,,11086824.3192
"14-Jun-21",37.83,38.88,37.3256,38.53,1146073,4.927199,0.6575,,10982722.6824
"15-Jun-21",38.35,38.35,34.9,35.1,1757089,5.042192,0.6618,10368762,11293965.3312
"16-Jun-21",35.01,35.24,33.15,35,1036938,5.222042,0.6898,,11667881.4144
"17-Jun-21",34.1466,36.7207,34.0207,36.16,1031963,5.247306,0.6862,,11634951.3048
"18-Jun-21",35.7,36.17,34.68,35.88,1345048,5.224212,0.7104,,11596709.8872
"21-Jun-21",35.72,37.24,34.75,36.86,849306,5.323288,0.7088,,11625390.9504
"22-Jun-21",36.86,36.89,35.71,36.41,757695,5.355862,0.7016,,11621141.904
"23-Jun-21",36.41,38.24,36.36,37.82,1179168,5.324388,0.7104,,11464989.4488
"24-Jun-21",38.18,40.92,38,40.87,2045201,5.305048,0.7108,,10517035.2966
"25-Jun-21",41.22,41.93,40.26,41.88,1907659,5.296953,0.7188,,10490076.5154
"28-Jun-21",49.34,50.33,43.42,43.99,7542949,5.264062,0.7497,,11026141.5108
"29-Jun-21",44.9,46.69,44.4,46.1,2720015,4.854621,0.7635,,10323139.4472
"30-Jun-21",45.4,58.47,44.3,56.64,15576250,4.692951,0.7793,10430830,11554948.3728
"01-Jul-21",57.17,59.9999,51.73,56.52,6545070,4.767925,0.7741,,12271429.827
"02-Jul-21",56.09,56.8899,53.3,54.9,2593069,5.215549,0.833,,13530197.5338
"06-Jul-21",53.72,55,47.51,48.14,3860582,4.953326,0.8667,,13197360.2736
"07-Jul-21",49.15,50.5,45.33,45.7,2024061,4.705613,0.856,,12611525.2206
"08-Jul-21",43.89,47.4085,43.185,46.22,1747343,4.572388,0.8076,,12332605.5228
"09-Jul-21",46.42,48.6,44.6334,48.57,1581771,4.367326,0.7789,,11838015.5754
"12-Jul-21",48.58,49.239,45.4,46.07,1346917,4.495327,0.775,,11032688.891
"13-Jul-21",46,46.55,43.64,43.8,1059253,4.5557,0.7897,,11176634.345
"14-Jul-21",43.96,45.23,42.6,43.08,1344275,4.602322,0.7953,,11278856.479
"15-Jul-21",42.18,43.2486,40.15,41.99,1351421,4.602314,0.792,8332262,11276770.313
"16-Jul-21",42.41,43.575,41.43,42.39,1078473,4.694905,0.7867,,11520851.735
"19-Jul-21",41.41,44.7,41,43.6,1506639,4.828495,0.7813,,11297631.973
"20-Jul-21",43.67,43.67,41.36,43.45,1497998,4.647266,0.7621,,10836589.287
"21-Jul-21",43.5,45.1199,42.38,44.09,1115128,4.641604,0.7563,,10801124.465
"22-Jul-21",44.11,44.45,42.63,43.01,798211,4.693959,0.7588,,10863709.445
"23-Jul-21",42.535,42.627,40.18,40.84,1021329,4.582221,0.7562,,10598766.363
"26-Jul-21",40.64,41.95,39.5,39.85,1018123,4.652617,0.7563,,7963976.0196
"27-Jul-21",39.95,40.26,37.6301,39.27,1085860,4.724114,0.7564,,8075628.3304
"28-Jul-21",39.37,42.16,39.37,41.78,826905,4.820241,0.7476,,8231441.6298
"29-Jul-21",42.3,43,41.28,41.9,768131,4.854735,0.7466,,8298932.952
"30-Jul-21",41.27,43.36,41.27,41.86,638892,4.789044,0.7396,8494581,8158950.9504
"02-Aug-21",42.215,42.6,41.16,41.54,685027,4.76082,0.7267,,8107290.926
"03-Aug-21",41.53,42.24,40.39,42.11,781091,4.842984,0.7426,,8179781.6054
"04-Aug-21",41.34,46.18,41.25,46.05,2073595,4.785409,0.7441,,8163950.3076
"05-Aug-21",47.55,55,47.49,54.51,4882717,4.653239,0.7424,,8195612.9032
"06-Aug-21",54.62,56.88,53.12,55.59,2456239,4.391761,0.7328,,7808995.9464
"09-Aug-21",57.17,61.98,56.58,58.06,3493274,3.973873,0.7315,,7229070.5112
"10-Aug-21",58.57,62.65,58.36,61.09,2405643,3.766931,0.7282,,7172824.1964
"11-Aug-21",61.035,66.3881,60,64.39,2937155,3.760434,0.7373,,7257770.0064
"12-Aug-21",64.136,68.79,64,65.35,3026355,3.770228,0.7331,,7353758.7717
"13-Aug-21",63.8,66.25,61.27,62.66,2272768,3.6503,0.7293,7497370,7195759.5651
"16-Aug-21",61.91,61.91,57.61,60,1883583,3.99183,0.7168,,7921196.7825
"17-Aug-21",58.73,61.97,57.6,61.1,1159783,3.913561,0.7137,,7720724.6709
"18-Aug-21",61.2,64.98,58.92,59.98,1281634,3.808302,0.7055,,7528747.1403
"19-Aug-21",59.12,60,57.9,58.1,904610,3.813315,0.7084,,7512607.4364
"20-Aug-21",58.05,61.78,57.97,60.38,899458,3.720705,0.6998,,7322328.822
"23-Aug-21",65.04,68.3599,62.9064,65.36,2612678,3.729913,0.7035,,7527048.2241
"24-Aug-21",65.39,65.8359,62.64,64.72,1315255,3.637549,0.6911,,7611330.024
"25-Aug-21",64.1,66.08,63.1501,65.59,889005,3.657537,0.6873,,7661562.403
"26-Aug-21",65.61,67.43,62.8201,63.87,1205832,3.567012,0.6831,,7504117.633
"27-Aug-21",64.7,66.55,62.6601,65.53,1046621,3.458479,0.6727,,7275447.848
"30-Aug-21",66.41,68.17,60.8,61.8,2038708,3.436111,0.6797,,7365416.288
"31-Aug-21",62.01,63.8,61.56,63.59,1292446,3.438969,0.6784,6770822,7333927.334
"01-Sep-21",63.75,68.25,63.13,66.66,1670862,3.425018,0.6731,,7289692.851
"02-Sep-21",67.07,73.025,65.95,72.94,2565142,3.350014,0.6768,,7227464.68
"03-Sep-21",71.5,71.88,67.33,68.25,1651051,3.26671,0.6701,,7091012.546
"06-Sep-21",,,,,,3.217444,0.6702,,7086514.124
"07-Sep-21",68.06,72.5,66.6901,66.73,1857688,3.237023,0.6748,,7122501.5
"08-Sep-21",66.73,68.05,63.63,64.32,1581347,3.168121,0.6797,,6992047.262
"09-Sep-21",64.26,67.61,64.08,64.45,859789,3.102996,0.6786,,6846598.284
"10-Sep-21",67.77,67.77,65.01,66.1,1194162,2.98688,0.6747,,6059885.69
"13-Sep-21",66.43,67.3599,62.6,62.96,1602134,2.979529,0.6798,,6109312.6906
"14-Sep-21",63.1,64.03,60.18,60.79,1593144,2.998318,0.6792,,6128270.9922
"15-Sep-21",60.68,61.2699,58.9,60.3,1319506,3.017015,0.6804,6999769,6174989.664
"16-Sep-21",60.76,61.92,58.61,61,908247,3.047162,0.6745,,6195979.2122
"17-Sep-21",61,63.54,59.23,63.2,2165844,3.198459,0.6892,,6560249.4358
"20-Sep-21",60.26,61.86,57.25,58.2,1483390,3.209474,0.6894,,6640145.1354
"21-Sep-21",58.93,60.485,57.9197,58.68,812977,2.797949,0.7011,,5735563.3162
"22-Sep-21",59,60.37,58.3647,59.11,1021951,2.893186,0.6738,,5938687.9762
"23-Sep-21",59.68,62.4,59.32,62.07,1050017,2.899448,0.6744,,5964417.0998
"24-Sep-21",61.31,61.54,58.69,58.71,1171605,2.768171,0.6782,,6455186.9718
"27-Sep-21",58.686,59.43,56.6,57.84,1671161,2.770468,0.6823,,6446787.249
"28-Sep-21",55.31,55.75,52.01,52.45,2813404,2.80078,0.6837,,6557383.5992
"29-Sep-21",49,50.199,41.02,42.5,9850078,2.763041,0.679,,6583982.7214
"30-Sep-21",42.15,42.1662,39.61,41.08,4729560,2.727426,0.687,6902424,6596582.3056
"01-Oct-21",41.06,41.12,38.78,39.91,2201489,3.268081,0.6689,,7124364.8882
"04-Oct-21",39.445,39.64,37.11,37.29,2003731,3.585496,0.6756,,7475753.292
"05-Oct-21",37.63,38.923,37.33,38.23,1435419,3.765076,0.6531,,7825741.742
"06-Oct-21",37.5,39.1399,36.9,37.54,1408546,3.831719,0.66,,7938438.0229
"07-Oct-21",37.91,40.18,37.48,39.03,1792273,4.003115,0.6631,,8147731.116
"08-Oct-21",38.63,38.685,34.38,35.61,3653519,3.867549,0.6597,,7983236.5445
"11-Oct-21",35.75,37.28,35.5,36.64,1503176,3.869601,0.6598,,8354003.7672
"12-Oct-21",37.06,39.3,37.06,37.53,1865680,3.877035,0.6642,,8376781.7664
"13-Oct-21",37.01,38.49,36.742,37.87,1071961,4.101492,0.6669,,8840624.6592
"14-Oct-21",38.49,39.7,38.07,38.95,1469184,4.3302,0.6519,,9366589.368
"15-Oct-21",39.39,39.48,37.86,38.02,955910,4.437278,0.6453,10158628,9566759.664
"18-Oct-21",38.06,38.6099,37.4,38.28,999150,4.502024,0.6457,,9735178.8096
"19-Oct-21",38.8,40.25,38.35,39.25,1066443,4.40892,0.6475,,9475647.6672
"20-Oct-21",39.5,39.7799,38.277,38.41,983030,4.425388,0.6473,,9468745.2432
"21-Oct-21",38.49,39.7,38.4,38.47,843420,4.478491,0.6481,,9528106.0896
"22-Oct-21",38.4,38.4,36.86,37.82,866823,4.427074,0.6412,,9398340.5184
"25-Oct-21",37.82,38.35,36.75,38.21,1036552,4.392362,0.6467,,9403862.4576
"26-Oct-21",38.56,38.66,37.15,37.9,820765,4.426605,0.6249,,9982883.7356
"27-Oct-21",38,38.5,36.78,36.8,654699,4.378908,0.636,,9843710.532
"28-Oct-21",36.92,38.19,36.55,38.15,751904,4.267506,0.6256,,9565364.1248
"29-Oct-21",38.05,38.12,36.47,36.72,858941,4.105145,0.6128,,9203716.968
"01-Nov-21",36.78,38.83,36.5,38.61,1089363,3.985034,0.6112,,9047274.0968
"02-Nov-21",38.47,38.47,37.37,38.22,766864,4.142523,0.6128,,9324604.6412
"03-Nov-21",38.04,38.8,37.21,38.69,825624
"19-Nov-21",,,,,,,,,,,0