"Date","open EIG Price in USD","high EIG Price in USD","low EIG Price in USD","close EIG Price in USD","EIG Volume","Days to cover 3m (on loan)","Cost To Borrow","Exchange Reported SI","Estimated Short Interest","Dividends","hidden"
"14-Nov-11",,,,,,,,,,
"30-Nov-11",,,,,,,,,,
"27-Feb-12",,,,,,,,,,
"08-Mar-12",,,,,,,,,,
"26-Mar-12",,,,,,,,,,
"08-May-12",,,,,,,,,,
"18-May-12",,,,,,,,,,
"05-Jun-12",,,,,,,,,,
"07-Aug-12",,,,,,,,,,
"17-Aug-12",,,,,,,,,,
"04-Sep-12",,,,,,,,,,
"07-Nov-12",,,,,,,,,,
"19-Nov-12",,,,,,,,,,
"05-Dec-12",,,,,,,,,,
"27-Feb-13",,,,,,,,,,
"11-Mar-13",,,,,,,,,,
"27-Mar-13",,,,,,,,,,
"08-May-13",,,,,,,,,,
"20-May-13",,,,,,,,,,
"05-Jun-13",,,,,,,,,,
"07-Aug-13",,,,,,,,,,
"19-Aug-13",,,,,,,,,,
"04-Sep-13",,,,,,,,,,
"06-Nov-13",,,,,,,,,,
"18-Nov-13",,,,,,,,,,
"04-Dec-13",,,,,,,,,,
"19-Feb-14",,,,,,,,,,
"03-Mar-14",,,,,,,,,,
"19-Mar-14",,,,,,,,,,
"30-Apr-14",,,,,,,,,,
"12-May-14",,,,,,,,,,
"28-May-14",,,,,,,,,,
"30-Jul-14",,,,,,,,,,
"11-Aug-14",,,,,,,,,,
"27-Aug-14",,,,,,,,,,
"29-Oct-14",,,,,,,,,,
"07-Nov-14",,,,,,,,,,
"26-Nov-14",,,,,,,,,,
"02-Jan-15",23.59,23.7,22.88,23.32,119229
"05-Jan-15",23.23,23.49,22.87,22.96,112836
"06-Jan-15",23.02,23.24,22.77,22.99,141375
"07-Jan-15",23.2,23.2899,22.75,22.99,84916
"08-Jan-15",23.13,23.39,22.91,23.2,202258
"09-Jan-15",23.11,23.2499,22.42,22.42,87256
"12-Jan-15",22.42,22.63,22.18,22.47,54859
"13-Jan-15",22.63,23.12,21.98,22.24,110392
"14-Jan-15",21.99,22.4001,21.72,22.22,75153
"15-Jan-15",22.31,22.37,21.58,21.59,59949
"16-Jan-15",21.51,22.15,21.51,22.07,130013
"20-Jan-15",22.02,22.15,21.43,21.52,89866
"21-Jan-15",21.47,21.84,21.29,21.8,86064
"22-Jan-15",21.87,22.17,21.66,22.12,94938
"23-Jan-15",22.1,22.17,21.6,21.68,73198
"26-Jan-15",21.66,21.92,21.46,21.89,96707
"27-Jan-15",21.69,21.95,21.512,21.69,75567
"28-Jan-15",21.78,22.07,21.13,21.22,78051
"29-Jan-15",21.22,21.54,20.93,21.45,115960
"30-Jan-15",21.37,21.466,20.77,20.8,116182
"02-Feb-15",20.93,21.23,20.62,21.16,115432
"03-Feb-15",21.25,21.93,21.23,21.41,102028
"04-Feb-15",21.37,21.83,21.26,21.7,70667
"05-Feb-15",21.67,22.06,21.54,22.02,75462
"06-Feb-15",22.02,22.49,22.02,22.15,80274
"09-Feb-15",22.08,22.17,21.71,21.79,54093
"10-Feb-15",21.98,21.98,21.46,21.81,49535
"11-Feb-15",21.74,21.82,21.445,21.65,47063
"12-Feb-15",21.71,21.92,21.56,21.73,62629
"13-Feb-15",21.66,21.74,21.42,21.58,56821
"17-Feb-15",21.63,21.64,21.37,21.5,75492
"18-Feb-15",21.42,21.89,21.37,21.72,273714,,,,,
"19-Feb-15",22.11,23.644,22.11,23.43,343420
"20-Feb-15",23.47,24.18,23.43,23.83,219831
"23-Feb-15",23.83,24.24,23.79,24.16,172126
"24-Feb-15",24.15,24.91,23.52,23.73,218379
"25-Feb-15",23.64,23.9175,23.64,23.72,149063
"26-Feb-15",23.82,24.255,23.82,23.95,141412
"27-Feb-15",23.99,24.08,23.29,23.59,199386
"02-Mar-15",23.77,24.14,23.52,24,308964,,,,,
"03-Mar-15",24.02,24.161,23.89,24,311911
"04-Mar-15",23.88,24.06,23.54,23.72,147102
"05-Mar-15",23.81,24.04,23.6013,23.74,145017
"06-Mar-15",23.56,24,23.5,23.79,182661
"09-Mar-15",23.85,24.77,23.805,24.32,420663
"10-Mar-15",24.22,24.44,24.03,24.2,190180
"11-Mar-15",24.31,24.45,24.1746,24.41,157035
"12-Mar-15",24.5,25,24.49,25,179675
"13-Mar-15",25,25.27,24.69,25.21,272938
"16-Mar-15",25.41,25.915,25.41,25.78,198110
"17-Mar-15",25.65,25.99,25.55,25.95,165628
"18-Mar-15",25.88,26.41,25.81,26.4,169873,,,,,
"19-Mar-15",26.29,26.38,26.01,26.2,103687
"20-Mar-15",26.25,26.85,26.25,26.59,271783
"23-Mar-15",26.54,26.72,26.25,26.68,173291
"24-Mar-15",26.62,26.7,26.36,26.51,133296
"25-Mar-15",26.91,26.91,26.5036,26.54,109826
"26-Mar-15",26.54,26.74,26.35,26.45,77420
"27-Mar-15",26.48,26.82,26.37,26.62,210218
"30-Mar-15",26.73,27.22,26.62,26.97,203102
"31-Mar-15",27.02,27.18,26.74,26.99,184265
"01-Apr-15",26.91,27.15,26.54,26.68,178985
"02-Apr-15",26.74,27.31,26.57,26.96,178396
"06-Apr-15",26.93,27.13,26.82,26.86,170774
"07-Apr-15",26.85,27.06,26.78,26.8,115508
"08-Apr-15",26.79,27.29,26.79,27.16,206375
"09-Apr-15",27.17,27.39,26.85,26.99,164740
"10-Apr-15",26.93,27.2,26.67,27,268887
"13-Apr-15",27.01,27.4,26.95,27.23,173516
"14-Apr-15",27.29,27.65,27.21,27.43,166622
"15-Apr-15",27.57,27.576,27.25,27.27,75465
"16-Apr-15",27.25,27.25,26.89,26.89,121845
"17-Apr-15",26.76,26.78,26.36,26.44,104492
"20-Apr-15",26.47,27.47,26.392,27.07,367228
"21-Apr-15",27.22,27.3525,26.89,27.02,170250
"22-Apr-15",27.11,27.2075,26.89,26.99,239025
"23-Apr-15",26.9,27.25,26.9,26.95,127748
"24-Apr-15",26.97,27.29,26.95,27.11,121805
"27-Apr-15",27.2,27.31,26.03,26.05,388116
"28-Apr-15",26.09,26.72,25.92,26.62,147777
"29-Apr-15",26.59,26.725,26.25,26.25,128847,,,,,
"30-Apr-15",25.23,25.5002,23.58,24.41,409852
"01-May-15",24.42,25.1,24.37,25.05,213667
"04-May-15",24.92,24.93,23.87,24.03,238053
"05-May-15",23.88,24.18,23.55,23.95,229274
"06-May-15",24.08,24.17,23.9,24.09,124289
"07-May-15",24,24.3757,23.78,24.3,114988
"08-May-15",24.06,24.6,23.86,24.14,136896
"11-May-15",23.98,24.39,23.8501,24.19,129743,,,,,
"12-May-15",24.03,24.38,23.7,24.16,187683
"13-May-15",24.19,24.27,23.98,24.14,87532
"14-May-15",24.14,24.66,23.97,24.52,112634
"15-May-15",24.48,24.5632,23.5,23.73,129309
"18-May-15",23.73,24.2,23.69,24.2,170253
"19-May-15",24.2,24.368,23.82,23.92,189576
"20-May-15",24.02,24.49,23.86,24.21,178496
"21-May-15",24.15,24.22,23.91,24.11,91560
"22-May-15",24.09,24.24,23.41,23.49,104482
"26-May-15",23.36,23.36,23,23.27,97972
"27-May-15",23.29,23.5,23.0705,23.39,78273,,,,,
"28-May-15",23.19,23.2,22.99,23.12,90974
"29-May-15",23.07,23.07,22.39,22.62,143127
"01-Jun-15",22.75,22.88,22.31,22.42,115577
"02-Jun-15",22.39,22.87,22.39,22.6,71301
"03-Jun-15",22.65,23.23,22.65,23.23,145586
"04-Jun-15",23.44,23.44,22.85,22.9,125357
"05-Jun-15",22.78,23,22.543,22.79,112903
"08-Jun-15",22.7,22.955,22.61,22.64,79702
"09-Jun-15",22.57,22.76,22.36,22.45,65321
"10-Jun-15",22.58,22.97,22.58,22.72,92601
"11-Jun-15",22.74,22.94,22.64,22.83,65357
"12-Jun-15",22.83,22.87,22.65,22.74,68891
"15-Jun-15",22.61,22.77,22.28,22.6,77299
"16-Jun-15",22.53,23.05,22.45,22.76,74833
"17-Jun-15",22.91,23.1099,22.63,22.66,61123
"18-Jun-15",22.7,23,22.7,22.83,83247
"19-Jun-15",22.94,22.94,22.63,22.7,151041
"22-Jun-15",22.81,22.97,22.56,22.96,66884
"23-Jun-15",22.93,22.98,22.49,22.95,120268
"24-Jun-15",22.93,23.26,22.86,22.99,110966
"25-Jun-15",23,23.08,22.64,23.03,153744
"26-Jun-15",23.14,23.45,23.01,23.24,346283
"29-Jun-15",23.14,23.26,22.43,22.46,158346
"30-Jun-15",22.72,22.97,22.51,22.78,133172
"01-Jul-15",23.18,23.355,22.915,23.14,122114
"02-Jul-15",23.22,23.22,22.65,22.82,107931
"06-Jul-15",22.5,22.875,22.485,22.73,77035
"07-Jul-15",22.75,22.76,22.15,22.5,115836
"08-Jul-15",22.36,22.68,22.28,22.59,195964
"09-Jul-15",22.78,22.94,22.45,22.48,144879
"10-Jul-15",22.73,23.1,22.6,23.08,70659
"13-Jul-15",23.21,23.36,23.01,23.28,104398
"14-Jul-15",23.28,23.62,23.12,23.48,177253
"15-Jul-15",23.45,23.6,23.31,23.46,83610
"16-Jul-15",23.54,23.77,23.31,23.46,61982
"17-Jul-15",23.49,23.61,23.22,23.44,59270
"20-Jul-15",23.55,23.668,23.21,23.28,69787
"21-Jul-15",23.21,23.58,23.03,23.5,98961
"22-Jul-15",23.41,23.63,23.27,23.35,54187
"23-Jul-15",23.26,23.65,22.73,22.83,89492
"24-Jul-15",22.77,22.862,22.46,22.54,85733
"27-Jul-15",22.45,22.57,22.29,22.36,60724
"28-Jul-15",22.46,22.46,22.02,22.17,98361
"29-Jul-15",22.09,22.47,22.032,22.2,93016,,,,,
"30-Jul-15",23.45,24.39,23.43,24.05,257304
"31-Jul-15",24.13,24.2402,23.79,24,124609
"03-Aug-15",24.07,24.42,23.674,24.3,70712
"04-Aug-15",24.32,26.4,23.93,26.2,288857
"05-Aug-15",26.25,26.39,25.395,25.76,134548
"06-Aug-15",25.85,25.85,24.97,24.98,107230
"07-Aug-15",24.79,25.1199,24.7,25.09,67783
"10-Aug-15",25.09,25.42,24.94,25.4,110735,,,,,
"11-Aug-15",25.25,25.87,25.25,25.75,93467
"12-Aug-15",25.52,25.52,24.975,25.28,74492
"13-Aug-15",25.16,25.41,25.06,25.29,57810
"14-Aug-15",25.24,25.58,25.15,25.57,47662
"17-Aug-15",25.44,25.44,25.1001,25.25,150441
"18-Aug-15",25.25,25.3775,25.06,25.19,111514
"19-Aug-15",24.98,25.1989,24.87,24.91,73616
"20-Aug-15",24.6,25.08,24.56,24.61,79912
"21-Aug-15",24.13,24.41,23.82,23.82,227580
"24-Aug-15",22.8,23.06,21.973,22.21,242590
"25-Aug-15",22.8,22.8,21.73,21.78,127646
"26-Aug-15",22.27,22.6,21.99,22.44,115880,,,,,
"27-Aug-15",22.59,22.72,21.97,22.16,91394
"28-Aug-15",22.05,22.115,21.855,21.97,82244
"31-Aug-15",21.81,22.22,21.81,22.05,109119
"01-Sep-15",21.55,22.13,21.54,21.96,138521
"02-Sep-15",22.21,22.31,21.8,22.2,67625
"03-Sep-15",22.3,22.5,21.97,22.01,63237
"04-Sep-15",21.67,21.91,21.56,21.6,48002
"08-Sep-15",21.97,22.035,21.49,21.88,94955
"09-Sep-15",22.02,22.2536,21.795,22.08,75945
"10-Sep-15",22.06,22.32,22.01,22.24,41389
"11-Sep-15",22.07,22.08,21.8,21.93,77788
"14-Sep-15",21.94,21.94,21.46,21.7,113104
"15-Sep-15",21.67,22.29,21.65,22.16,56842
"16-Sep-15",22.16,22.36,22.07,22.17,64558
"17-Sep-15",22.17,22.74,22.15,22.39,87938
"18-Sep-15",22.08,22.28,21.69,21.74,194787
"21-Sep-15",21.91,22.16,21.78,22.11,66430
"22-Sep-15",21.86,22.11,21.76,21.89,74349
"23-Sep-15",21.92,22.03,21.63,21.85,65563
"24-Sep-15",21.67,22,21.63,21.81,97816
"25-Sep-15",22,22.79,21.75,22.39,141494
"28-Sep-15",22.27,22.4,22.07,22.1,94680
"29-Sep-15",22.12,22.18,21.681,22.13,88049
"30-Sep-15",22.25,22.36,22.12,22.29,107511
"01-Oct-15",22.2,22.57,21.87,22.25,118622
"02-Oct-15",22.12,22.12,21.02,21.28,124069
"05-Oct-15",21.34,22.02,21.34,21.81,110450
"06-Oct-15",21.77,21.83,20.86,20.97,133153
"07-Oct-15",21.14,21.81,21.14,21.77,122558
"08-Oct-15",21.8,22,21.701,21.89,63906
"09-Oct-15",21.96,22.16,21.43,21.6,125262
"12-Oct-15",21.67,22.77,21.67,22.74,91422
"13-Oct-15",22.7,23,22.37,22.51,80068
"14-Oct-15",22.54,23.05,22.38,22.89,117059
"15-Oct-15",23.1,23.73,23.02,23.71,163866
"16-Oct-15",23.84,24.41,23.8,24.3,163970
"19-Oct-15",24.3,24.665,24.3,24.6,68714
"20-Oct-15",24.66,24.84,24.57,24.7,103991
"21-Oct-15",24.8,24.89,24.31,24.31,149725
"22-Oct-15",24.49,24.83,24.41,24.54,83703
"23-Oct-15",24.83,24.83,24.25,24.53,61089
"26-Oct-15",24.56,24.59,24.12,24.25,74489
"27-Oct-15",24.18,24.24,23.59,23.63,151391
"28-Oct-15",23.56,24.7,23.56,24.62,139574,,,,,
"29-Oct-15",25.17,27.38,25.12,26.73,274235
"30-Oct-15",26.93,27.34,26.36,26.47,177251
"02-Nov-15",26.73,27.62,26.73,27.53,243521
"03-Nov-15",27.59,27.68,26.81,26.84,385727
"04-Nov-15",26.97,27.08,26.35,26.51,163585
"05-Nov-15",26.63,26.7814,26.4,26.63,166918
"06-Nov-15",26.61,26.89,26.52,26.72,235366,,,,,
"09-Nov-15",26.9,27.31,26.4,26.46,119201
"10-Nov-15",26.53,26.89,26.4,26.74,297331
"11-Nov-15",26.9,27.26,26.68,26.79,226203
"12-Nov-15",26.73,27.02,26.3,26.38,82140
"13-Nov-15",26.3,26.62,26.2,26.44,128059
"16-Nov-15",26.34,26.72,25.87,26.54,155970
"17-Nov-15",26.68,26.735,26.1,26.16,99252
"18-Nov-15",26.32,26.7,26.2,26.61,135515
"19-Nov-15",26.67,26.82,26.62,26.8,151934
"20-Nov-15",26.81,27,26.6375,26.86,164404
"23-Nov-15",26.95,27.16,26.8708,27.08,144746
"24-Nov-15",27.04,27.46,26.79,27.38,72711,,,,,
"25-Nov-15",27.46,27.4899,27.11,27.33,78444
"27-Nov-15",27.2,27.68,27.15,27.52,45936
"30-Nov-15",27.52,27.78,27.29,27.41,138230
"01-Dec-15",27.45,27.81,27.33,27.71,87287
"02-Dec-15",27.7,27.88,27.395,27.8,117423
"03-Dec-15",27.79,27.82,26.88,26.89,92380
"04-Dec-15",26.81,27.35,26.625,27.14,69673
"07-Dec-15",27.12,27.33,26.82,26.9,69123
"08-Dec-15",26.81,26.94,26.47,26.47,65786
"09-Dec-15",26.37,26.69,26.18,26.24,79194
"10-Dec-15",26.23,26.54,26.003,26.44,122444
"11-Dec-15",26.04,26.53,25.69,26.3,128745
"14-Dec-15",26.41,27.12,26.3301,27.02,228255
"15-Dec-15",27.22,27.59,26.98,27.55,147994
"16-Dec-15",27.68,27.985,27.24,27.72,115718
"17-Dec-15",27.85,27.925,27.01,27.07,171808
"18-Dec-15",27,27.12,26.44,26.59,748479
"21-Dec-15",26.86,27.29,26.66,27.05,101354
"22-Dec-15",27.12,27.43,26.81,27.37,124550
"23-Dec-15",27.59,27.65,27.23,27.56,84108
"24-Dec-15",27.52,27.88,27.52,27.71,28850
"28-Dec-15",27.7,27.744,27.19,27.61,114212
"29-Dec-15",27.72,28.3523,27.72,28.2,78500
"30-Dec-15",28.22,28.35,27.94,28.06,75517
"31-Dec-15",28.09,28.1199,27.28,27.3,106849
"04-Jan-16",26.69,26.89,26.22,26.58,209431
"05-Jan-16",26.8,27.06,26.55,26.68,121509
"06-Jan-16",26.35,27.18,26.35,27,184473
"07-Jan-16",26.5,26.91,26.19,26.27,339052
"08-Jan-16",26.4,26.4599,25.13,25.2,298557
"11-Jan-16",25.41,25.78,25.205,25.56,118803
"12-Jan-16",26.05,26.05,25.28,25.55,105316
"13-Jan-16",25.62,25.62,24.14,24.42,206239
"14-Jan-16",24.56,25.09,24.43,24.79,107111
"15-Jan-16",24.3,24.49,23.89,24.47,119966
"19-Jan-16",24.67,24.96,24.05,24.4,150397
"20-Jan-16",24.07,24.49,23.4,24.23,123495
"21-Jan-16",24.28,24.399,23.79,23.96,125803
"22-Jan-16",24.24,24.54,23.99,24.21,100482
"25-Jan-16",24.2,24.355,23.84,23.89,63335
"26-Jan-16",23.95,24.68,23.95,24.5,142230
"27-Jan-16",24.5,24.5,23.85,23.94,151152
"28-Jan-16",24,24.31,23.92,24.08,87842
"29-Jan-16",24.19,24.94,24.19,24.91,184175
"01-Feb-16",24.79,24.79,24.22,24.54,131166
"02-Feb-16",24.22,24.22,23.85,24.16,89686
"03-Feb-16",24.39,24.39,23.45,23.65,119204
"04-Feb-16",23.6,23.76,22.92,23.04,121268
"05-Feb-16",23.04,23.18,22.58,23.01,186389
"08-Feb-16",22.83,23.28,22.625,23.16,172761
"09-Feb-16",22.87,23.5,22.76,23.37,118281
"10-Feb-16",23.64,24.03,23.15,23.15,140475
"11-Feb-16",22.72,23,22.61,22.82,82948
"12-Feb-16",23.1,23.76,23.045,23.65,147451
"16-Feb-16",23.93,23.93,23.21,23.52,115516
"17-Feb-16",26.5,29.205,26.1,27.92,553210,,,,,
"18-Feb-16",28.06,28.1,27.41,27.88,365292
"19-Feb-16",27.79,28.06,27.13,27.21,184931
"22-Feb-16",27.58,28.65,27.4748,28.01,205991
"23-Feb-16",27.92,28.04,27.17,27.33,240361
"24-Feb-16",27.11,27.79,26.92,27.51,118490
"25-Feb-16",27.59,28.32,27.2055,28.09,388090
"26-Feb-16",28.12,28.54,27.3101,27.62,188963,,,,,
"29-Feb-16",27.62,28.53,27.46,27.76,249650
"01-Mar-16",28.05,28.53,27.99,28.19,163547
"02-Mar-16",28.19,28.5689,28.11,28.5,148169
"03-Mar-16",28.42,28.53,28.04,28.2,165572
"04-Mar-16",28.21,28.22,27.82,27.88,159370
"07-Mar-16",27.76,28.23,27.69,28.22,180271
"08-Mar-16",27.93,28.31,27.76,28.02,167271
"09-Mar-16",28.09,28.33,27.77,28.07,131708
"10-Mar-16",28.21,28.3,27.54,27.67,124069
"11-Mar-16",27.83,28.41,27.688,28.15,134761
"14-Mar-16",28.05,28.09,27.71,27.72,103404
"15-Mar-16",27.67,27.75,27.28,27.36,124786,,,,,
"16-Mar-16",27.31,28,27.29,27.82,159203
"17-Mar-16",27.84,28.26,27.46,28.06,161573
"18-Mar-16",28.26,28.49,28.07,28.29,203948
"21-Mar-16",28.15,28.15,27.68,27.87,107772
"22-Mar-16",27.84,28.12,27.66,27.88,76267
"23-Mar-16",27.89,28.13,27.52,27.53,86603
"24-Mar-16",27.53,27.53,27.01,27.32,102171
"28-Mar-16",27.36,27.87,27.21,27.81,104423
"29-Mar-16",27.81,28.34,27.68,28.25,124513
"30-Mar-16",28.36,28.64,28.36,28.5,198278
"31-Mar-16",28.48,28.48,28.065,28.14,104401
"01-Apr-16",28.04,28.44,27.75,28.43,102124
"04-Apr-16",28.28,28.28,27.71,27.95,223081
"05-Apr-16",27.79,28.24,27.79,27.86,121977
"06-Apr-16",27.84,27.89,27.32,27.57,106434
"07-Apr-16",27.3,27.54,27.09,27.27,169253
"08-Apr-16",27.55,27.63,27.07,27.32,85135
"11-Apr-16",27.49,27.73,27.22,27.23,135582
"12-Apr-16",27.38,28,27.34,27.86,90267
"13-Apr-16",28.07,28.47,27.99,28.31,118261
"14-Apr-16",28.26,28.57,28.13,28.36,79503
"15-Apr-16",28.3,28.545,28.28,28.5,199104
"18-Apr-16",28.45,28.5,28.03,28.31,140169
"19-Apr-16",28.2,28.5,28.16,28.3,83077
"20-Apr-16",28.27,28.6,28.115,28.54,116717
"21-Apr-16",28.59,28.73,28.04,28.4,194232
"22-Apr-16",28.31,28.66,28.28,28.6,190303
"25-Apr-16",28.33,28.67,28.13,28.65,158383
"26-Apr-16",28.53,29.36,28.44,29.1,294663
"27-Apr-16",29,29.26,28.7,29.14,288957,,,,,
"28-Apr-16",28.77,29.15,28.21,29.03,250813
"29-Apr-16",29.04,29.89,28.94,29.7,231945
"02-May-16",29.93,30.23,29.53,29.61,256604
"03-May-16",29.35,29.64,28.82,29.51,177469
"04-May-16",29.34,29.66,29.04,29.44,157827
"05-May-16",29.13,29.81,29.13,29.7,263366
"06-May-16",29.48,29.92,29.29,29.92,161029
"09-May-16",29.77,30.01,29.56,29.87,72534,,,,,
"10-May-16",30,30.35,29.69,29.87,140265
"11-May-16",29.76,30.05,29.42,29.47,100878
"12-May-16",29.47,30.24,29.464,29.82,138903
"13-May-16",29.75,29.93,29.438,29.57,93237
"16-May-16",29.7,30.32,29.37,29.98,138659
"17-May-16",29.92,30.15,29.15,29.22,246034
"18-May-16",29.14,30.1,29.14,29.88,137869
"19-May-16",29.74,30.11,29.23,29.42,95149
"20-May-16",29.59,29.92,29.43,29.71,97674
"23-May-16",29.62,29.88,29.35,29.53,121407
"24-May-16",29.6,30.425,29.6,30.18,167382
"25-May-16",30.24,30.405,29.57,30.08,119973,,,,,
"26-May-16",30.19,30.53,29.99,30.22,197990
"27-May-16",30.32,30.36,29.57,29.86,264981
"31-May-16",29.98,30.32,29.78,29.85,219243
"01-Jun-16",29.71,29.92,29.33,29.89,348245
"02-Jun-16",29.75,29.82,29.08,29.24,275194
"03-Jun-16",29.08,29.28,28.59,29.25,226873
"06-Jun-16",29.2,30,29.16,29.81,153016
"07-Jun-16",29.73,29.83,29.46,29.52,88442
"08-Jun-16",29.61,29.93,29.5072,29.89,123552
"09-Jun-16",29.67,30.05,29.25,29.75,129723
"10-Jun-16",29.46,29.88,29.44,29.73,96624
"13-Jun-16",29.63,29.75,29.17,29.26,96933
"14-Jun-16",29.12,29.55,28.95,29.05,89709
"15-Jun-16",29.06,29.36,28.72,28.76,80914
"16-Jun-16",28.52,29,28.46,28.95,93944
"17-Jun-16",29.03,29.72,28.29,28.4,465122
"20-Jun-16",28.82,29.32,28.49,28.88,125567
"21-Jun-16",29.12,29.36,28.81,29.16,110676
"22-Jun-16",29.14,29.42,29.05,29.07,83032
"23-Jun-16",29.48,29.74,29.29,29.61,78495
"24-Jun-16",28.44,28.94,27.89,27.93,809866
"27-Jun-16",27.7,27.8,27.12,27.14,191409
"28-Jun-16",27.53,27.79,27.25,27.4,170193
"29-Jun-16",27.63,28.16,27.63,28.14,114959
"30-Jun-16",28.07,29.03,28.07,29.02,174879
"01-Jul-16",28.71,29.07,28.6,28.77,138956
"05-Jul-16",28.49,29,28.47,28.95,177262
"06-Jul-16",28.76,29.23,28.76,29.12,96241
"07-Jul-16",29.14,29.6,29.14,29.29,95032
"08-Jul-16",29.65,29.97,29.26,29.9,142057
"11-Jul-16",30.3,30.95,30.27,30.7,184970
"12-Jul-16",30.98,31,30.61,30.69,144178
"13-Jul-16",30.8,31.12,30.7,30.98,141164
"14-Jul-16",31,31.425,30.78,30.95,139400
"15-Jul-16",31,31.2,30.6,31.06,123437
"18-Jul-16",31.03,31.21,30.78,30.8,119114
"19-Jul-16",30.63,30.725,30.43,30.71,183589
"20-Jul-16",30.71,30.88,30.575,30.78,166240
"21-Jul-16",30.74,30.79,30.425,30.76,170058
"22-Jul-16",30.7,31.28,30.7,31.26,111903
"25-Jul-16",31.2,31.43,31.2,31.39,132070
"26-Jul-16",31.51,31.79,31.399,31.77,138050
"27-Jul-16",31.97,32.03,31.6899,31.97,203422,,,,,
"28-Jul-16",31.56,31.56,29.19,29.65,518523
"29-Jul-16",29.52,29.52,28.24,28.52,368209
"01-Aug-16",28.51,28.51,27.25,27.67,287997
"02-Aug-16",27.68,28.22,27.635,27.87,283774
"03-Aug-16",28.02,28.17,27.67,27.8,212420
"04-Aug-16",27.77,27.95,27.6,27.8,297310
"05-Aug-16",28.02,28.65,27.011,28.62,237809
"08-Aug-16",28.55,28.78,28.475,28.64,192447,,,,,
"09-Aug-16",28.79,28.91,28.52,28.54,147297
"10-Aug-16",28.73,28.863,28.53,28.65,143919
"11-Aug-16",28.79,28.87,28.36,28.58,153834
"12-Aug-16",28.55,28.61,28.44,28.52,104562
"15-Aug-16",28.5,28.86,28.5,28.73,103469
"16-Aug-16",28.75,28.828,28.57,28.61,203711
"17-Aug-16",28.58,28.7,28.33,28.47,212555
"18-Aug-16",28.66,28.77,28.465,28.65,111328
"19-Aug-16",28.58,28.82,28.3412,28.81,119637
"22-Aug-16",28.85,28.9,28.55,28.79,201502
"23-Aug-16",29,29.08,28.52,28.57,114557
"24-Aug-16",28.63,28.87,28.5,28.61,178039,,,,,
"25-Aug-16",28.82,29.01,28.4,29,136021
"26-Aug-16",29,29.29,28.75,29.25,376736
"29-Aug-16",29.23,29.78,29.23,29.66,108686
"30-Aug-16",29.71,30.0401,29.7,30,94530
"31-Aug-16",30.06,30.58,30.06,30.47,177445
"01-Sep-16",30.46,30.64,30.09,30.64,163888
"02-Sep-16",30.78,30.78,30.46,30.62,123673
"06-Sep-16",30.69,30.765,30.27,30.69,188837
"07-Sep-16",30.64,31.01,30.64,30.95,113690
"08-Sep-16",30.98,30.98,30.73,30.78,89446
"09-Sep-16",30.78,30.78,29.88,29.9,82891
"12-Sep-16",29.68,30,29.39,29.93,162181
"13-Sep-16",29.64,29.83,29.5378,29.65,118554
"14-Sep-16",29.7,29.7,29.09,29.09,150405
"15-Sep-16",29.13,29.58,29.07,29.4,120958
"16-Sep-16",29.26,29.31,28.92,29.05,139686
"19-Sep-16",29.06,29.195,28.81,29.03,107593
"20-Sep-16",29.21,29.62,29.12,29.41,164608
"21-Sep-16",29.61,30.36,29.51,30.26,124899
"22-Sep-16",30.26,31.14,30.26,30.86,172571
"23-Sep-16",30.64,30.9,30.605,30.65,98070
"26-Sep-16",30.46,30.51,29.83,29.91,118412
"27-Sep-16",29.97,30,29.66,29.9,182048
"28-Sep-16",29.96,30.15,29.74,30.14,112021
"29-Sep-16",29.97,30.18,29.78,29.81,65714
"30-Sep-16",29.95,29.99,29.67,29.83,134667
"03-Oct-16",29.67,30,29.4,30,169505
"04-Oct-16",29.95,29.99,29.25,29.44,149861
"05-Oct-16",29.49,30.22,29.49,29.97,225700
"06-Oct-16",30.02,30.02,29.34,29.76,103009
"07-Oct-16",29.84,30.27,29.84,30.22,79067
"10-Oct-16",30.38,30.6,30.07,30.34,67546
"11-Oct-16",30.34,30.475,30.08,30.21,77964
"12-Oct-16",30.15,30.75,30.15,30.46,77578
"13-Oct-16",30.24,30.71,30.19,30.49,88473
"14-Oct-16",30.73,30.92,30.63,30.66,68062
"17-Oct-16",30.6,31,30.6,30.75,63921
"18-Oct-16",31,31.3,30.75,30.8,70761
"19-Oct-16",30.95,31.25,30.8,31.1,66431
"20-Oct-16",31.1,31.1,30.8,31.05,107943
"21-Oct-16",30.65,30.9,30.5,30.9,103227
"24-Oct-16",31,31.3,30.95,31.1,93775
"25-Oct-16",31.25,31.25,30.65,30.85,93914
"26-Oct-16",30.85,31.1,30.6,30.75,84106,,,,,
"27-Oct-16",31.5,31.85,31.05,31.35,91089
"28-Oct-16",31.25,31.6,30.7,31.05,145492
"31-Oct-16",31.1,31.35,30.65,31.35,145266
"01-Nov-16",31.25,31.25,30.1,30.15,124533
"02-Nov-16",30.2,30.45,29.85,29.95,105549
"03-Nov-16",29.95,30.2,29.6,29.8,107584
"04-Nov-16",29.8,30.25,29.55,30,80998
"07-Nov-16",30.45,30.45,29.95,30.1,85699,,,,,
"08-Nov-16",30,30.9,30,30.75,84203
"09-Nov-16",31.35,32.1,30.45,31.95,159509
"10-Nov-16",32,32.9,31.95,32.5,253863
"11-Nov-16",32.45,33.75,32.45,33.35,294201
"14-Nov-16",33.6,34.2,33.1,33.25,252919
"15-Nov-16",33.3,33.5,33,33.3,129847
"16-Nov-16",33.35,34.1,33.25,34.05,112598
"17-Nov-16",34.1,34.6,33.85,33.95,108453
"18-Nov-16",34.25,35.3,34.25,35.3,178492
"21-Nov-16",35.45,35.65,34.9,35.4,105398
"22-Nov-16",35.7,36.1,35.55,35.95,116500
"23-Nov-16",36.05,36.4,35.8,36.25,119514,,,,,
"25-Nov-16",36.2,36.45,36.15,36.3,68780
"28-Nov-16",36.2,36.9,36.05,36.15,168086
"29-Nov-16",36.35,36.5,35.95,36.05,79127
"30-Nov-16",35.75,36.3,35.3,35.35,160092
"01-Dec-16",35.5,36.05,35.25,35.85,111248
"02-Dec-16",35.3,35.65,34.8785,35.35,123517
"05-Dec-16",35.55,35.85,35.4,35.8,102280
"06-Dec-16",35.9,36.4,35.7586,36.35,118221
"07-Dec-16",36.45,36.9,36.35,36.65,100660
"08-Dec-16",36.85,37.2,36.45,37.15,158244
"09-Dec-16",37.15,37.5,36.95,37.5,107782
"12-Dec-16",37.4,37.45,36.25,36.7,204862
"13-Dec-16",36.75,37.2,36.65,36.75,89311
"14-Dec-16",36.75,37.05,36.35,36.4,93567
"15-Dec-16",36.3,37.15,36.25,37.15,260620
"16-Dec-16",37.25,37.35,36.65,36.65,947148
"19-Dec-16",36.55,37.65,36.45,37.55,161446
"20-Dec-16",37.6,38.2,37.3,38.1,341151
"21-Dec-16",38.1,38.8,37.9,38.55,143270
"22-Dec-16",38.5,38.9,38.3,38.8,134031
"23-Dec-16",38.85,39.05,38.7,38.95,91770
"27-Dec-16",39,39.3,38.6,39.1,95816
"28-Dec-16",39.2,39.35,38.975,39.35,137478
"29-Dec-16",39.45,39.65,39.025,39.6,175992
"30-Dec-16",39.55,39.75,39.25,39.6,203334
"02-Jan-17",,,,,,0.278818
"03-Jan-17",39.8,40.2,39,40.2,289054,0.252283
"04-Jan-17",40.2,40.55,39.95,40.15,228179,0.271301
"05-Jan-17",39.95,39.95,38.75,39.05,139815,0.180832
"06-Jan-17",39.35,40,39.05,39.65,129396,0.332791
"09-Jan-17",39.5,39.5,38.5,38.55,209825,0.322517
"10-Jan-17",38.5,39.35,38.2,39.35,245589,0.226038
"11-Jan-17",39.4,39.8,39.025,39.35,165694,0.209032
"12-Jan-17",39.3,39.3,38.1,38.35,171653,0.157405
"13-Jan-17",38.45,39.15,38.175,38.2,135273
"17-Jan-17",37.7,38,37.25,37.25,161079
"18-Jan-17",37.5,38.125,37.2,37.95,181884
"19-Jan-17",38,38.2,37.15,37.5,122896
"20-Jan-17",37.5,37.7,37.25,37.45,117821
"23-Jan-17",37.5,37.6,37.15,37.4,86868
"24-Jan-17",37.5,37.7,37.2,37.35,130664
"25-Jan-17",37.65,38.1,37.6,37.8,67072
"26-Jan-17",37.75,37.75,37.35,37.5,52870
"27-Jan-17",37.5,37.5,36.85,37.05,109628
"30-Jan-17",36.85,36.9,36.25,36.4,76009
"31-Jan-17",36.4,36.7,36,36.45,116920
"01-Feb-17",36.6,36.95,36.45,36.6,90567
"02-Feb-17",36.6,37,36.15,36.4,71330
"03-Feb-17",36.8,36.95,36.45,36.75,79267
"06-Feb-17",36.5,36.7,36.3,36.5,101718
"07-Feb-17",36.65,37,36.25,36.45,84627
"08-Feb-17",36.15,36.3,35.6,36.2,93422
"09-Feb-17",36.25,36.9,36.25,36.65,96044
"10-Feb-17",36.8,37.05,36.65,37,48674
"13-Feb-17",37.25,37.43,36.85,37.25,68260
"14-Feb-17",36.95,37.45,36.95,37.4,81175
"15-Feb-17",37.35,37.55,36.9,37.45,52725
"16-Feb-17",37.5,37.6,37.05,37.35,95727
"17-Feb-17",37.5,37.5,36.2,37.1,140596
"21-Feb-17",37.3,37.6,36.85,37.55,85512
"22-Feb-17",37.3,37.8,37.2,37.65,61903,,,,,
"23-Feb-17",39.1,39.4,37.8,39.05,167614
"24-Feb-17",38.55,39.05,37.7,38.3,69612
"27-Feb-17",38.3,38.45,37.95,38.4,127158
"28-Feb-17",38.1,38.15,37.45,37.6,106084
"01-Mar-17",37.55,38.75,37.4,38.65,119017
"02-Mar-17",38.15,38.75,37.9,38.45,96323
"03-Mar-17",38.45,38.85,38.05,38.8,109277
"06-Mar-17",38.4,38.65,38.3,38.4,128911,,,,,
"07-Mar-17",38.35,38.35,38.025,38.3,50620
"08-Mar-17",38.6,38.6,37.575,37.6,68764
"09-Mar-17",37.85,38.05,37.6,37.6,102511
"10-Mar-17",37.85,37.9,37.5,37.8,69294
"13-Mar-17",37.7,38.05,37.5,37.8,48444
"14-Mar-17",37.65,38.025,37.55,37.85,44712
"15-Mar-17",37.95,38.8,37.8,38.5,154627
"16-Mar-17",38.75,38.75,38.15,38.4,121424
"17-Mar-17",38.35,38.35,37.35,38.3,333618
"20-Mar-17",38.25,38.6,37.65,38.3,185228
"21-Mar-17",38.55,38.55,36.85,36.9,126663
"22-Mar-17",36.35,36.8,35.9,36.3,133006,,,,,
"23-Mar-17",36.4,36.95,36.3,36.6,76925
"24-Mar-17",36.65,36.95,36.225,36.4,107186
"27-Mar-17",36.05,36.7,36.05,36.65,61800
"28-Mar-17",36.65,37.3,36.55,37.3,121328
"29-Mar-17",37.25,37.35,36.85,37,62631
"30-Mar-17",37,38,37,37.85,110057
"31-Mar-17",37.75,38.1,37.55,37.95,126391
"03-Apr-17",38,38.1,36.5,37.15,151400
"04-Apr-17",37.35,37.75,37.1,37.5,92605
"05-Apr-17",37.85,38.1,36.75,36.85,102734
"06-Apr-17",37,37.1,36.5,36.95,99883
"07-Apr-17",36.95,37.05,36.6,36.9,70299
"10-Apr-17",36.8,37.35,36.5,37.25,71635
"11-Apr-17",37,38.05,36.9,38,116638
"12-Apr-17",37.95,38.05,37.25,37.7,98171
"13-Apr-17",37.6,37.6,36.85,36.85,66928
"17-Apr-17",37.1,37.9,37.1,37.9,103475
"18-Apr-17",37.75,38,37.35,37.95,99925
"19-Apr-17",38.15,38.75,37.9,38.05,77037
"20-Apr-17",38.15,38.8,37.95,38.75,84570
"21-Apr-17",38.5,39,38.45,38.95,145401
"24-Apr-17",39.2,40.15,38.85,39.3,193285
"25-Apr-17",39.7,40.35,39.45,39.5,159228
"26-Apr-17",39.35,40.75,39.35,40.2,134876,,,,,
"27-Apr-17",40.25,40.65,39.6,39.6,106082
"28-Apr-17",39.75,40.35,39.65,40,125603
"01-May-17",40.25,41.125,39.95,41,142806
"02-May-17",41.05,41.6,40.95,41.3,128576
"03-May-17",41.2,41.75,41.2,41.5,117445
"04-May-17",41.75,41.9,41.4,41.8,76678
"05-May-17",41.85,41.95,40.55,40.8,112090
"08-May-17",40.7,40.7859,39.8,40,89177,,,,,
"09-May-17",40.15,40.45,40,40.35,187255
"10-May-17",40.35,40.8,40.3,40.55,91404
"11-May-17",40.45,40.45,40.025,40.25,60770
"12-May-17",40.05,40.1,39.068,39.2,78673
"15-May-17",39.4,40.1,39.4,40.1,134935
"16-May-17",40.1,40.4,39.8,40.25,129277
"17-May-17",39.55,40.05,39.4,39.65,148042
"18-May-17",39.5,40.3,39.3,39.8,144424
"19-May-17",39.8,40.45,39.8,39.95,330266
"22-May-17",40,40.35,39.75,40.15,62563
"23-May-17",40.35,40.5,39.9,40.45,110913
"24-May-17",40.45,40.75,39.7,40.15,137062,,,,,
"25-May-17",40.2,40.45,39.9,40.35,234726
"26-May-17",40.35,40.45,39.95,39.95,81124
"30-May-17",39.85,40,39.25,39.9,66882
"31-May-17",40,40.125,39.45,40.05,75770
"01-Jun-17",40.1,40.85,40,40.85,97359
"02-Jun-17",40.9,41.75,40.8,41.35,95844
"05-Jun-17",41.25,41.4,40.45,40.45,67728
"06-Jun-17",40.25,40.75,39.95,40.4,97658
"07-Jun-17",40.55,41.25,40.15,41.25,91740
"08-Jun-17",41.15,42.5,40.65,41.95,113025
"09-Jun-17",42.1,42.85,41.85,42.7,146929
"12-Jun-17",42.45,43.55,41.45,41.7,198336
"13-Jun-17",41.8,42.05,41.55,42,61253
"14-Jun-17",41.85,41.9,41.3,41.9,58837
"15-Jun-17",41.4,42.05,41.4,41.95,76101
"16-Jun-17",41.4,42.35,41.4,42.35,191981
"19-Jun-17",42.55,42.55,41.85,42.35,66840
"20-Jun-17",42.2,42.65,41.25,41.5,72503
"21-Jun-17",41.65,41.75,41.15,41.45,60669
"22-Jun-17",41.25,41.45,40.8,41.2,43569
"23-Jun-17",41.4,41.4,40.9,41.15,249630
"26-Jun-17",41.25,41.8,41.05,41.8,70849
"27-Jun-17",41.75,42.3,41.5,42.25,111631
"28-Jun-17",42.6,43.15,42.5,42.9,111567
"29-Jun-17",43.25,43.25,42.1,42.7,62375
"30-Jun-17",42.8,42.8,42.125,42.3,60691
"03-Jul-17",42.45,43.75,41.887,43.5,57733,0.757429
"04-Jul-17",,,,,,0.760921
"05-Jul-17",43.3,43.35,42.45,42.55,60116,0.48961
"06-Jul-17",42.5,42.6,42,42.3,68362,0.474675
"07-Jul-17",42.45,43.4,42.25,43.25,83034,0.39386
"10-Jul-17",42.9,43.05,42.25,42.45,97130,0.327131
"11-Jul-17",42.5,42.5,41.9,42.15,89065,0.299965
"12-Jul-17",42.25,42.45,41.9,42.25,59343,0.33978
"13-Jul-17",42.35,42.4,41.95,42.2,74266,0.360663
"14-Jul-17",42,42.45,41.9,42.35,88158,0.35847
"17-Jul-17",42.35,42.85,42.05,42.65,81026,0.328864
"18-Jul-17",42.3,43.05,42.25,43,77206,0.310226
"19-Jul-17",43,43.8,42.8,43.75,79897,0.388232
"20-Jul-17",43.7,44.25,43.1,43.85,65279,0.367494
"21-Jul-17",44.25,44.55,43.45,43.65,68105,0.350652
"24-Jul-17",43.65,43.8,43.15,43.7,41824,0.355195
"25-Jul-17",43.95,44.45,43.6,43.95,123005,0.439319
"26-Jul-17",44,44,43.4,43.45,41845,0.34878,,,,
"27-Jul-17",44.55,44.55,42.55,43.3,89032,0.270279
"28-Jul-17",43.25,44.1,42.35,43.75,65003,0.386507
"31-Jul-17",44,44,43.05,43.35,96502,0.208762
"01-Aug-17",43.45,43.85,43.1,43.8,47657,0.348816
"02-Aug-17",43.6,43.7,43.15,43.35,78324,0.243194
"03-Aug-17",43.35,43.5,42.95,43.05,108954,0.225706
"04-Aug-17",43.25,43.4,43,43.35,54786,0.131815
"07-Aug-17",43.2,43.35,42.6,42.65,46009,0.394455,,,,
"08-Aug-17",42.6,43.1,42.4,42.45,61726,0.726727
"09-Aug-17",42.2,42.75,42.15,42.7,89498,0.720474
"10-Aug-17",42.4,43.15,42.4,42.9,100709
"11-Aug-17",41.8,43.2,41.8,42.15,104069
"14-Aug-17",42.35,42.95,41.1,42.95,44609
"15-Aug-17",43,43.2,42.35,42.4,40544
"16-Aug-17",42.6,43.4,42.25,42.35,52202
"17-Aug-17",42.25,42.6,41.9,42.55,103248
"18-Aug-17",42.15,42.4,41.75,41.8,73943
"21-Aug-17",41.8,41.9,41.5,41.8,43556
"22-Aug-17",42,42.15,41.5,41.85,48178
"23-Aug-17",41.65,42.05,41.65,41.7,48322,,,,,
"24-Aug-17",41.75,41.8,41.2,41.25,33888
"25-Aug-17",41.45,41.8,41.15,41.6,37472
"28-Aug-17",41.6,41.6,41.05,41.2,97653
"29-Aug-17",41.2,41.95,41.1,41.85,78457
"30-Aug-17",41.9,42.5,41.85,41.95,108264
"31-Aug-17",42.05,42.15,41.65,42.15,79747
"01-Sep-17",42.15,42.65,42.15,42.45,47281
"05-Sep-17",42.45,42.65,40.2,40.3,171101
"06-Sep-17",40.3,40.6,39.95,40,160297
"07-Sep-17",39.9,40,38.7,39.75,102610
"08-Sep-17",39.6,41.2,39.35,40.75,52183
"11-Sep-17",40.8,41.7,40.8,41.35,65636
"12-Sep-17",41.45,41.5,40.8,40.9,75759
"13-Sep-17",40.65,40.95,40.35,40.75,74623
"14-Sep-17",40.85,40.85,40.45,40.7,56265
"15-Sep-17",41.5,41.55,40.8,41.3,199434
"18-Sep-17",41.35,42.05,41.1,41.8,105974
"19-Sep-17",42.25,42.65,42.05,42.05,110048
"20-Sep-17",42.1,42.95,41.95,42.75,82435
"21-Sep-17",42.75,43.25,42.05,42.95,65977
"22-Sep-17",42.7,43.45,42.7,43.1,72627
"25-Sep-17",43.05,43.55,42.95,43.35,90133
"26-Sep-17",43.45,44.275,43.05,44.25,100752
"27-Sep-17",44.55,45.9,44.2,45.55,112168
"28-Sep-17",45.45,45.85,44.95,45.6,90799
"29-Sep-17",45.45,45.55,44.95,45.45,112932
"02-Oct-17",45.3,46.3,45.15,46.1,174303,0.744409,0.4879
"03-Oct-17",46.1,46.3,45.7,46.15,175627,0.616951,0.4747
"04-Oct-17",46.15,46.35,45.7,45.8,47786,0.657527,0.585
"05-Oct-17",45.85,46.3,45.2,46.15,99454,0.692249,0.6218
"06-Oct-17",46.1,46.6,45.95,46.4,47515,0.684183,0.6023
"09-Oct-17",46.4,46.8,45.85,46,59828,0.68409,0.6005
"10-Oct-17",46.2,46.35,46.15,46.3,57114,0.652054,0.5984
"11-Oct-17",46.3,46.9,46.2,46.5,95605,0.516459,0.625
"12-Oct-17",46.65,46.95,46.35,46.6,89774,0.493021,0.6281
"13-Oct-17",46.7,47.15,46.6,46.85,57558,1.052979,0.6043
"16-Oct-17",47,47.25,46.5,47.2,63733,1.044933,0.6143
"17-Oct-17",47.2,47.2,46.15,46.4,56784,0.960336,0.6141
"18-Oct-17",46.6,46.8,46.3,46.45,104298,1.273524,0.6552
"19-Oct-17",46.3,46.75,45.85,46.7,50548,1.220951,0.6396
"20-Oct-17",47.2,47.25,46.25,46.35,85925,1.189057,0.6166
"23-Oct-17",46.45,46.495,45.55,45.7,132087,1.173904,0.6112
"24-Oct-17",45.75,46.15,45.4875,45.5,71091,0.981629,0.6524
"25-Oct-17",45.5,45.75,45.2,45.55,68079,0.957668,0.6737,,,
"26-Oct-17",45.7,46.9,45.7,46.8,62482,1.060866,0.6344
"27-Oct-17",46.8,47.75,46.25,47.75,99978,1.019507,0.6364
"30-Oct-17",47.75,47.75,46.45,47,111106,1.10283,0.6533
"31-Oct-17",47.2,47.85,47.15,47.7,157067,1.034102,0.6488
"01-Nov-17",48.2,48.3,47.35,47.8,119820,1.228341,0.6233
"02-Nov-17",47.8,49.6,47.8,48.4,109388,0.816123,0.7635
"03-Nov-17",48.4,48.85,48.05,48.6,87020,0.812274,0.5974
"06-Nov-17",48.4,48.8,48.15,48.25,48761,0.81464,0.5904
"07-Nov-17",48.3,48.5,47.45,47.8,58875,0.930809,0.5838,,,
"08-Nov-17",47.65,48.1,47.35,48.05,70669,1.072902,0.5869
"09-Nov-17",47.8,48.3,47.3,48,73517,0.962944,0.5753
"10-Nov-17",47.95,48.6,47.7,47.9,106359,1.122597,0.5497
"13-Nov-17",47.8,47.9,47.4,47.6,125711,1.282318,0.5216
"14-Nov-17",47.35,47.95,47.25,47.85,61632,1.736331,0.556
"15-Nov-17",47.45,47.9,47.2,47.75,76873,1.823749,0.548
"16-Nov-17",47.85,48.25,47.725,48,132359,1.852953,0.5454
"17-Nov-17",47.75,48.25,47.5,48.1,107347,1.338698,0.5101
"20-Nov-17",48.3,48.5,47.85,48.45,114516,1.269792,0.5336
"21-Nov-17",48.6,49.65,48.5,49.35,122113,1.235855,0.5184
"22-Nov-17",49.3,49.55,48.85,48.9,66962,1.553701,0.5333,,,
"23-Nov-17",,,,,,1.560376,0.5336
"24-Nov-17",49,49,48.4,48.6,78908,1.724879,0.5129
"27-Nov-17",48.9,48.95,48.55,48.55,153528,1.750865,0.5046
"28-Nov-17",48.75,50.05,48.65,50,125101,1.892692,0.4993
"29-Nov-17",50.2,50.45,48.85,49.65,135365,1.565484,0.489
"30-Nov-17",49.95,49.95,48.6,49,113632,1.463188,0.4881
"01-Dec-17",49.1,49.1,47.15,48.7,74565,1.862227,0.5229
"04-Dec-17",49.3,49.35,48.45,48.6,59787,1.793281,0.561
"05-Dec-17",48.6,48.75,48.15,48.2,75133,1.807618,0.56
"06-Dec-17",48.15,48.45,47.9,48.2,64360,1.914544,0.5599
"07-Dec-17",48.2,48.7,48.2,48.5,126280,1.98682,0.5503
"08-Dec-17",48.65,48.65,47.925,48.15,70809,2.21529,0.539
"11-Dec-17",48.15,48.15,47.25,47.25,59944,2.226513,0.5507
"12-Dec-17",47.25,47.5,47,47,100575,2.146868,0.5578
"13-Dec-17",46.95,47.2,46.4,46.5,80461,2.115084,0.56
"14-Dec-17",46.6,46.75,45.855,46.05,102370,2.37098,0.551
"15-Dec-17",46.1,47.5,45.9,47,491223,2.119508,0.5604
"18-Dec-17",47.3,47.85,47.05,47.15,103259,2.159437,0.5516
"19-Dec-17",47.2,47.4,46.15,46.25,63890,1.379418,0.5373
"20-Dec-17",46.5,46.55,45.1,45.15,97098,1.309606,0.5337
"21-Dec-17",45.1,45.45,45.1,45.2,72559,1.329064,0.5205
"22-Dec-17",45.15,45.15,44.85,44.9,36248,1.483555,0.5293
"25-Dec-17",,,,,,1.550531,0.5356
"26-Dec-17",44.9,45.15,44.55,44.6,58820,1.463534,0.5315
"27-Dec-17",44.55,44.8,44.35,44.55,76973,1.518823,0.5309
"28-Dec-17",44.55,44.925,44.35,44.65,97238,1.72886,0.5441
"29-Dec-17",44.75,44.85,44.4,44.4,96657,1.827708,0.5388
"01-Jan-18",,,,,,1.855518,0.5346
"02-Jan-18",44.55,44.55,43.35,43.4,129239,1.793978,0.5251
"03-Jan-18",43.4,43.6,43.1,43.25,67558,1.994722,0.5182
"04-Jan-18",43.35,43.85,43.25,43.25,68933,2.027097,0.5129
"05-Jan-18",43.3,43.8,42.75,43.75,114805,1.995089,0.5123
"08-Jan-18",43.75,43.85,43.25,43.45,120824,1.979785,0.5119
"09-Jan-18",43.45,43.8,42.35,42.35,95859,1.962941,0.5069
"10-Jan-18",42.45,43.25,42.35,42.8,98430,2.141941,0.5053
"11-Jan-18",42.8,43.35,42.8,43.2,111223,2.130501,0.5044
"12-Jan-18",43.2,43.75,43.05,43.2,60696,2.136317,0.5012
"15-Jan-18",,,,,,2.096485,0.4997
"16-Jan-18",43.4,43.6,42.8,42.8,84885,2.04094,0.5002
"17-Jan-18",42.8,43.9,42.6,43.65,123253,1.596615,0.5325
"18-Jan-18",43.7,43.75,42.9,42.95,70102,1.656335,0.5129
"19-Jan-18",42.8,43.8,42.8,43.75,135950,1.642825,0.5218
"22-Jan-18",43.7,44.15,43.2,43.4,56856,1.72259,0.5144
"23-Jan-18",43.3,43.95,42.7,43.6,198226,1.894493,0.5235
"24-Jan-18",43.75,43.8,43.2,43.2,91471,1.430043,0.4978
"25-Jan-18",43.5,43.5,43.075,43.4,146268,2.54091,0.5337
"26-Jan-18",43.55,43.75,42.85,43.2,130139,2.070737,0.5227
"29-Jan-18",43.1,43.4,42.3,42.3,141936,1.055197,0.465
"30-Jan-18",42,43.15,41.8,43,242824,1.102201,0.4895
"31-Jan-18",43.15,43.75,41.9,42.4,138464,1.128749,0.4936
"01-Feb-18",42.3,43.25,42.2,43.1,110741,1.16511,0.4969
"02-Feb-18",42.9,43.45,42.9,43,78522,1.084515,0.4893
"05-Feb-18",42.7,43.2,41.4,41.5,153506,1.132969,0.4933
"06-Feb-18",41.1,41.7,40.35,41.3,200094,1.111522,0.4936
"07-Feb-18",41.2,41.65,41,41.2,181530,1.249316,0.4447
"08-Feb-18",41.2,41.75,40.3,40.4,201166,1.078769,0.4541
"09-Feb-18",40.75,41.35,40.6,41,218650,1.201409,0.4812
"12-Feb-18",41.1,41.1,39.9,40.6,150619,1.376344,0.4964
"13-Feb-18",40.4,40.75,40.25,40.55,62088,1.39961,0.4953
"14-Feb-18",40.3,41,40.3,40.85,144343,1.381176,0.4892
"15-Feb-18",41.05,41.1,40.4,40.65,78025,1.461563,0.495
"16-Feb-18",40.6,41.25,40.6,40.9,140262,1.435086,0.5232
"19-Feb-18",,,,,,1.445292,0.5228
"20-Feb-18",40.85,41.15,39.975,40.15,134902,1.422125,0.4907
"21-Feb-18",40.15,41,40.15,40.5,77426,1.409467,0.5012,,,
"22-Feb-18",43,44.65,42.65,43.05,331573,1.419031,0.486
"23-Feb-18",43,43,40.35,40.5,145381,1.76771,0.4683
"26-Feb-18",40.55,42.04,40.55,41.65,164868,1.514761,0.4669
"27-Feb-18",41.55,41.65,40.15,40.15,168013,1.207211,0.3993
"28-Feb-18",40.15,40.45,39.1,39.15,203438,0.906192,0.4273
"01-Mar-18",39.05,39.2,38.35,38.8,162685,0.934068,0.4283
"02-Mar-18",38.6,39.25,38.35,39,129292,0.897881,0.4388
"05-Mar-18",39,40,38.875,39.7,113928,0.988921,0.447
"06-Mar-18",39.6,39.65,38.95,39.4,178308,0.950593,0.4406,,,
"07-Mar-18",39.2,40.35,39.2,40.3,193301,1.352942,0.4704
"08-Mar-18",40.35,40.55,39.8,39.9,243317,0.917564,0.4314
"09-Mar-18",40.05,40.675,39.85,40.5,204023,1.045004,0.4514
"12-Mar-18",40.55,41.4,40.55,41.3,173489,1.00565,0.4529
"13-Mar-18",41.4,41.85,41.1,41.15,166617,1.225363,0.4116
"14-Mar-18",41.2,41.25,40.25,40.3,189835,1.298091,0.4309
"15-Mar-18",40.35,40.9,40.15,40.75,299984,1.486232,0.4402
"16-Mar-18",40.7,40.85,40.25,40.55,462396,1.157579,0.399
"19-Mar-18",40.55,40.65,40.15,40.3,204579,1.144117,0.4048
"20-Mar-18",40.4,41.4,40.3,41,148290,1.187313,0.4148
"21-Mar-18",40.95,41.15,40.65,40.7,71415,1.235644,0.418,,,
"22-Mar-18",40.45,40.95,39.9,40,196486,0.921532,0.3616
"23-Mar-18",40.2,40.6,39.65,39.65,127423,0.922364,0.4216
"26-Mar-18",40.15,40.45,39.45,40.45,106049,0.907398,0.3635
"27-Mar-18",40.65,40.65,39.9,39.9,137920,0.946916,0.3733
"28-Mar-18",39.95,40.55,39.85,40.3,215535,0.9388,0.3843
"29-Mar-18",40.5,40.9,40,40.45,148318,0.964862,0.3735
"30-Mar-18",,,,,,0.951965,0.3711
"02-Apr-18",40.3,40.5,39.25,39.5,87107,0.9406,0.3423
"03-Apr-18",39.65,41,39.4,40.9,210486,0.908198,0.3472
"04-Apr-18",40.65,41.95,40.4,41.8,180318,0.98541,0.3727
"05-Apr-18",42,42,41.1,41.3,164688,1.020707,0.3536
"06-Apr-18",41.15,41.55,40.7,40.9,76958,1.086221,0.3712
"09-Apr-18",41.05,41.5,40.35,40.55,171663,1.081739,0.3719
"10-Apr-18",40.8,41.3,40.65,41.15,128471,1.088991,0.3841
"11-Apr-18",40.9,41.3,40.8,41.3,73278,0.998611,0.3825
"12-Apr-18",41.5,41.55,41,41.15,56411,1.002379,0.3772
"13-Apr-18",41.4,41.45,40.85,41.3,61122,1.015964,0.4217
"16-Apr-18",41.55,42.25,41.4,41.95,122824,1.044597,0.4241
"17-Apr-18",42.25,42.25,41.7,41.7,135707,1.048269,0.436
"18-Apr-18",41.85,42,41.475,41.55,96293
"19-Apr-18",41.45,42.05,41.25,41.6,79441,1.065539,0.3946
"20-Apr-18",41.45,41.8,41.3,41.5,108159,1.202989,0.4024
"23-Apr-18",41.55,41.7,41.25,41.5,58052,1.025178,0.394
"24-Apr-18",41.65,41.65,40.705,40.95,118401,0.981235,0.3738
"25-Apr-18",40.95,41.25,40.55,40.75,129195,0.985872,0.3757,,,
"26-Apr-18",40.55,41.35,40,41.2,115595,0.968761,0.3711
"27-Apr-18",41.3,41.35,41.05,41.25,102342,0.953219,0.369
"30-Apr-18",41.45,41.5,40.7,40.9,217402,0.967894,0.3904
"01-May-18",40.9,41.2,40.6,41.05,123670,0.897399,0.371
"02-May-18",40.95,40.95,39.95,40.35,136522,0.562074,0.2972
"03-May-18",40.3,40.3,39.1,39.65,106283,0.634578,0.3124
"04-May-18",39.45,40.35,39.45,40,82372,0.822239,0.326
"07-May-18",40.1,40.5,39.75,40.1,45880,0.95854,0.3802
"08-May-18",39.6,40.35,39.6,39.85,81804,0.957331,0.3814,,,
"09-May-18",40.15,40.3,39.75,40.15,102876,1.240058,0.4198
"10-May-18",40.25,40.55,40.0596,40.45,335683,0.888674,0.3632
"11-May-18",40.5,40.95,40.5,40.55,90095,3.521781,0.4552
"14-May-18",40.55,40.8,39.45,39.45,69747,1.982114,0.366
"15-May-18",39.4,39.8,39.3,39.5,97627,1.924162,0.3595
"16-May-18",39.6,40.4,39.55,40.1,136473,1.928662,0.3654
"17-May-18",40,40.75,39.7,40.5,146311,1.936882,0.3625
"18-May-18",40.75,40.975,40.55,40.65,105216,1.906255,0.3678
"21-May-18",40.75,40.9826,40.75,40.85,104638,1.965785,0.3672
"22-May-18",40.95,41.15,40.425,40.6,142645,1.907897,0.3749
"23-May-18",40.6,40.85,40.425,40.6,50838,1.921896,0.364,,,
"24-May-18",40.6,40.6,40.1,40.45,174023,1.906038,0.3588
"25-May-18",40.45,40.55,40.15,40.45,69989
"28-May-18",,,,,,1.931995,0.3588
"29-May-18",40.15,40.25,39.4,39.6,121895,1.285368,0.3496
"30-May-18",39.95,40.45,39.8,40.2,179353,1.34485,0.3812
"31-May-18",40.2,40.2,39.45,39.6,78893,1.283083,0.3564
"01-Jun-18",40,40,39.55,39.8,87124,1.230544,0.3272
"04-Jun-18",40,40.15,39.85,39.95,109961,1.24231,0.3281
"05-Jun-18",39.9,40.1,39.35,40.05,79367
"06-Jun-18",40,40.3,39.85,40.25,216013,0.522108,0.2754
"07-Jun-18",40.4,40.7,40.1,40.5,88654,1.418769,0.4465
"08-Jun-18",40.4,40.7,40.2,40.2,74727,1.446319,0.4448
"11-Jun-18",40.3,40.8,40.3,40.75,122284,1.481112,0.4445
"12-Jun-18",40.9,40.9,39.8,40.15,111215,1.430506,0.4373
"13-Jun-18",40.15,40.4,40,40.2,66778,1.384275,0.4558
"14-Jun-18",40.35,40.4,39.95,40.4,74492,1.390929,0.4491
"15-Jun-18",40.25,40.8,40,40.8,209908,1.416138,0.4564
"18-Jun-18",40.5,40.9,40.3,40.8,108013,1.546145,0.4529
"19-Jun-18",40.3,41.55,40.3,41.45,109958,1.790592,0.478
"20-Jun-18",41.45,42.05,41.05,41.05,154879
"21-Jun-18",41.1,41.55,40.9,41.15,110715,1.847269,0.4876
"22-Jun-18",41.3,41.5,40.8,41.3,489410,1.794461,0.4647
"25-Jun-18",41,41.5,40.7,41.1,94532,0.740815,0.3268
"26-Jun-18",41.1,41.55,40.65,41.35,77112
"27-Jun-18",41.25,41.3,40.35,40.45,109605,1.015829,0.4054
"28-Jun-18",40.45,40.85,40.4,40.6,60553,0.949697,0.3275
"29-Jun-18",40.7,40.8,40.1,40.2,93159
"02-Jul-18",40.15,40.55,39.9,40.5,71706,0.649301,0.316
"03-Jul-18",40.6,40.85,40.3,40.4,50995,0.647755,0.3386
"04-Jul-18",,,,,,0.654721,0.3368
"05-Jul-18",40.4,40.8,39.9,40.6,158041,0.686719,0.3409
"06-Jul-18",40.65,40.7,40.3,40.5,110638,0.695473,0.3266
"09-Jul-18",40.7,41.15,40.55,41.05,104641,0.618629,0.3053
"10-Jul-18",41.25,41.55,41,41.3,112424,0.613004,0.3052
"11-Jul-18",41.3,41.55,40.85,41.4,72430,0.629787,0.3156
"12-Jul-18",41.6,41.6,41,41,71097,0.615221,0.323
"13-Jul-18",41,41.8,41,41.55,93304,0.626821,0.3251
"16-Jul-18",41.45,41.85,41.45,41.75,75689
"17-Jul-18",41.7,42.05,41.65,41.8,51889,0.620323,0.3286
"18-Jul-18",41.6,42.15,41.6,41.75,109381
"19-Jul-18",41.7,41.8,41.5,41.75,66989
"20-Jul-18",41.8,42.35,41.6,42.3,65249,0.629015,0.3416
"23-Jul-18",42.2,42.4,41.95,42.05,99792,0.625145,0.3197
"24-Jul-18",42.05,42.85,42.05,42.7,94093,0.626684,0.3306
"25-Jul-18",42.55,42.8,42.05,42.75,101212,0.603581,0.3288,,,
"26-Jul-18",43,45.9,42.35,45.65,291815,0.643571,0.4032
"27-Jul-18",45.85,46.7,44.85,45.35,140272,0.720243,0.4408
"30-Jul-18",45.45,46.45,45.45,46.3,185700,0.715677,0.4347
"31-Jul-18",46.6,46.65,46.1,46.45,110822
"01-Aug-18",46.45,46.45,45.375,45.65,80353,0.621682,0.3255
"02-Aug-18",45.6,45.8,45.2,45.4,69849,0.653027,0.3348
"03-Aug-18",45.5,45.5,43.95,44.2,109963
"06-Aug-18",44.25,44.75,44.1,44.35,186959,0.784529,0.3745
"07-Aug-18",44.05,44.45,43.25,43.25,98826,0.953552,0.4257,,,
"08-Aug-18",43.25,43.9,42.9,43.75,109367,2.183412,0.5132
"09-Aug-18",43.9,44.15,43.35,43.6,146414,1.678679,0.4899
"10-Aug-18",43.5,43.95,43.1,43.8,61312,1.505572,0.4805
"13-Aug-18",43.8,44.2,43.5,43.85,243090,1.512667,0.4765
"14-Aug-18",43.8,44.4,43.65,44.05,124899,1.509401,0.4788
"15-Aug-18",44,44.35,43.8,43.9,63529,1.606381,0.4855
"16-Aug-18",44.1,44.5,44,44.15,48095,1.547292,0.4797
"17-Aug-18",44.05,44.4,43.95,44.05,132982,1.512636,0.4787
"20-Aug-18",44.2,44.25,43.55,43.65,108044,1.503562,0.4758
"21-Aug-18",43.7,43.8,43.5,43.8,187628,1.469529,0.4742
"22-Aug-18",43.8,44.2,43.775,44.05,110192,1.471029,0.4762,,,
"23-Aug-18",44.05,44.3,43.9,44.2,75739,1.459045,0.4848
"24-Aug-18",44.15,44.85,44.15,44.8,97489,1.484411,0.4891
"27-Aug-18",44.85,45.2,44.7,44.7,63965,1.473812,0.4834
"28-Aug-18",44.85,45,44.55,44.55,59595,1.503187,0.4861
"29-Aug-18",44.65,45.15,44.4,45.05,106745,1.516986,0.4876
"30-Aug-18",45.15,45.6,44.95,45.3,116369,1.507592,0.476
"31-Aug-18",45.2,45.9,45.1,45.85,122697,1.587739,0.4439
"03-Sep-18",,,,,,1.573656,0.4432
"04-Sep-18",45.8,46,44.95,45.55,62680,1.529238,0.4811
"05-Sep-18",45.65,45.75,45.25,45.5,66720,1.522307,0.4779
"06-Sep-18",45.55,45.85,45.4,45.6,60406,1.50229,0.4728
"07-Sep-18",45.75,46.55,45.6,46.4,92894,1.528876,0.4728
"10-Sep-18",46.6,46.6,45.875,46,83986,1.523927,0.4757
"11-Sep-18",45.85,46.25,45.4,45.45,94304,1.044688,0.5772
"12-Sep-18",45.45,45.6,45.325,45.35,107741
"13-Sep-18",45.55,46.45,45.45,46.4,87823,1.272227,0.5686
"14-Sep-18",46.25,47.5,46.25,47.35,100673,1.287902,0.5607
"17-Sep-18",47.45,47.9,46.15,46.2,141880,1.367886,0.5661
"18-Sep-18",46.15,46.4,46.05,46.2,55698,1.328219,0.5644
"19-Sep-18",46.15,46.45,45.3,45.5,123536,1.307615,0.5639
"20-Sep-18",45.75,46.1,45.45,46.05,59031,1.314263,0.5612
"21-Sep-18",46.2,46.85,45.85,46.8,281566,1.256711,0.5562
"24-Sep-18",46.65,46.75,45.7,45.85,113892,1.3981,0.5691
"25-Sep-18",46,46.05,45.55,45.75,67137,1.669013,0.5085
"26-Sep-18",45.85,45.9,44.95,45,76745,1.398211,0.5428
"27-Sep-18",45.05,45.5,44.95,44.95,73205,1.439308,0.5498
"28-Sep-18",44.9,45.5,44.7,45.3,140045,1.458145,0.5515
"01-Oct-18",45.46,45.75,43.89,44.05,52875,1.465901,0.5588
"02-Oct-18",43.99,44.01,43.51,43.59,74520,1.364097,0.5576
"03-Oct-18",43.67,44.14,43.085,43.78,160442,1.37216,0.5694
"04-Oct-18",44,44.34,43.69,44.03,94782,1.317197,0.5519
"05-Oct-18",44.12,44.62,43.47,44.33,109629,1.003271,0.5356
"08-Oct-18",44.35,44.92,44.15,44.7,52495,1.0185,0.5346
"09-Oct-18",44.55,45.34,44.53,45.18,107786,0.903444,0.5202
"10-Oct-18",45.08,45.65,44.91,44.94,352518,0.439007,0.5584
"11-Oct-18",44.9,45.04,43.29,43.33,107278,0.484515,0.5872
"12-Oct-18",43.73,43.73,42.03,42.67,92595,0.437626,0.6165
"15-Oct-18",42.53,42.99,41.76,42.44,75556,0.447495,0.5302
"16-Oct-18",42.82,43.39,42.11,43.27,71352,0.559562,0.4747
"17-Oct-18",43.12,43.35,42.6,43.06,56432,0.562801,0.4163
"18-Oct-18",42.86,43.07,42.28,42.5,63571,0.56274,0.4438
"19-Oct-18",42.37,42.9,42.35,42.41,68600,0.513125,0.4641
"22-Oct-18",42.43,42.68,41.89,42.04,107398,0.540148,0.4307
"23-Oct-18",41.59,41.85,40.92,41.37,68649,0.510775,0.4325
"24-Oct-18",41.26,41.59,39.95,40.05,129532,0.567461,0.4382,,,
"25-Oct-18",41.5,45.25,41.04,44.96,259536,0.584662,0.4594
"26-Oct-18",44.84,45.34,43.46,44.57,174994
"29-Oct-18",45.5,47.57,45.5,46.33,434358
"30-Oct-18",46.33,47.54,46.15,47.25,355424
"31-Oct-18",47.75,47.97,45.86,45.96,165907
"01-Nov-18",46.18,46.18,45.3619,45.45,189207
"02-Nov-18",45.72,46.1,45.26,45.82,173888
"05-Nov-18",45.66,46.605,45.66,46.35,126138,0.868208,0.4406
"06-Nov-18",46.15,47.09,46.15,47.02,77795,2.356113,0.5416,,,
"07-Nov-18",47.11,47.82,46.52,47.56,119261,2.916754,0.5537
"08-Nov-18",47.43,47.44,46.98,47.32,80652,3.423219,0.5668
"09-Nov-18",47.15,47.58,46.47,46.76,106260,0.779701,0.4009
"12-Nov-18",46.68,46.68,45.55,45.57,217065,0.766975,0.4009
"13-Nov-18",45.7,46.05,44.92,45.3,172515,0.73318,0.4019
"14-Nov-18",45.66,46.275,45.27,45.43,281060,0.85855,0.4482
"15-Nov-18",45.16,46.69,44.55,46.66,154506,0.80473,0.4211
"16-Nov-18",46.02,46.52,45.66,46.19,699775,0.899747,0.4769
"19-Nov-18",46.09,46.46,45.19,45.91,338943,0.842177,0.5208
"20-Nov-18",45.38,46.06,45.13,45.15,411691,1.626494,0.5658
"21-Nov-18",45.29,45.29,44.12,44.12,121978,0.92147,0.5619,,,
"22-Nov-18",,,,,,0.847263,0.559
"23-Nov-18",43.83,44.87,43.81,44.38,67456,0.762696,0.5349
"26-Nov-18",44.72,45.14,44.41,44.61,302265,0.813225,0.5413
"27-Nov-18",44.34,44.75,43.865,44.05,104007,1.168589,0.2979
"28-Nov-18",44.04,44.96,43.78,44.77,344738,1.057603,0.3606
"29-Nov-18",44.8,45.11,44.65,44.84,187712,0.637659,0.281
"30-Nov-18",44.84,45.16,44.635,44.95,161655,0.600936,0.2408
"03-Dec-18",45.19,45.52,44.39,45,202757,0.601584,0.2544
"04-Dec-18",44.98,44.98,43.14,43.16,246922,0.58813,0.2452
"05-Dec-18",,,,,,0.342375,0.2734
"06-Dec-18",42.6,43,41.56,42.75,218089,0.266931,0.3805
"07-Dec-18",42.86,43.24,42.43,42.7,156635,0.302061,0.4069
"10-Dec-18",42.73,43.01,41.61,42.97,149409,0.32411,0.435
"11-Dec-18",43.48,43.56,42.2,42.99,144601,0.414641,0.4468
"12-Dec-18",43.54,44.255,42.87,43.76,158798,0.370141,0.4259
"13-Dec-18",43.73,44.08,42.661,42.95,106708,0.325168,0.3781
"14-Dec-18",42.53,43.09,42.53,42.69,60543,0.318608,0.3855
"17-Dec-18",42.54,42.94,41.66,41.7,194427,0.322487,0.3932
"18-Dec-18",41.7,42.14,41.45,41.51,169045,0.388255,0.4191
"19-Dec-18",41.77,41.995,40.13,40.34,205329
"20-Dec-18",40.14,41.03,40.14,40.65,219848,0.468306,0.4443
"21-Dec-18",40.65,41.675,40.19,40.77,612114,0.333483,0.4448
"24-Dec-18",40.51,40.95,39.55,39.55,87775
"25-Dec-18",,,,,,0.25992,0.4235
"26-Dec-18",39.75,41.01,39.5744,40.91,152750
"27-Dec-18",40.5,41.17,39.92,41.14,126083
"28-Dec-18",41.15,42.03,41.11,41.55,118351
"31-Dec-18",41.72,41.98,41.34,41.97,122779,0.234602,0.4757
"02-Jan-19",41.51,41.85,41.02,41.26,109286
"03-Jan-19",41.02,42.03,40.74,41.8,161569
"04-Jan-19",42.21,43.14,41.82,42.95,151624
"07-Jan-19",42.94,43.22,42.55,42.89,160492
"08-Jan-19",42.92,43.28,42.4,42.6,191756
"09-Jan-19",42.54,43.04,42.33,42.39,95077,0.679011,0.4271
"10-Jan-19",42.2,42.91,42.2,42.86,59172,0.565344,0.4291
"11-Jan-19",42.6,42.84,42.23,42.42,78296,0.526666,0.4291
"14-Jan-19",42.24,42.83,42.12,42.61,80388,0.531812,0.4286
"15-Jan-19",42.62,43.17,42.5,43.05,102608,0.545037,0.407
"16-Jan-19",43.2,43.7,43.18,43.7,107058,0.529364,0.4166
"17-Jan-19",43.7,44.44,43.62,44.32,195607,0.669443,0.4497
"18-Jan-19",44.35,45.29,44.35,44.55,203342,0.660276,0.4507
"21-Jan-19",,,,,,0.659239,0.4534
"22-Jan-19",44.26,44.71,43.26,43.99,153597,0.705466,0.4267
"23-Jan-19",44.12,44.37,43.41,43.66,147099,0.6355,0.4379
"24-Jan-19",43.48,43.48,42.56,42.6,100677,0.728004,0.5063
"25-Jan-19",42.53,42.66,41.68,42.01,146035,1.580675,0.5547
"28-Jan-19",41.86,42.07,41.27,41.7,108692,1.401656,0.5407
"29-Jan-19",41.67,41.94,41.38,41.4,108796,1.355008,0.5318
"30-Jan-19",41.55,42.35,41.515,42.02,121065,1.471997,0.5161
"31-Jan-19",41.87,42.38,41.87,42.37,120614,1.518522,0.5123
"01-Feb-19",42.63,42.93,42.44,42.64,81812,1.614157,0.5165
"04-Feb-19",42.68,43.17,42.45,43.16,86609,3.577663,0.557
"05-Feb-19",43.17,43.29,42.68,43.03,102910,1.026311,0.4552
"06-Feb-19",42.99,43.41,42.9425,43.4,119484,1.081895,0.4105
"07-Feb-19",43.33,43.73,42.9,43.67,108351,1.211865,0.4815
"08-Feb-19",43.71,44.095,43.46,43.82,66915,1.329801,0.4527
"11-Feb-19",43.86,44.26,43.62,44.25,89220,1.15548,0.4374
"12-Feb-19",44.45,44.45,43.93,44.05,122417,1.096949,0.4325
"13-Feb-19",44.25,44.735,44.08,44.62,146499,1.139448,0.4495
"14-Feb-19",44.36,45.31,44.22,44.83,188661,1.128191,0.4401
"15-Feb-19",45.33,45.86,44.86,45.37,420766,1.087521,0.4262,872136
"18-Feb-19",,,,,,1.128813,0.4239
"19-Feb-19",45.26,46.19,45.21,45.85,175958,1.287965,0.4344
"20-Feb-19",45.8,46.23,45.42,46,179966,1.84588,0.4861,,,
"21-Feb-19",47.45,47.45,43.795,44.32,288292,1.551749,0.4693
"22-Feb-19",44.32,44.33,42.24,42.77,424910,1.459343,0.4647
"25-Feb-19",42.77,42.97,41.57,41.58,214567,1.547457,0.4489
"26-Feb-19",41.05,41.73,41.04,41.07,247112,1.553111,0.4684
"27-Feb-19",40.92,41.05,40.57,40.81,183655,1.381327,0.4637,,1067756.1048
"28-Feb-19",40.92,41.88,40.735,41.66,190388,1.320377,0.4589,813853,1029294.9072
"01-Mar-19",41.91,42.32,41.64,42.21,187129,1.400064,0.464,,1072203.9984
"04-Mar-19",42.31,42.31,41.13,41.18,237874,1.807627,0.5046,,1389312.648
"05-Mar-19",40.84,40.85,40.23,40.64,188137,1.925511,0.5121,,1471031.7912,
"06-Mar-19",40.74,41.29,40.52,40.54,221375,2.268717,0.5239,,1743487.0776
"07-Mar-19",40.4,40.97,39.99,40.29,205392,2.439309,0.461,,1872214.3512
"08-Mar-19",40.11,40.68,40.11,40.44,183751,1.513432,0.4703,,1164737.628
"11-Mar-19",40.51,40.995,40.165,40.84,264768,1.435819,0.4626,,883844.358
"12-Mar-19",40.84,41.31,40.73,40.93,250119,1.400084,0.4552,,870822.71
"13-Mar-19",40.94,41.57,40.81,41.06,223728,1.442052,0.4618,,902644.3623
"14-Mar-19",40.99,41.58,40.83,41.48,205576,1.832833,0.4491,,1158275.5896
"15-Mar-19",41.39,41.7,40.9,41.13,599348,1.984874,0.4562,896997,1319499.8689
"18-Mar-19",41.12,41.52,40.81,41.1,215120,2.018008,0.4487,,1344078.2295
"19-Mar-19",41.15,41.26,40.06,40.11,125251,1.119526,0.4245,,742640.8625
"20-Mar-19",40.07,40.57,39.8,39.8,148980,1.150452,0.433,,759243.4637,
"21-Mar-19",39.7,40.5,39.43,40.12,151521,0.945663,0.4006,,620155.986
"22-Mar-19",39.87,40.18,39.43,39.49,219080,1.235082,0.4398,,780403.6417
"25-Mar-19",39.41,40.26,39.31,39.99,133573,1.18256,0.4391,,750453.8513
"26-Mar-19",40.22,40.42,39.76,40.21,148638,1.333435,0.4707,,574078.08
"27-Mar-19",40.21,40.77,40.21,40.55,148349,1.260603,0.4634,,542503.7856
"28-Mar-19",40.57,40.69,40.03,40.45,85073,1.258886,0.4597,,539633.3952
"29-Mar-19",40.57,40.67,40.05,40.11,162461,1.312916,0.4645,828827,565197.8097
"01-Apr-19",40.36,40.72,40.13,40.67,139644,1.419623,0.4717,,612110.7528
"02-Apr-19",40.69,40.74,40.31,40.32,89707,1.310948,0.4638,,560981.9238
"03-Apr-19",40.6,40.71,40.23,40.41,104916,1.335097,0.4667,,571028.2902
"04-Apr-19",40.45,41.11,40.41,40.53,152685,1.291878,0.4641,,552101.6535
"05-Apr-19",40.57,41.07,40.4,40.65,146188,1.343935,0.4687,,574078.08
"08-Apr-19",40.39,40.55,40.18,40.24,112156,1.293055,0.4636,,549859.161
"09-Apr-19",40.1,40.24,39.75,39.93,197483,1.276332,0.4547,,796336.9816
"10-Apr-19",40.13,41.17,39.74,40.89,237821,1.28809,0.464,,814488.2929
"11-Apr-19",40.89,41.6,40.65,40.77,167028,0.938422,0.5066,,599324.8037
"12-Apr-19",41.02,41.17,40.64,40.93,165812,1.010302,0.4306,,650463.4296
"15-Apr-19",41.03,41.24,40.7,40.7,79730,1.001156,0.427,765011,644495.8752
"16-Apr-19",40.89,41.5,40.89,41.48,93447,0.967455,0.4243,,622283.3116
"17-Apr-19",41.6,41.73,41.16,41.6,202064,0.994515,0.4303,,645241.8195
"18-Apr-19",41.48,42,40.98,41.06,114086,0.920264,0.4159,,592694.1877
"19-Apr-19",,,,,,0.922779,0.4066,,592694.1877
"22-Apr-19",40.96,41,40.35,40.56,96668,0.925827,0.431,,590456.3548
"23-Apr-19",40.71,41.26,40.5,40.83,90182,0.777072,0.3831,,492654.7688
"24-Apr-19",40.72,41.46,40.72,41.28,89769,0.638536,0.3506,,477978.8728,
"25-Apr-19",43,45,41.98,44.48,536504,0.572986,0.3451,,446307.4174
"26-Apr-19",44.6,44.99,43.72,44.17,208367,0.63714,0.398,,499093.1764
"29-Apr-19",44,44.315,42.41,42.59,225603,0.655563,0.3749,,518830.4602
"30-Apr-19",42.69,42.95,42.18,42.92,172552,0.641368,0.3825,787448,510491.8403
"01-May-19",42.96,42.96,41.97,42.08,336738,0.630933,0.4009,,514546.3986
"02-May-19",42.09,43,42.09,42.44,132282,0.618432,0.3985,,506513.7831
"03-May-19",42.59,43.08,42.49,42.71,104817,1.277741,0.3981,,1039267.4435
"06-May-19",42.27,43.01,42.27,42.92,180190,1.281385,0.3933,,1058239.7163
"07-May-19",42.33,42.83,41.95,42.3,125694,1.300386,0.4071,,1074457.9495,
"08-May-19",42.34,42.7,42.19,42.27,98851,1.728907,0.4609,,1427434.0249
"09-May-19",42.01,42.4625,41.92,42.2,94856,2.005736,0.4848,,2560544.6616
"10-May-19",42.05,43.04,42.035,43.04,111297,1.417962,0.4304,,1798452.4872
"13-May-19",42.58,42.89,41.98,42.13,87844,1.379959,0.428,,1759788.7904
"14-May-19",42.27,42.41,41.87,42.19,68371,1.39302,0.4287,,1764513.4784
"15-May-19",42.01,42.24,41.85,42.07,104255,1.422115,0.4352,789172,1788294.408
"16-May-19",42.3,42.84,42.3,42.69,79056,1.504568,0.4389,,1835698.7776
"17-May-19",42.27,42.86,41.95,41.95,101822,1.439465,0.4388,,1744197.32
"20-May-19",41.78,42.41,41.78,42.15,185432,1.42484,0.4321,,1727897.1464
"21-May-19",42.2,42.59,42.05,42.14,113737,1.307845,0.4233,,1576707.1304
"22-May-19",42.04,42.19,41.51,42.02,162154,1.365976,0.4161,,1628284.9744,
"23-May-19",41.53,41.99,41.26,41.63,123235,1.478482,0.424,,1714353.0408
"24-May-19",41.79,41.95,41.05,41.51,76321,1.37224,0.4093,,696128.6212
"27-May-19",,,,,,1.38843,0.4096,,696128.6212
"28-May-19",41.39,42.03,41.28,41.65,102410,1.428252,0.4089,,710491.5516
"29-May-19",41.52,41.705,41.03,41.18,111216,1.414023,0.4082,,699679.8952
"30-May-19",41.22,41.53,41.06,41.16,138777,1.549136,0.4186,,764628.7508
"31-May-19",41.39,42.08,40.92,41.54,241673,1.523077,0.4159,902959,757131.6168
"03-Jun-19",41.66,42.44,41.4,42.39,179155,1.799995,0.437,,892080.0288
"04-Jun-19",42.77,42.8,42.1,42.39,113543,1.977129,0.4499,,975179.8404
"05-Jun-19",42.3,42.355,41.86,42.34,99611,1.812449,0.4361,,882373.2132
"06-Jun-19",42.18,42.51,41.66,42.03,125861,1.73726,0.4292,,840783.8488
"07-Jun-19",42.31,42.74,42,42.21,84796,1.847815,0.4382,,882688.882
"10-Jun-19",42.24,42.64,41.8,42,115585,1.898421,0.4408,,896736.1436
"11-Jun-19",42.21,42.21,41.81,42.08,96144,1.79137,0.4233,,1003097.1531
"12-Jun-19",41.91,42.23,41.88,41.96,91043,1.849643,0.426,,1018086.2725
"13-Jun-19",42.18,42.18,41.57,41.83,59337,1.925835,0.4287,,1039847.5844
"14-Jun-19",41.92,42.09,41.59,41.73,79004,1.892893,0.4328,933236,1006979.8768
"17-Jun-19",41.9,41.9,41.43,41.78,116018,2.019197,0.4362,,1013390.8857
"18-Jun-19",41.9,42.33,41.75,41.98,124653,2.06618,0.4487,,1035152.1976
"19-Jun-19",42.01,42.43,41.77,41.86,107645,2.255856,0.3873,,1116869.9871
"20-Jun-19",42.01,42.455,41.835,42.29,130913
"21-Jun-19",42.29,42.75,42.12,42.43,417919
"24-Jun-19",42.37,42.965,42.37,42.59,154625,1.958628,0.361,,991268.3902
"25-Jun-19",42.59,42.83,42.345,42.54,149208,1.988756,0.3719,,933609.2944
"26-Jun-19",42.73,43.09,41.65,41.7,187783,2.064686,0.3802,,974858.3256
"27-Jun-19",41.87,42.35,41.59,42.33,140069,2.136698,0.39,,1007988.2036
"28-Jun-19",42.37,42.94,41.87,42.27,264405,2.290304,0.395,958712,1093939.2392
"01-Jul-19",42.55,43.45,42.26,43.41,161418,2.555282,0.4405,,1228231.8996
"02-Jul-19",43.32,43.62,43,43.28,101234,2.54653,0.4337,,1218992.8632
"03-Jul-19",43.32,44.42,43.32,44.34,119799,2.544468,0.4164,,1221979.2184
"04-Jul-19",,,,,,2.558002,0.4181,,1233831.3156
"05-Jul-19",44.31,44.86,43.82,44.52,128902,2.438153,0.4104,,1172984.3284
"08-Jul-19",44.45,44.87,44.1,44.21,133614,2.481315,0.4162,,1192115.6664
"09-Jul-19",44.13,44.55,43.72,44.45,175872,2.32763,0.4075,,1126042.5576
"10-Jul-19",44.5,44.84,43.62,43.79,138590,2.495315,0.404,,1051227.708
"11-Jul-19",43.8,44.085,43.29,43.63,94901
"12-Jul-19",43.74,44.05,43.4,43.72,69618,2.828926,0.4241,,1160425.0048
"15-Jul-19",43.73,43.73,43.33,43.55,70185,2.935296,0.4223,910331,1191199.66
"16-Jul-19",43.52,43.84,43.17,43.54,88533,2.820067,0.4203,,1145564.9688
"17-Jul-19",43.41,43.89,43.04,43.71,159467,3.031237,0.4174,,1240573.328
"18-Jul-19",43.71,44.345,43.55,44.15,107649,2.981448,0.4138,,1207210.1504
"19-Jul-19",43.96,44.4,43.59,43.71,159647,3.056325,0.414,,1243928.82
"22-Jul-19",43.95,43.95,42.84,42.84,287067,2.909876,0.4173,,1203662.916
"23-Jul-19",42.96,43.48,42.705,43.37,114655,2.913948,0.414,,1207689.5064
"24-Jul-19",43.16,44.04,43.16,43.85,125813,2.734077,0.4117,,869366.105,
"25-Jul-19",44.85,44.85,43.835,44.5,189700,2.71154,0.4125,,871550.8994
"26-Jul-19",44.61,45.2,44.12,44.97,298279,2.804042,0.4135,,878196.3157
"29-Jul-19",44.92,45.23,43.8,43.87,107968,2.867665,0.416,,888118.9236
"30-Jul-19",43.63,44.25,43.63,44.1,98777
"31-Jul-19",44.12,44.69,43.79,43.9,155489,3.159719,0.432,807588,966680.4889
"01-Aug-19",43.77,44.12,43.02,43.02,105489,3.50008,0.4423,,1062811.4425
"02-Aug-19",42.95,43.34,42.78,43.2,87552,3.00042,0.4158,,885569.9968
"05-Aug-19",42.54,42.79,41.24,41.72,118908,3.241591,0.4278,,958487.5099
"06-Aug-19",41.71,42.42,41.59,42.38,115222,3.529183,0.4423,,1041327.6309,
"07-Aug-19",41.93,42.42,41.6,42.38,90282,4.401449,0.4734,,1285205.3058
"08-Aug-19",42.59,43.14,42.58,42.62,122108,3.976467,0.4649,,1160580.9919
"09-Aug-19",42.49,42.76,42.24,42.61,179406,3.170591,0.4329,,780372.2844
"12-Aug-19",42.42,42.64,41.81,41.89,113008,3.061525,0.4299,,757032.9912
"13-Aug-19",41.82,42.46,41.82,42.34,71864,3.103793,0.4334,,762040.0368
"14-Aug-19",41.69,42.12,41.42,41.56,146638,3.058088,0.4318,,755983.1268
"15-Aug-19",41.58,42.42,41.52,42.4,76185,3.048612,0.4358,856778,754287.192
"16-Aug-19",42.43,43.06,42.32,43.02,89221,3.210466,0.4644,,792970.6572
"19-Aug-19",43.41,43.435,42.97,43.12,76871,3.085933,0.4599,,764866.5948
"20-Aug-19",43.02,43.48,42.62,42.71,109702,3.116263,0.4595,,770196.6756
"21-Aug-19",43.11,43.21,42.8,43.16,79533,3.125937,0.4604,,763170.66,
"22-Aug-19",43.36,43.41,43.04,43.1,61536,3.119937,0.4571,,757032.9912
"23-Aug-19",42.99,43.42,42.26,42.48,139671,3.05018,0.4491,,738216.1908
"26-Aug-19",42.6,42.74,42.03,42.52,107424,3.071929,0.455,,848381.5756
"27-Aug-19",42.74,42.87,42.31,42.44,91922,3.425695,0.4705,,941684.6998
"28-Aug-19",42.29,43.12,42.29,42.52,65119,3.222357,0.4603,,879054.228
"29-Aug-19",42.84,43.17,42.47,43,72490,3.502706,0.4735,,952223.0692
"30-Aug-19",43.2,43.28,42.6,43.13,84140,3.357944,0.4631,938868,909983.9138
"02-Sep-19",,,,,,3.408599,0.4631,,909983.9138
"03-Sep-19",42.9,43.03,42.66,42.93,107732,3.337645,0.4596,,888907.175
"04-Sep-19",43.22,43.22,42.86,43.05,55074,3.512888,0.4565,,921550.4168
"05-Sep-19",43.41,44.35,43.28,43.31,111441,3.492979,0.4609,,916067.0376
"06-Sep-19",43.28,43.58,42.98,42.98,67751,3.448014,0.4586,,900730.7114
"09-Sep-19",43.08,43.67,42.78,43.22,111561,3.311194,0.458,,867744.7584
"10-Sep-19",43.34,43.63,42.97,43.24,83264,3.366895,0.4661,,877769.061
"11-Sep-19",43.49,43.91,43.13,43.73,127519,3.729819,0.4785,,1004776.5336
"12-Sep-19",43.64,44.04,43.175,43.55,156985,3.65958,0.4729,,993322.344
"13-Sep-19",43.98,44.27,43.67,44.06,99486,3.70846,0.4747,938066,1007593.1376
"16-Sep-19",43.59,44.61,43.59,44.22,107896,3.587803,0.4726,,986374.7208
"17-Sep-19",44.11,44.71,44.05,44.5,83998,3.702468,0.5029,,1012569.138
"18-Sep-19",44.41,44.46,43.445,43.64,130308,3.779133,0.48,,1035383.6304
"19-Sep-19",43.51,44.13,43.25,43.36,114897,3.895145,0.4633,,1065896.8404
"20-Sep-19",43.38,43.85,42.65,43.69,329119,3.600752,0.4737,,1011911.9304
"23-Sep-19",43.31,44.23,43.31,43.96,125728,3.581657,0.4698,,970977.2856
"24-Sep-19",43.87,44.59,43.87,44.07,168790,3.840936,0.4612,,974556.7674
"25-Sep-19",44.07,44.61,43.86,44.43,136493,3.560805,0.462,,901481.426
"26-Sep-19",44.29,44.42,43.92,44.09,97699,3.361007,0.4666,,845572.6924
"27-Sep-19",44.16,44.25,43.7,44.01,95690,3.190884,0.4717,,793603.836
"30-Sep-19",44.16,44.24,43.58,43.58,111806,3.221159,0.4752,886091,783941.7562
"01-Oct-19",43.79,44.195,43.27,43.49,210797,3.109012,0.5363,,765368.0494
"02-Oct-19",43.18,43.72,42.24,42.53,185124,3.07602,0.4784,,759458.2336
"03-Oct-19",42.51,42.63,41.83,42.23,197400,3.178227,0.4769,,794260.4822
"04-Oct-19",42.37,43.53,42.28,43.47,131586,3.099366,0.4808,,775686.7754
"07-Oct-19",43.54,43.74,43.05,43.42,114630,3.435391,0.4819,,858236.5834
"08-Oct-19",43.2,43.28,42.18,42.4,127054,3.339486,0.4911,,834597.3202
"09-Oct-19",42.71,42.71,41.91,41.93,103458,3.288616,0.4713,,925610.6586
"10-Oct-19",42.12,42.14,41.71,41.75,77972,3.334387,0.4723,,927205.6224
"11-Oct-19",42.15,42.51,41.9,41.91,84739,3.360172,0.4668,,928091.7134
"14-Oct-19",41.86,41.97,41.5022,41.76,78172,3.345439,0.4668,,928091.7134
"15-Oct-19",41.98,42.11,41.61,41.63,94952,3.439102,0.4701,932239,950864.2521
"16-Oct-19",41.8,42.16,41.59,41.88,64903,3.430637,0.522,,947940.1518
"17-Oct-19",42.02,42.44,42.01,42.37,117039,3.385852,0.4691,,938902.0236
"18-Oct-19",42.2,42.57,41.96,42.4,97475,3.511843,0.4722,,966282.2355
"21-Oct-19",43,43.5,42.66,43.11,79159,3.492814,0.4714,,952813.6523
"22-Oct-19",42.87,43.23,42.2,43.06,72667,3.53809,0.4748,,959370.7257
"23-Oct-19",43.19,44.16,43.19,43.62,116505,3.653734,0.4811,,969206.3358,
"24-Oct-19",43.61,43.63,40.93,41.12,276437,3.548711,0.4808,,942307.1812
"25-Oct-19",41.11,41.62,40.86,41.23,150418,3.555231,0.4933,,947061.6001
"28-Oct-19",41.62,42.52,41.23,41.93,148381,3.679401,0.4789,,952188.9146
"29-Oct-19",41.85,42.85,41.755,42.82,118093,3.696374,0.4826,,956850.1096
"30-Oct-19",42.72,42.83,42.31,42.5,93206,3.656784,0.4748,,944824.2265
"31-Oct-19",42.19,42.4,41.59,42.34,153299,3.523343,0.4887,863003,916857.0565
"01-Nov-19",42.6,42.88,42.35,42.64,113250,3.550618,0.3962,,918814.7584
"04-Nov-19",42.89,42.97,41.91,42.42,107702,3.984088,0.4979,,1035158.1856
"05-Nov-19",42.27,42.76,42.17,42.45,91533,4.066031,0.499,,1053057.1744,
"06-Nov-19",42.46,42.92,42.33,42.75,135358,5.112625,0.5183,,1327042.2165
"07-Nov-19",43,43.39,42.59,42.75,70787,6.041321,0.5463,,1558983.2797
"08-Nov-19",42.65,42.86,42.43,42.55,60761,3.981966,0.4799,,1023598.422
"11-Nov-19",42.33,42.59,42.2,42.58,58487,4.051469,0.4799,,1023598.422
"12-Nov-19",42.6,42.69,42.37,42.41,61785,4.058958,0.4781,,958623.7324
"13-Nov-19",42.2,42.55,42.1,42.14,64774,3.449235,0.4609,,809324.2134
"14-Nov-19",42.08,42.51,42.08,42.34,161031
"15-Nov-19",42.61,42.645,42.33,42.5,221668,3.297514,0.4629,843891,790942.2495
"18-Nov-19",42.28,42.59,41.75,41.96,109460,3.243173,0.4666,,784038.2255
"19-Nov-19",41.95,42.38,41.94,42.01,131098,3.35095,0.4872,,811826.9221
"20-Nov-19",41.8,42.15,41.56,41.93,175569,3.358561,0.4776,,824254.1653,
"21-Nov-19",41.97,42.03,41.44,41.64,138144,3.440228,0.4829,,847382.6457
"22-Nov-19",42,42.36,41.63,42.09,102794,3.517699,0.483,,869130.3213
"25-Nov-19",42.24,42.89,42.08,42.41,116196,3.585191,0.4831,,889497.1921
"26-Nov-19",42.42,43.03,42.1138,42.68,137730,3.550779,0.4787,,942373.0797
"27-Nov-19",42.8,43.22,42.76,42.91,64242,3.292289,0.4734,,868870.1736
"28-Nov-19",,,,,,3.281311,0.4736,,868870.1736
"29-Nov-19",42.8,43.31,42.73,42.97,38408,3.311338,0.478,875007,873764.7414
"02-Dec-19",42.94,43.08,41.93,41.93,103925,3.223968,0.4754,,858068.3688
"03-Dec-19",41.69,42.135,41.69,41.94,129347,3.225303,0.4767,,859671.7617
"04-Dec-19",42.05,42.33,41.8,41.82,148933,3.238343,0.477,,867688.7262
"05-Dec-19",41.93,42.36,41.83,42.15,178738,3.242805,0.4813,,882794.3751
"06-Dec-19",42.36,42.81,42.15,42.67,275544,3.181457,0.4833,,884144.6007
"09-Dec-19",42.61,43.02,42.42,42.76,230547,3.001125,0.4801,,850895.2953
"10-Dec-19",42.78,42.78,42.4,42.53,199974,2.766074,0.4736,,793806.3504
"11-Dec-19",42.58,42.99,42.42,42.8,117566,3.016248,0.4661,,869144.4531
"12-Dec-19",42.77,43.3,42.76,42.97,193839,2.6996,0.4706,,784093.7727
"13-Dec-19",42.97,43.39,42.86,43.29,102422,2.851857,0.4724,1021504,822944.0835
"16-Dec-19",43.41,43.72,43.19,43.5,123070,2.776947,0.4763,,803606.4288
"17-Dec-19",43.5,43.88,43.5,43.71,96316,3.040826,0.4846,,878769.5301
"18-Dec-19",43.5,43.89,43.24,43.24,232477,2.734506,0.4699,,804306.4344
"19-Dec-19",43.39,43.86,43.24,43.86,213924,2.583743,0.4729,,767468.6397
"20-Dec-19",44,44.08,42.88,43.12,382910,2.432041,0.4827,,744893.4591
"23-Dec-19",43.12,43.12,42.1,42.17,116191,2.825431,0.4799,,844644.2571
"24-Dec-19",42.17,42.39,42.02,42.17,88285
"25-Dec-19",,,,,,2.809016,0.4809,,1033251.296
"26-Dec-19",42.25,42.36,41.79,41.91,63134,2.860315,0.4809,,1042955.584
"27-Dec-19",41.88,41.88,41.5,41.61,123487
"30-Dec-19",41.8,41.99,41.56,41.9,121149,2.424999,0.4833,,889627.8336
"31-Dec-19",41.86,42.04,41.74,41.75,131941,2.484202,0.4829,1090892,911488.0192
"01-Jan-20",,,,,,2.476152,0.4828,,910670.816
"02-Jan-20",41.97,42.18,41.79,42.12,106060,2.708012,0.4999,,983504.0512
"03-Jan-20",41.7,42.53,41.7,42.35,140689,3.25518,0.4504,,1175955.4048
"06-Jan-20",42.08,42.53,41.9,42.27,133045,3.312769,0.4506,,1186987.648
"07-Jan-20",42.09,42.19,41.96,42.01,98904,2.659168,0.4161,,949385.8176
"08-Jan-20",42,42.505,42,42.18,106247,2.770737,0.4243,,988202.9696
"09-Jan-20",42.27,42.52,42.06,42.24,137837,2.811671,0.4295,,1004138.432
"10-Jan-20",42.24,42.62,42.04,42.6,161586,2.930815,0.4337,,1261616.598
"13-Jan-20",42.52,42.83,41.63,41.96,240567,2.842882,0.4295,,1254962.1568
"14-Jan-20",41.95,42.47,41.71,42.13,131788,2.456804,0.4069,,1084455.7372
"15-Jan-20",41.96,43.16,41.96,43.14,176497,2.673303,0.4189,1089895,1193763.1156
"16-Jan-20",43.35,44.05,43.28,43.39,91337,2.533664,0.4149,,1130927.7364
"17-Jan-20",43.69,43.86,43.3,43.83,78194,2.392152,0.4066,,1069401.4276
"20-Jan-20",,,,,,2.376975,0.4066,,1069401.4276
"21-Jan-20",43.5,43.94,43.37,43.84,109454,2.355727,0.4091,,1056747.0804
"22-Jan-20",43.83,44.1,43.56,44.07,99029,2.419328,0.4138,,1087837.5024
"23-Jan-20",43.89,43.89,43.3,43.52,191691,2.267064,0.4156,,1033620.17
"24-Jan-20",43.51,43.51,42.55,42.82,93287,2.221758,0.4177,,1010275.0812
"27-Jan-20",42.25,43.24,42.25,42.98,85528,2.258346,0.4173,,914748.8735
"28-Jan-20",43.16,43.54,42.985,43.17,88462,2.204458,0.443,,888155.4355
"29-Jan-20",43.17,43.58,42.57,42.64,101534,2.041757,0.4504,,817966.1975
"30-Jan-20",42.4,43.27,42.4,43.27,78883,1.85555,0.4759,,739820.726
"31-Jan-20",42.98,43.19,42.48,42.65,117512,1.86765,0.5089,980113,746905.0435
"03-Feb-20",42.78,43.25,42.64,43.23,138483,1.903566,0.5361,,761509.6365
"04-Feb-20",43.57,43.71,43.375,43.44,110872,1.726245,0.5701,,688922.6295
"05-Feb-20",43.89,44.32,43.795,44.16,88032,1.423782,0.5445,,566854.3895
"06-Feb-20",44.42,44.62,44.12,44.15,54095,1.476495,0.5385,,585164.6255
"07-Feb-20",44.08,44.08,43.5,43.64,64382,1.397763,0.5351,,549089.101
"10-Feb-20",43.51,44.12,43.5,44.08,75102,1.391375,0.535,,551595.8595
"11-Feb-20",44.27,44.73,44.07,44.59,60018,1.404132,0.5409,,724205.4957
"12-Feb-20",44.69,44.79,44.38,44.48,107008,1.20824,0.5495,,626880.2748
"13-Feb-20",44.31,44.455,44.08,44.41,48255,1.248893,0.5424,,646972.5913
"14-Feb-20",44.44,44.7,44.12,44.32,58678,1.326422,0.5322,878202,686569.1565,
"17-Feb-20",,,,,,1.34765,0.5322,,686569.1565
"18-Feb-20",44.3,44.59,44.25,44.36,61062,1.347158,0.5329,,680590.4672
"19-Feb-20",44.51,44.9,44.29,44.82,151135,1.353424,0.537,,687353.2469
"20-Feb-20",41,43.44,41,41.94,238134,1.398262,0.5392,,719794.9872
"21-Feb-20",41.97,43.18,41.905,42.96,283374,1.38574,0.5378,,723029.3601
"24-Feb-20",42.21,43.01,42.16,42.72,203022,1.333386,0.5248,,703819.1453
"25-Feb-20",42.81,42.81,41.83,42.17,98709,1.442413,0.5331,,758215.4168
"26-Feb-20",42.34,42.48,41.84,41.87,166340,1.720631,0.5379,,1164056.751
"27-Feb-20",41.43,42.11,40.53,40.54,170759,1.360661,0.535,,924219.7848
"28-Feb-20",39.78,40.05,38.13,38.54,303616,1.132209,0.5265,681420,791435.6424
"02-Mar-20",38.47,40.52,38.47,40.43,185190,1.16372,0.5385,,827617.5648
"03-Mar-20",40.08,40.55,39.48,39.63,191595,1.267691,0.5213,,910695.474,
"04-Mar-20",39.95,41.11,39.52,41.1,189286,2.678419,0.5597,,1937489.2524
"05-Mar-20",40.29,40.79,39.57,40,199528,1.942198,0.5403,,1413027.018
"06-Mar-20",38.98,40.26,38.91,40.06,165438,1.200532,0.5383,,872142.4062
"09-Mar-20",37.93,38.84,34.26,38.4,299712,1.293496,0.5645,,942222.9258
"10-Mar-20",39.07,39.37,37.155,37.81,389010,1.194068,0.5508,,762304.554
"11-Mar-20",36.99,37.75,36.39,36.99,231746,1.222197,0.5566,,783019.722
"12-Mar-20",35.34,36.1,33.19,33.3,235510,0.937058,0.553,,608235.492
"13-Mar-20",34.81,37.07,33.98,34.97,330680,0.862139,0.5614,551303,567963.57
"16-Mar-20",33,34.715,32.37,32.8,271505,1.100488,0.5599,,738250.428
"17-Mar-20",33.16,36.87,31.68,36.81,423584,0.670978,0.8256,,464455.872
"18-Mar-20",34.56,38.45,33.57,35.77,340937,0.732024,0.8184,,519446.466,
"19-Mar-20",35.94,37.24,34.625,35.5,288466,0.987504,0.7191,,704656.422
"20-Mar-20",35.55,36.31,33.34,34.42,393472,0.898979,0.6629,,653004.786
"23-Mar-20",34.57,35.48,32.71,34.63,348661,1.015802,0.5576,,735388.464
"24-Mar-20",36.16,38.36,36.11,36.8,342647,0.962582,0.6152,,691444.2226
"25-Mar-20",36.53,37.51,34.57,35.29,330797,1.057355,0.62,,777226.9694
"26-Mar-20",35.51,37.2,35.12,36,412199,0.990549,0.5646,,744259.05
"27-Mar-20",35.14,37.54,34.44,35.93,302106,1.183237,0.5841,,908271.6925
"30-Mar-20",36.15,40.17,35.42,39.94,238325,1.13541,0.5917,,880430.891
"31-Mar-20",39.84,40.63,39.305,40.51,308749,1.239991,0.6096,756085,977349.9584
"01-Apr-20",39.13,39.58,36.8,37.48,311036,1.363313,0.5955,,1091083.7673
"02-Apr-20",36.93,38.42,35.41,35.93,243320,1.438594,0.6506,,1156799.0849
"03-Apr-20",35.5,36.34,34.08,34.63,247124,1.608569,0.6674,,1308627.9311
"06-Apr-20",35.41,36.43,34.67,36.39,241437,1.326416,0.6167,,1088051.6008
"07-Apr-20",36.99,37.31,35.31,36.46,328291,1.483024,0.6795,,1235855.9351
"08-Apr-20",36.59,36.88,32.91,33.2,499986,1.447696,0.7711,,1245283.2164
"09-Apr-20",33.99,36.12,33.68,35.66,254810,1.454711,0.7418,,979205.6835
"10-Apr-20",,,,,,1.447313,0.7418,,979205.6835
"13-Apr-20",35.3,35.3,33.67,34.14,138932,1.285142,0.6461,,867985.58
"14-Apr-20",34.9,35.14,33.64,33.98,158747,1.195231,0.6253,,802130.5765
"15-Apr-20",32.95,33.41,31.7314,31.89,201610,1.197702,0.6243,801567,808179.2565
"16-Apr-20",31.83,32.24,30.94,31.9,217814,1.18139,0.6193,,799711.1045
"17-Apr-20",32.67,34.23,32.67,34.06,191506,1.161291,0.6184,,792225.863
"20-Apr-20",33.48,33.8,32.73,33.19,124399,1.278877,0.6205,,875546.43
"21-Apr-20",32.58,32.79,30.48,31.12,419605,1.308232,0.6212,,910023.906
"22-Apr-20",31.73,32.259,31.43,31.62,153662,1.214318,0.6379,,847495.6765
"23-Apr-20",31.67,32.03,30.81,31,187513,1.164552,0.6324,,818083.97,
"24-Apr-20",29.44,29.5,26.675,28.75,643394,1.155682,0.6682,,832026.546
"27-Apr-20",28.79,28.79,27.52,27.87,216826,1.215342,0.721,,882685.5804
"28-Apr-20",28.47,29.66,27.91,29.27,212546,1.065299,0.6688,,780646.1013
"29-Apr-20",30.88,32.39,30.62,31.52,366948,0.951034,0.6883,,710508.9888
"30-Apr-20",30.98,31.07,29.89,30.37,295989,1.009197,0.6282,796480,764053.6644
"01-May-20",30.11,30.11,29.08,29.55,265622,1.027995,0.6134,,794352.897
"04-May-20",29.25,29.54,28.46,29.36,191172,1.015134,0.6084,,787218.9507
"05-May-20",29.35,30.26,29.17,29.19,213264,0.981373,0.6106,,766217.8953,
"06-May-20",29.99,29.99,28.54,28.55,252303,1.850546,0.603,,1460775.7008
"07-May-20",28.94,29.96,28.94,29.16,239359,1.16173,0.6282,,928214.586
"08-May-20",29.6,29.825,29.17,29.41,257927,0.872875,0.6206,,706260.6837
"11-May-20",28.88,29.23,28.4,28.75,286027,0.72479,0.6124,,619661.44
"12-May-20",28.67,29.17,27.85,27.93,438120,0.695609,0.6103,,608988.608
"13-May-20",27.5,27.935,26.47,26.75,302219,0.641349,0.6129,,568288.48
"14-May-20",26.25,26.73,25.53,26.59,480431,0.674469,0.6005,,613448.896
"15-May-20",26.49,27.59,26.03,27.1,414131,0.706061,0.5823,844661,655821.632
"18-May-20",28.27,29.75,28.22,28.95,361806,0.670583,0.6042,,626112.928
"19-May-20",28.73,29.47,28.57,28.93,244651,0.621147,0.591,,586049.984
"20-May-20",29.31,29.855,29.13,29.58,226838,0.590374,0.5796,,559447.552,
"21-May-20",29.39,30.295,29.19,30,228281,0.649339,0.6637,,614962.208
"22-May-20",30.27,30.35,29.43,29.91,189404,0.622462,0.6498,,586368.576
"25-May-20",,,,,,0.619882,0.6498,,586368.576
"26-May-20",30.61,31,30.22,30.24,254645,0.52191,0.62,,498118.592
"27-May-20",30.97,31.76,30.84,31.5,343759,0.636426,0.6266,,790180.3655
"28-May-20",31.98,32,30.45,30.59,202863,0.562955,0.6223,,700223.969
"29-May-20",30.06,30.21,29.48,29.89,236052,0.450681,0.5654,743738,558489.8532
"01-Jun-20",29.86,30.26,29.71,29.98,198262,0.564113,0.5879,,695831.7318
"02-Jun-20",30.21,30.97,30,30.52,189460,0.491408,0.5945,,603087.954
"03-Jun-20",31.07,32.15,30.77,31.72,236778,0.483717,0.5884,,595401.5389
"04-Jun-20",31.46,32.105,31.09,32.03,278788,0.484458,0.5888,,599118.0473
"05-Jun-20",33,33.76,32.655,33.24,195746,0.498255,0.6024,,616433.5978
"08-Jun-20",33.62,33.77,33.02,33.09,172794,0.505476,0.5849,,628427.784
"09-Jun-20",32.58,32.89,32.12,32.36,210127,0.451433,0.5817,,744556.1118
"10-Jun-20",32,32.12,30.84,31.15,184226,0.43173,0.582,,707517.9594
"11-Jun-20",30.17,30.17,28.6,28.69,181421,0.462466,0.5758,,749241.6612
"12-Jun-20",29.74,29.86,28.34,29.02,374070,0.456194,0.5724,,744927.9808
"15-Jun-20",28.22,30.19,28.15,29.61,286078,0.410932,0.5704,902161,670926.0498
"16-Jun-20",30.62,30.95,29.9,29.99,196722,0.540535,0.6489,,878577.6994
"17-Jun-20",30.04,30.04,29.35,29.51,181995,0.56314,0.6478,,910781.5548
"18-Jun-20",29.16,29.83,29.065,29.44,179462,0.463744,0.5713,,739796.1886
"19-Jun-20",29.46,29.975,28.78,29.82,666070,0.498679,0.5876,,810153.8034
"22-Jun-20",29.45,29.48,28.99,29.09,211237,0.556893,0.5698,,894791.1878
"23-Jun-20",29.55,29.78,29.01,29.31,233578,0.821685,0.6679,,1317308.7456
"24-Jun-20",29.01,29.49,28.66,28.72,346535,0.604535,0.6504,,1302991.1323
"25-Jun-20",28.64,29.55,28.48,29.36,204180,0.572366,0.6974,,1224052.0448
"26-Jun-20",29.01,29.48,28.8,29.4,538701,0.479685,0.7055,,1037936.2305
"29-Jun-20",29.84,30.28,29.61,30.11,155523,0.506519,0.6466,,1078262.8272
"30-Jun-20",29.98,30.66,29.98,30.15,204516,0.956035,0.6581,1012208,2027606.8475
"01-Jul-20",30.03,30.38,29.42,29.5,154937,0.98111,0.5896,,2065768.2578
"02-Jul-20",30.02,30.295,29.29,29.4,153228,0.79769,0.5707,,1664035.9645
"03-Jul-20",,,,,,0.796692,0.5707,,1664035.9645
"06-Jul-20",29.97,30.07,29.3,29.4,148658,0.808258,0.5551,,1678290.1083
"07-Jul-20",29.13,29.3,28.85,29.12,240586,0.860439,0.5497,,1786549.4283
"08-Jul-20",29.06,29.35,28.84,29.28,169317,0.842375,0.5442,,1732239.3361
"09-Jul-20",29.14,29.39,28.66,28.89,235686,0.698435,0.5616,,1413054.7743
"10-Jul-20",29.07,29.95,28.835,29.71,150807,0.739638,0.5695,,742252.1264
"13-Jul-20",30.04,30.04,29.44,29.62,161860,0.797299,0.5735,,795595.488
"14-Jul-20",29.57,30.225,29.52,30.08,159618,0.8043,0.5401,,803591.9312
"15-Jul-20",30.81,31.66,30.72,30.97,203244,0.742291,0.5362,959357,743669.2176
"16-Jul-20",30.86,31.8,30.82,31.28,123957,0.741292,0.5242,,739114.2816
"17-Jul-20",31.23,31.255,30.95,30.98,124224,0.622406,0.5183,,616940.776
"20-Jul-20",30.97,31.13,30.615,30.83,170057,0.602645,0.5332,,596595.3952
"21-Jul-20",31.18,33.14,31.0496,32.54,270554,0.624884,0.516,,624228.6736
"22-Jul-20",32.09,32.51,31.69,31.98,193599,0.999244,0.5761,,984271.0592,
"23-Jul-20",31.88,32.85,31.85,32.64,173280,0.780224,0.551,,769480.5216
"24-Jul-20",33.75,36.975,33,34.16,468741,0.756514,0.5733,,979407.5613
"27-Jul-20",33.89,34.005,33.05,33.22,335361,0.740731,0.5669,,940841.4099
"28-Jul-20",33.03,33.6,32.66,33.21,240349,1.060679,0.5389,,1349239.6848
"29-Jul-20",33.09,33.5099,32.59,33.33,247042,0.741267,0.609,,944966.645
"30-Jul-20",32.76,32.885,32.08,32.42,190406,0.766848,0.6122,,966839.9846
"31-Jul-20",32.04,32.605,31.71,32.52,282672,0.874506,0.6715,800059,1104987.3926
"03-Aug-20",32.66,33.09,32.43,32.67,145515,1.023626,0.6744,,1279686.3023
"04-Aug-20",32.22,32.98,32.13,32.77,293682,1.036489,0.6218,,1299640.9279,
"05-Aug-20",33.15,33.65,32.53,33.27,241332,1.292028,0.6337,,1625150.758
"06-Aug-20",32.93,33.54,32.88,33.28,144633,1.639087,0.6797,,2052928.0443
"07-Aug-20",33.11,34.12,33.11,34.09,184093,0.689391,0.5656,,859775.7434
"10-Aug-20",34.23,34.52,34.04,34.26,281161,0.666334,0.5511,,832530.0046
"11-Aug-20",34.8,35.3,34.37,34.58,172160,0.583461,0.5753,,525398.7453
"12-Aug-20",35.11,35.11,33.65,33.94,171221,0.521632,0.5477,,466354.3911
"13-Aug-20",33.65,33.95,33.32,33.63,143161,0.753498,0.5635,,661088.7517
"14-Aug-20",33.3,33.89,33.25,33.66,155280,0.589967,0.534,1025647,512677.8072
"17-Aug-20",33.56,33.56,32.82,33.08,78147,0.614699,0.5501,,513637.878
"18-Aug-20",33.21,33.24,32.93,33.03,117726,0.625055,0.5531,,518438.232
"19-Aug-20",32.96,33.35,32.86,32.91,102798,0.745687,0.4882,,607564.8046,
"20-Aug-20",32.55,32.92,32.29,32.59,89117,0.598448,0.4883,,482275.5652
"21-Aug-20",32.4,32.57,31.95,32.19,137225,0.531321,0.4845,,425471.3762
"24-Aug-20",32.69,32.98,32.335,32.96,90778,0.550923,0.4807,,437712.2789
"25-Aug-20",33.25,33.25,32.86,32.9,113772,0.519945,0.4748,,820517.6
"26-Aug-20",32.7,32.7,32.09,32.2,120937,0.459933,0.4921,,721029.841
"27-Aug-20",32.16,33.14,32.16,32.72,99681,0.45903,0.4998,,711593.8886
"28-Aug-20",33,33.44,32.18,32.87,193613,0.495516,0.5353,,759901.8623
"31-Aug-20",32.7,32.825,32.35,32.58,145872,0.543997,0.5475,956977,829030.4701
"01-Sep-20",32.29,32.7,32.19,32.36,91326,0.560722,0.5516,,847286.9867
"02-Sep-20",32.19,32.88,32.19,32.72,102544,0.600508,0.5757,,900928.3248
"03-Sep-20",32.91,33.38,32.4,32.62,133037,0.630015,0.5612,,941236.2519
"04-Sep-20",33.3,33.33,32.15,32.51,122331,0.76044,0.5492,,1126365.5354
"07-Sep-20",,,,,,0.764741,0.5492,,1126365.5354
"08-Sep-20",32.31,32.31,31.08,31.82,158967,0.648744,0.54,,952518.3689
"09-Sep-20",31.96,32.41,31.49,31.65,124727,0.704138,0.5213,,1030057.2821
"10-Sep-20",31.74,31.74,30.75,30.77,134881,0.616552,0.5426,,1035066.3232
"11-Sep-20",30.78,31.09,30.5,30.81,136352,0.805213,0.5611,,1346753.7321
"14-Sep-20",31.03,31.19,30.76,30.77,132704,0.547588,0.542,,899462.6823
"15-Sep-20",30.77,30.775,29.94,30,159063,0.599335,0.5756,963046,981762.7043
"16-Sep-20",30,30.48,29.82,29.86,223521,0.582343,0.5724,,949129.7886
"17-Sep-20",29.53,30.18,29.2,30.15,264093,0.72621,0.5109,,1190000.8995
"18-Sep-20",30.15,30.74,29.99,30.73,866393,0.646599,0.5703,,1117462.0429
"21-Sep-20",30.21,30.4,29.42,29.99,223889,0.862591,0.572,,1442738.5252
"22-Sep-20",29.95,30.4,29.67,29.78,144367,1.227036,0.4657,,2044007.1743
"23-Sep-20",29.69,30.24,29.1,29.12,269942,1.15508,0.4523,,1932997.8423
"24-Sep-20",29.03,30.11,28.89,29.44,207617,0.93711,0.453,,1535191.6286
"25-Sep-20",29.21,29.74,29.11,29.43,140807,1.008224,0.4856,,1625140.125
"28-Sep-20",29.76,30.74,29.76,30.33,124410,0.879076,0.4906,,1368199.4522
"29-Sep-20",30.24,30.27,29.82,30.03,87122,0.916785,0.4955,,1415196.097
"30-Sep-20",30.07,30.44,30.05,30.25,130873,0.872232,0.521,884901,1343641.7792
"01-Oct-20",30.23,30.47,29.91,30.19,97946,0.93347,0.5087,,1425211.7754
"02-Oct-20",29.89,30.95,29.8,30.74,147784,0.754233,0.484,,1150936.2746
"05-Oct-20",31.02,31.4,31.02,31.22,76413,0.970524,0.5419,,1471341.6788
"06-Oct-20",31.49,31.49,30.9,31.18,160966,0.814545,0.558,,1232795.1846
"07-Oct-20",31.41,31.7,30.945,31.19,193234,0.975157,0.6121,,1481357.3572
"08-Oct-20",31.47,31.72,31,31.33,103583,0.950668,0.6117,,1427619.3904
"09-Oct-20",31.34,31.63,31.17,31.42,85066,0.965991,0.5265,,948613.872
"12-Oct-20",31.3,32.12,31.18,32.07,68539,0.977702,0.5265,,948613.872
"13-Oct-20",31.81,31.84,30.92,31.1,93340,0.937021,0.5321,,902599.02
"14-Oct-20",30.9,31.71,30.49,30.53,106911,0.749666,0.4789,,718716.5922
"15-Oct-20",30.24,31.23,30.24,31.07,138858,0.820956,0.4704,839565,785615.1078
"16-Oct-20",30.99,31.43,30.99,31.1,99926,0.893142,0.4597,,847027.2372
"19-Oct-20",31.25,31.51,30.93,31.13,146954,0.774673,0.472,,739334.7855
"20-Oct-20",31.31,31.55,31.18,31.34,110977,0.719902,0.4659,,683320.5522
"21-Oct-20",31.28,33.02,31.28,32.93,138782,0.698807,0.452,,661463.4975
"22-Oct-20",33,33.21,32.71,33.1,150043,0.664645,0.4711,,622439.3634,
"23-Oct-20",33.4,34.18,32.34,32.54,202776,0.640237,0.4359,,600139.8582
"26-Oct-20",32.07,32.42,31.92,32.4,111289,0.800597,0.4916,,775925.973
"27-Oct-20",32.18,32.18,31.85,32,126603,0.583987,0.4276,,563935.8105
"28-Oct-20",31.52,32.055,31.25,31.47,141003,0.590374,0.4224,,559905.8985
"29-Oct-20",31.72,32.42,31.44,32.07,146311,0.591859,0.4351,,556379.7255
"30-Oct-20",31.94,32.49,31.87,32.01,207443,0.597696,0.4278,607828,559737.9855
"02-Nov-20",32.4,32.86,31.95,32.66,101052,0.776169,0.5293,,712035.0765
"03-Nov-20",32.65,33.08,32.33,32.48,110733,0.773178,0.548,,706158.1215,
"04-Nov-20",32,32.93,31.71,31.76,136232,0.767729,0.5736,,700533.036
"05-Nov-20",31.77,32.53,31.77,32.3,77321,2.756139,0.7049,,2461856.4495
"06-Nov-20",32.4,32.6,31.95,32.04,103617,0.496092,0.5701,,437077.539
"09-Nov-20",34.51,36.5,33.59,34.09,239328,0.505103,0.5674,,447740.0145
"10-Nov-20",34.45,36.55,34.2,36.19,339371,0.54584,0.5973,,535314.1196
"11-Nov-20",36.1,36.1,34.98,35.28,114181,0.554967,0.5973,,535314.1196
"12-Nov-20",34.78,34.78,33.44,33.98,202249,0.5645,0.5543,,546194.2408
"13-Nov-20",34,34.87,33.88,34.52,154963,0.506025,0.5394,515169,488815.2776
"16-Nov-20",35.32,35.82,35.17,35.31,160611,0.366564,0.4527,,354606.8552
"17-Nov-20",35.03,35.47,34.7,35.11,138466,0.474911,0.5348,,458788.5744
"18-Nov-20",35.28,35.43,34.25,34.25,111971,0.449339,0.516,,435569.5448,
"19-Nov-20",34.04,34.07,32.91,33.05,163475,0.357474,0.3901,,348103.0956
"20-Nov-20",32.68,33.45,32.68,32.89,185519,0.346176,0.3979,,339836.6348
"23-Nov-20",33.15,33.15,32.59,32.79,144738,0.347712,0.4726,,343848.2996
"24-Nov-20",33.11,33.42,32.91,32.99,385844,0.420076,0.5625,,447630.3441
"25-Nov-20",32.99,33.2,32.18,32.23,199237,0.43761,0.5725,,471173.5674
"26-Nov-20",,,,,,0.435666,0.5725,,471173.5674
"27-Nov-20",32,32.11,31.045,31.91,166597,0.471587,0.5074,,512232.5367
"30-Nov-20",31.61,31.925,30.45,30.51,259462,0.46842,0.4931,461337,515065.9662
"01-Dec-20",31.11,31.68,30.94,31.6,342765,0.466046,0.4616,,522123.7815
"02-Dec-20",31.69,31.8,30.81,30.9,188156,0.405316,0.364,,458191.3086
"03-Dec-20",30.92,31.005,30.2,30.84,197899,0.371713,0.3357,,423932.5701
"04-Dec-20",31.21,32.45,31.09,32.35,178353,0.361228,0.3234,,413680.707
"07-Dec-20",32.11,32.29,31.765,31.98,140623,0.351978,0.3123,,403789.4622
"08-Dec-20",31.7,32.32,31.7,32.21,155149,0.360732,0.3111,,413217.0549
"09-Dec-20",32.44,32.55,31.94,32.42,100917,0.384446,0.3112,,392367.1185
"10-Dec-20",32.28,32.62,32.05,32.51,69889,0.374723,0.3062,,380556.8913
"11-Dec-20",32.27,32.75,32.07,32.42,126147,0.375023,0.3062,,380556.8913
"14-Dec-20",32.56,32.97,32.485,32.64,168931,0.357043,0.3231,,363395.1549
"15-Dec-20",32.86,33.35,32.7,33.09,150314,0.357062,0.3251,492415,363994.893
"16-Dec-20",33.25,33.345,32.9,33.07,150355,0.356754,0.3231,,363395.1549
"17-Dec-20",33.16,33.16,32.78,32.84,105839,0.420925,0.3646,,424153.2378
"18-Dec-20",32.84,32.945,32.08,32.2,443986,0.483057,0.3936,,494830.0662
"21-Dec-20",31.83,32.02,31.16,31.54,192757,0.547082,0.7623,,526293.2496
"22-Dec-20",31.33,31.53,30.89,31.05,130344,0.468483,0.3601,,446620.3497
"23-Dec-20",31.27,32,31.2,31.67,87352,0.386919,0.291,,366809.0487
"24-Dec-20",31.67,32.09,31.39,31.92,121059,0.469276,0.3275,,593113.8675
"25-Dec-20",,,,,,0.502843,0.3293,,632211.6185
"28-Dec-20",32.19,32.33,31.74,32.09,108174,0.433539,0.3164,,543281.4695
"29-Dec-20",32.23,32.29,31.61,31.84,95519,0.405937,0.3051,,507187.45
"30-Dec-20",31.97,32.17,31.63,31.92,74301,0.430411,0.3246,,537077.0405
"31-Dec-20",32.03,32.34,31.72,32.19,80297,0.438623,0.3372,635519,543281.4695
"01-Jan-21",,,,,,0.437665,0.3372,,543281.4695
"04-Jan-21",32.53,32.74,31.59,31.75,124584,0.429052,0.3384,,534319.5165
"05-Jan-21",31.67,32.22,31.29,31.69,118235,0.379379,0.2905,,470797.9815
"06-Jan-21",32.32,34.15,32.32,34,223878,0.395739,0.6839,,498520.946
"07-Jan-21",34.24,34.3,33.39,33.8,191342,0.412563,0.6237,,521319.7605
"08-Jan-21",33.75,34.03,32.98,33.35,141502,0.390112,0.3252,,490396.0985
"11-Jan-21",32.9,33.405,32.83,33.2,85225,0.353933,0.3213,,447211.303
"12-Jan-21",33.4,33.84,33.4,33.84,119936,0.3539,0.3367,,521252.6838
"13-Jan-21",33.73,33.93,33.26,33.44,120112,0.337349,0.3412,,499454.3821
"14-Jan-21",33.7,33.7,33.09,33.12,127894,0.378441,0.3721,,562243.6593
"15-Jan-21",32.73,33.25,32.32,33,155173,0.34153,0.3481,627401,509876.8937
"18-Jan-21",,,,,,0.338925,0.3481,,509876.8937
"19-Jan-21",33.17,33.23,32.68,32.77,150029,0.331935,0.3607,,498945.9669
"20-Jan-21",32.71,32.9,32.44,32.78,121481,0.294328,0.3521,,441304.3936
"21-Jan-21",32.77,32.88,32.22,32.52,149887,0.330166,0.6282,,496975.858
"22-Jan-21",32.24,32.48,31.6,32.45,131541,0.272953,0.43,,410545.274
"25-Jan-21",32.22,33.1,32.01,32.72,127705,0.34677,0.7263,,518011.5369
"26-Jan-21",32.91,32.91,32.2,32.58,99784,0.332113,0.4687,,493226.2959
"27-Jan-21",31.97,32.35,31.685,31.9,126353,0.34505,0.4424,,631541.8466
"28-Jan-21",32.23,32.23,30.9,31,229895,0.340831,0.4354,,630349.7847
"29-Jan-21",30.97,31.195,30.4201,30.5,199812,0.280414,0.4212,634125,521683.9315
"01-Feb-21",30.61,30.83,30.22,30.61,113472,0.291869,0.4474,,538498.2783
"02-Feb-21",30.87,31.11,30.33,30.76,133818,0.30721,0.4737,,565476.5213
"03-Feb-21",30.55,30.8799,30.195,30.57,122439,0.347839,0.4782,,641643.0027
"04-Feb-21",30.54,31.53,30.34,31.26,123803,0.311942,0.4692,,576205.0784
"05-Feb-21",31.55,31.59,30.825,31.21,117320,0.317794,0.4625,,585867.0538
"08-Feb-21",31.32,31.63,31.15,31.63,67191,0.254953,0.4162,,472119.2525
"09-Feb-21",31.71,32.29,31.435,32.11,153197,0.255977,0.431
"10-Feb-21",32.22,32.31,31.66,31.7,111453,0.352946,0.4549,,783841.9125
"11-Feb-21",31.84,32.58,31.74,32.05,183628,0.316926,0.4445
"12-Feb-21",32.05,32.12,31.6,31.79,85155,0.327919,0.5037,620946
"15-Feb-21",,,,,,0.329729,0.5037
"16-Feb-21",31.93,32.3111,31.69,32.04,167611,0.32356,0.5024
"17-Feb-21",31.97,32.89,31.86,32.57,142088,0.336143,0.5032,,,
"18-Feb-21",36.04,36.04,33.75,33.95,249752,0.37496,0.5244
"19-Feb-21",33.86,33.87,32.26,32.79,350595,0.367091,0.5069,,824806.3875
"22-Feb-21",32.71,33.62,32.61,33.45,455515,0.349086,0.5356,,805846.05
"23-Feb-21",33.69,34.78,33.3,33.4,255187,0.359385,0.5158,,837298.65
"24-Feb-21",33.48,34.15,33.48,33.75,168954,0.358528,0.5158
"25-Feb-21",33.7,34.14,33.6,33.69,143359,0.501681,0.5174
"26-Feb-21",33.48,33.8,33.22,33.29,256254,0.343511,0.6549,541115
"01-Mar-21",33.8,34.04,33.72,33.86,146978,0.34314,0.5709
"02-Mar-21",33.44,33.84,33.12,33.43,130629,0.429239,0.4965,,,
"03-Mar-21",33.6,34.86,33.56,34.33,163340,0.429073,0.4002
"04-Mar-21",34.06,35.41,34.06,34.88,256145,0.414953,0.3967
"05-Mar-21",35.46,36.28,35.25,35.88,211292,0.327169,0.3493
"08-Mar-21",36.33,37.66,36,37.54,206492,0.411819,0.3469
"09-Mar-21",37.4,37.49,36.64,36.77,223923,0.400642,0.3167,,622823.365
"10-Mar-21",36.75,37.83,36.62,37.59,209830,0.446614,0.3281,,702096.7125
"11-Mar-21",37.44,37.615,37.31,37.58,142260,0.358309,0.3288,,567413.189
"12-Mar-21",37.91,38.25,37.57,37.74,163181,0.350924,0.3124,,557835.4535
"15-Mar-21",37.61,38.51,36.815,38.5,243520,0.44395,0.3443,715921,710970.9985
"16-Mar-21",38.15,39.12,38.15,39.09,253481,0.409597,0.3228,,662757.652
"17-Mar-21",39.5,39.73,38.61,39.04,347211,0.400896,0.4183,,661350.753,
"18-Mar-21",39.22,40.45,39.07,40.2,263942,0.54205,0.3794,,907936.8585
"19-Mar-21",40.29,41.23,39.7,40.91,797430,0.466171,0.483,,807289.4685
"22-Mar-21",40.71,40.71,40.02,40.4,209312,0.456227,0.4653,,791272.4645
"23-Mar-21",40.25,40.635,39.905,40.25,276121,0.734236,0.4941,,1290613.3865
"24-Mar-21",40.57,41.3,40.51,40.75,180025,0.464544,0.4783,,829179.7022
"25-Mar-21",40.72,41.5,40.4,41.4,151612,0.362923,0.4524,,649555.1233
"26-Mar-21",41.81,43.08,41.54,42.91,178267,0.309624,0.4934,,553979.6698
"29-Mar-21",42.7,43.66,42.135,42.67,175289,0.307045,0.4786,,552691.012
"30-Mar-21",42.98,43.46,42.81,43.17,139917,0.316736,0.4423,,572378.8395
"31-Mar-21",43.25,43.46,42.615,43.06,315482,0.312149,0.431,721897,576030.0366
"01-Apr-21",42.79,42.79,41.79,42.05,188095,0.355062,0.4476,,661296.2277
"02-Apr-21",,,,,,0.355062,0.4461,,661296.2277
"05-Apr-21",42.21,43.39,42.1,43.29,198692,0.365181,0.4664,,684420.476
"06-Apr-21",43.17,43.245,42.1,42.14,215838,0.387882,0.464,,733031.5119
"07-Apr-21",42.12,42.12,40.93,41.49,178369,0.499814,0.4506,,940934.9703
"08-Apr-21",41.33,41.56,40.95,41,359792,0.363718,0.4603,,694443.37
"09-Apr-21",41.03,41.295,40.22,40.32,271042,0.394788,0.4843,,954853.1619
"12-Apr-21",40.16,40.62,39.89,40.13,208358,0.385695,0.4836,,942292.1541
"13-Apr-21",39.88,39.95,39.04,39.37,262976,0.395259,0.5251,,976943.2101
"14-Apr-21",39.56,40.33,39.45,39.84,253559,0.41613,0.5224,,1039603.8697
"15-Apr-21",39.67,40.21,39.1,39.39,191408,0.371244,0.5228,607890,932185.5961
"16-Apr-21",39.8,40.05,39.49,39.82,153920,0.323929,0.511,,813289.1602
"19-Apr-21",39.65,40.29,39.26,40.19,198078,0.333725,0.4144,,837544.8994
"20-Apr-21",40.22,40.4,39.93,40.21,154849,0.379346,0.3706,,952398.7121
"21-Apr-21",40.39,40.7,40.21,40.57,100264,0.395777,0.4642,,991958.6677,
"22-Apr-21",40.31,40.58,40.06,40.21,142980,0.404182,0.4418,,1012460.5425
"23-Apr-21",41.67,42,40.82,41.06,222369,0.343577,0.4454,,866781.7279
"26-Apr-21",41.46,41.65,40.01,40.1,299011,0.348313,0.4864,,580656.528
"27-Apr-21",40.16,40.96,39.26,39.75,191631,0.321415,0.4739,,539623.953
"28-Apr-21",39.74,39.96,39.68,39.9,149892,0.386232,0.4896,,649591.254
"29-Apr-21",40.19,40.75,40.19,40.51,157703,0.402552,0.4752,,673359.753
"30-Apr-21",40.2,40.6,40.07,40.48,289765,0.247891,0.4009,511341,417498.852
"03-May-21",40.75,41.6,40.58,41.5,262374,0.264214,0.4051,,452695.683
"04-May-21",40.93,41.56,40.87,41.31,170404,0.353647,0.409,,608072.367,
"05-May-21",41.4,41.76,40.7,41.58,124447,0.550921,0.3885,,947335.776
"06-May-21",41.57,42.3,41.37,42.28,145242,0.575047,0.4024,,990921.489
"07-May-21",41.9,42.24,41.68,41.89,104418,0.618715,0.4595,,1057546.233
"10-May-21",41.81,42.29,41.57,41.6,193701,0.618421,0.459,,1071892.437
"11-May-21",41.47,41.47,40.7,40.83,100071,0.639408,0.4654,,1356280.8684
"12-May-21",41,41.03,40.5,40.65,142613,0.664966,0.4618,,1406136.6159
"13-May-21",40.49,42.02,40.46,41.88,162009,0.431579,0.3931,,917908.2291
"14-May-21",41.9,42.21,41.82,42.14,96150,0.511,0.3987,656003,1077242.0847
"17-May-21",41.98,42.46,41.9,42.45,85604,0.471969,0.382,,988933.494
"18-May-21",42.45,42.45,41.67,41.68,102519,0.513274,0.3811,,1072282.077
"19-May-21",41.33,41.67,40.78,41.61,176351,0.51419,0.371,,1068293.6172,
"20-May-21",41.46,42.14,41.23,42.04,154596,0.549368,0.3875,,1124541.1272
"21-May-21",42.42,42.5,41.87,42.29,300561,0.51136,0.3765,,1054078.3374
"24-May-21",42.47,42.47,41.98,42.05,90334,0.574503,0.412,,1147193.5335
"25-May-21",41.99,42.15,40.67,40.72,172421,0.341758,0.3856,,415709.1011
"26-May-21",40.78,41.42,40.78,41.32,175192,0.298742,0.3685,,364278.4659
"27-May-21",41.66,42.03,41.43,41.74,170307,0.233902,0.3127,,283327.6957
"28-May-21",41.97,42.23,41.62,42.2,120173,0.362732,0.3458,616333,436569.9965
"31-May-21",,,,,,0.488,0.3476,,587319.4859
"01-Jun-21",42.22,42.48,41.93,42.25,150321,0.507127,0.387,,607983.5804
"02-Jun-21",42.26,42.33,41.94,42.09,120547,0.524682,0.3969,,627729.2707
"03-Jun-21",41.86,42.5,41.78,42.43,131069,0.526674,0.3915,,630156.4818
"04-Jun-21",42.5,42.5,41.845,42.11,136952,0.46797,0.3847,,558783.3554
"07-Jun-21",42.24,42.3,41.93,42.13,110785,0.611779,0.4405,,721406.4991
"08-Jun-21",42.07,42.74,41.9,42.65,99095,0.62764,0.4398,,734526.5591
"09-Jun-21",42.62,42.7,42.41,42.56,151549,0.544874,0.4115,,896333.0819
"10-Jun-21",42.85,42.96,42.47,42.58,111100,0.636659,0.4066,,1037966.4053
"11-Jun-21",42.76,43.16,42.72,43.09,110567,0.90468,0.4149,,1463174.542
"14-Jun-21",43.01,43.33,42.92,43.21,115792,0.945932,0.4261,,1530046.6725
"15-Jun-21",43.31,43.82,43.06,43.49,116672,0.976408,0.4303,601460,1569861.7843
"16-Jun-21",43.47,43.75,43.07,43.61,140856,0.996453,0.4324,,1588783.2074
"17-Jun-21",43.82,43.82,42.49,42.68,136717,0.991032,0.4283,,1565054.3869
"18-Jun-21",42.3,42.3,40.69,41.06,216325,0.988779,0.4192,,1544592.1313
"21-Jun-21",41.23,42.2,41.2,42.15,116317,1.017247,0.4136,,1486533.5627
"22-Jun-21",42.04,42.44,41.62,42.41,124272,0.95446,0.4274,,1388783.1489
"23-Jun-21",42.23,42.52,41.8,42.08,153208,1.274358,0.4691,,1844931.2022
"24-Jun-21",42.28,42.31,41.85,42.24,125269,1.057446,0.4308,,578544.374
"25-Jun-21",42.21,42.71,42.09,42.57,247151,0.70212,0.4868,,386498.196
"28-Jun-21",42.33,42.78,41.62,42.08,149313,0.54821,0.4779,,301451.752
"29-Jun-21",42.3,42.59,42.06,42.45,100179,0.262181,0.365,,143267.772
"30-Jun-21",42.45,42.83,42.39,42.8,89482,0.422437,0.441,509195,229035.968
"01-Jul-21",42.83,43.255,42.61,43.11,92470,0.499927,0.4779,,266085.904
"02-Jul-21",43.11,43.29,42.74,43.05,91191,0.415558,0.4642,,219111.878
"06-Jul-21",43,43.05,42.05,42.7,102287,0.40235,0.4549,,210210.27
"07-Jul-21",42.37,42.97,42.1701,42.86,175020,0.563794,0.494,,293332.042
"08-Jul-21",42.29,42.455,41.41,41.56,153095,0.671522,0.5137,,348546.07
"09-Jul-21",42.09,42.69,42.09,42.37,106773,0.573029,0.5099,,290084.158
"12-Jul-21",42.31,42.85,42.22,42.79,122226,0.628549,0.5977,,696833.3575
"13-Jul-21",42.79,42.87,41.99,42.22,100047,0.577291,0.5153,,632929.385
"14-Jul-21",42.29,42.325,41.6,41.68,79651,0.670102,0.5894,,720816.442
"15-Jul-21",41.33,42,41.25,41.82,96246,0.796623,0.5662,511467,842768.6445
"16-Jul-21",42.19,42.19,41.6,41.83,71750,0.706981,0.5199,,738383.6695
"19-Jul-21",41.16,41.39,40.7,41.22,117419,0.580766,0.5014,,604210.787
"20-Jul-21",41.38,42.6,41.38,41.48,193015,0.567344,0.4981,,589902.4075
"21-Jul-21",41.85,42.58,41.85,42.12,85845,0.679772,0.5321,,701517.9515
"22-Jul-21",41.83,42.06,41.22,41.36,72035,0.520393,0.5023,,535367.623,
"23-Jul-21",40,40.2844,37.48,39,195883,0.560323,0.5169,,579769.427
"26-Jul-21",38.69,39.81,38.69,38.96,103534,0.546991,0.5522,,339051.4743
"27-Jul-21",38.75,39.81,38.55,39.53,78054,0.661273,0.5718,,399864.9006
"28-Jul-21",39.57,39.93,38.5,39.72,112099,0.585864,0.5824,,351070.9488
"29-Jul-21",40.12,41.54,40.12,41.33,116532,0.571221,0.5758,,340995.0489
"30-Jul-21",41.1,41.75,41.06,41.52,110625,0.720924,0.5792,460033,428046.7323
"02-Aug-21",41.53,42.55,41.41,41.72,111020,0.779615,0.5572,,453364.3488
"03-Aug-21",41.5,41.79,41.18,41.46,109253,1.336561,0.4743,,775077.0918,
"04-Aug-21",40.95,41.22,40.61,40.66,90683,1.564241,0.4882,,889031.9394
"05-Aug-21",40.9,41.075,40.62,41.03,87331,1.101859,0.5352,,620051.4441
"06-Aug-21",41.48,41.75,41.33,41.6,64966,0.948454,0.5199,,529930.9587
"09-Aug-21",41.45,41.77,40.8457,41.36,58617,0.772152,0.4998,,428046.7323
"10-Aug-21",41.4,41.83,40.8,41.78,85465,0.768856,0.5371,,455800.6964
"11-Aug-21",41.73,42.255,41.575,41.84,89546,0.851215,0.5381,,498215.739
"12-Aug-21",41.87,41.99,41.42,41.53,56006,0.4827,0.4842,,280988.1564
"13-Aug-21",41.48,41.48,40.98,41.22,49400,0.335651,0.411,449562,193121.8534
"16-Aug-21",40.98,41.485,40.73,41.36,60747,0.406006,0.4423,,231350.5957
"17-Aug-21",41.05,41.55,40.695,41.49,72763,0.474531,0.4761,,268705.2753
"18-Aug-21",41.5,41.65,40.83,40.98,52479,0.889275,0.5122,,501435.97,
"19-Aug-21",40.49,41.0699,40.25,40.64,108906,0.8414,0.5127,,474846.0626
"20-Aug-21",40.5,41.37,40.5,41.02,97146,0.842241,0.4962,,470475.7491
"23-Aug-21",41.2,41.49,41.04,41.15,69506,0.836888,0.5111,,451062.3565
"24-Aug-21",41.25,41.28,40.68,40.95,46514,0.817892,0.5112,,1016819.3316
"25-Aug-21",40.96,41.4,40.87,40.87,77163,0.784893,0.5097,,974065.9854
"26-Aug-21",40.87,41.05,40.48,40.5,55852,0.788075,0.5093,,962512.242
"27-Aug-21",40.48,41.83,40.48,41.71,94928,0.472281,0.4483,,570404.2656
"30-Aug-21",41.82,41.82,41.25,41.27,73781,0.534257,0.4613,,635500.8432
"31-Aug-21",41.22,41.6,41.12,41.17,88012,0.512081,0.4637,459633,607358.262
"01-Sep-21",41.09,41.53,40.59,41.18,66493,0.736211,0.4934,,868104.222
"02-Sep-21",41.39,41.59,41.02,41.12,84615,0.842111,0.5445,,983776.5246
"03-Sep-21",40.97,41.1,40.435,41.08,84254,0.770082,0.5376,,894988.0296
"06-Sep-21",,,,,,0.700377,0.5073,,807278.4834
"07-Sep-21",40.91,40.96,40,40.02,87453,0.6845,0.5051,,786913.3248
"08-Sep-21",39.94,40.495,39.94,40.38,73506,0.7523,0.5106,,860146.9746
"09-Sep-21",40.17,40.72,39.905,40.41,83416,0.856104,0.5464,,976538.5764
"10-Sep-21",40.74,40.74,39.94,40.08,73776,1.206655,0.5734,,1029623.8833
"13-Sep-21",40.4,40.82,40.001,40.56,89556,1.245672,0.5678,,1058213.0559
"14-Sep-21",40.52,40.52,39.33,39.45,110151,1.522943,0.5789,,1295245.794
"15-Sep-21",39.32,39.56,38.37,38.43,113515,1.615813,0.581,474217,1373751.1104
"16-Sep-21",38.42,38.7,37.98,38.4,126639,1.70735,0.5806,,1453773.2157
"17-Sep-21",38.5,39.47,38.19,39.43,422541,1.679417,0.5905,,1490405.9658
"20-Sep-21",38.92,38.92,37.85,38.26,140269,1.769925,0.5876,,1546435.2285
"21-Sep-21",38.5,38.72,38.37,38.37,111368,0.822461,0.4986,,719233.7184
"22-Sep-21",38.73,39.25,38.52,38.95,82312,0.533756,0.5862,,464459.1465
"23-Sep-21",39.22,39.87,38.96,39.05,63967,0.495453,0.5794,,427320.8001
"24-Sep-21",39.11,39.67,39.11,39.45,58161,0.465671,0.5788,,136669.3394
"27-Sep-21",39.7,40.64,39.7,40.05,79332,0.514456,0.5784,,146627.8964
"28-Sep-21",40.17,40.265,39.07,39.64,101486,0.433896,0.5757,,123675.7936
"29-Sep-21",39.71,40.46,39.32,40.14,79370,0.552964,0.5266,,155922.5496
"30-Sep-21",40.46,40.475,39.49,39.49,97830,0.454579,0.5603,435205,128133.4334
"01-Oct-21",39.52,40.49,39.36,39.96,102462,0.252987,0.5344,,71464.5019
"04-Oct-21",39.79,40.23,39.44,39.62,81295,0.235185,0.5193,,66390.38
"05-Oct-21",39.84,40.315,39.52,40.01,122280,0.18477,0.4836,,52353.5568
"06-Oct-21",39.84,40.87,39.59,40.84,90082,0.249223,0.4966,,70516.0679
"07-Oct-21",40.97,41.67,40.97,41.49,66733,0.408607,0.5391,,114997.6225
"08-Oct-21",41.49,41.83,40.97,41.2,49621,0.184835,0.462,,51025.7492
"11-Oct-21",41.16,41.54,40.87,40.88,36217,0.188672,0.462,,173255.1105
"12-Oct-21",40.62,41.04,40.4,40.77,52671,0.215877,0.4283,,196886.742
"13-Oct-21",40.75,40.765,39.8,40.54,53676,0.245267,0.4132,,221214.7015
"14-Oct-21",40.92,41.31,40.46,40.72,64014,0.448567,0.5021,,402216.461
"15-Oct-21",41.29,41.29,40.15,40.15,107572,0.546634,0.5181,396869
"18-Oct-21",39.92,40.19,39.57,39.79,60224,0.54294,0.5109
"19-Oct-21",39.81,40,39.155,39.36,67527,0.469042,0.5001
"20-Oct-21",39.35,40.34,39.2,40.25,51015,0.845838,0.4705
"21-Oct-21",40.02,40.37,39.6,40.16,92831,0.818824,0.4653
"22-Oct-21",40.06,40.93,40.06,40.43,63350,0.754268,0.4622
"25-Oct-21",40.21,41.05,40.21,40.97,89925,0.622752,0.4408
"26-Oct-21",41.075,41.285,40.315,40.41,76742,0.659342,0.4783
"27-Oct-21",40.2,40.24,38.64,38.88,72939,0.693846,0.524
"28-Oct-21",38.67,39.64,38.52,39.44,96420,0.86674,0.5341,,,
"29-Oct-21",37.05,39,36.23,38.6,149631,0.967662,0.5087
"01-Nov-21",39.1,39.94,38.68,39.01,109583,0.826759,0.4912
"02-Nov-21",39.09,39.12,38.69,38.77,90251,1.063987,0.5235
"03-Nov-21",38.76,40.3,38.76,39.91,95190
"09-Nov-21",,,,,,,,,,
"19-Nov-21",,,,,,,,,,,0
"24-Nov-21",,,,,,,,,,