"Date","open ERII Price in USD","high ERII Price in USD","low ERII Price in USD","close ERII Price in USD","ERII Volume","Days to cover 3m (on loan)","Cost To Borrow","Exchange Reported SI","Estimated Short Interest","Dividends","hidden"
"02-Jan-15",5.34,5.37,5.11,5.21,108469
"05-Jan-15",5.21,5.26,4.85,4.87,160089
"06-Jan-15",4.87,4.87,4.55,4.57,316501
"07-Jan-15",4.63,4.75,4.6,4.67,151117
"08-Jan-15",4.69,4.89,4.69,4.81,159294
"09-Jan-15",4.57,4.75,4.57,4.67,127135
"12-Jan-15",4.64,4.67,4.532,4.59,101458
"13-Jan-15",4.65,4.8,4.37,4.44,265270
"14-Jan-15",4.38,4.38,3.73,3.9,596343
"15-Jan-15",3.88,3.9,3.64,3.75,579195
"16-Jan-15",3.67,3.795,3.62,3.74,284799
"20-Jan-15",3.75,3.78,3.66,3.72,272494
"21-Jan-15",3.67,3.74,3.66,3.68,409926
"22-Jan-15",3.7,3.73,3.54,3.61,285002
"23-Jan-15",3.61,3.64,3.38,3.42,560451
"26-Jan-15",3.41,3.4799,3.3,3.37,322438
"27-Jan-15",3.41,3.41,3.27,3.37,437525
"28-Jan-15",3.41,3.48,3.26,3.32,280333
"29-Jan-15",3.32,3.36,3.27,3.34,212114
"30-Jan-15",3.4,3.43,3.265,3.3,210132
"02-Feb-15",3.29,3.33,3.22,3.28,206677
"03-Feb-15",3.31,3.56,3.3,3.55,384196
"04-Feb-15",3.56,3.61,3.45,3.46,107769
"05-Feb-15",3.47,3.64,3.47,3.5,139670
"06-Feb-15",3.5,3.62,3.47,3.53,171909
"09-Feb-15",3.5,3.81,3.5,3.62,331411
"10-Feb-15",3.67,3.67,3.52,3.54,100716
"11-Feb-15",3.52,3.74,3.3402,3.38,458325
"12-Feb-15",3.38,3.41,3.31,3.35,120781
"13-Feb-15",3.38,3.45,3.33,3.36,214955
"17-Feb-15",3.33,3.45,3.29,3.32,173035
"18-Feb-15",3.33,3.55,3.33,3.43,525292
"19-Feb-15",3.43,3.48,3.35,3.44,99528
"20-Feb-15",3.45,3.45,3.32,3.36,114823
"23-Feb-15",3.33,3.37,3.25,3.27,128852
"24-Feb-15",3.26,3.43,3.26,3.39,128587
"25-Feb-15",3.4,3.4019,3.22,3.27,106756
"26-Feb-15",3.28,3.4,3.27,3.4,109830
"27-Feb-15",3.38,3.47,3.34,3.39,170981
"02-Mar-15",3.36,3.49,3.36,3.44,113604
"03-Mar-15",3.42,3.49,3.33,3.35,109016
"04-Mar-15",3.32,3.45,3.25,3.27,193306
"05-Mar-15",3.3,3.54,3.26,3.26,416214
"06-Mar-15",3.22,3.26,2.78,2.79,814396
"09-Mar-15",2.84,2.89,2.72,2.85,548269
"10-Mar-15",2.8,2.91,2.625,2.75,314609
"11-Mar-15",2.66,2.858,2.66,2.82,377885
"12-Mar-15",2.84,2.96,2.8,2.94,358817
"13-Mar-15",3.02,3.14,3,3.05,156680
"16-Mar-15",3.05,3.14,2.94,3.09,302875
"17-Mar-15",3.06,3.075,2.95,2.96,188424
"18-Mar-15",2.97,3.05,2.92,2.98,202599
"19-Mar-15",2.97,3.06,2.87,3,271820
"20-Mar-15",3.03,3.055,2.8,2.85,437874
"23-Mar-15",2.83,2.91,2.77,2.86,175980
"24-Mar-15",2.84,2.91,2.82,2.89,152469
"25-Mar-15",2.88,2.92,2.8,2.81,212908
"26-Mar-15",2.79,2.83,2.73,2.73,125770
"27-Mar-15",2.72,2.74,2.63,2.64,213460
"30-Mar-15",2.64,2.6502,2.49,2.59,851295
"31-Mar-15",2.59,2.66,2.56,2.59,202964
"01-Apr-15",2.71,3.29,2.64,2.88,779944
"02-Apr-15",2.89,3.01,2.7881,2.96,205785
"06-Apr-15",2.95,3.19,2.92,3.17,310383
"07-Apr-15",3.19,3.71,3.1,3.44,1116926
"08-Apr-15",3.45,3.55,3.25,3.49,370308
"09-Apr-15",3.5,3.5,3.3,3.4,210453
"10-Apr-15",3.45,3.49,3.33,3.44,153702
"13-Apr-15",3.45,3.59,3.31,3.37,356729
"14-Apr-15",3.4,3.4096,3.27,3.33,207149
"15-Apr-15",3.35,3.5,3.335,3.43,165661
"16-Apr-15",3.43,3.47,3.29,3.365,150972
"17-Apr-15",3.33,3.38,3.2,3.26,193317
"20-Apr-15",3.31,3.31,3.24,3.3,218821
"21-Apr-15",3.34,3.34,3.1,3.13,145092
"22-Apr-15",3.19,3.24,3.07,3.22,111191
"23-Apr-15",3.25,3.53,3.25,3.37,332952
"24-Apr-15",3.4,3.4,3.17,3.22,186909
"27-Apr-15",3.25,3.3199,3.1,3.3,332504
"28-Apr-15",3.32,3.37,3.24,3.3,581257
"29-Apr-15",3.3,3.33,3.15,3.15,206769
"30-Apr-15",3.14,3.18,2.93,2.97,229594
"01-May-15",3.03,3.09,2.86,2.91,280639
"04-May-15",2.9,2.97,2.81,2.88,180335
"05-May-15",2.93,3.04,2.8,2.82,180132
"06-May-15",2.86,2.92,2.78,2.82,178338
"07-May-15",2.83,2.98,2.76,2.89,281665
"08-May-15",2.81,2.99,2.81,2.82,451194
"11-May-15",2.82,2.87,2.75,2.86,123013
"12-May-15",2.81,2.83,2.755,2.76,132082
"13-May-15",2.86,2.96,2.825,2.88,244904
"14-May-15",2.89,3.05,2.86,3.01,216785
"15-May-15",2.99,3.0799,2.9,2.96,139408
"18-May-15",2.96,3,2.87,3,120859
"19-May-15",3,3.02,2.8199,2.89,228474
"20-May-15",2.89,3.01,2.8,2.84,242211
"21-May-15",2.83,2.89,2.81,2.84,77558
"22-May-15",2.85,2.88,2.8,2.81,100613
"26-May-15",2.81,2.81,2.7,2.71,230628
"27-May-15",2.73,2.73,2.63,2.71,133968
"28-May-15",2.69,2.69,2.62,2.65,128712
"29-May-15",2.61,2.71,2.6,2.66,100395
"01-Jun-15",2.66,2.69,2.6,2.62,98164
"02-Jun-15",2.6,2.79,2.6,2.7,173164
"03-Jun-15",2.72,2.77,2.692,2.74,71299
"04-Jun-15",2.7,2.88,2.69,2.85,127155
"05-Jun-15",2.87,2.88,2.765,2.87,88947
"08-Jun-15",2.86,2.909,2.61,2.61,256515
"09-Jun-15",2.62,2.77,2.61,2.66,152799
"10-Jun-15",2.68,2.76,2.68,2.75,79631
"11-Jun-15",2.73,2.74,2.68,2.73,82358
"12-Jun-15",2.72,2.78,2.67,2.71,72507
"15-Jun-15",2.68,2.79,2.525,2.63,271255
"16-Jun-15",2.61,2.62,2.505,2.53,145339
"17-Jun-15",2.5,2.62,2.5,2.57,155590
"18-Jun-15",2.6,2.65,2.515,2.6,169247
"19-Jun-15",2.64,2.64,2.2805,2.51,1346293
"22-Jun-15",2.78,2.81,2.64,2.73,302325
"23-Jun-15",2.71,2.94,2.66,2.92,255092
"24-Jun-15",2.92,2.9499,2.83,2.88,244803
"25-Jun-15",2.91,2.91,2.78,2.84,152107
"26-Jun-15",2.86,2.86,2.59,2.7,5398105
"29-Jun-15",2.65,2.6835,2.4901,2.56,257194
"30-Jun-15",2.55,2.74,2.53,2.74,153158
"01-Jul-15",2.71,2.74,2.51,2.55,163707
"02-Jul-15",2.54,2.63,2.5,2.55,138368
"06-Jul-15",2.52,2.55,2.46,2.52,182942
"07-Jul-15",2.49,2.53,2.36,2.52,170606
"08-Jul-15",2.52,2.538,2.36,2.38,134249
"09-Jul-15",2.42,2.53,2.38,2.46,130060
"10-Jul-15",2.52,2.54,2.43,2.48,144413
"13-Jul-15",2.53,2.8,2.51,2.8,247268
"14-Jul-15",2.8,2.8,2.69,2.78,109646
"15-Jul-15",2.8,2.85,2.68,2.73,164850
"16-Jul-15",2.78,2.86,2.735,2.82,183504
"17-Jul-15",2.85,2.85,2.71,2.75,144061
"20-Jul-15",2.77,2.77,2.6,2.64,126466
"21-Jul-15",2.66,2.66,2.6,2.61,72350
"22-Jul-15",2.61,2.66,2.525,2.63,354514
"23-Jul-15",2.67,2.67,2.46,2.495,291381
"24-Jul-15",2.51,2.519,2.285,2.36,234253
"27-Jul-15",2.38,2.53,2.31,2.47,110778
"28-Jul-15",2.51,2.71,2.44,2.7,247127
"29-Jul-15",2.71,2.71,2.61,2.63,114836
"30-Jul-15",2.63,2.75,2.5595,2.74,150742
"31-Jul-15",2.77,2.77,2.63,2.63,37277
"03-Aug-15",2.66,2.66,2.555,2.63,75739
"04-Aug-15",2.61,2.76,2.54,2.65,58105
"05-Aug-15",2.66,2.72,2.62,2.7,82941
"06-Aug-15",2.74,2.74,2.5699,2.61,128926
"07-Aug-15",2.77,2.77,2.65,2.75,197082
"10-Aug-15",2.75,2.77,2.67,2.76,133514
"11-Aug-15",2.64,2.85,2.64,2.77,123127
"12-Aug-15",2.75,2.86,2.75,2.82,124990
"13-Aug-15",2.84,2.88,2.81,2.84,57630
"14-Aug-15",2.82,2.87,2.8,2.86,65522
"17-Aug-15",2.84,2.92,2.8,2.91,97545
"18-Aug-15",2.91,3.07,2.89,3.03,182189
"19-Aug-15",2.99,3.02,2.84,2.9,102960
"20-Aug-15",2.88,2.95,2.8189,2.84,82101
"21-Aug-15",2.82,2.91,2.8,2.89,137284
"24-Aug-15",2.67,2.95,2.6,2.92,138600
"25-Aug-15",2.98,2.98,2.73,2.74,155756
"26-Aug-15",2.75,2.78,2.63,2.67,86464
"27-Aug-15",2.68,2.74,2.62,2.68,52328
"28-Aug-15",2.69,2.71,2.62,2.69,84165
"31-Aug-15",2.64,2.71,2.64,2.67,91025
"01-Sep-15",2.62,2.69,2.605,2.63,29497
"02-Sep-15",2.65,2.6799,2.53,2.58,89108
"03-Sep-15",2.58,2.66,2.5411,2.58,35568
"04-Sep-15",2.53,2.57,2.5,2.56,28712
"08-Sep-15",2.64,2.64,2.56,2.56,36760
"09-Sep-15",2.57,2.7,2.57,2.64,68718
"10-Sep-15",2.75,2.82,2.47,2.49,187326
"11-Sep-15",2.48,2.58,2.31,2.4,213384
"14-Sep-15",2.41,2.41,2.19,2.28,315527
"15-Sep-15",2.28,2.37,2.25,2.32,194566
"16-Sep-15",2.34,2.4,2.33,2.37,98964
"17-Sep-15",2.34,2.42,2.34,2.39,68960
"18-Sep-15",2.37,2.42,2.28,2.42,291102
"21-Sep-15",2.43,2.46,2.38,2.43,56024
"22-Sep-15",2.4,2.4,2.3,2.36,85409
"23-Sep-15",2.36,2.36,2.28,2.31,53173
"24-Sep-15",2.31,2.32,2.24,2.29,65971
"25-Sep-15",2.31,2.32,2.16,2.23,131771
"28-Sep-15",2.21,2.24,2.13,2.16,119561
"29-Sep-15",2.18,2.18,2.08,2.11,57703
"30-Sep-15",2.12,2.17,2.07,2.14,62428
"01-Oct-15",2.16,2.17,2.11,2.14,25513
"02-Oct-15",2.12,2.25,2.09,2.24,62190
"05-Oct-15",2.27,2.47,2.27,2.43,125544
"06-Oct-15",2.48,2.53,2.41,2.51,91351
"07-Oct-15",2.52,2.62,2.52,2.59,70907
"08-Oct-15",2.6,2.68,2.59,2.65,77749
"09-Oct-15",2.67,2.7,2.6,2.65,54071
"12-Oct-15",2.67,2.67,2.58,2.63,15324
"13-Oct-15",2.64,2.64,2.48,2.49,72856
"14-Oct-15",2.47,2.59,2.46,2.46,66977
"15-Oct-15",2.46,2.54,2.45,2.47,86932
"16-Oct-15",2.46,2.523,2.4,2.46,126678
"19-Oct-15",2.47,2.51,2.4,2.46,172720
"20-Oct-15",7.09,8.16,6.1,7.32,22117490
"21-Oct-15",7.5,7.5,6.35,6.75,7288789
"22-Oct-15",7.4,7.82,6.93,7.76,6078514
"23-Oct-15",7.49,7.67,7.17,7.39,2177192
"26-Oct-15",7.25,7.34,6.88,7.14,1155774
"27-Oct-15",6.95,7.1999,6.75,6.91,1055918
"28-Oct-15",6.8,7.6,6.8,7.38,1427308
"29-Oct-15",7.31,7.65,6.92,6.99,1181034
"30-Oct-15",6.99,7.5,6.95,7.17,1155521
"02-Nov-15",7.33,7.99,7.1704,7.77,2262263
"03-Nov-15",7.77,7.91,7.35,7.43,1342296
"04-Nov-15",7.45,7.69,7.37,7.49,619514
"05-Nov-15",7.51,7.7799,7.24,7.42,797011
"06-Nov-15",7.72,9.5,7.6124,8.62,5798521
"09-Nov-15",8.59,8.61,8.02,8.17,1169027
"10-Nov-15",8.17,8.2301,7.7602,8.06,1137947
"11-Nov-15",8.06,8.115,7.7,7.74,582586
"12-Nov-15",7.74,8,7.42,7.59,849490
"13-Nov-15",7.35,7.79,7.24,7.48,503079
"16-Nov-15",7.4,7.62,7.28,7.5,515503
"17-Nov-15",7.45,7.46,7.01,7.08,827798
"18-Nov-15",7,7.28,6.9,7.21,734086
"19-Nov-15",7.29,7.29,6.7405,7.05,886153
"20-Nov-15",7.06,7.085,6.91,6.96,402886
"23-Nov-15",6.93,7.19,6.85,7.15,567755
"24-Nov-15",7.08,7.13,6.88,7.03,324934
"25-Nov-15",6.97,7.31,6.95,7.05,453443
"27-Nov-15",7.03,7.37,7.03,7.29,190849
"30-Nov-15",7.29,7.4398,7.18,7.34,572188
"01-Dec-15",7.39,7.6,7.25,7.54,773960
"02-Dec-15",7.54,7.5867,7.32,7.38,436156
"03-Dec-15",7.33,7.49,7.17,7.24,206667
"04-Dec-15",7.18,7.43,7.16,7.31,472905
"07-Dec-15",7.26,7.26,6.72,6.91,493041
"08-Dec-15",6.81,6.915,6.7,6.88,328385
"09-Dec-15",6.83,7.09,6.79,7.04,338175
"10-Dec-15",7.06,7.19,6.98,7.07,498273
"11-Dec-15",6.94,7.025,6.83,6.85,201519
"14-Dec-15",6.79,7.14,6.79,6.86,385606
"15-Dec-15",6.96,7.11,6.87,7.1,365148
"16-Dec-15",7.1,7.5,7.08,7.44,528196
"17-Dec-15",7.44,7.65,7.335,7.46,566782
"18-Dec-15",7.5,7.75,7.36,7.36,1652477
"21-Dec-15",7.44,7.5,7.09,7.15,294738
"22-Dec-15",7.18,7.2,6.91,7.07,272229
"23-Dec-15",7.07,7.2,7.035,7.1,149169
"24-Dec-15",7.08,7.21,7.08,7.15,54207
"28-Dec-15",7.15,7.2,6.94,7.1,200917
"29-Dec-15",7.09,7.21,6.99,7.17,233173
"30-Dec-15",7.11,7.29,7.01,7.16,226167
"31-Dec-15",7.11,7.17,7,7.07,165533
"04-Jan-16",6.8,6.98,6.65,6.9,367965
"05-Jan-16",7.04,7.04,6.759,6.93,334316
"06-Jan-16",6.73,6.98,6.7,6.96,248237
"07-Jan-16",6.85,6.97,6.7,6.79,460864
"08-Jan-16",6.73,6.88,6.73,6.84,440789
"11-Jan-16",6.81,6.92,6.1,6.19,687341
"12-Jan-16",6.25,6.4099,5.62,5.99,655715
"13-Jan-16",6.16,6.32,5.895,5.9,727310
"14-Jan-16",5.93,6.7,5.9,6.67,725913
"15-Jan-16",6.61,6.67,6.271,6.37,427559
"19-Jan-16",6.42,6.44,5.77,5.93,312237
"20-Jan-16",5.77,6.09,5.57,6.02,452030
"21-Jan-16",5.95,6.15,5.88,5.97,221413
"22-Jan-16",6.05,6.24,5.98,6.19,311754
"25-Jan-16",6.15,6.385,6.03,6.03,191116
"26-Jan-16",6,6.15,5.74,5.98,301671
"27-Jan-16",5.85,6.15,5.76,5.96,355930
"28-Jan-16",5.98,6.01,5.8475,5.9,183336
"29-Jan-16",5.96,6.27,5.94,6.2,313536
"01-Feb-16",6.14,6.19,6,6,205800
"02-Feb-16",5.91,5.93,5.63,5.85,427492
"03-Feb-16",5.93,5.93,5.55,5.66,455661
"04-Feb-16",5.65,6,5.58,5.65,460657
"05-Feb-16",5.61,5.86,5.57,5.85,331747
"08-Feb-16",5.77,5.82,5.57,5.71,299814
"09-Feb-16",5.57,5.88,5.54,5.58,281664
"10-Feb-16",5.58,5.7,5.275,5.61,439882
"11-Feb-16",5.58,5.6034,5.34,5.36,203824
"12-Feb-16",5.41,5.75,5.3,5.57,334755
"16-Feb-16",5.66,6.04,5.6,6.04,381804
"17-Feb-16",6.04,6.43,5.65,6.4,356414
"18-Feb-16",6.38,6.38,6.05,6.25,254624
"19-Feb-16",6.17,6.44,6.044,6.38,197807
"22-Feb-16",6.44,6.49,6.26,6.39,272902
"23-Feb-16",6.32,6.46,6.15,6.2,280630
"24-Feb-16",6.08,6.39,6.02,6.32,186811
"25-Feb-16",6.37,6.94,6.29,6.89,478711
"26-Feb-16",6.81,7.12,6.52,7.07,412046
"29-Feb-16",7.12,7.38,7.11,7.26,494405
"01-Mar-16",7.4,7.68,7.34,7.66,530692
"02-Mar-16",7.69,8,7.6701,8,786252
"03-Mar-16",7.99,8,7.59,7.68,504894
"04-Mar-16",6.98,7.99,6.8,7.545,1038137
"07-Mar-16",7.57,8.66,7.4,8.57,2046351
"08-Mar-16",8.45,8.725,8.41,8.52,1042416
"09-Mar-16",8.61,9.49,8.554,9.465,1000525
"10-Mar-16",9.48,10.08,9.4,9.58,1546022
"11-Mar-16",9.84,9.96,9.21,9.43,758519
"14-Mar-16",9.45,9.45,8.85,9.17,586559
"15-Mar-16",9.17,9.17,8.69,8.69,461494
"16-Mar-16",8.67,9.34,8.67,9.2,535414
"17-Mar-16",9.2,9.75,9,9.71,498176
"18-Mar-16",9.71,9.8,9.5,9.69,1338606
"21-Mar-16",9.73,10.55,9.7,10.24,1076556
"22-Mar-16",10.41,10.5999,9.99,10.03,465623
"23-Mar-16",9.94,10.1,9.54,9.73,419092
"24-Mar-16",9.58,9.86,9.4,9.72,270206
"28-Mar-16",9.8,9.96,9.5956,9.9,295740
"29-Mar-16",9.8,9.97,9.63,9.88,357894
"30-Mar-16",9.92,10.27,9.83,10.04,434742
"31-Mar-16",10.02,10.82,9.99,10.34,478417
"01-Apr-16",10.39,10.4725,10.061,10.34,328527
"04-Apr-16",10.39,10.44,10.16,10.23,353248
"05-Apr-16",10.1,10.5755,9.83,10.49,383395
"06-Apr-16",10.47,10.555,10.14,10.53,437000
"07-Apr-16",10.43,10.59,10.2801,10.42,252788
"08-Apr-16",10.45,11.19,10.45,10.97,723062
"11-Apr-16",11.04,11.63,11.02,11.23,782143
"12-Apr-16",11.21,11.3448,10.76,10.98,570618
"13-Apr-16",11.12,11.19,10.48,10.96,862820
"14-Apr-16",10.96,11.52,10.96,11.37,604566
"15-Apr-16",11.37,11.67,11.27,11.63,561052
"18-Apr-16",11.52,11.75,11.36,11.72,452046
"19-Apr-16",11.75,11.96,11.09,11.65,596183
"20-Apr-16",11.72,12.8325,11.7,12.48,1084430
"21-Apr-16",12.48,13.35,12.39,12.75,798351
"22-Apr-16",12.84,12.93,11.8901,11.98,635447
"25-Apr-16",12.04,12.43,12,12.13,288755
"26-Apr-16",12.14,12.6,11.77,12.46,494607
"27-Apr-16",12.46,12.46,12.144,12.29,263930
"28-Apr-16",12.5,12.63,11.88,12,358468
"29-Apr-16",11.89,12.23,11.84,12.16,385141
"02-May-16",12.14,12.36,11.7,12.3,453784
"03-May-16",12.24,12.43,11.94,11.97,309805
"04-May-16",11.86,12.15,11.75,12.06,334152
"05-May-16",11.73,12.02,10.59,10.93,881160
"06-May-16",11.5,11.62,11,11.3,527343
"09-May-16",11.15,11.15,10.53,10.7,427199
"10-May-16",10.74,11.1,10.74,10.9,285762
"11-May-16",10.92,11.38,10.92,11.24,326635
"12-May-16",11.28,11.3608,10.84,10.87,346572
"13-May-16",10.83,11.6,10.81,11.29,496991
"16-May-16",11.32,11.77,11.15,11.29,311304
"17-May-16",11.27,11.28,10.85,10.95,281074
"18-May-16",10.88,11.3,10.75,11.09,351358
"19-May-16",11.04,11.1593,10.77,10.88,238979
"20-May-16",11,11.14,10.82,10.88,295042
"23-May-16",10.87,11.3,10.87,11.14,378482
"24-May-16",10.47,10.69,8.95,9.66,3320899
"25-May-16",10.03,11.14,9.92,10.1,1022680
"26-May-16",10.64,10.64,10.19,10.39,647693
"27-May-16",10.39,10.91,10.23,10.6,585699
"31-May-16",10.29,10.84,10.2015,10.75,986551
"01-Jun-16",10.72,11,10.4,10.97,575459
"02-Jun-16",11.02,11.1,10.81,10.89,319025
"03-Jun-16",10.9,11.015,10.73,10.85,445026
"06-Jun-16",10.86,11.055,10.76,10.95,557664
"07-Jun-16",10.93,11.14,10.8,10.92,396157
"08-Jun-16",11.03,11.21,10.81,11.1,652960
"09-Jun-16",11.14,11.24,10.925,11,515254
"10-Jun-16",11,11.085,10.6566,10.76,288659
"13-Jun-16",10.73,10.885,9.795,9.91,763286
"14-Jun-16",9.78,9.82,9.2,9.31,863767
"15-Jun-16",9.36,9.56,8.81,9.4,1394840
"16-Jun-16",9.3,9.3,8.83,8.93,859722
"17-Jun-16",9.19,9.1999,8.68,8.72,1656502
"20-Jun-16",8.88,9.11,8.78,8.95,618793
"21-Jun-16",8.96,9.25,8.39,8.64,697086
"22-Jun-16",8.68,8.83,8.6,8.66,386523
"23-Jun-16",8.66,8.86,8.56,8.6,656831
"24-Jun-16",8.15,8.35,8.05,8.17,4231471
"27-Jun-16",8.14,8.17,7.77,7.91,694672
"28-Jun-16",7.97,8.44,7.93,8.35,906636
"29-Jun-16",8.41,8.77,8.386,8.66,540342
"30-Jun-16",8.67,8.91,8.51,8.89,594304
"01-Jul-16",8.91,8.9899,8.73,8.89,343254
"05-Jul-16",8.81,8.97,8.35,8.54,443327
"06-Jul-16",8.48,8.62,8.38,8.59,310145
"07-Jul-16",8.62,8.87,8.51,8.59,259835
"08-Jul-16",8.66,9.2,8.62,9.11,603610
"11-Jul-16",9.13,9.28,9.0101,9.22,564205
"12-Jul-16",9.35,9.37,9.17,9.2,381668
"13-Jul-16",9.14,9.23,8.99,9.12,293388
"14-Jul-16",9.19,9.5,9.16,9.26,395588
"15-Jul-16",9.44,9.96,9.44,9.84,758260
"18-Jul-16",9.9,10.56,9.9,10.27,595264
"19-Jul-16",10.35,10.7288,10.21,10.33,447574
"20-Jul-16",10.31,10.31,9.97,10.09,298786
"21-Jul-16",10.09,10.24,9.95,10.19,363740
"22-Jul-16",10.24,10.6625,10.05,10.6,533446
"25-Jul-16",10.6,10.71,10.461,10.65,343913
"26-Jul-16",10.64,10.89,10.56,10.75,439659
"27-Jul-16",10.81,10.8899,10.59,10.75,344347
"28-Jul-16",10.73,10.8,10.63,10.77,274478
"29-Jul-16",10.69,10.82,10.56,10.7,325640
"01-Aug-16",10.75,10.86,10.59,10.67,337938
"02-Aug-16",10.71,10.71,10.42,10.49,428516
"03-Aug-16",10.52,10.52,10.17,10.29,293095
"04-Aug-16",10.5,12.14,10.5,11.8,1579042
"05-Aug-16",11.95,12.22,11.81,11.98,606781
"08-Aug-16",11.97,13.17,11.9604,12.81,636587
"09-Aug-16",12.89,13.28,12.86,12.96,428107
"10-Aug-16",13.03,13.08,12.7201,12.95,260663
"11-Aug-16",13.11,13.3,12.98,12.98,409929
"12-Aug-16",13.02,13.02,12.6,12.72,245509
"15-Aug-16",12.85,13.19,12.85,12.89,317022
"16-Aug-16",12.96,12.96,12.51,12.65,280399
"17-Aug-16",12.69,12.77,12.0608,12.57,204131
"18-Aug-16",12.61,12.65,12.42,12.53,283676
"19-Aug-16",12.63,13.01,12.52,12.78,425765
"22-Aug-16",12.73,12.73,12.41,12.49,353855
"23-Aug-16",12.5,12.78,12.5,12.57,311399
"24-Aug-16",12.64,12.64,12.23,12.27,233438
"25-Aug-16",12.3,12.41,12.08,12.09,237805
"26-Aug-16",12.16,12.395,12.09,12.31,279494
"29-Aug-16",12.28,12.49,12.21,12.32,240390
"30-Aug-16",12.3,12.41,12.11,12.24,322684
"31-Aug-16",12.16,12.19,11.84,12.08,545820
"01-Sep-16",12.13,12.16,11.85,12.07,278067
"02-Sep-16",12.14,12.29,12.06,12.14,157358
"06-Sep-16",12.19,12.88,12.01,12.86,647394
"07-Sep-16",12.92,14.29,12.83,13.72,1629512
"08-Sep-16",13.79,13.9815,13.3,13.79,770267
"09-Sep-16",13.66,13.66,12.6,12.6,639989
"12-Sep-16",12.4,12.99,11.91,12.69,543712
"13-Sep-16",13.62,14.1999,12.76,12.95,1814144
"14-Sep-16",13.23,13.78,12.88,13.64,776245
"15-Sep-16",13.56,14.6518,13.56,14.39,1077479
"16-Sep-16",14.31,14.73,14.01,14.57,1001682
"19-Sep-16",14.72,14.7667,14.42,14.66,415419
"20-Sep-16",14.76,14.779,14.5,14.65,282554
"21-Sep-16",14.68,16.15,14.5,16.11,1840136
"22-Sep-16",16.29,16.49,15.715,15.92,979631
"23-Sep-16",15.93,15.9999,14.94,15.04,759535
"26-Sep-16",15.04,15.6,15,15.23,836475
"27-Sep-16",15.62,16.66,15.49,16.35,1500394
"28-Sep-16",16.6,16.67,15.3301,16.2,934229
"29-Sep-16",16.07,16.11,15.781,16.01,650326
"30-Sep-16",16,16.1,15.8301,15.98,933551
"03-Oct-16",16.03,16.3,15.84,16.01,578357
"04-Oct-16",16.16,16.2099,15.4,15.48,705128
"05-Oct-16",15.6,15.88,15.5501,15.8,620989
"06-Oct-16",15.87,15.87,15.22,15.48,721132
"07-Oct-16",15.47,15.47,14.41,14.49,828877
"10-Oct-16",14.57,15,14.56,14.6,299451
"11-Oct-16",14.59,14.617,13.96,14.12,552240
"12-Oct-16",14.15,14.39,14.07,14.19,329441
"13-Oct-16",13.98,14.0085,13.62,13.84,334030
"14-Oct-16",13.91,14.23,13.45,13.58,392415
"17-Oct-16",13.51,13.71,13.49,13.6,420955
"18-Oct-16",13.75,14.05,13.62,13.86,305106
"19-Oct-16",13.57,14.79,13.57,14.63,1067414
"20-Oct-16",14.68,14.681,13.86,14.04,668250
"21-Oct-16",13.99,14.4,13.86,14.06,433635
"24-Oct-16",14.08,14.48,13.63,13.8,546710
"25-Oct-16",13.71,13.8,12.55,12.78,1340192
"26-Oct-16",12.75,13.02,12.55,12.69,599323
"27-Oct-16",12.78,12.99,12.5588,12.64,372524
"28-Oct-16",12.59,12.88,12.45,12.51,472464
"31-Oct-16",12.55,12.745,12.1101,12.21,662181
"01-Nov-16",12.25,12.3,11.91,12.1,522132
"02-Nov-16",12.07,12.13,11.6475,11.75,638196
"03-Nov-16",9.75,10.57,8.67,9.1,3537158
"04-Nov-16",8.98,9.49,8.53,9.36,1357908
"07-Nov-16",9.46,10.33,9.46,10.07,1078332
"08-Nov-16",10.1,10.24,9.85,9.9,472361
"09-Nov-16",9.62,10.64,9.62,10.62,808944
"10-Nov-16",10.83,11.0999,10.44,10.49,683037
"11-Nov-16",10.49,10.98,10.3,10.92,663671
"14-Nov-16",11.03,11.09,10.62,11.05,898268
"15-Nov-16",11.02,11.55,10.7,11.41,649645
"16-Nov-16",11.26,11.4,11,11.38,364506
"17-Nov-16",11.4,11.7,11.25,11.58,499069
"18-Nov-16",11.62,11.74,11.41,11.53,415025
"21-Nov-16",11.68,11.81,11.54,11.81,280679
"22-Nov-16",11.81,12,11.66,11.81,417477
"23-Nov-16",11.65,11.93,11.5601,11.72,223286
"25-Nov-16",11.83,11.86,11.53,11.63,201919
"28-Nov-16",11.58,11.61,11.12,11.16,346425
"29-Nov-16",11.13,11.13,10.375,10.42,539285
"30-Nov-16",10.43,10.92,10.43,10.89,608413
"01-Dec-16",10.93,11.02,10.29,10.41,667276
"02-Dec-16",10.35,10.49,10,10.35,512636
"05-Dec-16",10.5,10.81,10.41,10.7,384801
"06-Dec-16",10.7,10.74,10.5,10.68,276022
"07-Dec-16",10.71,10.92,10.55,10.83,295326
"08-Dec-16",10.83,10.9,10.61,10.78,442563
"09-Dec-16",10.83,10.905,10.6317,10.84,310980
"12-Dec-16",10.79,11.39,10.73,11.31,662217
"13-Dec-16",11.25,12.35,11.25,12.1,838100
"14-Dec-16",12.22,12.73,11.79,11.84,843321
"15-Dec-16",11.74,12.0396,11.36,11.93,443066
"16-Dec-16",11.97,12.25,11.87,11.89,1247990
"19-Dec-16",11.86,11.885,11.58,11.8,458810
"20-Dec-16",11.9,12.08,11.54,11.66,450963
"21-Dec-16",11.66,11.67,11.11,11.12,405696
"22-Dec-16",11.07,11.22,10.78,10.83,326372
"23-Dec-16",10.78,10.94,10.64,10.67,211460
"27-Dec-16",10.62,10.93,10.51,10.58,357296
"28-Dec-16",10.64,10.74,10.45,10.49,264447
"29-Dec-16",10.48,10.59,10.28,10.395,260431
"30-Dec-16",10.45,10.63,10.23,10.35,843319
"02-Jan-17",,,,,,6.775201
"03-Jan-17",10.54,10.81,10.42,10.77,368334,6.81693
"04-Jan-17",10.83,11.41,10.6736,11.38,436035,6.898192
"05-Jan-17",11.35,11.46,10.87,11.07,379874,6.655675
"06-Jan-17",11.09,11.12,10.52,10.55,273017,6.643664
"09-Jan-17",10.57,10.6,10.29,10.33,271197,6.783488
"10-Jan-17",10.39,10.77,10.39,10.73,193078,6.869857
"11-Jan-17",11.01,11.02,10.5,10.68,243212,6.897899
"12-Jan-17",10.66,10.68,10.24,10.48,221637,7.028582
"13-Jan-17",10.54,10.97,10.54,10.64,232120
"17-Jan-17",10.56,10.56,10.23,10.42,309386
"18-Jan-17",10.44,10.545,10.31,10.33,220866
"19-Jan-17",10.39,10.423,10.21,10.37,255694
"20-Jan-17",10.42,10.56,9.94,9.99,405174
"23-Jan-17",9.9,10.14,9.31,9.36,493808
"24-Jan-17",9.37,9.74,9.24,9.6,352676
"25-Jan-17",9.74,10.325,9.65,10.27,379692
"26-Jan-17",10.28,10.31,9.91,10.07,181455
"27-Jan-17",10.09,10.23,10,10.21,126978
"30-Jan-17",10.13,10.21,9.85,10.11,283246
"31-Jan-17",10.06,10.25,9.91,10.24,262703
"01-Feb-17",10.3,10.55,10.2,10.36,288625
"02-Feb-17",10.32,10.43,10.17,10.19,254819
"03-Feb-17",10.25,10.69,10.15,10.66,355568
"06-Feb-17",10.65,10.65,10.26,10.43,210002
"07-Feb-17",10.44,10.52,9.97,10,362574
"08-Feb-17",9.95,10.04,9.55,9.65,453689
"09-Feb-17",9.67,9.96,9.63,9.75,270223
"10-Feb-17",9.89,9.95,9.77,9.9,274562
"13-Feb-17",9.99,10.025,9.74,9.79,174851
"14-Feb-17",9.68,9.72,9.55,9.61,212203
"15-Feb-17",9.54,9.65,9.315,9.33,364707
"16-Feb-17",9.33,9.3824,9.01,9.29,413025
"17-Feb-17",9.27,9.33,9.05,9.25,286253
"21-Feb-17",9.28,9.37,9.01,9.05,300033
"22-Feb-17",9.03,9.085,8.55,8.7,558277
"23-Feb-17",8.78,8.78,8.35,8.4,483686
"24-Feb-17",8.27,8.5,8.15,8.42,292918
"27-Feb-17",8.39,8.71,8.3,8.66,303725
"28-Feb-17",8.65,8.75,8.34,8.41,420975
"01-Mar-17",8.66,9.4,8.6327,9.32,725104
"02-Mar-17",9.4,9.41,8.71,8.73,599443
"03-Mar-17",8.72,8.87,8.52,8.735,360357
"06-Mar-17",8.7,8.9037,8.5,8.68,522556
"07-Mar-17",8.63,8.86,8.56,8.74,459287
"08-Mar-17",8.85,8.94,8.56,8.6,775077
"09-Mar-17",9,9.07,7.86,8.1,1521410
"10-Mar-17",8.22,8.5453,7.76,8.11,834263
"13-Mar-17",8.15,8.15,7.77,7.83,658973
"14-Mar-17",7.72,7.75,7.22,7.63,641182
"15-Mar-17",7.76,8.4,7.75,8.18,885224
"16-Mar-17",8.25,8.61,8.03,8.44,831330
"17-Mar-17",8.43,8.48,8.12,8.34,1507357
"20-Mar-17",8.36,8.5,8.17,8.46,441259
"21-Mar-17",8.48,8.612,7.9,7.9,661795
"22-Mar-17",7.9,7.9,7.265,7.46,1048198
"23-Mar-17",7.44,7.65,7.36,7.46,673124
"24-Mar-17",7.48,7.7,7.47,7.595,277438
"27-Mar-17",7.44,7.53,7.25,7.45,351970
"28-Mar-17",7.42,7.45,7.11,7.43,668986
"29-Mar-17",7.41,8,7.32,7.78,777353
"30-Mar-17",8.15,8.5399,8.15,8.32,793508
"31-Mar-17",8.25,8.4,8.2,8.32,554148
"03-Apr-17",8.34,8.35,8.05,8.25,490426
"04-Apr-17",8.23,8.36,8.21,8.3,623959
"05-Apr-17",8.43,8.71,8.05,8.06,581881
"06-Apr-17",8.08,8.25,8.03,8.11,446337
"07-Apr-17",8.07,8.37,8.07,8.13,547094
"10-Apr-17",8.13,8.37,8.13,8.16,400045
"11-Apr-17",8.13,8.32,8.07,8.31,729537
"12-Apr-17",8.33,8.33,8.14,8.17,292822
"13-Apr-17",8.17,8.28,8,8.05,569896
"17-Apr-17",8.07,8.17,7.9,8.06,297639
"18-Apr-17",7.98,8.23,7.94,8.22,274328
"19-Apr-17",8.28,8.43,8.04,8.05,460837
"20-Apr-17",8.13,8.345,8.06,8.15,291482
"21-Apr-17",8.13,8.29,8.01,8.18,341777
"24-Apr-17",8.3,8.42,8.21,8.32,311760
"25-Apr-17",8.33,8.65,8.33,8.44,734647
"26-Apr-17",8.43,8.77,8.41,8.65,441123
"27-Apr-17",8.67,8.7117,8.45,8.5,256848
"28-Apr-17",8.51,8.63,8.37,8.44,293964
"01-May-17",8.48,8.63,8.4,8.55,265740
"02-May-17",8.56,8.7499,8.55,8.62,494199
"03-May-17",8.61,8.61,8.05,8.07,455901
"04-May-17",8,8.22,7.11,7.735,1654197
"05-May-17",7.82,7.95,7.4701,7.8,485109
"08-May-17",7.75,7.89,7.34,7.83,568974
"09-May-17",7.8,7.9,7.38,7.65,522572
"10-May-17",7.6,7.86,7.52,7.83,423325
"11-May-17",7.78,7.85,7.66,7.69,288514
"12-May-17",7.65,7.72,7.52,7.53,196331
"15-May-17",7.58,8.1171,7.55,8.06,421373
"16-May-17",8.1,8.22,7.76,7.77,471878
"17-May-17",7.61,7.68,7.5,7.61,329439
"18-May-17",7.58,7.82,7.54,7.73,364348
"19-May-17",7.79,7.94,7.741,7.9,268302
"22-May-17",7.92,8.05,7.85,7.97,242017
"23-May-17",8,8.12,7.86,8.08,221386
"24-May-17",8.08,8.22,7.89,8.06,339598
"25-May-17",8.09,8.1647,7.9,7.97,283244
"26-May-17",7.95,8.07,7.89,8,287303
"30-May-17",7.95,7.95,7.67,7.69,218553
"31-May-17",7.68,7.68,7.33,7.59,477370
"01-Jun-17",7.59,7.8,7.47,7.78,278719
"02-Jun-17",7.69,7.89,7.57,7.59,386225
"05-Jun-17",7.55,7.72,7.5,7.54,311192
"06-Jun-17",7.45,7.66,7.38,7.61,297079
"07-Jun-17",7.62,7.72,7.35,7.63,339096
"08-Jun-17",7.59,8.16,7.59,8.07,608140
"09-Jun-17",8.1,8.27,8.04,8.13,333172
"12-Jun-17",8.12,8.3,8.05,8.23,264116
"13-Jun-17",8.26,8.44,8.11,8.21,296430
"14-Jun-17",8.2,8.25,7.9,7.95,229255
"15-Jun-17",7.84,8.03,7.81,7.9,283845
"16-Jun-17",7.86,7.91,7.69,7.74,756990
"19-Jun-17",7.77,7.89,7.56,7.82,302632
"20-Jun-17",7.78,7.89,7.6,7.66,168581
"21-Jun-17",7.72,7.72,7.409,7.45,265790
"22-Jun-17",7.48,7.85,7.43,7.71,199629
"23-Jun-17",7.71,7.78,7.54,7.76,402128
"26-Jun-17",7.76,8.15,7.76,8.03,295333
"27-Jun-17",8.06,8.37,8.01,8.25,299326
"28-Jun-17",8.31,8.47,8.23,8.32,278910
"29-Jun-17",8.34,8.61,8.19,8.37,333111
"30-Jun-17",8.37,8.45,8.21,8.29,232626
"03-Jul-17",8.33,8.43,8.21,8.37,133998,8.775406
"04-Jul-17",,,,,,8.796467
"05-Jul-17",8.35,8.35,7.9,7.95,491354,8.951297
"06-Jul-17",7.93,8.12,7.83,7.88,313359,8.991078
"07-Jul-17",7.88,7.94,7.72,7.84,160279,9.574382
"10-Jul-17",7.82,7.94,7.7,7.86,333209,9.439954
"11-Jul-17",7.86,7.97,7.69,7.86,227976,9.429924
"12-Jul-17",7.92,8.15,7.92,7.99,234637,10.011456
"13-Jul-17",7.98,8.17,7.94,8.15,276709,10.153169
"14-Jul-17",8.14,8.36,8.04,8.25,482736,10.11944
"17-Jul-17",8.25,8.335,8.15,8.19,320279,9.998483
"18-Jul-17",8.16,8.18,7.735,7.77,332263,10.066508
"19-Jul-17",7.77,7.95,7.73,7.9,169923,10.020776
"20-Jul-17",7.9,7.91,7.67,7.76,217789,10.227997
"21-Jul-17",7.77,7.77,7.45,7.56,527315,10.15269
"24-Jul-17",7.54,7.6299,7.38,7.49,279719,10.031836
"25-Jul-17",7.57,7.99,7.55,7.8,293569,10.201712
"26-Jul-17",7.81,7.8488,7.58,7.66,193286,10.531273
"27-Jul-17",7.68,7.88,7.63,7.78,204298,10.719838
"28-Jul-17",7.76,7.97,7.68,7.73,152670,10.755029
"31-Jul-17",7.72,7.73,7.5,7.6,248767,10.776382
"01-Aug-17",7.76,7.8,7.53,7.62,259357,10.792809
"02-Aug-17",7.58,7.67,7.44,7.56,357808,10.974322
"03-Aug-17",7.34,7.48,6.75,6.805,1218476,10.658948
"04-Aug-17",6.77,7,6.705,6.77,846156,10.592531
"07-Aug-17",6.75,6.89,6.47,6.68,466739,11.307638
"08-Aug-17",6.66,6.73,6.53,6.57,328211,11.155092
"09-Aug-17",6.53,6.78,6.51,6.58,424891,11.099391
"10-Aug-17",6.55,6.5549,6.28,6.29,623115
"11-Aug-17",6.33,6.395,6.27,6.32,508019
"14-Aug-17",6.36,6.37,6.21,6.37,378686
"15-Aug-17",6.37,6.39,6.2,6.2,351190
"16-Aug-17",6.19,6.52,6.17,6.31,396365
"17-Aug-17",6.27,6.37,6.17,6.18,355840
"18-Aug-17",6.19,6.3599,6.13,6.27,285810
"21-Aug-17",6.24,6.35,6.2,6.28,281586
"22-Aug-17",6.31,6.49,6.23,6.44,430849
"23-Aug-17",6.43,6.49,6.3,6.4,386818
"24-Aug-17",6.4,6.449,6.31,6.39,277774
"25-Aug-17",6.4,6.58,6.34,6.5,369955
"28-Aug-17",6.54,6.54,6.355,6.45,290702
"29-Aug-17",6.38,6.59,6.355,6.51,273249
"30-Aug-17",6.51,6.54,6.36,6.47,189964
"31-Aug-17",6.51,6.6567,6.47,6.5,242164
"01-Sep-17",6.52,6.63,6.47,6.55,292670
"05-Sep-17",6.78,7.375,6.76,6.94,612616
"06-Sep-17",6.96,7.22,6.96,7.12,368646
"07-Sep-17",7.17,7.35,7.09,7.25,555635
"08-Sep-17",7.24,7.25,6.82,6.94,603374
"11-Sep-17",6.95,6.97,6.54,6.75,572926
"12-Sep-17",6.75,7.1,6.72,6.98,501685
"13-Sep-17",6.97,7.13,6.82,6.86,467638
"14-Sep-17",6.83,7,6.74,6.88,389175
"15-Sep-17",6.89,6.94,6.765,6.9,1078463
"18-Sep-17",7.1,7.33,7.01,7.13,631626
"19-Sep-17",7.16,7.28,6.93,6.98,279442
"20-Sep-17",6.99,7.19,6.93,7.01,374488
"21-Sep-17",7.01,7.0506,6.88,6.9,240247
"22-Sep-17",6.81,7.29,6.7805,7.22,387039
"25-Sep-17",7.25,7.43,7.16,7.24,648986
"26-Sep-17",7.24,7.49,7.21,7.39,375339
"27-Sep-17",7.44,7.59,7.34,7.53,431296
"28-Sep-17",7.6,7.93,7.53,7.68,572421
"29-Sep-17",7.68,7.92,7.6,7.9,378679
"02-Oct-17",7.89,8.05,7.78,8.03,542572,10.891562,1.5012
"03-Oct-17",8.01,8.03,7.81,7.91,294735,11.252984,1.6785
"04-Oct-17",7.91,8.17,7.76,8.05,740034,11.392266,1.7049
"05-Oct-17",8.05,8.61,8.05,8.29,914599,11.111406,1.7018
"06-Oct-17",8.32,8.33,7.86,7.92,523016,11.308274,1.7319
"09-Oct-17",7.96,8.0099,7.6,7.61,361460,11.153739,1.7277
"10-Oct-17",7.75,8,7.71,7.76,209184,11.057645,1.711
"11-Oct-17",7.95,8.135,7.79,8.03,315931,11.208705,1.7194
"12-Oct-17",8.05,8.27,7.96,8.04,218770,11.269952,1.7268
"13-Oct-17",8.09,8.39,8.07,8.19,299717,11.48567,1.7366
"16-Oct-17",8.19,8.36,8.1,8.21,238535,11.510717,1.7446
"17-Oct-17",8.42,8.82,8.2,8.3,669223,11.585719,1.7597
"18-Oct-17",8.37,8.5,8.29,8.48,475573,11.670229,1.7694
"19-Oct-17",8.43,8.48,8.17,8.32,406745,11.873329,1.7877
"20-Oct-17",8.34,8.4,8.13,8.24,248293,11.871224,1.783
"23-Oct-17",8.25,8.25,8.05,8.09,333634,12.154204,1.7949
"24-Oct-17",8.1,8.25,8.1,8.14,178688,12.426335,1.8049
"25-Oct-17",8.15,8.315,7.99,8.17,350116,12.267014,1.7866
"26-Oct-17",8.22,8.28,8.095,8.17,213282,12.351615,1.7989
"27-Oct-17",8.16,8.22,8,8.01,204133,12.396399,1.8029
"30-Oct-17",7.93,8.04,7.61,7.65,333450,12.318709,1.8118
"31-Oct-17",7.7,7.78,7.65,7.71,197529,12.470951,1.8198
"01-Nov-17",7.79,7.8797,7.48,7.67,354793,12.399963,1.6661
"02-Nov-17",7.76,9.24,7.76,8.66,1474719,11.85348,1.8132
"03-Nov-17",8.59,9.11,8.54,8.61,624833,11.742759,1.8647
"06-Nov-17",8.63,9.88,8.51,9.86,981367,11.928209,1.8635
"07-Nov-17",9.96,9.96,9.145,9.4,853332,11.157059,1.8387
"08-Nov-17",9.39,9.79,9.21,9.72,699879,11.308598,1.8944
"09-Nov-17",9.62,9.93,9.33,9.56,606155,11.370426,1.8909
"10-Nov-17",9.44,10.03,9.44,9.48,848552,10.707567,1.8672
"13-Nov-17",9.47,9.61,9.2802,9.54,352417,11.175118,1.8802
"14-Nov-17",9.54,9.6,9.15,9.17,244776,10.968927,1.8592
"15-Nov-17",9.09,9.54,8.81,9.49,406149,11.161888,1.8777
"16-Nov-17",9.53,9.75,9.39,9.65,243258,11.213837,1.8795
"17-Nov-17",9.61,9.8,9.51,9.53,360960,11.893327,1.8928
"20-Nov-17",9.57,9.76,9.43,9.61,329241,11.451875,1.877
"21-Nov-17",9.65,9.89,9.57,9.73,353890,11.661776,1.85
"22-Nov-17",9.7,10,9.59,9.68,179695,11.002857,1.8436
"23-Nov-17",,,,,,11.019038,1.8443
"24-Nov-17",9.65,9.74,9.53,9.61,52519,11.349093,1.8564
"27-Nov-17",9.56,9.66,9.41,9.51,209444,11.627995,1.8381
"28-Nov-17",9.49,10.49,9.46,10.41,616551,11.049728,1.8456
"29-Nov-17",10.44,10.84,10.41,10.58,557625,10.858514,1.8425
"30-Nov-17",10.62,11.29,10.62,11.23,816585,10.977287,1.8456
"01-Dec-17",11.23,11.23,10.55,10.98,461323,11.003513,1.7262
"04-Dec-17",11.11,11.3,10.82,10.99,333659,11.445079,1.8591
"05-Dec-17",11.04,11.0489,10.36,10.37,530657,11.377308,1.8577
"06-Dec-17",10.31,10.38,10.01,10.1,356875,11.455932,1.8519
"07-Dec-17",10.2,10.59,10.11,10.3,294318,11.277691,1.8548
"08-Dec-17",10.4,10.4,10.2,10.24,212615,11.792454,1.8448
"11-Dec-17",10.28,10.63,10.21,10.42,366112,11.546266,1.8508
"12-Dec-17",10.48,10.8298,10.47,10.8,421936,11.718907,1.8449
"13-Dec-17",10.86,11.14,10.5,10.57,493143,12.074481,1.8571
"14-Dec-17",10.57,10.7,10.38,10.38,335798,12.302806,1.8169
"15-Dec-17",10.43,10.67,10.09,10.15,725932,12.244282,1.8963
"18-Dec-17",9.37,9.8,8.84,9.29,1722357,12.255917,1.8776
"19-Dec-17",9.3,9.933,9.01,9.09,1211858,11.926548,1.882
"20-Dec-17",8.95,9.17,8.79,9,751743,11.782669,1.9149
"21-Dec-17",9.06,9.32,8.86,9.05,585224,11.950147,1.9379
"22-Dec-17",9.08,9.08,8.8,8.96,382887,11.823156,1.938
"25-Dec-17",,,,,,11.750154,1.9346
"26-Dec-17",9,9.09,8.83,9.01,186172,11.843372,1.9336
"27-Dec-17",8.98,9.04,8.84,9,306916,11.756405,1.917
"28-Dec-17",9.01,9.1,8.88,8.93,268048,11.884775,1.9198
"29-Dec-17",8.93,8.99,8.73,8.75,351485,12.059002,1.9228
"01-Jan-18",,,,,,11.998606,1.9197
"02-Jan-18",8.72,9.05,8.72,8.93,256076,12.238648,1.7834
"03-Jan-18",8.93,9.18,8.93,9.09,330746,12.374224,1.9286
"04-Jan-18",9.11,9.16,8.81,8.91,372889,12.382306,1.931
"05-Jan-18",8.95,9.05,8.7697,8.84,341572,12.490128,1.9265
"08-Jan-18",8.86,9.06,8.6,8.98,267746,13.073776,1.9503
"09-Jan-18",9.01,9.21,8.71,8.74,338554,14.262401,2.0112
"10-Jan-18",8.75,8.824,8.55,8.69,315572,13.544258,1.9893
"11-Jan-18",8.71,9,8.71,8.85,200568,13.371567,1.9493
"12-Jan-18",8.89,9.05,8.83,8.98,203159,13.627723,1.9495
"15-Jan-18",,,,,,13.376246,1.945
"16-Jan-18",9.01,9.1,8.76,8.81,346524,13.546813,1.967
"17-Jan-18",8.87,9,8.71,8.75,585511,13.845931,1.9864
"18-Jan-18",8.74,8.955,8.65,8.68,335703,13.65389,1.9799
"19-Jan-18",8.67,8.8912,8.66,8.81,290546,14.094533,1.9806
"22-Jan-18",8.8,8.835,8.66,8.75,240516,14.081656,1.9838
"23-Jan-18",8.77,8.89,8.64,8.79,178585,14.494159,1.9963
"24-Jan-18",8.79,8.82,8.55,8.59,290422,14.586019,1.9986
"25-Jan-18",8.63,8.66,8.27,8.46,334786,14.594494,2.0014
"26-Jan-18",8.49,8.49,7.97,8.11,614466,14.293433,1.9969
"29-Jan-18",8.09,8.18,7.9,7.92,292856,14.772681,2.0304
"30-Jan-18",7.88,8,7.7185,7.92,248427,14.255776,2.0066
"31-Jan-18",7.94,8.03,7.65,7.73,377216,14.361108,2.012
"01-Feb-18",7.67,7.86,7.41,7.5,641648,14.583661,1.8699
"02-Feb-18",7.47,7.92,7.4,7.89,659504,14.352811,2.0001
"05-Feb-18",7.91,7.95,7.5262,7.61,401961,14.9839,1.9987
"06-Feb-18",7.5,7.83,7.425,7.79,342232,15.587329,2.003
"07-Feb-18",7.79,7.83,7.58,7.63,309007,15.982256,2.0119
"08-Feb-18",7.62,7.67,7.3,7.31,334919,16.320147,2.0169
"09-Feb-18",7.37,7.84,6.97,7.13,769788,16.549709,2.026
"12-Feb-18",7.16,7.265,7.01,7.16,219945,17.279813,2.0487
"13-Feb-18",7.16,7.36,7.16,7.31,278229,16.400907,2.035
"14-Feb-18",7.27,7.85,7.215,7.8,270019,16.245619,2.0364
"15-Feb-18",7.89,8,7.63,7.89,215758,16.428302,2.0321
"16-Feb-18",7.8,8.13,7.71,7.8,281589,16.648081,2.0395
"19-Feb-18",,,,,,16.483497,2.0372
"20-Feb-18",7.77,7.97,7.475,7.55,323100,16.458976,2.0218
"21-Feb-18",7.6,8.11,7.6,7.84,331098,16.920222,2.0275
"22-Feb-18",7.91,7.99,7.66,7.72,205393,17.117569,2.031
"23-Feb-18",7.75,7.93,7.65,7.79,203179,17.217429,2.0334
"26-Feb-18",7.79,7.88,7.63,7.68,218546,16.1704,2.048
"27-Feb-18",7.45,7.45,6.17,6.94,1905288,15.175254,2.0419
"28-Feb-18",6.99,7.13,6.84,6.86,540909,14.908642,2.0353
"01-Mar-18",6.86,6.91,6.54,6.63,303609,15.035997,1.9227
"02-Mar-18",6.58,6.79,6.52,6.71,251541,15.545792,2.0608
"05-Mar-18",6.71,6.9,6.65,6.74,350295,15.39952,2.0561
"06-Mar-18",6.79,6.96,6.69,6.93,334973,15.398516,2.0513
"07-Mar-18",6.9,7.11,6.66,6.88,423723,15.345743,2.0475
"08-Mar-18",7.15,7.916,6.99,7.85,937636,14.884948,2.0465
"09-Mar-18",8,8.54,7.95,8.47,969185,15.036368,2.1237
"12-Mar-18",8.52,8.82,8.445,8.75,931851,14.641531,2.0875
"13-Mar-18",8.81,9.09,8.69,8.75,745348,14.824368,2.0504
"14-Mar-18",8.77,8.77,8.39,8.51,537249,16.00973,1.8776
"15-Mar-18",8.51,8.78,8.5,8.77,610519,15.563221,1.8815
"16-Mar-18",8.81,8.93,8.5,8.76,1403755,15.160729,1.9093
"19-Mar-18",8.67,8.79,8.385,8.58,491966,16.754218,1.9878
"20-Mar-18",8.57,8.8,8.33,8.43,423945,18.173242,1.9436
"21-Mar-18",8.46,8.8,8.27,8.64,360936,18.232367,1.9416
"22-Mar-18",8.51,8.64,8.17,8.18,426846,18.372312,1.9414
"23-Mar-18",8.18,8.425,8.04,8.09,318599,18.608729,2.0738
"26-Mar-18",8.23,8.3698,8.065,8.33,257951,19.357928,2.0095
"27-Mar-18",8.52,8.63,8.2049,8.26,329730,18.809526,2.0374
"28-Mar-18",8.26,8.42,8.07,8.12,222400,18.931471,2.021
"29-Mar-18",8.16,8.38,8.09,8.22,286315,19.061133,2.032
"30-Mar-18",,,,,,18.939392,2.028
"02-Apr-18",8.12,8.25,8.04,8.15,272791,19.124447,2.0194
"03-Apr-18",8.18,8.215,7.94,8.12,277498,19.363752,2.0757
"04-Apr-18",7.98,8.33,7.98,8.26,285694,19.283751,2.0733
"05-Apr-18",8.34,8.4747,8.23,8.44,197546,19.216741,2.0864
"06-Apr-18",8.38,8.48,8.16,8.27,214355,19.126715,2.0774
"09-Apr-18",8.28,8.28,8.02,8.03,201745,19.289192,2.0899
"10-Apr-18",8.13,8.29,8.05,8.16,279130,19.430625,2.0962
"11-Apr-18",8.1,8.2,8.07,8.19,304494,19.104594,2.091
"12-Apr-18",8.22,8.22,8.05,8.09,304475,19.09675,2.0984
"13-Apr-18",8.14,8.22,8.09,8.19,397525,18.806947,2.0954
"16-Apr-18",8.25,8.33,8.11,8.14,284191,19.192198,2.1218
"17-Apr-18",8.16,8.52,8.16,8.51,617081,18.762248,2.1387
"18-Apr-18",8.59,8.755,8.49,8.62,306739
"19-Apr-18",8.55,8.8,8.53,8.75,224565,18.939081,2.134
"20-Apr-18",8.71,8.78,8.52,8.68,451282,21.298094,2.138
"23-Apr-18",8.67,8.7,8.39,8.51,188816,18.46963,2.114
"24-Apr-18",8.57,8.64,8.3,8.38,183426,19.036971,2.1198
"25-Apr-18",8.35,8.36,8.13,8.19,187192,19.110666,2.1163
"26-Apr-18",8.23,8.32,8.145,8.2,247385,19.279092,2.1198
"27-Apr-18",8.21,8.3,8.06,8.29,262133,19.912889,2.0942
"30-Apr-18",8.33,8.54,8.21,8.49,439532,20.207292,2.1104
"01-May-18",8.44,8.44,8.01,8.05,355775,21.114001,2.1063
"02-May-18",8.02,8.16,7.98,8.01,289704,21.653514,2.1259
"03-May-18",8,8.0898,7.76,7.81,348146,22.075193,2.1508
"04-May-18",7.76,8.35,7.561,8.22,669286,24.102808,2.2398
"07-May-18",8.29,8.8,8.25,8.69,629429,21.752379,2.1759
"08-May-18",8.68,8.82,8.65,8.79,285955,22.009172,2.1514
"09-May-18",8.8,9.09,8.73,8.82,471875,21.899278,2.1614
"10-May-18",8.87,8.95,8.51,8.88,344121,21.782007,2.1609
"11-May-18",8.9,8.9,8.515,8.63,310126,21.483388,2.1544
"14-May-18",8.67,8.74,8.55,8.63,175153,21.338363,2.152
"15-May-18",8.58,8.7,8.52,8.62,268847,21.446618,2.1583
"16-May-18",8.65,8.71,8.51,8.56,339190,21.34603,2.1593
"17-May-18",8.58,8.77,8.53,8.76,243120,21.368287,2.1626
"18-May-18",8.8,8.98,8.8,8.83,303118,21.408085,2.1601
"21-May-18",8.87,8.99,8.71,8.93,322087,21.195936,2.1592
"22-May-18",8.95,9.36,8.7318,9.1,917796,20.66985,2.1646
"23-May-18",9.1,9.24,8.94,8.99,288882,20.391437,2.1603
"24-May-18",9,9.1,8.57,8.71,322686,20.324946,2.1683
"25-May-18",8.68,8.68,8.37,8.38,309633
"28-May-18",,,,,,21.466622,2.1683
"29-May-18",8.33,8.45,8.18,8.35,250501,20.817042,2.1964
"30-May-18",8.37,8.4602,8.26,8.33,253080,20.973112,2.1942
"31-May-18",8.36,8.51,8.11,8.31,231654,21.068946,2.1929
"01-Jun-18",8.36,8.66,8.31,8.57,409540,21.287375,2.2024
"04-Jun-18",8.56,8.87,8.52,8.85,426935,21.604668,2.217
"05-Jun-18",8.89,8.93,8.67,8.89,356428
"06-Jun-18",8.94,8.94,8.51,8.65,299966,21.308972,2.2435
"07-Jun-18",8.64,8.725,8.57,8.65,167405,21.467209,2.2473
"08-Jun-18",8.66,8.82,8.45,8.64,259856,21.648789,2.2458
"11-Jun-18",8.63,8.735,8.565,8.68,252579,22.807206,2.2477
"12-Jun-18",8.71,8.74,8.572,8.69,172847,23.070644,2.2528
"13-Jun-18",8.68,8.82,8.65,8.71,212575,23.522561,2.2528
"14-Jun-18",8.71,8.73,7.825,8.485,1115681,23.479256,2.2693
"15-Jun-18",8.38,8.38,7.8601,8.07,1063785,22.82508,2.286
"18-Jun-18",8.05,8.175,7.97,8.12,257068,25.057343,2.2378
"19-Jun-18",8.09,8.22,7.9202,8.13,334576,25.479051,2.2631
"20-Jun-18",8.18,8.335,8.09,8.33,231042
"21-Jun-18",8.3,8.3,8.05,8.14,226400,25.352639,2.2842
"22-Jun-18",8.16,8.27,8.04,8.12,334153,24.953214,2.2467
"25-Jun-18",8.12,8.21,8,8.11,197391,24.953148,2.2542
"26-Jun-18",8.1,8.21,8.01,8.17,156949
"27-Jun-18",8.1,8.41,8.04,8.05,320594,23.839601,2.4285
"28-Jun-18",8.05,8.13,7.98,8.06,259703,24.030053,2.43
"29-Jun-18",8.07,8.21,8,8.08,243933
"02-Jul-18",7.98,8.03,7.81,7.97,236148,24.093575,2.4144
"03-Jul-18",7.97,8.07,7.95,7.98,92125,24.395307,2.4318
"04-Jul-18",,,,,,24.294746,2.4286
"05-Jul-18",8,8.11,7.97,8.09,167779,24.271926,2.4287
"06-Jul-18",8.06,8.15,8,8.07,273212,24.217467,2.4324
"09-Jul-18",8.09,8.28,7.95,8.18,211222,24.329823,2.4294
"10-Jul-18",8.23,8.46,8.23,8.37,222786,23.985979,2.4259
"11-Jul-18",8.17,8.38,8.09,8.14,238862,24.260267,2.4233
"12-Jul-18",8.11,8.11,7.86,8.06,380421,23.733165,2.4211
"13-Jul-18",7.98,8.13,7.98,8.04,310553,23.640766,2.4178
"16-Jul-18",8.08,8.16,7.975,8.03,157288
"17-Jul-18",8.01,8.24,8,8.23,169605,23.892379,2.4193
"18-Jul-18",8.25,8.33,8.15,8.28,205787
"19-Jul-18",8.29,8.53,8.29,8.49,283103
"20-Jul-18",8.49,8.52,8.26,8.48,317689,24.927775,2.4401
"23-Jul-18",8.46,8.46,8.25,8.26,153097,25.032829,2.4399
"24-Jul-18",8.3,8.5,8.2,8.3,143708,24.734503,2.4366
"25-Jul-18",8.29,8.32,8.11,8.21,164295,24.791681,2.4325
"26-Jul-18",8.23,8.42,8.19,8.37,258116,24.600757,2.4334
"27-Jul-18",8.38,8.4,8.03,8.13,257901,25.000035,2.4509
"30-Jul-18",8.12,8.19,8,8.05,371189,24.442637,2.4204
"31-Jul-18",8.08,8.23,8.03,8.09,169282
"01-Aug-18",8.1,8.19,8.03,8.06,174019,25.371974,2.3737
"02-Aug-18",8.05,8.05,7.57,7.68,590374,24.911312,2.3692
"03-Aug-18",8.18,9.24,7.99,9.17,1739658
"06-Aug-18",9.19,9.67,8.88,9.49,1340934,23.414218,2.3595
"07-Aug-18",9.55,9.9153,9.55,9.74,550740,22.383138,2.3445
"08-Aug-18",9.72,9.85,9.56,9.63,332362,22.551794,2.3511
"09-Aug-18",9.66,10.25,9.66,9.79,731709,22.059211,2.3607
"10-Aug-18",9.68,9.98,9.66,9.67,322807,21.849435,2.3416
"13-Aug-18",9.67,9.71,9.16,9.27,350016,21.332375,2.3321
"14-Aug-18",9.29,9.64,9.25,9.54,324582,20.551348,2.3273
"15-Aug-18",9.52,9.52,9.24,9.27,286978,21.00791,2.3523
"16-Aug-18",9.25,9.31,8.8,8.92,437009,21.144257,2.3598
"17-Aug-18",8.91,9.22,8.87,9.1,338141,20.247923,2.3265
"20-Aug-18",9.14,9.18,8.835,9.07,269758,20.253836,2.3268
"21-Aug-18",9.06,9.285,9.03,9.16,219816,20.506382,2.3214
"22-Aug-18",9.17,9.32,9.14,9.2,283157,21.016707,2.2942
"23-Aug-18",9.22,9.22,8.9243,9,269976,21.238779,2.279
"24-Aug-18",9.04,9.28,9.01,9.19,248231,21.113311,2.2681
"27-Aug-18",9.25,9.4,9.01,9.29,220339,21.025366,2.2641
"28-Aug-18",9.29,9.4361,9.23,9.25,237886,20.84723,2.2774
"29-Aug-18",9.3,9.73,9.24,9.68,337720,20.94383,2.2753
"30-Aug-18",9.65,9.653,9.45,9.61,233903,20.707009,2.2591
"31-Aug-18",9.61,9.89,9.61,9.69,314711,20.34483,2.2462
"03-Sep-18",,,,,,20.17292,2.2375
"04-Sep-18",9.7,9.7,9.44,9.54,217054,20.455347,2.2412
"05-Sep-18",9.53,9.53,9.4187,9.5,198336,21.248383,2.2296
"06-Sep-18",9.51,9.55,9.11,9.17,214358,21.3948,2.2112
"07-Sep-18",9.15,9.21,8.94,9.06,267801,21.199192,2.2074
"10-Sep-18",9.08,9.165,8.98,9.09,172580,21.506475,2.1872
"11-Sep-18",9.04,9.26,8.99,9.2,153619,21.328222,2.1583
"12-Sep-18",9.21,9.29,8.98,9.06,251054
"13-Sep-18",9.08,9.14,8.99,9.04,187207,20.849958,2.1218
"14-Sep-18",9.03,9.24,9.03,9.11,145332,20.875733,2.0895
"17-Sep-18",9.11,9.11,8.89,8.94,188884,23.395465,2.0524
"18-Sep-18",8.95,9.07,8.79,9.04,247981,24.413913,2.046
"19-Sep-18",9.01,9.17,8.91,9.14,202157,24.003981,2.0255
"20-Sep-18",9.16,9.3,9.045,9.05,143509,24.164882,2.0351
"21-Sep-18",9.02,9.14,8.97,9.14,674969,23.21176,2.0321
"24-Sep-18",9.16,9.16,8.99,9.01,199052,23.511694,2.0722
"25-Sep-18",9.03,9.14,8.98,9.03,141857,23.962776,2.0603
"26-Sep-18",9.04,9.04,8.85,8.9,176433,24.004754,2.0592
"27-Sep-18",8.9,9.05,8.77,9.02,182256,23.808997,2.0567
"28-Sep-18",9,9.02,8.87,8.95,193066,24.25104,2.1457
"01-Oct-18",8.96,8.96,8.7,8.73,267742,23.13913,2.1392
"02-Oct-18",8.74,8.84,8.69,8.79,329709,23.332387,2.1203
"03-Oct-18",8.79,8.92,8.705,8.9,115132,22.523904,2.0723
"04-Oct-18",8.87,8.88,8.68,8.7,130720,21.815893,2.044
"05-Oct-18",8.73,8.77,8.155,8.27,590399,21.327747,2.004
"08-Oct-18",8.27,8.42,8.14,8.38,363280,20.977865,1.9958
"09-Oct-18",8.33,8.48,8.21,8.31,183689,21.376609,1.9932
"10-Oct-18",8.29,8.4,7.9,7.91,330146,21.551905,1.9647
"11-Oct-18",7.83,8.02,7.79,7.79,213605,22.007661,1.9677
"12-Oct-18",7.89,8,7.75,7.81,198451,22.4976,1.9715
"15-Oct-18",7.8,7.84,7.59,7.83,221156,22.803323,1.9747
"16-Oct-18",7.89,8.235,7.86,8.22,191720,23.351769,1.9843
"17-Oct-18",8.2,8.21,7.95,8.04,150595,23.143409,1.9962
"18-Oct-18",7.98,8.02,7.68,7.74,227668,23.292063,2.0046
"19-Oct-18",7.73,7.91,7.66,7.69,212397,23.331471,1.991
"22-Oct-18",7.7,7.78,7.63,7.64,133711,23.663437,1.9973
"23-Oct-18",7.5,7.63,7.32,7.6,219272,23.884584,2.0014
"24-Oct-18",7.61,7.67,7.28,7.28,264496,24.325947,2.0118
"25-Oct-18",7.34,7.46,7.26,7.28,257027,24.361783,2.0272
"26-Oct-18",7.22,7.41,7.09,7.22,281756
"29-Oct-18",7.32,7.42,6.96,7.05,300730
"30-Oct-18",7.05,7.2,6.98,7.19,430607
"31-Oct-18",7.28,7.58,7.28,7.5,372759
"01-Nov-18",7.55,7.85,7.45,7.77,207032
"02-Nov-18",9.19,9.25,7.89,9.18,1256085
"05-Nov-18",9.23,9.23,8.92,9,352662,26.237732,1.9734
"06-Nov-18",8.89,9.14,7.67,9.14,316640,25.354379,1.955
"07-Nov-18",9.2,9.28,9,9.24,179483,26.540435,1.9452
"08-Nov-18",9.22,9.22,8.92,9.17,203998,26.333188,1.9382
"09-Nov-18",9.13,9.13,8.83,8.85,157904,26.424343,1.9332
"12-Nov-18",8.8,8.85,8.39,8.4,194967,27.185758,1.9254
"13-Nov-18",8.47,8.66,8.38,8.5,269437,27.186321,1.9293
"14-Nov-18",8.6,8.67,8.34,8.35,143184,27.964855,1.942
"15-Nov-18",8.31,8.48,8.26,8.36,127884,27.901638,1.9066
"16-Nov-18",8.28,8.44,8.11,8.26,128824,27.754762,1.9004
"19-Nov-18",8.21,8.45,8.04,8.15,114196,28.399069,1.8993
"20-Nov-18",8.05,8.24,7.94,8.12,170494,28.974824,1.921
"21-Nov-18",8.19,8.36,8.17,8.18,107580,29.380253,1.9304
"22-Nov-18",,,,,,29.291608,1.9284
"23-Nov-18",8.09,8.33,7.87,7.89,87785,29.644923,1.9282
"26-Nov-18",7.94,8.37,7.94,8.21,206925,29.611994,1.9266
"27-Nov-18",8.14,8.22,8.055,8.17,110044,30.318261,1.9293
"28-Nov-18",8.18,8.34,8.05,8.15,189181,30.372307,1.9278
"29-Nov-18",8.09,8.15,7.97,8.08,100677,28.649943,1.9052
"30-Nov-18",8.08,8.22,8.03,8.17,243875,28.952158,1.9021
"03-Dec-18",8.34,8.44,7.99,8.18,145038,29.92056,1.9114
"04-Dec-18",8.13,8.35,7.89,7.9,196755,30.262308,1.9132
"05-Dec-18",,,,,,29.145876,1.9412
"06-Dec-18",7.96,8.09,7.75,8.07,240212,29.390452,1.9533
"07-Dec-18",7.8,8.04,7.73,7.85,407411,28.835487,1.9448
"10-Dec-18",7.81,7.9,7.35,7.41,464228,29.399488,1.9457
"11-Dec-18",7.5,7.57,7.22,7.5,323127,29.49727,1.9452
"12-Dec-18",7.65,7.85,7.53,7.61,181253,29.463559,1.948
"13-Dec-18",7.66,7.71,7.51,7.64,173268,29.32644,1.9421
"14-Dec-18",7.58,7.61,7.24,7.3,263563,29.205153,1.948
"17-Dec-18",7.24,7.41,7.06,7.14,362049,28.811136,1.941
"18-Dec-18",7.11,7.37,7,7.14,241476,30.297328,1.9441
"19-Dec-18",7.19,7.38,6.8,6.87,479178,30.173405,1.9531
"20-Dec-18",6.88,6.88,6.52,6.76,743082,29.364209,1.9548
"21-Dec-18",6.83,6.83,6.4,6.42,616589,27.72625,1.9135
"24-Dec-18",6.29,6.51,6.17,6.38,222965,28.220673,1.9201
"25-Dec-18",,,,,,28.004567,1.9166
"26-Dec-18",6.41,6.82,6.2,6.8,362118,27.769329,1.9166
"27-Dec-18",6.67,6.74,6.18,6.52,459638,27.286725,1.9173
"28-Dec-18",6.55,6.75,6.2501,6.53,197812,26.775817,1.9152
"31-Dec-18",6.52,6.78,6.489,6.73,216322,26.778288,1.9148
"01-Jan-19",,,,,,26.73017,1.9131
"02-Jan-19",6.6,6.97,6.555,6.87,168272,26.687708,1.9198
"03-Jan-19",6.85,6.9,6.65,6.77,248282,26.935047,1.921
"04-Jan-19",6.88,7.36,6.88,7.24,247669,27.0068,1.9256
"07-Jan-19",7.27,7.42,7.19,7.28,139553,26.251745,1.9368
"08-Jan-19",7.34,7.42,7.235,7.29,121911,26.084047,1.9348
"09-Jan-19",7.33,7.64,7.23,7.56,148894,26.565635,1.9348
"10-Jan-19",7.48,7.62,7.36,7.6,183210,26.516518,1.91
"11-Jan-19",7.53,7.72,7.4575,7.68,144020,27.710873,1.8929
"14-Jan-19",7.65,7.67,7.5,7.51,103351,26.945638,1.8811
"15-Jan-19",7.52,7.56,7.41,7.52,70367,27.361548,1.8769
"16-Jan-19",7.53,7.75,7.53,7.67,71183,28.345808,1.8806
"17-Jan-19",7.63,7.75,7.5,7.6,195041,28.387609,1.8891
"18-Jan-19",7.59,7.69,7.53,7.64,190896,27.759619,1.879
"21-Jan-19",,,,,,27.643501,1.879
"22-Jan-19",7.58,7.59,7.1,7.22,326092,27.20302,1.8736
"23-Jan-19",7.24,7.565,7.1,7.17,142811,26.556939,1.8454
"24-Jan-19",7.18,7.465,7.12,7.4,138726,26.49035,1.851
"25-Jan-19",7.5,7.6,7.5,7.57,129059,26.739663,1.8311
"28-Jan-19",7.48,7.49,7.31,7.43,204247,26.116044,1.834
"29-Jan-19",7.44,7.59,7.37,7.5,123855,26.437401,1.8314
"30-Jan-19",7.59,7.59,7.415,7.52,153430,26.457545,1.8148
"31-Jan-19",7.55,7.64,7.49,7.6,287886,26.588216,1.7954
"01-Feb-19",7.56,7.87,7.5,7.87,179056,26.901272,1.8099
"04-Feb-19",7.9,7.9,7.61,7.86,150742,28.588016,1.804
"05-Feb-19",7.88,7.91,7.71,7.79,107290,28.40436,1.7922
"06-Feb-19",7.74,7.85,7.66,7.82,74983,28.973261,1.7906
"07-Feb-19",7.75,7.83,7.63,7.69,60814,29.458338,1.7904
"08-Feb-19",7.65,7.87,7.65,7.83,75168,29.4534,1.7911
"11-Feb-19",7.83,7.89,7.59,7.66,99834,29.567374,1.782
"12-Feb-19",7.72,7.8,7.47,7.7,208442,30.116679,1.7965
"13-Feb-19",7.71,7.97,7.695,7.89,276405,29.216555,1.7882
"14-Feb-19",7.87,7.95,7.7385,7.9,286837,29.07484,1.7851
"15-Feb-19",7.94,8.08,7.93,8.02,147823,28.814896,1.7807,6832900
"18-Feb-19",,,,,,28.381947,1.7783
"19-Feb-19",8,8,7.85,7.92,222607,28.187912,1.7842
"20-Feb-19",7.95,8.13,7.95,8.08,110435,27.768766,1.7577
"21-Feb-19",8.07,8.13,8.03,8.08,102728,27.700297,1.7479
"22-Feb-19",8.09,8.18,8.04,8.18,111481,27.42831,1.7313
"25-Feb-19",8.25,8.3044,8.18,8.18,113134,27.932458,1.718
"26-Feb-19",8.12,8.22,8.03,8.18,78540,28.660332,1.7244
"27-Feb-19",8.15,8.2,8.07,8.09,65778,28.650994,1.7175
"28-Feb-19",8.07,8.13,7.96,8.02,97811,28.682143,1.7063,7287286,6722890.31
"01-Mar-19",8.09,8.16,8.04,8.14,77045,28.252786,1.7065,,6601264.69
"04-Mar-19",8.19,8.19,7.97,8.01,133163,28.208211,1.7027,,6584865.73
"05-Mar-19",7.96,8.04,7.935,7.98,204390,28.306152,1.6991,,6611514.04
"06-Mar-19",7.98,8.01,7.95,7.96,384924,28.513578,1.6667,,6752955.07
"07-Mar-19",7.95,7.96,7.82,7.84,475672,27.808844,1.6512,,6706491.35
"08-Mar-19",8.1,9,7.72,8.88,1044870,26.609864,1.6344,,6729723.21
"11-Mar-19",8.8,8.8,8.21,8.4,634813,27.34995,1.6049,,7003039.21
"12-Mar-19",8.47,8.52,8.21,8.26,224304,27.017376,1.5987,,7445420.1062
"13-Mar-19",8.31,8.78,8.2954,8.76,695490,24.510851,1.6099,,7005996.7604
"14-Mar-19",8.8,9.06,8.7,9.01,772878,22.598025,1.5863,,6729808.621
"15-Mar-19",9.01,9.18,9,9.1,521588,22.699924,1.5849,6460825,6877011.7982
"18-Mar-19",9.12,9.12,8.97,9.1,266301,22.504131,1.5838,,6774989.7942
"19-Mar-19",9.18,9.18,8.8,8.86,191513,22.326304,1.6008,,6699202.0198
"20-Mar-19",8.85,9.05,8.8,8.92,190533,22.259759,1.5844,,6550541.3854
"21-Mar-19",8.87,9.01,8.82,8.96,230861,22.764018,1.5887,,6466737.5964
"22-Mar-19",8.95,8.98,8.44,8.46,190123,22.988548,1.5748,,6334837.7198
"25-Mar-19",8.4,8.51,8.32,8.44,136356,22.88759,1.5774,,6267065.96
"26-Mar-19",8.47,8.58,8.34,8.39,133870,22.098653,1.5884,,6011282.2214
"27-Mar-19",8.43,8.505,8.24,8.4,119159,22.616064,1.5918,,5678419.0925
"28-Mar-19",8.43,8.8,8.42,8.65,277409,22.834954,1.5698,,5657098.37
"29-Mar-19",8.74,8.79,8.66,8.73,220124,23.601117,1.4667,6602440,5856091.78
"01-Apr-19",8.81,8.97,8.74,8.79,120552,22.682326,1.4668,,5587967.5425
"02-Apr-19",8.79,8.93,8.69,8.92,109740,22.726095,1.4422,,5555663.4175
"03-Apr-19",9,9.03,8.88,8.98,214420,23.385835,1.4274,,5736566.5175
"04-Apr-19",9,9.02,8.89,8.97,140178,22.983698,1.4232,,5592490.12
"05-Apr-19",8.99,9.39,8.99,9.26,274880,21.288617,1.4165,,5190626.805
"08-Apr-19",9.21,9.45,9.137,9.37,170320,21.045999,1.4084,,5143462.7825
"09-Apr-19",9.28,9.34,9.05,9.17,199784,21.091892,1.383,,5184165.98
"10-Apr-19",9.19,9.37,9.13,9.33,158697,21.367457,1.3882,,5925689.9
"11-Apr-19",9.34,9.54,9.29,9.41,99799,22.7363,1.3651,,6266375.804
"12-Apr-19",9.5,9.56,9.31,9.34,118198,22.576962,1.3603,,6210255.064
"15-Apr-19",9.39,9.49,9.24,9.32,130197,22.752537,1.3651,5985397,6270997.512
"16-Apr-19",9.36,9.49,9.2765,9.38,96768,22.095718,1.3485,,6101975.048
"17-Apr-19",9.28,9.55,9.145,9.47,202254,20.704065,1.3577,,5773173.536
"18-Apr-19",9.5,9.57,9.45,9.5,105622,20.862765,1.3647,,5779115.732
"19-Apr-19",,,,,,20.809267,1.3643,,5775154.268
"22-Apr-19",9.45,9.56,9.39,9.56,65214,21.083284,1.3958,,5786378.416
"23-Apr-19",9.56,9.57,9.41,9.53,124436,21.169445,1.3756,,5722334.748
"24-Apr-19",9.52,9.7,9.48,9.61,126300,21.102463,1.3723,,5437733.1745
"25-Apr-19",9.6,9.64,9.43,9.46,113678,21.054119,1.3665,,5414988.6659
"26-Apr-19",9.44,9.72,9.44,9.7,86147,21.370782,1.3636,,5478433.8741
"29-Apr-19",9.71,9.91,9.69,9.83,96606,21.517318,1.3781,,5470652.858
"30-Apr-19",9.82,9.83,9.66,9.73,107840,21.470117,1.359,5552142,5452098.1273
"01-May-19",9.75,9.82,9.58,9.65,98492,21.763923,1.4072,,5467660.1595
"02-May-19",9.63,9.65,9.355,9.4,150433,21.750322,1.3851,,5452098.1273
"03-May-19",10,10.845,9.95,10.68,848839,20.464537,1.2993,,5387455.8397
"06-May-19",10.57,11.01,10.4,10.78,498651,19.732771,1.2991,,5373090.8869
"07-May-19",10.65,10.65,10.09,10.23,250635,19.46183,1.2586,,5367105.4899
"08-May-19",10.21,10.68,10.08,10.67,235054,18.898635,1.2526,,5276725.9952
"09-May-19",10.47,10.75,10.3683,10.66,151769,18.212109,1.2315,,5206798.7676
"10-May-19",10.45,10.59,10.31,10.47,283574,18.065811,1.193,,5185145.4138
"13-May-19",10.35,10.47,10.1604,10.21,156788,19.410652,1.1706,,5601556.0638
"14-May-19",10.28,10.65,10.19,10.48,345914,18.660144,1.1486,,5411117.5932
"15-May-19",10.36,11.0625,10.36,11.02,398899,18.851965,1.1512,5566357,5509390.5066
"16-May-19",10.93,11.11,10.74,10.75,199590,19.425046,1.167,,5697052.9062
"17-May-19",10.66,10.69,10.33,10.44,326194,18.600613,1.1385,,5489402.7954
"20-May-19",10.36,10.54,10.2629,10.43,203617,19.089537,1.1053,,5626540.7028
"21-May-19",10.46,10.6093,10.28,10.29,258564,19.021001,1.1167,,5662629.6258
"22-May-19",10.27,10.3,10.13,10.22,151185,18.75369,1.0714,,5601000.8496
"23-May-19",10.09,10.1,9.53,9.65,268816,17.479521,1.0703,,5275090.1142
"24-May-19",9.7,9.7567,9.5,9.54,211392,17.444115,1.0493,,5308634.6709
"27-May-19",,,,,,17.203662,1.0487,,5337023.0916
"28-May-19",9.54,9.59,9.3368,9.37,215476,17.39539,1.0618,,5450020.1387
"29-May-19",9.32,9.6669,9.01,9.61,180925,17.74311,1.0476,,5535185.4008
"30-May-19",9.62,9.8,9.43,9.45,115773,17.888385,1.0389,,5534072.1294
"31-May-19",9.31,9.5,9.31,9.45,127762,17.817822,1.0307,5329916,5471728.931
"03-Jun-19",9.35,9.66,9.33,9.59,151979,17.466126,1.041,,5439444.0604
"04-Jun-19",9.72,10.02,9.67,10,159497,17.554961,1.0175,,5437774.1533
"05-Jun-19",10.09,10.16,9.91,10,117667,17.218534,1.0152,,5328116.9204
"06-Jun-19",10.02,10.04,9.71,9.96,161500,17.526991,1.0102,,5409385.7326
"07-Jun-19",10,10,9.81,9.94,143800,17.40291,0.9897,,5289152.4214
"10-Jun-19",10,10.28,9.89,9.97,252890,18.373258,0.9884,,5210666.7877
"11-Jun-19",10.06,10.22,9.82,9.89,147775,18.379693,1.0068,,5050628.4016
"12-Jun-19",9.82,9.92,9.77,9.92,111890,18.751283,0.9812,,4966415.7288
"13-Jun-19",10,10.15,9.88,9.98,134679,19.024743,0.9557,,5006923.0904
"14-Jun-19",9.98,9.99,9.78,9.81,109812,19.408836,0.9562,5372117,4891796.9048
"17-Jun-19",9.85,10.21,9.74,10.21,141818,20.673366,0.9501,,4833167.8288
"18-Jun-19",10,10.3,10,10.07,246466,20.699758,0.9881,,4861416.3836
"19-Jun-19",10.1,10.35,10.1,10.31,175935,20.7777,0.9717,,4844360.6524
"20-Jun-19",10.41,10.5,10.07,10.08,147083
"21-Jun-19",10.03,10.11,9.88,9.91,332408
"24-Jun-19",9.92,10.02,9.88,9.93,146425,20.949592,0.9031,,4889131.9468
"25-Jun-19",9.93,9.97,9.77,9.77,126500,20.273972,0.9015,,5169050.9774
"26-Jun-19",9.79,10.01,9.75,9.99,109193,20.353958,0.904,,5178183.5763
"27-Jun-19",9.99,10.09,9.92,10.04,149431,20.506557,0.9009,,5223309.3591
"28-Jun-19",10.06,10.51,10.04,10.42,459446,20.102174,0.879,5594409,5263063.0249
"01-Jul-19",10.7,10.94,10.52,10.53,327074,19.985081,0.9106,,5242111.7686
"02-Jul-19",10.53,10.54,10.28,10.44,147145,20.108137,0.9008,,5285625.9163
"03-Jul-19",10.47,10.54,10.34,10.48,82355,19.872289,0.9318,,5212027.9134
"04-Jul-19",,,,,,19.92432,0.9316,,5216862.8187
"05-Jul-19",10.45,10.55,10.35,10.5,91273,19.939416,0.936,,5199672.0443
"08-Jul-19",10.45,10.54,10.41,10.46,63092,20.283733,0.9334,,5197523.1975
"09-Jul-19",10.46,10.48,10.25,10.38,89421,20.138445,0.9333,,5124999.618
"10-Jul-19",10.45,10.54,10.22,10.27,68529,20.300172,0.9327,,5430492.8163
"11-Jul-19",10.28,10.3,10.15,10.27,87070
"12-Jul-19",10.29,10.86,10.29,10.84,292864,20.1252,0.9042,,5439443.8707
"15-Jul-19",10.88,10.91,10.65,10.8,157770,20.586928,0.887,5602280,5583220.182
"16-Jul-19",10.78,12.04,10.75,11.73,798788,19.748896,0.9317,,5657625.8217
"17-Jul-19",11.77,11.8299,11.62,11.64,307838,19.291827,0.936,,5619583.8405
"18-Jul-19",11.54,11.58,11.42,11.52,154281,19.738462,0.9233,,5728115.3751
"19-Jul-19",11.52,11.67,11.47,11.56,179598,19.43882,0.9016,,5673849.6078
"22-Jul-19",11.56,11.68,11.48,11.5,179429,19.885993,0.9326,,5794129.4013
"23-Jul-19",11.65,11.71,11.31,11.43,170732,18.925559,0.9256,,5559164.2233
"24-Jul-19",11.43,11.53,11.22,11.5,158628,19.078471,0.908,,5638134.592
"25-Jul-19",11.5,11.5,11.1798,11.24,88086,19.051468,0.8913,,5614044.788
"26-Jul-19",11.25,11.5,11.23,11.32,165445,19.221431,0.8741,,5686314.2
"29-Jul-19",11.31,11.37,11.07,11.11,216012,19.235705,0.8784,,5746818.824
"30-Jul-19",11.08,11.3876,11.08,11.34,130938
"31-Jul-19",11.25,11.38,10.96,10.98,254875,18.81851,0.864,5228026,5656622.116
"01-Aug-19",10.99,11.27,10.83,10.9,277555,19.136343,0.8649,,5824690.516
"02-Aug-19",11.01,11.72,10.66,11.16,433898,17.211679,0.8327,,5366984.24
"05-Aug-19",10.71,10.9,9.8401,9.92,570046,17.922406,0.8433,,5501999.188
"06-Aug-19",9.97,10.1,9.88,9.92,180405,18.867881,0.8654,,5779312.048
"07-Aug-19",9.76,9.85,9.64,9.77,199349,19.289844,0.8739,,5779872.276
"08-Aug-19",9.86,10.09,9.86,10,179674,19.319493,0.8603,,5758583.612
"09-Aug-19",10.02,10.2,9.7,9.7,167559,18.871483,0.8261,,5172608.9244
"12-Aug-19",9.64,9.66,9.41,9.58,175617,19.113613,0.8258,,5217047.1454
"13-Aug-19",9.53,9.85,9.53,9.69,129395,19.308316,0.8258,,5240573.2624
"14-Aug-19",9.37,9.65,8.86,8.86,736073,18.724548,0.8328,,5304877.9822
"15-Aug-19",8.8,8.92,8.7293,8.74,419291,18.696859,0.821,5529078,5325267.2836
"16-Aug-19",8.83,9.05,8.79,8.82,290403,18.814016,0.8198,,5316379.6394
"19-Aug-19",8.94,9,8.78,8.93,597145,18.127567,0.828,,5229594.4078
"20-Aug-19",8.92,9.14,8.85,9.12,172247,18.526862,0.8089,,5328404.0992
"21-Aug-19",9.25,9.33,8.97,9.2,180079,18.21943,0.8168,,5231162.8156
"22-Aug-19",9.25,9.39,9.13,9.18,152894,18.345685,0.8296,,5227503.1974
"23-Aug-19",9.11,9.18,8.72,8.73,355155,17.995913,0.8153,,5202931.4752
"26-Aug-19",8.82,8.92,8.61,8.9,208580,17.9663,0.8103,,5372052.1848
"27-Aug-19",8.99,9.32,8.83,9.03,662189,17.578452,0.839,,5423472.6102
"28-Aug-19",9.04,9.3,8.94,9.15,199020,17.275168,0.8111,,5321184.6672
"29-Aug-19",9.28,9.78,9.27,9.74,274387,17.746909,0.8343,,5488715.7306
"30-Aug-19",9.79,9.84,9.46,9.67,267654,18.015959,0.8115,5204822,5604826.3686
"02-Sep-19",,,,,,17.777478,0.8115,,5609802.5388
"03-Sep-19",9.58,9.58,9.01,9.13,286337,17.664163,0.8218,,5595979.8438
"04-Sep-19",9.24,9.25,9,9.09,281998,17.659296,0.835,,5643529.9146
"05-Sep-19",9.24,9.36,9.15,9.31,289872,17.61734,0.8212,,5678916.0138
"06-Sep-19",9.39,9.65,9.33,9.59,144715,17.631487,0.825,,5693844.5244
"09-Sep-19",9.54,10.005,9.52,10,236830,17.545543,0.833,,5728124.808
"10-Sep-19",10.02,10.25,9.9345,10.17,214062,17.466206,0.8268,,5694397.4322
"11-Sep-19",10.27,10.57,10.16,10.56,216512,18.577841,0.8649,,5611318.5982
"12-Sep-19",10.58,10.8,10.43,10.76,197521,18.950401,0.878,,5742480.1126
"13-Sep-19",10.61,10.7,9.84,10.07,408543,18.180757,0.8847,5436643,5616002.938
"16-Sep-19",10.04,10.31,9.94,10.24,188018,18.382898,0.8965,,5746643.9702
"17-Sep-19",10.18,10.2,9.98,10.09,97575,17.621877,0.9372,,5457776.3492
"18-Sep-19",9.9,10.08,9.74,9.84,175392,17.386023,0.9706,,5396359.4496
"19-Sep-19",9.86,9.97,9.745,9.77,112246,17.604588,0.8972,,5417699.2198
"20-Sep-19",9.73,9.9,9.7,9.72,270844,17.997185,0.7678,,5572282.4332
"23-Sep-19",9.72,9.8365,9.65,9.74,127360,18.980057,0.8208,,5833564.4976
"24-Sep-19",9.8,9.85,9.4,9.52,135603,18.473052,0.8217,,5460020.5649
"25-Sep-19",9.45,9.61,9.29,9.4,191104,17.72757,0.8087,,5254515.4595
"26-Sep-19",9.38,9.39,9.27,9.295,92377,17.377729,0.8072,,5139802.2922
"27-Sep-19",9.34,9.45,9.26,9.31,117952,17.662104,0.7824,,5226788.5802
"30-Sep-19",9.31,9.4294,9.19,9.265,119373,17.088501,0.7702,4844879,4972897.3521
"01-Oct-19",9.32,9.55,9.04,9.08,199930,17.624426,0.8958,,5117512.0559
"02-Oct-19",9,9.18,8.8897,9.16,136882,16.890046,0.7668,,4842961.5844
"03-Oct-19",9.1,9.2391,8.88,9.09,240036,17.407041,0.7721,,5022370.8034
"04-Oct-19",9.04,9.14,8.92,9.06,165994,17.634716,0.7914,,5115881.063
"07-Oct-19",9.04,9.14,8.95,8.95,130356,17.979659,0.7908,,5229506.9017
"08-Oct-19",8.88,9.05,8.85,8.965,136257,17.525379,0.7654,,5065320.2831
"09-Oct-19",8.99,9.12,8.87,8.89,104896,16.832402,0.7606,,4752826.299
"10-Oct-19",8.93,9.29,8.93,9.23,127866,16.664692,0.752,,4716974.1944
"11-Oct-19",9.32,9.55,9.32,9.41,193063,16.552915,0.7603,,4723272.5371
"14-Oct-19",9.38,9.41,9.28,9.31,121469,16.570191,0.7602,,4720850.0976
"15-Oct-19",9.34,9.49,9.3,9.445,97218,16.847178,0.7591,4807506,4757186.6901
"16-Oct-19",9.44,9.67,9.42,9.63,106759,16.886536,0.8928,,4752341.8111
"17-Oct-19",9.7,9.94,9.65,9.78,156931,17.76475,0.8226,,4790131.8673
"18-Oct-19",9.74,9.86,9.6,9.685,159752,17.841467,0.7907,,4762031.5691
"21-Oct-19",9.82,9.95,9.77,9.86,89513,17.893454,0.7658,,4767845.4239
"22-Oct-19",9.86,10.01,9.695,9.9,114424,18.197642,0.7547,,4813387.2865
"23-Oct-19",9.85,10.16,9.79,9.91,153495,18.402973,0.7658,,4858929.1491
"24-Oct-19",9.96,10.04,9.51,9.64,209781,18.395369,0.7558,,4921924.6428
"25-Oct-19",9.64,9.92,9.6,9.85,186501,20.306804,0.7611,,5443539.0438
"28-Oct-19",9.92,9.96,9.48,9.61,292002,19.846256,0.745,,5416617.0102
"29-Oct-19",9.56,9.63,9.21,9.41,318908,19.958779,0.7397,,5482960.593
"30-Oct-19",9.4,9.41,9.21,9.37,166386,19.87471,0.7388,,5441616.0414
"31-Oct-19",9.36,9.4,9.1,9.31,290214,19.313162,0.7371,4447635,5344985.1708
"01-Nov-19",10.03,10.24,9.28,9.57,777931,18.752261,0.5794,,5371907.2044
"04-Nov-19",9.7,9.73,9.465,9.51,389799,18.223347,0.744,,5190183.4776
"05-Nov-19",9.24,9.41,9.08,9.39,506806,17.613663,0.7402,,5106532.8732
"06-Nov-19",9.19,9.515,8.97,9.485,425173,17.672074,0.7433,,5075764.8348
"07-Nov-19",9.54,9.89,9.44,9.47,421912,17.138703,0.7415,,4999806.24
"08-Nov-19",9.43,9.57,9.39,9.46,136561,17.27328,0.7423,,5018555.5134
"11-Nov-19",9.39,9.46,9.24,9.28,164480,17.212801,0.7423,,5018555.5134
"12-Nov-19",9.29,9.39,9.1,9.115,250536,17.209174,0.7474,,4178553.0825
"13-Nov-19",9.09,9.14,8.83,8.85,249653,17.153987,0.7462,,4184779.7715
"14-Nov-19",8.82,8.94,8.8,8.8,202200
"15-Nov-19",8.8,8.85,8.72,8.77,207352,17.547051,0.741,4943493,4157204.4345
"18-Nov-19",8.76,8.82,8.64,8.72,170596,17.943949,0.7445,,4164765.414
"19-Nov-19",8.75,8.75,8.49,8.53,308345,17.873348,0.7405,,4170547.3395
"20-Nov-19",8.5,8.59,8.32,8.46,378306,18.150628,0.7406,,4173660.684
"21-Nov-19",8.49,8.52,8.4,8.48,229658,18.111304,0.7428,,4180776.9
"22-Nov-19",8.51,8.62,8.42,8.56,250879,17.791663,0.7395,,4126515.753
"25-Nov-19",8.63,8.82,8.55,8.78,317713,17.738741,0.7383,,4124736.699
"26-Nov-19",8.82,8.87,8.6926,8.76,166331,17.785465,0.7401,,4897518.5151
"27-Nov-19",8.76,8.81,8.74,8.75,140271,17.769585,0.7328,,4870823.6529
"28-Nov-19",,,,,,18.314225,0.7328,,4870823.6529
"29-Nov-19",8.71,8.75,8.67,8.71,146455,18.47057,0.7333,4510428,4894552.4193
"02-Dec-19",8.67,8.735,8.57,8.62,184458,18.723572,0.7403,,4911854.6448
"03-Dec-19",8.49,8.72,8.45,8.62,265332,18.143337,0.7311,,4776402.9366
"04-Dec-19",8.7,8.755,8.62,8.65,149168,18.4036,0.7312,,4797659.9565
"05-Dec-19",8.66,8.795,8.63,8.78,140107,18.493352,0.7251,,4771953.7929
"06-Dec-19",8.74,8.86,8.74,8.78,159965,18.755392,0.7244,,4794199.5114
"09-Dec-19",8.76,8.8,8.68,8.69,179780,18.701339,0.7252,,4792716.4635
"10-Dec-19",8.65,8.67,8.58,8.61,137558,18.846157,0.7254,,4418866.3116
"11-Dec-19",8.6,8.82,8.58,8.74,214963,18.762234,0.7266,,4399471.4712
"12-Dec-19",8.77,9.14,8.66,9.09,193207,18.831626,0.7262,,4408041.2844
"13-Dec-19",9.09,9.2,9.04,9.15,135555,18.844079,0.7286,4500720,4390901.658
"16-Dec-19",9.16,9.3117,9.16,9.24,190657,19.00204,0.7279,,4356171.3624
"17-Dec-19",9.27,9.32,9.18,9.3,140448,18.954375,0.7356,,4330010.88
"18-Dec-19",9.31,9.42,9.17,9.35,175163,18.854293,0.7203,,4332266.094
"19-Dec-19",9.38,9.42,9.23,9.38,161530,18.403595,0.7203,,4224466.8648
"20-Dec-19",9.42,9.57,9.35,9.53,338464,18.124128,0.7196,,4230781.464
"23-Dec-19",9.56,9.82,9.49,9.6,253981,18.053291,0.7207,,4209131.4096
"24-Dec-19",9.66,9.99,9.64,9.99,276743
"25-Dec-19",,,,,,17.619281,0.7189,,4280634.792
"26-Dec-19",10,10.02,9.81,9.98,162020,17.582905,0.7186,,4262631.912
"27-Dec-19",10,10.03,9.84,9.97,185110
"30-Dec-19",9.97,10,9.69,9.84,251498,17.702108,0.7181,,4363448.04
"31-Dec-19",9.85,9.97,9.76,9.79,122188,17.848649,0.7192,4977902,4370199.12
"01-Jan-20",,,,,,17.726509,0.7192,,4370199.12
"02-Jan-20",9.83,9.83,9.6,9.74,123170,17.884965,0.7302,,4384601.424
"03-Jan-20",9.61,9.9,9.55,9.79,134303,18.381479,0.7298,,4505670.792
"06-Jan-20",9.63,9.83,9.56,9.71,132906,18.441991,0.7285,,4500720
"07-Jan-20",9.7,9.84,9.63,9.79,125570,18.548502,0.7301,,4497569.496
"08-Jan-20",9.79,10.04,9.75,9.81,170973,18.345437,0.734,,4461563.736
"09-Jan-20",9.8,9.96,9.77,9.82,110224,18.762019,0.7438,,4554278.568
"10-Jan-20",9.83,9.95,9.77,9.95,120602,18.66331,0.7327,,5166066.6956
"13-Jan-20",10,10.11,9.96,10,209641,18.664812,0.742,,5205392.1214
"14-Jan-20",9.96,10.105,9.9,9.94,146249,18.603578,0.7428,,5162582.1642
"15-Jan-20",9.95,10.25,9.95,10.12,182655,18.713891,0.7455,4487604,5216841.296
"16-Jan-20",10.22,10.53,10.22,10.52,200021,18.525756,0.7412,,5203400.9606
"17-Jan-20",10.59,10.6,10.34,10.39,127893,18.572726,0.7415,,5224308.149
"20-Jan-20",,,,,,18.413232,0.7414,,5223810.3588
"21-Jan-20",10.42,10.42,10.17,10.34,172426,18.733119,0.7445,,5296985.5182
"22-Jan-20",10.33,10.44,10.31,10.38,119039,17.692828,0.7392,,5013742.8944
"23-Jan-20",10.31,10.36,10.16,10.35,151346,17.540711,0.7368,,4984373.2726
"24-Jan-20",10.4,10.4,10.22,10.3,143481,17.635281,0.7384,,5007271.6218
"27-Jan-20",10.09,10.24,10.026,10.17,127109,18.198507,0.7451,,4427918.8668
"28-Jan-20",10.22,10.49,10.19,10.36,198582,17.706286,0.7427,,4302714.7152
"29-Jan-20",10.42,10.5,10.25,10.31,93160,17.990032,0.7395,,4307651.0796
"30-Jan-20",10.11,10.375,10.1,10.33,163496,18.438507,0.7439,,4363746.1296
"31-Jan-20",10.3,10.46,10.15,10.21,135371,17.954354,0.7651,4380102,4239439.4988
"03-Feb-20",10.28,10.36,10.19,10.25,171182,18.674357,0.7585,,4177061.8032
"04-Feb-20",10.37,10.49,10.35,10.4,161692,18.788586,0.757,,4190075.8548
"05-Feb-20",10.5,10.86,10.43,10.8,324138,19.350538,0.767,,4292393.226
"06-Feb-20",10.8,10.89,10.7,10.73,161141,19.534703,0.7604,,4212962.6352
"07-Feb-20",10.68,10.7194,10.32,10.42,144044,19.668669,0.7582,,4143404.7732
"10-Feb-20",10.39,10.56,10.2,10.49,82883,20.019644,0.756,,4112440.3056
"11-Feb-20",10.54,10.74,10.52,10.62,109236,19.847719,0.75,,4185625.4712
"12-Feb-20",10.69,10.88,10.67,10.84,111967,19.967965,0.7501,,4191757.614
"13-Feb-20",10.84,10.99,10.82,10.9,106505,20.275311,0.7501,,4202269.8588
"14-Feb-20",10.86,10.99,10.71,10.83,121004,20.465151,0.7496,4198220,4193509.6548
"17-Feb-20",,,,,,20.573336,0.7496,,4193509.6548
"18-Feb-20",10.8,10.96,10.17,10.83,85833,20.787405,0.7495,,4201831.8486
"19-Feb-20",10.97,11,10.9,10.95,123988,20.821246,0.7481,,4190881.5936
"20-Feb-20",10.96,11.07,10.91,11.02,177376,21.774389,0.7402,,4329292.8168
"21-Feb-20",10.99,11.05,10.85,10.9,126825,22.285314,0.7423,,4325788.7352
"24-Feb-20",10.44,10.59,10.32,10.38,295111,22.194011,0.7416,,4300384.1436
"25-Feb-20",10.41,10.48,9.9664,10.12,235241,22.028639,0.7386,,4296442.0518
"26-Feb-20",10.22,10.3,9.97,10.06,152934,22.233809,0.7382,,4272948.316
"27-Feb-20",9.8,10.12,9.64,9.8,259918,22.304041,0.74,,4325426.066
"28-Feb-20",9.47,10.02,9.45,9.84,363855,22.140727,0.7415,4348686,4386720.078
"02-Mar-20",9.89,9.93,9.63,9.92,215087,21.910767,0.7417,,4369507.376
"03-Mar-20",9.92,10.19,9.57,9.73,153133,22.306687,0.741,,4434999.608
"04-Mar-20",9.85,9.92,9.68,9.88,155098,22.155832,0.7404,,4359431.648
"05-Mar-20",9.66,9.72,9.45,9.61,185076,21.496774,0.7433,,4243980.598
"06-Mar-20",10.04,10.74,9.87,10.5,564465,21.204482,0.7541,,4355233.428
"09-Mar-20",8.86,9.13,8.3,9.05,558114,20.589208,0.7542,,4382521.858
"10-Mar-20",9.25,9.28,8.5,9,383681,20.01169,0.7515,,4298676.111
"11-Mar-20",8.74,9.01,8.5,8.5,458397,19.739418,0.769,,4357818.2406
"12-Mar-20",8.28,8.28,6.87,7.14,653049,18.868607,0.7663,,4319114.9352
"13-Mar-20",7.62,7.73,7.28,7.49,380508,19.086357,0.7895,4578841,4435224.8514
"16-Mar-20",7,7.58,6.74,6.8,313705,18.131855,0.785,,4273453.7322
"17-Mar-20",6.97,7.76,6.82,7.73,459659,18.045774,0.7746,,4343467.5768
"18-Mar-20",7.26,7.49,6.27,6.71,612681,17.461664,0.8182,,4356078.7662
"19-Mar-20",6.75,7.58,6.6,7.21,333227,17.676858,0.8755,,4461751.836
"20-Mar-20",7.25,7.36,6.38,6.5,489788,16.609058,0.8052,,4293892.5564
"23-Mar-20",6.56,6.81,6.11,6.7,440185,16.677514,0.8127,,4343032.7082
"24-Mar-20",7.11,7.27,6.86,7.2,317490,16.487621,0.7715,,4452464.9884
"25-Mar-20",7.19,7.565,7.05,7.13,303470,16.065061,0.7805,,4346693.7613
"26-Mar-20",7.26,7.57,7.0055,7.26,266022,15.156615,0.7414,,4111799.218
"27-Mar-20",7.02,7.095,6.7,6.73,416446,14.694509,0.7219,,4056853.126
"30-Mar-20",6.8,7.07,6.51,7.05,211105,16.005505,0.716,,4426823.4788
"31-Mar-20",7.04,7.55,7.04,7.44,290325,15.961413,0.7156,4221621,4426365.5947
"01-Apr-20",7.25,7.64,7,7.25,386947,15.874158,0.706,,4481311.6867
"02-Apr-20",7.2,7.54,7.13,7.32,234914,15.902763,0.7002,,4488637.8323
"03-Apr-20",7.2,7.39,6.75,6.94,192155,15.957123,0.7019,,4524810.6762
"06-Apr-20",7.26,7.59,7.16,7.39,290141,15.749316,0.7043,,4511532.0373
"07-Apr-20",7.51,7.87,7.48,7.72,351929,15.637482,0.6975,,4543126.0402
"08-Apr-20",7.84,7.84,7.54,7.79,336874,15.296813,0.6958,,4504205.8917
"09-Apr-20",7.86,8.04,7.18,7.42,406330,15.254962,0.6965,,4347847.4679
"10-Apr-20",,,,,,15.120247,0.6965,,4347847.4679
"13-Apr-20",7.35,7.38,7.1301,7.23,246277,14.690643,0.7003,,4257504.7785
"14-Apr-20",7.26,7.73,7.26,7.37,266319,14.423268,0.6954,,4194602.6256
"15-Apr-20",7.11,7.25,6.795,6.99,256593,13.9964,0.6947,4222123,4098349.6668
"16-Apr-20",7.05,7.05,6.66,7,236671,13.969088,0.6962,,4103837.7741
"17-Apr-20",7.22,7.62,7.1178,7.58,257520,13.918216,0.6667,,4103415.612
"20-Apr-20",7.39,7.64,7.34,7.53,175446,13.825606,0.6648,,4087795.6143
"21-Apr-20",7.38,7.56,7.185,7.32,137100,14.072312,0.6644,,4130011.8243
"22-Apr-20",7.51,7.56,7.2,7.29,156546,14.059527,0.6555,,4122412.9065
"23-Apr-20",7.29,7.66,7.29,7.52,187069,14.160137,0.6481,,4168850.7375
"24-Apr-20",7.51,7.6518,7.22,7.6,192455,14.043879,0.6455,,4270255.2022
"27-Apr-20",7.65,7.7385,7.5,7.67,162802,14.08329,0.6473,,4287143.6942
"28-Apr-20",7.71,7.96,7.62,7.86,266467,13.842235,0.6425,,4248722.3749
"29-Apr-20",8.09,8.44,8.02,8.36,409547,13.127588,0.6384,,4080259.6672
"30-Apr-20",8.14,8.34,8.02,8.14,189387,13.344268,0.6271,3922862,4171035.3117
"01-May-20",7.75,7.98,7.5101,7.78,253316,12.903184,0.6268,,4086170.6394
"04-May-20",7.72,7.99,7.5,7.84,239644,12.955499,0.6297,,4119103.1988
"05-May-20",8,8.14,7.83,7.85,181945,12.816597,0.6378,,4079837.4549
"06-May-20",7.87,7.95,7.705,7.76,145624,12.954342,0.6444,,4080681.8795
"07-May-20",7.85,8,7.72,7.89,209237,12.854717,0.6396,,4060837.9014
"08-May-20",8.03,8.25,7.86,8.18,213812,12.893147,0.6415,,4089548.3378
"11-May-20",8.06,8.34,7.9,8.3,236455,12.802473,0.6405,,3853819.6288
"12-May-20",8.04,8.1,7.53,7.64,455592,12.516809,0.6405,,3843227.9014
"13-May-20",7.6,7.6,7.05,7.13,597820,12.058505,0.6401,,3804783.8538
"14-May-20",7.04,7.47,6.97,7.47,603402,11.883221,0.6492,,3852642.7702
"15-May-20",7.44,7.44,7.18,7.26,217406,11.108893,0.6486,4056759,3620409.3398
"18-May-20",7.5,7.705,7.48,7.6,294727,10.713083,0.6441,,3490954.8938
"19-May-20",7.67,7.76,7.4916,7.55,181387,10.515097,0.6475,,3443880.5498
"20-May-20",7.65,7.89,7.63,7.79,380847,10.236661,0.6473,,3397590.7782
"21-May-20",7.77,7.86,7.69,7.77,170275,10.070201,0.6404,,3341101.5654
"22-May-20",7.76,7.81,7.69,7.75,116520,10.10508,0.639,,3350908.7204
"25-May-20",,,,,,10.052219,0.6392,,3334432.7
"26-May-20",7.93,8.08,7.75,8,259027,9.994055,0.6416,,3319525.8244
"27-May-20",8.16,8.31,7.9001,8.24,277667,9.776499,0.6376,,3662442.0252
"28-May-20",8.27,8.27,7.82,7.835,292790,9.551217,0.6404,,3584146.5765
"29-May-20",7.78,7.79,7.49,7.685,252596,9.420588,0.6393,3629682,3514775.9976
"01-Jun-20",7.67,7.84,7.49,7.7,153778,9.416761,0.6464,,3486378.6846
"02-Jun-20",7.71,8.09,7.71,7.99,186590,9.41856,0.651,,3466500.5655
"03-Jun-20",8.09,8.24,8.06,8.14,155048,9.512207,0.6566,,3490435.4436
"04-Jun-20",8.08,8.6,8.08,8.48,182523,9.595743,0.6521,,3526134.9228
"05-Jun-20",8.76,9.17,8.695,8.95,385562,9.36272,0.6527,,3481510.5738
"08-Jun-20",9.06,9.1685,8.94,9.05,251316,9.327326,0.6479,,3433235.1417
"09-Jun-20",8.9,9.06,8.82,8.88,123590,9.322122,0.6547,,3511354.3668
"10-Jun-20",8.85,8.92,8.65,8.655,177164,9.476265,0.6539,,3499013.448
"11-Jun-20",8.54,8.54,8.01,8.02,158168,9.556029,0.6533,,3485946.5928
"12-Jun-20",8.32,8.4299,7.95,8.195,189852,9.949074,0.6479,,3577051.611
"15-Jun-20",8.02,8.68,7.965,8.5,233328,10.139786,0.6464,3781711,3541480.7274
"16-Jun-20",8.8,8.96,8.45,8.7,109960,10.288582,0.6528,,3560355.0738
"17-Jun-20",8.69,8.85,8.39,8.43,112519,10.564335,0.6537,,3614074.3674
"18-Jun-20",8.39,8.64,8.39,8.56,161519,10.778267,0.6535,,3624237.477
"19-Jun-20",8.65,8.95,8.61,8.83,595743,10.827979,0.6533,,3637667.3004
"22-Jun-20",8.66,8.75,8.55,8.69,180138,11.225802,0.6515,,3686668.0074
"23-Jun-20",8.75,8.8599,8.685,8.745,193112,11.223195,0.6541,,3671423.343
"24-Jun-20",8.62,8.705,8.43,8.43,232260,11.692567,0.6598,,4033572.9526
"25-Jun-20",8.33,8.57,8.2501,8.51,248033,11.798659,0.6614,,4053237.8498
"26-Jun-20",8.43,8.6,8.35,8.355,567738,11.904824,0.6583,,4155344.0468
"29-Jun-20",8.44,9.31,8.44,8.91,590921,11.807759,0.6509,,4162907.4688
"30-Jun-20",7.7,7.8,7.02,7.595,1499341,11.597556,0.666,3959270,4389431.9577
"01-Jul-20",7.61,7.6885,6.8,7.01,928007,10.727621,0.6593,,4220767.6471
"02-Jul-20",7,7.18,6.83,6.85,391788,11.026003,0.6608,,4339135.2014
"03-Jul-20",,,,,,10.99299,0.6607,,4339135.2014
"06-Jul-20",7.01,7.45,6.88,7.385,506594,10.519472,0.6666,,4223793.0159
"07-Jul-20",7.29,7.46,7.08,7.11,293323,10.834731,0.663,,4350858.5055
"08-Jul-20",7.19,7.255,6.77,6.85,342483,11.271087,0.6655,,4524060.8693
"09-Jul-20",6.69,6.98,6.69,6.88,398332,11.2499,0.6684,,4530489.778
"10-Jul-20",6.9,6.97,6.8,6.93,289549,11.540196,0.6696,,4165547.967
"13-Jul-20",6.96,7.22,6.95,7.02,212730,11.323789,0.6734,,4069733.633
"14-Jul-20",7.17,7.415,7.0991,7.4,260912,11.131026,0.6737,,4003613.824
"15-Jul-20",7.55,7.7,7.51,7.65,363090,11.293924,0.677,4174206,4083195.151
"16-Jul-20",7.64,7.77,7.51,7.64,221223,11.223356,0.6794,,4049937.283
"17-Jul-20",7.6,7.77,7.46,7.51,173636,11.086636,0.686,,3987380.817
"20-Jul-20",7.48,7.64,7.42,7.56,151236,11.156244,0.6698,,3989756.379
"21-Jul-20",7.76,7.84,7.65,7.81,169324,10.992812,0.6656,,3929971.402
"22-Jul-20",7.78,7.87,7.59,7.68,179983,11.148753,0.6766,,3994903.43
"23-Jul-20",7.67,7.86,7.6427,7.78,129646,11.211364,0.6776,,4011532.364
"24-Jul-20",7.74,7.82,7.65,7.7,127681,11.178741,0.6799,,4076112.159
"27-Jul-20",7.7,7.85,7.64,7.81,121577,11.096574,0.6738,,4030613.3136
"28-Jul-20",7.78,7.85,7.61,7.75,181765,11.103173,0.6743,,4037292.0432
"29-Jul-20",7.78,7.99,7.705,7.93,159603,11.104359,0.6721,,4014333.9102
"30-Jul-20",7.76,7.95,7.72,7.87,163706,11.106649,0.6654,,3961738.9146
"31-Jul-20",7.93,7.99,7.43,7.59,312131,11.142151,0.6628,3837782,3980105.421
"03-Aug-20",7.64,7.95,7.53,7.59,250370,11.12482,0.6636,,3994297.7214
"04-Aug-20",7.63,7.72,7.56,7.68,166568,10.924484,0.6612,,3897038.7216
"05-Aug-20",7.8,7.85,7.65,7.74,159689,11.392699,0.6616,,4046475.2964
"06-Aug-20",7.7,7.85,7.67,7.75,187364,11.213429,0.655,,3984279.627
"07-Aug-20",7.67,7.94,7.65,7.94,216603,11.649035,0.6699,,4155004.6524
"10-Aug-20",7.95,8.34,7.94,8.23,146157,11.547851,0.6682,,4120358.7426
"11-Aug-20",8.28,8.58,8.28,8.395,193836,11.50434,0.6678,,3938331.8884
"12-Aug-20",8.45,8.45,8.3,8.33,130352,11.56777,0.6678,,3937564.332
"13-Aug-20",8.27,8.39,8.2301,8.3,89061,11.656917,0.6658,,3888440.7224
"14-Aug-20",8.22,8.41,8.13,8.39,164890,11.933475,0.6649,3730553,3884602.9404
"17-Aug-20",8.38,8.5,8.33,8.38,135650,12.368843,0.6652,,3929504.9898
"18-Aug-20",8.34,8.34,8.2,8.26,91119,12.425746,0.6649,,3907629.6324
"19-Aug-20",8.27,8.37,8.13,8.2,95569,12.523528,0.6656,,3892278.5044
"20-Aug-20",8.13,8.1853,8.05,8.09,95860,12.682937,0.6608,,3921445.6476
"21-Aug-20",8.08,8.19,7.93,8.15,242436,12.410522,0.6523,,3805160.853
"24-Aug-20",8.15,8.24,7.985,8.02,126481,12.282667,0.652,,3787890.834
"25-Aug-20",8.1,8.3,8.06,8.26,234699,12.765769,0.6498,,3776065.7466
"26-Aug-20",8.25,8.25,8.015,8.14,158719,12.916926,0.6431,,3798822.1199
"27-Aug-20",8.22,8.28,8.1,8.19,181717,12.509747,0.6303,,3661910.8248
"28-Aug-20",8.35,8.48,8.23,8.455,304238,11.522184,0.6179,,3378388.7968
"31-Aug-20",8.44,8.58,8.37,8.51,186980,11.568656,0.6175,3679318,3370181.5802
"01-Sep-20",8.51,8.76,8.39,8.76,195809,11.645004,0.6174,,3381000.1839
"02-Sep-20",8.7,8.91,8.69,8.87,206778,11.500012,0.6179,,3349663.5387
"03-Sep-20",8.85,8.85,8.49,8.61,223314,11.516313,0.6173,,3361974.3636
"04-Sep-20",8.74,8.75,8.59,8.66,211550,11.52093,0.6228,,3374658.2438
"07-Sep-20",,,,,,11.495679,0.623,,3354140.2023
"08-Sep-20",8.66,8.89,8.47,8.825,254643,11.518923,0.6247,,3361601.3083
"09-Sep-20",8.86,9.08,8.8,8.85,251422,11.164817,0.6243,,3258264.9902
"10-Sep-20",8.88,8.99,8.74,8.795,218381,11.02667,0.6222,,3533617.0072
"11-Sep-20",8.83,9.18,8.8,8.96,246191,10.889408,0.6227,,3504182.4632
"14-Sep-20",8.99,9,8.55,8.65,316540,10.904652,0.6258,,3557164.6424
"15-Sep-20",8.69,8.76,8.52,8.65,241065,10.850908,0.6238,3196429,3536192.5298
"16-Sep-20",8.69,8.91,8.59,8.79,188133,10.822224,0.6255,,3517060.0762
"17-Sep-20",8.7,8.8,8.59,8.77,121977,11.241337,0.6262,,3656138.2966
"18-Sep-20",8.76,9.05,8.54,8.63,1149217,10.73364,0.6281,,3707648.7486
"21-Sep-20",8.38,8.38,7.9,7.96,251965,11.053711,0.6308,,3767253.7002
"22-Sep-20",7.99,8.135,7.92,8.04,176426,9.35997,0.6193,,3173043.8432
"23-Sep-20",8.05,8.15,7.91,7.98,350838,9.397727,0.6185,,3217195.6592
"24-Sep-20",7.92,8.18,7.87,8.07,161749,9.261913,0.6217,,2861123.5979
"25-Sep-20",7.99,8.13,7.895,8.07,186500,9.454452,0.6117,,2912905.7477
"28-Sep-20",8.18,8.3,7.955,8.24,155693,9.76347,0.6106,,2940075.3942
"29-Sep-20",8.22,8.23,8.03,8.17,164191,9.58487,0.6102,,2869434.3133
"30-Sep-20",8.23,8.33,8.155,8.2,165638,9.787289,0.6091,2771382,2856648.5973
"01-Oct-20",8.29,8.38,8.12,8.33,143501,10.687886,0.6145,,2864320.0269
"02-Oct-20",8.15,8.48,8.15,8.39,115530,11.314611,0.6103,,2870393.242
"05-Oct-20",8.4,8.66,8.4,8.61,106624,11.514102,0.6105,,2863361.0982
"06-Oct-20",8.67,8.68,8.45,8.47,191334,11.776022,0.6117,,2923134.3205
"07-Oct-20",8.55,8.74,8.55,8.68,152853,11.823398,0.6088,,2862402.1695
"08-Oct-20",8.73,8.77,8.67,8.76,98134,11.957009,0.6114,,2854091.4541
"09-Oct-20",8.86,8.9,8.74,8.84,218522,12.033249,0.6106,,2761405.0248
"12-Oct-20",8.9,9.26,8.85,9.25,304473,12.21336,0.6106,,2765839.236
"13-Oct-20",9.16,9.31,9.02,9.11,147636,12.421526,0.6133,,2801312.9256
"14-Oct-20",9.14,9.24,9.03,9.05,156117,11.870098,0.6074,,2665515.2076
"15-Oct-20",8.94,9.19,8.7,9.17,171835,11.956629,0.608,2697780,2667178.0368
"16-Oct-20",9.15,9.37,9.14,9.3,483716,11.659658,0.6082,,2624498.754
"19-Oct-20",9.29,9.38,9.17,9.2,225355,11.431529,0.6093,,2579602.3656
"20-Oct-20",9.28,9.54,9.28,9.45,193883,11.715235,0.6083,,2641958.4606
"21-Oct-20",9.41,9.74,9.41,9.44,324331,11.656208,0.6089,,2662466.6874
"22-Oct-20",9.5,9.7132,9.47,9.65,144919,11.842749,0.6121,,2700157.4826
"23-Oct-20",9.67,9.73,9.61,9.69,115534,11.767242,0.6116,,2670226.557
"26-Oct-20",9.55,9.55,9.1025,9.14,180617,11.728412,0.6114,,2718013.35
"27-Oct-20",9.14,9.17,9.01,9.16,87744,11.262307,0.6099,,2587171.02
"28-Oct-20",8.94,8.965,8.75,8.82,144754,11.693987,0.6116,,2691035.55
"29-Oct-20",8.76,8.93,8.635,8.895,123158,12.052188,0.6062,,2761447.608
"30-Oct-20",9.2,9.86,9.2,9.69,354764,11.666854,0.6045,2895234,2711808.456
"02-Nov-20",9.74,9.8,9.45,9.6,159360,11.930294,0.6052,,2750386.71
"03-Nov-20",9.81,9.82,9.63,9.79,153294,11.932109,0.6034,,2740404.924
"04-Nov-20",9.56,9.67,9.42,9.55,111579,12.09379,0.6066,,2748768.042
"05-Nov-20",9.57,10.15,9.57,10.04,190970,12.144189,0.6106,,2765494.278
"06-Nov-20",10.12,10.12,9.91,10.02,157454,12.164342,0.6077,,2769540.948
"09-Nov-20",10.33,10.9,10.08,10.11,352592,11.950615,0.607,,2752005.378
"10-Nov-20",10.25,10.66,10.16,10.62,348600,11.953546,0.7035,,2970220.5606
"11-Nov-20",10.67,10.67,10.19,10.385,261966,11.864155,0.7035,,2972826.2712
"12-Nov-20",10.29,10.35,10.02,10.1,116683,11.791815,0.7043,,2938372.9866
"13-Nov-20",10.22,10.35,10,10.13,139499,11.586973,0.7074,2834584,2889154.0086
"16-Nov-20",9.9,10.45,9.8,10.41,174698,11.458218,0.706,,2884232.1108
"17-Nov-20",10.35,10.65,10.13,10.49,169072,11.351339,0.7093,,2848910.256
"18-Nov-20",10.57,10.725,10.36,10.405,396151,11.149192,0.7104,,2850936.9198
"19-Nov-20",10.44,10.52,10.28,10.5,184849,11.776114,0.686,,3031309.998
"20-Nov-20",10.42,10.74,10.42,10.65,183966,11.529789,0.6918,,2986433.871
"23-Nov-20",10.79,10.91,10.72,10.81,246393,11.364984,0.6951,,2969641.5138
"24-Nov-20",10.9,11.23,10.9,11.09,227423,10.747447,0.7018,,2757199.8568
"25-Nov-20",11.1,11.1,10.76,10.9,133414,10.614842,0.704,,2724602.1408
"26-Nov-20",,,,,,10.588714,0.7049,,2714681.0968
"27-Nov-20",10.85,10.96,10.73,10.88,92719,10.467816,0.705,,2671028.5032
"30-Nov-20",10.79,10.84,10.62,10.67,159940,10.71993,0.7023,2831755,2713830.7216
"01-Dec-20",10.87,11.12,10.8018,11.07,368216,10.551525,0.7023,,2706460.8032
"02-Dec-20",11.03,11.2,10.85,11.08,212772,10.389714,0.7005,,2668193.9192
"03-Dec-20",11.08,11.19,10.97,11,152636,10.873854,0.6923,,2781577.2792
"04-Dec-20",10.91,11.29,10.82,11.285,274686,10.957567,0.6902,,2813324.62
"07-Dec-20",11.32,11.45,11.19,11.35,192777,10.844988,0.6928,,2780726.904
"08-Dec-20",11.3,11.72,11.17,11.71,186950,10.818142,0.6928,,2767971.276
"09-Dec-20",11.72,12.3,11.72,12.14,383981,10.875559,0.6855,,2930016.8985
"10-Dec-20",12.12,12.15,11.87,12.045,162532,11.20728,0.6872,,3000527.598
"11-Dec-20",12,12.44,12,12.41,218058,11.207537,0.6872,,3000527.598
"14-Dec-20",12.71,12.93,12.56,12.6,321886,11.375854,0.6896,,3061693.506
"15-Dec-20",12.75,13,12.67,13,332921,11.640816,0.691,2831632,3136735.0135
"16-Dec-20",12.96,13,12.71,12.78,218668,11.880001,0.6914,,3196201.8685
"17-Dec-20",12.8,13.11,12.66,13.07,217797,11.967436,0.6896,,3226501.647
"18-Dec-20",13.15,13.37,13,13.15,848740,10.734879,0.692,,3041304.87
"21-Dec-20",12.64,13.29,12.43,13.21,230019,11.547895,0.6884,,3071321.473
"22-Dec-20",13.18,13.48,13.1142,13.43,191816,11.692474,0.6903,,3096524.0925
"23-Dec-20",13.56,13.75,13.52,13.71,227511,11.557002,0.689,,3071604.6485
"24-Dec-20",13.84,13.84,13.59,13.65,137503,11.735163,0.6865,,2773017.2176
"25-Dec-20",,,,,,11.739617,0.6862,,2784626.9088
"28-Dec-20",13.86,13.98,13.7,13.75,260975,11.820025,0.6837,,2818889.656
"29-Dec-20",13.85,13.85,12.58,13.11,407137,11.757858,0.6814,,2855134.5456
"30-Dec-20",13.17,13.37,13.01,13.24,185125,11.958189,0.6809,,2908086.064
"31-Dec-20",13.902,13.902,13.1601,13.64,182922,12.056451,0.6814,2862157,2924509.5296
"01-Jan-21",,,,,,12.04129,0.6812,,2932154.936
"04-Jan-21",14.31,14.54,13.57,13.75,532059,11.622509,0.6808,,2930739.12
"05-Jan-21",13.8,14.58,13.8,14.45,330468,11.441442,0.6885,,2905537.5952
"06-Jan-21",14.5,14.78,14.18,14.45,421446,10.811579,0.6862,,2804448.3328
"07-Jan-21",14.6,15.13,14.57,15.09,335326,10.58624,0.685,,2772450.8912
"08-Jan-21",15.24,15.25,14.82,15.09,252457,10.244607,0.6864,,2700527.4384
"11-Jan-21",15,15.03,14.51,14.6,292085,9.909916,0.6867,,2649558.0624
"12-Jan-21",14.63,15.03,14.55,14.91,151710,10.25079,0.6849,,2666671.6769
"13-Jan-21",14.91,14.91,13.94,14.12,544958,10.480167,0.6676,,2769136.8975
"14-Jan-21",14.17,14.8156,14.16,14.73,262613,10.456746,0.6688,,2783161.4668
"15-Jan-21",14.47,14.69,14.25,14.51,218815,9.9485,0.6798,2516918,2658657.6373
"18-Jan-21",,,,,,10.055632,0.6798,,2658657.6373
"19-Jan-21",14.6,14.86,14.56,14.81,167767,9.954386,0.683,,2618873.655
"20-Jan-21",14.81,14.9,14.63,14.8,238447,9.841018,0.6848,,2591110.7321
"21-Jan-21",14.74,14.9,14.33,14.46,190518,9.819843,0.6874,,2585100.2024
"22-Jan-21",14.35,14.59,14.19,14.55,148681,9.895849,0.6892,,2575082.6529
"25-Jan-21",14.51,14.63,14.1,14.3,201426,9.689841,0.6908,,2552185.3969
"26-Jan-21",14.48,14.5222,14.03,14.22,145420,9.790495,0.6924,,2562202.9464
"27-Jan-21",13.92,14.02,13.4457,13.58,191673,9.797407,0.6925,,2429329.2536
"28-Jan-21",13.71,14.18,13.71,14.03,224660,9.72799,0.6928,,2433608.0142
"29-Jan-21",14.01,14.24,13.75,13.84,241493,9.052244,0.7011,2374173,2278817.5572
"01-Feb-21",14,14.05,13.72,13.96,110003,9.034334,0.7041,,2256165.2952
"02-Feb-21",14.05,14.15,13.885,14,177128,9.029284,0.7049,,2245090.856
"03-Feb-21",14,14.05,13.73,13.97,199894,9.395329,0.7118,,2342243.8908
"04-Feb-21",13.95,14.05,13.77,13.96,132339,9.351732,0.7111,,2328149.15
"05-Feb-21",14.12,14.63,14.015,14.46,275398,9.313682,0.7139,,2343502.3498
"08-Feb-21",14.61,14.97,14.57,14.75,262668,8.768849,0.714,,2229737.6562
"09-Feb-21",14.89,14.91,14.54,14.875,131971,8.814007,0.7155,,2317430.2653
"10-Feb-21",15,15,14.57,14.7,108500,8.878302,0.715,,2297487.2121
"11-Feb-21",14.84,14.9,14.55,14.87,120787,8.950727,0.716,,2281817.6703
"12-Feb-21",14.89,15.11,14.7019,15.07,270829,9.326358,0.711,2198357,2378921.346
"15-Feb-21",,,,,,9.18696,0.711,,2378921.346
"16-Feb-21",15.45,15.51,15.13,15.3,416197,9.108886,0.7118,,2386043.865
"17-Feb-21",15.22,15.29,14.7,15.02,188767,9.033538,0.7115,,2368474.9848
"18-Feb-21",15.1,15.1,14.59,14.76,144004,8.956631,0.713,,2344495.8375
"19-Feb-21",14.89,15.4,14.62,15.29,286772,9.183284,0.7125,,2386518.6996
"22-Feb-21",15.18,15.45,15.1,15.17,217522,9.460964,0.7092,,2473888.266
"23-Feb-21",14.98,16.54,14.66,16.29,1759446,8.272317,0.7062,,2379158.7633
"24-Feb-21",16.62,17.315,16.5,16.89,1008267,7.910772,0.7062,,2198796.6714
"25-Feb-21",17.13,17.97,17.03,17.49,911750,6.912688,0.7155,,1996767.6631
"26-Feb-21",17.51,17.8747,16.8,17.6,662447,6.377031,0.7052,2105997,1895863.0768
"01-Mar-21",17.99,18.33,17.87,18.27,674088,6.098959,0.7171,,1884431.6204
"02-Mar-21",18.205,18.6,16.7,16.74,671282,5.875342,0.6994,,1844201.6873
"03-Mar-21",16.82,17.69,16.82,17.33,333322,5.796128,0.6889,,1830791.7096
"04-Mar-21",17.22,17.3,16.14,16.25,402419,5.295973,0.6635,,1694273.7399
"05-Mar-21",16.41,16.65,15.26,16.37,599741,5.222219,0.6603,,1698010.9468
"08-Mar-21",16.53,17.04,16.35,16.93,432537,5.110775,0.6596,,1681743.105
"09-Mar-21",17.11,17.58,17.06,17.49,435629,4.877955,0.665,,1804839.429
"10-Mar-21",17.6,18.17,17.3,18.07,497394,4.750061,0.6555,,1767352.6824
"11-Mar-21",18.35,19.08,18.25,18.87,744489,4.477581,0.6643,,1712807.3601
"12-Mar-21",19.39,19.84,19.05,19.3,968516,4.532947,0.6376,,1795151.8428
"15-Mar-21",19.12,20.25,19.12,19.42,655818,4.532804,0.6439,2161733,1822529.8038
"16-Mar-21",18.52,18.85,17.38,18.1,1102580,4.393348,0.6602,,1827162.9972
"17-Mar-21",18,19.22,18,19.05,529655,3.689309,0.6955,,1555068.1848
"18-Mar-21",19.35,19.85,18.78,18.95,504383,3.409397,0.7065,,1454612.1279
"19-Mar-21",18.92,19.09,18.26,18.37,1394508,3.189505,0.7101,,1392274.6167
"22-Mar-21",18.67,18.67,17.59,18.06,393295,3.109198,0.7172,,1366370.8536
"23-Mar-21",18.04,18.34,17.73,17.77,336777,3.047972,0.7206,,1347416.8806
"24-Mar-21",17.93,18.53,17.64,17.69,319247,2.966981,0.7213,,1561419.7459
"25-Mar-21",17.42,17.88,17.03,17.78,259202,3.000623,0.7197,,1586928.1953
"26-Mar-21",18.07,18.86,17.92,18.82,319250,3.230955,0.7129,,1703013.2574
"29-Mar-21",18.95,19.03,17.7501,17.83,287842,3.109233,0.7153,,1640539.1737
"30-Mar-21",17.74,18.39,17.74,18.185,179788,3.295171,0.6924,,1722901.201
"31-Mar-21",18.26,18.51,18.0301,18.34,201883,3.476184,0.687,1959709,1818882.1462
"01-Apr-21",18.48,19.13,18.48,19.13,225140,3.566337,0.6781,,1869034.3518
"02-Apr-21",,,,,,3.566337,0.6543,,1869034.3518
"05-Apr-21",19.19,19.48,18.77,19.04,277591,3.592228,0.6782,,1863413.846
"06-Apr-21",19.11,19.59,18.92,18.99,361380,3.756263,0.6728,,1950964.0325
"07-Apr-21",18.85,19.22,18.51,18.54,239367,3.871019,0.6761,,1995928.0789
"08-Apr-21",18.62,18.81,18.2691,18.62,202558,3.741464,0.6797,,1918538.0375
"09-Apr-21",18.72,18.93,18.47,18.65,219170,3.747084,0.6794,,2067492.995
"12-Apr-21",18.72,18.91,18.06,18.32,277296,3.739024,0.6796,,2061809.8389
"13-Apr-21",18.36,18.72,18.02,18.25,157506,3.740674,0.6795,,2063181.6352
"14-Apr-21",18.44,18.74,18.36,18.5,159625,3.583081,0.6424,,1945011.1825
"15-Apr-21",18.66,18.66,17.78,18.31,229575,3.597865,0.6421,1928191,1950302.3968
"16-Apr-21",18.48,18.55,17.97,18.27,358733,3.620206,0.6412,,1974014.8757
"19-Apr-21",18.15,18.62,17.96,18.62,306516,3.574518,0.6429,,1942463.5608
"20-Apr-21",18.64,18.64,17.78,18,428371,4.358973,0.6267,,2394176.4853
"21-Apr-21",19.31,20.86,19.15,20.6,2048032,3.167521,0.6444,,1867406.7061
"22-Apr-21",21.17,21.585,20.52,20.74,1205901,3.294879,0.6432,,2017128.4737
"23-Apr-21",21.59,21.97,21.28,21.68,982012,3.171558,0.6581,,2000470.9472
"26-Apr-21",22,22.04,21.5,21.855,640520,3.43005,0.6396,,2172107.1615
"27-Apr-21",21.92,22.05,21.53,21.8,321948,3.516705,0.6445,,2240557.942
"28-Apr-21",21.775,21.9,21.5,21.62,222051,3.834786,0.6113,,2445717.4644
"29-Apr-21",22.275,22.42,21.55,21.81,426752,3.559534,0.6022,,2286063.2496
"30-Apr-21",21.56,21.85,21.04,21.2,408646,3.279746,0.5947,2325905,2118503.4517
"03-May-21",21.54,21.54,20.89,21.36,291532,3.79411,0.6025,,2490644.3147
"04-May-21",21.1,21.27,20.6,21.14,427774,3.606645,0.5999,,2385943.5434
"05-May-21",21.43,21.44,20.6938,20.81,335217,3.591853,0.5989,,2392499.3928
"06-May-21",20.75,20.995,19.5,20.37,1612429,3.377374,0.5976,,2350657.6481
"07-May-21",20.41,21.21,19.87,20.65,747870,3.037865,0.5984,,2130843.8741
"10-May-21",20.54,20.5598,17.51,17.81,1276138,2.766078,0.6081,,2026143.1028
"11-May-21",17.6,17.745,16.86,17.595,812527,2.764548,0.6111,,2271013.642
"12-May-21",17.24,17.41,16.4,16.755,960997,2.497942,0.6096,,2103548.482
"13-May-21",16.58,17.13,16.58,17.01,623466,2.422354,0.5893,,2060984.4205
"14-May-21",17.13,17.97,17.085,17.72,536695,2.418203,0.5823,2443212,2056100.02
"17-May-21",17.51,18.05,17.11,17.99,522821,2.537794,0.5991,,2164254.6025
"18-May-21",17.99,18.1999,17.66,17.81,546720,2.516873,0.5865,,2168208.641
"19-May-21",17.4,18.15,17.19,18.06,497517,2.392516,0.587,,2081684.975
"20-May-21",18.17,18.28,17.625,17.7,410818,2.488644,0.5885,,2172627.8605
"21-May-21",17.99,18.33,17.76,18.16,417294,2.32395,0.5788,,2020281.083
"24-May-21",18.17,18.3,17.91,18.14,249949,2.483459,0.5882,,2089593.052
"25-May-21",18.3,18.48,17.95,17.97,216791,2.383224,0.5953,,2328381.036
"26-May-21",17.96,18.2693,17.85,17.99,277177,2.634718,0.6111,,2526281.208
"27-May-21",18.28,18.81,18.25,18.75,567863,2.198967,0.6003,,2102383.926
"28-May-21",18.85,19.09,18.7,19.01,394045,2.137727,0.5992,2237306,2035684.2384
"31-May-21",,,,,,2.142099,0.5994,,2039837.6988
"01-Jun-21",19.08,19.63,19.03,19.45,564138,2.110138,0.5989,,2011740.7608
"02-Jun-21",19.46,19.79,19.42,19.6,416428,2.275371,0.6121,,2152958.4144
"03-Jun-21",19.44,20.02,19.43,19.99,412174,2.028637,0.6047,,1904728.0752
"04-Jun-21",20,20.17,19.77,20.08,330610,1.998812,0.6006,,1876631.1372
"07-Jun-21",20.17,20.245,19.5201,19.62,378376,2.207426,0.6117,,2065980.0672
"08-Jun-21",19.86,20.36,19.58,20.21,415688,2.268491,0.6004,,2116798.8768
"09-Jun-21",20.39,20.39,20.02,20.15,254844,2.250448,0.5833,,2295475.956
"10-Jun-21",20.13,21.3,19.775,20.78,660027,2.045049,0.5695,,2100159.1422
"11-Jun-21",20.97,21.28,20.45,20.89,506657,2.073046,0.5691,,2129467.8508
"14-Jun-21",21.04,21.74,20.56,20.81,731390,2.138361,0.5714,,2165488.4774
"15-Jun-21",20.88,21.34,20.711,21.32,465559,2.284516,0.5759,2496186,2310465.9062
"16-Jun-21",21.23,21.69,20.99,21.26,491370,2.368745,0.5831,,2383849.543
"17-Jun-21",21.29,21.86,20.67,20.7,483544,2.2486,0.5715,,2220302.4744
"18-Jun-21",20.37,20.66,19.98,20.03,1233634,2.248331,0.5764,,2268404.5534
"21-Jun-21",20.14,20.8587,20.12,20.77,396104,2.414556,0.5756,,2361476.483
"22-Jun-21",20.7,21.03,20.38,20.96,254058,3.699921,0.5881,,3591771.0524
"23-Jun-21",20.95,21.24,20.86,21.02,200901,3.414846,0.5969,,3294880.5462
"24-Jun-21",21.05,21.5,20.93,21.48,298005,3.124287,0.5886,,3252779.9766
"25-Jun-21",21.45,21.81,21.17,21.22,537464,3.303555,0.5897,,3463208.4564
"28-Jun-21",21.25,21.325,20.85,21.14,248993,3.095811,0.5781,,3261766.2462
"29-Jun-21",21.39,22.15,21.2,22.04,482194,2.985448,0.5777,,3144695.1228
"30-Jun-21",21.81,22.805,21.73,22.78,1011236,3.122854,0.5876,2361528,3364109.8722
"01-Jul-21",23.13,23.69,22.02,22.15,748198,3.130541,0.5854,,3463707.6936
"02-Jul-21",22.19,22.25,21.66,21.7,355905,3.600285,0.593,,3999139.5906
"06-Jul-21",21.79,21.89,21.44,21.79,440867,3.495783,0.5981,,3902287.5738
"07-Jul-21",21.26,21.85,19.87,20.36,963895,3.172001,0.5937,,3604991.8212
"08-Jul-21",19.75,20.46,19.57,20.13,527015,3.465995,0.5925,,3972680.019
"09-Jul-21",20.38,21.01,20.32,20.82,240837,3.253171,0.5753,,3733046.163
"12-Jul-21",20.75,21.57,20.75,21.47,379861,3.336433,0.5755,,2700171.1152
"13-Jul-21",21.4,21.6225,21.31,21.46,262185,3.523889,0.584,,2850600.4488
"14-Jul-21",21.69,21.87,20.5,20.56,339288,3.554453,0.5709,,2890510.272
"15-Jul-21",20.45,20.82,20.37,20.61,249654,3.748545,0.5717,2586500,3056289.5376
"16-Jul-21",20.87,20.99,20.085,20.17,215021,3.334408,0.5608,,2717410.2696
"19-Jul-21",19.62,20.11,19.12,19.66,351662,3.486553,0.5733,,2840918.184
"20-Jul-21",19.82,20.66,19.6,20.42,266545,3.792563,0.5821,,3086753.2488
"21-Jul-21",20.61,21,20.54,20.8,267100,3.691688,0.5824,,2990639.0592
"22-Jul-21",20.8,20.83,20.21,20.54,175191,3.827272,0.5793,,2931364.7064
"23-Jul-21",20.78,20.78,20.18,20.62,118245,2.404092,0.5699,,1779647.5008
"26-Jul-21",20.8,21.12,20.6803,20.86,193621,2.940777,0.5738,,1796065.6
"27-Jul-21",20.67,20.7513,20.205,20.48,148252,2.789858,0.5737,,1676569.3
"28-Jul-21",20.64,21.01,20.235,20.74,164232,3.067144,0.5753,,1833569.85
"29-Jul-21",20.99,21.24,20.87,21.19,144455,3.213251,0.5791,,1915820.55
"30-Jul-21",21.16,21.45,20.96,21.15,248813,2.909084,0.5734,2454365,1724160.9
"02-Aug-21",21.23,21.46,19.93,19.99,389715,2.639064,0.5697,,1563280.6
"03-Aug-21",20.14,20.57,19.59,20.47,247052,2.971489,0.5843,,1747439.4
"04-Aug-21",20.21,20.24,19.46,19.59,244554,3.106852,0.5904,,1824258.45
"05-Aug-21",19.7,20.31,19.62,20.1,232796,2.917893,0.5798,,1701917
"06-Aug-21",17.94,20.45,17.94,19.18,613811,2.870699,0.5659,,1690277.75
"09-Aug-21",19.04,19.47,18.77,19.1,326128,3.256615,0.5755,,1815205.7
"10-Aug-21",19.16,19.875,18.93,19.01,495221,3.004867,0.5621,,2389078.891
"11-Aug-21",19.04,19.38,18.76,19.34,239053,3.455506,0.5735,,2647278.089
"12-Aug-21",19.4,19.5416,19.03,19.51,208774,3.06273,0.5708,,2294585.8385
"13-Aug-21",19.45,19.61,18.9875,19.08,234211,2.809095,0.5565,2403760,2047431.283
"16-Aug-21",18.86,19.05,18.47,18.93,252256,3.307085,0.5711,,2362817.1855
"17-Aug-21",19.09,19.09,18.558,18.74,275044,3.433106,0.5623,,2441602.302
"18-Aug-21",18.65,19.2,18.4,18.83,196503,3.549965,0.5616,,2492162.221
"19-Aug-21",18.455,18.79,18.43,18.59,218012,3.949823,0.5623,,2736616.975
"20-Aug-21",18.52,19.08,18.26,18.95,351085,4.013376,0.5634,,2764351.2995
"23-Aug-21",19.14,19.49,19.09,19.43,128067,3.854213,0.5625,,2619543.7645
"24-Aug-21",19.43,19.72,19.36,19.52,122731,4.059447,0.5704,,3205654.336
"25-Aug-21",19.54,19.75,19.37,19.46,93668,3.905881,0.5585,,3064313.248
"26-Aug-21",19.34,19.9,19.29,19.68,321206,3.90433,0.5576,,3076572.424
"27-Aug-21",19.81,20.32,19.72,20.08,175942,4.004294,0.5532,,3141954.696
"30-Aug-21",20.15,20.17,19.75,20.08,142994,4.63549,0.5633,,3567420.216
"31-Aug-21",20.09,20.48,19.6,20.43,271042,4.201259,0.5525,2510831,3221038.4
"01-Sep-21",20.63,22.09,20.6,22,1075147,4.283263,0.5533,,3382811.448
"02-Sep-21",22.19,22.56,21.52,22.5,496856,4.880261,0.5676,,3843852.616
"03-Sep-21",22.53,23.11,22.3584,23.03,519613,5.058411,0.5218,,4001058.52
"06-Sep-21",,,,,,5.09837,0.5224,,4032307.4
"07-Sep-21",23,23.19,22.03,22.33,489139,5.823797,0.5437,,4628680.256
"08-Sep-21",22.18,22.5,21.585,21.68,320208,5.866619,0.5348,,4651515.976
"09-Sep-21",21.71,21.84,21.25,21.47,324700,6.259156,0.5379,,4944053.568
"10-Sep-21",21.63,22.02,21.48,21.57,229653,6.997169,0.5379,,4304066.5002
"13-Sep-21",21.71,21.87,21.36,21.47,224858,6.942671,0.5361,,4167226.2107
"14-Sep-21",21.65,21.69,20.71,20.81,203995,6.978826,0.536,,4160949.1332
"15-Sep-21",20.76,20.9,20.365,20.47,416864,7.13428,0.542,2725096,4196351.8503
"16-Sep-21",20.38,20.42,19.21,19.52,435301,6.779517,0.5341,,3982429.0491
"17-Sep-21",19.49,19.4999,18.63,19.47,1008128,6.088901,0.5283,,3657276.4346
"20-Sep-21",18.95,19.35,18.83,19.24,332551,6.435463,0.5306,,3694185.6503
"21-Sep-21",19.46,19.5,18.82,19.35,236333,5.505036,0.5229,,3144815.8275
"22-Sep-21",19.41,19.95,19.41,19.77,234519,6.098638,0.5283,,3458669.7025
"23-Sep-21",19.91,20.75,19.83,20.51,264155,6.202873,0.5286,,3519431.8127
"24-Sep-21",20.28,20.4,20,20.14,227855,5.618172,0.5393,,2072435.508
"27-Sep-21",20.28,20.5,20.26,20.44,410452,6.117721,0.5444,,2248204.2
"28-Sep-21",20.4,20.4,19.53,19.73,280600,6.161666,0.5447,,2258287.0552
"29-Sep-21",19.9,19.97,19.07,19.21,203100,5.706657,0.5561,,2087151.0264
"30-Sep-21",19.41,19.465,18.95,19.03,440318,5.326934,0.5454,2646470,1944628.5056
"01-Oct-21",19.27,19.69,18.96,19.53,332053,5.551491,0.552,,1963976.6872
"04-Oct-21",19.55,19.55,19.01,19.32,234758,5.685238,0.5518,,1959344.024
"05-Oct-21",19.32,19.62,19.19,19.43,226212,5.036527,0.5393,,1727983.3736
"06-Oct-21",19.16,19.505,19.11,19.48,226699,5.912799,0.5028,,2019841.1552
"07-Oct-21",19.55,20.03,19.55,19.69,200087,6.673687,0.5097,,2253381.8824
"08-Oct-21",19.63,19.69,19.38,19.39,110239,7.710923,0.5131,,2495915.4264
"11-Oct-21",19.36,19.45,18.89,18.9,238737,7.802847,0.5131,,3396744.245
"12-Oct-21",18.87,19.15,18.87,19.02,172417,8.287036,0.5236,,3584643.615
"13-Oct-21",19.07,19.2,18.92,19.1,161914,8.099349,0.5174,,3463964.583
"14-Oct-21",19.21,19.54,19.14,19.51,347129,8.296574,0.5251,,3564265.796
"15-Oct-21",19.88,20.349,19.64,19.94,492207,6.207044,0.5037,2580952,2687754.932
"18-Oct-21",19.81,20.07,19.56,20.05,265566,6.075837,0.5027,,2643823.53
"19-Oct-21",20.18,20.25,19.4,19.51,355938,7.252555,0.5218,,3165707.414
"20-Oct-21",19.51,19.61,19.18,19.58,263457,5.7877,0.5086,,2514940.441
"21-Oct-21",19.52,19.8,18.5,18.85,2981130,4.727196,0.4989,,2340008.774
"22-Oct-21",18.85,19.28,18.62,19.2,352207,5.217526,0.5068,,2592482.012
"25-Oct-21",19.16,19.75,19.03,19.75,490541,6.482646,0.5334,,3299618.796
"26-Oct-21",19.8,19.86,19.4,19.57,271799,6.138047,0.5216,,2990290.9872
"27-Oct-21",19.58,20.01,19.4,19.77,250651,6.067429,0.5213,,2963449.0864
"28-Oct-21",19.87,20.21,19.87,20.17,266130,6.190688,0.522,,3039329.0752
"29-Oct-21",20.17,20.34,19.95,20.32,314231,6.415677,0.5205,,3170183.3416
"01-Nov-21",20.43,20.94,20.31,20.51,460010,6.473583,0.5187,,3257419.5192
"02-Nov-21",20.59,21.05,20.3,20.66,549892,6.231997,0.5174,,3161666.2
"03-Nov-21",20.66,21.34,20.61,21.27,832763
"19-Nov-21",,,,,,,,,,,0