"Date","open EVBG Price in USD","high EVBG Price in USD","low EVBG Price in USD","close EVBG Price in USD","EVBG Volume","Days to cover 3m (on loan)","Cost To Borrow","Exchange Reported SI","Estimated Short Interest","Dividends","hidden"
"16-Sep-16",12.3,15.49,11.76,15.25,8156011
"19-Sep-16",17.3,18.73,16.5,16.5,3914316
"20-Sep-16",17.29,17.45,16.1,17.01,1123803
"21-Sep-16",17.48,17.749,17.1,17.55,893692
"22-Sep-16",18.1,18.45,16.8,16.86,1167788
"23-Sep-16",16.75,16.75,15,15.06,859685
"26-Sep-16",14.81,16.33,14.4,16.24,752405
"27-Sep-16",16.01,17.25,16,17.02,809650
"28-Sep-16",17.23,17.85,16.27,16.5,559553
"29-Sep-16",16.5,16.8194,15.82,16.32,338533
"30-Sep-16",16.32,17.34,16.31,16.86,678651
"03-Oct-16",16.54,17.729,16.13,16.74,878999
"04-Oct-16",16.9,18.19,16.74,17.01,1209078
"05-Oct-16",17.63,18.09,15.1701,15.72,1211715
"06-Oct-16",15.73,16.3879,15.6,16.22,408714
"07-Oct-16",16.22,16.23,15.6,16.13,263953
"10-Oct-16",15.95,16.3277,15.44,15.76,321367
"11-Oct-16",16.25,16.25,15.55,15.68,568148
"12-Oct-16",15.58,15.74,14.83,15.14,423794
"13-Oct-16",14.93,15.29,14.86,15.2,166903
"14-Oct-16",15.28,15.7,15,15.57,245114
"17-Oct-16",15.65,15.91,14.87,14.97,98801
"18-Oct-16",14.99,15.1541,14.25,14.78,325169
"19-Oct-16",14.64,14.69,14.25,14.44,188504
"20-Oct-16",14.36,14.97,14.26,14.83,108169
"21-Oct-16",14.75,15.4,14.4,15.14,134232
"24-Oct-16",15.1,15.6,15.1,15.45,141748
"25-Oct-16",15.47,16,15.131,15.56,119447
"26-Oct-16",15.43,15.8084,15.2129,15.59,131406
"27-Oct-16",15.73,15.73,15,15.18,159534
"28-Oct-16",15.22,15.3761,14.25,14.55,195498
"31-Oct-16",14.5,14.91,14.2501,14.72,71294
"01-Nov-16",14.95,14.95,14.36,14.56,78069
"02-Nov-16",14.56,14.78,14.05,14.42,240079
"03-Nov-16",14.84,14.84,12.92,14.01,262550
"04-Nov-16",13.85,14.31,13.84,13.88,131566
"07-Nov-16",14.22,14.95,13.8,14.54,212865
"08-Nov-16",14.59,15,13.91,14.43,310855
"09-Nov-16",14.16,15.0899,13.771,14.89,83095
"10-Nov-16",15,15.47,14.54,15.25,244334
"11-Nov-16",15.16,15.6587,15.07,15.23,280899
"14-Nov-16",15.36,15.5,15.13,15.22,45560
"15-Nov-16",15.25,15.69,15.16,15.38,98345
"16-Nov-16",15.26,15.5,15.09,15.39,67562
"17-Nov-16",15.46,16.5537,15.39,16.12,205857
"18-Nov-16",16.18,16.99,16.0451,16.75,156094
"21-Nov-16",16.74,16.9,16.22,16.77,91929
"22-Nov-16",16.69,16.98,15.7542,16.87,174638
"23-Nov-16",16.72,16.87,16,16.57,65539
"25-Nov-16",16.65,16.94,16.16,16.58,41318
"28-Nov-16",16.53,17.63,16.515,16.99,274076
"29-Nov-16",17.03,17.238,15.32,16.15,198378
"30-Nov-16",16.17,16.17,14.26,15.91,278784
"01-Dec-16",15.86,16.2,15.34,15.53,126572
"02-Dec-16",15.63,16.01,15.01,15.26,160113
"05-Dec-16",15.36,16.2,15.28,15.93,247239
"06-Dec-16",16.05,16.76,15.55,16.2,420979
"07-Dec-16",16.06,16.78,15.92,16.53,105262
"08-Dec-16",16.48,17.09,16.46,17,143026
"09-Dec-16",16.86,17.25,16.65,16.94,262925
"12-Dec-16",16.9,17.45,16.7762,17.42,213215
"13-Dec-16",17.45,18.9,17.05,17.97,971978
"14-Dec-16",18,18.27,17.75,17.92,188702
"15-Dec-16",18.04,19.29,17.9001,19.06,507677
"16-Dec-16",19.1,19.88,19.1,19.58,1503716
"19-Dec-16",19.55,20.66,18.9901,20.25,259872
"20-Dec-16",20.25,20.3,19.63,19.83,277403
"21-Dec-16",19.69,19.91,18.8182,19.63,241669
"22-Dec-16",19.71,19.71,18.84,19.26,62914
"23-Dec-16",19.17,19.55,18.85,19.43,161370
"27-Dec-16",19.36,19.6583,18.771,18.83,175930
"28-Dec-16",18.83,19.3509,17.72,18.06,178893
"29-Dec-16",18.12,18.753,17.48,18.24,214852
"30-Dec-16",18.3,18.65,18.0291,18.45,254220
"02-Jan-17",,,,,,0.825075
"03-Jan-17",18.62,18.77,17.87,18.05,171548,0.927573
"04-Jan-17",18.01,19.12,17.73,19.03,184531,1.365334
"05-Jan-17",18.96,19.47,18.96,19.33,264680,1.301969
"06-Jan-17",19.33,19.439,18.74,19.31,221265,0.982468
"09-Jan-17",19.35,19.5,18.265,18.65,101047,1.28462
"10-Jan-17",18.73,18.86,18.33,18.64,128311,1.44238
"11-Jan-17",18.5,19.15,18.49,19.11,125614,1.686673
"12-Jan-17",19.03,19.03,18.09,18.55,220254
"13-Jan-17",18.65,19.395,18.65,19.02,122263
"17-Jan-17",19,19.23,18.685,18.71,126089
"18-Jan-17",18.8,18.895,18.57,18.73,82787
"19-Jan-17",18.65,19.07,18.575,18.72,87086
"20-Jan-17",18.71,18.98,18.5,18.58,106839
"23-Jan-17",18.56,18.76,18.07,18.31,108532
"24-Jan-17",18.33,19.19,18.11,18.97,166088
"25-Jan-17",19.18,20.29,19.17,19.5,281212
"26-Jan-17",19.59,19.71,18.4882,19.46,133522
"27-Jan-17",19.54,19.66,19.09,19.25,58722
"30-Jan-17",18.638,19.01,18.3,18.77,158174
"31-Jan-17",18.77,18.89,17.911,18.47,173380
"01-Feb-17",18.71,18.71,18.4,18.54,66099
"02-Feb-17",18.42,18.84,18.3093,18.72,56526
"03-Feb-17",18.94,19.15,18.62,18.97,60969
"06-Feb-17",18.88,18.88,18.395,18.56,44359
"07-Feb-17",18.68,18.68,18.36,18.52,87654
"08-Feb-17",18.52,18.52,18.01,18.26,155454
"09-Feb-17",18.19,19.04,18.16,18.44,123240
"10-Feb-17",18.235,19,18.13,18.9,174262
"13-Feb-17",19,19.5793,18.6601,19.5,216610
"14-Feb-17",19.37,19.63,19.035,19.3,114536
"15-Feb-17",19.33,19.95,19.12,19.6,211100
"16-Feb-17",19.63,19.72,18.95,19.18,98201
"17-Feb-17",19.24,19.47,18.93,18.95,108795
"21-Feb-17",19.05,19.05,18.43,18.78,65636
"22-Feb-17",18.79,19.21,18.46,18.88,142808
"23-Feb-17",18.94,19.41,18.681,19.01,98487
"24-Feb-17",18.8,19.29,18.1444,19.15,133735
"27-Feb-17",19.2,19.49,18.85,19.39,273205
"28-Feb-17",19.17,20.5,18.75,19.04,533593
"01-Mar-17",19.37,19.37,18.3,18.62,231177
"02-Mar-17",18.7,19.16,18.2681,18.78,149342
"03-Mar-17",18.8,19.0221,18,18.45,154651
"06-Mar-17",18.27,18.35,17.96,18.04,117848
"07-Mar-17",17.95,18.23,17.8,17.97,75957
"08-Mar-17",18,18,17.04,17.05,115776
"09-Mar-17",17,17.45,16.63,17.12,110766
"10-Mar-17",17.19,17.67,16.99,17.55,187886
"13-Mar-17",17.4,18.03,17.3,17.93,141855
"14-Mar-17",17.94,17.94,17.42,17.46,108960
"15-Mar-17",16.95,18.09,16.63,17.95,327729
"16-Mar-17",18,19.14,17.74,18.96,202549
"17-Mar-17",18.95,19.83,18.6372,19.72,347474
"20-Mar-17",19.78,20.95,19.71,20.48,338101
"21-Mar-17",20.34,20.7,19.46,19.48,147849
"22-Mar-17",19.25,19.54,18.9622,19.33,82725
"23-Mar-17",19.12,19.83,19.12,19.4,97531
"24-Mar-17",19.5,20.22,18.87,20.05,198511
"27-Mar-17",19.77,20.35,19.69,20,169084
"28-Mar-17",19.91,20.45,19.81,20.33,143331
"29-Mar-17",20.3,21.25,20.28,20.64,186177
"30-Mar-17",20.72,20.72,20,20.12,168857
"31-Mar-17",20.15,20.71,20,20.53,160049
"03-Apr-17",19.79,19.93,19.45,19.47,146303
"04-Apr-17",19.52,20.21,19.51,20.14,148700
"05-Apr-17",20.17,20.7,20.03,20.35,224821
"06-Apr-17",20.95,21.09,20.31,20.87,2844518
"07-Apr-17",20.89,20.89,19.9,20.38,401894
"10-Apr-17",20.43,21.32,20.26,20.35,244631
"11-Apr-17",20.3,20.88,19.9108,20.55,252175
"12-Apr-17",20.51,21.4425,20.51,20.75,360822
"13-Apr-17",20.76,21.35,20.6201,20.74,562614
"17-Apr-17",21.13,21.36,20.9,21.33,211995
"18-Apr-17",21.16,22.23,21.0701,22.19,190374
"19-Apr-17",21.81,22.9,21.81,22.81,203617
"20-Apr-17",23,23.31,22.66,22.81,239856
"21-Apr-17",22.8,23.24,22.56,22.67,142602
"24-Apr-17",23,23,22.6696,22.84,81721
"25-Apr-17",22.99,23.54,22.7648,23.24,127459
"26-Apr-17",23.25,23.57,22.85,23.27,154887
"27-Apr-17",23.32,23.85,23.32,23.41,137186
"28-Apr-17",23.36,23.36,22.88,23.21,150242
"01-May-17",23.26,23.76,23.24,23.55,305575
"02-May-17",23.58,23.59,22.96,23.07,118417
"03-May-17",23.01,23.29,22.76,22.95,133290
"04-May-17",22.92,23.029,22.54,22.64,114194
"05-May-17",22.68,22.76,22.43,22.69,190885
"08-May-17",22.65,23.11,22.5369,22.97,291881
"09-May-17",24.09,25.59,23.32,24.76,413614
"10-May-17",24.69,24.9899,23.99,24.83,210114
"11-May-17",24.8,24.95,24.4667,24.58,187051
"12-May-17",24.48,24.62,24.22,24.55,46704
"15-May-17",24.68,25.655,24.55,25.38,303695
"16-May-17",25.5,25.53,24.69,24.87,155927
"17-May-17",24.51,25,24.18,24.26,122310
"18-May-17",24.32,25.125,23.99,24.65,175235
"19-May-17",24.71,25.2,24.5,25.01,103146
"22-May-17",25.15,25.23,24.84,25.13,117313
"23-May-17",25.2,25.2,24.95,25.03,66167
"24-May-17",25.1,25.9689,24.98,25.37,219877
"25-May-17",25.52,26.23,25.41,25.64,189418
"26-May-17",25.84,26.5597,25.4,26.47,206304
"30-May-17",26.56,26.79,25.99,26.16,126521
"31-May-17",26.3,26.87,25.71,25.86,203401
"01-Jun-17",25.95,26.25,25.64,26.21,98990
"02-Jun-17",26.31,26.7899,26.03,26.25,162139
"05-Jun-17",26.17,26.87,26.1586,26.32,102625
"06-Jun-17",26.23,26.5,25.87,25.91,160080
"07-Jun-17",25.95,26.17,25.6101,25.75,87279
"08-Jun-17",25.68,25.996,25.435,25.55,113563
"09-Jun-17",25.7,25.9087,23.25,24.15,244325
"12-Jun-17",23.88,24.215,23.44,23.73,300717
"13-Jun-17",23.88,24.1,23.63,23.92,154128
"14-Jun-17",23.96,24.6,23.75,24.23,180661
"15-Jun-17",23.91,23.91,23.29,23.67,143281
"16-Jun-17",23.63,24.23,23.4044,24.21,222984
"19-Jun-17",24.33,25.56,24.0571,25.12,263578
"20-Jun-17",25.19,25.28,24.755,24.82,297113
"21-Jun-17",24.86,25.27,24.7,24.77,138301
"22-Jun-17",24.77,24.86,24.31,24.57,147238
"23-Jun-17",24.5,24.99,24.31,24.96,1236193
"26-Jun-17",24.94,24.94,23.89,24.66,223286
"27-Jun-17",24.92,25.72,24.4247,25.13,179343
"28-Jun-17",25.03,26.5,24.3828,26.37,252609
"29-Jun-17",26.37,26.415,24.36,25.02,264697
"30-Jun-17",25.15,25.15,24.35,24.36,156503
"03-Jul-17",24.71,24.71,22.91,23.57,98865,1.351348
"04-Jul-17",,,,,,1.342465
"05-Jul-17",23.45,23.63,22.98,23.38,207566,1.359559
"06-Jul-17",23.08,23.1,22.4,22.97,216792,1.295511
"07-Jul-17",23.07,23.5,22.8,23.43,131167,1.619464
"10-Jul-17",23.39,23.39,22.9024,23.3,65379,1.554435
"11-Jul-17",23.28,23.74,23.09,23.42,89226,1.521204
"12-Jul-17",23.56,23.975,23.29,23.72,198781,1.660711
"13-Jul-17",23.76,23.9801,22.98,23.18,94508,1.773518
"14-Jul-17",23.29,23.29,22.55,22.74,76780,1.825292
"17-Jul-17",22.84,23,22.47,22.9,100931,1.89453
"18-Jul-17",22.84,23.12,22.41,22.95,163869,1.761356
"19-Jul-17",23.1,23.64,23.05,23.44,199691,1.699788
"20-Jul-17",23.46,23.46,22.94,23.11,117767,1.758521
"21-Jul-17",23.31,23.31,22.89,23.2,185657,1.965476
"24-Jul-17",23.08,23.53,23.02,23.37,71239,1.769098
"25-Jul-17",23.65,24.05,23.41,23.66,133595,1.890406
"26-Jul-17",23.8,23.9391,23.49,23.65,96449,1.710211
"27-Jul-17",23.82,23.8589,22.97,23.48,117895,1.807906
"28-Jul-17",23.58,23.89,23.1665,23.48,65783,1.891822
"31-Jul-17",23.67,23.815,23.15,23.65,180395,1.883151
"01-Aug-17",23.65,23.9,23.335,23.6,133929,1.846674
"02-Aug-17",23.6,23.6,22.78,22.94,72612,1.74183
"03-Aug-17",22.85,23.56,22.76,23.41,112499,1.753327
"04-Aug-17",24.08,24.08,21.8,21.9,377040,1.719547
"07-Aug-17",22.08,22.2499,21.8,22.17,563767,1.660708
"08-Aug-17",22.24,22.57,21.82,22.31,380959,1.752136
"09-Aug-17",22.15,22.67,21.86,22.46,302937
"10-Aug-17",22.24,22.38,21.62,21.73,169936
"11-Aug-17",21.95,22.88,21.56,22.715,231687
"14-Aug-17",22.83,23.23,22.65,22.87,248464
"15-Aug-17",22.9,23.35,22.79,22.94,364661
"16-Aug-17",23.12,23.12,22.61,22.75,118502
"17-Aug-17",22.57,22.8659,22.37,22.57,223073
"18-Aug-17",22.44,23,22.29,22.9,279988
"21-Aug-17",22.95,22.95,22.59,22.84,136148
"22-Aug-17",22.92,23.3,22.83,23.11,240319
"23-Aug-17",22.94,23.1079,22.46,22.49,316715
"24-Aug-17",22.64,22.85,22.38,22.63,150277
"25-Aug-17",22.78,22.915,22.2,22.55,358332
"28-Aug-17",22.57,22.63,22.11,22.54,212045
"29-Aug-17",22.38,22.75,22.38,22.55,394006
"30-Aug-17",22.76,23.5,22.54,23.34,566440
"31-Aug-17",23.36,23.45,22.97,23.17,290559
"01-Sep-17",23.16,23.26,22.84,23.12,148132
"05-Sep-17",22.89,23.03,22.72,22.86,280110
"06-Sep-17",22.91,22.93,22.09,22.16,194216
"07-Sep-17",22.31,22.79,22.21,22.34,257077
"08-Sep-17",22.27,22.33,21.83,22.26,145978
"11-Sep-17",22.42,23.5,22.4,23.36,528730
"12-Sep-17",23.36,23.4514,23.07,23.4,158503
"13-Sep-17",23.25,23.56,23.06,23.53,323773
"14-Sep-17",23.3,23.55,23.14,23.38,290812
"15-Sep-17",23.35,23.53,23.16,23.5,419657
"18-Sep-17",23.73,25.75,23.4022,25.25,648532
"19-Sep-17",25.12,25.12,24.58,24.82,176398
"20-Sep-17",25.08,25.28,24.59,25.25,297020
"21-Sep-17",25.13,25.26,24.9,25.09,171011
"22-Sep-17",25.05,25.57,24.98,25.35,219202
"25-Sep-17",25.15,25.15,24.51,24.91,183378
"26-Sep-17",25.22,25.57,24.86,25.25,189808
"27-Sep-17",25.42,26.39,25.23,26.27,479160
"28-Sep-17",26.15,26.43,25.95,26.23,203984
"29-Sep-17",26.33,26.52,26.19,26.42,165797
"02-Oct-17",26.57,27.5,26.36,27.3,401225,1.196415,0.683
"03-Oct-17",27.25,27.505,26.63,26.74,212219,1.130483,0.6232
"04-Oct-17",26.87,27.19,26.29,27,226450,1.13859,0.5952
"05-Oct-17",27.13,27.13,26.17,26.65,297253,1.248466,0.5391
"06-Oct-17",26.6,27.185,26.5,27.05,208853,1.331625,0.5373
"09-Oct-17",27,27.07,26.88,27.07,89809,1.314925,0.5489
"10-Oct-17",27.07,27.07,26.64,26.95,205777,1.191475,0.5567
"11-Oct-17",27,27.07,26.8,26.81,88373,1.132501,0.6107
"12-Oct-17",26.84,27.07,26.81,26.87,69167,1.015147,0.6137
"13-Oct-17",26.91,27.07,26.52,26.88,144900,1.185943,0.5642
"16-Oct-17",26.88,27.07,26.71,26.78,139005,0.864691,0.5937
"17-Oct-17",26.85,27,26.66,26.77,63655,0.888142,0.603
"18-Oct-17",26.77,27,26.52,26.84,84488,0.986929,0.6254
"19-Oct-17",26.93,26.93,26.26,26.66,67994,0.974914,0.6214
"20-Oct-17",26.95,27,26.481,26.76,74991,0.988236,0.6148
"23-Oct-17",26.78,26.98,26.29,26.78,749701,0.975433,0.6097
"24-Oct-17",26.95,26.98,26.45,26.51,230271,0.961852,0.5958
"25-Oct-17",26.41,26.6,26,26.31,236553,0.715421,0.5778
"26-Oct-17",26.42,26.55,26.17,26.31,139449,0.734612,0.6016
"27-Oct-17",26.48,26.925,26.11,26.67,191410,0.651113,0.6201
"30-Oct-17",26.67,26.75,26.01,26.63,105081,0.880209,0.5414
"31-Oct-17",26.62,26.825,26.36,26.64,146878,0.899954,0.5561
"01-Nov-17",26.88,27.07,26.65,26.8,376278,0.898449,0.5804
"02-Nov-17",26.74,27.07,26.48,26.92,147011,0.86531,0.5976
"03-Nov-17",26.92,27.26,26.5015,27.23,261355,1.356477,0.545
"06-Nov-17",27.28,27.39,26.15,26.38,320567,1.091497,0.5276
"07-Nov-17",27.53,29.64,27.06,27.53,1306176,0.886352,0.5174
"08-Nov-17",27.6,28.389,27.5,27.78,325979,0.755673,0.4939
"09-Nov-17",27.67,27.97,26.76,27.41,208438,1.069442,0.5166
"10-Nov-17",27.35,28.11,27.161,28.04,251284,0.992632,0.5529
"13-Nov-17",27.79,28.7,27.238,28.68,299744,0.836634,0.503
"14-Nov-17",28.67,29.99,28.67,29.58,520153,0.826437,0.5056
"15-Nov-17",27.92,28.98,26.43,26.97,874300,0.964028,0.545
"16-Nov-17",27.21,27.43,26.41,26.5,1202791,0.760257,0.5081
"17-Nov-17",26.81,26.81,25.8,26.07,486409,1.093416,0.5861
"20-Nov-17",26.07,26.68,26.07,26.65,371449,1.425752,0.5752
"21-Nov-17",26.89,27.305,26.53,27.11,469338,2.142412,0.5675
"22-Nov-17",27.18,28.3,26.9212,27.89,446405,2.073478,0.5585
"23-Nov-17",,,,,,2.05502,0.5583
"24-Nov-17",27.83,28.04,27.0921,27.9,122807,1.860288,0.5311
"27-Nov-17",27.88,28.045,27.53,27.73,188256,2.118295,0.545
"28-Nov-17",27.65,27.77,27.075,27.61,268118,2.074735,0.564
"29-Nov-17",27.62,27.74,26.56,27.12,314552,1.972374,0.5579
"30-Nov-17",27.24,27.24,26.3501,26.5,469154,1.96189,0.5488
"01-Dec-17",26.29,26.5,25.67,26.27,253860,2.63669,0.5597
"04-Dec-17",26.38,26.7999,24.21,24.74,541655,3.101603,0.564
"05-Dec-17",24.63,25.18,23.87,24.45,523469,3.072103,0.5348
"06-Dec-17",24.44,24.82,24,24.69,370431,3.507817,0.5399
"07-Dec-17",24.75,26.79,24.517,26.7,529619,3.547283,0.5327
"08-Dec-17",26.79,27.46,26.7,27.15,630676,3.832394,0.5485
"11-Dec-17",27.09,27.37,26.66,26.93,379816,3.10813,0.5552
"12-Dec-17",26.87,27.12,26.61,26.79,361654,3.443123,0.55
"13-Dec-17",26.91,27.07,26.3,26.66,351603,3.466708,0.5438
"14-Dec-17",26.74,27.12,26.46,26.88,219037,3.676672,0.527
"15-Dec-17",27.19,28.7,26.71,28.7,1404717,3.533128,0.5364
"18-Dec-17",28.91,29.25,28.71,28.85,541846,3.535576,0.5436
"19-Dec-17",28.98,29.805,27.81,29.03,430335,3.828277,0.5696
"20-Dec-17",29.12,29.3,28.72,29.02,230917,3.891776,0.553
"21-Dec-17",29.12,29.56,28.69,29.03,266721,4.094909,0.5583
"22-Dec-17",29.03,29.28,28.23,29.23,247488,4.034451,0.5521
"25-Dec-17",,,,,,4.052734,0.5522
"26-Dec-17",29.19,29.41,28.75,29.3,175368,4.173436,0.5289
"27-Dec-17",29.32,29.75,29.1,29.46,219552,4.494406,0.5105
"28-Dec-17",29.49,29.61,29.19,29.59,209645,4.605853,0.5115
"29-Dec-17",29.75,30.1984,29.44,29.72,319635,4.610488,0.5152
"01-Jan-18",,,,,,4.629534,0.5158
"02-Jan-18",29.93,30.06,29.29,29.6,271918,4.644161,0.4773
"03-Jan-18",29.57,29.87,29.35,29.47,359710,4.038305,0.4976
"04-Jan-18",29.58,30.23,29.52,29.77,389352,4.154509,0.4903
"05-Jan-18",29.88,30.13,29.42,30.08,187203,4.842845,0.5078
"08-Jan-18",29.99,29.99,29.25,29.83,256326,4.396686,0.4883
"09-Jan-18",30.26,31.17,29.88,30.69,350557,4.421798,0.4918
"10-Jan-18",30.45,30.97,30.0801,30.89,130692,4.457048,0.4984
"11-Jan-18",30.88,31.93,30.39,31.76,413261,4.362368,0.5246
"12-Jan-18",31.73,32.25,31.42,32.24,405172,4.397684,0.5183
"15-Jan-18",,,,,,4.300908,0.5183
"16-Jan-18",32.01,32.4,31.0001,31.47,396892,4.412959,0.5372
"17-Jan-18",31.49,31.82,31.105,31.63,210575,4.262146,0.5387
"18-Jan-18",31.5,32.79,31.37,32.73,367349,4.534339,0.5456
"19-Jan-18",32.66,33.23,32.54,32.76,386632,4.37318,0.5367
"22-Jan-18",32.81,33.01,32.42,32.95,130498,4.230537,0.5482
"23-Jan-18",32.97,33.33,32.66,33.25,126717,4.293671,0.5406
"24-Jan-18",33.4,33.85,32.705,33.07,254583,5.008944,0.5496
"25-Jan-18",32.81,33.46,32.81,32.95,361672,4.925219,0.5471
"26-Jan-18",33.15,33.72,32.96,33.51,128891,5.18707,0.5636
"29-Jan-18",33.5,33.6,32.78,32.87,219533,4.731946,0.5462
"30-Jan-18",32.64,33.135,32.35,32.76,216570,4.969533,0.5494
"31-Jan-18",32.97,33.14,32.22,32.28,112561,4.806722,0.5487
"01-Feb-18",32.18,32.55,31.92,32.24,132155,4.816177,0.5132
"02-Feb-18",31.99,32.65,31.4,32.3,261230,4.899423,0.5514
"05-Feb-18",32.14,32.73,31.28,31.4,279762,5.031016,0.554
"06-Feb-18",30.91,31.88,29.77,31.5,241653
"07-Feb-18",31.51,31.8896,31.17,31.64,120062,4.985814,0.56
"08-Feb-18",31.73,31.73,30.09,30.11,208804,5.116547,0.5513
"09-Feb-18",30.49,31.15,29.56,30.83,297658,5.169684,0.5527
"12-Feb-18",30.95,31.295,30.6,31.08,138289
"13-Feb-18",30.86,31.52,30.86,31.48,96299,4.764023,0.5464
"14-Feb-18",31.33,32.21,31.01,32.18,205242,4.725484,0.5497
"15-Feb-18",32.76,33.51,31.86,33.06,257815,4.752352,0.5437
"16-Feb-18",32.91,33.58,32.81,33.53,238079,5.018841,0.5454
"19-Feb-18",,,,,,5.267868,0.5452
"20-Feb-18",33.38,33.785,33.18,33.58,255591,5.444648,0.5446
"21-Feb-18",33.61,34.249,33.125,33.17,352743,4.981531,0.5421
"22-Feb-18",34.34,34.75,31.59,32.01,606442,5.217014,0.5405
"23-Feb-18",32.13,32.33,31.35,31.8,165064,5.287885,0.5341
"26-Feb-18",31.9,32.51,31.52,32.48,339616,6.243356,0.5445
"27-Feb-18",32.44,32.87,32.13,32.33,490109,6.140934,0.5293
"28-Feb-18",32.34,32.77,31.8,31.91,264623,6.792653,0.5351
"01-Mar-18",32.05,32.3599,31.515,32.31,258354,7.353992,0.4893
"02-Mar-18",31.96,33.71,31.25,33.65,406550,7.580365,0.5557
"05-Mar-18",33.3,33.73,32.84,33.32,347507,7.83407,0.5516
"06-Mar-18",33.41,35.23,33.41,35.18,608741,8.407493,0.5551
"07-Mar-18",35.09,37.02,34.85,36.09,515761,6.378876,0.5533
"08-Mar-18",36.12,36.94,36.12,36.91,510813,5.91912,0.5597
"09-Mar-18",37.21,38.76,37.1,38.51,767621,5.993256,0.5569
"12-Mar-18",38.65,38.775,36.85,37.25,693522,5.91613,0.5674
"13-Mar-18",37.26,37.55,36.165,36.55,357802,6.197659,0.5641
"14-Mar-18",36.64,37.46,36.01,37.24,305227,5.987552,0.5602
"15-Mar-18",37.19,37.5,36.69,37.13,308230,5.693333,0.5347
"16-Mar-18",37.11,37.42,36.57,36.89,403393,6.182484,0.5352
"19-Mar-18",36.86,37.1,35.67,36.34,295378,6.406319,0.5721
"20-Mar-18",36.43,37.79,36.38,37.75,251207,6.014458,0.5589
"21-Mar-18",37.62,38.62,37.35,38.41,275091,6.04356,0.5585
"22-Mar-18",38.03,38.45,37.68,37.9,135492,6.106377,0.5573
"23-Mar-18",37.9,38.5,37.2152,37.63,260368,6.168916,0.5991
"26-Mar-18",38.23,38.76,37.71,38.5,347240,6.387662,0.5368
"27-Mar-18",38.72,39.12,36.67,36.8,316761,6.499244,0.5368
"28-Mar-18",36.79,36.87,35.09,35.24,590686,6.529239,0.5363
"29-Mar-18",35.43,36.95,34.94,36.6,320334,6.735824,0.5381
"30-Mar-18",,,,,,6.739236,0.5381
"02-Apr-18",36.3,37,34.78,35.02,295001,7.398352,0.5401
"03-Apr-18",35.29,36.23,34.96,35.34,143313,7.192794,0.5407
"04-Apr-18",34.76,35.95,34.76,35.74,254776,6.966551,0.541
"05-Apr-18",36.09,36.15,35.385,35.83,168035,6.789799,0.5426
"06-Apr-18",35.66,36.43,34.84,35.52,182305,6.68834,0.5421
"09-Apr-18",35.67,36.4,35.43,35.49,205003,6.661885,0.5411
"10-Apr-18",35.93,36.87,35.39,36.86,217280,7.125069,0.5878
"11-Apr-18",36.54,37.78,35.97,37.09,315093,7.251861,0.5887
"12-Apr-18",37.2,37.88,36.675,37.68,313739,7.361426,0.5886
"13-Apr-18",37.87,37.87,37,37.4,200170,7.53208,0.5921
"16-Apr-18",37.6,38.03,37.0951,37.48,131896,7.292228,0.5518
"17-Apr-18",37.72,38.49,37.16,38.26,217107,7.222572,0.5512
"18-Apr-18",38.38,38.549,37.86,38.4,180927
"19-Apr-18",38.4,38.605,38.115,38.3,100321,7.129183,0.5483
"20-Apr-18",38.13,38.35,37.19,37.32,191330,7.69865,0.5505
"23-Apr-18",37.36,37.82,36.97,37.42,252304,7.246924,0.5478
"24-Apr-18",37.7,38.7,36.53,38.01,381664,7.589648,0.5503
"25-Apr-18",37.94,38.05,36.83,37.55,236080,7.949401,0.5635
"26-Apr-18",37.71,38.17,37.35,37.52,135699,8.689905,0.5594
"27-Apr-18",37.75,37.76,36.575,37,217999,8.636944,0.5576
"30-Apr-18",37.09,37.6,36.11,37.35,192333,8.38629,0.5565
"01-May-18",37.29,38,36.35,37.79,179185,8.18495,0.5559
"02-May-18",37.74,38.38,36.35,37.8,233215,8.203707,0.5613
"03-May-18",37.59,38.3,37.21,38.23,157301,8.414148,0.5604
"04-May-18",38.09,40.45,38.03,40.08,428025,27.29424,0.7166
"07-May-18",40.09,40.805,39.52,39.65,336779,8.341223,0.5635
"08-May-18",41,42.54,39.705,41.3,510137,8.306302,0.5638
"09-May-18",41.09,42.46,40.65,42.41,321639,8.605482,0.5592
"10-May-18",42.57,43.21,42.57,42.73,239391,8.308205,0.5579
"11-May-18",42.7,43.64,42.225,43.57,367830,8.341567,0.5573
"14-May-18",43.84,44.07,41.65,41.9,409673,7.986223,0.5571
"15-May-18",41.86,42.57,40.91,42.29,387271,7.761606,0.5586
"16-May-18",42.48,43.7,42.085,43.3,559150,7.672519,0.562
"17-May-18",43.38,43.95,43.1,43.86,156067,7.66949,0.5575
"18-May-18",43.86,44.92,43.86,44.72,246417,7.806966,0.5635
"21-May-18",44.78,45.48,43.54,44.38,188478,7.831127,0.5638
"22-May-18",45.6,45.6,42.85,42.93,380085,7.493084,0.5613
"23-May-18",42.5,44.26,42.06,44.04,459042,7.90276,0.5661
"24-May-18",44.05,44.49,43.54,44.06,262715,7.868214,0.5558
"25-May-18",44.15,44.375,43.65,43.79,341034
"28-May-18",,,,,,7.940032,0.5558
"29-May-18",43.42,45.25,42.9696,45.22,382377
"30-May-18",45.3,46.4,45.3,46,680531,7.234323,0.5535
"31-May-18",45.9,46.75,45.62,46.07,377692,7.66293,0.5577
"01-Jun-18",46.23,46.87,45.75,46.61,258554,8.037479,0.564
"04-Jun-18",46.87,46.87,46.06,46.59,212721,8.211053,0.5704
"05-Jun-18",46.76,47.04,46.51,46.7,290296
"06-Jun-18",46.7,47.21,46.565,46.89,221864,8.119722,0.565
"07-Jun-18",47.25,47.47,46.56,47.01,533837,8.24984,0.5604
"08-Jun-18",46.85,47.85,46.485,47.44,459275,8.331199,0.5625
"11-Jun-18",47.59,48.49,47.32,48.21,461308,8.841223,0.5785
"12-Jun-18",48.53,51.19,48.49,50.19,760791,8.452756,0.5762
"13-Jun-18",50.54,52.35,50.275,51.6,593513,8.620967,0.5714
"14-Jun-18",51.89,53.42,51.89,52.32,587159,9.014231,0.573
"15-Jun-18",52.09,52.88,51.511,51.99,564594,8.943891,0.5502
"18-Jun-18",52.05,52.15,50.64,51.4,541991,9.249509,0.5495
"19-Jun-18",50.98,51.6,49.46,50.14,651954,8.94972,0.547
"20-Jun-18",50.28,50.89,49.58,49.95,741879
"21-Jun-18",50,50,48.11,48.59,486229,8.299611,0.5423
"22-Jun-18",48.79,48.79,46.49,47.35,1515467,7.739061,0.5373
"25-Jun-18",46.91,47.5841,44.766,45.17,503505,7.466542,0.5329
"26-Jun-18",45.26,46.155,44.39,44.58,393503
"27-Jun-18",44.58,45.49,43.83,44.14,584092,7.544679,0.539
"28-Jun-18",44.07,46.68,43.0001,46.56,612248,7.470301,0.5385
"29-Jun-18",46.37,47.59,45.96,47.42,420499
"02-Jul-18",47.19,48.02,46.7,47.09,296845,7.723683,0.5416
"03-Jul-18",47.32,47.53,46.27,47.23,160163,7.927995,0.5488
"04-Jul-18",,,,,,7.881938,0.5466
"05-Jul-18",47.46,48.7,46.7476,48.09,234328,7.691017,0.5426
"06-Jul-18",48.17,49.629,48.17,49.42,195639,7.83477,0.5447
"09-Jul-18",49.79,50.03,48.19,48.9,267717,7.704608,0.544
"10-Jul-18",49.12,49.49,47.565,47.83,226613,7.715022,0.5442
"11-Jul-18",47.52,48.53,47.35,48.28,120670,7.763986,0.5433
"12-Jul-18",48.57,49.46,48.26,49.37,172168,7.93879,0.5422
"13-Jul-18",49.48,50.26,48.71,50.23,194254,8.117463,0.5424
"16-Jul-18",50.33,50.63,49.6,49.76,129765
"17-Jul-18",49.47,50.03,48.98,49.78,187212,8.071204,0.538
"18-Jul-18",49.85,49.95,49.28,49.68,102901
"19-Jul-18",49.87,51,49.725,50.16,426853
"20-Jul-18",50.1,50.94,49.45,49.65,193137,7.990142,0.5435
"23-Jul-18",49.72,51.36,48.84,51.2,286864,7.844809,0.5362
"24-Jul-18",51.41,51.58,49.26,49.64,335454,7.839385,0.533
"25-Jul-18",49.71,51.77,49.425,50.96,209772,8.141472,0.5344
"26-Jul-18",50.77,51.47,50.23,50.72,194632,7.974722,0.5352
"27-Jul-18",50.98,51.005,47.25,48.13,236993,7.902343,0.5345
"30-Jul-18",48.11,48.23,45.39,45.44,364517,7.75216,0.5339
"31-Jul-18",45.47,45.88,44.12,44.98,416473
"01-Aug-18",44.98,47.12,44.88,46.94,209662,7.766562,0.5269
"02-Aug-18",46.61,48.52,46.1,48.22,181266,7.804069,0.5288
"03-Aug-18",48.32,48.44,46.66,47.43,199459
"06-Aug-18",47.19,48.58,46.95,47.48,248595,8.093888,0.5304
"07-Aug-18",51,51,48.51,49.51,698325,8.155333,0.5411
"08-Aug-18",49.4,50.82,48.5701,49,330206,7.83105,0.5335
"09-Aug-18",49.32,50.72,48.331,50.35,357846,8.833898,0.5403
"10-Aug-18",49.89,52.74,48.33,51.55,367262,9.157411,0.5436
"13-Aug-18",52.8,52.8,51.01,51.71,220107,9.310435,0.5432
"14-Aug-18",51.88,54.5299,51.64,54.5,536042,9.439002,0.5461
"15-Aug-18",54.2,54.87,53.36,54.25,531335,9.247416,0.5459
"16-Aug-18",54.57,56.25,54.39,55.04,345653,9.809696,0.5523
"17-Aug-18",54.99,55.43,54.38,54.86,204057,9.841483,0.5525
"20-Aug-18",55.08,55.73,54.25,55.42,179902,9.891394,0.554
"21-Aug-18",55.61,57.28,55.61,57.25,258379,9.869798,0.5507
"22-Aug-18",57.08,58.76,57,58.75,396839,9.767401,0.5537
"23-Aug-18",58.75,60.53,58.75,60.05,422499,10.041923,0.5564
"24-Aug-18",60.38,61.5,59.64,60.08,286653,10.135905,0.5553
"27-Aug-18",60.45,60.715,58.2,58.22,375991,10.163045,0.5561
"28-Aug-18",58.52,58.82,57.6933,58,333918,10.157854,0.5538
"29-Aug-18",58.37,59.01,58,58.26,657222,9.968392,0.5544
"30-Aug-18",58.24,60.2,58.24,59.56,258243,9.8797,0.5518
"31-Aug-18",59.7,60.61,59.34,60.21,377795,9.876283,0.5482
"03-Sep-18",,,,,,9.553805,0.5462
"04-Sep-18",60.16,61.58,59.4641,61.51,306714,10.214444,0.5403
"05-Sep-18",61.22,61.26,57.91,59.97,697856,9.969486,0.5419
"06-Sep-18",60.09,60.63,59.2727,60.15,218378,10.028096,0.5396
"07-Sep-18",60,62.18,59.49,59.64,250629,10.178695,0.5426
"10-Sep-18",59.84,60.29,59.08,59.8,228986,10.337265,0.5419
"11-Sep-18",59.78,61.8,58.45,61.74,258100,10.589814,0.5497
"12-Sep-18",61.5,61.88,59.38,61.22,310819
"13-Sep-18",61.43,62.7405,59.7793,61.17,360347,11.065871,0.5462
"14-Sep-18",61.05,63,61.01,62.26,237520,11.237995,0.5364
"17-Sep-18",62.17,62.17,58.58,59.04,493757,11.228574,0.5375
"18-Sep-18",59.28,60.41,58.8804,59.53,289288,11.184765,0.5374
"19-Sep-18",59.42,59.53,56.76,57.51,409471,11.143476,0.5376
"20-Sep-18",57.64,58.65,57.185,57.88,331421,11.286768,0.5443
"21-Sep-18",57.97,58.95,55.75,56.03,864805,11.150926,0.5387
"24-Sep-18",55.71,57.62,55,56.93,264811,11.815942,0.5347
"25-Sep-18",57.25,59.25,56.5435,58.69,356699,12.570815,0.5459
"26-Sep-18",58.95,59.78,57.06,57.13,211528,12.680417,0.5463
"27-Sep-18",57.44,57.6286,56.12,57.18,298060,11.989519,0.5477
"28-Sep-18",57.06,58.94,57.06,57.64,246855,12.480105,0.595
"01-Oct-18",57.87,58.01,56.62,56.68,478160,12.725569,0.5508
"02-Oct-18",56.58,57.29,54.21,55.11,625143,12.797813,0.5739
"03-Oct-18",55.34,56.63,55.1712,56.54,263893,12.970534,0.5926
"04-Oct-18",56.1,56.56,54.61,54.96,535199,12.695186,0.591
"05-Oct-18",55.03,56.75,54.35,56,529522,13.020353,0.6022
"08-Oct-18",55.64,56.21,51.6673,53.11,595959,12.161809,0.5776
"09-Oct-18",52.81,54.18,51.705,52.76,510102,12.178498,0.5996
"10-Oct-18",52.4,52.4,47.5,47.5,732925,12.60107,0.6186
"11-Oct-18",47.18,48.17,45.68,46.21,653836,12.859462,0.6192
"12-Oct-18",47.58,49.56,47.55,49.12,477385,11.788897,0.6162
"15-Oct-18",49,49.49,47.16,48.29,260971,11.319819,0.6174
"16-Oct-18",48.95,52.33,48.75,51.99,474041,11.38552,0.6186
"17-Oct-18",51.77,53.8869,50.51,52.66,484865,11.763179,0.6546
"18-Oct-18",52.05,52.63,50.3,51.25,225500,12.078603,0.7031
"19-Oct-18",51.5,52.495,48.32,48.74,278515,12.408437,0.7074
"22-Oct-18",49.12,52.33,49.1,51.45,339401,12.824803,0.719
"23-Oct-18",50.97,51.76,49,51.41,258222,12.984468,0.6476
"24-Oct-18",51.29,52.625,48.91,48.96,441979,13.364425,0.646
"25-Oct-18",49.7,51.59,48.69,51.01,266058,12.740466,0.6496
"26-Oct-18",49.62,51.19,47.58,50.53,271631
"29-Oct-18",51.61,51.67,47.77,48.86,239269
"30-Oct-18",48.61,50,47.14,49.71,480319
"31-Oct-18",50.48,51.975,49.87,50.83,429471
"01-Nov-18",51.02,52.49,49.84,52.45,209464
"02-Nov-18",52.68,53.77,51.36,51.84,260431
"05-Nov-18",52.09,52.625,49.08,51.21,409431,13.006512,0.6424
"06-Nov-18",51.35,54.37,49.14,51.95,868221,12.349547,0.6438
"07-Nov-18",51.95,57.3,51.69,56.99,758747,12.387047,0.6415
"08-Nov-18",57.22,59.83,56.28,58.82,713429,12.384259,0.6413
"09-Nov-18",58.32,58.52,54.93,56.46,410940,12.783509,0.6396
"12-Nov-18",56.4,56.69,51.55,51.63,590864,11.637775,0.5969
"13-Nov-18",52.03,52.64,48.41,48.87,438407,12.586583,0.6426
"14-Nov-18",49.5,50.0806,46.4,47.54,683317,12.22641,0.6433
"15-Nov-18",47.47,51.27,46.1001,51.22,442930,12.175663,0.6415
"16-Nov-18",50.38,53.1,50.15,52.82,360689,11.943813,0.6415
"19-Nov-18",52.59,52.725,45.5201,46.18,581500,11.524487,0.6398
"20-Nov-18",44.44,45.67,41.94,43.56,953677,11.139477,0.6494
"21-Nov-18",44.29,45.95,43.23,45.57,356358,10.939895,0.6421
"22-Nov-18",,,,,,9.930021,0.5951
"23-Nov-18",44.89,47.62,43.9954,47.02,135487,11.048966,0.6409
"26-Nov-18",47.81,50.26,47.26,49.99,342986,10.870592,0.6332
"27-Nov-18",49.55,51.575,48.56,48.97,386132,10.359063,0.6319
"28-Nov-18",49.88,51.92,49.815,51.43,279194,10.269784,0.6329
"29-Nov-18",50.98,54.42,50.461,53.38,392565,10.011997,0.6346
"30-Nov-18",53.14,54.86,52.73,54.77,326210,10.426513,0.6357
"03-Dec-18",56.66,57,54.58,56.11,477013,10.294649,0.628
"04-Dec-18",55.24,55.84,52.24,52.62,587208
"05-Dec-18",,,,,,11.314732,0.5724
"06-Dec-18",51.26,53.45,50.27,53.36,338829,11.175784,0.5707
"07-Dec-18",53.26,53.83,50.965,51.67,244474,11.103963,0.5683
"10-Dec-18",51.76,54.32,50.89,53.43,298260,10.940195,0.5693
"11-Dec-18",54.63,55.42,52.14,53.59,147637,10.426992,0.5688
"12-Dec-18",54.5,56,53.68,55.11,264898,11.361249,0.5701
"13-Dec-18",55.48,55.74,54.25,55.38,303761,11.362399,0.5705
"14-Dec-18",54.54,55.14,53.1,53.55,259929,11.328217,0.5711
"17-Dec-18",53.3,53.79,50.02,50.51,409857,11.501991,0.5706
"18-Dec-18",51.45,54.2289,51.04,53.94,472895,11.493184,0.5711
"19-Dec-18",53.88,57.27,52.1575,56.1,924104
"20-Dec-18",55.63,56.18,51.03,53.12,683028,11.224489,0.504
"21-Dec-18",53.45,54.0155,47.78,49.3,720329,11.349709,0.5644
"24-Dec-18",48.26,49.495,46.36,47.54,283780
"25-Dec-18",,,,,,10.710667,0.5471
"26-Dec-18",48.11,53.24,47,53.2,408188
"27-Dec-18",52.15,54.14,51.39,54.1,342522
"28-Dec-18",54.56,55.78,52.815,54.71,201748
"31-Dec-18",55.24,57.96,53.5866,56.76,537061,11.466925,0.5778
"02-Jan-19",56.26,56.26,53.97,54.83,319994
"03-Jan-19",54.5,54.5,51.79,52.92,231346
"04-Jan-19",54.62,55.95,53.315,55,679963,11.330497,0.5548
"07-Jan-19",55.29,57.89,54.5715,56.61,933918,11.29245,0.554
"08-Jan-19",56.04,58.67,55,57.85,564096,11.063842,0.5562
"09-Jan-19",57.97,58.9699,56.675,56.89,293886,10.669743,0.5558
"10-Jan-19",56.25,57.32,55.62,56.99,278253,10.696838,0.5529
"11-Jan-19",56.63,57.47,55.6,56.98,336159,10.89122,0.5443
"14-Jan-19",56.61,56.8,54.1,55.23,269480,10.858805,0.5446
"15-Jan-19",53,56.53,52,56.37,738034,11.015222,0.5487
"16-Jan-19",56.65,56.8,53.75,54.25,2286015,10.146673,0.5554
"17-Jan-19",53.84,55.45,52.8228,54.98,574750,9.887626,0.5756
"18-Jan-19",55.42,57.45,54.62,57.16,605774,10.509517,0.5666
"21-Jan-19",,,,,,10.241856,0.5676
"22-Jan-19",56.81,57.75,55.54,56.46,306494,9.33221,0.5625
"23-Jan-19",57,58.42,55.95,57.07,456744,9.028971,0.5405
"24-Jan-19",57.05,58.1192,56.8,57.75,211357,8.524304,0.5365
"25-Jan-19",58.3,61.86,57.005,61.13,682953,8.574041,0.5373
"28-Jan-19",60.17,60.63,59.16,59.78,332393,8.48548,0.5367
"29-Jan-19",59.67,60.02,58.3032,59.18,327299,8.479264,0.535
"30-Jan-19",59.9,60.94,59.04,60.72,315408,8.579829,0.5368
"31-Jan-19",60.6,62.67,60.6,61.86,413808,8.675736,0.5245
"01-Feb-19",61.86,62.61,61.092,62.42,349012,8.766181,0.5323
"04-Feb-19",62.83,64.79,62.76,63.88,461796,8.219981,0.5286
"05-Feb-19",64.19,64.6602,60.6725,62.98,486985,8.310725,0.5159
"06-Feb-19",62.86,63.84,61.56,62.15,255915,8.239901,0.5174
"07-Feb-19",61.34,62.83,60.44,62.02,167468,8.397028,0.5188
"08-Feb-19",61.46,63.82,61.46,63.78,215385,8.579425,0.5185
"11-Feb-19",63.93,64.77,62.88,63.85,375645,8.597715,0.5212
"12-Feb-19",64.33,65.14,64.22,64.92,444509,8.573464,0.5275
"13-Feb-19",65,65.46,63.76,64.97,342859,8.550955,0.525
"14-Feb-19",64.68,66.22,64.55,64.86,313954,8.624704,0.5242
"15-Feb-19",65.18,65.2,64.03,65.06,411325,8.841407,0.5244
"18-Feb-19",,,,,,7.990494,0.5058
"19-Feb-19",65,65.32,63.22,64.26,829624,8.656571,0.5249
"20-Feb-19",65.9,71.61,65.9,67.95,1466169,8.406611,0.5257
"21-Feb-19",67.33,69.93,66.81,69.46,477932,8.673981,0.5283
"22-Feb-19",70,70.05,68.94,70,414698,8.757937,0.5286
"25-Feb-19",70.51,71.95,70.28,70.28,329198,8.495906,0.526
"26-Feb-19",69.84,70.66,69.21,69.3,367365,8.407799,0.5274
"27-Feb-19",69.06,70.09,68.73,69.94,297708,8.530835,0.526
"28-Feb-19",69.92,70.95,69.39,70.71,507188,8.404544,0.5266
"01-Mar-19",70.87,72.15,70.41,71.91,406109,8.248422,0.5256
"04-Mar-19",72.3,72.42,67.77,68.76,644455,8.168907,0.5271
"05-Mar-19",68.58,70.23,67.56,70.09,293089,7.983987,0.5246
"06-Mar-19",69.94,70.82,68.59,69.09,383003,7.859704,0.5194
"07-Mar-19",68.76,70.81,68.76,70.25,401315,7.822205,0.5213
"08-Mar-19",69.16,70.44,69.02,70.31,389542,7.87815,0.5208
"11-Mar-19",70.54,74.22,70.54,73.59,752568,7.886869,0.5508
"12-Mar-19",73.6,74.55,72.3,73.39,324388,7.748509,0.5381
"13-Mar-19",73.94,73.99,72.87,73.23,385571,7.809645,0.5388
"14-Mar-19",73.31,74.4,72.97,74.37,400336,8.094977,0.5418
"15-Mar-19",74.17,74.99,73.13,73.97,703052,7.768162,0.5409
"18-Mar-19",73.98,74.99,73.12,74.56,327944,7.858341,0.5518
"19-Mar-19",75,75.55,73.9,75.2,353653,8.288254,0.5542
"20-Mar-19",74.96,75.25,73.18,74.13,483993,8.307036,0.5485
"21-Mar-19",74.1,76.25,74.1,76.03,237708,8.605356,0.5507
"22-Mar-19",75.49,76.16,72.85,73.35,434942,8.299955,0.5408
"25-Mar-19",73.35,74.14,72.21,73.1,403813,8.091513,0.5425
"26-Mar-19",74.15,74.87,73.22,73.87,311769,7.092015,0.5232
"27-Mar-19",73.66,74.39,71.5926,73.04,394363,7.456713,0.5257
"28-Mar-19",73.28,74.55,72.4701,73.43,195099,7.020394,0.5209
"29-Mar-19",74.26,75.26,73.3355,75.01,332970,7.181091,0.5235
"01-Apr-19",75.89,76.33,74.56,75.88,426442,7.308403,0.5319
"02-Apr-19",75.89,76.4899,74.15,75.14,340885,7.102447,0.5172
"03-Apr-19",75.65,76.39,75.16,75.98,406486,7.330918,0.5229
"04-Apr-19",75.97,76.6,70.91,72.65,433810,7.220685,0.5237
"05-Apr-19",73.19,73.84,72.02,72.75,430296,7.359915,0.5244
"08-Apr-19",72.56,73.15,71.18,72.37,630062,6.902152,0.5068
"09-Apr-19",71.94,73.15,71.58,71.76,736697,7.206808,0.5012
"10-Apr-19",71.93,73.2,71.56,72.07,497813,7.546786,0.5117
"11-Apr-19",72.44,73.38,71.57,73.29,480446,7.541996,0.5185
"12-Apr-19",73.68,73.68,71.57,73.12,326723,7.990343,0.5245
"15-Apr-19",73.27,73.95,71.9,72.25,469650,8.154865,0.5223,2653993
"16-Apr-19",72.51,72.5553,69.94,70.53,484270,7.809018,0.5234
"17-Apr-19",70.75,70.9272,68.02,68.82,384772,8.558692,0.5225
"18-Apr-19",68.62,69.16,66.41,67.38,499601,8.665842,0.5331
"19-Apr-19",,,,,,8.72201,0.5271
"22-Apr-19",67,68.75,66.73,68.36,235072,8.762567,0.5482
"23-Apr-19",68.69,70.23,68.64,69.93,399757,8.103366,0.5235
"24-Apr-19",70.36,71.95,69.64,71.12,382033,7.98028,0.5219,,2369750.3497
"25-Apr-19",71.38,72.49,70.81,71.49,205633,7.899658,0.5171,,2345333.6141
"26-Apr-19",71.62,73.22,70.84,72.83,199131,8.086014,0.5192,,2357541.9819
"29-Apr-19",73.13,74.98,72.99,73.45,531703,7.916354,0.5238,,2325428.6666
"30-Apr-19",73.56,75.205,72.81,73.89,277483,8.237397,0.5187,2300374,2415399.0293
"01-May-19",74.56,74.71,72.52,72.91,186560,8.679835,0.5444,,2533236.3185
"02-May-19",73,73.58,71.925,72.9,171219,8.394335,0.5325,,2433180.7824
"03-May-19",73.5,74.3,72.75,74.17,245181,7.308664,0.4995,,2104616.449
"06-May-19",72.17,74.12,71.915,74.01,381006,7.375617,0.5065,,2111251.4315
"07-May-19",75.06,79.65,75.06,78.39,940946,7.498024,0.4976,,2203875.7872
"08-May-19",78.07,79.91,76.475,76.72,451779,7.352425,0.4992,,2184501.6383
"09-May-19",75.51,77.71,74.63,77.43,702819,7.332816,0.5016,,2113123.5564
"10-May-19",77.02,80.01,76.5,79.78,704399,7.649879,0.4912,,2226071.9198
"13-May-19",77.46,79.23,76.86,77.46,906896,8.377811,0.4998,,2485094.0322
"14-May-19",78.23,80.69,78.03,79.83,834906,7.244011,0.4852,,2186735.5244
"15-May-19",79.24,82.615,79.24,81.74,437584,6.362937,0.4897,2401645,1929323.6738
"16-May-19",81.79,84.83,81.71,83.77,849041,6.992377,0.5126,,2152689.9892
"17-May-19",82.76,85.14,82.2,83.06,544135,7.071988,0.5104,,2183054.926
"20-May-19",82.39,82.39,78.66,79.61,950501,6.93632,0.5023,,2150159.5778
"21-May-19",80.53,82.41,80.16,81.45,679951,7.845419,0.5209,,2367084.846
"22-May-19",80.94,83.09,80.73,82.55,747561,8.28036,0.5119,,2521669.9788
"23-May-19",81.37,81.68,79.09,80,804273,7.313921,0.5064,,2257357.0062
"24-May-19",81.17,81.17,79.24,79.99,645982,7.976512,0.51,,3083231.851
"27-May-19",,,,,,7.93867,0.5121,,3094039.2535
"28-May-19",80.57,82.85,80.11,82.26,415272,7.361272,0.5112,,2880533.013
"29-May-19",81.58,82.28,80.06,80.27,403282,7.980675,0.5168,,3115413.894
"30-May-19",80.71,81.4,79.5,80.42,315275,8.05769,0.5185,,3128863.106
"31-May-19",79.08,81.79,78.04,78.64,756452,7.462804,0.5068,2761103,2924963.4455
"03-Jun-19",78.13,79.42,73.7605,74.6,942351,7.276253,0.5118,,2899025.6795
"04-Jun-19",74.83,77.04,74.55,76.78,969018,6.969934,0.4985,,2820011.559
"05-Jun-19",78.05,80.51,77.51,80.41,743377,6.102057,0.4761,,2476576.324
"06-Jun-19",80.62,83.745,79.98,83.38,670649,6.596353,0.4861,,2708575.231
"07-Jun-19",83.9,85.55,83.54,84.75,601184,6.39498,0.4834,,2643730.816
"10-Jun-19",85,87.77,84.16,84.35,659326,6.176402,0.4845,,2582729.033
"11-Jun-19",85.46,85.62,81.16,83.33,573355,6.675862,0.5058,,2640442.7989
"12-Jun-19",83,84.56,83,84.06,284542,6.773805,0.4924,,2641271.1298
"13-Jun-19",84.73,85.57,83.75,85.35,430658,6.611097,0.4901,,2586325.1801
"14-Jun-19",85,86.5252,84.44,86.08,329760,6.576078,0.4876,3246343,2568101.9003
"17-Jun-19",86.77,90,86.63,89.48,559359,6.346261,0.476,,2475052.7292
"18-Jun-19",91.33,92.105,88.47,88.56,527772,6.624533,0.4945,,2585772.9595
"19-Jun-19",88.47,91.445,88.47,91.32,1262895,6.395093,0.4929,,2567825.79
"20-Jun-19",94.01,97.15,92.9,97.02,1233847
"21-Jun-19",96.53,97.68,92.1,92.81,1061208
"24-Jun-19",93.1,94.29,89.16,89.69,3529258,5.868641,0.5241,,2700910.9546
"25-Jun-19",90.23,90.35,87.38,87.52,649006,6.534779,0.5475,,3807311.0704
"26-Jun-19",87.73,88.63,85.1,85.63,763904,6.081581,0.6142,,3576496.0831
"27-Jun-19",86.28,87.845,85.47,87.23,427290,5.406395,0.6153,,3188882.7289
"28-Jun-19",87.59,89.58,87,89.42,1033904,5.320896,0.6073,1944857,3189856.6318
"01-Jul-19",91.32,91.5753,87.63,90.09,363398,4.991408,0.6186,,3026565.5789
"02-Jul-19",90.32,91.04,89.38,90.97,241510,5.546146,0.6103,,3346979.633
"03-Jul-19",91.39,93.4,91.05,93.39,276772,6.132366,0.6189,,3694662.9683
"04-Jul-19",,,,,,6.053347,0.6109,,3666744.4185
"05-Jul-19",92.81,93.84,91.345,93.76,554988,5.881136,0.6038,,3573574.3744
"08-Jul-19",93.27,94.6737,92.1,94.24,347278,6.019557,0.6048,,3649863.4349
"09-Jul-19",93.51,96.64,93.51,96.01,337182,5.85378,0.6053,,3522606.7893
"10-Jul-19",96.74,99.25,96.05,97.32,412204,5.913163,0.6068,,2151206.3277
"11-Jul-19",97.88,99.35,96.86,98.36,273321,5.866431,0.6113,,2121644.5013
"12-Jul-19",98.8,99.49,97.43,99.22,202499,5.956098,0.6067,,2138370.2715
"15-Jul-19",99.6,99.67,97.41,98.76,215843,5.9219,0.6022,2308429,2119894.13
"16-Jul-19",99.07,99.07,95.3,96.17,264736,6.035539,0.6119,,2148678.0136
"17-Jul-19",96.57,98.23,96.4,98,284487,5.968379,0.6155,,2113476.1019
"18-Jul-19",98.01,98.52,96.805,97.97,463012,5.898013,0.612,,2093055.1034
"19-Jul-19",98.4,100.09,97.49,98.09,298582,5.823271,0.615,,2055324.8776
"22-Jul-19",98.34,100.52,98.15,99.25,288490,5.901335,0.6148,,2066216.0768
"23-Jul-19",100.07,100.07,95.8703,97.11,243789,5.923527,0.6135,,2074578.9619
"24-Jul-19",96.8,99.73,96.29,99.55,283769,6.265831,0.6045,,2382298.728
"25-Jul-19",99.47,99.64,97.615,98.92,314796,6.200788,0.6053,,2353212.5226
"26-Jul-19",99.39,103.37,99.39,102.51,474316,6.029432,0.6013,,2304735.5136
"29-Jul-19",102.61,103.39,98.15,101.52,530111,5.933083,0.6044,,2287883.9819
"30-Jul-19",100.65,103.58,100.65,103.23,336792
"31-Jul-19",103.58,103.83,100.75,102.3,486158,5.86362,0.605,2199441,2243562.1451
"01-Aug-19",102.53,104.22,100.13,100.37,381154,5.923755,0.6071,,2272648.3505
"02-Aug-19",100.37,100.7729,98.16,99.49,442166,5.92387,0.6002,,2287883.9819
"05-Aug-19",96.61,97.28,92.08,94.83,835771,5.697944,0.5966,,2259490.3052
"06-Aug-19",87.76,92.68,80.525,83.64,2744317,5.15625,0.5978,,2155380.1573
"07-Aug-19",81.1,83.35,80.59,81.79,1084535,5.088664,0.6053,,2162997.973
"08-Aug-19",82.84,87.07,80.02,86.57,953710,5.6451,0.5975,,2400304.4742
"09-Aug-19",85.47,86.74,83.8062,83.94,833148,5.628989,0.5987,,2367478.2924
"12-Aug-19",83.95,84.64,82.05,82.24,358948,5.797544,0.5973,,2415646.0503
"13-Aug-19",81.67,83.32,80.89,82.41,470629,5.768278,0.5929,,2393211.7521
"14-Aug-19",80.89,81.03,78.7533,79.75,320147,6.086877,0.5911,,2490207.1002
"15-Aug-19",80.34,81.18,78.9,79.98,300796,6.285636,0.5917,2529517,2538594.8022
"16-Aug-19",80.82,81.275,80.06,80.44,260140,6.223479,0.5913,,2502523.9698
"19-Aug-19",81.89,83.795,81.5,82.57,464537,6.42048,0.5949,,2562568.7091
"20-Aug-19",82.8,84.02,81.36,83.01,289230,6.570081,0.5898,,2600619.0384
"21-Aug-19",83.84,85.34,82.75,84.38,299548,6.891679,0.592,,2683757.9082
"22-Aug-19",84.75,85.62,83.48,85.19,314240,6.920171,0.5937,,2669901.4299
"23-Aug-19",84.47,86.27,83.035,83.93,529586,6.926401,0.5894,,2657364.6162
"26-Aug-19",85.59,86.99,84.2,86.9,350717,7.09253,0.5882,,2676228.986
"27-Aug-19",87.96,88.785,85.37,86.21,448784,7.394059,0.5919,,2779686.2313
"28-Aug-19",85.99,85.99,83.36,83.72,418675,7.531727,0.5913,,2818893.7448
"29-Aug-19",85.17,86.64,83.6,86.06,257342,7.875785,0.5912,,2935757.4302
"30-Aug-19",86.64,86.64,83.75,86.2,378558,7.920533,0.5864,2819684,2950428.6288
"02-Sep-19",,,,,,7.900112,0.5864,,2950428.6288
"03-Sep-19",85.26,87.33,83.8116,84.7,416450,7.881391,0.5881,,2930445.4445
"04-Sep-19",85.72,85.905,81.891,82.95,733223,11.063967,0.5873,,4090987.8441
"05-Sep-19",83.84,85.43,82.05,82.98,795445,10.773819,0.5868,,3965270.8492
"06-Sep-19",83.52,83.52,73.97,74.15,831119,10.346181,0.5865,,3816788.2013
"09-Sep-19",75,75.26,66.7,69.92,2092010,9.833997,0.5881,,3764933.1028
"10-Sep-19",69,70.76,66.72,70.49,837235,9.380885,0.5858,,3613162.0828
"11-Sep-19",69.94,70.48,67.08,69.37,1282834,9.746035,0.5852,,3644441.57
"12-Sep-19",70.23,70.57,67.9,69.76,980011,9.811792,0.585,,3706474.618
"13-Sep-19",70.28,70.28,67.84,68.11,741859,9.969758,0.5869,2903147,3808829.1472
"16-Sep-19",66.98,68.74,64.76,65.09,763695,9.753341,0.5859,,3784861.8332
"17-Sep-19",65.33,68.925,64.0543,68.05,899460,9.847081,0.6107,,3845485.0392
"18-Sep-19",67.67,68.12,65.245,66.79,644025,9.631272,0.5868,,3768789.6344
"19-Sep-19",67.33,69.25,67.02,69.2,446285,9.412153,0.5742,,3675740.0624
"20-Sep-19",68.96,70.73,68.6,70.02,933689,8.933763,0.5688,,3461444.0784
"23-Sep-19",69.51,70.41,67.39,67.49,767274,9.2089,0.5868,,3489922.8868
"24-Sep-19",67.91,68.3794,65.42,66.1,328694,9.469659,0.5843,,2715313.3891
"25-Sep-19",65.89,66.34,63.3,64.87,586801,10.275084,0.5817,,2730409.7535
"26-Sep-19",64.91,65.62,63.88,64.26,367373,10.241782,0.5817,,2700797.6541
"27-Sep-19",65.12,65.3,60.04,61.27,858055,10.143207,0.5777,,2681636.8839
"30-Sep-19",61.35,62.01,59.85,61.71,871161,9.947429,0.5692,2943606,2628509.2938
"01-Oct-19",61.53,64.3,61.53,63.91,772134,10.031347,0.6937,,2665088.946
"02-Oct-19",63.05,66.0471,62.89,65.84,1016228,9.891412,0.5773,,2674088.7017
"03-Oct-19",65.73,68.68,63.94,67.97,1030643,9.859286,0.5843,,2721119.6831
"04-Oct-19",68.54,69.69,65.47,67.85,492263,10.477841,0.5796,,2907792.0352
"07-Oct-19",67.43,68.87,66.705,68.06,399897,10.793882,0.5869,,2983564.1719
"08-Oct-19",67.6,68.195,65.2,66.93,346763,11.010691,0.5828,,3024208.2299
"09-Oct-19",67.83,68.6099,67,68.11,188064,11.025118,0.5839,,3377493.5244
"10-Oct-19",67.81,68.66,66.77,67.38,371603,10.925102,0.5842,,3349823.628
"11-Oct-19",68.1,71.3099,67.96,70.62,592975,10.714994,0.5893,,3300665.4078
"14-Oct-19",70.47,71.92,69.5,71.27,344943,10.572442,0.5855,,3295955.6382
"15-Oct-19",71.19,72.17,70.59,71.96,237875,10.862273,0.6168,3531737,3355416.4794
"16-Oct-19",71.41,71.59,69.391,71.11,464925,10.972866,0.6765,,3411050.6328
"17-Oct-19",71.63,71.63,70.08,71.47,255872,11.182795,0.6201,,3475515.6042
"18-Oct-19",71.15,71.68,68.36,70.19,769944,11.784163,0.6486,,3707471.757
"21-Oct-19",70.31,71.96,69.76,71.37,336837,12.270337,0.6706,,3878200.905
"22-Oct-19",71.82,72.24,70.6,71.13,336182,12.009603,0.6466,,3769876.2042
"23-Oct-19",70.71,72.92,67.26,68.41,458893,11.6152,0.6074,,3661845.864
"24-Oct-19",69.05,71.3,69.05,70.57,250318,11.616273,0.6049,,3855244.1092
"25-Oct-19",70.33,71.5,68.98,70.87,245496,11.691859,0.6046,,3876787.7049
"28-Oct-19",71.11,72.09,70.33,71.04,202711,11.768551,0.598,,3903982.0798
"29-Oct-19",71.14,72.41,70.11,70.38,291810,12.04279,0.5996,,3963668.4351
"30-Oct-19",70.38,70.8,68.07,70.15,627755,12.176323,0.6016,,4017350.8375
"31-Oct-19",70.15,70.7,68.44,69.51,262858,11.990192,0.6074,3677880,3948835.1397
"01-Nov-19",70.18,72.18,69.39,71.01,305850,12.445871,0.5356,,4080215.7561
"04-Nov-19",71.33,72.19,66.19,67.4,497353,12.471664,0.6052,,4117298.9946
"05-Nov-19",77.05,80.57,75,80.27,1804014,11.978647,0.6054,,4073858.6295
"06-Nov-19",80,80.085,77.25,77.48,748223,12.048527,0.6054,,4088691.9249
"07-Nov-19",77.23,78.98,76.36,77.08,316774,12.380162,0.6054,,3952013.703
"08-Nov-19",76.61,78.55,76.14,78.05,370833,12.228555,0.6034,,3831228.2976
"11-Nov-19",77.94,79.66,76.215,79.62,387813,12.531083,0.6037,,3838644.9453
"12-Nov-19",79.47,83.1,79.36,82.99,565233,12.291834,0.6048,,3507961.944
"13-Nov-19",83.05,85.22,82.71,84.6,474297,12.220378,0.6041,,3498399.456
"14-Nov-19",84.75,84.98,82.99,83.82,224475
"15-Nov-19",84.35,85,83.56,84.98,290415,11.853336,0.596,3427276,3367834.716
"18-Nov-19",84.45,86.57,83.51,83.97,386979,11.665636,0.594,,3349813.104
"19-Nov-19",84.35,85.81,84.05,85.2,422679,11.700924,0.5885,,3347238.588
"20-Nov-19",85.33,87.24,83.74,85.27,365240,11.625854,0.589,,3316712.184
"21-Nov-19",85.61,86.47,84.05,84.83,251324,11.577047,0.5889,,3299426.148
"22-Nov-19",85.08,85.97,84.69,85.66,255183,11.994618,0.5911,,3414176.004
"25-Nov-19",86.5,87.15,84.9,85.75,356484,11.842935,0.5893,,3377764.992
"26-Nov-19",85.69,87.43,85.16,86.24,226047,11.962237,0.5887,,3440642.3764
"27-Nov-19",86.11,88.08,85.27,87.67,177661,12.044476,0.5856,,3447839.656
"28-Nov-19",,,,,,11.993962,0.5867,,3443041.4696
"29-Nov-19",87.64,88.64,86.6,87.94,90584,12.064082,0.5876,3114194,3431731.4588
"02-Dec-19",88.04,88.99,84.76,85.63,254577,11.816462,0.5891,,3377237.7704
"03-Dec-19",83.87,85.76,81.97,85.39,347714,11.975162,0.5882,,3403285.068
"04-Dec-19",87.63,87.65,83.11,84.09,399609,11.978677,0.5845,,3402599.6128
"05-Dec-19",84.21,85.72,83.84,84.56,433517,11.952657,0.583,,3366613.2148
"06-Dec-19",85.29,86.55,84.9,85.42,202234,12.038958,0.5835,,3333711.3652
"09-Dec-19",84.95,86.005,84.17,84.38,152899,12.365817,0.5901,,3357359.5696
"10-Dec-19",83.69,83.91,82.38,83.23,455911,13.055794,0.5907,,3061875.5408
"11-Dec-19",83.15,83.15,78.14,79.82,2132398,12.644583,0.5857,,3084297.7376
"12-Dec-19",80.12,80.81,78.5,80.75,592796,12.905277,0.5864,,3083363.4794
"13-Dec-19",80.56,80.92,79.73,80.26,355722,13.019399,0.596,3589117,3051598.7006
"16-Dec-19",81.08,81.09,78.615,78.71,305495,13.21168,0.5979,,3055024.314
"17-Dec-19",78.4,78.82,76.52,78.29,397931,12.066628,0.6043,,2758241.6258
"18-Dec-19",78.78,79.75,78.19,78.76,319009,12.205579,0.5855,,2738622.2036
"19-Dec-19",79,79.5614,78.515,79.31,254854,12.00622,0.5966,,2660144.5148
"20-Dec-19",79.51,80.94,79.51,80.7,435848,11.91969,0.5975,,2639902.2538
"23-Dec-19",80.88,80.88,79.32,79.84,255663,12.204157,0.5965,,2643016.4478
"24-Dec-19",79.99,80.36,79.4,80.13,75162
"25-Dec-19",,,,,,12.522421,0.5957,,3128633.2889
"26-Dec-19",80.36,81.41,80,80.2,158113,12.728039,0.597,,3132940.2293
"27-Dec-19",80.81,81.27,79,79.21,132185
"30-Dec-19",78.95,79.36,76.62,79.2,267108,13.480344,0.5948,,3221591.4192
"31-Dec-19",78.78,79.83,77.85,78.08,318711,13.467719,0.5945,3607907,3205799.3044
"01-Jan-20",,,,,,13.672256,0.5945,,3202210.1874
"02-Jan-20",78.51,80,77.6,79.99,278673,13.738991,0.5993,,3159140.7834
"03-Jan-20",78.19,81.09,78.19,80.42,297698,14.189277,0.5911,,3174573.9865
"06-Jan-20",79.71,83.33,79.2,82.23,546339
"07-Jan-20",82.37,83.55,80.65,82.99,366232,14.480467,0.5903,,3163088.8121
"08-Jan-20",82.91,83.95,82.51,82.95,263683,14.624732,0.5903,,3177445.2801
"09-Jan-20",83.67,84.45,82.74,83.54,221829,15.007904,0.5873,,3244561.768
"10-Jan-20",84.16,84.68,82.97,83.67,301411,15.001885,0.5874,,3666355.0934
"13-Jan-20",83.82,85.25,83.12,84.96,667900,15.05371,0.5879,,3693414.3959
"14-Jan-20",85.28,86.5,84.15,85.67,662217,14.614228,0.5879,,3623781.7908
"15-Jan-20",85.83,89.31,85.31,87.74,750805,14.270138,0.5823,3843026,3594918.5348
"16-Jan-20",88.08,90.14,87.89,89,614166,14.517252,0.5767,,3710371.5588
"17-Jan-20",89.29,89.4,87.65,88.2,604858,14.648315,0.5798,,3763768.5824
"20-Jan-20",,,,,,14.687912,0.5797,,3744285.8846
"21-Jan-20",88.51,88.73,86.735,87.75,756047,14.902722,0.577,,3850358.3504
"22-Jan-20",88.46,89.72,88.27,88.71,361736,14.798659,0.5798,,3826906.9549
"23-Jan-20",88.75,89.41,86.75,87.125,609913,14.236214,0.5852,,3720112.9077
"24-Jan-20",87.45,90.2,87.45,89.8,435649,14.020019,0.5839,,3660221.6515
"27-Jan-20",87.87,90.81,87.78,89.29,543671,13.800855,0.5801,,3921039.4278
"28-Jan-20",89.62,90.9,88.82,90.5,256521,14.017232,0.5798,,3957163.8722
"29-Jan-20",90.72,91.71,90.18,91.13,220394,14.421059,0.5771,,4073991.8626
"30-Jan-20",90.96,91.98,90.02,91.61,269689,14.326472,0.579,,4044016.2598
"31-Jan-20",91.52,92.7175,90.44,90.64,311594,14.439699,0.5875,4326066,4027491.248
"03-Feb-20",90.83,92.15,90.59,91.71,293250,14.643195,0.5868,,4107041.8862
"04-Feb-20",92.86,95.16,91.7,93.92,431164,14.678961,0.5868,,4118570.9642
"05-Feb-20",94.88,94.88,90.52,91.84,364346,15.029467,0.588,,4195815.7868
"06-Feb-20",92.08,93.47,91.34,93.11,144690,16.377873,0.5838,,4284589.6874
"07-Feb-20",92.83,94.77,91.86,92.54,239316,16.848173,0.5807,,4316871.1058
"10-Feb-20",90.47,93.08,90.47,92.81,195653,16.98746,0.5808,,4333011.815
"11-Feb-20",93.71,94.61,92.02,92.16,177211,17.105837,0.5809,,4646627.4906
"12-Feb-20",92.57,92.57,90.27,91.14,318006,17.289047,0.5827,,4682533.8384
"13-Feb-20",91.19,92.22,90.84,91.02,392200,17.479566,0.5817,,4699838.1024
"14-Feb-20",91.44,92.84,91.01,91.88,248251,17.435021,0.5825,4465100,4643166.6378
"17-Feb-20",,,,,,17.260678,0.5825,,4643166.6378
"18-Feb-20",91.85,92.17,90.66,91.84,637353,17.131267,0.5801,,4660038.2952
"19-Feb-20",93.77,105.99,93.5287,104.21,1620431,16.207092,0.58,,4639705.785
"20-Feb-20",105.31,105.9,99.325,101.04,863074,15.641273,0.579,,4557077.9244
"21-Feb-20",101.01,105.16,99.35,104.97,776685,15.594158,0.5843,,4617210.2418
"24-Feb-20",101.14,103,99.46,101.79,459668,15.05945,0.5796,,4523767.2162
"25-Feb-20",102.29,106.88,101.32,104.4,780269,14.835221,0.5788,,4518143.3304
"26-Feb-20",105.07,108.63,104.825,106.67,612416,14.684872,0.5812,,4342756.26
"27-Feb-20",103.93,109.44,103.08,105.54,824730,14.661438,0.5812,,4433397.79
"28-Feb-20",102.33,106.44,102.1431,105.66,807570,14.468346,0.5771,4536259,4475816.24
"02-Mar-20",107.28,111.86,103.45,111.86,908085,14.142869,0.5794,,4503499.86
"03-Mar-20",112.48,114.52,103.06,108.31,804300,13.922665,0.579,,4518681.2
"04-Mar-20",109.81,110.855,107.31,109.3,491645,14.494898,0.582,,4727201.37
"05-Mar-20",108.54,110,105.666,106.83,531797,14.600105,0.5847,,4783015.12
"06-Mar-20",104.68,109.49,104.07,109.28,700226,14.621394,0.5838,,4833470.75
"09-Mar-20",105.42,110.99,103.1101,108.36,932150,14.139561,0.5852,,4788819.75
"10-Mar-20",114.75,114.75,105.34,109.94,1004854,13.626166,0.5882,,4807527.2882
"11-Mar-20",109.77,116.21,108.913,111.04,1199550,13.970507,0.587,,5046134.5116
"12-Mar-20",105.99,107.23,95.45,103.05,771892,15.721819,0.5701,,5438067.2892
"13-Mar-20",106.82,108.88,99.14,107.9,974135,15.516631,0.5738,4864790,5433531.0302
"16-Mar-20",100,109.97,97.8827,107.47,847018,15.240365,0.5813,,5420829.505
"17-Mar-20",108.5,117.61,101.02,116.56,1248575,15.168909,0.5801,,5556463.6491
"18-Mar-20",112.11,127.08,110.2284,114.69,1251247,14.928278,0.6348,,5611806.0089
"19-Mar-20",114.13,115.875,94.01,103.51,790217,14.627379,0.5986,,5575969.5628
"20-Mar-20",106.31,107.04,97.125,100.27,942322,14.21534,0.5768,,5528792.4692
"23-Mar-20",100.92,118.4,97.75,115.97,1164154,13.633581,0.5951,,5414478.7424
"24-Mar-20",123.42,133.62,121.01,122.59,1086149,13.028195,0.5725,,4741710.813
"25-Mar-20",121.86,123.8169,107.6,110.67,793170,13.015363,0.5739,,4831222.949
"26-Mar-20",107.78,115.8218,107.08,112.7,483878,12.669783,0.5775,,4688684.602
"27-Mar-20",111.03,111.73,106.01,108.95,421137,12.379011,0.5599,,4613280.357
"30-Mar-20",110.49,113.96,110.4472,112.69,358426,12.820139,0.5578,,4806898.999
"31-Mar-20",111.54,113.74,105.17,106.36,631448,12.392966,0.5649,4505026,4691116.997
"01-Apr-20",104,108.97,101.445,103.01,677015,12.061008,0.5609,,4608415.567
"02-Apr-20",102,105.99,100.2,103.28,469621,12.27192,0.566,,4672144.316
"03-Apr-20",102.32,105.95,101.67,104.48,583047,12.249494,0.5623,,4699873.619
"06-Apr-20",107.56,107.99,103.03,106.34,519052,12.158362,0.5669,,4691116.997
"07-Apr-20",107.11,108.02,95.4,97.85,1010556,12.165191,0.5681,,4749007.998
"08-Apr-20",98.85,101.09,98.01,100.69,658815,11.811081,0.5707,,4644415.013
"09-Apr-20",101.38,102.75,96.64,98.06,747557,11.751442,0.5644,,4490609.9168
"10-Apr-20",,,,,,11.631104,0.5644,,4490609.9168
"13-Apr-20",98.12,104.63,97.57,103.36,474541,11.558199,0.5563,,4481599.8648
"14-Apr-20",104,109.31,102.29,106.84,764529,10.857703,0.5654,,4219857.8542
"15-Apr-20",105.29,113.52,105.02,111.46,508917,10.601975,0.5625,4338436,4104979.6912
"16-Apr-20",111.64,118.49,111.64,118.2,501390,10.712662,0.5632,,4122549.2926
"17-Apr-20",118.38,120,113.07,119.89,652715,11.408906,0.5648,,4394652.863
"20-Apr-20",117.82,127.27,117.82,124.71,519881,10.441196,0.5628,,4013527.6634
"21-Apr-20",123,126.74,114.135,117.31,486967,9.561764,0.562,,3661685.1328
"22-Apr-20",118.5,123.37,117.02,122.05,319685,9.955515,0.5602,,3771607.7672
"23-Apr-20",121.46,123.95,119.7,120.28,368922,9.98301,0.5621,,3782870.3322
"24-Apr-20",121.43,122.225,118.88,119.26,280674,10.1218,0.5591,,4020428.6412
"27-Apr-20",120.88,124.36,119.8,120.3,545588,10.053203,0.5612,,4003942.5844
"28-Apr-20",122,122.45,114.39,116.28,521951,10.127354,0.5551,,4031274.7312
"29-Apr-20",116.59,117.435,112.09,112.53,614156,10.20318,0.5562,,4097652.802
"30-Apr-20",112,112.9,110.41,111.38,580527,9.808948,0.5558,5381802,3974441.2196
"01-May-20",109.83,113.84,108.14,108.8,541670,9.940731,0.5539,,4087674.3992
"04-May-20",109.7,110.83,107.42,110.17,575967,9.855307,0.5526,,4080732.9016
"05-May-20",111.65,119.92,110.01,112.86,1146003,10.015894,0.55,,4219129.01
"06-May-20",123.98,140.7167,123.25,139.66,1940052,9.790741,0.5485,,4279433.2704
"07-May-20",140.42,149.19,139.67,148.31,1066980,9.707569,0.5508,,4333229.8768
"08-May-20",150.56,155.265,148.36,153.87,855177,9.152194,0.5491,,4141904.8492
"11-May-20",150.16,158.335,149.15,155.1,740505,10.070505,0.5427,,6246657.5814
"12-May-20",158.55,163.75,152.52,160.78,1141036,9.32035,0.5378,,5903298.6138
"13-May-20",161.74,165.79,154.325,158.95,530413,9.273609,0.5317,,5900607.7128
"14-May-20",158.29,160.565,154.2,157.52,718634,8.968145,0.5292,,5746149.9954
"15-May-20",156.29,165.52,155.01,158.8,662109,8.890597,0.5297,4833556,5746688.1756
"18-May-20",159.46,162.9645,153.13,154.84,553767,9.250114,0.5323,,5954425.7328
"19-May-20",155.79,158.7633,151.69,152.19,585886,8.632802,0.5179,,5550790.5828
"20-May-20",156,157.95,146.56,147.29,654641,8.721918,0.5197,,5495358.0222
"21-May-20",147.88,148.51,140.79,144.21,686343,8.575055,0.5196,,5382340.1802
"22-May-20",145,147.045,142.9928,144.49,265656,8.620002,0.5182,,5351663.9088
"25-May-20",,,,,,8.564642,0.5182,,5347896.6474
"26-May-20",146.62,146.94,135,135.53,799780,8.453106,0.5374,,5280624.1224
"27-May-20",135.45,138.455,125.64,138.34,834072,8.256301,0.538,,4358900.8008
"28-May-20",138.76,142.66,136.28,136.73,484180,8.154676,0.5399,,4273830.2152
"29-May-20",140.71,146.33,137.7101,146.26,565098,8.274517,0.5373,4920449,4313465.3744
"01-Jun-20",149,153.1159,146.26,150.85,511236,8.303993,0.5373,,4309115.174
"02-Jun-20",150,151.8219,144.655,147.98,476704,8.423996,0.5384,,4348750.3332
"03-Jun-20",146.32,149.99,142.59,143.48,447946,8.714664,0.5431,,4454121.854
"04-Jun-20",141.5,143.15,129.55,130.25,916418,8.620415,0.545,,4416903.4728
"05-Jun-20",130.3,132.7949,121.95,123.89,1279308,8.470114,0.5463,,4414003.3392
"08-Jun-20",123.71,131.445,120.52,130.66,593089,8.373767,0.5461,,4371468.0464
"09-Jun-20",131.23,133.535,127.73,131.96,776230,8.746446,0.5507,,5214691.8502
"10-Jun-20",134.37,137.9392,132.32,135.72,609969,8.792199,0.5519,,5205835.042
"11-Jun-20",133.9,135.72,127.55,129.78,649822,9.078708,0.5523,,5334750.8058
"12-Jun-20",129.74,134.87,125.07,128.4,432983,9.036436,0.5511,,5222072.5237
"15-Jun-20",128.93,136.43,128.2,136.08,542253,9.697216,0.5518,4937663,5541409.6638
"16-Jun-20",138.5,138.5,130.92,133.94,779598,9.29547,0.5552,,5321957.6384
"17-Jun-20",132.94,136.61,131.2,134.27,448910,9.496317,0.5524,,5388875.7448
"18-Jun-20",134.34,138.55,132.04,135.86,497578,9.880191,0.5232,,5512871.0596
"19-Jun-20",136.66,138.94,129.81,130.12,814821,10.001932,0.5205,,5525172.1821
"22-Jun-20",131,135.32,130,134.29,394885,10.134244,0.5272,,5511394.9249
"23-Jun-20",134.94,142.69,134.64,140.5,811585,10.260338,0.528,,5599470.962
"24-Jun-20",140.31,142.83,132.23,134.33,787412,10.003579,0.5261,,4822121.6858
"25-Jun-20",133.56,137.73,128.82,137.58,581732,10.301377,0.5288,,4907049.4894
"26-Jun-20",137.94,142.42,134.2401,140.92,4289463,9.152119,0.5319,,4720899.5943
"29-Jun-20",142.88,142.88,133.1,135.19,674153,9.574854,0.5336,,4990989.7604
"30-Jun-20",136.41,138.71,135.56,138.36,575998,8.841112,0.5272,4437260,4594989.1878
"01-Jul-20",137.98,149.485,137.0001,147.97,529912,9.036645,0.5305,,4722380.8932
"02-Jul-20",149.75,151.58,146.02,146.49,625739,9.071929,0.5299,,4735712.5833
"03-Jul-20",,,,,,9.023256,0.5299,,4735712.5833
"06-Jul-20",147.91,151.6,143.2385,147.37,1299981,8.77274,0.5294,,4677448.1599
"07-Jul-20",147.63,148.5391,143.65,146.39,427025,8.842025,0.5263,,4704605.3064
"08-Jul-20",147.96,152,147.74,151.46,517584,9.312908,0.5302,,4901618.0601
"09-Jul-20",153.3,153.89,148.01,151.97,370893,9.44918,0.53,,4941613.1304
"10-Jul-20",150.59,152.365,146.385,147.18,427481,9.452762,0.5294,,4739881.132
"13-Jul-20",148.64,149.47,132.72,134.37,613616,9.355213,0.5304,,4681309.3
"14-Jul-20",134,135.64,126.98,135.06,574014,9.206777,0.5296,,4616969.03
"15-Jul-20",135.77,135.8,131.18,135.11,548313,9.335111,0.528,4317431,4659123
"16-Jul-20",133.12,134.55,128.18,131.19,425086,9.370556,0.5243,,4667997.52
"17-Jul-20",130.76,132.63,128.99,131.56,240610,9.189728,0.5214,,4551741.308
"20-Jul-20",137.02,144.485,136.27,142.02,901256,9.031212,0.5164,,4498050.462
"21-Jul-20",144.8815,144.8815,138.16,140.61,307986,9.171069,0.5159,,4545972.87
"22-Jul-20",142.84,144.7531,139.01,140.24,215147,9.038431,0.5201,,4453234.136
"23-Jul-20",139.19,143.4,134.77,134.89,283125,9.129022,0.5202,,4494056.928
"24-Jul-20",134.31,135.46,129.5406,133.21,323403,9.056646,0.5182,,4127032.2929
"27-Jul-20",134.59,139.63,133.21,139.27,457718,9.060703,0.5177,,4145597.2462
"28-Jul-20",140.02,143.495,137.22,139.12,317836,9.251109,0.5164,,4210790.4543
"29-Jul-20",139.71,143.72,139.71,142.72,202025,9.442859,0.5147,,4267348.8004
"30-Jul-20",140.98,143.58,136.2,141.59,274657,9.472305,0.5125,,4247488.6178
"31-Jul-20",143.01,143.01,136.5101,142.8,307627,9.46926,0.5115,4246440,4210358.7112
"03-Aug-20",142.5,147.355,141.14,145.86,327683,9.525431,0.5118,,4223742.7473
"04-Aug-20",145.19,147.41,142.85,147.32,288579,9.699034,0.5147,,4263031.3694
"05-Aug-20",147.444,150.74,146.54,150.28,408762,9.714203,0.5123,,4253101.2781
"06-Aug-20",149.42,150.24,141.28,145.83,628904,9.819623,0.5182,,4247920.3609
"07-Aug-20",139.18,143.91,131.3,131.77,1161493,10.070102,0.5184,,4277278.8917
"10-Aug-20",131.77,133.995,123.48,124.16,1410532,10.165991,0.5183,,4332110.2654
"11-Aug-20",122.76,125.19,119.52,120.87,657103,10.438982,0.5203,,4487213.148
"12-Aug-20",121.01,124.71,120,122.78,779353,10.445309,0.5182,,4494007.452
"13-Aug-20",124.15,130.42,122.845,128.3,446313,10.750947,0.5235,,4549635.816
"14-Aug-20",129.11,132.27,128.795,129.34,511086,10.833333,0.5154,4460802,4582333.404
"17-Aug-20",129.17,132.39,127.56,128.98,449795,10.868834,0.5194,,4564498.356
"18-Aug-20",128.98,137.27,128.98,135.73,546576,11.100248,0.5217,,4651975.02
"19-Aug-20",135.74,136.835,131.37,135.31,453729,11.168654,0.5289,,4668960.78
"20-Aug-20",135.31,139.29,134.24,137.95,242239,11.316855,0.5294,,4691466.912
"21-Aug-20",137.66,139.61,135.15,137.21,206224,11.47071,0.5277,,4702932.3
"24-Aug-20",137.33,139.15,133.65,135.69,385077,11.582237,0.5283,,4754738.868
"25-Aug-20",135.09,138.49,133.52,137.61,240773,11.711228,0.5283,,4636111.5186
"26-Aug-20",138.98,146.12,138.97,144.3,304646,11.877445,0.5285,,4665998.892
"27-Aug-20",144.53,147.45,142.07,145.03,271614,12.002205,0.5278,,4653062.5662
"28-Aug-20",145.97,148.72,145.13,146.85,307520,12.044253,0.5282,,4607562.3858
"31-Aug-20",147.7,148.67,143.35,148.61,326577,12.160345,0.5292,4344780,4636111.5186
"01-Sep-20",148.675,154.83,148.675,154.5,656338,12.219589,0.5298,,4666444.9722
"02-Sep-20",156.99,156.99,146.35,148.71,376544,12.251321,0.5284,,4662430.2504
"03-Sep-20",145.02,145.02,133.25,136.49,609045,12.252029,0.5295,,4678935.2178
"04-Sep-20",134.46,136.59,123.6417,127.01,727378,12.118651,0.5287,,4661092.0098
"07-Sep-20",,,,,,11.629452,0.5233,,4355080.9926
"08-Sep-20",124.22,127.07,120.71,121.4,507575,12.328188,0.5275,,4608008.466
"09-Sep-20",124.19,124.9515,120,121,577805,12.615948,0.5287,,4713729.4734
"10-Sep-20",123.23,126.729,119.81,120.5,486456,12.64259,0.5257,,4392572.58
"11-Sep-20",122.13,122.13,115.27,117.57,402835,12.486121,0.5222,,4313932.062
"14-Sep-20",121.81,122,119.1701,120.9,442944,12.529538,0.5251,,4320883.71
"15-Sep-20",121.9,123.14,116.5,120.71,556455,12.5149,0.5253,4227056,4314366.54
"16-Sep-20",120.15,124.13,119.5,122.87,383729,12.500597,0.5248,,4290904.728
"17-Sep-20",120.78,124.86,120.78,124.52,415437,12.277912,0.5164,,4173161.19
"18-Sep-20",126.21,133.34,126.17,132.68,616673,12.412978,0.5202,,4238332.89
"21-Sep-20",129.31,135.86,128.7875,135.68,452892,12.557701,0.5292,,4252670.664
"22-Sep-20",137.88,137.88,133.06,135.34,381038,12.659502,0.5214,,4266139.482
"23-Sep-20",133.86,135.93,128.33,128.75,356011,12.622551,0.521,,4249194.84
"24-Sep-20",127.52,127.98,121.885,122.57,510446,12.759934,0.5204,,4173372.3888
"25-Sep-20",123.35,125.87,121.4607,124.94,405325,12.805422,0.5253,,4143782.9968
"28-Sep-20",126.56,130.7125,124.37,130.45,373941,14.450387,0.527,,4148010.0528
"29-Sep-20",130.26,131.9,126.62,127.2,306692,14.658437,0.5215,,4183940.0288
"30-Sep-20",126.88,128.805,124.59,125.73,305502,14.910168,0.5231,4301434,4205920.72
"01-Oct-20",126.095,129.8462,125.03,128.12,444408,14.835082,0.5242,,4166609.0992
"02-Oct-20",125.22,127.645,119.65,121.53,567951,14.759935,0.5239,,4150968.992
"05-Oct-20",123,125.61,119.145,123.64,997233,14.682888,0.5245,,4178867.5616
"06-Oct-20",124.96,127.3499,118.61,120.23,456721,14.676922,0.5228,,4173795.0944
"07-Oct-20",120.79,122.68,118.11,120.58,392133,14.822596,0.5215,,4094749.1472
"08-Oct-20",122,122.86,117.02,118.36,394901,14.554098,0.5166,,4016125.9056
"09-Oct-20",119.17,126.54,117.7701,126.5,468922,14.373809,0.5142,,4050230.2544
"12-Oct-20",128.6,131.98,126.285,131.05,498753,14.30315,0.5141,,4052380.9714
"13-Oct-20",131.83,134.87,130.585,132.1,320346,14.397208,0.5146,,4059693.4092
"14-Oct-20",133.77,133.77,127.26,129.25,336991,15.093191,0.5189,,4217556.037
"15-Oct-20",126.66,130.22,125.5,129.27,303048,15.293994,0.5166,4284868,4235622.0598
"16-Oct-20",130.08,130.7,126.38,126.45,130219,15.534378,0.5188,,4242934.4976
"19-Oct-20",126.23,129.7,126.23,127.82,273118,15.8004,0.5183,,4324231.6002
"20-Oct-20",128.28,129.31,126.31,126.52,305289,15.828195,0.517,,4310467.0114
"21-Oct-20",126.27,127.67,123.12,124.77,342044,16.225062,0.5159,,4334985.1852
"22-Oct-20",124.66,129.18,124.13,128.77,377931,16.158445,0.5229,,4327672.7474
"23-Oct-20",128.9,129.78,125.64,127.22,412153,15.884688,0.5251,,4282937.8338
"26-Oct-20",126.18,128.84,123.18,125.03,364259,16.917923,0.5331,,4646939.346
"27-Oct-20",126.42,129.56,125.75,128.68,198680,16.824531,0.5378,,4582237.8392
"28-Oct-20",121.01,122.58,107.23,110.25,2016424,15.878943,0.5369,,4554386.1972
"29-Oct-20",110.61,111.05,105.4,107.37,609164,15.888014,0.5405,,4600234.2848
"30-Oct-20",107.32,107.74,102.71,104.69,683855,16.016286,0.5348,4309678,4708641.4452
"02-Nov-20",106.44,106.44,100.17,103.27,383228,15.832866,0.5339,,4696643.8148
"03-Nov-20",103.71,106.79,103.4542,105.32,567161,15.821542,0.5337,,4705642.0376
"04-Nov-20",110,116.9648,108.02,113.07,1087884,15.339768,0.533,,4670506.12
"05-Nov-20",115.99,120.28,113.1,117.98,805758,15.2115,0.5372,,4704356.5772
"06-Nov-20",120.01,132.57,120,129.75,1274419,15.162773,0.5373,,4811049.7904
"09-Nov-20",125.61,130.7,117.7771,122.01,844901,15.707597,0.5431,,4920742.4112
"10-Nov-20",121.1,123.48,112.695,114.67,673872,16.465223,0.5478,,4743662.5746
"11-Nov-20",117.31,118.66,114.74,116.32,565730,16.892533,0.5477,,4745386.4458
"12-Nov-20",118.05,121.63,117,118.5,476148,17.002546,0.5483,,4750127.0916
"13-Nov-20",119.09,120.592,116.37,118.1,400865,17.153891,0.5497,4870159,4737629.0254
"16-Nov-20",117.64,119.81,112.41,116.82,228196,17.177072,0.5558,,4708754.1828
"17-Nov-20",116.49,120.25,116.1,118.75,255547,17.282137,0.5591,,4703582.5692
"18-Nov-20",119.44,121.3,115.75,121.08,338308,17.611516,0.5594,,4776416.1274
"19-Nov-20",121.64,124.82,121,121.97,291056,17.707544,0.5585,,4763918.0612
"20-Nov-20",121.79,125.64,121.56,123.67,331686,17.627295,0.5582,,4724269.0236
"23-Nov-20",124.88,125.31,123.06,124.29,281597,17.462732,0.5574,,4726854.8304
"24-Nov-20",124.09,125.89,120.46,121.5,245377,17.408914,0.5559,,4808307.9807
"25-Nov-20",122.52,124.55,121.51,124.17,210155,17.497071,0.5571,,4805872.9012
"26-Nov-20",,,,,,17.360281,0.5571,,4804411.8535
"27-Nov-20",126.2,128.81,124.32,126.37,174986,17.327618,0.5573,,4775677.9154
"30-Nov-20",127.52,128.11,124.05,126.94,329587,17.247565,0.5589,4624793,4788827.3447
"01-Dec-20",127.68,129.92,125.79,128.42,479506,17.217773,0.5591,,4804411.8535
"02-Dec-20",127.86,129.39,124.52,128.42,397060,17.375975,0.5585,,4807820.9648
"03-Dec-20",128.8,133.36,128.8,131.21,191693,17.283832,0.5562,,4753762.1999
"04-Dec-20",131.4,132.52,127.73,128.8,225631,17.675502,0.5592,,4800515.7263
"07-Dec-20",128.95,132,128.38,131.03,254907,17.994743,0.5579,,4810743.0602
"08-Dec-20",132.06,132.92,125.46,125.82,686342,17.772743,0.557,,4786392.2652
"09-Dec-20",126.02,128.25,122.02,123.77,290976,18.01142,0.5598,,4650691.8408
"10-Dec-20",122,134.66,122,132.79,677894,17.872983,0.5551,,4630342.7516
"11-Dec-20",132.25,133.49,128.245,129.89,156739,18.069883,0.5551,,4630342.7516
"14-Dec-20",130.68,140.32,130.3327,139.08,546801,17.644473,0.5592,,4543396.6432
"15-Dec-20",139.57,141.655,137.91,140.35,495055,17.590951,0.5612,4652246,4537384.4123
"16-Dec-20",139.81,142.47,138.5,141.17,261513,18.395217,0.5556,,4698327.2087
"17-Dec-20",142.85,148.4644,141.73,147.38,450014
"18-Dec-20",148.69,151.67,147.315,149.34,529987,18.268415,0.5561,,4694164.895
"21-Dec-20",148.68,151.7,145.57,150.25,329610,18.782633,0.5578,,4780186.0448
"22-Dec-20",152,155.75,150.82,154.62,361412,18.735961,0.5574,,4753362.2454
"23-Dec-20",154.5,155,148.47,153.92,326472,17.659514,0.5542,,4472174.831
"24-Dec-20",155.07,155.64,151.29,152.34,64896,17.697598,0.5539,,4550361.8126
"25-Dec-20",,,,,,17.813344,0.5529,,4570366.4704
"28-Dec-20",155,155.24,146.09,149.22,304131,17.632165,0.5529,,4508026.374
"29-Dec-20",150.43,151.16,145.41,147.2,220556,17.757973,0.5532,,4515935.1922
"30-Dec-20",149.04,149.61,146.05,146.5,202362,17.828666,0.5539,,4517330.866
"31-Dec-20",147.66,150.06,144.54,149.07,183647,18.024488,0.5538,4754133,4525704.9088
"01-Jan-21",,,,,,17.938986,0.5538,,4525704.9088
"04-Jan-21",148.84,149.85,143.34,147.49,316631,18.031276,0.5534,,4507561.1494
"05-Jan-21",147.49,150.75,145.35,150.38,215008,18.415626,0.5541,,4567109.8982
"06-Jan-21",147.41,149.625,136.44,138.48,590591,18.479642,0.5503,,4515935.1922
"07-Jan-21",139.84,146.67,139.37,144.61,380155,18.782287,0.5516,,4577344.8394
"08-Jan-21",147.62,152.93,146.81,149.02,365377,19.381023,0.552,,4718307.8932
"11-Jan-21",147.11,153,144.76,151.61,283749,19.505493,0.5528,,4721564.4654
"12-Jan-21",151.81,154.54,146.49,150.2,522140,19.442832,0.5534,,4961888.6121
"13-Jan-21",149.56,150,143.61,144.49,383985,19.614583,0.5501,,4984708.4505
"14-Jan-21",142.9,147,141.95,143.57,432727,19.302782,0.5514,,4925757.2013
"15-Jan-21",143.33,145.5,137.41,138.05,404095,19.139623,0.5524,4666320,4895806.1634
"18-Jan-21",,,,,,18.817993,0.5524,,4890101.2038
"19-Jan-21",140,142.42,138.05,141.71,614293,18.522232,0.5647,,4845412.3536
"20-Jan-21",143.36,149.585,142.76,144.19,242015,19.214883,0.5589,,5020839.8613
"21-Jan-21",143.89,145.46,141.02,144.39,209748,19.220945,0.5588,,5004675.8091
"22-Jan-21",144.35,145.39,140.56,141.59,278705,19.240978,0.5571,,4998495.4362
"25-Jan-21",144.65,146.7255,138.745,139.9,348162,19.210411,0.5576,,4988987.1702
"26-Jan-21",139.71,140.74,135.45,137.04,246847,18.950453,0.5569,,4887724.1373
"27-Jan-21",136.75,139,130.34,134.19,450737,18.682261,0.5566,,4607057.736
"28-Jan-21",134.58,137.51,132.01,133.55,260258,18.435776,0.5522,,4556661.48
"29-Jan-21",134.03,135.05,130.85,132.93,277554,19.451528,0.5525,4302465,4501132.272
"01-Feb-21",137,137.335,130.38,131.26,627944,19.521629,0.551,,4470334.56
"02-Feb-21",132.04,137.26,131.95,135.96,362661,19.48373,0.5497,,4454935.704
"03-Feb-21",136.31,137.99,133.91,136.23,398959,19.141159,0.5465,,4379341.32
"04-Feb-21",137.84,138.47,135.44,136.97,330800,18.875824,0.543,,4278548.808
"05-Feb-21",137.07,144.4585,136.59,143.1,368914,19.420279,0.5424,,4275282.384
"08-Feb-21",143.68,149.22,141.18,143.39,399434,20.330717,0.5366,,4232818.872
"09-Feb-21",144.31,148.96,144.31,148.23,353055,20.159566,0.5357,,4009897.38
"10-Feb-21",147.75,149.7,144.79,146.69,212997,20.901581,0.5325,,4043026.3605
"11-Feb-21",147.37,148.91,144.56,146.45,195892,21.493748,0.531,,4068841.1505
"12-Feb-21",146.35,146.35,138.51,140.59,476724,21.630875,0.531,4053487,4077876.327
"15-Feb-21",,,,,,21.82564,0.5309,,4078306.5735
"16-Feb-21",142,144.99,138.05,139.72,519294,21.489884,0.5309,,4049049.8115
"17-Feb-21",138.38,139.45,135.19,136.66,352959,21.04524,0.5297,,3988385.055
"18-Feb-21",136.25,142.59,133.65,140.49,863255,21.071968,0.5168,,4106272.596
"19-Feb-21",163.59,178.9796,155.38,160.89,3567797,18.435977,0.5185,,4118749.7445
"22-Feb-21",157.98,168.84,156.01,159.92,856652,17.120814,0.5317,,3923417.8335
"23-Feb-21",156.66,160.86,152.1854,159.46,637188,18.033081,0.522,,4166937.3525
"24-Feb-21",156.56,167.58,153.31,166.815,421010,17.937792,0.522,,4141853.0166
"25-Feb-21",167.04,168.8699,151.2601,153.23,452911,17.30705,0.5217,,4027950.0319
"26-Feb-21",154.65,157.04,149.1991,153.23,439079,17.175759,0.5183,3865239,4031598.1702
"01-Mar-21",156.49,160.235,151.65,158.34,508693,16.651227,0.5166,,3973227.9574
"02-Mar-21",159.72,159.72,153.21,153.48,332348,16.735584,0.5167,,3971606.5626
"03-Mar-21",152.62,152.62,143.38,146.88,330455,16.783734,0.5173,,3972822.6087
"04-Mar-21",146.06,148.3299,137.33,141.1,356771,16.8414,0.5198,,4011330.7352
"05-Mar-21",142.05,143.68,132.955,138.39,558397,16.742177,0.5128,,4037273.052
"08-Mar-21",138.01,140.97,128.12,129.07,725175,16.554838,0.5127,,4061188.6253
"09-Mar-21",132,140.9,130.05,132.87,1679804,15.927052,0.5136,,3881086.4799
"10-Mar-21",132.89,136.5,130.205,131.75,493900,16.848186,0.5075,,4134646.1583
"11-Mar-21",136.85,142.99,134.1,141.21,576370,17.237445,0.5109,,4215429.6534
"12-Mar-21",140.16,141.01,133.83,137.36,311249,10.972485,0.4906,,2697550.2981
"15-Mar-21",138.63,141.88,135.2499,140.96,409174,12.552909,0.4757,4079971,3071318.9094
"16-Mar-21",142.62,145.99,140.23,142.43,352057,12.285475,0.476,,2990921.9382
"17-Mar-21",139.97,144.98,135.5,141.67,335424,13.962459,0.4886,,3407981.2263
"18-Mar-21",138.19,139.79,126.5,127.53,595308,14.034359,0.5033,,3443154.9012
"19-Mar-21",127.54,129.33,124.79,127.44,588348,11.177093,0.5388,,2747798.4051
"22-Mar-21",126.59,134.7,126.54,132.9,350652,11.074197,0.5388,,2724220.4472
"23-Mar-21",133.14,135.94,131.54,133.37,337141,11.283492,0.5448,,2773695.5064
"24-Mar-21",133.35,133.35,123.3,123.63,377502,10.196105,0.544,,3334968.2954
"25-Mar-21",121.76,125.69,118.31,125.32,513618,10.012238,0.5522,,3325992.3592
"26-Mar-21",125.35,127.11,120.55,125.87,470434,9.913599,0.554,,3291720.6028
"29-Mar-21",125.75,125.75,115.06,118.505,613587,9.896294,0.5542,,3320280.3998
"30-Mar-21",117.05,118.78,113.44,117.56,498361,10.48542,0.5568,,3550390.7642
"31-Mar-21",118.56,122.9,117.2801,121.18,474315,10.126024,0.5545,3986090,3459407.4109
"01-Apr-21",124.37,127.57,123.01,125.45,333576
"02-Apr-21",,,,,,10.079662,0.5412,,3460631.4022
"05-Apr-21",126.51,128.04,123.4,126.62,484894,9.703604,0.5554,,3349656.191
"06-Apr-21",125.9,130.27,124.21,127.35,787052,9.325289,0.5566,,3278256.6985
"07-Apr-21",128.82,130.765,124.7875,124.94,696084,9.653063,0.5553,,3405143.7966
"08-Apr-21",126.04,132.35,125.27,130.23,715792,9.732366,0.5516,,3469607.3384
"09-Apr-21",128.76,128.76,123.98,127.53,376524,9.970991,0.5515,,4096903.302
"12-Apr-21",126.78,131.23,124.08,129.32,559238,10.096133,0.5538,,4184198.673
"13-Apr-21",131.18,133.02,127.84,132.48,696725,10.079341,0.5563,,4199744.424
"14-Apr-21",134.12,136.81,130.04,130.38,420356,10.151511,0.5604,,4234822.016
"15-Apr-21",132.88,135.72,130.5,135.11,383134,10.484409,0.5552,4422083,4366761.595
"16-Apr-21",135.55,136.22,132.59,133.88,435505,10.791262,0.5455,,4499099.783
"19-Apr-21",131.44,136.78,130.53,133.56,552968,10.495856,0.5155,,4379915.692
"20-Apr-21",132.28,135.41,129.13,131.71,424961,10.081261,0.5222,,4182604.237
"21-Apr-21",130.96,135.43,128.58,134.17,411902,10.81768,0.5125,,4511456.662
"22-Apr-21",134.06,137.36,133.08,133.88,334756,10.574414,0.5038,,4426552.945
"23-Apr-21",134.23,139.12,134.23,138.8,458223,9.704204,0.5334,,4084546.423
"26-Apr-21",140.18,144.35,138.81,143.72,396719,11.070465,0.5128,,4725437.8938
"27-Apr-21",144.56,145.6,142.3,142.57,373228,10.567839,0.5274,,4527770.7837
"28-Apr-21",142.57,143.25,141.14,141.37,247481,10.675257,0.5255,,4545901.324
"29-Apr-21",141.58,141.58,133.67,134.07,345192,11.354171,0.5115,,4847487.3846
"30-Apr-21",133.27,137.83,132.16,132.71,252648,10.362839,0.538,4516392,4421198.5834
"03-May-21",132.99,133.26,124.14,126.55,708676,11.374081,0.5049,,4889054.9648
"04-May-21",125.5,125.95,120.14,121.61,638748,11.012623,0.5182,,4767889.8906
"05-May-21",123.21,124.99,119.0393,120.39,401092,10.640814,0.5093,,4616654.652
"06-May-21",119.5,120.25,111.15,113.585,633565,10.521761,0.5063,,4601177.3615
"07-May-21",116.93,119.32,112.775,114.34,683037,9.808752,0.5175,,4307108.842
"10-May-21",113.87,114.39,109.43,110.28,802081,10.141271,0.5059,,4531750.6584
"11-May-21",113.3,122.855,105.23,117.84,2513923,9.41881,0.5045,,4587750.9936
"12-May-21",114.14,117.215,112.9,114.69,1230141,9.349113,0.5021,,4682143.5864
"13-May-21",115,118.81,112.67,114.33,885408,9.737641,0.5,,4929641.868
"14-May-21",117.15,117.15,112.835,115.04,677559,7.919883,0.5296,4327362,4015975.7664
"17-May-21",113.59,116.96,111.06,113.18,294825,8.571025,0.5171,,4320832.2264
"18-May-21",113.58,118.23,113.04,115.48,393120,8.114249,0.5713,,4095012.6264
"19-May-21",112.76,114.9,110.73,113.36,450356,8.058549,0.5727,,4023201.9936
"20-May-21",114.68,119.41,114.63,117.4,452115,8.984283,0.5674,,4118046.2256
"21-May-21",118.59,118.73,116,117.11,357837,8.330451,0.5929,,3797382.3936
"24-May-21",118.29,120.33,116.31,116.52,543404,8.579908,0.5876,,3866483.1912
"25-May-21",116.76,117.37,115.36,116.35,324733,9.200513,0.5753,,4455019.179
"26-May-21",116.02,118.05,115.93,117.3,457159,8.676386,0.5722,,4201868.502
"27-May-21",117.38,119.21,114.573,118.04,436991,8.721946,0.5724,,4223505.312
"28-May-21",119.15,121.72,116.56,117.5,260598,7.89683,0.5908,3891681,3792932.793
"31-May-21",,,,,,7.844702,0.5924,,3767834.0934
"01-Jun-21",117.58,117.83,113.62,114.78,397290,9.103167,0.555,,4354191.6444
"02-Jun-21",114.44,114.86,113,114.34,440188,8.981819,0.5557,,4287983.0058
"03-Jun-21",113.55,114,110.57,111.86,683076,8.14652,0.5708,,3927946.4874
"04-Jun-21",112.35,114.27,111.45,112.52,319670,7.14807,0.5935,,3445445.6244
"07-Jun-21",112.91,113.95,110.05,113.87,579724,7.8066,0.5725,,3785576.2776
"08-Jun-21",114.7,117.82,114.34,116.76,373968,7.932583,0.5781,,3827984.4252
"09-Jun-21",117.91,120.89,117.01,118.43,454014,7.957066,0.5757,,3909582.7326
"10-Jun-21",118.19,122.75,118.19,122.37,542245,8.196132,0.5778,,3896351.0172
"11-Jun-21",122.87,124.68,121.15,124.34,359407,7.252425,0.5976,,3434019.3144
"14-Jun-21",123.88,128.63,123.88,126.44,536795,7.957046,0.5765,,3786994.7811
"15-Jun-21",126.19,127.28,123.03,123.37,363012,7.95638,0.5716,3810289,3768703.8804
"16-Jun-21",122.8,125.35,117.59,120.06,890979,7.857361,0.5719,,3774930.57
"17-Jun-21",119.53,128.8,119.4,127.23,570116,7.700821,0.5701,,3723171.2127
"18-Jun-21",125.89,130.28,125.52,128.29,728929,7.076925,0.5871,,3460871.9133
"21-Jun-21",127.72,130.215,123.7,129.43,405751,7.690051,0.5627,,3734067.9195
"22-Jun-21",129.29,131.86,128.04,131.55,292913,8.173622,0.5638,,3941494.5168
"23-Jun-21",132.03,133,129.005,130.62,426609,8.311355,0.5623,,4016603.9601
"24-Jun-21",132.01,136.795,132.01,134.7,453091,8.303038,0.5629,,4070531.7387
"25-Jun-21",134.9,139.03,133.31,138.47,763223,7.751687,0.5883,,3842676.4565
"28-Jun-21",139.99,140.77,137.66,139.57,400558,8.627,0.5669,,4270952.9401
"29-Jun-21",139.26,142.19,137.62,140.18,497365,8.743824,0.5789,,4323534.9283
"30-Jun-21",140.27,140.27,135.4,136.08,405614,8.545818,0.5773,4221131,4200462.5936
"01-Jul-21",135.73,139.19,134.03,135.6,416857,9.29898,0.5472,,4567774.4532
"02-Jul-21",136.12,138.61,135.7893,137.78,148587,8.114215,0.5941,,3964224.6756
"06-Jul-21",139.07,144.18,138.29,143.41,455183,8.873995,0.5858,,4331536.5352
"07-Jul-21",145,147.5,143.18,144.98,729292,8.991798,0.5816,,4381832.35
"08-Jul-21",141.03,143.53,136.57,139.71,330446,9.392512,0.5892,,4527766.4187
"09-Jul-21",139.71,140.05,136.56,140,300190,9.466295,0.6063,,4506428.8003
"12-Jul-21",142,144.78,137.68,138.5,264038,9.629071,0.6064,,4590902.0756
"13-Jul-21",137.51,139.54,135.9,136.28,356488,10.361865,0.5897,,4909597.4661
"14-Jul-21",137.89,138,132.44,132.61,387142,10.381249,0.5886,,4872451.5133
"15-Jul-21",132.5,134.03,128.58,130.01,458299,10.099539,0.5877,4461973,4745817.5833
"16-Jul-21",130.33,132.705,128.6476,129.52,345411,9.574335,0.6,,4493816.0626
"19-Jul-21",127.91,133.91,124.47,133.73,550607,10.292414,0.5905,,4847968.9535
"20-Jul-21",135.16,139.34,132,137.78,337901,10.328497,0.5906,,4832772.8819
"21-Jul-21",137.6,140,135.73,139.49,354098,10.214268,0.5942,,4769033.8038
"22-Jul-21",140.33,144.11,140.055,142.73,307966,10.11904,0.5905,,4709093.7436
"23-Jul-21",142.87,142.87,139.15,141.93,250324,9.307452,0.6087,,4320327.5785
"26-Jul-21",141.5,141.63,138.29,140.7,229100,10.264603,0.5889,,4447694.6864
"27-Jul-21",140.99,141.61,136.16,138.54,144956,10.088054,0.5905,,4336591.5587
"28-Jul-21",140.07,143.5,138.98,142.16,222529,10.124472,0.5905,,4331237.1911
"29-Jul-21",141.69,143.86,140.72,141.23,160990,10.145298,0.5918,,4328560.0073
"30-Jul-21",140.17,143,139.0992,141.22,177906,9.402593,0.6148,4960298,3990342.4539
"02-Aug-21",141.98,143.41,139.06,141.79,188830,10.137802,0.588,,4293310.4206
"03-Aug-21",141,142.49,138.1,139.91,215468,10.338432,0.5932,,4340607.3344
"04-Aug-21",140.85,145.38,140.85,144.51,277806,10.433877,0.5905,,4320528.4559
"05-Aug-21",144.36,147,143.24,144.15,202492,10.606342,0.5919,,4330344.7965
"06-Aug-21",143.94,145.93,140.87,142.45,161594,10.062037,0.6113,,4075566.1382
"09-Aug-21",142.7,144.5499,140.9,144.44,376387,11.222986,0.5963,,4473574.1298
"10-Aug-21",142.725,145.5,136.3,139.04,1073686,11.008476,0.5606,,5567438.4752
"11-Aug-21",139.79,141.1178,137.58,140.16,569582,11.174654,0.559,,5608608.9486
"12-Aug-21",139,142.95,137.01,142.95,279860,12.21228,0.5608,,5675076.9418
"13-Aug-21",143.84,144.97,138.18,144.97,193928,12.419966,0.588,4887421,5557517.8792
"16-Aug-21",144.9,145.96,139.75,142.28,666410,13.815592,0.5689,,6068924.603
"17-Aug-21",141.46,143.71,139.63,143.15,262746,14.12539,0.5651,,6171602.7716
"18-Aug-21",143.37,144.26,140.85,141.43,336701,13.922151,0.5672,,6092238.0036
"19-Aug-21",140.25,143.14,139.61,142.83,336154,13.918293,0.5664,,6077357.1096
"20-Aug-21",143.12,146.48,142.3,145.78,283637,13.492134,0.5857,,5854143.6996
"23-Aug-21",147.38,150.95,146.22,148.23,592265,14.42683,0.5677,,6304042.7282
"24-Aug-21",148.95,151.699,148.44,150.63,302490,13.593477,0.5777,,5203637.1387
"25-Aug-21",150.56,152.15,149.36,150.74,214731,13.819055,0.5777,,5223675.5648
"26-Aug-21",150.74,151.18,148.73,150.03,246520,13.905055,0.5741,,5240292.7962
"27-Aug-21",150.81,152.75,149.23,151.89,275807,12.817871,0.5969,,4796514.9694
"30-Aug-21",153.07,155.63,151.33,155.1,325825,13.925159,0.5764,,5215366.9491
"31-Aug-21",155.3,157.83,154.48,156.97,464986,13.941869,0.5758,4844861,5236382.8594
"01-Sep-21",157.46,162.12,157.37,161.4,602003,14.859559,0.5526,,5625421.571
"02-Sep-21",161.77,164.38,161.11,162.5,262574,15.131362,0.5694,,5698732.886
"03-Sep-21",162,167.13,161.75,166.36,319849,12.80073,0.6026,,4798958.6799
"06-Sep-21",,,,,,12.809774,0.6027,,4761325.5382
"07-Sep-21",167.05,167.4,164.39,166.21,181764,14.037682,0.5815,,5174801.3548
"08-Sep-21",165,166.16,160.34,161.14,497264,12.972304,0.6036,,4766212.9592
"09-Sep-21",160.65,162.63,159.92,160.32,173441,14.494939,0.5811,,5283302.101
"10-Sep-21",160.43,163.16,159.5,160.48,245552,13.344868,0.6027,,4463085.9532
"13-Sep-21",160.43,160.61,155.69,159.02,278830,13.505111,0.6026,,4471322.2169
"14-Sep-21",159.5,160.85,157.62,159.99,210621,15.075851,0.5858,,4957746.2613
"15-Sep-21",160.62,161.28,158.53,159.35,219073,14.035917,0.6066,4884529,4555138.3122
"16-Sep-21",159.11,161.335,158.55,161.11,238266,14.238795,0.6051,,4596804.1168
"17-Sep-21",162.11,163.4,159.82,160.25,580177,14.360402,0.6047,,4575971.2145
"20-Sep-21",157.31,162.44,154.36,159.08,256133,16.099911,0.5852,,4979548.1358
"21-Sep-21",160.73,163.08,159.915,161.92,307535,17.130346,0.5879,,5287681.2954
"22-Sep-21",162.12,164.01,161.11,163.14,217175,17.573115,0.5927,,5379733.6544
"23-Sep-21",164.49,164.49,159.56,161.05,333882,15.294828,0.6236,,4690794.4202
"24-Sep-21",161.03,163.18,160.23,162.61,188686,14.743851,0.6275,,4797584.3838
"27-Sep-21",162.16,162.16,157.25,159.96,271337,15.510727,0.6203,,4909928.5508
"28-Sep-21",157.61,158.27,152.58,153.09,294072,15.546693,0.6208,,4911882.3624
"29-Sep-21",155.15,156.16,152.67,153.68,263403,15.220568,0.6263,,4778534.7207
"30-Sep-21",154.69,155.7578,150.66,151.04,432110,15.039577,0.6348,4785527,4707709.0502
"01-Oct-21",151.35,153.19,148.02,152.73,463556,14.99327,0.6287,,4705755.2386
"04-Oct-21",152.09,153.39,140.69,141.35,665070,15.974252,0.6188,,5115567.2217
"05-Oct-21",141.54,146.58,141.17,144.6,692256,14.708238,0.6286,,4785373.0613
"06-Oct-21",142.77,147.1,142.07,146.77,247553,14.488384,0.6285,,4693543.9161
"07-Oct-21",148.33,150.17,146.64,147.2,214046,14.82888,0.6295,,4752646.717
"08-Oct-21",147.99,147.99,142.88,143.24,262818,14.681946,0.634,,4607576.2057
"11-Oct-21",142.85,143.59,138.21,138.61,400807,14.606638,0.6341,,4682159.6168
"12-Oct-21",140.01,143.77,138.65,142.39,447652,14.691959,0.631,,4733843.3084
"13-Oct-21",145.23,147.13,144.56,145.6,483944,14.191331,0.6296,,4618033.555
"14-Oct-21",146.63,150.06,146.58,148.84,196591,14.132011,0.6289,,4565871.3107
"15-Oct-21",148.72,150.31,146.89,147.54,255507,14.138411,0.6281,4830392,4540986.5703
"18-Oct-21",145.77,149.68,145.65,148.68,181906,14.444414,0.6256,,4577835.1282
"19-Oct-21",149.36,152.35,149.22,150,136118,14.557379,0.6265,,4572571.0485
"20-Oct-21",151.37,154.12,149.32,150.2,152976,14.61489,0.6261,,4506052.2232
"21-Oct-21",153.42,157.87,150.19,156.49,304907,14.357475,0.6301,,4419912.7372
"22-Oct-21",155.89,157.35,154.1,155.18,145765,14.356614,0.635,,4376364.4415
"25-Oct-21",155.54,158.49,154.88,155.91,158436,14.700201,0.6311,,4462982.4802
"26-Oct-21",157.48,157.72,153.36,154.34,196172,14.517223,0.636,,4661811.3192
"27-Oct-21",154.67,156.11,151.065,151.89,262420,14.114071,0.6306,,4539602.4016
"28-Oct-21",153.18,156.82,152.36,156.54,193785,14.123099,0.6304,,4553127.4992
"29-Oct-21",155.77,159.8,154.42,159.31,212354,13.85827,0.6341,,4465214.3648
"01-Nov-21",160.16,161.61,158.46,160.29,185045,14.066213,0.6227,,4568101.7144
"02-Nov-21",160.16,161.5,157.3184,158.13,161663,14.505619,0.6234,,4675819.456
"03-Nov-21",158.13,159.78,155.01,156.22,159046
"19-Nov-21",,,,,,,,,,,0