"Date","open EVER Price in USD","high EVER Price in USD","low EVER Price in USD","close EVER Price in USD","EVER Volume","Days to cover 3m (on loan)","Cost To Borrow","Exchange Reported SI","Estimated Short Interest","Dividends","hidden"
"28-Jun-18",20.59,22.09,18,18.02,4390220
"29-Jun-18",18.53,18.53,16.6301,18.12,1432531
"02-Jul-18",18.12,18.38,17.55,18.01,211653
"03-Jul-18",18,18.9889,18,18.69,103657,,2.4222
"04-Jul-18",,,,,,,1.8715
"05-Jul-18",18.6,18.75,17.79,17.88,161895,0.267797,1.8605
"06-Jul-18",17.9,18,17.1402,17.7,430422,0.509501,3.5449
"09-Jul-18",17.68,17.95,16.8612,17.39,249328,0.631152,3.6699
"10-Jul-18",17.24,17.365,16.81,17.15,296840,0.678806,3.6886
"11-Jul-18",17.16,17.16,16.7529,16.87,58533,0.793581,3.7371
"12-Jul-18",17.03,17.3617,16.26,16.66,207467,1.074538,3.8849
"13-Jul-18",16.53,17.1,16.14,16.9,196503,0.679838,3.5004
"16-Jul-18",17.84,17.84,16.03,16.7,173213
"17-Jul-18",16.32,16.835,16,16.43,122532,0.839238,3.5508
"18-Jul-18",16.35,18,15.9,17.95,212013
"19-Jul-18",17.31,18.15,17.09,17.57,77967
"20-Jul-18",17.83,18.2873,17.46,17.87,111580,0.386897,2.7898
"23-Jul-18",17.54,18.1,16.82,17.14,136330,0.398195,2.7511
"24-Jul-18",17.55,17.88,16.89,17.22,75710,0.417928,2.7509
"25-Jul-18",17.7065,17.7065,16.53,16.6,76962
"26-Jul-18",16.59,16.61,15.82,15.91,171909,0.581078,2.8636
"27-Jul-18",15.99,16.78,15.99,16.42,48575,0.465971,3.6893
"30-Jul-18",16.41,16.41,15.51,15.51,35315,0.446558,3.4312
"31-Jul-18",15.5,15.5,15.03,15.03,99502
"01-Aug-18",15.25,15.7153,14.52,14.75,88363,0.443145,3.1513
"02-Aug-18",14.07,15.229,13.81,13.96,117547,0.486186,3.2703
"03-Aug-18",14.06,14.5,13.81,14.35,57642
"06-Aug-18",14.46,15.54,14.35,15.05,71429,0.508707,3.1677
"07-Aug-18",15.54,15.77,14.53,15.04,151512,0.402126,3.3027
"08-Aug-18",15.04,16,14.27,15.56,277783,0.394132,3.2744
"09-Aug-18",15.45,15.45,14.58,14.85,146961,0.393619,3.2706
"10-Aug-18",15.12,15.12,14.58,14.72,31237,0.407946,3.2705
"13-Aug-18",14.9,15.2865,14.47,14.59,57269,0.416175,3.2701
"14-Aug-18",14.52,15.15,14.52,14.84,157293,0.420652,3.266
"15-Aug-18",14.85,15.0785,14.19,14.36,85654,0.414652,3.1856
"16-Aug-18",14.46,14.575,14.25,14.49,36325,0.447311,3.2261
"17-Aug-18",14.35,14.775,14.02,14.23,31139,0.443815,3.1983
"20-Aug-18",14.24,14.8681,14.06,14.35,44907,0.435745,3.1599
"21-Aug-18",14.25,14.8794,14.155,14.23,33123,0.455179,3.1733
"22-Aug-18",14.22,14.7979,13.9301,14,55749,0.466907,3.1712
"23-Aug-18",13.9,14.0688,13.35,13.65,50256,0.480764,3.18
"24-Aug-18",13.74,13.9,13.3801,13.61,71977,0.481364,3.1665
"27-Aug-18",13.7,13.7,13.23,13.61,81241,0.478409,3.1534
"28-Aug-18",13.51,13.6732,13.2703,13.44,42485,0.530186,3.2296
"29-Aug-18",13.46,13.56,13.32,13.39,47661,0.512877,3.1838
"30-Aug-18",13.58,13.58,13.17,13.22,33073,0.62246,3.3246
"31-Aug-18",13.22,13.34,13.0561,13.25,31494,0.564286,3.2316
"03-Sep-18",,,,,,0.564286,3.2316
"04-Sep-18",13.25,13.3126,12.41,12.51,226061,0.574975,3.2466
"05-Sep-18",12.51,12.86,12.01,12.55,182377,0.666145,3.3626
"06-Sep-18",12.55,13.71,12.43,13.18,165602,0.796363,3.447
"07-Sep-18",13.18,14.83,12.85,13.7,189922,0.796789,3.4462
"10-Sep-18",13.72,13.846,13.245,13.7,99199,0.809646,3.4489
"11-Sep-18",13.6,13.8633,13.29,13.51,162847,0.638823,3.3678
"12-Sep-18",14.15,14.15,13.46,13.58,59385
"13-Sep-18",13.44,14.47,13.44,14.17,171953,1.810806,4.0717
"14-Sep-18",14.27,14.75,13.95,14.52,177456,1.750344,4.0553
"17-Sep-18",14.61,14.9,14.2,14.7,67892,1.82796,4.0724
"18-Sep-18",14.57,15.22,14.3837,15.02,107977,1.877828,4.075
"19-Sep-18",14.97,15.42,14.8101,15.25,111661,1.457643,4.113
"20-Sep-18",15.25,16.22,15.25,15.85,128870,1.648927,4.1721
"21-Sep-18",15.88,15.88,15.03,15.1,179349,1.567628,4.1591
"24-Sep-18",15.09,15.389,14.5,15,260375,1.454367,4.115
"25-Sep-18",15.1089,15.1089,14.08,14.19,115714,1.431281,4.1054
"26-Sep-18",14.08,14.5693,13.865,14.29,295097,1.414888,4.1045
"27-Sep-18",14.29,14.77,14.1,14.31,94518,1.797965,4.1076
"28-Sep-18",14.23,14.98,13.905,14.86,85886,1.976635,4.3632
"01-Oct-18",14.95,15.8,14.2409,15.46,78249,3.337786,4.2816
"02-Oct-18",15.52,16.07,15.02,16,83658,3.698231,4.3092
"03-Oct-18",16.1,16.9,15.66,16.85,211027,3.991305,4.3368
"04-Oct-18",16.98,17.2,16.5776,16.94,116990,3.511444,4.31
"05-Oct-18",16.55,16.61,14.88,15.02,150120,2.901961,4.2814
"08-Oct-18",15,15.6748,14.26,14.4,74475,3.048987,4.2814
"09-Oct-18",14.41,14.66,14,14.38,34405,3.57063,4.3469
"10-Oct-18",14.35,14.35,13.075,13.74,93574,3.869794,4.3917
"11-Oct-18",13.62,13.9528,13.08,13.21,77360,4.077081,4.4035
"12-Oct-18",13.32,13.6837,12.86,13,99302,3.870924,4.3795
"15-Oct-18",13.13,13.22,12.53,13.22,68688,3.300269,4.3119
"16-Oct-18",13.22,13.61,12.43,12.49,121384,3.25377,4.3067
"17-Oct-18",12.5,12.72,12.18,12.53,136035,3.418223,4.3056
"18-Oct-18",12.661,12.9,12.06,12.23,157211,4.296099,4.3701
"19-Oct-18",12.23,12.5739,11.76,12.14,57158,4.047856,4.3636
"22-Oct-18",12.23,12.48,11.645,12.01,108690,3.235359,4.3699
"23-Oct-18",11.92,12.39,11.92,12,64623,3.567953,4.418
"24-Oct-18",12,12.36,11.53,11.85,72981,3.941056,4.4756
"25-Oct-18",11.85,12.25,11.6,11.8,100360,4.440032,4.5031
"26-Oct-18",11.75,12.2,11.53,11.99,68158
"29-Oct-18",11.95,12.95,11.91,12.52,53754
"30-Oct-18",12.61,13.45,12.55,12.67,48276
"31-Oct-18",12.77,13.06,12.74,12.87,42869
"01-Nov-18",13.384,13.43,12.61,13.2,55159
"02-Nov-18",13.34,13.359,11.9315,12.15,210103
"05-Nov-18",12,13.375,11.63,13.22,44996,4.333849,4.4305
"06-Nov-18",13.23,13.534,12.3017,12.87,30218,4.190312,4.4036
"07-Nov-18",12.4,12.8,12.12,12.6,27793,4.163956,4.3991
"08-Nov-18",12.65,12.9885,12.02,12.11,77946,4.333154,4.3891
"09-Nov-18",12.25,12.63,12.1,12.63,25098,4.578391,4.39
"12-Nov-18",12.52,12.54,11.87,11.91,33343,4.61163,4.39
"13-Nov-18",8.26,8.75,6.65,6.73,1807273,3.809455,4.4144
"14-Nov-18",6.72,6.85,6.15,6.15,539036,3.459362,4.4288
"15-Nov-18",6.16,6.5,5.81,5.955,477041,3.219933,4.582
"16-Nov-18",5.97,6.18,5.14,5.51,349241,3.253879,4.6836
"19-Nov-18",5.54,5.82,5,5.01,307819,2.945708,4.6909
"20-Nov-18",5.02,5.3,4.9,5.01,580533,2.956184,4.813
"21-Nov-18",5.05,5.95,5.05,5.48,317143,2.192813,4.7986
"22-Nov-18",,,,,,2.166544,4.7986
"23-Nov-18",5.49,6.16,5.48,6,222710,1.374219,4.8451
"26-Nov-18",6,6.65,5.955,6.48,237988,2.208679,5.2275
"27-Nov-18",6.5,6.64,5.515,5.6,225000,3.087943,5.4103
"28-Nov-18",5.5,6.36,5.5,6.2,216347,2.12836,5.168
"29-Nov-18",6.17,6.7,6.06,6.15,184126,2.265968,5.0932
"30-Nov-18",6.12,6.4692,6.1,6.17,44642,2.250153,5.0747
"03-Dec-18",6.25,6.3577,5.9295,6.06,59392,2.208723,5.1102
"04-Dec-18",6.05,6.23,5.9619,6.01,62256
"06-Dec-18",5.93,6.365,5.92,6.29,77747,2.14193,5.1817
"07-Dec-18",6.27,6.32,5.81,5.9,65749,1.738672,4.9557
"10-Dec-18",5.86,6.05,5.78,6.05,64635,1.746561,4.9533
"11-Dec-18",6.06,6.47,5.79,6.09,111736,1.841157,4.9409
"12-Dec-18",6.1,6.16,5.97,5.99,63887,1.759111,4.932
"13-Dec-18",6.01,6.02,5.15,5.17,118009,1.657764,4.8876
"14-Dec-18",5.18,5.33,4.85,4.97,177534,1.561726,5.09
"17-Dec-18",4.91,5.04,4.43,4.58,170012,1.486407,5.0662
"18-Dec-18",4.58,5.09,4.5018,4.82,192308,1.444013,5.0637
"19-Dec-18",4.8,5,4.74,4.81,129560
"20-Dec-18",4.82,4.9388,4.51,4.79,153006,1.70363,5.1564
"21-Dec-18",4.76,4.8,4.17,4.46,336074,1.695943,5.4721
"24-Dec-18",4.38,4.38,4.2,4.28,45498
"25-Dec-18",,,,,,1.843334,5.5206
"26-Dec-18",4.39,4.47,4.16,4.25,236764
"27-Dec-18",4.2,4.6,4.19,4.21,132952
"28-Dec-18",4.25,4.51,4.05,4.28,238000
"31-Dec-18",4.3,4.58,4.0613,4.18,150989,1.01072,5.2723
"02-Jan-19",4.16,4.63,4.13,4.58,103648
"03-Jan-19",4.59,4.59,4.4,4.41,35497
"04-Jan-19",4.41,4.9,4.41,4.88,51953
"07-Jan-19",4.92,5.4,4.8601,5.3,97135
"08-Jan-19",5.35,5.4252,5,5.1001,53509
"09-Jan-19",5.18,5.3696,5.07,5.26,34972
"10-Jan-19",5.26,5.75,5.1868,5.57,54335
"11-Jan-19",5.58,5.7,5.48,5.68,28553
"14-Jan-19",5.63,5.86,5.585,5.8,36094
"15-Jan-19",5.81,5.98,5.59,5.7,53530
"16-Jan-19",5.7,6.15,5.7,6.1,84326
"17-Jan-19",6.1,6.15,5.76,5.76,84687
"18-Jan-19",5.84,6.15,5.76,5.92,38489,1.115366,5.2922
"21-Jan-19",,,,,,1.103304,5.2922
"22-Jan-19",5.93,6.15,5.81,5.82,72557,1.145524,5.3109
"23-Jan-19",5.88,5.9911,5.8,5.83,27909,1.147356,5.2964
"24-Jan-19",5.88,6.05,5.6,5.61,24417,1.116841,5.3005
"25-Jan-19",5.71,5.8,5.61,5.61,69657,1.275609,5.4204
"28-Jan-19",5.6,5.743,5.55,5.61,47114,1.27443,5.4221
"29-Jan-19",5.58,5.695,5.2,5.36,127800,1.267239,5.4167
"30-Jan-19",5.42,5.82,5.08,5.455,42340,2.142182,5.4806
"31-Jan-19",5.56,5.79,5.46,5.6,42295,2.035879,5.4871
"01-Feb-19",5.58,5.6,5.0209,5.51,25066,2.134117,5.5163
"04-Feb-19",5.31,5.66,5.13,5.4,27803,2.178505,5.5223
"05-Feb-19",5.4,5.59,5.32,5.52,26715,2.167387,5.5123
"06-Feb-19",5.5,5.78,5.36,5.71,47552,2.163595,5.5133
"07-Feb-19",5.58,5.89,5.3969,5.7,9548,2.142429,5.5148
"08-Feb-19",5.71,5.85,5.4008,5.75,24457,2.149632,5.5199
"11-Feb-19",5.8,5.85,5.45,5.45,126016,2.117515,5.5227
"12-Feb-19",5.6,5.78,5.6,5.65,93731,2.011564,5.5775
"13-Feb-19",5.66,6.0333,5.38,5.61,172124,1.606554,5.4872
"14-Feb-19",5.9,5.9,5.55,5.55,54532,1.907276,5.4759
"15-Feb-19",5.53,5.87,5.3501,5.56,18602,2.052023,5.478
"18-Feb-19",,,,,,2.144253,5.4837
"19-Feb-19",5.53,5.7732,5.37,5.63,11575,1.962747,5.4383
"20-Feb-19",5.63,5.63,5.47,5.48,16055,2.048307,5.4396
"21-Feb-19",5.49,5.78,5.48,5.57,9710,2.839858,5.5466
"22-Feb-19",5.6,6.09,5.6,5.92,74395,2.953983,5.5453
"25-Feb-19",6.1,6.2982,5.76,6.05,62661,3.037649,5.545
"26-Feb-19",7,8.15,6.62,7.06,1721695,2.417135,5.5393
"27-Feb-19",7.59,7.59,6.9,7.45,248562,2.532684,5.5678
"28-Feb-19",7.48,7.7608,7.28,7.64,216764,1.440432,5.5557
"01-Mar-19",7.64,7.7895,7.3,7.38,85379,1.487039,5.5481
"04-Mar-19",7.56,7.81,7.4,7.68,273164,2.693963,5.6483
"05-Mar-19",7.67,7.7989,7.41,7.66,65885,2.088977,5.5591
"06-Mar-19",7.59,7.68,7.36,7.46,35042,2.610951,5.6866
"07-Mar-19",7.41,7.77,7.01,7.5,96425,3.054303,5.6939
"08-Mar-19",7.5,7.61,7.14,7.47,35122,3.20129,5.7064
"11-Mar-19",7.46,7.5349,7.15,7.52,69060,2.710587,5.6216
"12-Mar-19",7.52,7.52,7.21,7.23,46698,2.886147,5.639
"13-Mar-19",7.24,7.47,7.07,7.45,78015,3.012513,5.6524
"14-Mar-19",7.45,7.5153,7.2514,7.49,58692,2.412735,5.4479
"15-Mar-19",7.41,7.5376,7.2,7.44,86029,2.801525,5.6577
"18-Mar-19",7.39,7.58,7.0909,7.58,84059,2.852877,5.6632
"19-Mar-19",7.58,7.75,7.43,7.7,59601,2.619679,5.467
"20-Mar-19",7.7,7.83,7.3,7.83,59561,2.720094,5.6353
"21-Mar-19",7.78,7.92,7.7,7.85,98789,2.856742,5.648
"22-Mar-19",7.86,7.97,7.7,7.88,82616,2.60344,5.6078
"25-Mar-19",7.88,7.89,7.56,7.74,28385,2.760593,5.6331
"26-Mar-19",7.75,7.89,7.5,7.52,95966,2.899471,5.6516
"27-Mar-19",7.51,7.76,7.5,7.63,23490,3.165975,5.6663
"28-Mar-19",7.6,7.61,7.27,7.55,63621,2.882592,5.6351
"29-Mar-19",7.4,7.65,7.4,7.44,44777,3.004943,5.6298
"01-Apr-19",7.65,7.83,7.36,7.83,67777,2.991481,5.6374
"02-Apr-19",7.56,8,7.31,8,73132,2.658863,5.5879
"03-Apr-19",7.95,8.5,7.885,8.45,91335,2.967792,5.627
"04-Apr-19",8.4,8.5975,8.13,8.3,125171,3.02858,5.6249
"05-Apr-19",8.27,8.58,8.2134,8.31,69821,2.908347,5.6242
"08-Apr-19",8.4,8.67,7.92,8.16,59232,2.610089,5.5819
"09-Apr-19",8.08,8.28,7.73,7.99,43002,2.604123,5.5804
"10-Apr-19",8.03,8.355,7.88,8.32,92761,2.601079,5.5823
"11-Apr-19",8.35,8.46,7.995,8.25,62561,2.578712,5.5795
"12-Apr-19",8.208,8.87,8.03,8.43,79046,2.56452,5.5774
"15-Apr-19",8.45,8.48,8.193,8.45,22750,2.586807,5.5775,520103
"16-Apr-19",8.45,8.55,8.21,8.5,69054,2.554282,5.5777
"17-Apr-19",8.49,8.7,8.2748,8.6,30682,2.586441,5.5777
"18-Apr-19",8.65,8.66,8.3259,8.54,36853,2.597652,5.5934
"19-Apr-19",,,,,,2.573013,5.5934
"22-Apr-19",8.49,8.58,8.26,8.5,411942,2.67114,5.6237
"23-Apr-19",8.46,8.6,8.4315,8.58,26470,2.406711,5.5835
"24-Apr-19",8.6,8.93,8.57,8.73,162415,2.352494,5.5834,,502315.4774
"25-Apr-19",8.773,8.94,8.59,8.71,49970,2.71178,5.6388,,581371.1334
"26-Apr-19",8.66,8.9,8.2348,8.87,63773,2.618598,5.6395,,560879.0752
"29-Apr-19",8.88,9,8.801,9,80499,2.569198,5.649,,553129.5405
"30-Apr-19",8.91,9,8.66,8.99,37816,2.249887,5.5809,603134,477662.5952
"01-May-19",9,9.0189,8.52,8.72,65430,2.214046,5.6244,,476206.3068
"02-May-19",8.7,9.06,8.15,8.93,103036,2.249712,5.6111,,489780.9951
"03-May-19",8.649,9.45,8.649,8.85,65894,2.356602,5.5059,,510065.0121
"06-May-19",8.7,9.5,8.7,9.22,83638,2.798077,5.4568,,618142.4155
"07-May-19",10,10.64,9.79,10.39,434655,2.651812,5.4291,,620430.8687
"08-May-19",10.38,10.99,9.9596,10.61,192814,2.735037,5.4931,,656786.0684
"09-May-19",10.49,10.7,10,10.35,106606,2.312317,5.4185,,709225.2706
"10-May-19",9.98,10.7937,9.6,10.7,113571,1.962795,5.4998,,601807.1052
"13-May-19",10.31,11.49,10.2611,11.16,256756,1.34587,5.3816,,421409.7258
"14-May-19",11.16,11.75,10.88,11,230237,1.458248,5.4684,,460251.5554
"15-May-19",11.04,11.42,10.465,11,142592,1.294847,5.3725,492458,413508.6704
"16-May-19",11.1,11.47,11.01,11.47,116943,1.255252,5.3958,,406150.4356
"17-May-19",11.31,11.59,10.73,10.74,267151,1.489237,5.2492,,490830.4492
"20-May-19",10.72,11.38,10.71,11.05,69730,1.430616,5.4402,,475028.3384
"21-May-19",11.05,11.5,11.04,11.15,62884,1.407991,5.4313,,470263.5798
"22-May-19",11.15,11.4,10.72,11.38,50080,1.440947,5.381,,483713.468
"23-May-19",11.23,11.35,10.66,11.04,56431,1.467037,5.3671,,491373.2698
"24-May-19",11,11.27,10.71,10.98,45414,1.63633,5.328,,646154.1418
"27-May-19",,,,,,2.037365,5.328,,646154.1418
"28-May-19",11.05,11.14,10.65,10.91,37304,2.192676,5.3991,,671909.6952
"29-May-19",10.74,10.98,10.54,10.97,29639,2.412164,5.379,,731004.6552
"30-May-19",10.88,11.33,10.3801,11.09,154153,2.218199,5.4012,,678508.6324
"31-May-19",11.03,11.38,10.65,11.34,62227,2.12931,5.108,542847,647730.0074
"03-Jun-19",11.26,11.3156,10.6,10.8,60549,2.08401,5.0597,,619118.1976
"04-Jun-19",10.89,11.28,10.71,11.27,77503,2.111001,5.027,,625421.66
"05-Jun-19",11.34,11.565,11,11.53,90299,2.083008,5.2853,,598681.1906
"06-Jun-19",11.57,11.6,11.04,11.48,137327,2.116602,5.2944,,615670.9916
"07-Jun-19",11.54,12,11.365,11.99,199064,2.039386,5.2695,,609367.5292
"10-Jun-19",12,12.685,11.715,12.55,417889,2.468486,5.1836,,783845.3986
"11-Jun-19",12.65,12.9252,12.2,12.49,275343,2.369929,5.1923,,647453.6169
"12-Jun-19",12.59,12.88,12.1501,12.72,145391,2.423472,5.2094,,669547.4898
"13-Jun-19",12.7,12.9,12.53,12.84,97344,2.510548,4.9999,,698752.6584
"14-Jun-19",12.75,12.75,12,12.4,127750,2.43988,4.9872,772151,684041.5047
"17-Jun-19",12.57,12.73,12.34,12.68,232993,2.066032,4.9188,,595774.5825
"18-Jun-19",12.76,12.7621,12.25,12.36,80295,1.797951,4.8173,,516356.0664
"19-Jun-19",12.51,12.51,11.95,12.04,110768,1.698896,4.7783,,489702.2787
"20-Jun-19",12,12.56,11.9,12.29,75574
"21-Jun-19",12.36,12.68,12.25,12.67,92978
"24-Jun-19",12.75,12.8,12.4,12.4,58374,1.824091,4.3145,,528515.8392
"25-Jun-19",12.57,12.57,12.01,12.12,54366,1.890725,4.4463,,613551.1846
"26-Jun-19",12.06,12.74,11.94,12.62,66061,1.790205,4.4787,,584055.0164
"27-Jun-19",12.71,12.99,12.06,12.23,177000,1.644826,4.7662,,542744.9379
"28-Jun-19",12.31,13,12.31,13,1262557,1.790549,4.7558,763571,692310.5866
"01-Jul-19",13,13.65,12.85,13.5,339082,1.907823,4.8743,,769602.9017
"02-Jul-19",13.5,13.82,13.3,13.69,117323,3.738996,4.9373,,1516967.8546
"03-Jul-19",13.59,13.7,13.45,13.55,24605,3.071874,4.9434,,1239379.5701
"04-Jul-19",,,,,,3.020818,4.9399,,1225094.7766
"05-Jul-19",13.59,13.59,13.06,13.48,45664,2.593849,4.8556,,1042172.2047
"08-Jul-19",13.5,14.1,13.3809,13.75,143682,2.87826,4.8829,,1166488.5157
"09-Jul-19",13.75,14.01,13.1609,13.66,68356,2.677293,4.9424,,1086184.8117
"10-Jul-19",13.55,14.01,13.34,13.95,131093,2.571032,4.9123,,1162231.4191
"11-Jul-19",13.9,14.33,13.74,14.05,112412,2.55728,4.9085,,1158642.6354
"12-Jul-19",13.93,14.32,13.83,14.23,153774,2.897553,5.0137,,1326551.8983
"15-Jul-19",14.23,14.45,13.01,13.67,152363,2.597212,4.9002,1025919,1199035.5413
"16-Jul-19",13.72,14.24,13.63,14.04,81894,2.498835,4.9067,,1161315.1339
"17-Jul-19",13.92,14.49,13.82,14.44,129302,2.398573,4.9818,,1122220.2987
"18-Jul-19",14.42,14.54,14.08,14.44,67414,2.420591,4.9715,,1137109.9332
"19-Jul-19",14.52,14.54,14.15,14.47,75068,2.451736,4.9499,,1156657.3508
"22-Jul-19",14.57,14.79,14.03,14.71,121502,2.445621,4.9739,,1150930.5683
"23-Jul-19",14.63,14.77,14.38,14.69,56772,2.525131,4.9934,,1142454.9302
"24-Jul-19",14.73,15.02,14.46,14.84,188925,2.386997,4.9356,,941075.4987
"25-Jul-19",14.78,14.8019,14.3196,14.66,79739,2.389361,4.9,,933278.5143
"26-Jul-19",14.61,15.29,14.61,15.18,147554,2.462358,4.922,,972366.0282
"29-Jul-19",15.27,15.46,14.47,14.93,53279,2.443138,4.9208,,963645.7167
"30-Jul-19",14.93,15.13,14.5927,14.96,76198
"31-Jul-19",15.14,15.22,14.75,14.87,67605,2.418503,4.9071,978954,945897.318
"01-Aug-19",14.76,15.11,14.34,14.45,161382,2.373693,4.9061,,940972.9068
"02-Aug-19",14.35,14.5924,13.59,14,199844,1.96944,4.4947,,792214.6518
"05-Aug-19",13.59,13.97,13.0902,13.2,195714,1.915256,4.4447,,784622.8512
"06-Aug-19",16.95,19.82,16.55,19.7,3196642,1.442306,4.4345,,780826.9509
"07-Aug-19",19.21,20.25,19.1,19.41,520964,1.358435,4.4287,,761129.3061
"08-Aug-19",19.2,20.09,18.86,19.91,587995,2.117578,4.5377,,1200530.4138
"09-Aug-19",19.61,20.17,19.51,20.05,228944,2.133498,4.514,,1255312.7142
"12-Aug-19",20,20.23,19.1273,19.82,259997,2.498088,4.3857,,1497310.143
"13-Aug-19",19.85,21.63,19.82,21.33,355397,2.186308,4.4014,,1324916.3436
"14-Aug-19",20.95,21.0848,19.62,20.1,161234,2.598172,4.4155,,1563487.4334
"15-Aug-19",19.99,20.19,19.13,19.78,154744,3.148961,4.4246,969369,1884290.6592
"16-Aug-19",19.97,21.7,19.84,21.29,312194,2.173803,4.251,,1317280.5024
"19-Aug-19",21.74,22.49,21.33,22.12,362435,2.246997,4.321,,1380618.8262
"20-Aug-19",22.5,24.34,22.23,24.15,856327,1.535174,4.3694,,987470.8998
"21-Aug-19",24.63,25.173,23.55,24.21,599899,1.522984,4.3274,,1015762.6704
"22-Aug-19",24.4,24.49,22.04,22.86,360643,1.383716,4.4308,,941264.271
"23-Aug-19",22.86,23.2,21.87,22.4,210151,2.745459,4.0604,,1887227.5212
"26-Aug-19",22.71,22.87,21.67,22.8,176814,2.272687,3.912,,820280.0478
"27-Aug-19",22.84,22.99,21.53,21.85,121600,2.325228,3.9172,,832784.9079
"28-Aug-19",21.81,22.71,21.19,22.4,152228,2.345076,3.9195,,835305.2673
"29-Aug-19",22.79,23.12,22.13,22.25,90199,2.582657,3.9188,,922936.2249
"30-Aug-19",22.45,22.715,22.04,22.39,122473,2.564652,3.9059,1075550,921966.8559
"02-Sep-19",,,,,,2.521293,3.9059,,921966.8559
"03-Sep-19",22.34,22.73,22.05,22.42,222899,2.513302,3.9185,,917701.6323
"04-Sep-19",22.64,22.86,22.09,22.42,190856,2.511917,3.9124,,924778.026
"05-Sep-19",22.61,23.29,22.1592,22.53,322218,2.539936,3.7663,,949399.9986
"06-Sep-19",22.55,23.18,21.75,22.16,154359,2.566148,3.7083,,962971.1646
"09-Sep-19",22.31,22.31,20.51,21.35,235405,2.540384,3.6962,,962195.6694
"10-Sep-19",21.01,21.0685,19.54,20,431289,2.51838,3.6381,,964134.4074
"11-Sep-19",20.26,22.17,20.26,21.98,276903,2.998091,3.6149,,1327766.475
"12-Sep-19",22.05,22.5,21.61,22.4,124897,2.971949,3.7451,,1304104.375
"13-Sep-19",22.2,22.67,21.635,22.36,156885,2.962719,3.7587,922203,1300985.28
"16-Sep-19",21.89,25.22,21.73,24.73,523452,2.851109,3.773,,1294747.09
"17-Sep-19",22.5,23.805,21.83,23.3,475427,2.837354,3.8218,,1304857.26
"18-Sep-19",23.16,24.23,20.8684,22.77,420974,2.789739,3.8983,,1297005.745
"19-Sep-19",22.68,23.07,21.89,22.41,200415,2.715055,3.8167,,1271084.99
"20-Sep-19",22.36,22.7589,21.85,22.4,314855,2.533867,3.6519,,1200098.69
"23-Sep-19",22.02,22.58,21.85,22,213593,2.392712,3.6485,,1153850.04
"24-Sep-19",21.88,22.15,20.44,21.52,343632,2.413842,3.6655,,828230.5143
"25-Sep-19",21.24,22.88,20.73,22.5,263719,1.770987,3.4884,,614556.0792
"26-Sep-19",22.4,22.83,21.8,22.41,176924,1.759222,3.4872,,614556.0792
"27-Sep-19",22.46,22.57,21.185,21.61,186674,2.894089,3.1594,,1017651.0105
"30-Sep-19",21.61,21.88,21.23,21.34,218182,2.496147,3.2771,900422,832564.8684
"01-Oct-19",20.82,21.55,20.02,21.08,237892,2.467982,3.3327,,821682.873
"02-Oct-19",20.67,20.78,19.15,19.5,383344,2.31034,3.2216,,771146.1486
"03-Oct-19",19.55,20.33,19.22,20.09,348467,2.561096,3.1851,,866133.0576
"04-Oct-19",20.2,20.44,19.12,19.84,289953,2.811811,3.0403,,965085.4395
"07-Oct-19",19.76,20.4693,19.36,19.93,111683,2.526151,2.8616,,870190.7508
"08-Oct-19",19.54,19.68,19.1,19.48,64934,2.41624,2.7907,,822697.2963
"09-Oct-19",19.72,19.91,19.45,19.49,42921,2.274959,2.7761,,832980.3922
"10-Oct-19",19.49,19.78,18.5108,18.9,110264,2.245529,2.7252,,824156.2566
"11-Oct-19",19.05,19.89,18.9741,19.55,110351,2.222217,2.7241,,814701.8256
"14-Oct-19",19.51,19.84,18.72,19.1,172007,2.192776,2.7319,,812000.5596
"15-Oct-19",19.2,19.2,18.605,18.9,219268,2.225797,2.722,919064,821635.075
"16-Oct-19",18.8,18.99,18.38,18.5,172938,3.150146,2.9134,,1164155.6038
"17-Oct-19",18.5,19,18.14,18.82,227284,3.391816,2.8523,,1263472.1504
"18-Oct-19",18.77,19,17.58,17.85,182445,3.299768,2.7855,,1232677.718
"21-Oct-19",17.9,18.6,17.9,18.17,130689,2.976866,2.6897,,1128408.8504
"22-Oct-19",18.21,18.54,17.21,17.6,89603,3.08202,2.6744,,1156231.8902
"23-Oct-19",17.76,19.0298,17.76,18.77,150634,3.351371,2.7125,,1259240.167
"24-Oct-19",18.94,19.46,18.57,19.29,360261,3.264187,2.6833,,1394403.9008
"25-Oct-19",19.22,19.665,18.73,18.84,128781,3.291841,2.634,,1401664.5064
"28-Oct-19",18.98,19.74,18.85,19.27,173881,3.284136,2.5954,,1415909.9984
"29-Oct-19",19.33,19.59,18.56,19.42,159881,3.196143,2.5959,,1368670.1088
"30-Oct-19",19.45,20.57,19.32,20.51,189297,3.245606,2.587,,1399826.3784
"31-Oct-19",20.53,20.75,19.97,20.3,196668,3.663787,2.5798,1201971,1590164.5328
"01-Nov-19",20.46,22.08,19.76,21.75,232579,3.455004,2.5149,,1512503.6248
"04-Nov-19",22.03,22.19,21.15,21.77,435816,2.859701,2.5242,,1276028.4576
"05-Nov-19",26.92,28.77,25.64,27.92,3366297,2.330126,2.4705,,1201676.18
"06-Nov-19",28.24,30.34,28.09,29.28,892523,2.039009,2.4791,,1083668.3624
"07-Nov-19",29.5,29.87,28.42,29.77,437055,1.953806,2.4077,,916306.808
"08-Nov-19",29.7,30.75,28.7978,30.58,590526,1.918672,2.4094,,902888.4736
"11-Nov-19",30.58,31.73,29.38,31.03,577857,1.911603,2.4094,,902888.4736
"12-Nov-19",31.51,31.51,28.78,29.09,482013,1.939514,2.2888,,697864.3626
"13-Nov-19",29.55,30.56,29,29.05,619331,2.077339,2.0096,,760246.6575
"14-Nov-19",29.03,29.64,27.6647,27.7,404310
"15-Nov-19",27.74,28.59,27.37,28.35,370161,1.724337,1.7452,877596,638727.3894
"18-Nov-19",28.65,29.38,28.32,28.6,384725,1.624656,1.7481,,608678.1144
"19-Nov-19",28.98,30.98,28.98,29.73,1088190,1.668128,1.7672,,646660.398
"20-Nov-19",29.62,32.26,29.53,32.22,1083895,1.594298,1.7787,,637645.6155
"21-Nov-19",32.3,33.3924,30.09,31.28,440758,1.52509,1.7786,,599182.5435
"22-Nov-19",31.29,32.48,30.2,32.27,364693,1.664636,1.7296,,647261.3835
"25-Nov-19",32.27,34.02,32.27,33.46,387363,1.622647,1.7086,,635482.0677
"26-Nov-19",33.41,35.99,33.3,35.13,633697,1.440715,1.6336,,785009.622
"27-Nov-19",35.22,36.14,34.37,34.81,386312,1.395151,1.6013,,767018.904
"28-Nov-19",,,,,,1.381199,1.6013,,767018.904
"29-Nov-19",34.82,36.1269,34.44,35.21,117421,1.244024,1.4935,1215007,689790.456
"02-Dec-19",35.15,37.83,34.75,37.35,521547,1.262071,1.4751,,720243.0372
"03-Dec-19",36.94,38.25,35.78,38.05,596657,1.307253,1.3983,,753152.8872
"04-Dec-19",38.43,38.43,35.695,37.16,640250,1.553023,1.4954,,910242.5712
"05-Dec-19",37.15,37.83,36.51,36.8,541434,1.83103,1.3807,,1088482.3188
"06-Dec-19",37.16,37.78,36.83,37.71,543683,2.01805,1.3592,,1210380.4032
"09-Dec-19",37.41,37.55,33.27,35.4,1040504,2.165206,1.4018,,1344477.072
"10-Dec-19",35.46,36.325,35.35,36.01,448556,2.318485,1.3541,,2556496.2287
"11-Dec-19",36,36,31.0157,33.93,1819616,2.549542,1.3422,,2960121.5541
"12-Dec-19",33.03,34.92,32.75,34.83,485239,2.938822,1.3226,,3437862.3065
"13-Dec-19",34.82,35.46,32.35,33.16,286224,3.42444,1.1701,2139440,4029206.2134
"16-Dec-19",33.07,35.77,33.04,34.15,463699,3.442325,1.065,,4094695.0907
"17-Dec-19",34.21,35.05,32.66,34.06,293342,3.31849,1.0464,,3915238.5568
"18-Dec-19",34.1,34.42,33.11,33.79,227581,3.44723,0.9981,,4031150.2246
"19-Dec-19",33.81,35.16,33.7,34.26,366365,3.455062,0.975,,4032365.2316
"20-Dec-19",34.32,35.4515,34.19,34.72,216418,3.465414,0.9511,,4046823.8149
"23-Dec-19",34.79,34.99,32.89,34.86,281450,3.647891,0.9407,,4254833.0133
"24-Dec-19",34.66,35.71,34.1348,35.55,111558
"25-Dec-19",,,,,,3.62937,0.9327,,2246198.056
"26-Dec-19",35.59,37.2481,35.3601,36.46,230586,3.662832,0.927,,2264169.352
"27-Dec-19",36.49,36.808,34.31,34.76,313167
"30-Dec-19",34.8,35.23,33.6,34.35,308365,3.75229,0.9112,,2341403.136
"31-Dec-19",33.4,35.1,33.28,34.35,645174,3.776924,0.8941,2922530,2374992.344
"01-Jan-20",,,,,,3.803782,0.8892,,2410293.104
"02-Jan-20",34.66,34.7,32.81,33.79,310856,3.801361,0.8862,,2415213.816
"03-Jan-20",33.5,34.63,32.9501,34.44,223570,3.901712,0.8614,,2464848.824
"06-Jan-20",34.49,34.49,29.1404,30.56,860175
"07-Jan-20",30.59,31.59,27.51,31.22,1277040,4.487406,0.8019,,2987300.072
"08-Jan-20",30.97,31.13,29.34,30.14,557712,4.180353,0.7622,,2825130.52
"09-Jan-20",30.21,31.92,30.13,30.3,497472,3.157755,0.6739,,2165113.28
"10-Jan-20",30.3,30.69,29.63,30.07,364402,3.084884,0.6548,,2630569.253
"13-Jan-20",30.07,31.11,29.53,30.63,458291,3.15525,0.6534,,2754484.525
"14-Jan-20",30.77,30.92,29.54,30.57,391982,3.077012,0.6389,,2677914.239
"15-Jan-20",30.43,31.49,30.11,30.95,303146,3.034062,0.6353,3695147,2651611.469
"16-Jan-20",31.16,31.77,29.945,30.16,397782,3.195846,0.6331,,2808843.583
"17-Jan-20",29.91,32.95,29.62,32.1,474923,3.199742,0.627,,2839237.895
"20-Jan-20",,,,,,3.08786,0.6276,,2791892.909
"21-Jan-20",31.89,34.84,31.5301,33.49,716541,3.131899,0.6201,,2850635.762
"22-Jan-20",33.66,39.1899,33.65,37.22,1303257,3.129028,0.6098,,2952047.553
"23-Jan-20",37.05,40.33,36.09,39.29,734388,3.181459,0.6222,,3059596.657
"24-Jan-20",39.55,40.6,36.01,38.42,642854,2.980292,0.6263,,2907625.097
"27-Jan-20",37.27,39.16,36.5,37.78,487299,2.909173,0.606,,4018841.8772
"28-Jan-20",37.84,38.46,35.71,37.46,451735,2.896022,0.6088,,3988911.1865
"29-Jan-20",37.61,38.86,37.215,38.02,285373,2.890404,0.6097,,3994084.3923
"30-Jan-20",37.62,38.5,35.49,36.85,258315,2.859159,0.6047,,3961936.6134
"31-Jan-20",36.82,36.99,35.8263,36.69,262546,2.837781,0.6317,3614621,3940504.7608
"03-Feb-20",36.67,38.5,36.35,38.18,351317,2.883307,0.6395,,4059488.4942
"04-Feb-20",39,40.186,37.64,39.29,397353,2.863095,0.6471,,4011821.0979
"05-Feb-20",39.84,40.41,38.11,39.08,419805,2.840905,0.6403,,3978934.2896
"06-Feb-20",39.27,40.39,39.01,39.61,255048,3.107515,0.6354,,3970065.9368
"07-Feb-20",39.61,42.59,39.0187,41.16,688321,3.05568,0.6342,,3879165.3206
"10-Feb-20",41.27,43.02,34.1,42.63,1210197,2.986339,0.6184,,3874361.6295
"11-Feb-20",43.1,43.2044,40.85,41,358140,2.989185,0.6086,,3539798.3453
"12-Feb-20",41.2,42.2084,37.13,40.01,541444,3.043554,0.6159,,3600162.516
"13-Feb-20",39.86,41.48,39.2785,40.32,277268,2.975446,0.6102,,3497507.2796
"14-Feb-20",40.31,41.77,39.26,41.02,304206,2.985044,0.6142,3533104,3474373.7052
"17-Feb-20",,,,,,2.961721,0.6142,,3474373.7052
"18-Feb-20",40.95,44.5,40.93,42.7,425155,2.907864,0.608,,3401719.8231
"19-Feb-20",42.8,44.51,42.31,43.75,382721,2.824848,0.6054,,3304486.5182
"20-Feb-20",43.75,47.42,43.47,45.17,516003,2.979427,0.6008,,3422684.6249
"21-Feb-20",45.35,47.435,43.99,46.65,582756,3.01047,0.5941,,3402804.2094
"24-Feb-20",45.6,48.23,43.025,45.74,796006,2.794049,0.6056,,3208699.0617
"25-Feb-20",43,45.9989,37.46,40.01,1400335,2.6916,0.5233,,3180143.5558
"26-Feb-20",38,40.5,38,39.17,916585,2.474441,0.5674,,3021863.8512
"27-Feb-20",38.32,40.75,36.83,38.24,777455,2.413685,0.5782,,2960741.152
"28-Feb-20",36.9,40.96,36.15,40.62,755906,2.594458,0.5963,3004347,3218304.4336
"02-Mar-20",40.99,42.14,38.03,40.14,524977,2.617413,0.6136,,3286846.6512
"03-Mar-20",40.25,41.34,37,38.19,536405,2.699529,0.6189,,3391426.5296
"04-Mar-20",39.2,39.35,36.8,39.15,624453,2.718226,0.596,,3417924.8096
"05-Mar-20",38.6,38.89,35.635,37.97,709924,2.783115,0.5847,,3506605.72
"06-Mar-20",37.09,37.925,34.95,36.05,683594,2.631556,0.599,,3329597.2096
"09-Mar-20",32.84,35.5,32.24,33.06,430047,2.742796,0.5952,,3458908.816
"10-Mar-20",34.18,35.43,32.77,35.07,302379,2.934301,0.6056,,3378388.2015
"11-Mar-20",33.78,35.24,32.23,32.98,383555,2.957187,0.6118,,3397916.457
"12-Mar-20",30.74,32.61,28.8,30.205,525309,3.07914,0.6064,,3398817.7611
"13-Mar-20",31.81,34.22,29.175,34.16,388384,3.0599,0.6403,3168019,3367272.1176
"16-Mar-20",21.01,32.04,21.0007,29.66,523299,3.19487,0.6475,,3542125.113
"17-Mar-20",29.57,33.04,26.01,32.99,562430
"18-Mar-20",30.67,31.91,22.39,23.71,630480,2.87497,0.6326,,3231475.6332
"19-Mar-20",23.57,27.9,23.219,27.47,278542,2.786236,0.6407,,3136538.268
"20-Mar-20",28.7,30.4,26.12,26.88,450827,2.628601,0.533,,2966792.6625
"23-Mar-20",26.96,29.705,25.73,28.32,493099,2.570252,0.5524,,2925933.5433
"24-Mar-20",29.55,31.61,27.63,28.87,401886,2.702603,0.5304,,2905390.2249
"25-Mar-20",29.19,30.1625,26.25,29.01,351366,2.464085,0.5268,,2668422.4037
"26-Mar-20",28.72,30.86,27.9238,28.53,471262,2.562751,0.5328,,2770115.8136
"27-Mar-20",27.54,28.08,24.08,25.31,616673,2.742448,0.5283,,2998846.7854
"30-Mar-20",24.93,25.97,23.57,24.705,629029,2.712083,0.5253,,2993144.3512
"31-Mar-20",23.58,26.99,23.55,26.25,682653,2.719271,0.5287,2916306,3034011.7963
"01-Apr-20",25.35,25.79,22.39,23.045,414881,2.786784,0.529,,3088818.525
"02-Apr-20",23,25.12,22.9061,24.08,365688,2.76665,0.5315,,3050802.297
"03-Apr-20",24.16,24.45,21.95,24.16,393149,2.496098,0.5883,,2759027.7471
"06-Apr-20",25.37,27.71,24.5572,27.68,321673,2.417594,0.583,,2679827.2721
"07-Apr-20",28.68,29.7,27.22,27.74,348565,2.255407,0.582,,2463134.7725
"08-Apr-20",28.42,31.24,28.081,30.67,362514,2.29363,0.5856,,2438107.4224
"09-Apr-20",31.44,37.56,31.21,35.71,654207,2.270515,0.5818,,2326337.2962
"10-Apr-20",,,,,,2.268779,0.5818,,2326337.2962
"13-Apr-20",34.8,35.43,30.52,31.26,609579,2.700104,0.6041,,2789446.689
"14-Apr-20",32.28,35.77,32.1822,34.81,356903,2.597539,0.5856,,2675127.4938
"15-Apr-20",34.33,34.57,33.05,33.41,291797,2.106103,0.5802,2755512,2162440.899
"16-Apr-20",34.11,36.685,33.03,34.99,292438,2.333719,0.5787,,2395453.7484
"17-Apr-20",35.95,36.05,32.11,32.52,491225,2.151134,0.5768,,2214351.1458
"20-Apr-20",32.05,35.16,32,34.67,193255,2.143868,0.5775,,2188104.3918
"21-Apr-20",33.98,36.65,33.34,36.26,215317,2.117429,0.5793,,2141151.8652
"22-Apr-20",37.27,38.06,36.62,38.05,224805,2.168345,0.5802,,2160107.8542
"23-Apr-20",38.69,40.7,38.1,40.18,373276,2.207667,0.5955,,2136194.145
"24-Apr-20",40.08,40.78,38.26,38.87,347774,2.224557,0.5961,,2709494.9496
"27-Apr-20",39.5,39.85,36.03,36.48,381424,2.259282,0.5941,,2728783.5336
"28-Apr-20",37.07,39.87,36.805,39.13,253579,2.273976,0.5937,,2725752.4704
"29-Apr-20",40,41.0075,39.1,40.24,310861,2.306441,0.5911,,2751929.8344
"30-Apr-20",39.32,39.97,38.11,38.97,170662,2.341114,0.582,2873076,2782791.5688
"01-May-20",37.98,38.2999,37.02,38.05,140968,2.285668,0.5867,,2725476.9192
"04-May-20",37.44,40.29,37.25,39.89,495625,2.245356,0.5927,,2690206.3656
"05-May-20",44.56,53.8692,42.35,48.48,1804790,2.117332,0.6035,,2655211.3632
"06-May-20",48.56,50.73,48.5,49.56,741445,2.10331,0.5756,,2664304.5528
"07-May-20",47.92,52.75,47.23,51.57,647775,1.650591,0.5788,,2116508.7672
"08-May-20",52,52.5,49.71,50.38,410795,1.730345,0.5687,,2199725.2296
"11-May-20",50.3,51.12,48.3,49.72,368336,1.511975,0.5492,,1932430.9176
"12-May-20",49.51,50,46.73,48.62,374995,1.46477,0.5512,,1873245.552
"13-May-20",48.62,50.4,47.15,48.6,355778,1.4366,0.549,,1826127.1056
"14-May-20",48.59,50.25,47.51,49.51,450208,1.406915,0.5526,,1798545.576
"15-May-20",47.86,50,47.81,49,304239,1.399447,0.546,2598953,1788777.1176
"18-May-20",49.15,50.36,45.5,47.2,494934,1.366789,0.5481,,1747117.5156
"19-May-20",46.74,49.15,46.18,47.4,304540,1.223451,0.5436,,1557781.8072
"20-May-20",48.19,48.75,47.19,47.9,224430,1.136721,0.5557,,1440272.9988
"21-May-20",47.97,52.355,47.45,49.14,1001481,1.110213,0.5552,,1428493.3872
"22-May-20",49.28,50.32,47.51,49,281790,1.131303,0.5596,,1441709.5368
"25-May-20",,,,,,1.142384,0.5596,,1441709.5368
"26-May-20",50,50.28,45.85,46.63,379711,1.221872,0.5616,,1491126.444
"27-May-20",47.43,52.19,43.32,52.12,873896,1.255588,0.5543,,2222884.5009
"28-May-20",53,57.27,52.15,52.3,561401,1.211677,0.5581,,2129582.0882
"29-May-20",52.53,54.22,51.0731,53.92,249613,1.215011,0.5671,2440663,2098914.4428
"01-Jun-20",54,58.4499,51.765,56.7,692641,1.065142,0.5582,,1854352.9655
"02-Jun-20",58.57,59.12,56.4,58.8,350452,1.13614,0.5698,,1970526.1646
"03-Jun-20",59.08,59.5,57.38,58.2,329326,1.016309,0.5782,,1751174.5314
"04-Jun-20",57.66,58.56,56.22,57.69,563667,1.452981,0.5155,,2505910.4826
"05-Jun-20",58.43,58.72,53.9501,57,739769,1.561035,0.4996,,2702651.2247
"08-Jun-20",57,59.28,55.6,57.67,341139,1.926818,0.5772,,3269222.9787
"09-Jun-20",57,59.26,56.24,58.57,441390,1.454979,0.5299,,2869731.5554
"10-Jun-20",59.2,59.74,56.6,57.94,558536,1.448212,0.5314,,2868755.2902
"11-Jun-20",56.61,58.625,54.52,55.43,468922,1.707216,0.5402,,3401063.8905
"12-Jun-20",56.74,58.42,53.32,55.48,502049,2.004913,0.5394,,4010009.309
"15-Jun-20",54.48,58.67,54.0201,58.53,462022,2.237341,0.5372,2529331,4475931.8757
"16-Jun-20",59.05,60.26,57.6,59.91,382578,2.45432,0.5598,,4897434.3758
"17-Jun-20",60.29,60.45,57.76,58.6,334967,2.499677,0.5298,,4956498.4204
"18-Jun-20",58.83,61.34,58.8,60.94,304250,2.504175,0.5266,,4922085.0721
"19-Jun-20",61.09,61.82,59.96,60.87,418373,2.367213,0.5254,,4619198.7938
"22-Jun-20",60.79,62.1786,60.5,61.27,374842,2.365323,0.526,,4630425.8436
"23-Jun-20",62.11,62.43,60.25,60.7,312993,2.421893,0.5271,,4719021.9105
"24-Jun-20",60.73,61.935,58.5,59.2,239857,2.406181,0.534,,2626204.3773
"25-Jun-20",59.39,62.78,59.29,62.62,450269,2.396561,0.5374,,2620133.9829
"26-Jun-20",62.45,62.45,56.41,56.99,1024331,2.28206,0.5251,,2553106.7114
"29-Jun-20",56.87,59.17,55.31,58.04,228211,2.350261,0.5305,,2592817.2081
"30-Jun-20",56.2,58.64,54.23,58.16,628448,2.697363,0.5262,2641037,2994222.0378
"01-Jul-20",58.13,60.86,56.77,59.51,432266,2.671964,0.5334,,2921883.1712
"02-Jul-20",60.58,61.01,59.21,59.64,207170,2.95429,0.5405,,3207191.708
"03-Jul-20",,,,,,2.946316,0.5405,,3207191.708
"06-Jul-20",60.06,60.83,59.16,60,249204,3.013794,0.5303,,3263595.7893
"07-Jul-20",60.05,62.25,58.39,61.62,395553,2.940373,0.5298,,3192521.5882
"08-Jul-20",62.38,62.94,60.29,62.47,385777,2.923724,0.5349,,3178863.2008
"09-Jul-20",62.99,63.16,60.33,62.79,282619,2.870134,0.535,,3111582.9962
"10-Jul-20",63.14,63.14,61.17,62.16,210907,2.8187,0.5345,,2652129.3554
"13-Jul-20",62.7,63.44,57.7,58.19,409514,2.795058,0.5375,,2627831.815
"14-Jul-20",55,56.8408,52.215,54.09,441334,2.750733,0.5364,,2570257.2084
"15-Jul-20",54.48,58.19,54.095,57.85,341432,2.670773,0.5299,2619368,2494195.3428
"16-Jul-20",57.36,59.77,56.83,58.91,294454,2.556952,0.5175,,2388289.7591
"17-Jul-20",59.21,59.32,56.67,56.94,224690,2.509799,0.5157,,2338374.1598
"20-Jul-20",56.99,58.23,55.51,55.77,268124,2.606043,0.518,,2408361.6403
"21-Jul-20",56.13,56.75,52.24,52.39,312587,2.54805,0.5019,,2365048.6335
"22-Jul-20",52.43,54.21,50.62,51.15,439503,2.677281,0.5063,,2505287.6982
"23-Jul-20",51.18,51.7308,47.68,48.29,289103,2.575777,0.5101,,2416020.6476
"24-Jul-20",47.59,48.5,46.24,47.96,378521,2.618567,0.5064,,2579815.5432
"27-Jul-20",48.2,49.82,47.7456,49.03,328166,2.750343,0.5021,,2707640.7016
"28-Jul-20",48.91,50.03,48.1,48.24,281018,2.764617,0.4949,,2711831.6904
"29-Jul-20",48.38,50.75,48.38,50.6,278189,2.836245,0.5079,,2784650.1208
"30-Jul-20",49.82,51.3699,49.1,50.38,280183,2.879649,0.5061,,2824202.5776
"31-Jul-20",50.8,54.75,50.49,54.45,469045,3.018107,0.5037,2772745,2964076.8288
"03-Aug-20",56.04,56.18,51.5,56.04,363323,3.106235,0.5029,,3103951.08
"04-Aug-20",54.97,56.11,53.21,54.12,465079,3.216953,0.5055,,3217631.6512
"05-Aug-20",49.99,49.99,40.09,41.69,2468476,3.086761,0.5091,,3301189.4904
"06-Aug-20",41.79,42.81,38.3,40.11,993139,2.508156,0.5157,,2610986.0224
"07-Aug-20",39.6,43.03,39.6,42.81,899766,2.64103,0.5441,,2763957.1136
"10-Aug-20",42.46,43.18,38.35,38.54,756433,2.92029,0.5817,,3072518.664
"11-Aug-20",38.88,38.9499,36.89,37.02,571387,2.912162,0.5865,,2876722.9375
"12-Aug-20",37.57,39.39,37.23,37.26,472359,2.813647,0.5455,,2789104.1955
"13-Aug-20",37.5,37.96,36.05,36.69,554797,2.740928,0.5459,,2733094.7465
"14-Aug-20",37.3,38.67,36.76,38.45,516121,2.781667,0.5513,2533436,2788272.372
"17-Aug-20",38.86,41.22,38.51,40.6,618460,2.685115,0.5475,,2721449.2175
"18-Aug-20",39.51,40.81,38.99,39.29,374278,2.826125,0.5492,,2855095.5265
"19-Aug-20",39.64,39.85,37.71,37.77,261171,3.255019,0.5542,,3263243.5905
"20-Aug-20",37.96,38.68,37.3954,37.88,291202,3.252729,0.5507,,3259639.022
"21-Aug-20",37.88,37.89,36.15,37.21,372883,3.094598,0.5373,,3116288.1055
"24-Aug-20",37.61,38.1398,35.85,36.34,207430,3.219082,0.538,,3176733.9465
"25-Aug-20",36.52,38.49,35.87,36.78,320517,3.21328,0.5408,,2867596.2084
"26-Aug-20",36.32,37.75,36.14,37.2,301708,3.226426,0.5385,,2864302.7416
"27-Aug-20",37.54,37.54,35.94,36.78,308131,3.200688,0.5387,,2834661.5404
"28-Aug-20",37.13,38.43,35.71,35.88,426981,3.166754,0.5457,,2762965.3016
"31-Aug-20",36.2,36.42,35.05,35.5,294538,3.34789,0.542,2794487,2914464.7744
"01-Sep-20",35.62,39.07,35.185,38.89,596351,3.349099,0.5427,,2929918.734
"02-Sep-20",39.39,41.62,38.14,41.04,824202,3.433388,0.5444,,3017068.9324
"03-Sep-20",40.28,40.36,36.935,38.41,381349,3.626169,0.5131,,3189595.924
"04-Sep-20",38.08,38.89,35.31,37.66,372546,3.544352,0.5288,,3122206.5264
"07-Sep-20",,,,,,3.558315,0.5282,,3092058.638
"08-Sep-20",36.76,41.09,36.2001,40.71,587732,3.570887,0.5292,,3117646.3416
"09-Sep-20",40.9,41.8187,38.39,40.2,316077,3.633431,0.5252,,3169581.7796
"10-Sep-20",40.89,43.38,39.85,40.02,392293,3.82175,0.5219,,3191304.154
"11-Sep-20",40.11,41.34,39.48,40.54,210897,3.846966,0.5217,,3174257.7833
"14-Sep-20",41.42,41.42,39.74,40.66,182760,3.842589,0.5201,,3132061.0296
"15-Sep-20",41.2,41.2,38.09,38.6,367584,3.884513,0.5202,2872682,3158329.2074
"16-Sep-20",38.66,39.54,37.61,38.13,466900,3.828938,0.5199,,3113896.8641
"17-Sep-20",37.29,38.2195,36.83,37.48,171285,3.84703,0.5207,,3105233.9544
"18-Sep-20",37.88,39.22,37.44,39.11,325716,3.634859,0.5332,,2933093.5552
"21-Sep-20",38.45,40.86,38.39,40.6,302189,3.632992,0.5391,,2932814.1065
"22-Sep-20",41,42.3,40.04,42.06,279117,3.696365,0.5359,,2967745.194
"23-Sep-20",42.18,42.63,39.95,40.47,301290,3.570834,0.5336,,2859319.0984
"24-Sep-20",40.13,40.2104,37.21,37.42,210385,3.483609,0.5413,,2527960.16
"25-Sep-20",37.78,40.705,37.62,40.43,283060,3.323752,0.5395,,2415638.2938
"28-Sep-20",40.93,41.22,37.36,37.69,524958,3.313637,0.5383,,2362780.945
"29-Sep-20",36.67,39,36.5,38.49,262059,3.337105,0.5357,,2365653.627
"30-Sep-20",38.72,39.345,37.75,38.64,522395,3.172633,0.5501,2581532,2273440.5348
"01-Oct-20",39.12,40.73,39.01,40.29,328319,3.183969,0.5526,,2256491.711
"02-Oct-20",39.15,39.929,38.16,39.05,218546,3.080469,0.5561,,2166002.228
"05-Oct-20",38.84,39.92,37.8,38.81,181480,3.069574,0.5515,,2156522.3774
"06-Oct-20",38.51,40.085,38.51,39.4,260506,3.095272,0.5483,,2162267.7414
"07-Oct-20",40.587,40.85,38.95,39.08,204064,3.230289,0.5385,,2252757.2244
"08-Oct-20",39.33,39.9,37.61,38.36,216763,3.316168,0.5368,,2297571.0636
"09-Oct-20",38.65,40.45,38.53,38.74,204671,3.315892,0.5305,,2591341.8216
"12-Oct-20",39.41,39.41,37.65,37.94,307655,3.283318,0.5303,,2587211.3704
"13-Oct-20",38.27,40.94,38.03,40.59,412842,3.305471,0.5307,,2605023.9412
"14-Oct-20",40.68,41.45,38.83,39.7,115917,3.454108,0.5329,,2692537.876
"15-Oct-20",39.32,39.475,36.37,38.03,724557,3.307182,0.5299,2545395,2605282.0944
"16-Oct-20",38.04,38.26,35.83,36.52,308272,3.308554,0.5311,,2603216.8688
"19-Oct-20",36.67,37.78,36.38,36.46,282048,3.371721,0.5327,,2670078.5476
"20-Oct-20",36.48,37.53,36.4001,37.23,173541,3.394954,0.5326,,2664915.4836
"21-Oct-20",37.56,38.32,37.205,37.8,262416,3.412948,0.5329,,2678339.45
"22-Oct-20",37.89,38.26,36.465,37.65,445962,3.311619,0.5352,,2611735.9244
"23-Oct-20",37.57,38.45,36.42,36.65,216280,3.124693,0.548,,2443936.3444
"26-Oct-20",36.55,37.13,34.92,35.61,311916,3.17716,0.5677,,2432634.0015
"27-Oct-20",35.67,36.5,34.66,35.24,303449,3.207269,0.5691,,2446124.595
"28-Oct-20",34.7,34.82,33.51,34.7,423584,3.05886,0.5696,,2341254.321
"29-Oct-20",34.93,36.78,34.64,35.49,624799,2.983576,0.5701,,2312745.897
"30-Oct-20",35.12,35.43,33.41,33.49,293828,3.052486,0.5691,2686320,2367726.429
"02-Nov-20",33.54,34.77,32.77,34.58,420514,2.587149,0.5636,,2012898.366
"03-Nov-20",33.02,38,33.02,36.87,1233275,2.452883,0.5637,,1965554.019
"04-Nov-20",37.37,39.66,37,39.2,589397,2.380463,0.5664,,1922791.383
"05-Nov-20",39.95,40.25,38.65,39.83,392319,2.705269,0.566,,2179621.7385
"06-Nov-20",39.48,40.18,38.69,39.76,306526,3.334049,0.5689,,2481505.5855
"09-Nov-20",39.35,41.85,38.35,39.48,499011,3.543463,0.5689,,2535213.42
"10-Nov-20",39.57,42.739,39.3301,40.22,454637,3.506317,0.5684,,2854752.264
"11-Nov-20",40.7,42.12,40.5,40.82,258357,3.576887,0.5687,,2854752.264
"12-Nov-20",40.81,41.24,40.32,40.95,254572,3.763576,0.567,,2965160.016
"13-Nov-20",41,41.5134,39.69,40.32,291343,4.045962,0.5492,2867466,3164216.328
"16-Nov-20",40.28,40.8,38.62,39.34,213913,4.312829,0.5503,,3303636.336
"17-Nov-20",38.66,39.85,38.35,38.84,231270,4.361519,0.5489,,3322977.84
"18-Nov-20",38.78,39.87,38.02,39.05,191302,4.622857,0.5407,,3458368.368
"19-Nov-20",39.04,40.88,39,40.55,189045,5.004067,0.5388,,3713568.768
"20-Nov-20",40.32,41.53,39.85,41,190065,4.895494,0.5395,,3621696.624
"23-Nov-20",41.31,42.37,41.22,41.51,248477,4.938419,0.54,,3642649.92
"24-Nov-20",41.39,41.64,40.33,41.07,225325,5.038443,0.5356,,3350060.5278
"25-Nov-20",41.23,41.8516,40.3,40.81,205679,5.37942,0.5383,,3576590.3418
"26-Nov-20",,,,,,5.373621,0.5383,,3576590.3418
"27-Nov-20",41.05,43.4883,40.96,40.96,190626,5.706246,0.5339,,3779033.4414
"30-Nov-20",40.01,40.57,37.2,37.66,757384,5.620589,0.5346,3135088,3784194.8802
"01-Dec-20",38,38,36.51,36.84,607362,5.642717,0.5339,,3852440.571
"02-Dec-20",36.77,37.67,35.18,36.7,319848,5.271952,0.532,,3555371.0934
"03-Dec-20",37,37.5,35.88,35.95,365993,5.458956,0.5311,,3606125.2416
"04-Dec-20",36.2,36.275,34.5,34.71,633547,5.33536,0.5345,,3564833.7312
"07-Dec-20",35.29,35.915,32.91,33.23,668494,5.062375,0.5396,,3427768.8564
"08-Dec-20",33.5,34.21,32.81,33.85,854381,4.911904,0.5368,,3399094.1964
"09-Dec-20",33.43,34.6949,32.2,32.45,693366,4.255323,0.5388,,2450698.2896
"10-Dec-20",32.06,33.18,31.5,32.99,778067,4.015148,0.5372,,2357899.6848
"11-Dec-20",32.91,34.05,32.725,33.73,569852,3.985531,0.5372,,2357899.6848
"14-Dec-20",34.15,36.95,34.03,36.28,599558,3.467747,0.5484,,2084833.52
"15-Dec-20",36.3,36.77,34.8,35.6,504574,3.476748,0.5505,2850332,2117751.944
"16-Dec-20",35.69,36.6765,35.51,36.23,381878,3.740689,0.5539,,2279835.9936
"17-Dec-20",36.49,38.045,36.05,37.71,375720
"18-Dec-20",38.15,38.36,36.8801,38.18,499720,3.95046,0.5582,,2430633.7264
"21-Dec-20",37.5,38.27,36.3034,38.25,260074,3.954413,0.5563,,2426558.112
"22-Dec-20",38.42,39.78,38.42,39.54,329102,3.964664,0.5554,,2435649.8672
"23-Dec-20",39.87,41.02,39.2231,40.1,386022,3.923358,0.5561,,2420601.4448
"24-Dec-20",40.37,41.05,39.766,39.9,102470,3.947676,0.5587,,3252228.812
"25-Dec-20",,,,,,3.917472,0.5588,,3249948.5464
"28-Dec-20",40.28,40.28,37.23,37.91,364198,3.911181,0.5571,,3255364.1772
"29-Dec-20",37.25,38.215,36.5,37.38,265962,3.993743,0.5558,,3289568.1612
"30-Dec-20",37.69,38.1499,36.72,37.05,257568,4.221615,0.5583,,3476549.9404
"31-Dec-20",37.16,37.55,36.11,37.35,309271,4.324535,0.5626,3065500,3550658.5724
"01-Jan-21",,,,,,4.327711,0.5636,,3532986.514
"04-Jan-21",37.59,37.88,36.87,36.98,225173,4.462209,0.5646,,3651560.3252
"05-Jan-21",36.77,38.13,36.43,37.42,207494,4.593581,0.5514,,3732224.7208
"06-Jan-21",37.04,38.13,35.71,37.72,459643,4.375054,0.557,,3595693.818
"07-Jan-21",37.96,39.75,37.83,39.22,226432,4.512,0.5572,,3703151.3344
"08-Jan-21",39.49,39.49,37.51,37.99,238101,4.552141,0.5629,,3741060.75
"11-Jan-21",37.95,39,37.4,38.41,169684,4.53341,0.5601,,3745906.3144
"12-Jan-21",38.19,39.01,38.05,38.87,152413,4.384148,0.5635,,3097994.3
"13-Jan-21",39.19,39.4199,38.23,38.36,119927,4.502667,0.5608,,3157158.45
"14-Jan-21",38.44,39.59,37.76,39.51,193653,4.496352,0.5635,,3124357.6
"15-Jan-21",39.65,39.9,37.3819,38.17,378207,4.451724,0.5626,3074887,3127116.55
"18-Jan-21",,,,,,4.504773,0.5626,,3127116.55
"19-Jan-21",38.65,40.2999,38.23,39.91,516002,4.376589,0.5621,,3056610.05
"20-Jan-21",40.02,40.83,39.8,40.47,218364,4.064978,0.559,,2831295.8
"21-Jan-21",40.78,40.78,39.6557,40.35,281549,3.824542,0.5551,,2675874.95
"22-Jan-21",40.14,41.39,39.46,40.63,267765,3.90552,0.5505,,2733199.8
"25-Jan-21",41.07,42.11,40.11,40.25,334807,3.909934,0.5575,,2742089.75
"26-Jan-21",40.21,42.57,40.145,42.34,436652,3.915577,0.5585,,2752819
"27-Jan-21",41.58,47.29,40.9987,46.52,738671,3.853394,0.5579,,2711435.3566
"28-Jan-21",46,47.54,44.1781,45.73,391554,3.724842,0.554,,2630565.8285
"29-Jan-21",46.25,46.49,44.61,45.06,534428,3.444108,0.5477,2551277,2443305.2102
"01-Feb-21",44.77,47.1955,44.1127,46.86,253066,3.081837,0.5455,,2161338.0723
"02-Feb-21",47.82,48.01,46.36,47.6,272471,1.866789,0.5737,,1303137.1106
"03-Feb-21",47.87,48.7,47.1,48.04,153544,1.741974,0.5931,,1202588.3057
"04-Feb-21",49,49.48,47.22,49.31,241069,1.872504,0.5741,,1238871.9723
"05-Feb-21",49.66,49.69,46.45,48.32,244387,1.69581,0.5963,,1104806.8991
"08-Feb-21",49.01,49.69,48.06,48.63,335395,1.645581,0.5832,,1071905.6082
"09-Feb-21",48.54,51.76,48.54,50,422636,1.641329,0.5839,,1119500.3476
"10-Feb-21",50.38,51,47.5979,49.29,228693,1.629004,0.5839,,1097814.4931
"11-Feb-21",49.9,51.2,49.17,49.87,200522,1.650772,0.5843,,1099855.5147
"12-Feb-21",49.17,50.94,48.78,50.94,133243,1.674418,0.5818,2099780,1109295.2396
"15-Feb-21",,,,,,1.66158,0.582,,1108529.8565
"16-Feb-21",52.8,54.96,50.4,50.61,304677,1.136467,0.5472,,756453.6305
"17-Feb-21",50.89,50.95,47.6067,48.81,338839,1.05848,0.5687,,708744.7506
"18-Feb-21",48.1,48.49,45.83,47.19,250728,1.050423,0.558,,703897.3243
"19-Feb-21",47.5,48.98,47.415,48.15,225915,1.067452,0.5531,,716398.5816
"22-Feb-21",48.69,48.69,44.44,44.53,434326,1.065809,0.5503,,728899.8389
"23-Feb-21",48.01,52.98,46.35,49.75,1159321,1.066181,0.5429,,755433.1197
"24-Feb-21",49.75,52.05,47.38,51.82,326580,1.062579,0.5429,,1430160.158
"25-Feb-21",50.11,51.3,47.41,49.82,692922,0.742686,0.5673,,1019863.146
"26-Feb-21",50,50.6409,48.06,48.98,367928,0.7598,0.6149,2045971,1050519.934
"01-Mar-21",50.5,50.5,48.95,49.57,406728,0.855123,0.6028,,1174196.976
"02-Mar-21",49.21,49.49,47,47.42,190498,0.922145,0.5872,,1243489.716
"03-Mar-21",47.7,47.7,44.02,44.09,200143,0.90603,0.5945,,1215352.664
"04-Mar-21",43.44,43.49,39.21,40.81,410923,1.065605,0.592,,1432259.938
"05-Mar-21",41.66,42,38.5,40.94,388262,1.041678,0.5933,,1385014.888
"08-Mar-21",40.59,41.6655,38.69,38.78,194319,1.119862,0.5938,,1457457.298
"09-Mar-21",41.06,42.26,40.4,41.25,393876,0.978366,0.6021,,2428158.3828
"10-Mar-21",41.95,41.95,39.56,40.13,177410,1.040387,0.5907,,2520227.0778
"11-Mar-21",40.96,42.065,40.76,41.87,230080,1.021754,0.5963,,2410563.0322
"12-Mar-21",40.99,41.57,40,41.1,185344,1.046473,0.5874,,2422634.2611
"15-Mar-21",42.17,42.17,40.16,40.53,155375,1.052436,0.592,1607494,2382533.2295
"16-Mar-21",40.63,41.16,38.62,39.01,151719,1.144711,0.5923,,2544983.3269
"17-Mar-21",38.5,39.84,37.7,39.82,204830,1.144468,0.5928,,2521045.4662
"18-Mar-21",39,39.51,38.09,38.17,190624,1.150505,0.5938,,2509792.6257
"19-Mar-21",38.17,38.65,37.2,37.89,306298,1.237439,0.5886,,2671833.5289
"22-Mar-21",38.07,38.43,37.14,37.62,151612,1.309149,0.5903,,2810345.7656
"23-Mar-21",37.66,38.31,37.155,37.83,313187,1.316167,0.5993,,2823030.7858
"24-Mar-21",38,38.01,34.82,35.05,243391,1.235052,0.5932,,1773548.1302
"25-Mar-21",34.51,35.01,33.5,34.51,253630,1.22994,0.6057,,1780621.1038
"26-Mar-21",34.68,34.72,33.1,34.35,159192,1.203194,0.605,,1728538.2982
"29-Mar-21",34.35,34.73,33.16,34.09,155591,1.291152,0.6098,,1834311.4034
"30-Mar-21",33.77,34.96,33.15,34.7,181250,1.257495,0.6033,,1778370.6122
"31-Mar-21",35.12,36.45,34.77,36.29,208233,1.332483,0.5896,1584734,1879321.2354
"01-Apr-21",36.85,38.53,36.85,38.52,269250
"02-Apr-21",,,,,,1.306061,0.5981,,1838008.6396
"05-Apr-21",38.59,38.69,36.64,36.95,238879,1.397354,0.5806,,1968054.9042
"06-Apr-21",37.26,37.745,36.57,36.76,98583,1.500178,0.5808,,2100351.6604
"07-Apr-21",36.73,37.48,35.93,36.44,136291,1.438566,0.5812,,1978503.6152
"08-Apr-21",36.85,37.48,36.69,36.85,96347,1.385537,0.5813,,1891698.9392
"09-Apr-21",36.63,36.69,35.85,36.33,81213,1.391869,0.5848,,1588378.8882
"12-Apr-21",36.31,36.31,35.06,35.52,115980,1.403135,0.585,,1596461.0316
"13-Apr-21",35.52,36.41,35.31,36.25,90192,1.483589,0.5863,,1682036.6676
"14-Apr-21",36.43,36.86,35.04,35.25,144252,1.470785,0.586,,1669834.2158
"15-Apr-21",36.07,36.89,35.39,36.76,106135,1.45775,0.5862,1465244,1646697.0994
"16-Apr-21",37,37.2783,35.69,35.77,82121,1.482073,0.5814,,1645904.7324
"19-Apr-21",35.32,35.35,34.11,34.57,126269,1.496867,0.5813,,1647964.8866
"20-Apr-21",34.37,34.57,32.64,33,90624,1.764041,0.5434,,1894549.497
"21-Apr-21",32.79,33.7,32.3501,33.43,86580,1.630026,0.5797,,1736868.464
"22-Apr-21",33.5,33.6099,32.49,32.71,135748,1.618562,0.581,,1709769.5126
"23-Apr-21",32.77,33.74,32.58,33.6,258754,1.732362,0.5413,,1828941.5094
"26-Apr-21",33.8,35.205,33.725,35.11,193226,1.776657,0.5503,,1654700.0492
"27-Apr-21",35.34,36.08,34.95,35.26,118862,1.898044,0.5329,,1733676.7008
"28-Apr-21",35.35,36.08,34.9,36.01,149009,1.863918,0.5546,,1640487.1824
"29-Apr-21",36.38,36.38,35.34,35.58,220519,1.882552,0.5533,,1638728.8896
"30-Apr-21",34.8935,35.6399,33.74,33.87,162673,1.946258,0.5538,1481390,1653234.8052
"03-May-21",33.76,34.7,33.17,34.42,248162,1.976977,0.5483,,1675066.9408
"04-May-21",33,33.39,30.41,33.36,664554,1.928282,0.5424,,1690305.4784
"05-May-21",33.52,34.4,33.09,33.2,445776,1.993844,0.5468,,1771186.9472
"06-May-21",32.8,32.855,30.57,31.3,439949,2.11216,0.5522,,1899981.8948
"07-May-21",31.24,32.5184,31.07,31.9,439755,2.131173,0.5605,,1939690.0072
"10-May-21",31.44,31.57,29.99,31.01,718190,2.129677,0.5583,,1964599.1552
"11-May-21",29.345,33,29.345,32.5,1285832,1.989809,0.5563,,1752928.787
"12-May-21",31.61,32.92,30.66,30.77,796296,3.266662,0.5759,,2977890.178
"13-May-21",31.11,31.35,28.8,29.4,196878,2.285461,0.574,,2090833.846
"14-May-21",29.77,30.6,28.925,29.65,160664,2.246265,0.5829,1689114,2040614.725
"17-May-21",29.32,29.59,28.63,29.38,107187,2.268052,0.5833,,2037800.084
"18-May-21",29.67,30.95,29.12,30.48,209341,2.229261,0.5883,,1988321.658
"19-May-21",29.67,30.49,29.0014,29.87,194578,2.283719,0.5863,,2030393.134
"20-May-21",30.04,30.43,29.29,29.74,132443,2.337398,0.5811,,2067131.606
"21-May-21",29.88,29.95,28.56,28.59,194284,2.352009,0.5819,,2070242.525
"24-May-21",29.07,30.38,28.8,29.47,165210,2.482817,0.5806,,2040614.725
"25-May-21",29.54,30.23,29.4412,29.8,116236,2.585746,0.5814,,1736240.2806
"26-May-21",29.86,31.64,29.81,31.56,196556,2.643633,0.5785,,1720193.6976
"27-May-21",31.7,32.04,31.21,31.31,190340,2.755028,0.5727,,1772218.4088
"28-May-21",31.48,32.17,31.29,31.53,119933,2.795683,0.5643,1726100,1784042.2068
"31-May-21",,,,,,2.795683,0.5643,,1784042.2068
"01-Jun-21",31.39,31.96,30.4,31.07,232943,2.687755,0.5607,,1714281.7986
"02-Jun-21",31.11,32.04,30.5116,31.92,159848,2.725014,0.5598,,1710734.6592
"03-Jun-21",31.68,32.24,31.13,31.91,249813,2.664061,0.558,,1678810.4046
"04-Jun-21",32.46,32.69,31.93,32.06,230312,2.422855,0.5549,,1529830.5498
"07-Jun-21",32.16,34.5,32.12,33.76,259673,2.168294,0.5547,,1342169.9844
"08-Jun-21",33.92,34.65,33.2106,34.43,247261,2.548583,0.5247,,1578983.7672
"09-Jun-21",34.75,35.795,33.65,33.83,186531,2.604438,0.5207,,1560394.4
"10-Jun-21",34.12,34.64,33.55,34.18,109458,2.386379,0.503,,1402974.08
"11-Jun-21",34.22,34.76,33.76,33.9,128292,2.298035,0.4987,,1346703.22
"14-Jun-21",33.86,34.21,33.63,33.97,134848,2.334473,0.4957,,1363273.78
"15-Jun-21",34.1,34.29,33,33.28,95758,2.352394,0.4971,1449709,1361375.07
"16-Jun-21",33.14,33.63,32.25,32.72,124052,2.519362,0.5034,,1454929.69
"17-Jun-21",32.6,34.05,32.48,33.72,149520,2.22324,0.4908,,1283700.57
"18-Jun-21",33.4,34.15,33.36,33.97,199985,2.282797,0.4891,,1317704.74
"21-Jun-21",33.91,34.53,33.0501,34.06,118922,2.564092,0.5074,,1464595.85
"22-Jun-21",34.02,34.73,33.87,34.67,125405,2.449233,0.5277,,1389510.5
"23-Jun-21",34.6,34.75,33.59,34.23,157900,2.169398,0.5088,,1231227.13
"24-Jun-21",34.4,34.86,34.08,34.55,169607,2.081212,0.5099,,1245300.031
"25-Jun-21",34.49,34.81,33.67,33.87,640384,1.893703,0.5094,,1164551.2397
"28-Jun-21",34.05,34.3252,33.56,33.75,125018,1.750523,0.4989,,1071914.8346
"29-Jun-21",33.78,33.8664,33,33.38,145665,2.082157,0.5378,,1268060.4623
"30-Jun-21",33.15,33.24,32.3,32.68,93613,1.874506,0.5359,1358327,1136716.8269
"01-Jul-21",32.52,33.152,32.42,32.83,68004,2.181416,0.5303,,1313726.2958
"02-Jul-21",32.86,33.29,31.9,32,88626,2.455134,0.5365,,1459711.9921
"06-Jul-21",32.17,32.22,31.48,32.11,112182,2.420759,0.5393,,1426223.7142
"07-Jul-21",32.34,32.6766,30.1,30.19,106272,2.423109,0.5387,,1428398.2777
"08-Jul-21",29.78,29.99,29.01,29.22,132399,2.364528,0.5454,,1393460.2908
"09-Jul-21",29.24,30.29,28.92,30.09,104821,2.091532,0.5699,,1233412.4172
"12-Jul-21",30.1,30.62,29.67,30.49,66468,2.519982,0.5685,,1773839.2293
"13-Jul-21",30.51,30.51,29.46,29.53,88532,2.537468,0.568,,1782668.3548
"14-Jul-21",29.8,30.35,29.295,29.32,88698,2.595551,0.5634,,1823282.3321
"15-Jul-21",29.585,29.66,28.95,29.63,81069,2.597232,0.5648,1373217,1816083.199
"16-Jul-21",29.9,30.25,29.07,29.24,70170,2.671811,0.565,,1863352.9786
"19-Jul-21",28.87,29.44,27.94,28.79,140186,2.437212,0.5619,,1706873.7082
"20-Jul-21",29.01,29.95,28.48,29.7,118691,2.808706,0.5572,,1966042.4998
"21-Jul-21",30.1,30.5,29.69,30.23,109508,2.779592,0.5576,,1948248.4161
"22-Jul-21",30.31,30.31,29.32,29.52,74716,2.56187,0.5525,,1794078.3016
"23-Jul-21",29.59,30.04,29.1,29.85,80650,2.569815,0.5527,,1792448.3092
"26-Jul-21",29.8,30.945,29.8,30.31,114132,2.575017,0.5536,,1343830.1562
"27-Jul-21",30.26,30.52,29.13,29.77,76142,2.770694,0.5548,,1433501.2263
"28-Jul-21",30.03,30.92,29.8,30.52,108000,2.76628,0.5559,,1430068.1838
"29-Jul-21",30.25,31.195,30.25,30.7,93507,2.62536,0.5583,,1351657.4931
"30-Jul-21",30.4,30.74,30.11,30.18,82129,2.642268,0.5592,1301861,1346301.9468
"02-Aug-21",30.23,30.605,29.56,29.96,365642,2.593164,0.5576,,1341495.6873
"03-Aug-21",28.5,29.5,24.795,25.13,1011950,2.588583,0.5603,,1417571.9091
"04-Aug-21",26,26.25,25.155,25.31,462228,2.54815,0.5614,,1416061.3704
"05-Aug-21",26.0595,26.0595,23.97,24.3,726064,2.3886,0.5625,,1332844.4202
"06-Aug-21",24.18,24.5,23.635,24,375119,2.340404,0.5601,,1299749.8905
"09-Aug-21",23.96,24.42,23.69,24.11,329084,2.495249,0.5624,,1354678.5705
"10-Aug-21",24.24,24.26,22.4344,22.55,392249,2.309725,0.5603,,1227003.9925
"11-Aug-21",22.79,22.79,21.7102,21.99,349786,2.293513,0.5567,,1187557.6042
"12-Aug-21",22,22.1,21.26,21.32,343388,2.264194,0.5523,,1094344.3566
"13-Aug-21",21.49,21.83,21.26,21.53,491313,2.161537,0.5493,1000608,1020659.024
"16-Aug-21",21.43,21.445,19.91,19.99,431591,2.060546,0.5399,,993840.6874
"17-Aug-21",19.85,19.9469,18.89,19.02,661861,1.832385,0.5421,,914427.1664
"18-Aug-21",19.29,19.3465,18.78,19,640695,1.685779,0.5323,,874199.6615
"19-Aug-21",18.79,19.195,18.54,18.83,343507,1.555226,0.5257,,814053.6833
"20-Aug-21",18.73,18.97,18.35,18.6,388628,1.483557,0.532,,787105.1606
"23-Aug-21",18.85,19.54,18.85,19.26,820572,1.444903,0.5333,,805070.8424
"24-Aug-21",19.49,19.75,19.23,19.28,450481,1.252952,0.5533,,694121.7696
"25-Aug-21",19.24,19.4486,18.74,18.79,446873,0.913254,0.5439,,515112.9984
"26-Aug-21",18.75,19.71,18.67,18.98,316762,0.842607,0.5555,,481392.5088
"27-Aug-21",18.97,19.12,18.44,18.94,304542,0.837746,0.5309,,481792.752
"30-Aug-21",19.08,19.3573,18.86,18.93,238184,0.798479,0.5191,,464282.112
"31-Aug-21",18.94,19.77,18.83,19.69,539266,0.784482,0.5191,913551,464282.112
"01-Sep-21",19.92,20.02,19.4,19.55,318300,0.768166,0.5204,,456377.3088
"02-Sep-21",19.59,19.63,19.32,19.55,290853,0.710804,0.5165,,423757.488
"03-Sep-21",20.23,20.33,19.61,20.11,871456,0.614693,0.5379,,381932.0736
"06-Sep-21",,,,,,0.577564,0.5258,,359918.6976
"07-Sep-21",20.27,21.58,20.2,21.44,598459,0.562398,0.5239,,357217.056
"08-Sep-21",21.43,21.805,21.05,21.08,743286,0.461066,0.4981,,300782.7648
"09-Sep-21",21.18,21.43,21.02,21.27,394194,0.309713,0.4869,,203723.7888
"10-Sep-21",21.35,22.2996,21.31,21.7,531545,0.30791,0.5355,,405890.7093
"13-Sep-21",21.71,21.9067,20.86,21.44,471253,0.260006,0.4845,,352447.9758
"14-Sep-21",21.68,21.905,21.22,21.54,325998,0.26871,0.4864,,364872.2694
"15-Sep-21",21.45,21.52,20.41,20.57,318683,0.25915,0.4826,846865,355188.6288
"16-Sep-21",20.49,20.56,19.82,20.5,239349,0.289435,0.4338,,399678.5625
"17-Sep-21",20.67,21.86,20.67,20.99,903339,0.268946,0.4278,,386158.0077
"20-Sep-21",20.3,20.96,20.265,20.66,258822,0.283353,0.3958,,411372.0153
"21-Sep-21",20.62,21.08,20.32,20.53,167415,0.327596,0.4019,,472123.1568
"22-Sep-21",20.5,20.7504,20.22,20.38,140054,0.316134,0.3963,,456044.6592
"23-Sep-21",20.36,20.39,19.57,19.94,289778,0.315679,0.3944,,459059.3775
"24-Sep-21",19.83,20.38,19.63,20.115,160332,0.31602,0.3911,,1095758.6235
"27-Sep-21",19.93,20.12,19.56,19.77,222392,0.341672,0.3548,,1168927.7595
"28-Sep-21",19.75,19.755,19.085,19.12,260700,0.347356,0.3576,,1185356.9405
"29-Sep-21",19.22,19.4553,18.67,18.76,255742,0.335593,0.353,,1152583.265
"30-Sep-21",18.85,18.92,18.26,18.63,196395,0.336666,0.3537,896050,1159104.1255
"01-Oct-21",18.73,19.15,18.34,19.15,300175,0.396442,0.346,,1378696.22
"04-Oct-21",19,19.07,17.66,17.69,238596,0.387031,0.3558,,1372429.419
"05-Oct-21",17.72,18.03,17.44,18.02,192420,0.51231,0.1688,,1805262.1205
"06-Oct-21",17.75,18,17.61,17.69,104409,0.484291,0.087,,1689072.2425
"07-Oct-21",17.8,18.55,17.8,18.14,125381,0.344405,0.364,,1201955.4945
"08-Oct-21",18.15,18.24,17.7,17.77,112945,0.346593,0.3592,,1209916.0255
"11-Oct-21",17.88,17.99,16.95,17.05,243481,0.34124,0.3592,,935296.99
"12-Oct-21",17.09,17.3,17,17.17,167981,0.342813,0.3611,,932788.05
"13-Oct-21",17.36,17.92,17.28,17.47,139856,0.386712,0.3824,,1055815.715
"14-Oct-21",17.52,17.97,17.45,17.52,219725,0.42869,0.405,,1177678.515
"15-Oct-21",17.66,17.79,17.28,17.3,129886,0.380315,0.3717,1016991,1046765.61
"18-Oct-21",17.2,17.64,17.15,17.34,185269,0.364304,0.3724,,1019704.9
"19-Oct-21",16.45,16.55,14.079,15.01,1363598,0.427332,0.4125,,1252588.295
"20-Oct-21",15,15.7301,14.7501,15.42,457016,0.391169,0.4178,,1162445.665
"21-Oct-21",15.41,15.6,15.02,15.52,352113,0.361676,0.3597,,1085654.18
"22-Oct-21",15.31,15.31,14.61,14.73,293547,0.380913,0.3723,,1152320.3
"25-Oct-21",14.7,14.86,14.28,14.69,273064,0.315837,0.3425,,974992.005
"26-Oct-21",14.78,14.88,14.18,14.34,382755,0.333859,0.3619,,1002041.2323
"27-Oct-21",14.27,14.55,13.93,13.93,386042,0.384812,0.386,,1167912.4644
"28-Oct-21",13.93,14.225,13.8,13.99,362344,0.37688,0.3865,,1157234.0589
"29-Oct-21",14.22,14.245,13.71,13.79,470133,0.277693,0.3525,,865154.2437
"01-Nov-21",13.8,14.45,13.7238,14.34,393563,0.25898,0.3366,,826406.8866
"02-Nov-21",12.61,12.93,12.04,12.6,1379930,0.223672,0.3515,,741284.7399
"03-Nov-21",12.62,13.22,12.09,13.04,630103
"19-Nov-21",,,,,,,,,,,0