"Date","open FOR Price in USD","high FOR Price in USD","low FOR Price in USD","close FOR Price in USD","FOR Volume","Days to cover 3m (on loan)","Cost To Borrow","Exchange Reported SI","Estimated Short Interest","Dividends","hidden"
"02-Jan-15",15.43,15.56,15.18,15.52,100380
"05-Jan-15",15.36,15.43,15.19,15.31,241132
"06-Jan-15",15.3,15.38,14.62,14.72,298501
"07-Jan-15",14.87,14.96,14.49,14.79,213964
"08-Jan-15",14.94,15.23,14.8,15.18,356611
"09-Jan-15",15.17,15.24,15.01,15.09,258928
"12-Jan-15",15.03,15.03,14.49,14.61,294696
"13-Jan-15",14.68,14.87,14.4,14.48,332709
"14-Jan-15",14.41,14.55,14.21,14.51,215233
"15-Jan-15",14.59,14.59,14.04,14.08,283842
"16-Jan-15",14.03,14.33,14.03,14.24,203509
"20-Jan-15",14.24,14.39,13.84,14.22,296006
"21-Jan-15",13.83,14,13.4,13.51,509715
"22-Jan-15",13.63,13.8,13.137,13.79,420215
"23-Jan-15",13.81,13.95,13.46,13.77,271446
"26-Jan-15",13.83,13.92,13.58,13.79,198904
"27-Jan-15",13.57,14.19,13.57,14.15,236874
"28-Jan-15",14.22,14.5064,13.81,13.95,249886
"29-Jan-15",13.98,14.052,13.51,13.88,486864
"30-Jan-15",13.7,13.7,12.91,13.27,566343
"02-Feb-15",13.36,13.73,13.22,13.71,354138
"03-Feb-15",13.8,14.15,13.78,14.1,418782
"04-Feb-15",13.98,14.09,13.69,13.73,228683
"05-Feb-15",13.79,14.03,13.66,14.03,278378
"06-Feb-15",14.04,14.352,14.025,14.16,426092
"09-Feb-15",14.15,14.5,14.15,14.35,289307
"10-Feb-15",14.44,14.614,13.78,14.08,214063
"11-Feb-15",14.01,14.328,13.87,14.1,182867
"12-Feb-15",14.22,14.51,14.13,14.4,400326
"13-Feb-15",14.48,14.92,14.48,14.86,457954
"17-Feb-15",14.83,15.012,14.72,14.78,213084
"18-Feb-15",14.73,14.76,14.43,14.5,297453
"19-Feb-15",14.41,14.5,14.26,14.35,201415
"20-Feb-15",14.35,14.48,14.18,14.41,131016
"23-Feb-15",14.35,14.37,14.14,14.29,104859
"24-Feb-15",14.27,14.51,14.22,14.5,122481
"25-Feb-15",14.53,14.75,14.47,14.67,127191
"26-Feb-15",14.62,14.69,14.51,14.55,288068
"27-Feb-15",14.56,14.6,14.38,14.38,236084
"02-Mar-15",14.41,14.64,14.28,14.53,389624
"03-Mar-15",14.45,14.6,14.4,14.5,194587
"04-Mar-15",14.47,14.59,14.4,14.42,277558
"05-Mar-15",14.95,15.68,14.7201,15.58,1025056
"06-Mar-15",15.37,15.7,15.2401,15.62,320067
"09-Mar-15",15.6,15.77,15.525,15.6,314298
"10-Mar-15",15.41,15.46,15.12,15.16,266781
"11-Mar-15",15.15,15.35,14.92,15.25,294139
"12-Mar-15",15.28,15.63,15.24,15.54,268749
"13-Mar-15",15.52,15.69,15.25,15.64,283138
"16-Mar-15",16,16.15,15.75,15.91,284077
"17-Mar-15",15.76,15.86,15.23,15.53,273178
"18-Mar-15",15.48,15.77,15.35,15.77,227048
"19-Mar-15",15.69,15.96,15.52,15.55,233447
"20-Mar-15",15.66,15.82,15.445,15.76,560621
"23-Mar-15",15.75,16.03,15.72,15.73,253539
"24-Mar-15",15.64,16,15.64,15.89,256603
"25-Mar-15",15.95,15.98,15.54,15.56,218109
"26-Mar-15",15.6,15.73,15.43,15.47,126986
"27-Mar-15",15.45,15.59,15.3,15.53,99993
"30-Mar-15",15.61,15.97,15.59,15.89,185127
"31-Mar-15",15.8,15.97,15.68,15.77,144569
"01-Apr-15",15.74,15.87,15.57,15.78,144408
"02-Apr-15",15.76,16.26,15.73,16.16,304173
"06-Apr-15",15.9,16.25,15.9,16.18,133309
"07-Apr-15",16.17,16.29,15.98,15.99,139022
"08-Apr-15",16.01,16.01,15.82,15.92,209503
"09-Apr-15",15.91,16,15.68,15.81,97225
"10-Apr-15",15.89,16.075,15.81,15.95,67969
"13-Apr-15",16,16.02,15.8,15.84,75164
"14-Apr-15",15.84,16.05,15.76,15.94,273225
"15-Apr-15",16.03,16.35,15.84,16.29,438924
"16-Apr-15",16.21,16.29,15.96,16,291445
"17-Apr-15",15.89,16.13,15.78,16,270158
"20-Apr-15",16.06,16.15,15.985,16.03,269541
"21-Apr-15",16.08,16.28,15.71,15.85,177797
"22-Apr-15",15.83,15.99,15.65,15.88,129009
"23-Apr-15",15.83,15.92,15.36,15.39,170606
"24-Apr-15",15.4,15.52,15.26,15.3,126861
"27-Apr-15",15.33,15.545,15.04,15.06,219089
"28-Apr-15",15.09,15.38,15.01,15.14,141976
"29-Apr-15",15.07,15.17,14.94,14.94,188411
"30-Apr-15",14.87,14.89,14.64,14.76,202447
"01-May-15",14.77,15.03,14.76,14.95,171357
"04-May-15",14.89,15.19,14.8,14.83,91522
"05-May-15",14.78,15.05,14.6,14.84,286768
"06-May-15",14.5,14.81,13.6,14.08,615722
"07-May-15",14.03,14.09,13.9,13.98,487454
"08-May-15",14.1,14.21,13.98,14.1,324663
"11-May-15",14.1,14.16,13.83,13.84,276708
"12-May-15",13.8,13.82,13.55,13.66,207452
"13-May-15",13.74,14.1,13.67,14.05,270198
"14-May-15",14.13,14.57,14.075,14.53,417503
"15-May-15",14.52,14.53,14.23,14.45,324646
"18-May-15",14.4,14.62,14.14,14.16,238706
"19-May-15",14.14,14.16,13.74,13.78,283868
"20-May-15",13.82,14,13.69,13.83,139983
"21-May-15",13.87,13.99,13.636,13.83,116806
"22-May-15",13.79,13.885,13.68,13.72,147311
"26-May-15",13.61,13.61,13.47,13.54,202849
"27-May-15",13.55,13.56,13.43,13.48,237791
"28-May-15",13.47,13.5,13.3,13.38,153190
"29-May-15",13.36,13.52,13.14,13.35,181618
"01-Jun-15",13.42,13.58,13.35,13.41,109425
"02-Jun-15",13.32,13.6,13.31,13.44,138490
"03-Jun-15",13.45,13.62,13.38,13.59,238248
"04-Jun-15",13.48,13.7,13.22,13.24,355627
"05-Jun-15",13.19,13.43,13.03,13.42,124365
"08-Jun-15",13.37,13.445,13.29,13.34,79095
"09-Jun-15",13.36,13.49,13.275,13.35,97156
"10-Jun-15",13.46,13.75,13.4501,13.65,213120
"11-Jun-15",13.63,13.88,13.39,13.54,221983
"12-Jun-15",13.49,13.54,13.36,13.53,174898
"15-Jun-15",13.46,13.61,13.16,13.5,195349
"16-Jun-15",13.46,13.54,13.26,13.45,136437
"17-Jun-15",13.51,13.58,13.41,13.54,182615
"18-Jun-15",13.6,13.77,13.34,13.65,128789
"19-Jun-15",13.4,13.72,13.4,13.6,289982
"22-Jun-15",13.79,14.12,13.58,14.05,304100
"23-Jun-15",14.08,14.22,13.98,14.1,497603
"24-Jun-15",14.1,14.17,13.79,13.82,218142
"25-Jun-15",13.88,13.88,13.76,13.82,225932
"26-Jun-15",13.85,14.01,13.68,13.95,554158
"29-Jun-15",13.79,13.93,13.34,13.36,200109
"30-Jun-15",13.49,13.59,13.13,13.16,245980
"01-Jul-15",13.32,13.32,13.06,13.18,215331
"02-Jul-15",13.23,13.45,13.13,13.27,282340
"06-Jul-15",13.12,13.3,12.9539,13.15,303755
"07-Jul-15",13.18,13.18,12.84,13.13,297053
"08-Jul-15",13.01,13.1,12.69,12.74,274593
"09-Jul-15",12.91,12.91,12.64,12.67,316561
"10-Jul-15",12.8,12.885,12.69,12.79,275963
"13-Jul-15",12.85,13.19,12.79,13.06,231411
"14-Jul-15",13.04,13.2,12.87,13.1,144774
"15-Jul-15",13.14,13.14,12.9,12.96,164734
"16-Jul-15",13.07,13.3,13.0397,13.28,271549
"17-Jul-15",13.27,13.36,13.0901,13.33,152142
"20-Jul-15",13.39,13.39,13.09,13.21,206211
"21-Jul-15",13.2,13.46,13.05,13.11,122514
"22-Jul-15",13.03,13.32,13.02,13.32,434753
"23-Jul-15",13.35,13.37,12.88,13.02,115392
"24-Jul-15",13,13.15,12.88,13,241636
"27-Jul-15",12.87,13.05,12.85,13,109647
"28-Jul-15",13.1,13.1,12.81,12.91,164284
"29-Jul-15",12.94,12.94,12.3932,12.6,361802
"30-Jul-15",12.49,12.62,12.39,12.5,291184
"31-Jul-15",12.52,12.81,12.4,12.8,281729
"03-Aug-15",12.8,12.8,12.39,12.54,206663
"04-Aug-15",12.55,12.785,12.48,12.54,219423
"05-Aug-15",13.09,13.49,12.86,13.07,375682
"06-Aug-15",13.06,13.06,12.75,12.92,370628
"07-Aug-15",12.75,12.89,12.65,12.72,264421
"10-Aug-15",12.8,13.13,12.79,13.11,158665
"11-Aug-15",12.94,13.33,12.94,13.24,127814
"12-Aug-15",13.09,13.53,13.04,13.5,176335
"13-Aug-15",13.48,13.69,13.19,13.21,157146
"14-Aug-15",13.22,13.37,13.12,13.26,145943
"17-Aug-15",13.14,13.28,12.96,13.1,134501
"18-Aug-15",13.06,13.15,12.94,13.12,148419
"19-Aug-15",13.03,13.08,12.75,12.88,209895
"20-Aug-15",12.77,12.97,12.58,12.65,175655
"21-Aug-15",12.24,12.73,12.09,12.47,241230
"24-Aug-15",11.83,12.18,11.45,12.01,434653
"25-Aug-15",12.25,12.32,11.9,11.98,405820
"26-Aug-15",12.23,12.23,11.95,12.12,138554
"27-Aug-15",12.23,12.88,12.16,12.58,172269
"28-Aug-15",12.55,13,12.55,12.81,241035
"31-Aug-15",12.72,12.97,12.72,12.93,233324
"01-Sep-15",12.59,12.87,12.38,12.45,203767
"02-Sep-15",12.55,12.59,12.2,12.45,266942
"03-Sep-15",12.51,12.85,12.46,12.48,120134
"04-Sep-15",12.3,12.46,12.16,12.22,77330
"08-Sep-15",12.35,12.608,12.02,12.46,243064
"09-Sep-15",12.56,12.686,12.48,12.5,212896
"10-Sep-15",12.46,12.6,12.3497,12.37,82376
"11-Sep-15",12.28,12.478,12.21,12.43,81072
"14-Sep-15",12.46,12.702,12.23,12.3,80192
"15-Sep-15",12.31,12.64,12.29,12.59,137337
"16-Sep-15",12.94,13.07,12.715,12.89,251226
"17-Sep-15",12.81,13.21,12.81,13.02,137760
"18-Sep-15",12.81,13.08,12.54,12.63,331467
"21-Sep-15",12.75,13.26,12.625,13.24,1000462
"22-Sep-15",13.16,13.35,13.07,13.24,396159
"23-Sep-15",13.28,13.3,13.01,13.16,132339
"24-Sep-15",13.04,13.23,13,13.16,109133
"25-Sep-15",13.25,13.49,13.215,13.43,652418
"28-Sep-15",13.42,13.84,13.36,13.67,317899
"29-Sep-15",13.68,13.79,13.21,13.24,300025
"30-Sep-15",13.28,13.34,13.1,13.15,218474
"01-Oct-15",13.21,13.28,12.99,13.07,274301
"02-Oct-15",12.95,13.3,12.57,13.28,373377
"05-Oct-15",13.35,13.89,13.35,13.78,268687
"06-Oct-15",13.78,14.08,13.73,13.74,291195
"07-Oct-15",13.83,14.17,13.76,14.07,517894
"08-Oct-15",14.06,14.51,14,14.48,221781
"09-Oct-15",14.51,14.58,14.21,14.26,148714
"12-Oct-15",14.26,14.328,14.06,14.2,149706
"13-Oct-15",14.09,14.45,14.045,14.08,74153
"14-Oct-15",14.06,14.35,14.06,14.16,115289
"15-Oct-15",14.15,14.47,14.09,14.39,132377
"16-Oct-15",14.46,14.46,14.12,14.3,136358
"19-Oct-15",14.21,14.348,14.03,14.15,122997
"20-Oct-15",14.15,14.52,14.1,14.41,238417
"21-Oct-15",14.51,14.58,14.11,14.16,92686
"22-Oct-15",14.2,14.57,14.12,14.39,116662
"23-Oct-15",14.39,14.64,14.3,14.48,222076
"26-Oct-15",14.5,14.59,14.24,14.3,133877
"27-Oct-15",14.19,14.31,13.8,13.97,230272
"28-Oct-15",14.05,14.67,14.05,14.59,170304
"29-Oct-15",14.49,14.75,14.34,14.45,103719
"30-Oct-15",14.42,14.42,14.09,14.15,332765
"02-Nov-15",14.09,14.62,14.02,14.52,191679
"03-Nov-15",14.69,14.87,14.5,14.59,241664
"04-Nov-15",13.93,14.38,13.26,13.61,862158
"05-Nov-15",13.65,13.79,13.6,13.74,326320
"06-Nov-15",13.57,14.47,13.54,14.2,595454
"09-Nov-15",14.16,14.16,13.305,13.32,314892
"10-Nov-15",13.64,13.64,13.11,13.37,205399
"11-Nov-15",13.37,13.53,13.3,13.44,168596
"12-Nov-15",13.29,13.4,12.82,12.94,224831
"13-Nov-15",12.9,13.12,12.76,12.8,173515
"16-Nov-15",12.82,13.02,12.72,12.97,102228
"17-Nov-15",12.94,13.22,12.7799,13.11,155796
"18-Nov-15",13.13,13.37,13.02,13.36,160574
"19-Nov-15",13.3,13.48,13.03,13.2,111929
"20-Nov-15",13.21,13.4,13.08,13.33,301250
"23-Nov-15",13.34,13.54,13.28,13.54,185659
"24-Nov-15",13.47,13.8,13.25,13.7,127370
"25-Nov-15",13.68,13.95,13.61,13.82,296809
"27-Nov-15",13.82,13.94,13.46,13.52,99806
"30-Nov-15",13.62,13.66,13.45,13.59,230694
"01-Dec-15",13.6,13.87,13.525,13.59,184811
"02-Dec-15",13.49,13.7,13.32,13.5,176439
"03-Dec-15",13.56,13.72,13.38,13.62,199274
"04-Dec-15",13.55,13.59,13.39,13.53,305820
"07-Dec-15",13.45,13.45,11.84,11.88,1574367
"08-Dec-15",11.78,11.83,11.2101,11.28,674721
"09-Dec-15",11.3,11.67,11.23,11.5,539775
"10-Dec-15",11.47,11.81,11.47,11.63,456520
"11-Dec-15",11.38,11.56,10.98,11.02,365897
"14-Dec-15",10.99,11.01,10.53,10.6,270032
"15-Dec-15",10.69,10.96,10.64,10.78,337882
"16-Dec-15",10.82,11.03,10.75,10.78,471703
"17-Dec-15",10.83,10.88,10.64,10.78,431111
"18-Dec-15",10.75,10.94,10.63,10.72,713081
"21-Dec-15",10.75,10.81,10.52,10.58,314454
"22-Dec-15",10.63,10.9,10.42,10.8,288985
"23-Dec-15",10.86,11.25,10.84,11.23,196231
"24-Dec-15",11.2,11.31,11.15,11.16,88850
"28-Dec-15",11.07,11.29,11.06,11.17,272441
"29-Dec-15",11.27,11.44,11.1521,11.34,242526
"30-Dec-15",11.28,11.4582,11.15,11.24,185456
"31-Dec-15",11.2,11.2,10.89,10.94,213315
"04-Jan-16",10.85,10.95,10.37,10.77,279582
"05-Jan-16",10.76,10.879,10.5,10.74,118676
"06-Jan-16",10.55,10.6,10.4,10.56,215016
"07-Jan-16",10.34,10.37,9.85,9.97,390707
"08-Jan-16",10.01,10.02,9.49,9.64,485282
"11-Jan-16",9.8,9.82,9.17,9.3,307849
"12-Jan-16",9.42,9.43,9.03,9.23,311008
"13-Jan-16",9.32,9.51,8.86,8.91,322453
"14-Jan-16",8.95,9.51,8.82,9.3,336871
"15-Jan-16",9.01,9.06,8.6,8.75,307974
"19-Jan-16",8.86,8.86,8.42,8.49,282567
"20-Jan-16",8.33,8.54,7.95,8.48,423227
"21-Jan-16",8.49,8.97,8.49,8.83,217875
"22-Jan-16",9.07,9.31,8.9,9.18,251532
"25-Jan-16",9.06,9.23,8.65,8.8,275899
"26-Jan-16",8.87,9.17,8.76,9.07,453163
"27-Jan-16",9.01,9.34,8.95,9.03,240803
"28-Jan-16",9.23,9.35,9.05,9.13,199249
"29-Jan-16",9.14,9.39,8.96,9.08,343504
"01-Feb-16",8.98,9.14,8.79,9,365995
"02-Feb-16",8.85,8.94,8.62,8.79,186258
"03-Feb-16",8.91,9.09,8.62,8.85,162413
"04-Feb-16",8.85,9.23,8.75,8.87,180707
"05-Feb-16",8.77,8.925,8.63,8.68,374286
"08-Feb-16",8.6,9.06,8.6,8.84,451493
"09-Feb-16",8.78,8.91,8.39,8.6,317895
"10-Feb-16",8.63,8.955,8.54,8.77,220356
"11-Feb-16",8.6,8.63,8.27,8.4,304457
"12-Feb-16",8.51,8.73,8.4,8.6,146756
"16-Feb-16",8.74,8.92,8.55,8.89,156578
"17-Feb-16",8.98,9.27,8.98,9.09,214238
"18-Feb-16",9.14,9.16,8.89,9.09,108446
"19-Feb-16",9.07,9.15,8.83,8.93,141594
"22-Feb-16",9.09,9.29,9.03,9.17,144993
"23-Feb-16",9.11,9.19,8.97,9,106996
"24-Feb-16",8.93,9.22,8.72,9.22,133120
"25-Feb-16",9.27,9.4,9.15,9.36,126026
"26-Feb-16",9.45,9.75,9.37,9.44,85693
"29-Feb-16",9.44,9.76,9.38,9.75,264716
"01-Mar-16",9.75,10.085,9.57,10.05,320506
"02-Mar-16",11.13,11.6,10.7,11.1,729850
"03-Mar-16",10.93,11.15,10.6675,11.06,389321
"04-Mar-16",11.06,11.47,10.99,11.15,318152
"07-Mar-16",11.12,11.47,10.965,11.26,395056
"08-Mar-16",11.2,11.2,10.77,10.86,216061
"09-Mar-16",10.94,11.24,10.7,11.19,183963
"10-Mar-16",11.26,11.43,10.9,10.93,238830
"11-Mar-16",11.01,11.48,11.01,11.46,266739
"14-Mar-16",11.51,11.69,11.35,11.61,235657
"15-Mar-16",11.51,11.61,11.28,11.53,159794
"16-Mar-16",11.49,11.73,11.43,11.65,212498
"17-Mar-16",11.62,12.19,11.62,12.13,378496
"18-Mar-16",12.19,12.27,12,12.2,337962
"21-Mar-16",12.11,12.78,12.08,12.34,501581
"22-Mar-16",12.24,12.4,12.14,12.34,173243
"23-Mar-16",12.3,12.42,12.225,12.38,281281
"24-Mar-16",12.27,12.31,12.01,12.26,304723
"28-Mar-16",12.27,12.6,12.16,12.56,258626
"29-Mar-16",12.5,12.82,12.195,12.72,226859
"30-Mar-16",12.77,12.9,12.72,12.81,221919
"31-Mar-16",12.85,13.1215,12.62,13.04,251681
"01-Apr-16",12.89,13.17,12.75,13.12,124661
"04-Apr-16",13.11,13.11,12.58,12.67,132489
"05-Apr-16",12.66,12.82,12.5,12.59,166119
"06-Apr-16",12.61,12.82,12.47,12.8,140154
"07-Apr-16",12.69,12.88,12.56,12.67,112724
"08-Apr-16",12.83,13.11,12.76,12.81,145051
"11-Apr-16",12.91,13.23,12.81,12.83,176531
"12-Apr-16",12.84,13.21,12.52,13.15,244700
"13-Apr-16",13.27,13.46,13.1,13.46,160844
"14-Apr-16",13.53,13.57,13.2701,13.36,111833
"15-Apr-16",13.36,13.515,13.22,13.42,195627
"18-Apr-16",13.37,13.55,13.26,13.51,209827
"19-Apr-16",13.52,13.58,13.26,13.43,343364
"20-Apr-16",13.47,13.71,13.42,13.55,99232
"21-Apr-16",13.62,13.77,13.39,13.4,228015
"22-Apr-16",13.45,13.69,13.45,13.6,191064
"25-Apr-16",13.59,13.76,13.36,13.39,174938
"26-Apr-16",13.51,13.73,13.3601,13.64,203223
"27-Apr-16",13.7,13.98,13.7,13.74,155942
"28-Apr-16",13.72,13.83,13.46,13.47,114796
"29-Apr-16",13.45,13.83,13.32,13.5,244846
"02-May-16",13.5,13.551,13.35,13.45,156589
"03-May-16",13.25,13.43,12.54,12.73,216418
"04-May-16",12.63,12.83,12.44,12.51,241531
"05-May-16",12.64,12.64,12.3801,12.46,224261
"06-May-16",12.42,12.66,12.395,12.63,220692
"09-May-16",12.63,12.9,12.45,12.5,290988
"10-May-16",12.67,12.67,12.35,12.43,166081
"11-May-16",12.23,12.23,11.47,11.76,608780
"12-May-16",11.84,11.88,11.38,11.59,239976
"13-May-16",11.5,12.04,11.48,11.78,218856
"16-May-16",11.77,12,11.7,11.74,146070
"17-May-16",11.67,11.8,11.37,11.43,194085
"18-May-16",11.37,11.73,11.305,11.36,112082
"19-May-16",11.28,11.42,11.1,11.23,104722
"20-May-16",11.25,11.49,11.25,11.48,125017
"23-May-16",11.4,11.84,11.36,11.83,237799
"24-May-16",11.9,12.12,11.72,12.06,181008
"25-May-16",12.16,12.38,12.13,12.27,92288
"26-May-16",12.34,12.47,12.17,12.2,110493
"27-May-16",12.23,12.5,12.22,12.46,118334
"31-May-16",12.46,12.58,12,12.24,296134
"01-Jun-16",12.18,12.68,12.1,12.64,172863
"02-Jun-16",12.62,12.84,12.57,12.67,92878
"03-Jun-16",12.72,12.915,12.62,12.7,145891
"06-Jun-16",12.74,12.9799,12.63,12.89,190688
"07-Jun-16",12.85,12.95,12.76,12.81,132725
"08-Jun-16",12.88,12.98,12.83,12.94,186603
"09-Jun-16",12.88,12.88,12.5,12.67,108388
"10-Jun-16",12.51,12.59,12.22,12.35,123563
"13-Jun-16",12.33,12.55,12.17,12.2,238178
"14-Jun-16",12.22,12.3701,12.01,12.35,275970
"15-Jun-16",12.34,12.73,12.34,12.6,168982
"16-Jun-16",12.45,12.615,12.27,12.39,124185
"17-Jun-16",12.42,12.53,12.25,12.33,249075
"20-Jun-16",12.5,12.64,12.24,12.27,149588
"21-Jun-16",12.21,12.455,12.04,12.11,103325
"22-Jun-16",12.19,12.48,12.01,12.06,118137
"23-Jun-16",12.25,12.37,12.1,12.34,233733
"24-Jun-16",11.99,12.12,11.76,11.92,445363
"27-Jun-16",11.87,11.87,11.22,11.24,204500
"28-Jun-16",11.35,11.61,11.24,11.24,201775
"29-Jun-16",11.48,11.59,11.34,11.52,288613
"30-Jun-16",11.73,11.91,11.47,11.89,145846
"01-Jul-16",11.89,12.06,11.8,11.91,81374
"05-Jul-16",11.79,12.02,11.45,11.63,98888
"06-Jul-16",11.51,11.78,11.4501,11.76,121458
"07-Jul-16",11.8,11.96,11.71,11.81,101955
"08-Jul-16",11.92,12.08,11.76,12.05,206294
"11-Jul-16",12.12,12.19,12.01,12.02,184647
"12-Jul-16",12.2,12.6,12.135,12.42,146537
"13-Jul-16",12.5,12.53,12.26,12.35,181348
"14-Jul-16",12.43,12.52,12.26,12.32,86476
"15-Jul-16",12.43,12.43,12.25,12.38,174567
"18-Jul-16",12.37,12.6,12.3,12.37,269185
"19-Jul-16",12.39,12.43,12.23,12.32,86740
"20-Jul-16",12.38,12.48,12.1968,12.37,82769
"21-Jul-16",12.37,12.55,11.78,11.87,1448714
"22-Jul-16",11.83,12.25,11.83,12.22,145552
"25-Jul-16",12.14,12.255,11.99,12.14,146223
"26-Jul-16",12.11,12.26,11.95,12.24,251285
"27-Jul-16",12.2,12.39,12.1,12.25,121217
"28-Jul-16",12.19,12.41,12.03,12.09,1242863
"29-Jul-16",12.67,12.97,12.27,12.28,436276
"01-Aug-16",12.23,12.265,11.85,11.85,192733
"02-Aug-16",11.86,11.86,11.495,11.51,208642
"03-Aug-16",11.47,11.8,11.45,11.78,232937
"04-Aug-16",11.8,11.9,11.64,11.78,163135
"05-Aug-16",11.91,12.16,11.81,12.09,221124
"08-Aug-16",12.15,12.34,12.1,12.27,153137
"09-Aug-16",12.31,12.34,12.08,12.16,102569
"10-Aug-16",12.16,12.18,11.985,11.99,166893
"11-Aug-16",12.04,12.1,11.94,12.05,166593
"12-Aug-16",12.08,12.15,12,12.08,101739
"15-Aug-16",12.1,12.35,12.1,12.28,433343
"16-Aug-16",12.22,12.31,12.19,12.21,184023
"17-Aug-16",12.15,12.25,12.01,12.09,104330
"18-Aug-16",12.14,12.2799,12.13,12.25,114019
"19-Aug-16",12.2,12.2599,12.03,12.12,112885
"22-Aug-16",12.12,12.37,12,12.35,479210
"23-Aug-16",12.4,12.91,12.37,12.8,876940
"24-Aug-16",12.78,12.83,12.61,12.69,205874
"25-Aug-16",12.61,12.83,12.5701,12.72,94380
"26-Aug-16",12.68,12.79,12.34,12.39,136711
"29-Aug-16",12.35,12.726,12.35,12.61,322995
"30-Aug-16",12.55,12.6652,12.35,12.57,161748
"31-Aug-16",12.61,12.62,12.38,12.55,345655
"01-Sep-16",12.57,12.57,12.23,12.34,316910
"02-Sep-16",12.45,12.58,12.38,12.5,86218
"06-Sep-16",12.54,12.63,12.36,12.6,77029
"07-Sep-16",12.7,12.75,12.5,12.6,114745
"08-Sep-16",12.61,12.66,12.47,12.61,140516
"09-Sep-16",12.45,12.46,11.84,11.85,215629
"12-Sep-16",11.77,11.93,11.61,11.78,354238
"13-Sep-16",11.71,11.745,11.53,11.55,262181
"14-Sep-16",11.57,11.62,11.28,11.51,224285
"15-Sep-16",11.54,11.56,11.34,11.51,178524
"16-Sep-16",11.49,11.525,11.3,11.33,1207042
"19-Sep-16",11.43,11.5899,11.35,11.42,354646
"20-Sep-16",11.51,11.7,11.32,11.65,918459
"21-Sep-16",11.72,11.81,11.5,11.55,197510
"22-Sep-16",11.66,11.7795,11.62,11.67,139664
"23-Sep-16",11.68,11.88,11.52,11.79,145276
"26-Sep-16",11.72,11.77,11.695,11.71,121171
"27-Sep-16",11.7,11.72,11.54,11.63,200991
"28-Sep-16",11.62,11.83,11.5601,11.8,209043
"29-Sep-16",11.8,11.84,11.7,11.71,183871
"30-Sep-16",11.79,11.79,11.63,11.71,216793
"03-Oct-16",11.54,11.75,11.52,11.54,440288
"04-Oct-16",11.56,11.6,11.13,11.15,609909
"05-Oct-16",11.23,11.45,11.15,11.35,203542
"06-Oct-16",11.34,11.39,11.16,11.32,167277
"07-Oct-16",11.33,11.335,11.09,11.16,132905
"10-Oct-16",11.23,11.372,11.22,11.23,72163
"11-Oct-16",11.17,11.26,11.13,11.23,174895
"12-Oct-16",11.25,11.36,11.16,11.29,80470
"13-Oct-16",11.2,11.26,11.15,11.2,137457
"14-Oct-16",11.27,11.32,11.07,11.09,115420
"17-Oct-16",11.11,11.25,11.055,11.17,131246
"18-Oct-16",11.32,11.32,11.19,11.21,92315
"19-Oct-16",11.22,11.2678,11.17,11.2,148919
"20-Oct-16",11.2,11.54,11.18,11.51,574675
"21-Oct-16",11.36,11.37,11.19,11.28,124326
"24-Oct-16",11.37,11.47,11.2701,11.31,52962
"25-Oct-16",11.34,11.34,11.06,11.15,72179
"26-Oct-16",11.02,11.15,10.92,11.09,114516
"27-Oct-16",11.12,11.25,11.02,11.03,166483
"28-Oct-16",11.05,11.14,10.93,10.95,110485
"31-Oct-16",10.95,11.1,10.95,11,139203
"01-Nov-16",11,11.05,10.6,11,228526
"02-Nov-16",11,11.095,10.725,10.75,487058
"03-Nov-16",10.75,10.9,10.7,10.85,199061
"04-Nov-16",10.9,11.1,10.85,11.05,338308
"07-Nov-16",11.2,11.4,11.15,11.35,181550
"08-Nov-16",11.25,11.35,10.925,11.1,172117
"09-Nov-16",12.1,12.15,11.3,11.75,438207
"10-Nov-16",11.85,12.45,11.85,12.4,482155
"11-Nov-16",12.45,12.6,12.2,12.45,414422
"14-Nov-16",12.6,12.6,12.35,12.5,400482
"15-Nov-16",12.6,12.775,12.4,12.6,268171
"16-Nov-16",12.55,12.55,12.25,12.3,367987
"17-Nov-16",12.4,12.575,12.25,12.5,381320
"18-Nov-16",12.55,12.85,12.5,12.8,309952
"21-Nov-16",12.8,13.05,12.7,12.8,282799
"22-Nov-16",12.9,12.925,12.725,12.85,367003
"23-Nov-16",12.85,12.9,12.7,12.8,343503
"25-Nov-16",12.75,12.95,12.75,12.9,72513
"28-Nov-16",12.9,13.15,12.75,13.05,695885
"29-Nov-16",13.05,13.55,13,13.3,3479795
"30-Nov-16",13.45,13.5,13.4,13.4,459993
"01-Dec-16",13.5,13.55,13.15,13.2,497358
"02-Dec-16",13.2,13.45,13.005,13.4,476736
"05-Dec-16",13.55,13.675,13.35,13.65,678421
"06-Dec-16",13.55,13.8,13.35,13.5,467289
"07-Dec-16",13.55,14.05,13.4,13.55,553759
"08-Dec-16",13.6,13.7,13.5,13.6,740144
"09-Dec-16",13.7,14,13.45,13.45,359154
"12-Dec-16",13.45,13.6,13.35,13.4,284013
"13-Dec-16",13.3,13.6,13.3,13.4,594346
"14-Dec-16",13.35,13.45,13.2,13.35,315106
"15-Dec-16",13.35,13.45,12.875,13.1,377257
"16-Dec-16",13.2,13.25,13,13.15,604576
"19-Dec-16",13.2,13.3,13.1,13.15,347824
"20-Dec-16",13.25,13.25,12.95,13.15,453744
"21-Dec-16",13.15,13.175,12.9,12.95,310154
"22-Dec-16",12.95,13.0454,12.7,12.75,279128
"23-Dec-16",12.85,13.325,12.8,13.15,345300
"27-Dec-16",13.2,13.3,13.05,13.1,147907
"28-Dec-16",13.15,13.2,13,13.1,245605
"29-Dec-16",13.2,13.35,13.1,13.3,175086
"30-Dec-16",13.4,13.45,13.15,13.3,229228
"03-Jan-17",13.45,13.6,13.3,13.45,423064
"04-Jan-17",13.45,13.75,13.45,13.7,517983
"05-Jan-17",13.7,13.85,13.5,13.7,215236
"06-Jan-17",13.75,13.75,13.1,13.2,271707
"09-Jan-17",13.2,13.3,12.9,13,360913
"10-Jan-17",13.1,13.45,13,13.25,356629
"11-Jan-17",13.25,13.35,13.025,13.1,139971
"12-Jan-17",13.1,13.1,12.85,13,171696
"13-Jan-17",13,13,12.95,13,126771
"17-Jan-17",13,13,12.775,12.9,243437
"18-Jan-17",13,13,12.65,12.9,291870
"19-Jan-17",12.85,12.85,12.5,12.6,176830
"20-Jan-17",12.55,12.9,12.55,12.75,150214
"23-Jan-17",12.75,12.9,12.7,12.9,169330
"24-Jan-17",12.9,12.95,12.75,12.9,250186
"25-Jan-17",12.9,13,12.85,13,227348
"26-Jan-17",13.05,13.275,12.85,13.25,181436
"27-Jan-17",13.25,13.25,12.9,13,129651
"30-Jan-17",13,13.2,12.75,13.05,277274
"31-Jan-17",13.05,13.25,12.95,13.05,125318
"01-Feb-17",13.15,13.3,12.9,13,192367
"02-Feb-17",13,13.05,12.775,12.95,154658
"03-Feb-17",13.05,13.1,12.95,13,123543
"06-Feb-17",13.05,13.1,12.9,13,224993
"07-Feb-17",13.1,13.1,12.8,12.9,126353
"08-Feb-17",12.85,12.9,12.3,12.5,289340
"09-Feb-17",12.5,12.85,12.45,12.7,187580
"10-Feb-17",12.8,13.05,12.8,13,141799
"13-Feb-17",13,13.25,12.95,13.25,156016
"14-Feb-17",13.15,13.25,12.95,12.95,206141
"15-Feb-17",12.95,13.2,12.85,13.2,170648
"16-Feb-17",13.15,13.35,12.95,13.2,188562
"17-Feb-17",13.25,13.25,12.95,13.05,189054
"21-Feb-17",13.05,13.25,13,13.2,267846
"22-Feb-17",13.2,13.3,12.85,13.1,166711
"23-Feb-17",13.1,13.15,12.85,13,107278
"24-Feb-17",13,13.35,12.85,13.3,198828
"27-Feb-17",13.25,13.6,13.15,13.45,390884
"28-Feb-17",13.5,13.5,13.25,13.3,210193
"01-Mar-17",13.4,13.5,13.15,13.35,269774
"02-Mar-17",13.15,13.3,12.85,13.1,326019
"03-Mar-17",13.15,13.2,12.675,12.85,329123
"06-Mar-17",12.85,13.3,12.65,13.1,446799
"07-Mar-17",13.05,13.1,12.9,13,338501
"08-Mar-17",13,13.175,12.9,13,249021
"09-Mar-17",13,13,12.825,13,846295
"10-Mar-17",13.1,13.15,12.875,12.95,252040
"13-Mar-17",12.9,13.05,12.9,13,386274
"14-Mar-17",13,13,12.8,12.85,331108
"15-Mar-17",13,13.025,12.825,12.85,656211
"16-Mar-17",12.95,13.1,12.9,13,559477
"17-Mar-17",13,13.05,12.75,12.8,1356561
"20-Mar-17",12.9,13.2,12.8,13.1,477228
"21-Mar-17",13.15,13.4,13.05,13.35,593310
"22-Mar-17",13.35,13.45,13,13,328579
"23-Mar-17",13,13.1,12.85,13,225123
"24-Mar-17",13,13.05,12.85,12.85,219201
"27-Mar-17",12.8,13.225,12.75,13.2,352323
"28-Mar-17",13.15,13.4,13,13.4,260299
"29-Mar-17",13.45,13.65,13.35,13.6,440780
"30-Mar-17",13.6,13.875,13.55,13.75,658339
"31-Mar-17",13.8,13.9,13.65,13.65,1045860
"03-Apr-17",13.65,14.1,13.65,13.9,547324
"04-Apr-17",13.85,14,13.65,13.85,512337
"05-Apr-17",13.9,14,13.625,13.9,416786
"06-Apr-17",13.9,14.2,13.775,14.1,388177
"07-Apr-17",14.1,14.25,14.05,14.15,201924
"10-Apr-17",14.2,14.4,14,14.3,314038
"11-Apr-17",14.35,14.4,14.2,14.4,386497
"12-Apr-17",14.4,14.4,13.975,14.05,316695
"13-Apr-17",14.05,14.3,13.9,14.15,248157
"17-Apr-17",14.2,14.25,14.15,14.2,2995779
"18-Apr-17",14.2,14.25,14.2,14.2,955741
"19-Apr-17",14.2,14.25,14.2,14.2,427636
"20-Apr-17",14.25,14.25,14.2,14.2,437639
"21-Apr-17",14.25,14.25,14.2,14.25,859551
"24-Apr-17",14.21,14.25,14.2,14.2,1322152
"25-Apr-17",14.25,14.25,14.1,14.1,4859178
"26-Apr-17",14.1,14.2,14.1,14.1,885661
"27-Apr-17",14.15,14.2,14.116,14.2,794707
"28-Apr-17",14.15,14.2,14.125,14.15,746772
"01-May-17",14.15,14.2,14.15,14.15,473832
"02-May-17",14.15,14.2,14.15,14.2,836246
"03-May-17",14.15,14.2,14.1,14.2,779395
"04-May-17",14.2,14.2,14.15,14.15,203863
"05-May-17",14.2,14.2,14.1,14.15,483421
"08-May-17",14.15,14.2,14.1,14.1,562476
"09-May-17",14.15,14.15,14.1,14.1,424432
"10-May-17",14.1,14.15,14.1,14.1,427455
"11-May-17",14.1,14.15,14.1,14.1,329866
"12-May-17",14.1,14.15,14.1,14.1,432710
"15-May-17",14.1,14.15,14.1,14.1,397622
"16-May-17",14.1,14.15,14.1,14.1,310878
"17-May-17",14.1,14.15,14.1,14.1,540179
"18-May-17",14.1,14.15,14.1,14.1,582782
"19-May-17",14.1,14.15,14.1,14.15,289199
"22-May-17",14.15,14.15,14.1,14.15,219981
"23-May-17",14.15,14.15,14.1,14.1,897916
"24-May-17",14.15,14.15,14.1,14.15,604035
"25-May-17",14.125,14.15,14.1,14.15,337735
"26-May-17",14.15,14.15,14.1,14.1,365875
"30-May-17",14.1,14.15,14.1,14.15,231846
"31-May-17",14.15,14.15,14.1,14.15,480008
"01-Jun-17",14.15,14.15,14.1,14.15,693047
"02-Jun-17",14.2,14.2,14.15,14.2,1679187
"05-Jun-17",16.15,16.15,15.85,16,12937230
"06-Jun-17",15.95,16,15.8,15.8,2593124
"07-Jun-17",15.85,15.9,15.75,15.85,585202
"08-Jun-17",16,16.25,16,16.2,1934460
"09-Jun-17",16.2,16.6,16.175,16.3,2116651
"12-Jun-17",16.3,16.475,16.2,16.3,1405837
"13-Jun-17",16.35,16.5,16.2,16.4,1461842
"14-Jun-17",16.3,16.4,16.225,16.3,1395003
"15-Jun-17",16.25,16.45,16.25,16.45,1046184
"16-Jun-17",16.35,16.55,16.3,16.3,2775997
"19-Jun-17",16.4,16.4,16.225,16.35,2141111
"20-Jun-17",16.35,16.55,16.275,16.4,2543292
"21-Jun-17",16.4,16.5,16.3,16.3,714959
"22-Jun-17",16.15,16.55,16.1,16.5,1935791
"23-Jun-17",17.2,17.775,17.2,17.65,2568090
"26-Jun-17",17.65,17.75,17.45,17.5,1097040
"27-Jun-17",17.55,17.6,17.35,17.45,760372
"28-Jun-17",17.4,17.525,17.3,17.45,888257
"29-Jun-17",16.95,17.25,16.95,17.15,2507348
"30-Jun-17",17.15,17.15,17.025,17.15,1054925
"03-Jul-17",17.2,17.2,17,17,557409
"05-Jul-17",17.05,17.15,16.95,16.95,1644720
"06-Jul-17",16.95,17.05,16.95,17,1397190
"07-Jul-17",17,17.15,16.95,17,1525636
"10-Jul-17",17.05,17.5,17,17.4,1775059
"11-Jul-17",17.35,17.575,17.15,17.3,1300516
"12-Jul-17",17.4,17.425,17.25,17.4,494872
"13-Jul-17",17.35,17.4,17.2,17.35,489676
"14-Jul-17",17.35,17.4,17.25,17.4,239847
"17-Jul-17",17.4,17.4,17.25,17.4,360122
"18-Jul-17",17.4,17.4,17.25,17.35,319847
"19-Jul-17",17.35,17.4,17.25,17.35,387068
"20-Jul-17",17.3,17.35,17.05,17.05,1519050
"21-Jul-17",17.15,17.25,17.075,17.1,438965
"24-Jul-17",17.1,17.2,17,17.05,946640
"25-Jul-17",17.05,17.15,17.05,17.15,229739
"26-Jul-17",17.15,17.3,17.1,17.3,220129
"27-Jul-17",17.25,17.3,17.05,17.1,466399
"28-Jul-17",17.1,17.2,17.075,17.1,251742
"31-Jul-17",17.15,17.2,17.1,17.15,334079
"01-Aug-17",17.15,17.25,17.1,17.15,166561
"02-Aug-17",17.1,17.2,17,17.1,1184837
"03-Aug-17",17.1,17.2,17.05,17.2,261072
"04-Aug-17",17.2,17.225,17.05,17.1,237192
"07-Aug-17",17.1,17.3,17.05,17.25,326146
"08-Aug-17",17.25,17.25,17.125,17.15,259252
"09-Aug-17",17.15,17.175,17.05,17.1,408522
"10-Aug-17",17.05,17.15,16.95,17.1,791051
"11-Aug-17",17.05,17.15,17,17.1,377490
"14-Aug-17",17.15,17.3,17.05,17.15,411899
"15-Aug-17",17.15,17.2,17.125,17.15,129393
"16-Aug-17",17.15,17.25,17.125,17.2,262962
"17-Aug-17",17.15,17.2,17.05,17.1,329237
"18-Aug-17",17.05,17.15,17,17.1,857227
"21-Aug-17",17.15,17.15,17.025,17.05,236955
"22-Aug-17",17.05,17.1,17.05,17.05,491510
"23-Aug-17",17.05,17.15,17.025,17.05,623819
"24-Aug-17",17.05,17.15,17.05,17.1,340114
"25-Aug-17",17.1,17.15,17.05,17.1,191905
"28-Aug-17",17.1,17.1,17.05,17.05,185226
"29-Aug-17",17.05,17.15,17.05,17.1,302116
"30-Aug-17",17.1,17.2,17.075,17.2,250696
"31-Aug-17",17.2,17.2,17.1,17.2,514812
"01-Sep-17",17.2,17.25,17.15,17.2,240206
"05-Sep-17",17.2,17.3,17.15,17.3,640973
"06-Sep-17",17.3,17.325,17.225,17.3,352010
"07-Sep-17",17.3,17.3,17.225,17.3,325581
"08-Sep-17",17.3,17.3,17.2,17.3,401280
"11-Sep-17",17.3,17.325,17.25,17.3,335189
"12-Sep-17",17.3,17.3,17.225,17.3,291236
"13-Sep-17",17.3,17.3,17.2,17.3,393923
"14-Sep-17",17.3,17.35,17.25,17.35,608147
"15-Sep-17",17.35,17.35,17.2,17.2,1618599
"18-Sep-17",17.25,17.35,17.225,17.25,553054
"19-Sep-17",17.25,17.3,17.25,17.3,390416
"20-Sep-17",17.35,17.35,17.05,17.1,1644558
"21-Sep-17",17.1,17.3,17.1,17.3,847570
"22-Sep-17",17.25,17.35,17.225,17.3,919798
"25-Sep-17",17.3,17.3,17.05,17.15,2020420
"26-Sep-17",17.2,17.3,17.175,17.25,933203
"27-Sep-17",17.25,17.5,17.175,17.2,3493096
"02-Oct-17",16,16.825,16,16.6,957254
"03-Oct-17",16.7,16.8,16.4,16.4,615785
"04-Oct-17",16.4,16.5,16.1,16.35,611666
"05-Oct-17",16.35,16.5,15.35,16.4,6642855,,2.1649
"06-Oct-17",16.25,16.6,15.85,16.35,1741151,,2.0477
"09-Oct-17",16.25,17.15,16.1,16.9,1269604,,2.0477
"10-Oct-17",16.9,17.3,16.75,17.25,1055923,,1.8485
"11-Oct-17",17.25,17.3,16.95,17.15,1034212,,1.9681
"12-Oct-17",17.25,17.65,17.15,17.5,768575,,2.0332
"13-Oct-17",17.65,17.95,17.5,17.65,774071,,2.1126
"16-Oct-17",17.7,17.9,17.5,17.5,592369,,2.2931
"17-Oct-17",17.55,17.85,17.5,17.5,337660,,3.6158
"18-Oct-17",17.5,18.325,17.5,18.25,514882,,3.5388
"19-Oct-17",18.1,18.35,17.95,18.3,396374,,3.4582
"20-Oct-17",18.2,18.45,18.05,18.15,550101,,3.7126
"23-Oct-17",18.2,18.25,17.7,17.75,196155,,3.7285
"24-Oct-17",17.8,18,17.6,17.8,357576,,3.7122
"25-Oct-17",17.8,17.9,17.6,17.7,143409,,3.5181
"26-Oct-17",17.65,17.825,17.55,17.65,250698,,3.4302
"27-Oct-17",17.8,18.175,17.65,18.15,222986,,3.961
"30-Oct-17",18.05,18.05,17.7,17.8,113807,,4.6268
"31-Oct-17",17.75,18,17.7,17.8,220468,,4.9777
"01-Nov-17",17.95,17.95,17.55,17.6,200843,,4.8904
"02-Nov-17",17.7,17.7,17.2,17.25,311982,,4.9892
"03-Nov-17",17.3,17.55,16.65,16.75,398845,,4.9907
"06-Nov-17",16.8,17.2,16.4,17.1,406960,,5.027
"07-Nov-17",17.3,17.5,17,17.35,493273,,4.8715
"08-Nov-17",17.25,17.8,17.2,17.7,316143,,4.8365
"09-Nov-17",17.55,18.35,17.55,18.3,404395,,5.0956
"10-Nov-17",18.15,18.3,17.925,18,236238,,5.2938
"13-Nov-17",17.9,18.35,17.85,18.25,180282,,5.2943
"14-Nov-17",18.25,18.3,17.95,18.3,176913,,5.4034
"15-Nov-17",18.15,18.45,18.05,18.4,643872,,5.329
"16-Nov-17",18.5,19,18.4,18.9,301930,,5.3849
"17-Nov-17",18.9,19.6,18.85,19.5,266703,,5.5665
"20-Nov-17",19.45,20.15,19.4,19.95,279944,,5.5225
"21-Nov-17",20,20.65,20,20.6,285802,,5.5786
"22-Nov-17",20.5,20.8,20.3,20.5,192035,,5.5338
"23-Nov-17",,,,,,,5.5609
"24-Nov-17",20.5,20.6,20.35,20.4,64362,,5.4902
"27-Nov-17",20.45,21.35,20.35,21.25,286367,,5.5817
"28-Nov-17",21.2,21.95,21.2,21.75,421668,,5.6434
"29-Nov-17",21.75,22.4,21.55,21.75,317618,,5.8047
"30-Nov-17",21.8,22.25,21.6,22.25,282732,,5.9557
"01-Dec-17",22.15,22.45,21.7,22.35,287096,,5.9408
"04-Dec-17",22.3,22.7,21.35,21.6,268071,,6.2194
"05-Dec-17",21.65,21.8,21.3,21.55,175173,,6.1992
"06-Dec-17",21.7,21.7,21.4,21.6,219220,,6.0966
"07-Dec-17",21.5,21.95,21.35,21.85,180019,,6.2198
"08-Dec-17",21.8,22.1,21.6,21.7,292084,,6.3757
"11-Dec-17",21.85,21.95,21.55,21.55,326679,,6.4754
"12-Dec-17",21.5,22.1,21.4,21.65,156180,,6.5748
"13-Dec-17",21.75,22.15,21.55,21.85,206587,,6.6159
"14-Dec-17",21.85,22.125,21.7,21.9,220660,,6.6812
"15-Dec-17",21.95,22.5,21.85,22.5,610686,,7.1021
"18-Dec-17",22.4,22.7,22.15,22.45,301044,,6.9391
"19-Dec-17",22.6,23,22.15,22.15,192458,,7.0326
"20-Dec-17",22.2,22.4,22.05,22.1,148770,,7.0194
"21-Dec-17",22.05,22.35,21.85,22.2,133438,,6.9799
"22-Dec-17",22.35,22.5,21.95,22.15,154822,,6.968
"25-Dec-17",,,,,,,6.9879
"26-Dec-17",22.15,22.35,22,22.05,86347,,6.981
"27-Dec-17",22.1,22.3,21.85,22.15,93381,,6.9544
"28-Dec-17",22.25,22.4,22,22.3,97685,,6.9858
"29-Dec-17",22.3,22.3,21.9,22,83024,,7.0454
"01-Jan-18",,,,,,,7.0416
"02-Jan-18",22,22.15,21.75,22.15,98200,3.629566,6.8355
"03-Jan-18",22.15,22.3,21.85,22.3,122413,3.855853,7.101
"04-Jan-18",22.25,22.25,22,22.1,107328,3.954055,7.1635
"05-Jan-18",22.15,22.4,22,22.35,258811,3.490948,7.4149
"08-Jan-18",22.3,22.45,22.05,22.2,168724,4.991637,7.4989
"09-Jan-18",22.3,22.3,21.85,21.9,184814,5.02877,7.4606
"10-Jan-18",21.85,21.95,21.65,21.95,110581,5.337994,7.4926
"11-Jan-18",21.95,22.05,21.8,22,126344,5.732613,7.5829
"12-Jan-18",22,22,21.25,21.45,69721,5.949572,7.0295
"15-Jan-18",,,,,,6.317889,7.0259
"16-Jan-18",21.45,21.9,20.95,20.95,92005,6.348356,7.006
"17-Jan-18",21,21.95,20.95,21.9,93365,6.47681,7.0824
"18-Jan-18",21.8,22,21.65,21.9,77636,6.302637,7.5875
"19-Jan-18",21.8,22,21.65,21.9,73090,6.546285,7.5666
"22-Jan-18",21.95,22,21.75,21.9,62793,6.972798,7.5501
"23-Jan-18",21.85,22.1,21.65,21.85,104727,6.568256,7.4245
"24-Jan-18",21.8,21.95,21.5,21.9,105467,6.253203,7.4575
"25-Jan-18",21.9,21.95,21.75,21.85,105206,6.165652,7.4656
"26-Jan-18",21.9,22,21.75,21.95,121617,6.195468,7.4704
"29-Jan-18",21.9,22.4,21.8,22.15,695288,5.874521,7.4203
"30-Jan-18",22.1,22.45,21.9,22.35,208230,6.039207,7.3781
"31-Jan-18",22.25,24.4,22.25,24.4,175254,5.979236,7.3536
"01-Feb-18",24.5,26.35,24,26.35,364100,6.152221,7.2813
"02-Feb-18",26.1,26.39,25.45,25.6,229395,6.355801,7.4348
"05-Feb-18",25.5,25.6,24.7,24.8,280583,6.537954,7.4158
"06-Feb-18",24.4,24.95,24.375,24.65,235416
"07-Feb-18",24.55,24.725,24.3,24.65,117114,7.079199,7.5145
"08-Feb-18",24.55,24.7,24.35,24.5,180161,7.24904,7.482
"09-Feb-18",24.6,25.15,23.8,24.25,148524,7.562272,7.5261
"12-Feb-18",24.3,24.35,23.85,24.35,127929
"13-Feb-18",24.4,24.55,24.05,24.5,72298,7.383977,7.4376
"14-Feb-18",24.25,24.9,24.15,24.7,129784,7.103052,7.3813
"15-Feb-18",24.8,24.85,24.3,24.75,74115,7.469275,7.4206
"16-Feb-18",24.6,25.3,24.55,25.2,70965,7.688642,6.9242
"19-Feb-18",,,,,,7.761795,6.9126
"20-Feb-18",25.1,25.35,25.05,25.2,76565,8.326051,6.9874
"21-Feb-18",25.3,25.65,25.175,25.3,155690,8.378769,6.9901
"22-Feb-18",25.25,25.7,25.05,25.05,54326,8.553941,6.9724
"23-Feb-18",25.2,25.2,24.95,25.05,45144,8.966459,7.0061
"26-Feb-18",25.05,25.65,25,25.5,54672,9.382615,6.9633
"27-Feb-18",25.5,25.85,25.35,25.35,79700,9.364897,6.976
"28-Feb-18",25.3,25.45,24.65,24.7,117796,9.051901,6.896
"01-Mar-18",24.55,24.55,23.75,24.1,157803,9.060543,6.7477
"02-Mar-18",24.05,24.15,23.7,23.85,106452,9.059226,6.8159
"05-Mar-18",23.65,24.375,23.65,24,141206,9.120316,6.6409
"06-Mar-18",24.1,24.175,23.4,23.55,139181,9.141229,6.5496
"07-Mar-18",23.4,23.85,23.35,23.65,96420,9.10476,6.5183
"08-Mar-18",23.9,23.9,23.45,23.6,155140,9.684464,6.5084
"09-Mar-18",23.75,23.95,23.55,23.9,195677,9.795232,6.5098
"12-Mar-18",23.75,23.9,23.55,23.7,111569,10.220721,6.5183
"13-Mar-18",23.65,23.9,23.5,23.6,91019,10.073501,6.5132
"14-Mar-18",23.6,23.775,23.3,23.35,111577,10.619614,6.575
"15-Mar-18",23.35,23.35,22.8,22.9,92908,10.729736,6.5891
"16-Mar-18",22.9,23.05,22.75,22.75,190874,11.21151,6.5937
"19-Mar-18",22.75,23.35,22.5,22.5,176411,11.151155,6.6267
"20-Mar-18",22.55,22.8,22.05,22.1,123306,10.972004,6.6615
"21-Mar-18",22.05,22.6,22.05,22.3,88989,11.055867,6.7237
"22-Mar-18",22.1,22.45,21.8,21.85,94790,10.565861,6.6673
"23-Mar-18",21.8,22.15,21.45,21.5,75640,10.50265,6.8929
"26-Mar-18",21.65,22.075,21.45,21.95,57230,10.544097,6.8926
"27-Mar-18",22,22.3,21.7,21.8,102836,10.761502,6.9364
"28-Mar-18",21.85,22.15,21.475,21.6,64834,9.586222,6.7459
"29-Mar-18",21.55,21.8,21.15,21.15,70940,9.755852,6.7496
"30-Mar-18",,,,,,9.671732,6.7421
"02-Apr-18",21.15,21.475,20.1,20.25,114982,9.387256,6.6948
"03-Apr-18",20.35,20.7,19.95,20.65,139304,9.368576,6.7331
"04-Apr-18",20.4,21.6,20.4,21.35,126801,9.288941,6.7288
"05-Apr-18",21.45,22.7,21.4,22.55,104372,9.443707,6.7441
"06-Apr-18",22.35,22.6,21.55,21.6,142256,9.639911,6.7635
"09-Apr-18",21.7,21.75,21.05,21.05,110474,9.881901,6.769
"10-Apr-18",21.3,21.85,21.25,21.65,78271,10.166576,6.77
"11-Apr-18",21.55,21.9,21.55,21.65,53083,10.007203,6.7378
"12-Apr-18",21.75,22.1,21.7,21.95,65818,10.008501,6.7327
"13-Apr-18",21.95,22.35,21.9,22.1,63290,10.26701,6.7581
"16-Apr-18",22.2,22.6,22.075,22.5,73099,10.439925,6.7609
"17-Apr-18",22.55,22.75,22.45,22.5,74230,11.061809,6.7989
"18-Apr-18",22.6,22.8,22.45,22.65,48982
"19-Apr-18",22.6,22.8,22.35,22.4,72549,10.79436,6.7542
"20-Apr-18",22.35,22.775,22.35,22.6,93724,13.202998,6.8999
"23-Apr-18",22.6,23.35,22.4,23,130690,10.62951,6.7333
"24-Apr-18",23.15,23.25,22.95,23.15,106294,10.540763,6.7203
"25-Apr-18",23.1,23.25,22.9,23,49732,10.722341,6.7189
"26-Apr-18",23.15,23.275,23.05,23.15,66251,10.856162,6.7219
"27-Apr-18",23.15,23.3,22.05,22.25,85532,11.144437,6.6401
"30-Apr-18",22.25,22.45,21.8,21.8,86534,12.011596,6.6721
"01-May-18",21.7,22.35,21.7,22.2,250547,12.231331,6.7559
"02-May-18",22.25,22.55,22.05,22.35,53320,13.756011,6.7314
"03-May-18",22.2,22.45,22.15,22.4,59324,15.591301,6.7961
"04-May-18",22.25,22.65,22.1,22.45,48990,15.08077,6.633
"07-May-18",22.4,22.75,22.4,22.7,45618,15.877905,6.8663
"08-May-18",22.75,23.1,22.65,23.05,71765,15.642594,6.2613
"09-May-18",23.05,23.05,22.55,23,41626,13.31961,6.2803
"10-May-18",22.85,23.05,22.5,22.55,56899,12.660503,6.477
"11-May-18",22.7,22.8,22.25,22.35,65291,11.759833,6.434
"14-May-18",22.35,22.4,21.9,21.95,69868,11.74643,6.4216
"15-May-18",21.9,22.2,21.674,21.95,284741,11.818021,6.272
"16-May-18",22,22.75,21.95,22.4,99325,11.870617,6.2854
"17-May-18",22.35,22.65,22.3,22.5,56685,11.922659,6.2872
"18-May-18",22.6,22.65,22.3,22.6,70124,14.798532,6.3685
"21-May-18",22.85,23.2,22.75,23.1,92547,14.445707,6.3639
"22-May-18",23.05,23.35,22.925,23.3,90628,14.929951,6.342
"23-May-18",23.1,23.3,23.1,23.25,57150,15.360946,6.35
"24-May-18",23.15,23.3,22.95,23.05,56528,15.411246,6.3552
"25-May-18",23,23.2,22.975,23.1,32330
"28-May-18",,,,,,15.422298,6.3552
"29-May-18",22.95,23.2,22.9,23.05,60190
"30-May-18",23.05,23.45,23.05,23.15,53985,15.086353,6.4021
"31-May-18",23.15,23.55,22.9,23.4,98320,14.993453,6.4154
"01-Jun-18",23.5,23.65,23.25,23.4,56383,15.147336,6.4212
"04-Jun-18",23.45,23.65,23.25,23.5,43755,15.52861,6.4126
"05-Jun-18",23.45,23.6,23.45,23.55,72571
"06-Jun-18",23.6,24,23.45,23.8,44127,15.849637,6.2989
"07-Jun-18",23.9,23.9,23.4,23.5,24485,13.283056,5.9984
"08-Jun-18",23.45,23.85,23.3,23.7,37094
"11-Jun-18",23.75,23.75,23.4,23.4,30784,12.993956,5.9331
"12-Jun-18",23.5,23.6,23.25,23.45,53962,13.06435,5.8983
"13-Jun-18",23.45,23.65,22.65,22.7,145210,13.131996,5.8595
"14-Jun-18",22.85,23.2,22.55,23.1,60112,13.70132,5.7866
"15-Jun-18",22.95,23.25,22.55,22.8,61650,13.895246,6.144
"18-Jun-18",22.75,22.85,22.1,22.45,137658,14.691759,6.0775
"19-Jun-18",22.6,23.1,21.95,22.2,148835
"20-Jun-18",22.2,22.35,21.7,21.85,127307
"21-Jun-18",22,22.2253,21.55,21.95,85700,14.133573,6.1246
"22-Jun-18",22.05,22.1,21.9,21.9,152546,13.899826,6.1714
"25-Jun-18",21.9,21.9,21.25,21.35,70703,14.027845,6.1892
"26-Jun-18",21.5,21.5,20.95,21.25,122480
"27-Jun-18",21.3,21.3,21,21.05,38880,13.535712,6.2053
"28-Jun-18",21,21.1,20.75,20.8,75022,13.437433,6.2013
"29-Jun-18",20.8,21.05,20.75,20.75,100052
"02-Jul-18",20.65,20.75,20.35,20.6,69541,13.222261,6.179
"03-Jul-18",20.65,20.9,20.5,20.75,109168,12.964075,6.1862
"04-Jul-18",,,,,,13.061763,6.1756
"05-Jul-18",20.75,22.15,20.75,22.1,47957,12.877133,6.1926
"06-Jul-18",22,22.35,21.85,21.85,42941
"09-Jul-18",21.85,21.9,21.05,21.25,107488,12.684627,6.2443
"10-Jul-18",21.35,22,21.35,21.95,62149,12.729581,6.2403
"11-Jul-18",21.85,22,21.85,21.95,16755,13.251577,6.1485
"12-Jul-18",21.95,22,21.8,21.85,23960,12.688956,6.1665
"13-Jul-18",21.8,21.925,21.7,21.8,21880,12.939445,6.1161
"16-Jul-18",21.8,21.8,21.55,21.75,34739
"17-Jul-18",21.8,22.15,21.75,22.05,60920,12.844436,6.0732
"18-Jul-18",21.95,22.25,21.75,22.15,39271
"19-Jul-18",22.2,22.65,22.2,22.55,34068
"20-Jul-18",22.55,22.6,22.05,22.1,30278,13.074784,5.9659
"23-Jul-18",22,22.5,22,22.25,33819,13.210519,5.9721
"24-Jul-18",22.45,22.65,22.15,22.6,61043,13.233323,5.7728
"25-Jul-18",22.6,22.6,22.45,22.45,29813,13.798063,5.7552
"26-Jul-18",22.45,22.6,22.25,22.3,27406,13.960555,5.7554
"27-Jul-18",22.25,22.5,22.05,22.35,36352,13.925794,5.7494
"30-Jul-18",22.45,22.65,22.3,22.4,18288,14.139665,5.7503
"31-Jul-18",22.4,23.2,22.35,22.7,47970
"01-Aug-18",22.75,22.75,22.3,22.55,20825,14.604017,5.7263
"02-Aug-18",22.4,23.05,22.25,22.8,222847,14.572296,5.7344
"03-Aug-18",22.95,23,22.65,22.9,30935
"06-Aug-18",22.9,23.55,22.85,23.4,26669,14.525769,5.5315
"07-Aug-18",23.5,23.954,23.45,23.7,41307,14.552895,5.5287
"08-Aug-18",23.7,23.95,23.6,23.75,15211
"09-Aug-18",23.75,24,23.6,23.95,31417
"10-Aug-18",23.8,24,23.7,23.8,22734,14.844047,5.5068
"13-Aug-18",23.9,24,23.5,23.7,24585,14.988293,5.5044
"14-Aug-18",23.7,24.35,23.7,24.3,37342,15.567254,5.4527
"15-Aug-18",24.2,24.45,23.9,24.15,28362,15.195051,5.484
"16-Aug-18",24.25,24.5,24.2,24.4,24222,16.036036,5.4684
"17-Aug-18",24.35,24.75,24.25,24.6,40000,16.376795,5.4725
"20-Aug-18",24.65,24.7,24.4,24.6,12683,16.571827,5.471
"21-Aug-18",24.65,25.95,24.65,25.5,35941,16.623679,5.3246
"22-Aug-18",25.35,25.65,25.3,25.3,24455,16.912574,5.2551
"23-Aug-18",25.3,25.35,24.85,25.25,17268,17.018095,5.2532
"24-Aug-18",25.3,25.95,25.3,25.75,22793,17.231151,5.2624
"27-Aug-18",25.95,25.95,25.7,25.85,17384,16.940224,5.1955
"28-Aug-18",25.95,25.95,25.2,25.55,25706,16.584129,5.1486
"29-Aug-18",25.75,25.85,25.6,25.75,11707,17.960789,5.0547
"30-Aug-18",25.65,25.9,25.6,25.65,12304,18.167359,5.0521
"31-Aug-18",25.65,25.95,25.65,25.7,47988
"03-Sep-18",,,,,,17.539837,4.8813
"04-Sep-18",25.7,25.7,24.85,24.95,15446,21.644884,4.8359
"05-Sep-18",24.9,25.25,24.5,25.05,12902,26.435194,4.6488
"06-Sep-18",25.15,25.15,24.6,24.75,15464,23.658205,4.4929
"07-Sep-18",24.7,25.05,24.4,25,17738,21.66288,4.4462
"10-Sep-18",25,25.15,24.75,25.05,19046,18.125178,4.317
"11-Sep-18",25.1,25.1,24.75,25,27757,17.688216,4.3031
"12-Sep-18",24.35,25.25,24.35,25.05,26269
"13-Sep-18",25.1,25.1,24.6,25,14280,17.553341,4.3039
"14-Sep-18",24.95,25.2,24.45,25,15869,18.292963,4.2845
"17-Sep-18",25.2,25.9,24.8,24.95,18123,19.231955,4.3146
"18-Sep-18",25.25,25.25,24.8,24.95,23145,21.528602,4.3156
"19-Sep-18",25,25.1,24.65,25,28704,23.362352,4.3931
"20-Sep-18",25.05,25.15,25,25.15,41332,23.327691,4.3931
"21-Sep-18",25.05,25.15,24.95,25.15,86599,23.268856,4.2286
"24-Sep-18",25.1,25.2,24.85,24.85,28771,24.512642,4.2413
"25-Sep-18",24.45,24.7,24,24.05,38215,24.224525,4.3768
"26-Sep-18",24.1,24.1,22.8,23,22539,25.416199,4.3351
"27-Sep-18",23,23.05,21.3,21.55,44767,25.88621,4.3286
"28-Sep-18",21.55,21.65,21.15,21.2,40887,25.598538,4.6385
"01-Oct-18",21.43,21.5325,20.89,21.04,50199,26.386398,4.6563
"02-Oct-18",21,21.3,20.13,21.12,71725,25.772201,4.6234
"03-Oct-18",21.13,21.32,20.5,20.74,84358,25.921199,4.6377
"04-Oct-18",20.77,20.91,20.02,20.08,59709,30.757853,4.6367
"05-Oct-18",20.12,20.15,19.49,19.96,57786,21.734825,4.5082
"08-Oct-18",19.95,20.49,19.43,19.89,70243,21.589024,4.5082
"09-Oct-18",19.84,19.85,19.48,19.63,79531,20.569965,4.474
"10-Oct-18",19.65,19.81,19.1,19.25,101995,19.844051,4.5037
"11-Oct-18",19.22,19.75,19,19.3,34054,20.043245,4.4895
"12-Oct-18",19.51,19.68,18.87,18.94,53096,26.23598,4.4562
"15-Oct-18",18.96,19,18.56,18.79,65108,25.658963,4.46
"16-Oct-18",19.05,19.66,18.99,19.23,82022,24.042224,4.4439
"17-Oct-18",19.25,19.65,18.96,19.3,45904,24.703174,4.443
"18-Oct-18",19.18,19.65,18.95,19.43,51518,19.492722,4.2916
"19-Oct-18",19.43,19.8,19.155,19.47,31372,26.636998,4.2978
"22-Oct-18",19.49,19.53,19.16,19.36,34374,26.659617,4.3004
"23-Oct-18",19.19,19.325,18.835,18.86,40372,14.877014,4.1377
"24-Oct-18",18.79,18.9,18.49,18.58,224905,17.89347,3.692
"25-Oct-18",18.56,18.79,18.09,18.58,276195,22.666996,3.7861
"26-Oct-18",18.43,18.57,18.22,18.48,68799
"29-Oct-18",18.64,18.65,18.12,18.39,34098
"30-Oct-18",18.36,18.62,17.82,18.2,35929
"31-Oct-18",18.31,18.31,17.95,18,69585
"01-Nov-18",18.07,18.32,17.82,18.24,72382
"02-Nov-18",18.31,18.39,18.05,18.15,70051
"05-Nov-18",18.12,18.29,17.82,18.13,132320,12.734859,3.3087
"06-Nov-18",18.18,18.4,17.79,18.07,173070,11.970134,3.0833
"07-Nov-18",18.06,18.33,17.9,18.28,160245,12.187209,3.0258
"08-Nov-18",18,18.2,17,17.23,69788,15.115662,3.0144
"09-Nov-18",17.16,17.16,15.43,15.48,121056,15.396863,2.9906
"12-Nov-18",15.44,15.49,15.05,15.34,58835,15.143321,2.9906
"13-Nov-18",15.32,15.6289,15,15.29,88675,8.997169,2.842
"14-Nov-18",15.39,15.88,15.34,15.53,42927,8.324017,2.8679
"15-Nov-18",15.44,15.45,15.0875,15.15,26153,8.004881,2.8651
"16-Nov-18",15.02,15.44,14.84,15.34,44538,9.432178,2.4526
"19-Nov-18",15.34,15.34,14.755,14.83,28052,8.51639,2.3739
"20-Nov-18",14.79,14.79,13.94,14.42,77882,8.501102,2.3766
"21-Nov-18",14.38,15.8,14.38,15.73,63526,8.135178,2.3594
"22-Nov-18",,,,,,8.090366,2.3594
"23-Nov-18",15.62,15.72,15.51,15.66,12748,8.496686,2.3638
"26-Nov-18",15.9,16.25,15.32,16.19,87213,9.59297,2.3831
"27-Nov-18",16.19,16.33,16.01,16.02,37907,8.250612,2.2627
"28-Nov-18",16,16.27,15.95,16.06,108641,8.015257,2.2434
"29-Nov-18",15.98,16.11,15.7,15.85,22871,8.228065,2.2382
"30-Nov-18",16.08,16.49,15.91,16.04,176784,8.370225,2.1701
"03-Dec-18",16.2,16.2799,15.33,15.55,71700
"04-Dec-18",15.53,15.78,14.72,14.92,123096
"06-Dec-18",14.69,15.03,14.61,14.97,91839,6.737039,2.0629
"07-Dec-18",15.01,15.16,14.52,14.57,49813,6.559709,2.0472
"10-Dec-18",14.73,14.74,14.25,14.65,83567,7.136007,2.2801
"11-Dec-18",14.82,15.08,14.72,14.73,42191,6.706754,2.2488
"12-Dec-18",14.92,15.12,14.23,14.34,58045,6.414854,2.2401
"13-Dec-18",14.45,14.46,13.76,13.77,73792,7.990071,2.1575
"14-Dec-18",13.77,13.94,13.4,13.49,130822,8.00746,2.1402
"17-Dec-18",13.4,13.4,12.77,12.84,140250,8.511518,2.0931
"18-Dec-18",13.08,14.02,13.02,13.74,233471,6.916045,2.0882
"19-Dec-18",13.73,14.36,13.66,13.94,104928
"20-Dec-18",14.06,14.675,13.445,13.62,146328,6.06768,2.0147
"21-Dec-18",13.61,13.93,12.95,13.08,189910
"24-Dec-18",12.89,13.82,12.89,13.67,71507
"25-Dec-18",,,,,,5.412218,1.9643
"26-Dec-18",13.62,14.43,13.62,14.28,71693
"27-Dec-18",14.33,14.89,13.66,14.18,99824
"28-Dec-18",14.16,14.4775,13.7,14.01,45031
"31-Dec-18",13.98,14.21,13.57,13.85,49346,4.261676,1.8796
"02-Jan-19",13.69,14.06,13.59,13.71,75765
"03-Jan-19",13.64,13.64,13.02,13.29,89590
"04-Jan-19",13.45,14.31,13.4,14.18,80077
"07-Jan-19",14.17,14.49,14.08,14.32,101191
"08-Jan-19",14.42,15.12,14.36,15.06,169617
"09-Jan-19",15.09,15.22,14.625,15.07,112043
"10-Jan-19",15.43,16.24,15.43,15.66,76482
"11-Jan-19",15.59,16.02,15.59,15.94,52053
"14-Jan-19",16.06,16.07,15.51,15.55,43242
"15-Jan-19",15.56,15.685,15.23,15.43,41242
"16-Jan-19",15.43,15.71,14.74,14.95,45829
"17-Jan-19",14.8,15.34,14.8,15.26,47684
"18-Jan-19",15.32,15.565,15.02,15.11,108938
"22-Jan-19",15,15.04,14.06,14.33,50099
"23-Jan-19",14.3,14.48,13.96,14.26,59756
"24-Jan-19",14.31,14.31,13.98,14.17,38616
"25-Jan-19",13.46,15.33,13.46,15.24,45286,3.967936,0.5918
"28-Jan-19",15.08,15.82,15.08,15.77,42769,4.095829,0.5888
"29-Jan-19",15.77,16.01,15.61,15.94,76369,4.068077,0.5879
"30-Jan-19",16.02,16.02,15.38,15.7,43590,4.070254,0.5901
"31-Jan-19",15.65,16.07,15.48,16.01,31893,4.136056,0.5922
"01-Feb-19",16.05,16.09,15.81,16.03,31798,3.932423,0.5928
"04-Feb-19",16.02,16.59,16.005,16.49,22056,4.051328,0.5944
"05-Feb-19",16.6,16.99,16.28,16.71,63734,4.172296,0.5995
"06-Feb-19",16.68,16.94,16.31,16.88,40254,4.32635,0.6075
"07-Feb-19",16.79,17.07,16.71,17,37638,4.468532,0.6129
"08-Feb-19",17.05,17.05,16.66,16.99,32892,4.652683,0.6703
"11-Feb-19",16.98,17.52,16.98,17.46,33213,4.737108,0.6686
"12-Feb-19",17.4,17.92,17.4,17.8,31427,4.848442,0.6672
"13-Feb-19",17.75,17.89,17.55,17.86,35394,4.793237,0.6556
"14-Feb-19",17.75,17.93,17.55,17.55,32153,4.832297,0.6358
"15-Feb-19",17.7,17.71,17.43,17.57,79218,4.824932,0.6388,304236
"18-Feb-19",,,,,,4.795739,0.6383
"19-Feb-19",17.55,17.67,17.22,17.25,212895,4.691879,0.6351
"20-Feb-19",17.24,17.91,17.2,17.8,48992,4.594858,0.5932
"21-Feb-19",17.8,17.83,17.41,17.59,88400,4.633553,0.5896
"22-Feb-19",17.76,17.98,17.48,17.65,88470,4.690221,0.5887
"25-Feb-19",17.65,17.86,17.42,17.43,34511,4.646848,0.5879
"26-Feb-19",17.34,17.47,17.03,17.25,55131,4.771735,0.5948
"27-Feb-19",17.23,17.41,17.03,17.27,20937,4.901179,0.5944,,323615.8332
"28-Feb-19",17.045,17.23,16.96,16.97,26437,4.898592,0.5939,243811,322642.278
"01-Mar-19",17.06,17.22,16.83,17.12,55001,5.144896,0.6043,,331039.1916
"04-Mar-19",17.22,17.49,17.0608,17.22,29665,5.241739,0.6074,,334020.7044
"05-Mar-19",17.18,17.22,16.94,17.17,27426,5.413737,0.6125,,337367.3004
"06-Mar-19",17.16,17.265,16.98,17.19,29362,5.517565,0.6218,,340561.7784
"07-Mar-19",17.15,17.165,16.56,16.62,66734,5.706578,0.6303,,350145.2124
"08-Mar-19",16.65,16.9675,16.46,16.58,27899,5.70728,0.6231,,348380.6436
"11-Mar-19",16.58,16.935,16.58,16.82,27265,5.619002,0.6114,,255733.3579
"12-Mar-19",16.85,17.06,16.8,16.97,18889,5.621157,0.6088,,254392.3974
"13-Mar-19",16.96,17.1101,16.88,17.07,28489,5.566702,0.6075,,250125.7049
"14-Mar-19",17.38,17.38,17,17.17,25824,5.570833,0.6096,,247395.0217
"15-Mar-19",17.17,17.49,17.08,17.22,80171,5.553055,0.6186,243828,243542.8079
"18-Mar-19",17.2,17.38,17.05,17.26,27354,5.714924,0.6149,,243591.5701
"19-Mar-19",17.35,17.42,16.8,16.86,39602,5.865568,0.5932,,237593.8195
"20-Mar-19",16.78,16.78,16.23,16.24,32450,5.980849,0.5879,,237545.0573
"21-Mar-19",16.42,17.18,16.42,17.03,34343,6.2313,0.5882,,239861.2618
"22-Mar-19",17.02,17.39,16.47,16.56,75110,6.326579,0.5829,,235594.5693
"25-Mar-19",16.51,17.11,16.51,16.93,9646,6.572881,0.593,,240324.5027
"26-Mar-19",17.11,17.29,16.89,17.18,11380,6.742772,0.6005,,243681.7032
"27-Mar-19",17.15,17.61,17.02,17.41,22654,6.844512,0.6014,,243754.8516
"28-Mar-19",17.6,17.67,17.36,17.59,12950,7.048266,0.6034,,244413.1872
"29-Mar-19",17.71,17.72,17.23,17.29,32671,7.025152,0.6057,229377,242682.0084
"01-Apr-19",17.45,17.59,17.225,17.41,11391,7.120856,0.6045,,243096.516
"02-Apr-19",17.66,17.66,17.18,17.47,15911,7.108763,0.5977,,240024.2832
"03-Apr-19",17.33,18.21,17.33,18.11,64682,7.087976,0.5973,,238488.1668
"04-Apr-19",18.09,18.36,18.08,18.19,13956,7.404946,0.6023,,243218.43
"05-Apr-19",18.35,18.86,18.26,18.55,70629,7.586405,0.5987,,248411.9664
"08-Apr-19",18.58,18.76,18.36,18.65,44834,7.660707,0.5937,,246290.6628
"09-Apr-19",18.59,18.615,18.14,18.14,87620,8.022554,0.5893,,237198.7557
"10-Apr-19",18.23,18.395,17.93,18.23,50851,10.042404,0.586,,290758.2852
"11-Apr-19",18.29,18.46,18.03,18.05,40413,8.873121,0.5859,,253713.8997
"12-Apr-19",18.24,18.24,17.84,18.03,57287,9.756612,0.5858,,279472.9368
"15-Apr-19",18.09,18.21,17.89,18.06,25131,9.586334,0.5848,259687,272866.8792
"16-Apr-19",18.51,18.51,17.75,17.89,22505,9.560637,0.5849,,270343.7322
"17-Apr-19",17.95,17.97,17.62,17.69,13505,9.396149,0.5832,,262659.6027
"18-Apr-19",17.71,18.015,17.68,17.95,16515,9.622934,0.5897,,265985.5692
"19-Apr-19",,,,,,9.86598,0.584,,266192.0085
"22-Apr-19",17.86,18.37,17.61,18.28,14343,9.924047,0.6104,,264930.435
"23-Apr-19",18.58,18.99,18.27,18.78,28969,9.949357,0.5845,,263485.3599
"24-Apr-19",18.78,19.18,18.78,18.99,32600,10.145639,0.6174,,253090.9502
"25-Apr-19",18.8,19.1,18.63,19.02,12162,10.372805,0.5943,,256155.2568
"26-Apr-19",19.17,19.255,18.85,19.14,34974,10.28038,0.5989,,252857.2319
"29-Apr-19",19.25,19.38,19.09,19.16,26662,10.182748,0.595,,248884.0208
"30-Apr-19",19.23,19.39,18.82,19.27,41109,10.361956,0.5904,260871,249792.9253
"01-May-19",19.31,19.94,19.31,19.82,28893,10.41375,0.5921,,250390.2054
"02-May-19",19.7,19.97,19.53,19.68,27871,10.345676,0.59,,248364.6468
"03-May-19",19.81,20.99,19.81,20.44,29179,10.424782,0.5897,,249195.6452
"06-May-19",20.06,20.55,19.95,20.24,24965,10.45828,0.5882,,247871.2415
"07-May-19",19.86,20.09,19.63,19.74,38792,10.527944,0.5856,,249377.4261
"08-May-19",19.82,20.09,19.5,19.54,44977,10.425848,0.5848,,247689.4606
"09-May-19",19.42,19.875,19.2696,19.82,18959,10.487545,0.5862,,258731.8578
"10-May-19",19.55,19.84,19.285,19.62,37584,10.452254,0.5851,,257662.2867
"13-May-19",19.34,19.35,18.68,18.68,154541,9.937161,0.5858,,257949.2448
"14-May-19",18.58,18.69,18.11,18.17,30315,9.910922,0.5819,,256749.2382
"15-May-19",18.03,18.63,18,18.54,80424,9.514429,0.5787,243061,251140.5117
"16-May-19",18.4,18.6,17.91,18.11,36024,9.567943,0.5761,,248375.2791
"17-May-19",18,18.47,17.8507,18.31,32521,9.711996,0.5798,,251244.8601
"20-May-19",18.24,18.435,18.11,18.18,24334,10.306383,0.5707,,247305.708
"21-May-19",18.29,18.67,18.19,18.49,34590,10.307963,0.5769,,245870.9175
"22-May-19",18.44,18.53,18.27,18.34,10980,10.619209,0.5577,,245114.3916
"23-May-19",18.2,18.22,17.85,18,51597,10.619547,0.5752,,241227.4137
"24-May-19",18.1,18.555,18,18.49,55226,10.456972,0.5648,,231782.9696
"27-May-19",,,,,,10.517084,0.5704,,231418.3781
"28-May-19",18.5,18.5964,18.22,18.43,47058,10.328385,0.5712,,229887.0938
"29-May-19",18.3,18.45,18.16,18.24,96843,10.147609,0.5711,,231734.3574
"30-May-19",18.22,18.43,18.09,18.28,34381,10.134544,0.5785,,231126.7049
"31-May-19",18.1,18.24,17.565,17.91,35939,10.005879,0.5754,229206,228039.8302
"03-Jun-19",17.81,18.17,17.14,17.46,25888,9.998579,0.5775,,226168.2605
"04-Jun-19",17.63,17.8,17.31,17.65,23696,10.076739,0.581,,226654.3825
"05-Jun-19",18.05,18.29,17.41,17.51,27592,9.947853,0.5706,,223567.5078
"06-Jun-19",17.89,18,17.43,17.83,20019,9.831953,0.5679,,220286.1843
"07-Jun-19",17.83,18.66,17.51,18.43,46100,9.712727,0.566,,219119.4915
"10-Jun-19",18.56,18.87,18.33,18.46,41280,9.781656,0.5702,,219192.4098
"11-Jun-19",18.59,18.8,18.08,18.32,36044,9.360418,0.5764,,210754.917
"12-Jun-19",18.37,18.59,18.005,18.21,27722,8.703759,0.5663,,195994.0506
"13-Jun-19",18.3,18.54,17.73,18.07,32950,8.155452,0.5648,,184717.1154
"14-Jun-19",17.86,18.045,17.82,17.93,23446,8.183387,0.5651,195058,184969.242
"17-Jun-19",17.93,18.035,17.61,17.72,39059,7.675904,0.5617,,171308.5644
"18-Jun-19",17.81,17.8919,17.52,17.7,28330,7.554868,0.554,,168030.9186
"19-Jun-19",17.77,18.47,17.6,18.21,20061,7.561633,0.5531,,167664.189
"20-Jun-19",18.37,18.78,18.36,18.45,20560
"21-Jun-19",18.31,18.6287,18.23,18.52,32188
"24-Jun-19",18.47,18.51,17.65,17.66,21817,7.990534,0.5665,,171812.8176
"25-Jun-19",17.73,17.9,17.65,17.75,24983,7.485765,0.5615,,168959.2396
"26-Jun-19",17.76,18.1035,17.5,17.63,62189,7.175298,0.5449,,165682.2652
"27-Jun-19",17.68,19.12,17.66,19.1,28587,7.125729,0.5445,,165760.2884
"28-Jun-19",19.07,19.63,18.5996,19.55,79130,7.077375,0.546,216536,168588.6294
"01-Jul-19",20.02,20.1,19.24,19.24,32668,19.14494,0.2247,,460668.4786
"02-Jul-19",19.08,19.56,19.0562,19.54,53343,19.296131,0.2289,,472430.476
"03-Jul-19",19.54,20.05,19.3061,19.9,20153,19.262256,0.2412,,472430.476
"04-Jul-19",,,,,,19.461212,0.2391,,472040.36
"05-Jul-19",19.72,20.065,19.53,19.88,11912,19.486198,0.235,,472235.418
"08-Jul-19",20.03,20.34,19.72,19.94,49689,19.752909,0.2373,,474478.585
"09-Jul-19",19.83,20.03,19.625,19.96,21424,19.967682,0.2343,,474868.701
"10-Jul-19",19.95,20.26,19.79,20.16,35922,18.284025,0.1908,,546147.0992
"11-Jul-19",20.19,20.37,20.07,20.2,16971,18.582401,0.191,,546796.7072
"12-Jul-19",20.3,20.58,20,20.36,47483,18.395571,0.1849,,543007.3272
"15-Jul-19",20.36,20.6359,20.12,20.49,29657,18.783909,0.1737,212088,547684.5048
"16-Jul-19",20.48,20.665,20.35,20.5,155736,24.64178,0.3378,,760647.6608
"17-Jul-19",20.8399,20.8399,20.18,20.25,41693,26.803183,0.3644,,834075.0184
"18-Jul-19",20.23,20.23,19.62,19.71,10916,22.542181,0.3659,,700732.1496
"19-Jul-19",19.65,19.86,19.4,19.41,14816,25.308514,0.3968,,786155.6016
"22-Jul-19",19.095,19.19,18.845,19.05,11588,25.08728,0.3911,,770846.5064
"23-Jul-19",19.1,19.37,18.69,19.33,20532,25.046193,0.4008,,771604.3824
"24-Jul-19",19.21,20.26,19.21,20.03,25441,24.052754,0.4652,,286530.888
"25-Jul-19",19.56,20.09,19.56,20,11571,24.269695,0.4627,,286552.0968
"26-Jul-19",23,23,20.47,20.64,40962,23.902455,0.4575,,285661.3272
"29-Jul-19",20.19,20.99,20.18,20.82,23372,24.087,0.4593,,286467.2616
"30-Jul-19",20.64,21.61,20.56,21.4,34516
"31-Jul-19",21.41,21.69,20.66,20.66,54347,23.802059,0.458,198090,286000.668
"01-Aug-19",20.67,21.03,20.26,20.34,28266,23.9789,0.4609,,286615.7232
"02-Aug-19",20.24,20.24,19.32,19.51,18171,23.901448,0.4291,,284431.2168
"05-Aug-19",19.17,19.61,17.97,18.38,33273,23.529662,0.4072,,281589.2376
"06-Aug-19",18.45,18.64,18.21,18.44,20405,23.604029,0.4069,,280507.5888
"07-Aug-19",18.17,19.1,17.9,19.02,32769,23.533448,0.4181,,280571.2152
"08-Aug-19",19.12,19.96,19.12,19.51,29776,23.712344,0.4178,,281652.864
"09-Aug-19",19.45,19.45,18.71,18.96,20372,24.136134,0.4315,,196525.089
"12-Aug-19",18.85,18.85,18.19,18.43,15669,24.189699,0.4458,,196624.134
"13-Aug-19",18.43,19.24,18.43,19.04,21195,24.348192,0.4435,,196624.134
"14-Aug-19",18.7,18.7,17.97,18.43,15496,25.809715,0.4249,,196208.145
"15-Aug-19",18.39,18.79,18.23,18.44,12561,26.044444,0.426,195387,196406.235
"16-Aug-19",18.56,19.05,18.05,19.01,18517,26.856975,0.4413,,196881.651
"19-Aug-19",19.32,19.46,18.86,19.09,14813,27.030284,0.4374,,196227.954
"20-Aug-19",19.05,19.47,18.79,19.21,12543,27.393793,0.4377,,196980.696
"21-Aug-19",19.42,19.84,19.42,19.48,8210,27.579752,0.4287,,196802.415
"22-Aug-19",19.2,19.42,19.12,19.27,10962,27.810054,0.4305,,196208.145
"23-Aug-19",19.15,19.19,18.68,18.99,51416,27.212995,0.4232,,195732.729
"26-Aug-19",19.21,19.21,18.68,18.9,21106,27.964906,0.4252,,194976.6873
"27-Aug-19",19.06,19.06,18.525,18.92,35267,28.090625,0.4575,,196188.0867
"28-Aug-19",18.84,19.79,18.84,19.08,26207,28.08846,0.4594,,195660.5418
"29-Aug-19",19.24,19.5,18.87,18.9,23746,28.645266,0.4602,,197301.7926
"30-Aug-19",19.04,19.23,18.47,19.06,32486,29.405254,0.4487,206677,196227.1641
"02-Sep-19",,,,,,29.553499,0.4487,,196227.1641
"03-Sep-19",18.87,19.12,18.67,18.95,29290,29.397996,0.4503,,195113.4582
"04-Sep-19",19.1,19.4,18.95,19.01,54693,29.04637,0.4579,,195621.4644
"05-Sep-19",19.2,19.94,19.2,19.73,25823,29.02254,0.4565,,195660.5418
"06-Sep-19",19.76,19.99,19.29,19.39,19884,29.248311,0.4645,,196422.5511
"09-Sep-19",19.45,20.1,19.29,20.03,13195,29.705006,0.4886,,197184.5604
"10-Sep-19",19.76,20.48,19.76,20.28,26846,29.817499,0.4915,,197614.4118
"11-Sep-19",20.25,21,19.67,20.65,38119,29.536613,0.4978,,205829.6243
"12-Sep-19",20.8,20.87,20.31,20.73,32879,29.888248,0.505,,207937.7297
"13-Sep-19",20.84,20.95,20.35,20.35,41753,29.621065,0.5184,215994,207565.7111
"16-Sep-19",20.38,20.9,20.21,20.7,32865,29.349266,0.5069,,206366.9845
"17-Sep-19",20.63,20.95,20.52,20.9,16421,28.779051,0.4698,,200931.3794
"18-Sep-19",21.03,21.07,20.48,20.75,26793,28.817003,0.484,,199939.3298
"19-Sep-19",20.91,20.91,19.98,20,46643,28.663785,0.4624,,200745.3701
"20-Sep-19",20.12,20.41,20,20.33,51895,27.757235,0.3859,,197562.5443
"23-Sep-19",20.25,20.51,20.12,20.31,21166,27.659048,0.3825,,196756.504
"24-Sep-19",20.39,20.53,20.16,20.29,20637,29.695373,0.4058,,218715.5244
"25-Sep-19",18.34,19.2,18.07,18.07,644658,21.023093,0.3568,,203466.348
"26-Sep-19",17.99,18.32,17.51,17.99,3018357,9.744446,0.351,,202623.9714
"27-Sep-19",17.98,18.31,17.49,17.65,355747,13.582225,0.9393,,297229.3434
"30-Sep-19",17.84,18.67,17.65,18.28,629059,8.957208,0.9651,417121,216685.1808
"01-Oct-19",18.54,18.6232,17.9,18.17,196465,8.517452,1,,209103.7914
"02-Oct-19",18.12,18.44,17.925,18.19,155183,5.337278,0.2052,,133462.6926
"03-Oct-19",18.19,18.7,18.19,18.5,159771,4.929584,0.1845,,125211.7218
"04-Oct-19",18.59,18.99,18.39,18.67,406819,3.978405,0.0493,,106765.8342
"07-Oct-19",18.56,19.15,18.55,18.56,128819,3.542242,-0.034,,96592.5168
"08-Oct-19",18.37,18.58,17.85,17.95,148581,4.650244,0.1142,,127414.8606
"09-Oct-19",18.15,18.165,17.85,17.87,99953,4.159004,0.0389,,220823.8574
"10-Oct-19",17.87,18.21,17.59,17.68,119606,3.98567,0.0296,,214400.194
"11-Oct-19",17.91,18.51,17.91,18.36,109062,3.996278,0.0538,,217028.0563
"14-Oct-19",18.26,18.65,18.15,18.63,81166,3.927227,0.0538,,217028.0563
"15-Oct-19",18.64,18.91,18.4,18.55,38806,4.211499,0.1591,373966,230334.2162
"16-Oct-19",18.51,18.77,18.36,18.71,268988,4.11367,0.2088,,231919.276
"17-Oct-19",18.81,18.845,18.55,18.67,66672,4.322424,0.2203,,240970.8017
"18-Oct-19",18.59,18.835,18.5,18.69,48357,4.020692,0.0775,,224327.6738
"21-Oct-19",18.84,18.88,18.43,18.49,61493,4.011797,0.0691,,228332.0354
"22-Oct-19",18.53,18.56,18.2725,18.41,66122,3.845731,0.0347,,217361.7531
"23-Oct-19",18.4,18.51,18.205,18.33,131929,3.731407,0.0241,,214024.7851
"24-Oct-19",18.38,18.64,18.35,18.49,211178,3.875639,0.0634,,369366.2182
"25-Oct-19",18.56,19.03,18.54,18.83,62512,3.806472,0.0536,,364392.4704
"28-Oct-19",18.94,19.06,18.5,18.7,42225,3.883168,0.0735,,376995.1246
"29-Oct-19",18.54,18.93,18.48,18.54,43614,3.823564,0.0567,,367496.3882
"30-Oct-19",18.5,18.8,18.12,18.5,77935,3.792698,0.0557,,366898.0426
"31-Oct-19",18.47,18.97,18.31,18.78,152245,3.738208,0.0592,290373,366636.2664
"01-Nov-19",18.91,19.31,18.91,19.1,70894,3.786334,0.0314,,372096.17
"04-Nov-19",19.25,19.47,19.04,19.2,51548,3.581697,0.0284,,357623.6858
"05-Nov-19",19.26,19.3,18.87,19.01,65140,3.648315,0.0089,,361438.139
"06-Nov-19",18.85,19.055,18.8,18.85,49491,3.619122,0.005,,359231.7396
"07-Nov-19",19.51,19.51,18.43,18.8,56543,3.651791,0.0156,,363981.1078
"08-Nov-19",19.04,19.66,19,19.45,80081,3.586992,0.0062,,359456.1192
"11-Nov-19",19.31,20.07,19.2671,19.94,88566,3.51723,0.0062,,359456.1192
"12-Nov-19",19.87,20.02,19.16,19.6,64786,3.545054,0.0062,,284652.6519
"13-Nov-19",19.53,19.95,19.53,19.58,64076,3.37505,-0.0258,,272486.0232
"14-Nov-19",19.68,20.1,19.2637,20.1,54852
"15-Nov-19",20.27,20.51,20.03,20.16,58432,3.194468,0.1571,267491,260116.1334
"18-Nov-19",20.15,20.25,19.57,20.11,98681,3.08173,0.1499,,256718.7693
"19-Nov-19",20.07,20.59,20.02,20.23,86295,3.119819,0.148,,258402.9327
"20-Nov-19",20.08,20.87,20,20.64,168788,3.113588,0.154,,262206.819
"21-Nov-19",20.71,20.8035,20.335,20.56,76221,3.08071,0.1519,,261219.5508
"22-Nov-19",20.67,20.83,20.4,20.78,64992,3.060756,0.1493,,261103.4016
"25-Nov-19",20.77,21.105,20.63,20.88,97472,2.989453,0.1485,,259912.8723
"26-Nov-19",20.92,21.01,20.71,20.87,76483,3.036009,0.1541,,269470.4334
"27-Nov-19",20.97,20.97,20.48,20.52,57154,2.983073,0.1436,,265779.0576
"28-Nov-19",,,,,,2.948734,0.1436,,265779.0576
"29-Nov-19",20.51,20.64,20.22,20.4,29443,2.901543,0.1328,286168,261606.198
"02-Dec-19",20.51,20.51,20.16,20.22,62021,2.848189,0.139,,260964.2196
"03-Dec-19",20.03,20.14,19.8,19.92,48611,2.876683,0.1366,,260857.2232
"04-Dec-19",19.88,20.28,19.88,19.97,52418,2.865707,0.1385,,260482.7358
"05-Dec-19",20.11,20.2348,19.57,19.8,49636,2.861133,0.1327,,259921.0047
"06-Dec-19",19.98,20.1,19.57,19.77,77152,2.796832,0.1208,,255453.905
"09-Dec-19",19.77,19.932,19.64,19.67,49893,2.782134,0.1234,,254892.1739
"10-Dec-19",19.64,19.77,19.54,19.61,66163,2.737023,0.1149,,275780.1016
"11-Dec-19",19.63,19.65,19.43,19.51,60065,2.732694,0.1167,,276295.204
"12-Dec-19",19.47,19.82,19.34,19.36,61960,2.643854,0.0988,,267967.7152
"13-Dec-19",19.33,19.7,19.295,19.51,77543,2.619327,0.0961,268485,266679.9592
"16-Dec-19",19.75,20.4,19.53,20.32,114620,2.57061,0.0852,,263675.1952
"17-Dec-19",20.39,20.97,20.36,20.8,102207,2.531433,0.0846,,261471.7016
"18-Dec-19",20.84,21.19,20.64,21.04,245139,2.498308,0.0927,,263932.7464
"19-Dec-19",21.04,21.22,20.715,21,77658,2.524343,0.1013,,268024.9488
"20-Dec-19",21.09,21.6,21,21.44,383352,2.57535,0.1376,,282419.1992
"23-Dec-19",21.5,21.5,20.9215,21.09,76414,2.610987,0.148,,286969.2704
"24-Dec-19",21.07,21.33,20.8738,21.01,40874
"25-Dec-19",,,,,,2.609335,0.1561,,293212.4685
"26-Dec-19",21.07,21.07,20.6,20.86,49904,3.370409,0.2453,,357541.4745
"27-Dec-19",20.84,20.91,20.5,20.8,51607
"30-Dec-19",20.89,20.925,20.6311,20.75,38325,4.885537,0.2235,,348681.4695
"31-Dec-19",20.59,21.12,20.5,20.85,117591,4.910055,0.228,396996,351044.1375
"01-Jan-20",,,,,,5.335159,0.2289,,351930.138
"02-Jan-20",20.99,21,20.54,20.67,57890,5.305274,0.2187,,342184.1325
"03-Jan-20",20.45,20.875,20.2701,20.84,48578,5.375072,0.2236,,340626.9195
"06-Jan-20",20.65,20.95,20.65,20.89,49602
"07-Jan-20",20.77,21.1,20.68,20.93,157421,5.829366,0.2279,,347258.499
"08-Jan-20",20.93,21.16,20.725,20.8,55135,6.006559,0.2365,,353138.3205
"09-Jan-20",20.821,20.99,20.46,20.46,29929,6.122203,0.2286,,352252.32
"10-Jan-20",20.47,20.51,19.875,19.92,181097,5.970877,0.2178,,394296.4272
"13-Jan-20",19.85,20.41,19.55,20.12,64694,5.950452,0.2064,,387348.9972
"14-Jan-20",19.92,20.05,19.82,19.86,48037,5.945865,0.2037,,384411.2268
"15-Jan-20",19.82,20.35,19.82,20.34,62726,5.898519,0.2007,446231,380044.2708
"16-Jan-20",20.53,22.17,20.53,21.8,390889,5.413167,0.187,,371548.5564
"17-Jan-20",22,22.44,21.94,22.19,142090,5.526327,0.1857,,370953.0624
"20-Jan-20",,,,,,5.479683,0.1865,,371905.8528
"21-Jan-20",22.22,22.79,22.22,22.64,144000,5.530962,0.2024,,379091.4804
"22-Jan-20",22.64,22.645,22.24,22.35,92367,5.582223,0.2125,,384728.8236
"23-Jan-20",22.49,22.52,22.12,22.34,122157,5.153879,0.1799,,358685.886
"24-Jan-20",22.96,23.11,21.2,22.25,189644,4.952563,0.1535,,348165.492
"27-Jan-20",21.8,21.8,20.26,20.3,253404,4.844871,0.1485,,404910.0094
"28-Jan-20",20.48,20.7119,20.2727,20.29,94516,5.097251,0.1673,,426105.9819
"29-Jan-20",20.39,20.77,20.095,20.75,147077,6.4159,0.2596,,545919.0054
"30-Jan-20",20.72,20.99,20.42,20.61,95139,6.403883,0.2633,,549622.7227
"31-Jan-20",20.48,20.55,20.13,20.27,94399,6.575993,0.294,562613,565954.7773
"03-Feb-20",20.19,21.14,20.19,20.92,137443,6.821203,0.3068,,588043.2118
"04-Feb-20",21.1,21.1,20.18,20.21,119675,7.204544,0.3282,,623518.5763
"05-Feb-20",20.46,20.56,20.04,20.08,91446,7.433855,0.3326,,647570.4272
"06-Feb-20",20.18,20.6,20.15,20.5,104202,7.463475,0.3306,,654308.5153
"07-Feb-20",20.42,20.43,20.13,20.13,45913,7.469886,0.3307,,654487.0077
"10-Feb-20",20.01,20.34,19.9,20.09,75749,7.505324,0.3365,,661582.0806
"11-Feb-20",20.2,20.405,20.035,20.18,79878,7.669624,0.3442,,670128.3443
"12-Feb-20",20.29,21.02,20.06,20.86,106243,7.616071,0.344,,667371.5406
"13-Feb-20",20.81,21.41,20.8026,21.01,63819,7.354353,0.3354,,644304.4076
"14-Feb-20",21.03,21.26,20.9,20.96,41291,7.377421,0.3378,575754,643966.8398
"17-Feb-20",,,,,,7.277071,0.3378,,643966.8398
"18-Feb-20",20.96,21.17,20.77,20.84,50431,7.52436,0.3454,,660563.9233
"19-Feb-20",20.81,21.1,20.544,20.95,53107,7.603659,0.3482,,662533.0688
"20-Feb-20",20.95,21.7,20.95,21.39,104987,7.766137,0.3508,,678792.5845
"21-Feb-20",21.43,21.86,21.3,21.84,102643,7.818675,0.3497,,675923.2582
"24-Feb-20",21.37,21.96,21.145,21.42,186789,7.459097,0.3363,,660395.1394
"25-Feb-20",21.44,21.44,19.39,19.49,117049,7.384149,0.3362,,655669.1902
"26-Feb-20",19.65,19.7846,18.715,19.16,115002,7.808436,0.3519,,621641.5938
"27-Feb-20",18.84,19.35,18.03,18.03,288719,6.183249,0.2964,,509196.8376
"28-Feb-20",17.34,18.45,17.24,17.89,158368,6.298818,0.3125,545966,526872.4854
"02-Mar-20",18.04,18.63,17.62,18.56,119248,7.931871,0.3694,,672653.3982
"03-Mar-20",18.58,19.13,18.4001,18.63,78245,7.330125,0.3515,,623196.1296
"04-Mar-20",19.05,19.61,18.74,19.58,104251,6.705133,0.5607,,574832.7936
"05-Mar-20",19.07,19.305,18.42,18.76,84580,5.984301,0.3104,,515530.1316
"06-Mar-20",18.18,18.94,18.18,18.91,110227,5.877544,0.2876,,510924.0996
"09-Mar-20",17.3,17.74,16.21,16.25,118215,5.914362,0.2944,,517257.3936
"10-Mar-20",16.79,16.82,15.8,16.17,131085,6.201846,0.3109,,568732.7822
"11-Mar-20",15.72,15.81,14.82,14.91,178767,5.870229,0.3011,,547167.1252
"12-Mar-20",15.32,15.32,12.92,13.25,202556,5.886558,0.3102,,559833.5364
"13-Mar-20",14,14.1,12.92,14.03,146286,5.715704,0.3067,498585,550060.745
"16-Mar-20",11.75,12.52,11.66,11.76,116450,4.888435,0.4232,,472970.3458
"17-Mar-20",12.14,12.35,11.35,11.44,280029,4.71002,0.3575,,466091.1742
"18-Mar-20",11.25,11.49,9.75,11.09,233148,4.832027,0.3652,,486619.4958
"19-Mar-20",11.02,12.855,10.75,12.66,232315,4.76439,0.4157,,478975.9718
"20-Mar-20",12.66,12.79,11.73,12.23,758892,4.633453,0.4064,,507966.7664
"23-Mar-20",12.2,12.2,10.935,11.09,163876,5.145199,0.4299,,548968.813
"24-Mar-20",12.1,12.12,11.02,11.45,132409,8.348619,0.5306,,813092.418
"25-Mar-20",11.39,12.55,11.23,12.46,255618,6.629686,0.4737,,662918.616
"26-Mar-20",12.58,12.865,12.35,12.75,304743,6.429488,0.4741,,655988.2845
"27-Mar-20",12.34,12.422,11.72,11.8,122716,6.163251,0.4518,,634200.12
"30-Mar-20",11.85,11.85,11.35,11.76,168373,6.025749,0.4452,,628416.534
"31-Mar-20",11.61,11.77,10.05,10.35,196487,5.905461,0.4586,443777,626970.6375
"01-Apr-20",10,10,9.44,9.7,204933,6.22312,0.4846,,667156.5885
"02-Apr-20",9.53,9.92,9.43,9.63,139042,6.634434,0.5029,,710982.21
"03-Apr-20",9.54,9.8,9.4837,9.71,135417,6.668889,0.5522,,720704.6175
"06-Apr-20",10.22,10.8543,10.22,10.71,141088,6.963288,0.5312,,760092.8325
"07-Apr-20",10.22,12.11,10.22,11.38,304726,6.432631,0.5225,,721402.6365
"08-Apr-20",11.66,12.78,11.41,12.61,232290,6.149131,0.5171,,694977.6315
"09-Apr-20",12.94,13.06,12.3739,12.82,195780,6.360293,0.5205,,516201.4064
"10-Apr-20",,,,,,6.280087,0.5205,,516201.4064
"13-Apr-20",12.66,12.66,11.78,12.25,115308,6.10302,0.5142,,498272.8156
"14-Apr-20",12.68,12.95,12.31,12.59,156014,5.836722,0.5096,,481009.8903
"15-Apr-20",12.21,12.28,11.66,12.23,75419,6.236614,0.5133,506653,515446.9855
"16-Apr-20",12.23,12.305,11.5,11.86,125519,5.916793,0.5114,,492104.3153
"17-Apr-20",12,12.62,12,12.59,83742,6.038931,0.5085,,486645.8582
"20-Apr-20",12.25,12.54,12.04,12.35,88226,5.594247,0.5006,,448303.5254
"21-Apr-20",12.05,12.49,11.875,12.28,119277,5.690399,0.5119,,454472.0257
"22-Apr-20",12.6,12.6,11.58,11.65,151035,5.548157,0.496,,443466.3561
"23-Apr-20",11.6,12.38,11.5,12.28,97126,5.748495,0.4904,,459708.5943
"24-Apr-20",11.77,12,10.77,11.76,122525,5.620836,0.5011,,441852.0813
"27-Apr-20",11.54,12.42,11.54,12.02,70316,5.759828,0.5129,,447171.9378
"28-Apr-20",12.3,13.4,12.15,13.17,247177,5.385666,0.4902,,417836.7291
"29-Apr-20",14.12,14.35,13.82,14.02,200664,5.239827,0.4802,,411047.5789
"30-Apr-20",13.93,13.93,12.68,13.19,135700,5.003183,0.4819,510128,392048.0914
"01-May-20",12.95,13.07,12.5,13,149722,5.042352,0.4825,,399698.5517
"04-May-20",12.63,13.13,12.54,12.99,94091,5.042842,0.4811,,397925.2662
"05-May-20",13.35,13.56,13.04,13.11,99338,5.096905,0.4793,,401370.5066
"06-May-20",13.2,13.295,12.93,13.11,127946,5.069507,0.4792,,400711.8577
"07-May-20",13.4,13.45,13.08,13.27,112044,5.013922,0.4784,,396658.6337
"08-May-20",13.61,13.815,13.25,13.75,164700,4.865692,0.4753,,389717.4876
"11-May-20",13.52,13.73,12.87,13.67,145606,4.645629,0.472,,487682.368
"12-May-20",13.6,13.6,12.93,12.94,119934,4.403755,0.4621,,464165.4672
"13-May-20",12.94,12.94,12.06,12.52,114472,4.562959,0.4717,,481356.7808
"14-May-20",12.24,12.64,11.865,12.61,137726,4.466002,0.4656,,474674.104
"15-May-20",12.62,13.05,12.385,12.87,98603,4.478499,0.4641,484443,478806.1408
"18-May-20",13.49,14.37,13.49,14.31,193985,4.470117,0.4534,,479622.3456
"19-May-20",14.04,14.6,13.94,14.21,98010,4.524422,0.4513,,487733.3808
"20-May-20",14.51,15.09,14.15,14.44,161014,4.426033,0.445,,482172.9856
"21-May-20",14.39,14.97,14.39,14.83,60692,4.54772,0.4437,,493293.776
"22-May-20",14.97,14.97,14.39,14.45,88311,4.575864,0.4496,,495691.3776
"25-May-20",,,,,,4.579488,0.4493,,494722.1344
"26-May-20",15.13,15.54,14.96,15.07,127769,4.590421,0.4541,,496456.5696
"27-May-20",15.41,16.07,15.28,16,109960,4.463246,0.4478,,488124.7668
"28-May-20",16.37,16.37,15.01,15.18,106551,4.5746,0.4485,,491225.202
"29-May-20",14.83,15.41,14.83,15.17,101308,4.462904,0.4434,510507,476449.6905
"01-Jun-20",15.18,15.66,15.15,15.23,92039,4.571837,0.4442,,484975.8873
"02-Jun-20",15.28,15.72,15.28,15.46,54456,4.71855,0.4386,,495536.7447
"03-Jun-20",15.8,16.3,15.8,16,102092,4.669711,0.4285,,489578.0958
"04-Jun-20",15.87,16.02,15.52,15.73,74221,4.828916,0.4318,,506049.1578
"05-Jun-20",16.55,16.57,15.89,15.91,131331,4.702899,0.4237,,494180.3043
"08-Jun-20",16.25,16.51,15.7801,16.07,114504,4.82506,0.4267,,510796.6992
"09-Jun-20",16.2,16.2,15.2,15.83,112564,4.580652,0.3975,,517449.8952
"10-Jun-20",15.95,16.18,15.09,15.12,94337,4.445335,0.394,,500960.5191
"11-Jun-20",14.45,14.72,14.29,14.31,137233,4.361626,0.3816,,491822.4438
"12-Jun-20",14.94,15.05,14.08,14.66,133858,4.42753,0.3832,,496978.5645
"15-Jun-20",14.4,15.69,14.37,15.64,136042,4.219784,0.3704,436939,470738.5047
"16-Jun-20",16.54,16.54,15.87,16.29,200540,4.266541,0.3827,,478345.059
"17-Jun-20",16.29,16.39,16.03,16.22,101401,4.38557,0.384,,490903.5312
"18-Jun-20",16,16.26,15.96,16.11,70543,4.269568,0.37,,467828.6148
"19-Jun-20",16.13,16.14,15.49,15.69,182078,4.237405,0.3615,,461855.6829
"22-Jun-20",15.63,15.82,15.39,15.59,71271,4.775702,0.3647,,478140.8562
"23-Jun-20",15.85,16.13,15.25,15.26,79152,4.80958,0.3582,,478396.1097
"24-Jun-20",15.03,15.0764,14.29,14.85,110687,4.73543,0.3541,,434579.5294
"25-Jun-20",14.65,15,14.5542,14.8,127462,4.572409,0.3414,,419374.0522
"26-Jun-20",14.72,14.77,14.4101,14.59,179546,4.671573,0.3275,,424704.708
"29-Jun-20",14.85,14.92,14.46,14.69,225339,4.6537,0.328,,419679.9095
"30-Jun-20",14.54,15.279,14.53,15.08,167076,4.567816,0.3381,506633,413606.4574
"01-Jul-20",15.14,15.33,14.84,14.99,147649,4.354752,0.3224,,390361.3026
"02-Jul-20",15.31,15.64,14.895,15,312806,4.192421,0.3169,,380661.2568
"03-Jul-20",,,,,,4.195482,0.3169,,380661.2568
"06-Jul-20",15.31,15.56,15.02,15.25,241238,3.943158,0.2963,,362266.1249
"07-Jul-20",15.27,15.27,14.91,15.01,280160,3.605909,0.2803,,336748.8873
"08-Jul-20",14.96,15.26,14.81,14.91,263269,3.718907,0.2903,,345618.749
"09-Jul-20",14.79,14.91,13.83,14.12,164627,3.275787,0.2386,,302012.2368
"10-Jul-20",14.07,14.51,14.07,14.35,202047,3.067972,0.2266,,346739.6252
"13-Jul-20",14.5,14.85,14.29,14.31,195304,2.751395,0.2057,,313149.8573
"14-Jul-20",14.37,14.87,14.16,14.8,195570,2.711507,0.1898,,311427.3051
"15-Jul-20",15.08,15.45,14.8,15.22,128953,2.872963,0.2089,469580,328956.8069
"16-Jul-20",15.09,15.24,14.9,15.23,99608,2.777598,0.1917,,318925.4735
"17-Jul-20",15.28,16.5,15.16,16.43,176890,2.578295,0.1635,,297798.8774
"20-Jul-20",16.31,16.35,15.785,16.14,110474,2.552084,0.1593,,295620.3555
"21-Jul-20",16.25,16.35,15.79,16,201582,2.472777,0.1546,,290098.0558
"22-Jul-20",16.22,16.88,16.06,16.71,101415,2.514932,0.1449,,294455.0996
"23-Jul-20",16.68,17.36,16.68,17.15,95279,2.455196,0.1225,,285690.3487
"24-Jul-20",17.49,17.745,16.71,17.16,136881,2.45357,0.1246,,409379.844
"27-Jul-20",17.4,18.08,17.26,18.03,94371,2.671308,0.1532,,444269.638
"28-Jul-20",17.9,18.285,17.46,17.61,130146,2.684986,0.1708,,449575.892
"29-Jul-20",17.72,17.94,17.59,17.78,75176,2.741159,0.1666,,450139.388
"30-Jul-20",17.49,17.99,17.18,17.55,81887,2.697568,0.1487,,437038.106
"31-Jul-20",17.56,17.56,16.87,17.31,118267,2.672668,0.1357,441553,432154.474
"03-Aug-20",17.37,17.83,17.3,17.52,137837,2.647593,0.1242,,427458.674
"04-Aug-20",17.5,17.77,17.46,17.76,103872,2.763301,0.1438,,444551.386
"05-Aug-20",17.92,18.04,17.68,17.93,133941,2.827157,0.1482,,456901.34
"06-Aug-20",18.04,18.15,17.81,18,73718,3.077072,0.1965,,495829.522
"07-Aug-20",18.14,18.18,17.56,18.17,74702,3.077222,0.1815,,492871.168
"10-Aug-20",18.21,19.24,18.17,18.4,116687,3.234649,0.2017,,516538
"11-Aug-20",18.67,18.73,17.91,18.01,166605,3.161854,0.1918,,517853.3584
"12-Aug-20",18.22,18.22,17.83,18,75143,3.164314,0.1911,,514056.0026
"13-Aug-20",17.91,18.24,17.53,18.12,96867,3.064306,0.197,,496482.1932
"14-Aug-20",17.93,18.41,17.88,18.21,99942,2.924117,0.177,387260,472991.5736
"17-Aug-20",18.19,18.38,18.19,18.32,84209,2.719904,0.1434,,438947.8373
"18-Aug-20",18.45,18.45,17.94,18.08,80891,2.519397,0.1138,,404153.4609
"19-Aug-20",18.17,18.17,17.8,17.87,50607,2.574785,0.1922,,406096.2941
"20-Aug-20",17.64,18.05,17.64,17.94,58458,2.583866,0.1523,,405610.5858
"21-Aug-20",17.79,18.29,17.79,18.23,80464,2.53599,0.1469,,394262.6737
"24-Aug-20",18.45,18.45,18.1401,18.4,52734,2.502499,0.1271,,390553.6285
"25-Aug-20",18.52,18.65,18.02,18.26,76781,2.479419,0.115,,314881.106
"26-Aug-20",18.23,18.415,18.14,18.31,67628,2.516936,0.1161,,317359.57
"27-Aug-20",18.35,18.66,18.06,18.14,54366,2.524122,0.1141,,315461.996
"28-Aug-20",18.3,18.34,17.977,18.3,42671,2.595642,0.1232,,321774.334
"31-Aug-20",18.28,18.28,17.73,17.77,87115,2.596993,0.1563,371578,322045.416
"01-Sep-20",17.7,18.45,17.7,18.19,198177,2.510637,0.1218,,314145.312
"02-Sep-20",18.16,18.242,17.64,17.98,147541,2.386094,0.0931,,300591.212
"03-Sep-20",18.02,18.05,17.67,17.75,90820,2.411251,0.1057,,305083.428
"04-Sep-20",17.93,18.19,17.46,17.83,70560,2.369651,0.0914,,298693.638
"07-Sep-20",,,,,,2.356016,0.0914,,298693.638
"08-Sep-20",17.72,17.93,17.4008,17.65,91862,2.363675,0.0878,,298383.83
"09-Sep-20",17.8,18.11,17.78,18.01,55575,2.430998,0.123,,304696.168
"10-Sep-20",18.08,18.31,17.875,18,75545,2.375599,0.1043,,341963.2334
"11-Sep-20",18.07,18.29,17.93,18.15,75457,2.370712,0.1018,,340476.9214
"14-Sep-20",18.29,18.51,18.13,18.36,106597,2.439152,0.1172,,348540.164
"15-Sep-20",18.36,19.07,18.36,18.66,93866,2.396535,0.107,369652,341182.9196
"16-Sep-20",18.88,19.34,18.88,18.92,143879,2.376409,0.1335,,338619.0314
"17-Sep-20",18.88,19.22,18.63,19.05,108219,2.407671,0.1327,,339139.2406
"18-Sep-20",19.21,19.21,18.265,18.5,133135,2.432601,0.1367,,344044.0702
"21-Sep-20",18.23,18.23,17.5,17.95,141824,2.465055,0.1546,,349134.6888
"22-Sep-20",18.1,18.62,17.89,18.48,154210,2.495585,0.1688,,354856.99
"23-Sep-20",18.41,18.521,17.57,17.64,124349,2.464684,0.1567,,352776.1532
"24-Sep-20",17.73,18.29,17.41,17.86,155076,2.412878,0.1808,,377710.4136
"25-Sep-20",17.71,18.09,17.71,17.94,72835,2.413733,0.1856,,376083.9448
"28-Sep-20",18.13,18.54,18.13,18.49,86827,2.477962,0.1663,,381480.864
"29-Sep-20",18.6,18.73,17.92,18.12,72433,2.627705,0.1838,,401959.5848
"30-Sep-20",18.04,18.26,17.5204,17.7,152851,2.686461,0.1885,394822,407208.6432
"01-Oct-20",17.62,17.98,17.45,17.93,180656,2.663398,0.2119,,404436.2532
"02-Oct-20",17.62,18.73,17.47,18.57,78794,2.647618,0.2074,,398521.8212
"05-Oct-20",18.71,18.71,17.99,18.48,93270,2.726543,0.2108,,398891.4732
"06-Oct-20",18.69,18.95,18.34,18.46,83880,2.761111,0.2097,,402218.3412
"07-Oct-20",18.69,18.72,18.29,18.5,188242,2.769894,0.2074,,400702.768
"08-Oct-20",18.81,19.07,18.55,18.99,101871,2.827797,0.2069,,399556.8468
"09-Oct-20",18.99,19.1,18.73,18.8,70406,2.848941,0.1976,,380213.586
"12-Oct-20",18.94,19.2,18.77,19.12,59693,2.929443,0.1976,,380213.586
"13-Oct-20",18.99,19.065,18.655,18.83,70608,2.91692,0.1935,,376620.7058
"14-Oct-20",18.93,18.93,18.4,18.45,29042,2.94496,0.1909,,371251.1266
"15-Oct-20",18.25,18.725,18.125,18.39,53458,2.940266,0.183,360090,362999.3468
"16-Oct-20",18.42,18.61,18.07,18.08,51243,2.932928,0.1812,,357906.143
"19-Oct-20",18.01,18.49,17.9992,18.16,61948,3.042371,0.189,,364815.528
"20-Oct-20",18.19,18.47,17.91,18.22,88131,3.034297,0.19,,363236.24
"21-Oct-20",18.225,18.225,17.605,17.71,62588,3.164752,0.2006,,376067.955
"22-Oct-20",17.7,17.7,17.2738,17.38,60300,3.390598,0.2191,,394111.3204
"23-Oct-20",17.582,17.99,17.54,17.84,45368,3.398783,0.211,,391584.4596
"26-Oct-20",17.6,17.6,17.02,17.21,52065,3.491963,0.2206,,393614.379
"27-Oct-20",17.13,17.3,16.8109,17.08,110089,3.498777,0.2181,,395414.829
"28-Oct-20",16.78,17.36,16.72,16.91,62259,3.512674,0.2237,,394946.712
"29-Oct-20",16.81,17.12,16.63,16.92,64020,3.635583,0.2358,,404381.07
"30-Oct-20",16.96,17,16.45,16.64,57425,3.757911,0.2358,609454,416768.166
"02-Nov-20",16.88,17.27,16.8,17.08,48485,3.704637,0.2251,,406793.673
"03-Nov-20",17.37,17.66,17.1,17.39,68889,3.71302,0.2225,,406181.52
"04-Nov-20",17.32,18.07,17.23,17.85,37908,3.774941,0.2299,,406109.502
"05-Nov-20",17.92,18.44,17.87,18.13,64690,3.914826,0.235,,418352.562
"06-Nov-20",19.42,19.58,18.46,18.85,173978,3.927373,0.2374,,422565.615
"09-Nov-20",19.75,20,18.08,18.16,236605,3.854401,0.2307,,427354.812
"10-Nov-20",18.45,19.7,18.11,19.11,115137,3.661042,0.2141,,595863.1758
"11-Nov-20",19.21,19.21,18.74,18.97,52688,3.699784,0.2141,,595863.1758
"12-Nov-20",18.85,18.85,17.92,18.3,97438,3.762437,0.2156,,598971.3912
"13-Nov-20",18.43,18.96,18.42,18.66,125358,3.74533,0.2195,473271,601287.3164
"16-Nov-20",19.03,19.48,18.8864,19.37,78414,3.849487,0.2187,,615182.8676
"17-Nov-20",19.25,19.61,19.15,19.32,63954,3.73846,0.2077,,594766.1586
"18-Nov-20",19.34,19.65,19.06,19.08,55866,3.797288,0.2125,,601226.371
"19-Nov-20",19.16,19.16,18.59,19.01,102549,3.643111,0.1968,,578920.3546
"20-Nov-20",18.88,19.19,18.83,19.16,71615,3.554617,0.1934,,566853.1654
"23-Nov-20",19.22,20.17,19.15,19.75,66280,3.58657,0.1976,,573739.9956
"24-Nov-20",20.01,20.48,19.72,19.8,94151,3.655887,0.2085,,460540.0101
"25-Nov-20",19.8,20.29,19.4,20.12,69002,3.591546,0.2051,,453677.5806
"26-Nov-20",,,,,,3.510681,0.1996,,444543.4503
"27-Nov-20",20.12,20.2012,19.64,19.94,33011,3.417387,0.1993,,430203.339
"30-Nov-20",19.94,19.94,19.21,19.46,80437,3.405733,0.1967,451620,434226.1425
"01-Dec-20",19.82,20.72,19.7,19.82,127230,3.451052,0.196,,442981.656
"02-Dec-20",20,20.06,19.18,19.34,119850,3.470857,0.1969,,439668.759
"03-Dec-20",19.34,20.21,19.34,19.99,83769,3.52698,0.1958,,441893.1327
"04-Dec-20",19.99,20.29,19.9,20.08,91366,3.575427,0.2098,,447998.3286
"07-Dec-20",20.01,20.49,19.83,20.21,70100,3.435742,0.2127,,430487.3016
"08-Dec-20",20.03,20.49,19.64,19.76,76673,3.164498,0.2116,,395559.9018
"09-Dec-20",19.83,19.94,19.4,19.51,43816,3.106658,0.2224,,400586.94
"10-Dec-20",19.34,19.71,19.134,19.68,59858,3.082582,0.2283,,397786.896
"11-Dec-20",19.61,19.67,19.16,19.52,61253,3.090159,0.2283,,397786.896
"14-Dec-20",19.52,19.67,19.0062,19.08,54984,3.035209,0.2423,,389341.602
"15-Dec-20",19.2,19.525,19.18,19.48,54253,3.024667,0.259,461935,384464.106
"16-Dec-20",19.39,19.69,19.32,19.52,66118,2.961899,0.2498,,374663.952
"17-Dec-20",19.59,20.12,19.59,20,60923
"18-Dec-20",19.98,20.895,19.98,20.77,229338,3.24479,0.3171,,413187.138
"21-Dec-20",20.31,20.57,20.08,20.53,196836,3.454271,0.3455,,444755.376
"22-Dec-20",20.52,20.66,20.42,20.63,59096,3.05878,0.3305,,388212.552
"23-Dec-20",20.73,21.25,20.41,20.74,66031,2.833968,0.3341,,354160.404
"24-Dec-20",20.74,21.37,20.64,21.32,41866,2.811628,0.3468,,416018.661
"25-Dec-20",,,,,,2.88912,0.3504,,422070.0095
"28-Dec-20",21.44,21.445,20.58,20.83,69593,2.897067,0.3634,,422947.686
"29-Dec-20",20.98,20.99,20.27,20.61,65963,2.849232,0.3626,,414355.695
"30-Dec-20",20.85,21.18,20.59,20.74,58954,2.620983,0.3472,,380218.6985
"31-Dec-20",20.85,20.85,20.17,20.18,76363,2.572487,0.3676,477888,372642.9645
"01-Jan-21",,,,,,2.6205,0.3692,,374721.672
"04-Jan-21",20.35,20.4139,20.03,20.17,109298,2.566986,0.3534,,362341.814
"05-Jan-21",20.24,20.48,20.15,20.19,174107,2.396078,0.355,,344187.7685
"06-Jan-21",20.47,21.165,20.26,20.71,98055,2.412728,0.3864,,346913.185
"07-Jan-21",20.74,21.225,20.53,21.09,111785,2.260247,0.4177,,326680.432
"08-Jan-21",21.09,21.54,20.915,21.25,135631,2.056573,0.4302,,294298.7885
"11-Jan-21",21.01,21.47,21,21.36,47300,1.792462,0.5263,,254433.798
"12-Jan-21",21.58,21.79,21.3601,21.71,48829,2.044007,0.4966,,369741.9456
"13-Jan-21",21.59,21.9641,21.44,21.84,75221,2.102544,0.4919,,381450.2016
"14-Jan-21",21.88,22.14,21.47,22.01,52763,2.024023,0.4853,,365966.6304
"15-Jan-21",21.72,22.28,21.65,21.9,78624,1.989813,0.4885,380379,363194.88
"18-Jan-21",,,,,,1.966675,0.4885,,363194.88
"19-Jan-21",22.09,22.3739,21.55,21.94,81186,2.015739,0.4933,,372083.5968
"20-Jan-21",21.94,22.9,21.94,22.62,89435,1.936847,0.4941,,359371.776
"21-Jan-21",22.74,23.09,22.64,22.74,115719,2.049447,0.4882,,382262.6112
"22-Jan-21",23.97,23.97,21.43,22.37,179818,1.84722,0.4849,,352155.6672
"25-Jan-21",22.85,23,21.56,22.27,86600,1.861764,0.4895,,359419.5648
"26-Jan-21",22.21,22.7,21.56,22.25,158973,1.878337,0.477,,367352.5056
"27-Jan-21",21.76,22.46,21.67,22.08,145271,1.698023,0.4782,,353638.3563
"28-Jan-21",22.24,22.24,21.56,22.01,85131,1.724579,0.4794,,357594.2979
"29-Jan-21",21.82,21.82,21.1,21.49,111076,1.698724,0.4851,435648,355273.986
"01-Feb-21",21.5,21.94,21.36,21.89,84342,1.860463,0.51,,392817.3933
"02-Feb-21",22.07,22.68,21.8253,22.38,80983,1.886826,0.5086,,397686.2445
"03-Feb-21",22.29,22.45,21.87,22.24,77062,1.843548,0.5165,,390497.0814
"04-Feb-21",22.1,22.54,22.1,22.32,111357,1.930027,0.5154,,411836.3433
"05-Feb-21",22.35,23.11,22.28,22.98,122894,1.905332,0.521,,412521.0255
"08-Feb-21",23.31,24.09,23.31,23.88,154945,1.408688,0.6211,,305520.4128
"09-Feb-21",23.88,23.88,23.46,23.69,76842,1.444877,0.6407,,383152.416
"10-Feb-21",23.63,23.905,23.2916,23.66,83635,1.44867,0.6427,,374134.5024
"11-Feb-21",23.68,24.0093,23.56,23.62,89656,1.27211,0.6544,,327084.5184
"12-Feb-21",23.56,23.8,22.83,23.18,102464,1.282601,0.6485,365162,332660.8128
"15-Feb-21",,,,,,1.292029,0.6485,,332660.8128
"16-Feb-21",23.23,23.29,22.62,22.76,118496,0.876309,0.76,,226754.784
"17-Feb-21",22.56,22.7976,22.28,22.44,80203,1.276598,0.6882,,330439.008
"18-Feb-21",22.44,22.61,21.68,21.72,56060,1.188227,0.6815,,307131.84
"19-Feb-21",21.72,22.14,21.72,21.9,85364,1.32966,0.6768,,345512.4288
"22-Feb-21",21.68,22.1,21.65,21.86,67118,1.014587,0.6921,,262870.0032
"23-Feb-21",21.87,22.05,21.6,21.75,89519,1.007175,0.715,,260866.0224
"24-Feb-21",21.78,22.115,21.74,21.88,68237,1.006821,0.715,,286360.0404
"25-Feb-21",21.87,22.26,21.185,21.25,63583,0.892527,0.7018,,252509.523
"26-Feb-21",21.25,21.81,21.185,21.29,69837,0.87937,0.7098,348769,248821.3868
"01-Mar-21",21.36,21.895,21.36,21.65,62801,0.810241,0.7169,,230891.9326
"02-Mar-21",21.66,22.155,21.51,21.95,99177,0.849197,0.7245,,240787.8228
"03-Mar-21",22.03,22.42,21.84,22.06,108755,0.921406,0.7014,,260725.668
"04-Mar-21",22.16,22.58,21.394,21.7,112361,0.972684,0.699,,276683.2474
"05-Mar-21",21.9,21.91,21.48,21.75,101331,0.980068,0.7141,,279275.8976
"08-Mar-21",21.92,22.52,21.68,22.36,107519,0.936335,0.7076,,268613.1672
"09-Mar-21",22.57,23.27,22.49,22.92,96949,0.849398,0.7426,,342805.0501
"10-Mar-21",23.03,23.25,22.98,23,80202,0.950578,0.7299,,386122.1599
"11-Mar-21",23.06,23.33,23,23.21,97995,0.976301,0.7104,,399235.8743
"12-Mar-21",23.22,23.402,23.06,23.28,91295,0.790074,0.6864,,324773.6928
"15-Mar-21",23.31,23.31,22.74,23.18,175231,0.966299,0.8765,338516,405583.4701
"16-Mar-21",23.43,23.65,23.2637,23.48,126515,0.837004,0.7904,,355639.7493
"17-Mar-21",23.45,24.29,23.295,24.18,379361,0.906501,0.8718,,405548.5932
"18-Mar-21",24.16,24.7,23.58,23.82,269459,1.203116,0.8457,,556286.555
"19-Mar-21",23.63,23.96,23.265,23.63,242086,2.72517,0.6921,,1262508.9031
"22-Mar-21",23.61,23.7,23.26,23.53,108935,1.777284,0.6327,,812178.3703
"23-Mar-21",23.34,23.87,22.79,22.98,136616,0.671934,0.6418,,310788.0559
"24-Mar-21",23.23,23.67,22.72,22.79,118033,0.854056,0.6798,,332388.8604
"25-Mar-21",22.69,22.94,22.05,22.84,115332,0.917874,0.6295,,361264.2752
"26-Mar-21",22.94,23.35,22.86,23.26,122954,0.820122,0.6409,,323519.7412
"29-Mar-21",22.96,23.3,22.81,22.88,111267,0.797551,0.645,,316580.1632
"30-Mar-21",22.91,23.595,22.9,23.4,169462,0.618606,0.6566,,249317.034
"31-Mar-21",23.51,23.71,23.26,23.28,127965,0.676163,0.6337,318829,275281.2112
"01-Apr-21",23.47,24.36,23.35,24.23,125529
"02-Apr-21",,,,,,1.417794,0.8457,,581299.6752
"05-Apr-21",24.51,24.58,24.22,24.54,90386,0.83338,0.7303,,340750.2056
"06-Apr-21",24.59,24.77,24.39,24.56,102960,0.595441,0.6305,,240989.5404
"07-Apr-21",24.46,24.638,23.92,24.04,108761,0.571377,0.6224,,231578.7956
"08-Apr-21",24.28,24.33,23.86,24.26,291719,0.537094,0.6261,,223386.7084
"09-Apr-21",24.45,24.78,24.36,24.72,101631,0.561866,0.622,,269378.6221
"12-Apr-21",24.77,25.18,24.6915,24.8,121125,0.621654,0.6231,,301165.8734
"13-Apr-21",24.8,24.99,24.78,24.9,70602,0.52773,0.621,,256466.0476
"14-Apr-21",25,25.37,24.92,25.06,74641,0.573364,0.6181,,278624.6631
"15-Apr-21",25.18,25.51,25.02,25.29,88004,0.555802,0.6214,323945,271419.1277
"16-Apr-21",26.55,26.55,25.56,25.8,151090,0.571682,0.62,,282004.2505
"19-Apr-21",25.47,25.67,25.03,25.53,113352,0.509247,0.6332,,251077.8375
"20-Apr-21",25.48,25.59,24.415,24.51,158231,0.546441,0.6325,,272248.0831
"21-Apr-21",26.46,26.46,24.75,25.26,133488,0.611635,0.6411,,306554.0835
"22-Apr-21",25.21,25.34,24.86,25.07,82141,0.631278,0.6314,,314971.1691
"23-Apr-21",25.05,25.54,24.94,25.4,102534,0.63118,0.635,,311655.3475
"26-Apr-21",25.54,25.79,25.39,25.44,84956,0.71705,0.6533,,422489.069
"27-Apr-21",25.46,25.56,25.2971,25.42,212975,0.729697,0.6549,,433082.0705
"28-Apr-21",25.36,25.465,25.17,25.3,71280,0.81932,0.6416,,481414.6645
"29-Apr-21",25.52,25.5899,25.28,25.4,93586,0.82439,0.6322,,484945.665
"30-Apr-21",25.2,25.5,25.18,25.34,186215,0.869594,0.7011,341573,516789.4585
"03-May-21",25.49,25.665,25.33,25.35,140629,0.798208,0.6753,,480410.435
"04-May-21",25.23,25.555,25.23,25.34,98863,1.101398,0.8365,,664832.3235
"05-May-21",25.3,25.4,25.04,25.22,95337,1.442429,0.7789,,868820.49
"06-May-21",25.12,25.17,24.81,25.08,216662,0.89949,0.8341,,548665.6465
"07-May-21",25.08,25.3,25.025,25.24,232622,0.811274,0.783,,502147.1445
"10-May-21",25.24,25.45,24.96,25,147738,0.94963,0.7259,,590746.102
"11-May-21",24.69,24.69,23.36,23.5,92954,1.19024,0.7668,,489986.4685
"12-May-21",23.3,23.45,22.39,22.47,132731,0.943157,0.6679,,390452.0963
"13-May-21",22.49,23.09,22.49,22.99,123971,0.586057,0.6386,,243302.4479
"14-May-21",23.21,23.6,23,23.47,67535,0.65027,0.6384,451547,267998.1758
"17-May-21",23.44,23.52,23.01,23.13,59862,0.530171,0.7611,,216864.6977
"18-May-21",23.04,23.19,22.82,22.84,67158,0.538429,0.7639,,219870.5401
"19-May-21",22.57,23,22.3,22.92,69237,0.539144,0.7642,,220519.5288
"20-May-21",22.82,23.03,22.66,23.03,52307,0.583281,0.7555,,237564.0215
"21-May-21",23.24,23.3099,22.56,22.69,70765,0.606944,0.7563,,245590.987
"24-May-21",22.8,23.01,22.55,22.91,49165,0.591027,0.7569,,239579.3022
"25-May-21",22.9,23.25,22.58,22.6,70943,0.649298,0.7456,,443599.7728
"26-May-21",22.65,23.14,22.62,22.94,74350,0.62042,0.7449,,424454.18
"27-May-21",23.13,23.24,22.94,22.94,76671,0.6248,0.7402,,427840.7825
"28-May-21",22.92,23.08,22.787,23.01,44229,0.872615,0.7,453427,591571.7247
"31-May-21",,,,,,0.870955,0.7002,,590442.8572
"01-Jun-21",23.07,23.19,22.71,23.02,111632,0.650069,0.7383,,440213.1703
"02-Jun-21",23.07,23.34,22.8,22.89,71078,0.661836,0.7354,,448657.0992
"03-Jun-21",22.76,22.77,22.31,22.48,53713,0.568845,0.7637,,383363.403
"04-Jun-21",22.46,22.74,22.25,22.69,50987,0.621046,0.7556,,415468.3947
"07-Jun-21",22.7,23.07,22.6269,22.92,77819,0.610631,0.7542,,407566.3222
"08-Jun-21",23.005,23.74,22.88,23.56,268824,0.618808,0.7515,,421067.5775
"09-Jun-21",23.76,23.76,22.89,22.96,99025,0.627758,0.7422,,327056.8951
"10-Jun-21",23.13,23.13,22.17,22.25,97605,0.921568,0.6977,,480179.193
"11-Jun-21",22.22,22.415,21.38,21.66,160973,0.708164,0.7205,,372762.3367
"14-Jun-21",21.6,21.85,21,21.2,207809,0.763256,0.7092,,408991.154
"15-Jun-21",21.11,21.62,20.75,21.33,193536,0.672971,0.7237,378289,363693.7967
"16-Jun-21",21.31,21.58,21.1,21.17,61634,0.715673,0.7141,,381377.4497
"17-Jun-21",21.14,21.36,20.75,20.84,110367,0.704137,0.7137,,374485.3593
"18-Jun-21",20.8,21.02,20.55,20.66,121804,0.736728,0.7168,,379246.3428
"21-Jun-21",20.78,21.2,20.78,21.06,82588,0.675289,0.7306,,333540.9012
"22-Jun-21",21.1,21.1,20.62,20.78,97938,0.659213,0.7477,,324880.4455
"23-Jun-21",20.85,21.05,20.64,20.67,147332,0.619251,0.7531,,306743.3655
"24-Jun-21",20.75,20.84,20.56,20.84,129900,0.578852,0.7606,,297940.4164
"25-Jun-21",20.803,21.02,20.71,20.72,307747,0.591943,0.7396,,312428.8851
"28-Jun-21",20.71,20.82,20.325,20.79,146365,0.66785,0.7341,,353700.215
"29-Jun-21",20.86,20.99,20.77,20.78,96260,0.71137,0.6691,,375678.8059
"30-Jun-21",20.85,21.07,20.85,20.91,61818,0.864753,0.6653,467948,453757.6555
"01-Jul-21",21.03,21.38,20.95,21.18,170578,0.713518,0.664,,373900.8476
"02-Jul-21",21.27,21.27,21.03,21.04,69739,0.667135,0.6669,,346966.6708
"06-Jul-21",21.1,21.1,20.17,20.53,62244,0.67314,0.6693,,348782.458
"07-Jul-21",20.43,20.89,20.32,20.68,97560,0.670164,0.6666,,346966.6708
"08-Jul-21",20.33,20.72,20.05,20.3,64905,0.715861,0.6659,,368453.486
"09-Jul-21",20.44,20.68,20.36,20.52,49938,0.798816,0.6151,,397581.739
"12-Jul-21",20.36,20.63,20.32,20.5,194165,0.76096,0.6359,,395696.8288
"13-Jul-21",20.48,20.48,19.7,19.77,110824,0.780761,0.639,,405430.1472
"14-Jul-21",19.9,20.1905,19.6,19.69,89671,0.740486,0.5917,,385542.3572
"15-Jul-21",19.59,19.74,19.31,19.49,132878,0.978704,0.592,482833,513666.5196
"16-Jul-21",19.67,19.8,19.06,19.32,115991,1.052218,0.5925,,554377.9956
"19-Jul-21",18.99,19.08,18.41,18.57,211646,1.060095,0.5564,,563175.418
"20-Jul-21",18.68,19.74,18.52,19.53,194108,1.076997,0.5606,,578430.5228
"21-Jul-21",20.21,21.11,20.21,20.87,262244,1.126681,0.5629,,613573.4176
"22-Jul-21",20.95,21.15,20.3314,20.38,120523,1.252863,0.5981,,681145.1088
"23-Jul-21",20.53,21.12,20.53,20.87,112853,1.009627,0.6056,,551149.1544
"26-Jul-21",21.09,21.34,20.67,20.74,113438,0.760216,0.799,,390660.1803
"27-Jul-21",20.54,20.94,20.5187,20.73,86646,0.903879,0.7225,,464581.9126
"28-Jul-21",20.97,21.11,20.54,20.63,70679,0.965198,0.7294,,486743.9473
"29-Jul-21",20.71,21.23,20.56,20.9,95379,0.931138,0.7355,,471100.1581
"30-Jul-21",20.68,20.89,20.28,20.47,86498,0.897607,0.7315,484611,453718.1701
"02-Aug-21",20.65,21.07,20.35,20.74,163465,0.921938,0.7134,,464581.9126
"03-Aug-21",20.86,20.86,20.3,20.55,74125,0.83596,0.7484,,418905.9108
"04-Aug-21",20.27,20.65,20.1488,20.44,84476,0.898213,0.7371,,446717.0916
"05-Aug-21",20.677,21.13,20.64,20.93,100279,0.90971,0.7288,,452559.3709
"06-Aug-21",21.19,21.33,20.72,20.84,62454,0.975916,0.7738,,483315.833
"09-Aug-21",20.67,20.67,20.43,20.44,55139,0.970195,0.7318,,462022.8977
"10-Aug-21",20.39,20.66,20.37,20.41,32757,1.128448,0.6803,,567818.7087
"11-Aug-21",20.36,20.88,20.24,20.85,43752,1.137869,0.6876,,564087.204
"12-Aug-21",20.82,20.82,20.3266,20.54,54265,1.135768,0.6883,,559919.5494
"13-Aug-21",20.48,20.805,20.45,20.56,58503,1.16716,0.6902,472307,569175.6195
"16-Aug-21",20.4,20.96,20.385,20.75,57204,1.169404,0.7007,,567818.7087
"17-Aug-21",20.56,20.64,20.04,20.1,71537,1.166463,0.6917,,563602.593
"18-Aug-21",20.12,20.39,19.795,19.86,54612,1.177943,0.6915,,568739.4696
"19-Aug-21",19.61,19.96,19.43,19.56,62294,1.342453,0.6838,,647682.6015
"20-Aug-21",19.52,20.25,19.52,20.16,53123,1.345975,0.6848,,647827.9848
"23-Aug-21",20.4,20.52,20.12,20.45,39034,1.334507,0.6837,,644193.4023
"24-Aug-21",20.51,21.05,20.44,20.76,52858,1.317521,0.6871,,523741.2323
"25-Aug-21",20.89,21.12,20.72,20.86,42195,1.386824,0.6834,,550757.1927
"26-Aug-21",20.92,20.92,20.45,20.72,36416,1.375473,0.6823,,543436.4342
"27-Aug-21",20.86,21.66,20.86,21.37,145705,1.324231,0.6868,,528794.9172
"30-Aug-21",21.52,21.52,20.89,21.21,34777,1.236987,0.7007,,495261.1202
"31-Aug-21",21.27,21.27,20.79,20.79,48940,1.726602,0.6668,502474,685648.0719
"01-Sep-21",20.88,21.09,20.72,20.98,38988,1.242341,0.6417,,488696.0529
"02-Sep-21",21,21,20.55,20.56,36433,1.216014,0.7011,,473015.4605
"03-Sep-21",20.59,20.64,20.15,20.43,37257,1.216241,0.6595,,470701.1562
"06-Sep-21",,,,,,1.198316,0.6595,,470701.1562
"07-Sep-21",20.32,20.49,20.13,20.31,33465,1.131509,0.6571,,439859.5091
"08-Sep-21",20.26,20.42,19.825,20,88837,1.109809,0.659,,432160.905
"09-Sep-21",20,20.37,19.9119,19.99,57769,1.108823,0.6567,,417897.2336
"10-Sep-21",20.14,20.27,19.98,19.99,49716,1.186552,0.6589,,325150.9254
"13-Sep-21",20.26,20.38,20.06,20.3,85389,1.238851,0.6459,,335351.1476
"14-Sep-21",20.41,20.41,19.835,19.96,91425,1.413069,0.6415,,382231.9718
"15-Sep-21",20.06,20.18,19.91,20.11,57439,1.326057,0.6489,474272,350023.3884
"16-Sep-21",20.1,20.11,19.62,19.62,90611,1.574231,0.6408,,408511.362
"17-Sep-21",19.68,19.7172,19.33,19.64,112819,1.479899,0.6438,,387306.9592
"20-Sep-21",19.05,19.43,18.59,18.93,53204,1.414148,0.6436,,364695.6292
"21-Sep-21",19.11,19.11,18.5,18.97,61302,0.933701,0.6713,,239579.6032
"22-Sep-21",19.19,19.48,19.08,19.13,30454,0.940063,0.6689,,239077.1292
"23-Sep-21",19.37,19.395,18.84,19.13,81310,0.89707,0.6646,,227520.2272
"24-Sep-21",19.09,19.37,18.94,19.01,42523,0.873787,0.6734,,294854.9024
"27-Sep-21",19,19.7,19,19.17,68492,0.816926,0.6686,,261940.4256
"28-Sep-21",19.03,19.09,18.59,18.88,72232,0.81747,0.6752,,261561.008
"29-Sep-21",18.92,19.07,18.67,18.99,36583,0.765964,0.6571,,240123.9136
"30-Sep-21",19.17,19.2,18.55,18.63,51291,0.788494,0.6634,432897,245103.7696
"01-Oct-21",18.7,19.35,18.6,19.26,48531,0.770732,0.6488,,238985.6608
"04-Oct-21",19.07,19.52,18.7345,19.39,85466,0.476368,0.6631,,145601.504
"05-Oct-21",19.55,19.55,19.06,19.31,69283,0.484869,0.6628,,147925.4368
"06-Oct-21",19.09,19.28,18.88,19.19,61955,0.52118,0.6559,,158454.2752
"07-Oct-21",19.4,19.9,19.34,19.46,117809,0.487051,0.6596,,149632.816
"08-Oct-21",19.44,19.67,19.03,19.39,67934,0.529876,0.6545,,161869.0336
"11-Oct-21",19.43,19.65,19.1469,19.51,24932,0.530907,0.6545,,285928.4685
"12-Oct-21",19.59,19.74,19.37,19.73,55666,0.607714,0.647,,325798.2822
"13-Oct-21",19.75,19.84,19.47,19.68,23764,0.479591,0.6758,,248742.6162
"14-Oct-21",19.84,20,19.72,19.83,38858,0.633258,0.6657,,323763.6663
"15-Oct-21",20.22,20.24,19.49,19.5,51300,0.619508,0.649,430386,314283.222
"18-Oct-21",19.37,19.8,19.3,19.58,50811,0.557622,0.6568,,275755.389
"19-Oct-21",19.64,19.84,19.4,19.56,39846,0.624806,0.6503,,306837.3936
"20-Oct-21",19.56,20.17,19.46,19.96,33144,0.627523,0.6534,,296707.6038
"21-Oct-21",20,20.2686,19.79,20.22,43723,0.635347,0.6548
"22-Oct-21",20.15,20.31,19.89,20.01,34676,0.678795,0.6588
"25-Oct-21",19.98,20.2913,19.67,19.72,50067,0.942322,0.6499
"26-Oct-21",19.88,19.91,19.55,19.84,38419,1.15419,0.6363
"27-Oct-21",19.81,19.96,19.52,19.65,33269,1.165719,0.6335
"28-Oct-21",19.79,20,19.67,19.78,34178,1.019559,0.6401
"29-Oct-21",19.71,20.02,19.45,19.57,125446,0.948139,0.6415
"01-Nov-21",19.61,20.38,19.61,20.34,72990,0.936506,0.6371
"02-Nov-21",20.44,20.58,20.11,20.2,65584,0.700804,0.6739
"03-Nov-21",20.29,20.83,20.01,20.74,53135
"19-Nov-21",,,,,,,,,,,0