"Date","open KZR Price in USD","high KZR Price in USD","low KZR Price in USD","close KZR Price in USD","KZR Volume","Days to cover 3m (on loan)","Cost To Borrow","Exchange Reported SI","Estimated Short Interest","Dividends","hidden"
"21-Jun-18",20,20.48,16.74,17.75,1716673
"22-Jun-18",17.81,18.3,17.605,17.79,191482
"25-Jun-18",17.44,17.7,16.751,17.15,147529,,5.108
"26-Jun-18",17.2,18,17.076,17.71,115438
"27-Jun-18",17.93,17.93,16.0033,17.23,63348,,0.7566
"28-Jun-18",17.73,17.73,16.2333,17.2,17354,,1.2988
"29-Jun-18",17.4,17.785,17.05,17.3,28492
"02-Jul-18",17.21,17.78,17.06,17.26,37412,,1.5443
"03-Jul-18",17.3,18.5,17.1443,17.21,32009,,1.4534
"04-Jul-18",,,,,,,1.4534
"05-Jul-18",17.3,17.755,17.05,17.25,53372,0.043693,1.5507
"06-Jul-18",17.6965,17.6973,17.2,17.2,19417
"09-Jul-18",17.45,17.5,17.2,17.21,16309,0.131374,1.0881
"10-Jul-18",17.051,17.45,17.05,17.44,79756,0.136783,0.9794
"11-Jul-18",17.375,17.49,17.015,17.13,22057,0.13776,0.8386
"12-Jul-18",17.49,17.49,16.15,16.5,54026,0.137012,0.7601
"13-Jul-18",16.27,16.7,14.77,15.8,144598,0.134343,0.7338
"16-Jul-18",16.03,16.38,15.105,16.15,94798
"17-Jul-18",16.42,16.42,15.36,15.92,67900,0.494352,0.9384
"18-Jul-18",16.4,17.5,16.015,16.66,71470
"19-Jul-18",16.54,17.2,15.94,16.5,43059
"20-Jul-18",16.39,16.7726,15.94,16.13,25264,0.769652,1.0086
"23-Jul-18",16.39,16.55,16,16.05,19978,0.817705,1.0028
"24-Jul-18",16.1,16.34,16,16,248244,0.790761,1.0055
"25-Jul-18",16.06,16.54,15.38,16,141911
"26-Jul-18",16.11,16.6194,15.2739,15.56,108158,1.690987,1.9835
"27-Jul-18",15.84,16.215,15.3,15.5,17018,1.543829,1.8683
"30-Jul-18",15.609,16.5,15.345,15.5,15917,1.211356,1.4032
"31-Jul-18",15.35,16.67,15.25,16.31,20647
"01-Aug-18",16.74,16.74,15.6,15.62,33314,1.282632,1.3658
"02-Aug-18",15.85,16.75,15.42,16.22,12063,1.361844,1.3826
"03-Aug-18",16.22,16.645,15.8,16.3,7021
"06-Aug-18",16.41,16.41,15.7061,16.29,6047,1.422185,1.3478
"07-Aug-18",16.42,16.5,15.88,15.99,29896,1.352279,1.263
"08-Aug-18",16.35,16.5,15.9,16.49,73166
"09-Aug-18",16.245,16.7,15.7161,16.4,9940
"10-Aug-18",15.81,16.99,15.6,16.7,6065,2.264742,2.0468
"13-Aug-18",16.51,16.7,16.025,16.11,7179,2.34665,2.0613
"14-Aug-18",16.11,16.899,16.11,16.7,58288,2.370677,2.0632
"15-Aug-18",17,17.1552,16.545,16.545,18878,2.18472,2.1078
"16-Aug-18",16.72,17.3,16.11,16.7,5865,2.18274,2.1024
"17-Aug-18",16.62,17.28,16.62,16.8,4920,2.054079,1.9297
"20-Aug-18",16.75,17.21,16.25,16.5,16081,2.047076,1.9325
"21-Aug-18",16.696,16.97,16.64,16.85,6416,2.072562,1.9397
"22-Aug-18",16.76,16.95,16.11,16.27,12799,2.132911,1.9598
"23-Aug-18",16.27,16.96,16.27,16.7,5753,2.164448,1.965
"24-Aug-18",16.8,17.3,16.515,17.3,33087,2.185932,1.9722
"27-Aug-18",17.4,17.65,16.81,17.2,21588,2.230799,1.9804
"28-Aug-18",17.25,17.56,16.95,17.15,16300,2.220942,2.0079
"29-Aug-18",17.11,17.56,17.08,17.18,6827,2.256016,2.0201
"30-Aug-18",17.15,17.6,16.64,17.55,28008,2.226547,2.048
"31-Aug-18",17.53,18.5,16.87,17.27,121555
"03-Sep-18",,,,,,2.172712,2.0737
"04-Sep-18",17.24,18,16.75,17.04,73240,2.174501,2.074
"05-Sep-18",17.1,18,16.75,17,37441,2.12602,2.0968
"06-Sep-18",16.91,18.37,16.91,18.3,45639,2.051757,2.1278
"07-Sep-18",18.3,19.5,17.6656,18.76,62278,1.965692,2.1591
"10-Sep-18",19.07,19.34,18.02,18.41,92614,1.917289,2.2078
"11-Sep-18",18.48,19.725,18.06,19.25,81316,1.916617,2.2677
"12-Sep-18",19.36,21.34,18.55,20.66,76020
"13-Sep-18",20.93,21.21,18.56,19.8,32875,1.808685,2.4479
"14-Sep-18",19.7,20.79,19,20.49,58157,1.664736,2.4431
"17-Sep-18",20.63,20.7,19.325,19.84,37918,1.727745,2.5012
"18-Sep-18",19.73,20.36,18.3561,20.03,33802,1.460806,2.5591
"19-Sep-18",19.89,20.83,19.01,19.34,37942,1.46355,2.5508
"20-Sep-18",19.39,20.7,19.0691,20.03,50180,1.458337,2.586
"21-Sep-18",20.22,20.35,19.1994,19.64,515059,1.350428,2.4952
"24-Sep-18",19.77,20.58,19.77,20.41,18536,2.168395,2.6793
"25-Sep-18",20.59,20.995,20,20.48,44188,6.673472,4.4851
"26-Sep-18",20.6126,20.6832,19.5,19.92,12980,7.038533,4.3821
"27-Sep-18",19.99,21.03,19.805,20.65,25810,7.18551,4.3839
"28-Sep-18",20.73,22,20.27,21.41,33897,7.394788,4.6123
"01-Oct-18",21.41,21.41,20.72,21.18,46062,7.291319,4.596
"02-Oct-18",21.13,21.13,19.67,20.55,10781,7.605521,4.6581
"03-Oct-18",20.67,20.67,19.48,20.21,21891,7.583347,4.658
"04-Oct-18",20.16,21.17,19.9,20.6,21656,6.935084,4.565
"05-Oct-18",20.76,21.15,20.28,20.9,32101,6.925166,4.4829
"08-Oct-18",20.88,22,20.71,21.74,138358,6.687614,4.4829
"09-Oct-18",21.75,23,21.05,22.83,195963,6.3429,4.4459
"10-Oct-18",22.81,23.84,22.3021,23.26,47597,6.058627,4.3836
"11-Oct-18",23.14,23.14,20.7,21.9,95248,6.25716,4.446
"12-Oct-18",22.02,24.891,21.0165,22.37,67921,7.134596,4.58
"15-Oct-18",22.25,23.74,21.86,23.48,49909,9.521659,4.8497
"16-Oct-18",23.59,23.86,22.3,22.71,55310,6.62913,4.4529
"17-Oct-18",22.74,23.5,22.43,23.38,31556,6.540826,4.4471
"18-Oct-18",23.51,25.5,23.09,25.13,52876,7.944266,4.3901
"19-Oct-18",25.39,26.31,24.39,25.5,110896,7.426824,4.3147
"22-Oct-18",25.29,26.75,24.96,25.76,59477,7.382773,4.3303
"23-Oct-18",25.31,26.86,24.0205,24.67,99671,8.226126,4.6877
"24-Oct-18",24.7,25.465,22.85,23.38,40073,8.139663,4.6934
"25-Oct-18",23.56,24.25,21.83,24.24,85409,8.785127,4.6614
"26-Oct-18",23.93,25.62,21.9067,25.08,85520
"29-Oct-18",25.14,25.14,23.96,24.11,106817
"30-Oct-18",24.11,26.7,23.8,25.44,49028
"31-Oct-18",25.78,25.78,22.76,24.73,72818
"01-Nov-18",24,24.875,23.3,24,43848
"02-Nov-18",24.18,25.17,24.09,24.96,22189
"05-Nov-18",25.06,25.06,22.5,23.58,73943,6.698947,4.2862
"06-Nov-18",23.61,23.945,22.715,22.99,69690,7.30851,4.1906
"07-Nov-18",23.21,24.175,22.49,23,118000,7.023785,4.2258
"08-Nov-18",23.48,24.5,22.92,24,168138,6.565707,4.1461
"09-Nov-18",24.98,25.03,23.56,24.58,29279,6.637792,4.0835
"12-Nov-18",24.68,26.54,24.19,26.19,27050,6.518604,4.0835
"13-Nov-18",26.5,26.5,24.62,24.99,36506,7.174436,4.1061
"14-Nov-18",25.94,26,24.85,25.73,24193,7.438012,4.1232
"15-Nov-18",25.9,25.9,24.66,24.88,21972,7.507672,4.1205
"16-Nov-18",24.6,26.25,23.61,25.9,89546,7.375129,4.1282
"19-Nov-18",26.09,26.5,23.42,23.79,23919,7.136642,4.1397
"20-Nov-18",23.35,24.89,22.8248,24.46,11594,7.205499,4.1334
"21-Nov-18",24.8,25.25,24.4,25.02,8599,7.117573,4.1171
"22-Nov-18",,,,,,7.030947,4.1187
"23-Nov-18",24.9,25.75,24.9,25.75,2611,7.049108,4.121
"26-Nov-18",25.85,25.88,23.99,24.23,9416,6.738148,4.1117
"27-Nov-18",23.99,24.265,23.0091,23.97,65489,6.572123,4.0581
"28-Nov-18",24.11,25.34,23.7438,25.32,29676,6.016367,4.0122
"29-Nov-18",25.44,26.7,25.44,26.55,27030,5.816904,3.9936
"30-Nov-18",26.78,30,26.1212,29.68,55050,6.091773,3.9966
"03-Dec-18",30.99,30.99,28.0474,29.65,22245
"04-Dec-18",29.65,29.99,27.72,28.64,19591
"06-Dec-18",28.51,29.97,27.29,28.2,36719,7.169187,3.6666
"07-Dec-18",27.93,28.87,27,27.85,11151,7.092966,3.6442
"10-Dec-18",27.54,27.54,25.95,26.73,19899,7.755607,3.6194
"11-Dec-18",26.86,27.68,26.01,26.85,49236,7.058811,3.5261
"12-Dec-18",27.37,30,26.784,29.3,43927,7.172473,3.5314
"13-Dec-18",29.85,36.3268,29.85,32.9,125551,7.449862,3.5516
"14-Dec-18",32.08,32.23,29.02,29.98,44417,7.132954,3.5648
"17-Dec-18",29.43,29.79,22.03,22.69,78750,6.840543,3.6007
"18-Dec-18",23.86,24,21.965,22.74,97891,6.262758,3.6297
"19-Dec-18",22.75,22.75,19.5,20.3,110390
"20-Dec-18",20.21,23.0299,20.21,22.38,183469,5.526158,3.6656
"21-Dec-18",22.43,23,20.68,22.37,237121
"24-Dec-18",22.61,22.749,20.62,21.33,18155
"25-Dec-18",,,,,,8.421907,3.7311
"26-Dec-18",21.05,23.05,21.05,22.38,55577
"27-Dec-18",22,22.88,20.19,22.4,98135
"28-Dec-18",22.4,22.93,21.755,22.68,65978
"31-Dec-18",22.9,23.64,21.25,23.6,110317,5.046433,3.6658
"02-Jan-19",22.99,23.09,21.94,22.74,26448
"03-Jan-19",22.15,23.525,21.01,23.14,74575
"04-Jan-19",23,24.6,22.72,22.85,82376
"07-Jan-19",22.51,23.7,21.815,23.09,58012
"08-Jan-19",22.75,23.33,22.33,22.78,87381
"09-Jan-19",22.54,23.42,22.54,22.86,50817
"10-Jan-19",23,23.5,22.45,23.1,56390
"11-Jan-19",23.1,23.92,22.74,23.51,31977
"14-Jan-19",23.5,23.99,22.885,23.2,64208
"15-Jan-19",23.59,24.165,23.1552,23.75,64473
"16-Jan-19",24.07,24.16,21.19,22.38,79599
"17-Jan-19",22.38,22.49,20.86,21.26,44263
"18-Jan-19",21.43,21.9196,20.28,20.57,25645
"22-Jan-19",20.38,21.99,19.81,19.81,46207
"23-Jan-19",19.4,20.4,18.9675,19.8,21881
"24-Jan-19",19.76,22.29,18.5,19.07,35001
"25-Jan-19",19.25,19.5099,18.9,19.24,100241,5.218866,3.5356
"28-Jan-19",19.24,19.25,18.2,18.73,39643,4.089789,3.2598
"29-Jan-19",18.65,19.0573,17.29,17.48,26835,4.455236,3.3133
"30-Jan-19",17.36,17.89,16.87,17.21,39781,4.888991,3.3055
"31-Jan-19",17.18,18.29,17.15,17.91,13656,4.434573,3.2172
"01-Feb-19",18.0816,18.5708,17.364,17.74,21067,4.675369,3.2604
"04-Feb-19",17.98,18.6,17.98,18.14,20616,4.755649,3.2437
"05-Feb-19",17.93,18.5,17.92,18.39,6289,4.605934,3.2791
"06-Feb-19",18.2,18.5,18.2,18.33,3093,5.114508,3.3713
"07-Feb-19",18.25,19.9,17.6478,18.6,20557,5.384676,3.286
"08-Feb-19",18.59,19.04,17.9631,18.7,21292,5.479904,3.2886
"11-Feb-19",18.94,19.12,18.65,18.81,21568,5.698852,3.4081
"12-Feb-19",19,19.3062,18.807,19.21,26864,5.723475,3.4231
"13-Feb-19",19.24,19.81,18.88,19.45,93599,5.563679,3.3717
"14-Feb-19",19.5,20.94,19.345,20.31,52547,5.537412,3.4923
"15-Feb-19",20.33,22.02,20.2,21.96,62124,5.617254,3.4461,732134
"18-Feb-19",,,,,,5.632787,3.4461
"19-Feb-19",21.97,22.1825,20.72,21.53,32165,5.445213,3.214
"20-Feb-19",21.51,21.78,20.9,21.11,29590,5.426546,3.5037
"21-Feb-19",21.11,22.5,20.02,20.73,44879,5.712558,3.4631
"22-Feb-19",20.8,21.06,19.76,20.29,59921,5.175915,3.3066
"25-Feb-19",20.19,20.565,19.63,20.32,120452,5.406935,3.3497
"26-Feb-19",20.28,20.58,19.77,20.09,79958,5.706442,3.2758
"27-Feb-19",20.01,20.535,20.01,20.36,77288,5.152667,3.2619
"28-Feb-19",20.32,20.57,19.75,20.35,105596,5.054895,3.2686,743319,724226.9528
"01-Mar-19",20.51,21.145,20,20.29,130984,4.583308,3.3328,,682202.4612
"04-Mar-19",20.28,20.4355,19.43,20.25,110687,4.516141,3.3922,,689084.5208
"05-Mar-19",20.24,20.3005,19.2,19.4,92076,4.25283,3.3487,,661922.3494
"06-Mar-19",19.42,19.79,17.8,18.51,143465,4.136618,3.3379,,657895.6124
"07-Mar-19",18.5,19.24,18.01,18.5,92775,4.062932,3.2618,,655625.997
"08-Mar-19",18.4,18.75,17.75,18.05,159266,3.833285,3.2521,,642154.7314
"11-Mar-19",18.23,19.25,17.9507,18.35,106125,3.557972,3.3619,,608769.421
"12-Mar-19",18.41,18.5,17.56,17.8,476251,4.857761,3.0896,,941413.5135
"13-Mar-19",18,18.26,17.85,17.88,127747,4.137349,2.8791,,816610.2534
"14-Mar-19",18.48,18.48,17.66,17.97,103476,4.005568,2.8069,,786803.1615
"15-Mar-19",18.14,18.48,17.9,18.19,980268,3.303473,2.7136,876042,780559.2819
"18-Mar-19",18.2,18.78,18.2,18.58,167655,3.204751,2.7227,,769409.4969
"19-Mar-19",18.67,19.5,18.67,19.19,117890,5.739216,2.71,,1382722.0038
"20-Mar-19",19.19,19.19,17.9,18.35,114060,5.969157,2.7134,,1439065.584
"21-Mar-19",18.24,18.295,17.23,18.07,65415,6.003786,2.6741,,1417212.0054
"22-Mar-19",17.91,18.095,16.78,16.83,64992,6.087123,2.6298,,1392310.8189
"25-Mar-19",16.89,17.92,16.705,17.73,41324,6.367132,2.656,,1462628.7963
"26-Mar-19",17.88,18.81,16.9,17.24,83414,6.485538,2.4977,,1488421.9656
"27-Mar-19",17.06,17.75,16.55,17.15,101702,6.517136,2.4976,,1692775.9566
"28-Mar-19",17.11,17.65,16.88,17.25,88097,6.462656,2.4653,,1675605.5334
"29-Mar-19",17.31,17.94,17.31,17.74,60444,6.36803,2.3523,1056608,1649324.2734
"01-Apr-19",17.74,18.83,17.56,18.16,90187,5.991334,2.3707,,1546126.5258
"02-Apr-19",18.19,20,18,19.62,128418,6.760961,2.1719,,1757252.6478
"03-Apr-19",19.72,20.45,19.4,20.12,39559,7.002071,2.1199,,1824094.6524
"04-Apr-19",20.18,20.5,19.5,20.25,60703,6.868879,2.1276,,1785023.1792
"05-Apr-19",20,22.25,20,21.9,149711,6.02386,2.0887,,1584234.3528
"08-Apr-19",21.9,22.335,20.95,21.85,75292,6.128312,2.0458,,1616560.3026
"09-Apr-19",21.84,21.84,20.09,20.24,58702,5.826956,1.9694,,1529394.1236
"10-Apr-19",20.32,20.7,19.58,20.09,80609,5.812057,1.7796,,982328.4576
"11-Apr-19",20.13,20.45,19.6,19.94,42721,5.850623,1.7637,,986554.8896
"12-Apr-19",20.4,21,20.06,20.15,32883,5.643052,1.7121,,951686.8256
"15-Apr-19",20.14,20.94,19.64,20.09,38354,5.569777,1.7073,1065635,934992.4192
"16-Apr-19",20.16,20.66,19.8,20.47,22011,5.684735,1.7086,,947143.4112
"17-Apr-19",20.54,20.58,19.67,20,26072,5.813555,1.6975,,959400.064
"18-Apr-19",19.83,19.83,19.01,19.23,25176,5.766551,1.7012,,948411.3408
"19-Apr-19",,,,,,5.701343,1.7012,,948411.3408
"22-Apr-19",19.1,20.09,18.9,19.04,24177,5.552464,1.6806,,912909.312
"23-Apr-19",19.5,19.95,19.05,19.76,22771,5.689823,1.6195,,931611.2736
"24-Apr-19",19.55,20,19.24,20,20785,5.762475,1.6161,,1075012.588
"25-Apr-19",19.88,20.33,19.36,19.6,25507,5.77928,1.6189,,1076291.35
"26-Apr-19",19.59,20.96,19.59,20,61163,6.127916,1.6269,,1133196.259
"29-Apr-19",19.35,20.46,19.035,19.8,87459,5.597254,1.6439,,1044109.173
"30-Apr-19",19.95,20.0193,18.52,18.87,55144,5.058658,1.6071,1046909,948415.15
"01-May-19",18.95,19.29,18.1546,18.95,63079,5.404458,1.6472,,1031428.1165
"02-May-19",19,19.5277,18.11,18.99,45706,5.514571,1.6391,,1057109.92
"03-May-19",19.57,19.57,18.705,19.29,144026,5.52165,1.5827,,1068512.2145
"06-May-19",18.82,21.6,18.82,21.01,32135,5.201869,1.6108,,1023755.5445
"07-May-19",20.81,21.07,19.96,20.27,73621,5.540433,1.5599,,1103891.2965
"08-May-19",19.74,20.28,19.67,19.87,44097,5.597661,1.5812,,1119769.258
"09-May-19",19.85,20.335,19.495,19.92,62658,6.097194,1.6014,,1355851.8459
"10-May-19",19.85,20.84,19.775,20.65,73230,6.297107,1.6456,,1395320.3152
"13-May-19",20.07,20.9,19.53,19.75,71451,6.401963,1.598,,1447037.6198
"14-May-19",19.62,20.47,19.46,20.11,73822,6.334081,1.543,,1426936.967
"15-May-19",19.87,20.38,19.7868,20.34,41421,5.830785,1.581,1047777,1311044.1407
"16-May-19",20.465,21.28,20.3,20.59,80904,6.851008,1.5613,,1545342.3749
"17-May-19",20.37,20.865,20.165,20.39,56079,6.507891,1.4509,,1458344.237
"20-May-19",20.17,20.64,19.5,19.66,41156,8.494476,1.4178,,1906316.5981
"21-May-19",19.6,19.99,19.29,19.57,56239,7.960792,1.3814,,1794402.026
"22-May-19",19.39,19.49,17.63,18.27,83785,8.025523,1.3639,,1820679.4419
"23-May-19",17.9,18.2936,16.85,17,126328,7.443748,1.3653,,1707089.8154
"24-May-19",17.12,17.345,16.1222,16.89,220326,7.204333,1.3519,,1346393.445
"27-May-19",,,,,,7.134635,1.3503,,1332981.8994
"28-May-19",11.425,11.515,9.14,9.9,1580077,6.218969,1.3062,,1444989.2607
"29-May-19",9.31,10.06,9.275,9.87,317427,5.874759,1.2975,,1398991.8504
"30-May-19",9.92,10,9.33,9.74,338632,8.07505,1.3104,,1973068.8687
"31-May-19",9.56,9.85,9.29,9.47,134076,7.251154,1.2539,1157342,1772629.1286
"03-Jun-19",9.45,9.82,9,9.29,187945,7.623375,1.248,,1881807.492
"04-Jun-19",9.39,9.39,8.805,9.02,106192,6.611204,1.173,,1627197.681
"05-Jun-19",8.99,9.05,8.61,8.85,109697,6.956565,1.1609,,1711962.8403
"06-Jun-19",8.83,9.18,8.62,8.95,67923,7.654675,1.1466,,1878454.6056
"07-Jun-19",8.96,9.3,8.8901,9.26,98355,7.76094,1.1276,,1894380.816
"10-Jun-19",9.26,9.71,9.24,9.56,74693,7.601106,1.1268,,1844820.9639
"11-Jun-19",9.6,9.64,9.21,9.4,71220,8.019408,1.1413,,1261965.7168
"12-Jun-19",9.38,9.565,9,9.43,75325,7.843462,1.1205,,1229791.6092
"13-Jun-19",9.6,9.95,9.44,9.81,87471,8.07409,1.1014,,1206644.7692
"14-Jun-19",9.8,9.83,8.84,8.93,95135,8.138504,1.1061,1178344,1211274.1372
"17-Jun-19",8.97,9.32,7.99,8.1,118794,10.346853,1.0952,,1372839.0804
"18-Jun-19",7.94,8.265,7.79,7.86,103148,10.370677,1.1314,,1374922.296
"19-Jun-19",7.94,8.22,7.7,8.16,115504,10.687562,1.1371,,1406401.9984
"20-Jun-19",8.35,8.35,7.92,8.14,71186
"21-Jun-19",8.06,8.25,7.84,8.01,215635
"24-Jun-19",7.98,8.2,7.6,7.66,158728,9.380405,1.1086,,1268678.3004
"25-Jun-19",7.68,7.81,7.51,7.63,68879,9.375092,1.105,,1226302.6008
"26-Jun-19",7.524,7.61,7.02,7.09,46264,9.112552,1.1055,,1192837.6312
"27-Jun-19",7.09,7.22,6.95,7.17,49218,8.953177,1.0999,,1166324.8912
"28-Jun-19",7.2,7.95,7.15,7.71,642139,8.175057,1.0901,1222387,1146057.3744
"01-Jul-19",7.81,7.82,6.92,7.07,93188,8.017527,1.1329,,1133213.4248
"02-Jul-19",7.1,7.7,6.92,7.01,65426,9.982644,1.1664,,1406353.564
"03-Jul-19",7.05,7.15,6.78,6.82,24868,9.835116,1.1867,,1366643.3712
"04-Jul-19",,,,,,9.853756,1.1819,,1383611.5248
"05-Jul-19",6.79,7.43,6.1,7.1,226535,9.724671,1.1675,,1395984.1368
"08-Jul-19",7.1,7.28,7.01,7.16,30504,9.8902,1.1673,,1397398.1496
"09-Jul-19",7.11,7.52,6.82,7.42,45344,9.452969,1.1463,,1330232.5416
"10-Jul-19",7.52,7.6,7,7.58,43732,9.47887,1.1521,,1419924.7392
"11-Jul-19",7.45,7.52,7.03,7.18,19919,9.508225,1.1615,,1412712.6559
"12-Jul-19",7.2,7.78,6.99,7.15,26260,9.491564,1.1303,,1407089.6757
"15-Jul-19",7.18,7.4491,6.64,6.79,24451,9.511083,1.1028,1117191,1408312.0627
"16-Jul-19",6.77,6.94,6.54,6.66,17499,9.454631,1.1299,,1395965.954
"17-Jul-19",6.66,6.795,6.37,6.45,19679,9.163141,1.1166,,1352571.2155
"18-Jul-19",6.43,6.52,5.65,5.73,59610,8.763037,1.0818,,1299397.381
"19-Jul-19",5.7,5.97,5.7,5.82,49632,8.617591,1.0627,,1282039.4856
"22-Jul-19",5.84,5.94,5.69,5.94,37385,8.672218,1.0948,,1276538.7441
"23-Jul-19",5.95,6.2,5.85,6,32449,8.391396,1.0617,,1236566.6892
"24-Jul-19",5.7,6.38,5.5,5.99,55179,7.841724,1.037,,920677.1031
"25-Jul-19",5.86,5.97,5.56,5.76,43269,7.860986,1.0115,,925704.4626
"26-Jul-19",5.77,5.93,5.655,5.71,22536,7.322248,0.983,,861912.8565
"29-Jul-19",6,6,5.64,5.77,35806,7.427196,0.9967,,871297.2609
"30-Jul-19",5.83,6,5.83,5.88,60574
"31-Jul-19",5.9,6.12,5.51,5.63,103614,6.905004,0.9947,1126193,805829.8683
"01-Aug-19",5.64,5.735,5.27,5.35,40846,6.897371,0.9914,,803372.0481
"02-Aug-19",5.28,5.34,5.02,5.21,53669,6.251069,1.005,,727179.6219
"05-Aug-19",5.09,5.3,4.12,4.27,145714,6.183608,0.9833,,726285.8691
"06-Aug-19",4.35,4.82,4.35,4.6,79831,6.294909,0.9781,,735781.9926
"07-Aug-19",4.61,4.83,4.42,4.49,68117,6.795121,1.0469,,798121.2504
"08-Aug-19",4.58,4.84,4.52,4.67,104364,6.737661,1.0287,,794546.2392
"09-Aug-19",4.7,5.255,4.7,4.88,72911,6.662765,1.0389,,1102205.0891
"12-Aug-19",4.79,5.1007,4.3,4.5,99913,6.861676,1.0391,,1147478.0477
"13-Aug-19",4.65,4.96,4.4,4.78,84349,6.625216,1.0197,,1102993.4242
"14-Aug-19",4.56,5.14,4.56,4.73,72600,5.776289,1.0236,,961768.822
"15-Aug-19",4.74,4.91,4.725,4.83,106799,5.621646,1.0073,1118905,940033.2971
"16-Aug-19",4.85,5.125,4.61,4.87,35126,5.837064,0.9962,,975283.138
"19-Aug-19",4.94,5.07,4.84,4.99,31348,5.042894,0.9931,,844081.6535
"20-Aug-19",4.94,5.08,4.36,4.42,57473,4.079075,0.9451,,677292.4702
"21-Aug-19",4.48,4.79,4.16,4.3,62251,4.117952,0.945,,685626.2984
"22-Aug-19",4.36,4.72,4.11,4.15,48771,4.093986,0.9285,,681008.9071
"23-Aug-19",4.13,4.4799,3.82,3.86,53129,4.139255,0.9052,,685738.9177
"26-Aug-19",3.95,4.075,3.81,4.03,74059,4.42149,0.8772,,853836.4055
"27-Aug-19",4.07,4.07,3.82,3.83,78542,4.428151,0.8697,,851039.143
"28-Aug-19",3.81,3.87,3.61,3.71,46304,4.361662,0.8836,,830675.072
"29-Aug-19",3.82,4.01,3.82,3.87,50594,5.676101,0.8716,,860102.2735
"30-Aug-19",3.89,3.965,3.32,3.38,94858,6.1637,0.8376,1208629,899152.058
"02-Sep-19",,,,,,6.51384,0.8376,,899152.058
"03-Sep-19",3.33,3.67,2.82,3,238422,5.839689,0.8745,,829668.0575
"04-Sep-19",3.15,3.3937,3.09,3.25,370748,5.957789,0.8472,,874536.148
"05-Sep-19",3.25,3.33,3.1,3.3,262875,4.908015,0.827,,740267.548
"06-Sep-19",3.36,3.5,3.24,3.38,180299,3.239229,0.8151,,494556.01
"09-Sep-19",3.38,3.55,3.3,3.38,116602,3.117806,0.7836,,479338.902
"10-Sep-19",3.4,3.6,3.29,3.53,121072,3.306681,0.7538,,510892.023
"11-Sep-19",3.56,3.66,3.35,3.4,102745,3.41676,0.7304,,712970.2471
"12-Sep-19",3.4,3.5,3.24,3.4,82620,2.856537,0.6983,,597183.5889
"13-Sep-19",3.45,3.91,3.45,3.52,61908,2.801789,0.7129,834323,584372.1215
"16-Sep-19",3.49,3.72,3.46,3.51,48706,2.842726,0.7023,,588844.0488
"17-Sep-19",3.51,3.85,3.145,3.77,91816,2.843785,0.7683,,589085.7746
"18-Sep-19",3.79,3.79,3.55,3.62,43547,4.369263,0.5995,,893539.4197
"19-Sep-19",3.61,4,3.46,3.49,79941,4.244796,0.5935,,864653.1866
"20-Sep-19",3.48,3.86,3.48,3.53,157401,4.206984,0.5755,,863081.9689
"23-Sep-19",3.57,3.81,3.46,3.72,73297,4.309907,0.5804,,865620.0898
"24-Sep-19",3.79,3.79,3.4931,3.57,46160,4.45062,0.5824,,1266669.1786
"25-Sep-19",3.55,3.74,3.4,3.69,85366,4.62633,0.5852,,1299791.8017
"26-Sep-19",3.67,3.67,3.15,3.27,89075,4.737852,0.5854,,1335917.9876
"27-Sep-19",3.33,3.33,3.06,3.06,35868,4.911351,0.5929,,1382306.3464
"30-Sep-19",3.07,3.34,2.97,3.28,95752,5.537431,0.6856,900784,1416847.3186
"01-Oct-19",3.2,3.22,2.9,2.95,99275,5.754061,0.7387,,1477919.7622
"02-Oct-19",2.92,3.215,2.88,3.15,83908,6.463889,0.628,,1657299.2072
"03-Oct-19",3.12,3.38,3.1,3.12,40090,6.2772,0.6032,,1601566.4308
"04-Oct-19",3.11,3.255,3.1,3.11,54068,6.415076,0.6021,,1646035.8467
"07-Oct-19",3.08,3.34,3.07,3.12,81273,6.686978,0.5986,,1667644.8124
"08-Oct-19",3.07,3.23,3,3.09,140499,6.98183,0.6041,,1762674.2021
"09-Oct-19",3.12,3.28,3.08,3.11,19861,7.18851,0.6111,,1151472.1872
"10-Oct-19",3.12,3.25,3.09,3.23,36180,6.873317,0.6166,,1098956.48
"11-Oct-19",3.27,3.55,3.17,3.22,34500,6.836903,0.6037,,1091209.7376
"14-Oct-19",3.24,3.36,3.1773,3.27,22727,6.934008,0.6008,,1118593.5712
"15-Oct-19",3.25,3.35,3.08,3.15,101339,6.840966,0.5946,966043,1108414.712
"16-Oct-19",3.13,3.34,3.13,3.27,19774,7.140641,0.7683,,1155886.0288
"17-Oct-19",3.27,3.78,3.27,3.69,55513,7.178235,0.6035,,1170478.7296
"18-Oct-19",3.62,3.8352,3.42,3.53,39627,6.929526,0.5954,,1134177.1344
"21-Oct-19",3.58,3.8,3.55,3.64,26326,6.856792,0.5892,,1121656.2368
"22-Oct-19",3.63,3.71,3.31,3.47,38425,6.77358,0.5846,,1099316.7936
"23-Oct-19",3.45,3.69,3.37,3.61,35690,6.781815,0.5883,,1100307.656
"24-Oct-19",3.61,3.69,3.31,3.38,31564,6.84493,0.5867,,967781.8774
"25-Oct-19",3.45,3.55,3.33,3.39,29981,6.945408,0.5962,,977249.0988
"28-Oct-19",3.4,3.63,3.4,3.51,21314,7.012149,0.5784,,993188.8083
"29-Oct-19",3.5,3.68,3.42,3.47,57438,6.930154,0.5932,,977538.9117
"30-Oct-19",3.51,3.53,3.2,3.5,54441,6.994477,0.5951,,990097.4707
"31-Oct-19",3.47,3.47,3.07,3.25,90380,7.064589,0.5997,956787,1005747.3673
"01-Nov-19",3.27,3.28,3.14,3.23,44718,7.122535,0.2886,,1002656.0297
"04-Nov-19",3.25,3.56,3.07,3.09,61375,7.033571,0.5961,,998888.462
"05-Nov-19",3.08,3.15,2.74,2.88,90977,6.945407,0.5963,,988551.8019
"06-Nov-19",2.88,3.38,2.75,3.09,973782,6.268741,0.6011,,1032603.3627
"07-Nov-19",3.44,3.44,2.83,2.92,77230,6.575204,0.6063,,1082644.3901
"08-Nov-19",2.94,3.1,2.88,2.89,27279,3.558162,0.603,,581944.3032
"11-Nov-19",2.89,3.26,2.89,2.95,120387,3.537544,0.603,,581944.3032
"12-Nov-19",2.933,2.955,2.48,2.61,135859,3.641597,0.603,,573976.5213
"13-Nov-19",2.52,2.85,2.5101,2.72,93743,3.639857,0.5928,,573211.0917
"14-Nov-19",2.69,2.8099,2.58,2.61,63124
"15-Nov-19",2.66,2.66,2.43,2.53,78023,3.990972,0.5933,804210,626791.1637
"18-Nov-19",2.54,2.81,2.36,2.54,58656,3.964342,0.5934,,623633.7666
"19-Nov-19",2.56,2.73,2.38,2.5,72957,4.239237,0.5929,,664679.9289
"20-Nov-19",2.5,2.73,2.5,2.64,60365,4.298897,0.5954,,677309.5173
"21-Nov-19",2.71,2.71,2.57,2.6,60048,4.780929,0.581,,753565.4412
"22-Nov-19",2.64,3.25,2.52,2.87,269002,4.819422,0.5815,,785235.0909
"25-Nov-19",2.94,2.98,2.7006,2.81,91680,4.433617,0.5806,,732324.7698
"26-Nov-19",2.73,2.8,2.56,2.6,162828,4.317521,0.5804,,924278.553
"27-Nov-19",2.55,2.78,2.5401,2.69,106012,4.215335,0.5802,,906827.196
"28-Nov-19",,,,,,4.202142,0.5802,,906827.196
"29-Nov-19",2.68,2.8,2.6,2.61,39011,5.10446,0.582,818087,1100320.122
"02-Dec-19",2.61,2.79,2.53,2.59,98718,5.106754,0.5862,,1109890.221
"03-Dec-19",2.56,2.67,2.56,2.63,30258,5.16106,0.5862,,1109648.958
"04-Dec-19",2.64,2.79,2.625,2.73,69501,5.368309,0.5864,,1123803.054
"05-Dec-19",2.78,2.78,2.61,2.65,28107,5.764684,0.5858,,1140611.043
"06-Dec-19",2.71,2.71,2.64,2.65,53913,6.067398,0.5931,,1157981.979
"09-Dec-19",2.69,2.78,2.52,2.67,302531,5.928743,0.5923,,1155810.612
"10-Dec-19",2.66,2.8,2.57,2.65,190967,6.528122,0.6675,,958307.1118
"11-Dec-19",2.67,2.72,2.61,2.71,77536,5.799609,0.5944,,845083.871
"12-Dec-19",2.69,2.725,2.67,2.72,41259,5.75564,0.5946,,829867.4528
"13-Dec-19",2.72,2.73,2.55,2.7,263709,5.677909,0.5941,799525,844265.784
"16-Dec-19",2.72,2.76,2.65,2.73,141217,5.666867,0.6059,,853837.4019
"17-Dec-19",2.78,2.91,2.72,2.87,170345,6.13489,0.6136,,942927.0762
"18-Dec-19",2.87,3.08,2.58,3.03,253826,5.875136,0.6033,,926728.9536
"19-Dec-19",3.02,3.24,2.98,3.22,266484,5.238813,0.5992,,855473.5759
"20-Dec-19",3.3,3.55,3.22,3.49,257019,4.970077,0.5981,,833548.8443
"23-Dec-19",3.6,3.77,3.36,3.69,262219,4.871595,0.598,,829785.6441
"24-Dec-19",3.93,3.93,3.72,3.86,130238
"25-Dec-19",,,,,,4.30089,0.6396,,705660.765
"26-Dec-19",3.95,3.96,3.5,3.8,193766,4.1873,0.6472,,697905.3725
"27-Dec-19",3.8,3.9,3.62,3.73,145377
"30-Dec-19",3.73,4.34,3.5,4.26,254556,3.87517,0.6089,,671441.095
"31-Dec-19",4.32,4.4415,3.9,4.01,179012,4.053211,0.5992,835231,708619.0075
"01-Jan-20",,,,,,4.066733,0.5991,,712696.585
"02-Jan-20",4.1,4.1,3.35,3.575,206524,4.373696,0.6359,,777777.92
"03-Jan-20",3.48,3.99,3.48,3.91,162741,4.357578,0.6133,,783134.7375
"06-Jan-20",3.9,3.98,3.63,3.735,170171
"07-Jan-20",3.7,4.0393,3.7,4,118613,3.657293,0.595,,674319.385
"08-Jan-20",4.04,4.0671,3.71,3.93,140968,3.848747,0.5923,,715175.1125
"09-Jan-20",3.9,4.1,3.78,3.82,55565,3.945643,0.5934,,725089.2225
"10-Jan-20",3.8,3.99,3.18,3.29,190461,3.903027,0.5993,,864297.0388
"13-Jan-20",3.25,3.37,3.1035,3.19,77783,3.809883,0.5994,,857865.7601
"14-Jan-20",3.16,3.29,3.12,3.14,56775,3.84151,0.6047,,857615.1908
"15-Jan-20",3.14,3.21,3,3.15,76706,3.928959,0.6069,854173,883089.7363
"16-Jan-20",3.17,3.41,3.17,3.35,41476,3.948149,0.6032,,880751.0895
"17-Jan-20",3.4,3.48,3.18,3.27,58166,3.925427,0.6099,,879915.8585
"20-Jan-20",,,,,,3.865538,0.6098,,883757.9211
"21-Jan-20",3.32,3.5,3.26,3.49,112667,3.913412,0.6203,,893196.0314
"22-Jan-20",3.55,3.58,3.25,3.305,183455,3.796408,0.6195,,883590.8749
"23-Jan-20",3.25,3.27,3.11,3.23,80886,3.858556,0.6208,,902717.6648
"24-Jan-20",3.21,3.21,3.05,3.09,68637,3.986198,0.6521,,936377.4741
"27-Jan-20",3.1,3.16,2.95,3,112486,4.020621,0.7092,,934038.1755
"28-Jan-20",3.02,3.1,2.83,2.94,81599,4.155453,0.741,,959407.1136
"29-Jan-20",2.98,3,2.825,2.87,77902,4.406419,0.8177,,1024238.8443
"30-Jan-20",2.87,2.93,2.72,2.77,96875,4.325106,0.7976,,1010144.9898
"31-Jan-20",2.67,3.21,2.67,3.07,2311313,3.502967,0.8022,921664,1037563.9431
"03-Feb-20",3.08,3.2542,3.04,3.09,263555,3.507398,0.8202,,1068314.1711
"04-Feb-20",3.13,3.16,2.99,3.04,300678,3.861517,0.9213,,1189777.5717
"05-Feb-20",3.09,3.17,2.965,3,246954,3.94253,1.0222,,1235048.7407
"06-Feb-20",3.47,3.86,3.03,3.845,649114,3.486482,0.9799,,1146214.7487
"07-Feb-20",3.86,4.95,3.41,3.73,800761,3.343148,0.9165,,1083005.9467
"10-Feb-20",3.75,5.2,3.73,5.02,1130384,3.425266,0.8635,,1226677.8453
"11-Feb-20",5.05,5.5,5.05,5.25,706966,2.731885,0.8102,,902862.0544
"12-Feb-20",5.15,5.34,4.83,5.155,384658,1.676382,0.6352,,564980.032
"13-Feb-20",5.08,5.45,5.0762,5.35,284368,1.646872,0.6639,,561016.8768
"14-Feb-20",5.43,5.4591,5.11,5.13,853807,1.262887,0.647,883446,453919.52
"17-Feb-20",,,,,,1.234755,0.647,,453919.52
"18-Feb-20",5.22,5.34,4.9152,5.15,296574,1.062439,0.6148,,392168.032
"19-Feb-20",5.18,5.6,5.04,5.24,201932,1.239126,0.6058,,461845.8304
"20-Feb-20",5.17,5.75,5.17,5.75,409123,1.144922,0.5946,,436315.7376
"21-Feb-20",5.8,5.94,5.17,5.28,431886,1.17532,0.6657,,458896.5056
"24-Feb-20",5.14,5.58,5.0801,5.35,289983,1.022292,0.6483,,404702.6624
"25-Feb-20",5.38,5.65,5.35,5.5,347484,1.04052,0.6301,,414287.968
"26-Feb-20",5.49,5.5831,5.2201,5.28,268763,1.003585,0.6325,,786355.2846
"27-Feb-20",5.23,5.25,4.11,4.53,306665,1.050519,0.6512,,830527.5846
"28-Feb-20",4.43,4.54,4.23,4.38,250628,0.861725,0.6267,871794,687320.988
"02-Mar-20",4.28,4.95,4.2,4.9,242311,0.857338,0.5996,,692356.6302
"03-Mar-20",4.91,5.29,4.83,5.14,318265,0.903765,0.6108,,739532.6466
"04-Mar-20",5.18,5.88,5.08,5.5,270516,0.785888,0.5941,,652248.1818
"05-Mar-20",5.4,5.705,4.87,5.02,187335,0.60646,0.6388,,506832.9702
"06-Mar-20",4.83,4.95,4.5,4.9,188352,0.355662,0.5928,,300018.2616
"09-Mar-20",4.51,4.73,4.31,4.36,190111,0.281755,0.5983,,239502.2106
"10-Mar-20",4.63,4.63,4,4.11,248891,0.225902,0.6261,,242881.8084
"11-Mar-20",4.01,4.2,3.84,3.99,213753,0.242707,0.5928,,261276.6618
"12-Mar-20",3.72,3.85,3.24,3.46,253710,0.257205,0.7285,,279671.5152
"13-Mar-20",3.64,3.75,3.07,3.26,296680,0.314708,0.6152,945173,347148.3708
"16-Mar-20",3.02,3.1,2.76,3.01,150188,0.12219,0.6544,,133907.5584
"17-Mar-20",3.07,3.28,2.7501,2.92,153681
"18-Mar-20",2.78,2.99,2.18,2.83,140091,0.226682,1.3635,,248199.7518
"19-Mar-20",2.86,3.62,2.8002,3.49,210829,0.239912,0.6361,,262061.2764
"20-Mar-20",3.59,4.25,3.47,3.98,1853330,0.259323,0.5576,,308702.2554
"23-Mar-20",4.07,4.48,3.61,4.46,263225,0.483595,0.6689,,575907.1164
"24-Mar-20",4.6,4.9,4.4,4.7,299680,1.89764,0.5918,,6164607.3406
"25-Mar-20",4.72,5,4.1,4.72,372769,1.312167,0.6316,,4316227.0218
"26-Mar-20",4.72,4.97,4.67,4.84,150137,1.398749,0.6374,,4562822.6575
"27-Mar-20",4.69,4.91,4.02,4.58,119991,1.478514,0.64,,4804975.9801
"30-Mar-20",4.58,4.625,4.1,4.47,135073,1.436857,0.6184,,4667169.7567
"31-Mar-20",4.4,4.4957,3.89,4.36,191051,1.307727,0.6216,991795,4233902.4535
"01-Apr-20",4.22,4.22,3.6,3.61,211807,1.354153,0.6122,,4391557.3099
"02-Apr-20",3.61,4,3.43,3.85,123231,1.568659,0.6464,,5039284.3668
"03-Apr-20",3.77,4.04,3.52,3.6,172633,1.464497,0.6565,,4696564.637
"06-Apr-20",3.8,4.17,3.5675,3.96,170050,1.426929,0.7027,,4577756.3909
"07-Apr-20",4.02,4.02,3.67,3.73,168134,1.433258,0.6591,,4597605.0239
"08-Apr-20",3.81,3.94,3.73,3.83,89822,1.424929,0.6632,,4564240.417
"09-Apr-20",3.92,4.2,3.9,4.2,129798,1.334418,0.6582,,1000721.155
"10-Apr-20",,,,,,1.317297,0.6582,,1000721.155
"13-Apr-20",4.15,4.4,4.07,4.24,84381,1.052547,0.663,,795221.231
"14-Apr-20",4.39,4.7,4.3225,4.45,129041,0.967448,0.6338,,732837.3255
"15-Apr-20",4.36,4.5,4.05,4.39,145855,1.199286,0.6235,982502,912649.759
"16-Apr-20",4.37,4.46,4,4.38,172427,1.174909,0.6248,,898467.0905
"17-Apr-20",4.46,4.575,4.29,4.55,119677,1.170901,0.6248,,898962.988
"20-Apr-20",4.42,4.78,4.28,4.52,145195,1.228254,0.6509,,947164.225
"21-Apr-20",4.41,4.54,4.15,4.47,115677,1.27064,0.6438,,970074.6895
"22-Apr-20",4.59,4.65,4.19,4.64,90464,1.239662,0.6368,,945378.994
"23-Apr-20",4.59,4.8,4.35,4.64,102790,1.221185,0.6312,,927526.684
"24-Apr-20",4.62,4.8,4.39,4.7,132013,1.249848,0.6532,,1024651.3358
"27-Apr-20",4.71,4.91,4.55,4.69,143011,1.200082,0.6389,,987512.7602
"28-Apr-20",4.84,5.15,4.67,4.89,102970,1.180485,0.6334,,970908.4764
"29-Apr-20",5,5.38,4.925,5,251365,1.158798,0.6562,,961181.7066
"30-Apr-20",4.99,5,4.56,4.7,219629,1.41214,0.6228,977954,1179493.651
"01-May-20",4.55,4.64,4.23,4.56,135123,1.170823,0.6341,,882286.796
"04-May-20",4.48,5.18,4.456,5.16,88765,1.394409,0.6167,,1040567.8682
"05-May-20",5.4,5.48,4.9875,5.13,139196,1.460195,0.62,,1079769.698
"06-May-20",5.17,5.37,4.83,5.21,510363,1.450699,0.6236,,1088710.4662
"07-May-20",5.28,6.17,5.0062,6.08,269819,1.483611,0.6271,,1089889.4686
"08-May-20",6.17,6.32,5.68,6.01,403400,0.642675,0.6989,,461481.1894
"11-May-20",6.35,6.67,6.1,6.27,773872,0.810562,0.6718,,472547.3728
"12-May-20",6.31,6.35,5.75,5.83,224080,0.803479,0.6494,,454944.2008
"13-May-20",5.9,6.07,5.3,5.5,160031,0.79357,0.679,,443208.7528
"14-May-20",5.33,5.33,4.81,5.16,116375,0.764131,0.649,,422280.5372
"15-May-20",5.19,5.21,4.81,5.17,155955,0.816316,0.6497,910910,431375.5094
"18-May-20",5.42,5.48,4.9017,5.11,261460,0.686565,0.6938,,363309.911
"19-May-20",5.04,5.135,4.71,4.81,247614,0.729302,0.6985,,384629.3082
"20-May-20",4.79,5.27,4.71,5.17,192556,0.717735,0.7349,,378370.4026
"21-May-20",5.09,5.44,4.9,5.2,117034,0.765465,0.7156,,395875.7792
"22-May-20",5.24,5.69,5.08,5.51,167775,0.728446,0.7044,,370155.589
"25-May-20",,,,,,0.728711,0.7053,,368884.2488
"26-May-20",5.73,5.73,5.25,5.27,192528,0.658346,0.6756,,329668.2934
"27-May-20",5.32,5.445,4.92,5.3,141040,0.635337,0.6892,,665966.301
"28-May-20",5.36,5.5101,5.06,5.25,110304,0.801286,0.6697,,828381.554
"29-May-20",5.18,5.29,4.71,4.77,167991,0.904669,0.6611,299939,929765.837
"01-Jun-20",4.77,5.01,4.66,4.89,83726,0.91269,0.6614,,928854.927
"02-Jun-20",4.89,5.09,4.47,4.87,848824,1.116145,0.6471,,1185640.456
"03-Jun-20",4.89,5.03,4.41,4.47,734755,0.737701,0.6719,,809343.535
"04-Jun-20",6.75,9.79,6.56,7.75,20848250,2.186163,0.6416,,5581692.116
"05-Jun-20",7.6,7.8,6.53,6.88,1409328,0.564878,1.3989,,1487880.394
"08-Jun-20",6.58,7.15,6.21,6.26,1090485,0.531579,1.1458,,1449348.901
"09-Jun-20",5.82,5.94,5.47,5.5,3173968,0.264135,1.2281,,247929.5774
"10-Jun-20",5.5,5.55,5.31,5.33,1180943,0.276006,1.137,,265326.0394
"11-Jun-20",5.25,5.285,4.78,4.84,723010,0.069173,0.8156,,67246.3238
"12-Jun-20",5.19,5.24,4.82,4.84,853464,2.285651,0.5967,,2255571.2739
"15-Jun-20",4.75,4.96,4.45,4.96,1040435,1.946439,0.5935,517926,1972998.742
"16-Jun-20",5.26,5.3,4.86,5.22,991778,1.630136,0.5931,,1663941.5964
"17-Jun-20",5.36,5.375,5.09,5.19,956747,1.512539,0.6085,,1571830.3295
"18-Jun-20",5.2,5.5,5.04,5.44,925994,1.443981,0.6157,,1526089.632
"19-Jun-20",5.56,5.76,5.1,5.75,2126716,1.390733,0.6014,,1533018.2229
"22-Jun-20",5.85,5.9599,5.21,5.4,1225002,1.326421,0.5981,,1459113.2533
"23-Jun-20",5.49,5.66,5.45,5.48,847909,1.888814,0.6337,,2082446.4831
"24-Jun-20",5.45,5.655,5.28,5.595,1017355,1.824147,0.6054,,536208.7878
"25-Jun-20",5.56,5.67,5.4,5.65,489290,1.952696,0.6684,,576192.675
"26-Jun-20",5.61,5.62,5.12,5.41,1365658,1.824523,0.5745,,549260.523
"29-Jun-20",5.42,5.64,5.36,5.46,922370,1.88457,0.5832,,583702.602
"30-Jun-20",5.47,5.4993,5.13,5.18,450429,2.0675,0.6281,1363706,636116.7132
"01-Jul-20",5.21,5.5,5.16,5.28,438072,1.803033,0.569,,564642.9252
"02-Jul-20",5.35,5.43,5.18,5.25,495604,1.705525,0.5605,,537037.4694
"03-Jul-20",,,,,,1.682894,0.5602,,537037.4694
"06-Jul-20",5.34,5.4,5.02,5.075,600710,1.630118,0.5599,,524555.4528
"07-Jul-20",5.05,5.23,4.97,5,736543,1.618047,0.5643,,526316.4012
"08-Jul-20",5.04,5.58,5.04,5.5,736493,1.665576,0.5635,,547654.9524
"09-Jul-20",5.54,5.64,5.09,5.11,428579,1.330254,0.5456,,440185.3074
"10-Jul-20",5.17,5.2,4.97,5.03,296588,0.116411,0.5328,,82776.9542
"13-Jul-20",5.06,5.14,4.72,4.8,543055,0.05901,0.4409,,41729.4036
"14-Jul-20",4.72,4.93,4.67,4.91,289243,0.094893,0.4958,,67367.0764
"15-Jul-20",5.06,5.1867,4.96,5.02,311868,0.113012,0.6538,1349380,80595.0246
"16-Jul-20",4.98,5.04,4.77,4.8,406069,0.10219,0.5084,,73231.0122
"17-Jul-20",4.76,4.95,4.72,4.86,219341,0.099319,0.5625,,71185.4532
"20-Jul-20",4.86,5.04,4.75,4.87,249038,0.195969,0.5781,,140734.4592
"21-Jul-20",4.88,5.04,4.84,4.96,323385,0.123616,0.5562,,89050.0018
"22-Jul-20",4.95,4.98,4.82,4.89,335118,0.115927,0.5435,,83867.919
"23-Jul-20",4.85,5.05,4.77,4.88,255516,0.120035,0.5986,,87140.8134
"24-Jul-20",4.85,4.89,4.75,4.79,183400,0.13425,0.6843,,1634773.87
"27-Jul-20",4.89,4.89,4.6,4.69,195945,0.130245,0.6097,,1587815.446
"28-Jul-20",4.65,4.71,4.5,4.52,192907,0.111515,0.6366,,1360714.792
"29-Jul-20",4.53,4.56,4.27,4.36,287621,0.11725,0.613,,1435335.506
"30-Jul-20",4.31,4.48,4.24,4.41,207527,0.068626,0.4839,,839449.298
"31-Jul-20",4.41,4.49,4.26,4.37,264670,0.05732,0.4628,1353226,693581.32
"03-Aug-20",4.35,4.66,4.35,4.56,236010,0.06667,0.6022,,817724.28
"04-Aug-20",4.53,4.64,4.46,4.635,144807,0.050204,0.5394,,607760.752
"05-Aug-20",4.65,4.76,4.57,4.72,164527,0.039732,0.5473,,481728.66
"06-Aug-20",4.67,4.76,4.485,4.56,296200,0.036738,0.5456,,446644.78
"07-Aug-20",4.55,4.67,4.47,4.62,162503,0.03977,0.6106,,480514.218
"10-Aug-20",4.67,4.84,4.63,4.74,237012,0.036572,0.5222,,445295.4
"11-Aug-20",4.8,4.8,4.54,4.56,129650,0.035288,0.5259,,827227.0538
"12-Aug-20",4.57,4.61,4.45,4.48,142775,0.050424,0.8096,,1168645.9736
"13-Aug-20",4.52,4.59,4.43,4.5,100154,0.053258,0.4626,,1231570.9826
"14-Aug-20",4.49,4.53,4.39,4.48,105401,0.043129,0.4233,1286835,996380.3038
"17-Aug-20",4.55,4.73,4.515,4.6,208815,0.042631,0.6416,,999086.7558
"18-Aug-20",4.6,4.89,4.6,4.82,290102,0.046018,0.6998,,1067424.6688
"19-Aug-20",4.8,4.96,4.67,4.67,182913,0.044666,0.7765,,1034676.5996
"20-Aug-20",4.65,5.03,4.64,4.89,280989,0.02611,0.5604,,605162.6672
"21-Aug-20",4.87,5.01,4.72,4.99,261609,0.027845,0.5049
"24-Aug-20",5,5.28,4.55,4.56,291357,0.021263,0.3491
"25-Aug-20",4.58,4.84,4.58,4.81,95549,0.035474,0.6536
"26-Aug-20",4.8,5.03,4.8,4.94,168851,0.040403,0.555
"27-Aug-20",4.95,5,4.65,4.68,141212,0.036506,0.5172
"28-Aug-20",4.66,4.82,4.66,4.75,75000,0.03464,0.4681
"31-Aug-20",4.74,5,4.72,4.86,195562,0.044074,0.5598,1264894
"01-Sep-20",4.87,4.94,4.6,4.66,243750,0.043484,0.5146
"02-Sep-20",4.62,4.89,4.62,4.68,160386,0.046652,0.4615
"03-Sep-20",4.63,4.82,4.53,4.58,172139,0.047993,0.4704
"04-Sep-20",4.61,4.75,4.34,4.64,203727,0.041057,0.474
"07-Sep-20",,,,,,0.067445,0.474
"08-Sep-20",4.56,4.75,4.48,4.7,137339,0.090725,0.56
"09-Sep-20",4.72,4.8211,4.6,4.65,157029,0.113243,0.5637
"10-Sep-20",4.66,4.89,4.65,4.66,214201,0.102055,0.5617
"11-Sep-20",4.66,4.84,4.64,4.67,160623,0.122838,0.659
"14-Sep-20",4.77,5.09,4.75,5.08,193597,0.11159,0.5574
"15-Sep-20",5.13,5.38,4.83,4.91,384830,0.139627,0.6624,1386661
"16-Sep-20",4.97,5.11,4.89,4.93,146264,0.139617,0.5931
"17-Sep-20",4.9,5.17,4.88,5.16,247933,0.14105,0.6389
"18-Sep-20",5.53,5.53,4.91,5.03,874841,0.144118,0.6008
"21-Sep-20",4.88,5.13,4.78,4.98,299455,0.129661,0.5294
"22-Sep-20",4.92,4.95,4.66,4.88,207429,0.239469,0.506
"23-Sep-20",4.75,4.89,4.57,4.86,250533,0.2331,0.5094
"24-Sep-20",4.46,4.62,4.39,4.53,270036,0.25747,0.5266
"25-Sep-20",4.54,4.585,4.41,4.51,172831,0.409292,0.6092
"28-Sep-20",4.63,4.64,4.34,4.61,162997,0.504457,0.7734
"29-Sep-20",4.61,4.86,4.52,4.71,184219,0.473459,0.7712
"30-Sep-20",4.73,4.93,4.64,4.84,121490,0.495173,0.6988,1495602
"01-Oct-20",4.83,4.84,4.62,4.77,109426,0.492278,0.6495
"02-Oct-20",4.65,4.87,4.46,4.77,109179,0.517947,0.6472
"05-Oct-20",4.81,5.21,4.75,5.17,263114,0.508656,0.5873
"06-Oct-20",5.22,5.34,5.12,5.16,160854,0.501777,0.5633
"07-Oct-20",5.21,5.25,5.06,5.2,128812,0.47618,0.5483
"08-Oct-20",5.22,5.34,5.1,5.32,249442,0.489302,0.5402
"09-Oct-20",5.33,5.35,5.06,5.3,110990,0.48119,0.5737,,1239106.257
"12-Oct-20",5.29,5.44,5.19,5.39,137356,0.49323,0.5737,,1239106.257
"13-Oct-20",5.34,5.5,5.28,5.42,138068,0.487155,0.5956,,1216971.3474
"14-Oct-20",5.45,5.54,5.39,5.4,178069,0.369413,0.5494,,899604.603
"15-Oct-20",5.42,5.525,5.05,5.29,135614,0.295279,0.4929,1534488,711308.3112
"16-Oct-20",5.24,5.7,5.24,5.63,194776,0.280212,0.4998,,669431.4552
"19-Oct-20",5.64,5.88,5.53,5.69,146854,0.309504,0.5563,,724918.2894
"20-Oct-20",5.74,5.88,5.6901,5.81,149750,0.252984,0.5196,,590014.989
"21-Oct-20",5.81,5.88,5.45,5.69,176820,0.240659,0.507,,558308.2266
"22-Oct-20",5.8,5.96,5.55,5.62,230653,0.278585,0.4797,,641912.3784
"23-Oct-20",5.8,5.9,5.6977,5.77,104310,0.342013,0.5841,,774422.7156
"26-Oct-20",5.71,5.71,5.32,5.63,163404,0.341273,0.4791,,1657400.4888
"27-Oct-20",5.62,5.786,5.59,5.74,107944,0.316544,0.4718,,1526662.1112
"28-Oct-20",5.62,5.7,5.2,5.6,177864,0.302264,0.4369,,1455768.7656
"29-Oct-20",5.55,5.6,5.24,5.35,163127,0.278603,0.4162,,1338687.3312
"30-Oct-20",5.33,5.34,5.01,5.12,105490,0.296116,0.4799,1710155,1402982.3784
"02-Nov-20",5.12,5.15,4.77,4.86,143570,0.282613,0.4733,,1324570.0416
"03-Nov-20",4.95,5.18,4.9,5.09,94851,0.269509,0.4086,,1253523.2472
"04-Nov-20",5.02,5.65,4.92,5.47,177345,0.286918,0.5148,,1328252.8128
"05-Nov-20",5.39,5.5899,5.29,5.47,144704,0.249426,0.3759,,1154702.22
"06-Nov-20",5.47,5.6,5.035,5.1,146552,0.26272,0.3784,,1214547.252
"09-Nov-20",5.25,5.57,5.14,5.39,182913,0.285874,0.4008,,1312140.6888
"10-Nov-20",5.5,5.63,5.31,5.53,133370,0.26916,0.4004,,1499463.904
"11-Nov-20",5.58,5.68,5.52,5.63,135750,0.271389,0.4004,,1499463.904
"12-Nov-20",5.58,5.73,5.46,5.5,117507,0.252875,0.3719,,1395828.511
"13-Nov-20",5.54,5.71,5.44,5.53,165005,0.280477,0.4407,1820643,1550939.5695
"16-Nov-20",5.6,5.7399,5.49,5.68,156992,0.241625,0.3969,,1351193.4655
"17-Nov-20",5.63,5.78,5.53,5.69,201915,0.23975,0.3897,,1342300.6595
"18-Nov-20",5.66,5.83,5.53,5.54,119649,0.225403,0.3566,,1252859.553
"19-Nov-20",5.53,5.69,5.39,5.68,111398,0.233119,0.4179,,1276972.7385
"20-Nov-20",5.62,5.98,5.6,5.68,1069529,0.217243,0.4243,,1276972.7385
"23-Nov-20",5.78,6.15,5.65,6,336185,0.237184,0.4224,,1393263.2785
"24-Nov-20",6.15,6.15,5.76,5.77,190607,0.990041,0.5519,,6823405.8354
"25-Nov-20",5.79,5.79,5.42,5.64,202112,0.387669,0.4878,,2653587.1725
"26-Nov-20",,,,,,0.384641,0.4878,,2653587.1725
"27-Nov-20",5.66,5.96,5.66,5.94,47839,0.425166,0.4929,,2905382.0994
"30-Nov-20",5.96,6.8,5.88,6.58,358062,0.44989,0.5009,1711195,3157177.0263
"01-Dec-20",6.55,6.99,6.4,6.55,218577,0.460031,0.5021,,3234190.2252
"02-Dec-20",6.48,6.63,6.38,6.49,151563,0.258871,0.4208,,1806988.1775
"03-Dec-20",6.5,6.569,6.33,6.5,116982,0.428469,0.4497,,2980574.6553
"04-Dec-20",6.5,6.55,6.345,6.39,99575,0.399376,0.4121,,2762279.5596
"07-Dec-20",6.35,6.45,5.965,6.05,156682,0.434707,0.4086,,2995503.9279
"08-Dec-20",6.03,6.08,5.72,5.8,178321,0.465932,0.4205,,3205970.2587
"09-Dec-20",5.88,5.88,5.44,5.56,118168,0.483847,0.3418,,1801717.2155
"10-Dec-20",5.56,5.85,5.44,5.57,121572,0.459388,0.3414,,1705890.2955
"11-Dec-20",5.49,5.6,5.31,5.56,148911,0.461758,0.3414,,1705890.2955
"14-Dec-20",5.61,5.66,5.5,5.53,272620,0.454958,0.3298,,1695623.1255
"15-Dec-20",6.14,6.2235,5.47,5.68,348942,0.48367,0.3489,1608820,1824647.2285
"16-Dec-20",5.64,5.7,5.51,5.57,103243,0.479196,0.3615,,1768348.913
"17-Dec-20",5.6,5.7,5.49,5.66,142182
"18-Dec-20",5.69,5.745,5.43,5.45,952718,0.521416,0.3934,,2030675.1065
"21-Dec-20",5.32,5.39,5.16,5.25,239356,0.602148,0.4062,,2233451.714
"22-Dec-20",5.23,5.55,5.23,5.5,153123,1.585297,0.5155,,5812587.176
"23-Dec-20",5.49,5.6399,5.4109,5.52,105889,1.030643,0.4742,,3748372.6475
"24-Dec-20",5.53,5.61,5.38,5.57,65089,1.07441,0.4778,,3394288.436
"25-Dec-20",,,,,,1.126414,0.4823,,3534738.422
"28-Dec-20",5.55,5.75,5.44,5.5,164881,1.139421,0.4365,,3573189.22
"29-Dec-20",5.5,5.6891,5.07,5.14,180985,1.188787,0.4433,,3733588.574
"30-Dec-20",5.175,5.4,5.07,5.34,174449,0.966421,0.449,,3032625.7
"31-Dec-20",5.32,5.321,5.12,5.22,102997,0.972457,0.4422,1887060,3030373.352
"01-Jan-21",,,,,,0.957586,0.4407,,3000288.418
"04-Jan-21",5.42,5.42,5.13,5.28,106960,1.202558,0.4742,,3792149.622
"05-Jan-21",5.28,5.38,5.145,5.24,116987,1.264225,0.4579,,3962845.424
"06-Jan-21",5.3,5.47,5.2,5.33,138245,1.286503,0.4648,,3990678.01
"07-Jan-21",5.54,5.66,5.36,5.43,89938,1.219172,0.4452,,3759329.694
"08-Jan-21",5.43,5.5,5.27,5.45,86884,1.221313,0.4643,,3752572.65
"11-Jan-21",5.37,5.68,5.36,5.6,103717,1.192918,0.4679,,3642207.598
"12-Jan-21",5.58,5.7,5.44,5.55,98275,1.203156,0.4718,,2270888.004
"13-Jan-21",5.56,5.56,5.43,5.44,59276,1.149471,0.468,,2155022.52
"14-Jan-21",5.49,5.8,5.46,5.7,132569,1.136864,0.47,,2130302.034
"15-Jan-21",5.7,5.71,5.32,5.5,294012,1.165338,0.4898,1198579,2205784.434
"18-Jan-21",,,,,,1.161913,0.4898,,2205784.434
"19-Jan-21",5.5,5.55,5.3,5.42,154416,1.106109,0.4999,,2094636.6
"20-Jan-21",5.47,5.49,5.22,5.39,171362,1.119486,0.4901,,2124452.148
"21-Jan-21",5.39,5.45,5.23,5.34,141937,1.144593,0.5119,,2170685.118
"22-Jan-21",5.27,5.64,5.25,5.62,144828,1.172791,0.5105,,2218050.324
"25-Jan-21",5.65,5.76,5.32,5.73,133908,1.143936,0.5157,,2159740.17
"26-Jan-21",5.77,5.9699,5.44,5.5,163829,0.921474,0.458,,1737038.73
"27-Jan-21",5.48,5.58,5.12,5.35,500540,0.881545,0.4543,,929737.7303
"28-Jan-21",5.39,5.52,5.2,5.42,116375,0.891166,0.4703,,940524.9413
"29-Jan-21",5.34,5.55,5.23,5.31,106869,1.050816,0.5058,1174966,1102333.1063
"01-Feb-21",5.28,5.46,5.27,5.39,127094,1.059176,0.5242,,1115277.7595
"02-Feb-21",5.4,5.47,5.22,5.32,118098,1.025911,0.4863,,1074046.6419
"03-Feb-21",5.3,5.36,5.14,5.27,185787,1.050746,0.487,,1104011.1169
"04-Feb-21",5.31,5.42,5.235,5.36,187925,1.106427,0.544,,1171730.8304
"05-Feb-21",5.4,5.5,5.24,5.3,496260,1.084699,0.5057,,1179761.3097
"08-Feb-21",5.35,5.84,5.3,5.74,308848,1.012266,0.4846,,1120431.6492
"09-Feb-21",5.74,6.25,5.69,6.14,368330,0.973734,0.475,,1164861.2924
"10-Feb-21",6.19,7.4,6.08,6.99,2358535,0.73674,0.4522,,1034792.5562
"11-Feb-21",6.94,6.94,5.97,6.06,320797,0.792013,0.4708,,1126674.8974
"12-Feb-21",6.14,6.16,5.9001,6.03,108870,0.8231,0.4892,1680917,1168738.6802
"15-Feb-21",,,,,,0.812443,0.4892,,1168738.6802
"16-Feb-21",6.1,6.39,5.975,6.32,147799,0.796797,0.5155,,1139247.0336
"17-Feb-21",6.25,6.25,5.81,5.96,129184,0.782252,0.4974,,1116335.1966
"18-Feb-21",5.96,5.99,5.7,5.86,128578,0.693598,0.4458,,984856.5012
"19-Feb-21",5.84,6.19,5.825,6.04,113843,0.672629,0.4422,,954659.875
"22-Feb-21",6.04,6.11,5.8,5.8,123245,0.726856,0.4547,,972519.3582
"23-Feb-21",5.68,5.68,5.27,5.58,147157,0.791701,0.4723,,1053592.0122
"24-Feb-21",5.64,5.88,5.53,5.68,76612,0.807011,0.4723,,1515346.6755
"25-Feb-21",5.7,5.85,5.4,5.55,87663,0.775703,0.4629,,1445252.4366
"26-Feb-21",5.63,5.67,5.34,5.48,97971,0.809509,0.5423,1756455,1496520.4051
"01-Mar-21",5.64,6.17,5.6248,6.16,159197,0.813014,0.5336,,1499041.7806
"02-Mar-21",6.11,6.23,5.91,5.96,118383,0.817446,0.5331,,1495679.9466
"03-Mar-21",5.92,5.97,5.6,5.85,206903,0.746456,0.5136,,1371628.272
"04-Mar-21",5.84,5.96,5.43,5.6,229094,0.741809,0.5148,,1374990.106
"05-Mar-21",5.72,5.92,5.33,5.83,237732,0.832038,0.535,,1558546.2424
"08-Mar-21",5.9,6.06,5.7,5.97,285032,0.849422,0.5311,,1606620.4686
"09-Mar-21",6.12,6.33,5.83,6.24,223692,0.995951,0.5444,,2218402.665
"10-Mar-21",6.25,6.58,6.1,6.45,308622,1.154965,0.5666,,2609389.548
"11-Mar-21",6.44,6.57,6.29,6.56,171639,1.077496,0.6141,,2443228.905
"12-Mar-21",6.44,6.83,6.265,6.8,180412,0.918604,0.5312,,2087898.0585
"15-Mar-21",6.73,6.81,6.22,6.37,183885,0.961138,0.5526,1958269,2170275.798
"16-Mar-21",6.38,6.47,6.17,6.3,123903,1.032671,0.5665,,2293052.0025
"17-Mar-21",6.25,6.4,6.1,6.29,238003,1.153465,0.5662,,2587258.215
"18-Mar-21",6.24,6.31,6.04,6.08,170339,0.982067,0.5448,,2207336.9985
"19-Mar-21",6.04,6.4,6,6.4,338997,1.045555,0.5472,,2242993.035
"22-Mar-21",6.44,6.71,6.23,6.67,134334,1.089727,0.5294,,2318696.2455
"23-Mar-21",6.57,7.1591,6.26,6.73,314941,0.894368,0.5373,,1927182.426
"24-Mar-21",6.8,7.04,6.51,6.61,162859,0.937471,0.5624,,1830785.6881
"25-Mar-21",6.46,6.99,6.28,6.56,139470,1.130602,0.5745,,2220481.2191
"26-Mar-21",6.57,6.575,6.01,6.17,224888,1.2675,0.583,,2491505.6487
"29-Mar-21",6.325,6.325,5.55,5.6,423428,1.373286,0.5743,,2751955.4257
"30-Mar-21",5.58,6.12,5.3601,5.93,220916,1.418694,0.5663,,2851435.4909
"31-Mar-21",5.92,6.17,5.9,5.96,230517,1.47206,0.5816,2037784,2970889.8999
"01-Apr-21",6,6.1,5.87,5.98,3496552
"02-Apr-21",,,,,,1.244739,0.5564,,3137930.2456
"05-Apr-21",6.07,6.4,5.98,6.36,1428873,0.925076,0.5506,,2513242.4346
"06-Apr-21",6.39,6.57,6.32,6.46,396823,0.868548,0.5484,,2395550.4677
"07-Apr-21",6.46,6.5,6.2,6.22,104821,0.884301,0.5509,,2434715.8477
"08-Apr-21",6.43,6.43,6.07,6.18,54496,0.920754,0.5568,,2530279.3749
"09-Apr-21",6.12,6.24,5.99,6.04,104468,0.9328,0.5553,,1759830.2624
"12-Apr-21",6.01,6.14,5.7,5.8,140061,0.995618,0.548,,1882097.3024
"13-Apr-21",5.85,5.85,5.55,5.76,214607,0.906492,0.5407,,1724372.8208
"14-Apr-21",5.76,6.28,5.76,6.17,160412,0.930521,0.544,,1779596.7672
"15-Apr-21",6.24,6.27,5.85,5.95,134847,1.020325,0.5477,3383251,1951585.7368
"16-Apr-21",5.94,5.94,5.51,5.74,114086,1.10034,0.5748,,2084449.2536
"19-Apr-21",5.68,5.75,5.5,5.62,150834,1.061181,0.556,,1994379.2008
"20-Apr-21",5.63,5.68,5.33,5.4,98189,1.063775,0.5571,,1993360.3088
"21-Apr-21",5.36,5.84,5.33,5.78,203774,1.030052,0.5487,,1933449.4592
"22-Apr-21",5.75,5.77,5.6,5.65,161904,1.049744,0.5634,,1972574.912
"23-Apr-21",5.68,5.83,5.54,5.69,158506,1.03759,0.5526,,1951178.18
"26-Apr-21",5.72,5.95,5.61,5.75,194087,1.064003,0.5679,,3479673.6535
"27-Apr-21",5.76,5.9699,5.685,5.72,104296,1.026165,0.5545,,3345358.5888
"28-Apr-21",5.69,6,5.54,5.86,212950,1.010417,0.5533,,3243522.7337
"29-Apr-21",5.91,5.91,5.56,5.73,106149,1.025272,0.5533,,3289534.9473
"30-Apr-21",5.63,6,5.58,5.83,201186,1.005138,0.5534,3385292,3241154.458
"03-May-21",5.84,5.89,5.69,5.76,122345,1.017293,0.548,,3311526.0788
"04-May-21",5.77,6,5.59,5.75,1586907,1.0061,0.5708,,3523317.5914
"05-May-21",5.75,5.79,5.56,5.68,219028,1.098675,0.56,,3853522.889
"06-May-21",5.65,5.6548,5.13,5.5,831163,1.097881,0.5617,,3915436.3823
"07-May-21",5.44,5.64,5.29,5.6,993521,1.05119,0.563,,3870439.144
"10-May-21",5.56,5.56,5.22,5.22,163584,1.260263,0.5979,,4601221.36
"11-May-21",5.06,5.3301,5.01,5.05,212031,1.349403,0.5785,,4612460.35
"12-May-21",5.04,5.13,4.9,4.93,86498,1.38676,0.596,,4680504.7192
"13-May-21",5.02,5.23,4.9401,5.15,139133,1.352274,0.5959,,4571498.3168
"14-May-21",5.17,5.31,5.14,5.24,151467,1.405788,0.5986,3121758,4715711.756
"17-May-21",5.18,5.48,5.18,5.48,69484,1.475505,0.6051,,4928646.6228
"18-May-21",5.46,5.87,5.36,5.62,214184,1.248532,0.5813,,4189637.3792
"19-May-21",5.55,5.67,5.24,5.35,91240,1.23668,0.579,,4141566.2328
"20-May-21",5.36,6.14,5.29,5.98,259988,1.336052,0.5927,,4509547.4732
"21-May-21",6.07,6.2396,5.69,6.11,225489,1.345806,0.5862,,4525796.8748
"24-May-21",6.1,6.1,5.56,5.6,130064,1.378427,0.6108,,4674072.6644
"25-May-21",5.6,5.662,5.42,5.42,84415,1.280539,0.5981,,2875763.4696
"26-May-21",5.43,5.72,5.34,5.68,60071,1.255823,0.5729,,2815825.716
"27-May-21",5.77,5.98,5.63,5.86,118374,1.187586,0.5694,,2665981.332
"28-May-21",5.71,6,5.7,5.72,79003,1.235737,0.5757,2948115,2742152.2272
"31-May-21",,,,,,1.235737,0.5757,,2742152.2272
"01-Jun-21",5.8,6.09,5.76,5.94,117980,1.279164,0.5899,,2812391.7822
"02-Jun-21",5.99,6.02,5.67,5.78,99633,1.275277,0.5819,,2794909.9374
"03-Jun-21",5.78,5.9,5.6,5.69,104104,1.290036,0.58,,2825190.99
"04-Jun-21",5.69,5.79,5.55,5.57,114646,1.290835,0.5847,,2813016.1338
"07-Jun-21",5.58,5.94,5.52,5.68,280637,1.345055,0.6141,,2947563.9036
"08-Jun-21",5.749,5.75,5.63,5.64,88273,1.334766,0.6107,,2893557.4902
"09-Jun-21",5.67,5.85,5.62,5.72,134328,1.341182,0.6096,,3100827.357
"10-Jun-21",5.76,5.78,5.54,5.67,75413,1.310245,0.5935,,3005013.6195
"11-Jun-21",5.71,5.745,5.6,5.64,65186,1.314008,0.5977,,2973763.6005
"14-Jun-21",5.71,5.96,5.6638,5.78,214002,1.303011,0.6131,,2971994.7315
"15-Jun-21",5.77,5.89,5.54,5.64,130242,1.291604,0.6182,2800068,2921581.965
"16-Jun-21",5.61,5.81,5.53,5.65,93690,1.291212,0.6248,,2906251.767
"17-Jun-21",5.59,5.79,5.59,5.65,56311,1.189453,0.6256,,2667159.6405
"18-Jun-21",5.53,5.72,5.44,5.49,315670,1.268504,0.6357,,2856723.435
"21-Jun-21",5.55,5.62,5.31,5.34,83732,1.283183,0.6348,,2865567.78
"22-Jun-21",5.29,5.41,5.1201,5.33,328392,1.1683,0.6362,,2616746.874
"23-Jun-21",5.3,5.48,5.28,5.31,204826,1.090016,0.6283,,2451062.811
"24-Jun-21",5.37,5.52,5.35,5.47,83977,1.009187,0.6258,,2147092.1424
"25-Jun-21",5.51,5.9,5.42,5.8,1153561,0.886467,0.6274,,1991128.3548
"28-Jun-21",5.75,5.82,5.51,5.59,123279,0.931403,0.6312,,2097250.932
"29-Jun-21",5.6,5.74,5.5101,5.54,162004,1.065958,0.6256,,2383977.8952
"30-Jun-21",5.48,5.67,5.4,5.43,137726,1.037995,0.6264,2620902,2285975.5152
"01-Jul-21",5.5,5.56,5.3,5.44,69267,1.280233,0.6132,,2804268.102
"02-Jul-21",5.5,5.5,5.26,5.36,43025,1.594372,0.6206,,2822748.5508
"06-Jul-21",5.33,5.5,5.24,5.43,119244,1.690223,0.616,,2723346.1368
"07-Jul-21",5.5,5.58,5.2674,5.45,107044,1.730969,0.6226,,2728106.2524
"08-Jul-21",5.33,5.74,5.33,5.68,97207,1.724493,0.6264,,2716345.9668
"09-Jul-21",5.72,5.81,5.55,5.77,129437,1.904151,0.6508,,3016513.2564
"12-Jul-21",5.69,5.81,5.56,5.61,73840,1.937066,0.6444,,3509911.9584
"13-Jul-21",5.61,5.7,5.39,5.48,94397,1.944383,0.6476,,3510960.3192
"14-Jul-21",5.47,5.55,5.06,5.27,187032,1.993401,0.6392,,3591684.1008
"15-Jul-21",5.3,5.33,5.08,5.18,135472,1.992386,0.6228,2595189,3583035.1242
"16-Jul-21",5.27,5.3,5.14,5.21,114031,1.921669,0.6074,,3450155.3928
"19-Jul-21",5.14,5.575,5.06,5.27,209933,1.817139,0.6204,,3286873.1982
"20-Jul-21",5.43,5.5,5.13,5.39,149983,1.81729,0.6078,,3286873.1982
"21-Jul-21",5.43,5.43,5.24,5.37,83072,1.857388,0.6176,,3355540.8306
"22-Jul-21",5.33,5.33,5.23,5.28,63022,1.836509,0.6061,,3281631.3942
"23-Jul-21",5.34,5.4,5.16,5.36,81037,1.85101,0.6049,,3286873.1982
"26-Jul-21",5.4,5.4,5.12,5.17,73381,1.857897,0.6051,,2373559.8594
"27-Jul-21",5.13,5.33,4.95,5.14,97802,1.860752,0.6004,,2359026.801
"28-Jul-21",5.13,5.19,5.05,5.14,106734,1.877552,0.6054,,2380826.3886
"29-Jul-21",5.18,5.18,5.04,5.06,288648,1.85945,0.6055,,2372002.746
"30-Jul-21",5.09,5.09,4.84,4.87,141651,1.809395,0.5872,2561564,2314649.0691
"02-Aug-21",4.92,5.04,4.81,4.87,100734,1.858474,0.5933,,2358767.2821
"03-Aug-21",4.91,5.04,4.61,4.85,240402,1.796376,0.5958,,2287659.1035
"04-Aug-21",4.8,5.68,4.71,5.35,769194,1.685336,0.5956,,2254700.2032
"05-Aug-21",5.42,6.12,5.15,5.78,535959,1.842224,0.6017,,2272087.9695
"06-Aug-21",5.78,6.12,5.49,5.85,369608,1.915055,0.6038,,2390688.1068
"09-Aug-21",5.8,6.14,5.54,5.9,248030,2.369017,0.5714,,2626331.268
"10-Aug-21",5.85,6.06,5.67,5.91,193104,2.464461,0.571,,3029305.5864
"11-Aug-21",5.95,5.95,5.695,5.85,87668,2.418708,0.5691,,2952970.9792
"12-Aug-21",5.81,6,5.77,5.85,107072,2.517817,0.5699,,3044931.1268
"13-Aug-21",5.88,6.27,5.84,5.87,193637,2.548739,0.5829,2451723,3112300.26
"16-Aug-21",5.84,5.935,5.32,5.66,213722,3.973144,0.5834,,4893355.7092
"17-Aug-21",5.57,6.019,5.45,5.65,336964,3.570791,0.5828,,4462500.6444
"18-Aug-21",5.62,6.12,5.54,5.77,134569,2.385215,0.5857,,2998054.5056
"19-Aug-21",5.7,5.87,5.36,5.54,179756,2.357039,0.5906,,2953739.4484
"20-Aug-21",5.49,5.63,5.33,5.45,252253,3.042664,0.6191,,3866680.858
"23-Aug-21",5.41,6.3,5.41,6.17,198118,3.519182,0.5694,,4429200.3124
"24-Aug-21",6.13,6.15,5.88,6.01,144466,3.336945,0.5799,,3299283.6411
"25-Aug-21",6.04,6.57,6.04,6.44,195213,3.312889,0.588,,3294135.0228
"26-Aug-21",6.43,6.92,6.41,6.66,159371,2.759582,0.5874,,2761865.9595
"27-Aug-21",6.66,7.25,6.66,6.94,194295,3.385425,0.585,,3427753.9263
"30-Aug-21",7,7.56,6.95,7.43,270832,2.869102,0.6084,,2968791.3807
"31-Aug-21",7.45,7.8799,7.44,7.62,211454,2.89286,0.6034,1719317,3000418.6074
"01-Sep-21",7.59,8.1499,7.3201,7.96,143205,3.056838,0.5914,,3159780.6024
"02-Sep-21",7.97,8.53,7.8596,8.19,127552,3.108163,0.6147,,3215434.7145
"03-Sep-21",8.15,8.55,8.085,8.44,256071,3.092218,0.6202,,3240197.1168
"06-Sep-21",,,,,,3.048123,0.6203,,3235048.4985
"07-Sep-21",8.54,8.54,7.58,7.86,672471,2.807571,0.6132,,3097506.8382
"08-Sep-21",7.79,8.67,7.55,7.8,1615269,2.603111,0.6102,,3173019.9066
"09-Sep-21",7.86,8.2,7.79,7.89,447112,2.609997,0.6045,,3262507.7961
"10-Sep-21",7.96,8.29,7.52,7.57,505487,2.420587,0.605,,1778461.5048
"13-Sep-21",7.08,7.89,7.05,7.64,229648,2.516561,0.5904,,1889185.5196
"14-Sep-21",7.6,9.25,7.3301,8.97,648183,1.9605,0.5843,,1512139.3015
"15-Sep-21",8.83,9.41,8.3682,9.09,444674,2.006853,0.5848,1864857,1570939.9429
"16-Sep-21",9.02,9.23,8.51,8.86,248622,2.311103,0.5968,,1822647.9517
"17-Sep-21",8.79,9.79,8.33,9.73,776874,2.12751,0.59,,1750092.7743
"20-Sep-21",9.6,9.66,8.44,8.64,350579,2.116063,0.5904,,1765566.6273
"21-Sep-21",8.6,9.25,8.56,9.05,272687,2.212451,0.5832,,1847578.0482
"22-Sep-21",9.14,9.41,8.8686,9.29,296934,2.128261,0.5955,,1799781.0356
"23-Sep-21",9.33,9.65,9.23,9.35,201288,2.120427,0.5779,,1779836.9584
"24-Sep-21",9.18,9.39,8.66,8.92,339476,1.920551,0.5739,,1928821.5951
"27-Sep-21",8.81,9.355,8.72,8.97,452850,1.78975,0.5753,,1741403.4666
"28-Sep-21",8.9,9.0193,8.71,8.87,195988,1.81621,0.5784,,1760984.4651
"29-Sep-21",8.96,8.96,8.3062,8.49,138522,1.762817,0.5795,,1710819.8118
"30-Sep-21",8.63,8.75,8.33,8.64,421125,1.754933,0.5784,2077606,1730027.8389
"01-Oct-21",8.59,8.73,8.45,8.63,136476,1.798992,0.5824,,1773292.5213
"04-Oct-21",8.51,8.675,8.29,8.44,250169,1.769731,0.5819,,1786346.5203
"05-Oct-21",8.46,8.71,8.111,8.69,143768,1.701154,0.5764,,1705038.7551
"06-Oct-21",8.5,8.67,8.41,8.53,134875,1.697943,0.5765,,1689373.9563
"07-Oct-21",8.58,8.74,8.4401,8.67,83336,1.611981,0.5784,,1600420.2774
"08-Oct-21",8.73,8.73,8.31,8.31,70915,1.533023,0.5774,,1518926.0265
"11-Oct-21",8.25,8.66,8.25,8.49,46880,1.525865,0.5774,,1824138.068
"12-Oct-21",8.39,8.65,8.36,8.56,88653,1.381651,0.576,,1635283.6826
"13-Oct-21",8.6,8.9,8.6,8.76,67885,1.358022,0.5733,,1606612.7198
"14-Oct-21",8.86,8.9799,8.655,8.77,102799,1.611827,0.5574,,1907865.5898
"15-Oct-21",8.9,8.9,8.6,8.74,82509,1.730807,0.5672,2037313,2036053.88
"18-Oct-21",8.7,8.75,8.11,8.31,96586,1.504043,0.5751,,1780300.5814
"19-Oct-21",8.35,8.91,8.12,8.8,129855,1.397912,0.5807,,1642139.7824
"20-Oct-21",8.86,8.99,8.66,8.71,76777,1.459576,0.5852,,1701143.7928
"21-Oct-21",8.74,8.92,8.535,8.67,87667,1.38499,0.5918,,1608274.8046
"22-Oct-21",8.59,8.87,8.02,8.59,1117654,1.295039,0.5988,,1597055.7322
"25-Oct-21",8.76,8.9973,8.401,8.85,446522,1.190034,0.6042,,1515613.577
"26-Oct-21",8.8,8.85,8.39,8.42,130499,1.217486,0.6057,,1539189.9715
"27-Oct-21",8.4896,8.4896,7.4864,7.95,203411,1.166147,0.5948,,1484793.7144
"28-Oct-21",7.97,8.05,7.88,7.94,29315,1.152752,0.5919,,1462179.5401
"29-Oct-21",7.93,8.08,7.82,8,551168,1.129151,0.5971,,1467272.8226
"01-Nov-21",8.09,8.45,7.81,8.04,363630,1.116736,0.5941,,1468291.4791
"02-Nov-21",8.04,8.04,7.67,7.9,347343,1.233851,0.599,,1627609.3557
"03-Nov-21",7.91,8.49,7.86,8.47,124403
"19-Nov-21",,,,,,,,,,,0