"Date","open MGLN Price in USD","high MGLN Price in USD","low MGLN Price in USD","close MGLN Price in USD","MGLN Volume","Days to cover 3m (on loan)","Cost To Borrow","Exchange Reported SI","Estimated Short Interest","Dividends","hidden"
"02-Jan-15",60.21,60.99,58.89,59.08,117329
"05-Jan-15",58.81,59.33,57.67,57.99,137246
"06-Jan-15",58.22,58.7,57.78,58.23,181852
"07-Jan-15",58.46,59.38,58.27,59.3,185764
"08-Jan-15",59.69,61.015,59.39,60.87,392065
"09-Jan-15",60.66,60.92,59.98,59.99,134946
"12-Jan-15",60.13,60.175,59.49,59.66,108066
"13-Jan-15",60.13,61.05,59.63,60.2,217057
"14-Jan-15",59.67,60.71,59.67,60.21,172159
"15-Jan-15",60.3,60.5,59.59,59.68,154581
"16-Jan-15",59.58,60.765,59.425,60.6,227680
"20-Jan-15",60.91,61.4,59.95,60.17,103936
"21-Jan-15",60.19,60.96,59.91,60.28,119412
"22-Jan-15",60.54,61.08,59.74,61.08,111508
"23-Jan-15",61,61.445,60.94,61.22,100592
"26-Jan-15",61.25,61.48,60.33,60.61,165653
"27-Jan-15",60,60.91,60,60.3,98581
"28-Jan-15",60.47,61.228,59.26,59.37,117120
"29-Jan-15",59.59,60.79,59.345,60.5,158253
"30-Jan-15",60.28,60.9399,59.575,60.12,193786
"02-Feb-15",60.19,60.48,59.47,60.4,117279
"03-Feb-15",60.33,61.47,60.11,60.63,140273
"04-Feb-15",60.4,61.34,60.4,60.79,148645
"05-Feb-15",61.13,61.92,61.09,61.24,104594
"06-Feb-15",61.39,61.715,60.49,60.74,130994
"09-Feb-15",60.42,61.205,59.63,59.74,106547
"10-Feb-15",60.06,61.01,59.76,60.58,153234
"11-Feb-15",60.39,61.37,60.2,60.97,182694
"12-Feb-15",61.23,61.52,60.69,60.88,115656
"13-Feb-15",60.91,61.27,60.65,60.98,157900
"17-Feb-15",61.13,61.35,60.52,61.06,98527
"18-Feb-15",60.83,62.04,60.83,62.01,101771
"19-Feb-15",61.77,62.285,61.61,61.62,49347
"20-Feb-15",61.8,62.15,61.29,61.79,104825
"23-Feb-15",61.82,62.9,61.82,62.83,143204
"24-Feb-15",62.6,63.1,62.04,62.53,122593
"25-Feb-15",62.72,62.835,62.34,62.59,84693
"26-Feb-15",63.35,63.35,62.5,62.9,225047
"27-Feb-15",62.85,64.43,62.641,64.07,176288
"02-Mar-15",64.19,64.95,63.85,64.84,223157
"03-Mar-15",64.48,64.63,63.51,63.63,100067
"04-Mar-15",63.47,64.51,63.43,63.95,117815
"05-Mar-15",63.84,64.25,63.5,63.93,157869
"06-Mar-15",63.5,63.965,63.35,63.52,120604
"09-Mar-15",63.5,64.99,63.5,64.76,180144
"10-Mar-15",64.46,65.4,64.02,65.29,201128
"11-Mar-15",65.03,65.54,64.64,64.69,156567
"12-Mar-15",65.21,66.18,64.66,65.98,128873
"13-Mar-15",65.7,66.3,65.25,66.24,139225
"16-Mar-15",66.23,67.45,66.18,66.45,170798
"17-Mar-15",66.45,66.87,66.07,66.78,126402
"18-Mar-15",66.43,68.15,66.3,68.08,377008
"19-Mar-15",68.05,68.92,68,68.75,290383
"20-Mar-15",69.27,69.62,68.4,68.97,346115
"23-Mar-15",69.1,69.922,68.24,68.97,204784
"24-Mar-15",69.13,69.75,68.27,69.65,145252
"25-Mar-15",69.82,69.918,68.42,68.49,146414
"26-Mar-15",67.95,68.81,67.3901,68.26,138453
"27-Mar-15",68.15,69.22,68.15,68.51,156881
"30-Mar-15",68.93,70.99,68.93,70.65,253062
"31-Mar-15",70.71,71,70.07,70.82,174501
"01-Apr-15",70.83,71.04,70.03,71,271300
"02-Apr-15",71,71.77,70.58,70.99,137882
"06-Apr-15",70.74,71.369,70.48,70.86,120935
"07-Apr-15",71,71.5,70.03,70.17,131562
"08-Apr-15",70.03,71.1499,70,71.06,277040
"09-Apr-15",71.04,71.44,70.44,70.99,92059
"10-Apr-15",71.36,71.53,70.89,71.09,99866
"13-Apr-15",71.28,71.65,70.66,70.93,139687
"14-Apr-15",70.78,71.33,70.521,71.04,113734
"15-Apr-15",71.2,71.35,70.21,70.39,102596
"16-Apr-15",70.03,71.16,69.608,70.91,105371
"17-Apr-15",70.36,70.9,69.88,70.42,158230
"20-Apr-15",70.71,71.3,70.54,70.93,105809
"21-Apr-15",71.13,71.13,70.83,71.01,143796
"22-Apr-15",71.04,71.313,70.52,70.99,163605
"23-Apr-15",70.9,71.32,70.51,71.21,151084
"24-Apr-15",71.13,71.36,71.03,71.19,48765
"27-Apr-15",71.5,71.55,70.76,70.95,126996
"28-Apr-15",71,71.83,70.13,71.72,126103
"29-Apr-15",71.5,71.5,69.9,70.33,145203
"30-Apr-15",69,70.56,62.56,63.3,490952
"01-May-15",62.95,63.08,58.76,61.01,409092
"04-May-15",60.85,62,60.4,60.53,285611
"05-May-15",60.2,60.58,59.9,60.22,253071
"06-May-15",60.47,60.89,59.77,60.59,206253
"07-May-15",60.38,61.22,60.23,60.46,170401
"08-May-15",61.09,61.85,60.85,61.54,136889
"11-May-15",61.31,62.72,61.31,62.04,146876
"12-May-15",61.7,62.78,61.63,62.13,117438
"13-May-15",63.76,64.74,63.14,63.84,304123
"14-May-15",64,64.82,63.85,64.39,138702
"15-May-15",64.46,65.5,64,65.44,141805
"18-May-15",65.14,67.215,65.14,67.05,221872
"19-May-15",66.84,67.65,66.52,67.61,228959
"20-May-15",67.68,67.95,66.72,67.12,108584
"21-May-15",67.1,67.54,66.44,66.71,96925
"22-May-15",66.48,66.85,66,66.33,70347
"26-May-15",66.16,66.57,65.49,66.225,124926
"27-May-15",66.08,67.27,65.91,66.91,121184
"28-May-15",66.71,66.96,66.26,66.74,107355
"29-May-15",66.72,68.57,66.02,67.63,144039
"01-Jun-15",68.24,68.25,67,67.19,140349
"02-Jun-15",66.94,67.98,66.53,67.46,94285
"03-Jun-15",67.73,68.11,67.28,67.37,133255
"04-Jun-15",66.92,67.5,66.3,66.67,92000
"05-Jun-15",66.73,67.086,65.86,66.4,121079
"08-Jun-15",66.3,67.44,66.255,67.12,164924
"09-Jun-15",67.17,67.536,66.31,66.9,93984
"10-Jun-15",67.46,68.23,67.04,67.95,121329
"11-Jun-15",68.1,68.56,68.06,68.24,60166
"12-Jun-15",67.44,68.21,66.87,66.88,81433
"15-Jun-15",66.38,68.37,66.11,67.81,187968
"16-Jun-15",67.84,68.91,67.5925,68.65,128453
"17-Jun-15",68.97,69.75,68.79,69.1,105672
"18-Jun-15",69.46,70.9,69.23,70.48,132085
"19-Jun-15",70.69,71.42,70.18,71.28,312599
"22-Jun-15",71.5,72.74,71.33,72.12,133950
"23-Jun-15",72.38,73,71.73,71.95,157886
"24-Jun-15",71.51,71.77,70.75,70.91,96342
"25-Jun-15",71,72.26,70.731,72.01,145228
"26-Jun-15",72.31,72.618,70.89,70.9,308985
"29-Jun-15",70.555,70.69,69.48,69.7,155927
"30-Jun-15",70.32,70.39,69.72,70.07,156510
"01-Jul-15",70.58,70.695,69.75,70.22,150984
"02-Jul-15",70.43,70.43,69.66,69.71,200296
"06-Jul-15",69.35,70.13,69.05,69.5,241909
"07-Jul-15",69.5,70.093,68.35,69.38,202852
"08-Jul-15",68.79,69.37,67.64,68.29,207688
"09-Jul-15",68.97,69.01,68.56,68.56,139056
"10-Jul-15",69.2,69.35,68.69,68.97,123895
"13-Jul-15",69.36,69.86,69,69.61,110469
"14-Jul-15",69.85,70.36,69.38,69.96,170889
"15-Jul-15",70.06,70.352,69.35,69.51,156982
"16-Jul-15",70.03,70.03,68.91,69.34,124049
"17-Jul-15",69.57,69.91,68.9,69.14,109751
"20-Jul-15",69.17,69.17,68.18,68.2,168709
"21-Jul-15",68.27,68.44,66.9,67.04,182336
"22-Jul-15",66.55,67.71,66.55,66.72,211500
"23-Jul-15",67.03,67.175,66.27,66.72,156132
"24-Jul-15",66.41,66.86,64.95,65.34,181286
"27-Jul-15",66.92,67,56.45,56.67,746405
"28-Jul-15",56.67,60.27,55.31,60.15,764820
"29-Jul-15",60.05,61.71,59.33,61.49,266670
"30-Jul-15",61.12,61.525,60.51,60.55,178894
"31-Jul-15",60.66,61.24,60.24,60.59,260388
"03-Aug-15",61,61.64,60.33,60.55,196882
"04-Aug-15",60.43,61.48,60.17,60.28,136389
"05-Aug-15",60.5,61.58,60.48,60.69,337880
"06-Aug-15",60.73,60.93,59.09,59.62,248686
"07-Aug-15",59.24,59.91,58.57,58.9,208929
"10-Aug-15",59.29,60.95,58.66,59.5,355589
"11-Aug-15",59.06,59.22,57.15,57.25,316053
"12-Aug-15",56.81,57.34,56.28,56.58,299146
"13-Aug-15",56.52,58.35,56.52,57.49,301887
"14-Aug-15",57.66,58.6,57.55,58.05,217755
"17-Aug-15",57.93,59.26,54.26,55.89,868704
"18-Aug-15",55.23,58.59,54.8025,58.19,834474
"19-Aug-15",57.9,59.18,56.9,58.99,396264
"20-Aug-15",58.53,58.9,57.55,57.62,327016
"21-Aug-15",56.69,57.59,56.33,57.05,396572
"24-Aug-15",54.72,57.43,54.08,54.86,356733
"25-Aug-15",56.42,56.55,54.37,54.44,204354
"26-Aug-15",55.63,55.97,54.52,55.7,234032
"27-Aug-15",55.96,56.93,55.62,56.39,205251
"28-Aug-15",56.1,57.33,54.46,57.24,169527
"31-Aug-15",56.63,57.44,55.2101,56,198222
"01-Sep-15",54.97,55.25,53.55,53.72,239603
"02-Sep-15",54.38,54.94,53.97,54.9,141159
"03-Sep-15",55.05,55.98,54.91,55.17,145108
"04-Sep-15",54.45,55.02,54.246,54.51,129105
"08-Sep-15",55.51,56.25,54.86,56.13,153009
"09-Sep-15",56.72,57.01,56.08,56.14,142112
"10-Sep-15",55.88,57.49,55.88,56.72,162505
"11-Sep-15",56.44,58.13,56.44,57.62,150840
"14-Sep-15",57.64,57.72,56.79,56.85,116317
"15-Sep-15",57.04,58.21,56.89,57.95,123791
"16-Sep-15",58.07,59.01,57.94,58.48,136131
"17-Sep-15",58.48,59.93,58.25,59.22,137702
"18-Sep-15",58.18,59.34,58.18,58.49,298587
"21-Sep-15",58.65,59.64,58.305,59.09,150162
"22-Sep-15",58.46,58.87,57.62,58.11,150085
"23-Sep-15",58.2,59.28,57.78,58.84,120412
"24-Sep-15",58.36,58.86,57.64,58.79,155374
"25-Sep-15",59.36,59.36,56.51,57,192116
"28-Sep-15",56.7,56.7,53.7,54.52,196509
"29-Sep-15",54.53,55.51,54.11,54.97,173534
"30-Sep-15",55.63,56.23,55,55.43,247515
"01-Oct-15",55.3,55.69,54.03,55.17,171985
"02-Oct-15",54.57,56.46,54.2,56.18,145307
"05-Oct-15",56.45,57.84,56.45,57.43,137026
"06-Oct-15",54.59,55.665,51.61,51.69,393334
"07-Oct-15",51.5,51.5,48.89,49.33,470098
"08-Oct-15",49.28,51.345,48.78,49.28,260317
"09-Oct-15",49.01,49.92,48.77,49.55,265666
"12-Oct-15",49.66,49.98,49.09,49.48,292358
"13-Oct-15",49.3,49.44,48.54,48.62,423024
"14-Oct-15",48.61,49.36,46.05,48.2,404135
"15-Oct-15",48.34,49.14,47.45,48.88,413567
"16-Oct-15",48.82,50.71,46.1,49.99,429309
"19-Oct-15",49.83,51.17,49.83,50.3,397887
"20-Oct-15",50.2,50.5,49.68,50.07,1086420
"21-Oct-15",50.37,50.68,47.73,48.58,401238
"22-Oct-15",48.5,48.5,45.4,46.17,374601
"23-Oct-15",46.71,48.75,46.49,48.16,302604
"26-Oct-15",48.34,48.84,48,48.36,302509
"27-Oct-15",47.76,54.97,47.72,54.13,636496
"28-Oct-15",53.13,54.83,50.47,54.53,546204
"29-Oct-15",55.03,56.48,53.52,53.74,327530
"30-Oct-15",53.88,54.26,53.19,53.4,188841
"02-Nov-15",53.57,54.2,53.43,53.72,270094
"03-Nov-15",53.46,53.87,52.48,53.16,218558
"04-Nov-15",53.12,54.815,52.05,52.52,179316
"05-Nov-15",52.64,54.23,52.25,54.08,203497
"06-Nov-15",53.72,54.08,53.16,53.85,342388
"09-Nov-15",53.65,53.76,52.58,52.89,137296
"10-Nov-15",52.94,54.05,52.63,53.07,185494
"11-Nov-15",53.33,53.33,51.05,51.17,130899
"12-Nov-15",50.83,51.47,49.96,50.11,176959
"13-Nov-15",49.84,50.44,49.14,49.96,183053
"16-Nov-15",49.82,51.89,49.685,51.66,186663
"17-Nov-15",51.81,53.97,51.81,52.96,283338
"18-Nov-15",53.31,53.72,52.1801,53.28,186609
"19-Nov-15",52.53,52.81,50.74,51.14,167645
"20-Nov-15",51.47,52.9,51.15,52.55,154519
"23-Nov-15",52.16,53.365,51.95,52.88,204921
"24-Nov-15",52.84,53.05,50.99,52.92,115180
"25-Nov-15",52.79,53.12,52.17,52.32,128560
"27-Nov-15",52.28,52.51,50.04,52.4,45569
"30-Nov-15",52.45,52.87,51.87,52.65,168404
"01-Dec-15",52.93,53.91,52.51,53.75,150383
"02-Dec-15",53.67,53.95,52.87,53.14,105198
"03-Dec-15",53.38,53.65,52.09,52.59,236136
"04-Dec-15",52.82,54.94,52.82,54.16,193032
"07-Dec-15",53.98,54.18,52.73,53.11,154195
"08-Dec-15",52.68,54.25,52.59,54.07,121847
"09-Dec-15",53.92,54.69,52.69,52.75,109613
"10-Dec-15",52.68,53.82,52.17,53.43,102084
"11-Dec-15",52.62,54.48,52.48,53.19,148704
"14-Dec-15",53.3,53.3,51.37,52.07,152090
"15-Dec-15",52.35,56.39,52.08,56.3,253786
"16-Dec-15",56.66,57.99,56.08,57.89,265110
"17-Dec-15",58.23,61.81,57.82,60.46,479563
"18-Dec-15",60.47,62.04,59.64,61.1,740185
"21-Dec-15",61.51,62.59,60.18,62.34,223634
"22-Dec-15",62.53,62.85,61,61.47,130218
"23-Dec-15",61.92,62.91,61.475,62.17,118014
"24-Dec-15",62.11,62.33,61.45,61.72,58121
"28-Dec-15",61.41,63.02,61.32,62.64,156178
"29-Dec-15",62.95,63.65,62.5,63.06,117835
"30-Dec-15",62.87,63.6,60.6,62.23,271853
"31-Dec-15",62,64.5,61.63,61.66,153005
"04-Jan-16",61.03,61.56,58.48,61.17,236122
"05-Jan-16",61.41,63.1,61.14,61.81,178812
"06-Jan-16",60.42,61.645,59.19,60.33,304203
"07-Jan-16",59.38,62.79,58.84,59.32,414284
"08-Jan-16",60.05,60.59,58.18,58.37,256169
"11-Jan-16",58.59,59.37,56.88,58.33,453669
"12-Jan-16",58.82,59.93,57.02,58.28,246794
"13-Jan-16",58.33,59.3,55.106,57.44,195526
"14-Jan-16",57.66,59.35,57.16,58.865,203360
"15-Jan-16",57.55,58.28,56.19,57.5,169434
"19-Jan-16",57.9,58.84,57.3,58.45,252550
"20-Jan-16",57.54,59.35,54.553,58.79,251970
"21-Jan-16",58.96,59.87,56.17,56.44,189393
"22-Jan-16",56.88,58.4,56.57,57.6,209741
"25-Jan-16",57.49,58.94,56.38,56.58,147305
"26-Jan-16",56.79,58,55.72,57.99,240861
"27-Jan-16",57.62,60.87,55.81,56.23,161587
"28-Jan-16",56.81,57.35,55.07,55.6,264359
"29-Jan-16",55.94,57.34,55.255,57,373644
"01-Feb-16",56.94,58.095,56.55,57.47,205486
"02-Feb-16",56.96,57.89,56.62,57.45,160355
"03-Feb-16",57.74,58.19,55.66,57.47,179574
"04-Feb-16",57.32,58.4,56.62,57.04,175625
"05-Feb-16",56.75,58.37,53.17,54.03,151631
"08-Feb-16",53.2,55.78,51.61,52.72,148445
"09-Feb-16",52.06,54.91,51.82,54.07,132877
"10-Feb-16",54.61,58.536,53.15,53.28,139382
"11-Feb-16",52.3,53.36,52.3,52.79,156674
"12-Feb-16",53.05,53.8,51.12,52.57,145603
"16-Feb-16",53.09,54.52,52.47,53.93,129588
"17-Feb-16",54.21,56.52,54.21,55.88,183631
"18-Feb-16",55.87,56.09,54.63,54.91,105506
"19-Feb-16",54.77,55.52,53.49,55.45,147668
"22-Feb-16",55.89,56.64,54.54,55.9,167166
"23-Feb-16",55.84,57.01,55.84,55.97,135194
"24-Feb-16",55.62,56.67,55.2,56.21,150780
"25-Feb-16",56.64,57.1,55.92,57,147660
"26-Feb-16",57.07,58.53,56.78,58.4,140358
"29-Feb-16",60.32,64.24,58.8,62.985,540065
"01-Mar-16",63,64.98,62.1,63.77,602069
"02-Mar-16",63.69,65.62,63.335,65.2,410715
"03-Mar-16",65.17,66.84,64.45,64.87,360161
"04-Mar-16",64.58,65.805,64.54,65.16,251536
"07-Mar-16",64.94,66.445,64.94,65.74,297747
"08-Mar-16",65.55,66.85,64.53,64.83,176487
"09-Mar-16",64.44,65.24,63.861,64.49,202613
"10-Mar-16",64.21,65.27,63.9425,64.72,206900
"11-Mar-16",65.29,66.47,64.91,66.25,188358
"14-Mar-16",66.58,66.64,65.44,66.12,242312
"15-Mar-16",65.58,66.08,64.2,64.72,205664
"16-Mar-16",64.65,66.36,64.28,66.26,291400
"17-Mar-16",66.32,66.32,63.03,64.36,221863
"18-Mar-16",64.76,67.04,64.3964,66.82,489276
"21-Mar-16",66.51,67.76,65.893,66.29,238610
"22-Mar-16",65.72,66.99,65.47,66.31,170934
"23-Mar-16",66.17,67.44,66.06,66.14,180532
"24-Mar-16",65.69,67.04,65.22,66.41,274949
"28-Mar-16",66.77,67.28,64.99,65.81,178460
"29-Mar-16",65.74,68.3475,65.74,68.31,184772
"30-Mar-16",68.42,68.845,67.51,67.63,178797
"31-Mar-16",67.44,68.14,67.3,67.93,224675
"01-Apr-16",67.45,69.49,67.45,69.4,220989
"04-Apr-16",69.32,70.23,68.93,69.31,210056
"05-Apr-16",68.89,69.745,68.12,68.69,309515
"06-Apr-16",68.84,69.22,68.12,69.14,247160
"07-Apr-16",68.66,69.8499,68.66,69.32,208081
"08-Apr-16",69.79,69.79,68.12,68.73,128714
"11-Apr-16",68.84,69.35,67.18,67.27,251224
"12-Apr-16",67.29,69.62,67.29,69.14,189184
"13-Apr-16",69.24,70.57,68.91,69.94,214588
"14-Apr-16",70.01,71.26,69.54,70.44,144410
"15-Apr-16",70.05,70.835,69.8,70.45,144249
"18-Apr-16",70.04,70.92,69.68,70.52,200087
"19-Apr-16",70.94,71.19,70.22,70.47,173375
"20-Apr-16",70.45,71.82,70.06,70.46,259806
"21-Apr-16",70.53,71.12,70.02,70.83,182944
"22-Apr-16",70.61,71.56,70.15,71.17,191586
"25-Apr-16",70.76,71.85,69.4,70.52,274080
"26-Apr-16",70.48,71.88,70.14,71.57,275523
"27-Apr-16",71.56,71.81,70.43,70.92,181367
"28-Apr-16",70.71,71.57,70.07,70.26,136427
"29-Apr-16",69.9,70.5,68.61,70.46,184641
"02-May-16",70.98,71.84,68.82,69.22,264460
"03-May-16",68.7,71.04,68.7,69.87,304378
"04-May-16",69.7,70.97,67.92,67.96,248847
"05-May-16",70.31,71.01,66.07,68.12,326213
"06-May-16",68.34,68.63,66.66,67.39,361470
"09-May-16",67.44,68.51,67.1,68.05,266895
"10-May-16",68.1,68.21,67.38,67.51,143282
"11-May-16",67.17,68.41,66.21,66.45,223208
"12-May-16",67.08,67.605,65.05,65.44,252484
"13-May-16",65.52,67.015,65,65.51,160521
"16-May-16",65.69,67.66,65.14,66.19,177672
"17-May-16",66.26,66.365,64.39,65.04,187144
"18-May-16",64.6,65.93,64.6,65.36,153909
"19-May-16",64.98,66.07,64.27,64.62,98003
"20-May-16",65.21,65.7691,64.1,65.08,157283
"23-May-16",65.25,66.41,65.01,65.85,208052
"24-May-16",65.92,66.76,65.75,66.37,261865
"25-May-16",66.54,66.95,65.57,65.98,156453
"26-May-16",66.24,66.79,65.32,65.37,151277
"27-May-16",65.53,66.61,65.385,66.2,129737
"31-May-16",66.23,66.58,64.88,66.25,185486
"01-Jun-16",66.28,66.83,65.96,66.4,187933
"02-Jun-16",66.1,67.33,65.39,67.29,191869
"03-Jun-16",67.7,67.98,65.6139,65.97,185753
"06-Jun-16",65.73,66.815,65.161,66.2,129045
"07-Jun-16",66.08,67.14,65.8,66.43,154017
"08-Jun-16",65.84,67.96,64.86,67.89,150459
"09-Jun-16",67.23,68,67.08,67.42,109247
"10-Jun-16",66.16,67.12,66.01,66.77,94970
"13-Jun-16",66,66.31,65.06,65.72,164444
"14-Jun-16",65.63,65.99,64.7,65.38,197733
"15-Jun-16",65.66,65.72,63.92,64.07,138353
"16-Jun-16",63.7,64.71,63.08,64.67,189957
"17-Jun-16",64.51,64.96,64.14,64.46,252376
"20-Jun-16",65.3,66.91,64.39,65.75,165612
"21-Jun-16",66.19,66.7,65.17,65.96,123438
"22-Jun-16",65.98,66.37,65.11,65.53,200789
"23-Jun-16",65.83,66.344,65.05,65.68,120216
"24-Jun-16",63.74,64.35,63.09,63.6,661316
"27-Jun-16",63.19,64.27,61.895,62.42,168397
"28-Jun-16",62.72,64.205,62.39,63.98,277854
"29-Jun-16",64.73,65.54,62.5,64.95,195370
"30-Jun-16",64.64,66.09,64.18,65.77,247159
"01-Jul-16",65.65,66.3,64.61,65.97,211233
"05-Jul-16",65.89,66.19,63.91,64.59,196352
"06-Jul-16",64.26,65.44,63.95,65.13,202085
"07-Jul-16",65.12,66.07,64.77,65.7,210944
"08-Jul-16",66.01,67.67,65.27,67.3,157436
"11-Jul-16",67.54,67.87,66.49,67.54,128066
"12-Jul-16",67.65,68.16,67.35,67.7,233400
"13-Jul-16",67.88,69.02,67.63,68.86,154623
"14-Jul-16",69.32,69.88,68.59,69.03,239446
"15-Jul-16",69.45,69.77,68.29,68.735,165960
"18-Jul-16",68.99,69.305,68.27,68.88,136821
"19-Jul-16",68.3,68.725,67.03,68.12,178910
"20-Jul-16",68.16,69.285,68,68.91,158726
"21-Jul-16",68.79,70.76,68.72,70.22,188584
"22-Jul-16",70.35,71.41,69.68,71.23,208456
"25-Jul-16",71.37,71.37,70.35,70.85,106214
"26-Jul-16",70.9,71.566,70.51,71.2,129606
"27-Jul-16",71.01,71.46,70.55,71.25,130914
"28-Jul-16",71.04,71.79,68.48,71.14,216002
"29-Jul-16",72.15,72.31,68.015,68.47,277688
"01-Aug-16",68.66,69.205,65.42,65.72,440425
"02-Aug-16",65.35,66.39,61.72,62.62,560439
"03-Aug-16",62.69,63,60.87,61.15,370247
"04-Aug-16",60.95,61.34,58.847,59.1,216410
"05-Aug-16",59.22,60.26,58.01,59.26,232466
"08-Aug-16",59.06,59.76,58.65,58.76,205490
"09-Aug-16",58.99,59.0625,58.53,58.55,200041
"10-Aug-16",58.46,58.8,58.095,58.41,244558
"11-Aug-16",58.65,58.86,58.32,58.61,207609
"12-Aug-16",58.15,59.12,58.15,59.03,261184
"15-Aug-16",58.91,59.64,58.31,59.35,301488
"16-Aug-16",58.86,59.3699,57.87,57.89,258807
"17-Aug-16",58.12,58.12,56.745,57.75,255644
"18-Aug-16",57.79,58.9374,57.67,58.47,226938
"19-Aug-16",58.07,58.85,58,58.53,218903
"22-Aug-16",58.61,58.89,57.11,57.96,179970
"23-Aug-16",58.15,58.1805,56.706,57.85,174015
"24-Aug-16",58.03,58.53,57.09,57.3,184655
"25-Aug-16",57.07,58.39,57.06,57.24,204929
"26-Aug-16",57.44,57.62,55.87,56.18,217852
"29-Aug-16",56.3,56.95,55.22,56.63,175969
"30-Aug-16",56.54,57.19,56.3901,56.92,196458
"31-Aug-16",57.02,57.47,56.56,57.12,188956
"01-Sep-16",57.06,57.285,55.08,55.12,382152
"02-Sep-16",55.09,55.87,54.73,55.75,247954
"06-Sep-16",55.78,55.78,54.58,54.68,286545
"07-Sep-16",54.51,55.33,54.05,55.13,321183
"08-Sep-16",55.03,55.27,54.52,55.09,156794
"09-Sep-16",54.66,55.08,54.02,54.03,201898
"12-Sep-16",54.01,54.53,53.67,54.24,269660
"13-Sep-16",54.23,54.26,53.15,53.19,203899
"14-Sep-16",53.42,53.46,52.32,52.34,239759
"15-Sep-16",52.43,53.57,52.01,53.45,206908
"16-Sep-16",53.26,54.19,53.24,53.85,288765
"19-Sep-16",53.67,54.57,53.605,53.73,219100
"20-Sep-16",54.07,54.29,53.29,53.3,199629
"21-Sep-16",53.48,54.28,53.37,53.91,227227
"22-Sep-16",54.31,55.36,54.22,54.84,168713
"23-Sep-16",54.74,55.54,53.53,53.53,126849
"26-Sep-16",53.15,54.67,52.73,54.15,231433
"27-Sep-16",54.23,54.52,53.79,54.19,120885
"28-Sep-16",54.14,54.682,53.86,54.36,123031
"29-Sep-16",54.23,54.56,53.74,53.92,106330
"30-Sep-16",54.17,54.17,53.18,53.73,166041
"03-Oct-16",53.73,53.76,53.15,53.17,166714
"04-Oct-16",53.35,53.55,52.15,52.56,171355
"05-Oct-16",52.77,53.66,52.63,53.5,126650
"06-Oct-16",53.4,54.245,53.28,54.11,222932
"07-Oct-16",54.12,54.6492,54.08,54.48,168099
"10-Oct-16",54.43,55.37,54.35,55.24,164237
"11-Oct-16",55.18,55.46,53.98,54.4,215648
"12-Oct-16",54.58,55.515,51.43,53.91,154486
"13-Oct-16",53.39,54.39,53.23,53.38,141217
"14-Oct-16",53.81,54.21,53.43,53.53,100669
"17-Oct-16",53.66,54.17,53.16,54,150095
"18-Oct-16",54.54,55.86,54.54,55.32,234803
"19-Oct-16",55.48,55.48,54.52,55.18,101102
"20-Oct-16",55.22,55.54,54.68,55.44,194262
"21-Oct-16",55.02,55.39,54.41,55.28,125067
"24-Oct-16",55.4,55.5,54.23,54.42,154294
"25-Oct-16",54.39,55.75,54.17,54.19,79343
"26-Oct-16",53.94,54.7,53.01,53.43,118464
"27-Oct-16",53.53,53.53,52.53,52.55,107354
"28-Oct-16",52.49,53.875,51.515,51.72,134856
"31-Oct-16",52.2,52.4019,50.55,51.45,218742
"01-Nov-16",51.45,52.15,49.75,50,175716
"02-Nov-16",49.8,51.2,49.5,50.55,139378
"03-Nov-16",50.6,51.1,49.85,49.9,95134
"04-Nov-16",50.1,50.85,49.9,49.9,142398
"07-Nov-16",50.75,52.05,50.75,51.75,145645
"08-Nov-16",51.7,53,51.7,52.55,155385
"09-Nov-16",56.5,62.35,53.86,61.9,372491
"10-Nov-16",62.55,65.9,62.5,64.65,364123
"11-Nov-16",64.85,66.25,64.4,64.8,300352
"14-Nov-16",65.45,68.145,65.1,65.45,365482
"15-Nov-16",65.6,66.5,64.85,65,328103
"16-Nov-16",65,66.75,65,65.45,282232
"17-Nov-16",65.65,66.9,65.65,66,576370
"18-Nov-16",65.95,68.2,65.3,68.1,284391
"21-Nov-16",68.55,69.075,67.75,68.9,208940
"22-Nov-16",70.15,71.6,69.05,70.6,405235
"23-Nov-16",71,71.6,70.35,71.6,316200
"25-Nov-16",71.6,72.4,71.2,72.4,364673
"28-Nov-16",72.1,72.85,71.95,71.95,470949
"29-Nov-16",72.6,73.2,72.15,72.7,294443
"30-Nov-16",72.35,73.3,71.9678,72.8,295077
"01-Dec-16",72.9,73.8,71.8,72,277738
"02-Dec-16",72.3,72.9,71.45,71.9,325968
"05-Dec-16",72.6,73.45,71.875,72.95,223438
"06-Dec-16",73,73.325,72.05,72.95,176896
"07-Dec-16",72.45,74,72.25,74,299450
"08-Dec-16",74,75.2,73.25,75.15,348792
"09-Dec-16",75.7,75.8,74.9,75.75,190946
"12-Dec-16",75.35,76.35,74.305,76.2,367333
"13-Dec-16",76.65,76.9,75.525,76.4,332309
"14-Dec-16",76.4,76.65,75.15,75.85,284503
"15-Dec-16",76.25,76.55,74.45,74.9,206469
"16-Dec-16",75.35,75.8,73.85,74.05,800618
"19-Dec-16",74.35,75.5,74.2,74.75,229825
"20-Dec-16",75.1,76.35,74.75,76.15,203114
"21-Dec-16",75.9,76.35,75,75.4,155579
"22-Dec-16",75.4,76.6668,74.25,74.4,105855
"23-Dec-16",74.6,76.85,74.6,76.5,124738
"27-Dec-16",76.35,77.35,76.35,76.8,97341
"28-Dec-16",76.9,77.25,75.25,76,108674
"29-Dec-16",75.95,76.6,75.05,75.55,75198
"30-Dec-16",75.7,75.7,74.55,75.25,96652
"02-Jan-17",,,,,,0.49338
"03-Jan-17",75.6,76.1,75,76.1,140589,0.477381
"04-Jan-17",76.5,77.25,76.05,77.05,180190,0.490736
"05-Jan-17",76.85,77.65,76.2,76.25,173865,0.569985
"06-Jan-17",76.3,76.6,75.55,76.2,193176,0.587566
"09-Jan-17",76.1,76.4,75.75,76.15,124448,0.461578
"10-Jan-17",76.4,77.7,76.15,77.55,114003,0.463427
"11-Jan-17",77.75,78.1,76.9,77.95,145890,0.428059
"12-Jan-17",77.75,78.5,77.35,78.35,127974,0.451224
"13-Jan-17",78.7,79.2,78.2,78.75,115638
"17-Jan-17",78.7,78.7,76.45,76.6,128060
"18-Jan-17",76.85,76.85,74.6346,76.1,146928
"19-Jan-17",75.9,76.3,75.1,75.75,110663
"20-Jan-17",75.8,76.85,75.4,75.95,108569
"23-Jan-17",76.1,76.4,75,76.25,88053
"24-Jan-17",76.25,76.85,75.4,76.4,96588
"25-Jan-17",76.4,77.35,75.75,76.1,93466
"26-Jan-17",76,76.1,74.75,75.8,89324
"27-Jan-17",75.95,76.2,75.25,75.75,71356
"30-Jan-17",75.3,75.3,73.8,73.8,115188
"31-Jan-17",73.6,75.35,72.555,74.95,156116
"01-Feb-17",75.45,76.5365,75.3,75.8,143040
"02-Feb-17",75.8,75.95,74.66,75.8,82878
"03-Feb-17",76.4,76.8,75.925,76.6,105326
"06-Feb-17",76.55,76.75,74.8,75.25,100408
"07-Feb-17",75.5,76.25,74.95,75.5,99519
"08-Feb-17",75.2,75.7,74.35,75.55,83368
"09-Feb-17",75.65,77.35,75.35,76.25,99553
"10-Feb-17",76.55,77,76.25,76.65,51651
"13-Feb-17",77.2,77.4,76.05,76.4,68064
"14-Feb-17",76,78.45,76,78.45,135490
"15-Feb-17",78.2,78.95,77.65,78.2,61608
"16-Feb-17",78.15,78.5,77,78.45,76689
"17-Feb-17",78.3,78.5,77.35,78.4,121666
"21-Feb-17",78.35,79.75,78.1,79.45,86336
"22-Feb-17",79.1,79.3,77.45,79.15,149770
"23-Feb-17",79.25,81.55,78.8,80.1,268235
"24-Feb-17",81.55,84.7105,72.8,74.35,373339
"27-Feb-17",74.15,74.325,68.15,70.2,407217
"28-Feb-17",70.15,71.65,69.05,69.15,352849
"01-Mar-17",70,70.675,68.5,69.4,239104
"02-Mar-17",69.4,69.6,68.15,68.65,199673
"03-Mar-17",68.45,68.9,67.5,68.5,134847
"06-Mar-17",68.2,68.4,67.1,67.3,151976
"07-Mar-17",67.15,68.4,67.05,68.3,193689
"08-Mar-17",68.55,69.3,68.1,68.45,178868
"09-Mar-17",68.45,69.2,68.15,68.5,132089
"10-Mar-17",68.8,69.65,67.75,67.8,113214
"13-Mar-17",67.6,68.3,67.45,68.05,75715
"14-Mar-17",67.8,67.95,65.95,66.4,128558
"15-Mar-17",66.7,68.65,65.975,68.4,165030
"16-Mar-17",68.55,68.8,66.95,67.3,83498
"17-Mar-17",66.9,68,66.65,67.85,294748
"20-Mar-17",67.8,67.8,66.4,66.7,115209
"21-Mar-17",67,67.5,64.65,64.75,148569
"22-Mar-17",64.8,64.9,64.05,64.65,119539
"23-Mar-17",64.55,65.55,64.45,64.625,146580
"24-Mar-17",64.75,67.2391,64.75,65.65,110562
"27-Mar-17",65.5,66.9,65.35,66.45,103266
"28-Mar-17",66.25,67.1,65.3,66.95,128124
"29-Mar-17",66.85,66.85,66.25,66.6,111187
"30-Mar-17",66.75,69.6,66.5,69.2,145148
"31-Mar-17",69.1,69.75,68.225,69.05,232886
"03-Apr-17",69.1,69.45,68.4,68.65,162266
"04-Apr-17",68.55,69.45,67.6,67.7,125458
"05-Apr-17",68,68.95,66.7,66.75,103492
"06-Apr-17",66.7,67.45,66.2,67.1,126205
"07-Apr-17",67.05,67.05,66,66.5,148840
"10-Apr-17",66.65,67.95,66.4,67.9,147883
"11-Apr-17",67.85,68.35,67.35,68,79117
"12-Apr-17",68.05,68.45,67.6,68,105579
"13-Apr-17",67.9,68.2,67.65,67.95,134011
"17-Apr-17",68.25,69,68,68.8,77231
"18-Apr-17",68.3,68.4,67.35,68.3,72883
"19-Apr-17",68.6,69.5,68.2,68.4,91945
"20-Apr-17",68.65,69.35,68,69.05,117609
"21-Apr-17",69.05,70.8,68.6,70.7,136805
"24-Apr-17",71.7,71.7,70.85,71.45,160477
"25-Apr-17",72,73.25,71.65,71.7,138315
"26-Apr-17",71.75,72.5,67.2,71.4,276113
"27-Apr-17",71.5,72.05,70.05,70.4,308579
"28-Apr-17",70.25,70.5,68.6,68.8,212242
"01-May-17",68.9,69.45,67.8,68.25,346125
"02-May-17",68.35,69.55,67.925,69.45,293649
"03-May-17",69.35,70.1,68.25,68.3,231263
"04-May-17",68.4,70.4,68.2,70.3,176598
"05-May-17",70.4,71.3,70.3,71.05,165484
"08-May-17",70.85,72.25,69.65,71.3,119864
"09-May-17",71.4,72.55,71.3,71.6,115782
"10-May-17",71.55,72.05,71.05,71.35,73872
"11-May-17",71.05,71.25,70.5,70.85,83240
"12-May-17",70.55,71,70.1,70.45,76847
"15-May-17",70.55,71.55,68.75,71.5,103407
"16-May-17",71.65,71.775,70.55,70.95,127652
"17-May-17",70.15,70.35,67.425,68.7,187894
"18-May-17",68.4,69.15,68,68.05,240182
"19-May-17",68.35,69.55,67.95,68.05,162937
"22-May-17",68.1,70.1,67.975,69.85,146244
"23-May-17",70,70.05,69,69.8,61804
"24-May-17",69.65,70.45,69.6,70.2,89262
"25-May-17",70.4,70.7,68.9,69.4,109476
"26-May-17",69.3,70.1,68.4,69.85,78167
"30-May-17",69.7,69.8,68.25,68.7,442289
"31-May-17",68.7,69.85,67.5,68.75,88791
"01-Jun-17",68.95,70.025,68.85,69.75,168525
"02-Jun-17",69.9,70.9,69.9,70.2,91767
"05-Jun-17",70.05,70.95,69.55,69.7,51529
"06-Jun-17",69.35,69.7,68.5,69.2,84981
"07-Jun-17",69.3,70.15,69.05,69.15,96869
"08-Jun-17",69.2,70.85,69.2,70.4,97458
"09-Jun-17",70.7,72.7,70.65,72.15,108918
"12-Jun-17",72.05,73.45,71.5,73.15,157874
"13-Jun-17",73.4,73.45,72.75,73.05,66721
"14-Jun-17",73.15,73.35,72.7,73.15,80864
"15-Jun-17",72.45,72.7,71.8,72.05,90666
"16-Jun-17",71.4,72.45,70.7,72.3,171451
"19-Jun-17",72.7,74.6,72.1,72.4,121843
"20-Jun-17",72.1,72.6,71.875,72.5,73884
"21-Jun-17",72.55,74.15,71.7,72,105242
"22-Jun-17",71.95,74.25,71.95,73.9,64588
"23-Jun-17",74,74.1,72.2,72.65,222771
"26-Jun-17",72.8,73.1,71.95,72.6,166292
"27-Jun-17",72.7,73.525,72.175,72.9,158216
"28-Jun-17",73.25,73.55,70.7,73.25,109777
"29-Jun-17",73.5,73.55,71.75,72.85,61695
"30-Jun-17",73.05,73.45,72.75,72.9,67692
"03-Jul-17",73,73.8,72.85,73.25,74941,0.328266
"04-Jul-17",,,,,,0.329248
"05-Jul-17",73.35,73.65,72.05,73.6,82122,0.343158
"06-Jul-17",73.1,73.3,71.5,72.1,95202,0.362275
"07-Jul-17",72.2,73.35,72.15,73.25,66383,0.37153
"10-Jul-17",73.05,73.1,72.25,72.7,129237,0.316331
"11-Jul-17",72.65,73.95,72.3,73.15,117570,0.381999
"12-Jul-17",73.75,74.05,73.15,73.25,55228,0.366571
"13-Jul-17",73.55,77.9,73.55,77.65,271622,0.308089
"14-Jul-17",80,80.275,78.45,80.1,246830,0.337276
"17-Jul-17",80.55,80.55,79.025,79.3,140289,0.377379
"18-Jul-17",79.15,79.9,77.9,78.35,177698,0.411797
"19-Jul-17",78.8,79.2,78.45,79.15,49149,0.636923
"20-Jul-17",79.1,80.15,78.9,80.05,99387,0.431016
"21-Jul-17",80.4,80.75,79.15,79.85,102261,0.351294
"24-Jul-17",79.7,80.35,79.375,80.25,108006,0.36094
"25-Jul-17",80.65,81.5,80.3,81.25,252180,0.330655
"26-Jul-17",81.6,81.6,78.95,79.15,129321,0.423707
"27-Jul-17",79.3,79.3,78,78.8,186959,0.41206
"28-Jul-17",76.35,77.75,71.75,75.9,289786,1.077088
"31-Jul-17",75.8,77.3,74.3,74.55,246597,1.137913
"01-Aug-17",74.75,75.15,71.75,71.95,184390,1.138607
"02-Aug-17",71.95,73.95,71.85,72.75,118503,0.878734
"03-Aug-17",72.8,73.35,72.05,73.05,88951,0.817783
"04-Aug-17",73.25,75.35,71.8,75.15,223222,0.801175
"07-Aug-17",75,78.05,74.75,78,221269,0.721949
"08-Aug-17",77.9,78.85,76.875,77.4,185106,0.800792
"09-Aug-17",77.3,79.5,76.95,78.25,323640,1.571338
"10-Aug-17",77.9,78.7,76.525,77.3,175251
"11-Aug-17",77.45,79.275,77,79.05,152999
"14-Aug-17",79.5,79.95,78.5,79.25,192302
"15-Aug-17",79.25,79.6,78,78.45,90026
"16-Aug-17",78.7,79.35,78.5,78.65,90785
"17-Aug-17",78.55,79,77.85,77.9,150465
"18-Aug-17",77.7,78,76.9,77.2,148231
"21-Aug-17",77.15,78.35,76.55,77.25,96490
"22-Aug-17",77.4,78.3,77.15,77.95,92575
"23-Aug-17",77.55,78.525,77.225,77.675,62313
"24-Aug-17",77.95,78.8,77.6,78.45,84803
"25-Aug-17",78.6,78.8,77.45,78.5,51118
"28-Aug-17",78.65,78.65,76.9,78.15,337099
"29-Aug-17",77.65,77.85,76.95,77.1,113286
"30-Aug-17",77.05,78.225,77.05,77.75,130113
"31-Aug-17",77.9,81,77.9,80.9,154162
"01-Sep-17",81.1,82.05,80.3,80.75,121769
"05-Sep-17",80.5,81.15,78.06,80.05,135781
"06-Sep-17",80.45,80.85,79.8,80.05,121380
"07-Sep-17",80.25,81.4,79.6,80.45,173544
"08-Sep-17",80.4,82.25,80.05,81.95,131834
"11-Sep-17",82.55,83,81.8,82.8,113437
"12-Sep-17",83,83,82,82.9,86664
"13-Sep-17",83,83.15,82.15,82.3,93300
"14-Sep-17",82.3,83.25,81.1,83.1,122767
"15-Sep-17",83,84.4,82.55,83.75,240325
"18-Sep-17",84.05,84.4,82.7,82.85,114767
"19-Sep-17",82.9,82.9,80.6,80.7,143299
"20-Sep-17",80.65,81.95,80.55,81,251268
"21-Sep-17",81,82.25,80.95,82,93087
"22-Sep-17",82,83.85,81.95,83,101878
"25-Sep-17",82.4,83.6,81.6,83.2,126111
"26-Sep-17",83.25,84.795,82.725,84.3,112120
"27-Sep-17",84.7,86.2,83.7,85.15,249994
"28-Sep-17",85.15,86.7,85.1,85.7,103905
"29-Sep-17",85.8,86.725,85.75,86.3,134759
"02-Oct-17",86.7,86.75,85.5,86.65,114729,2.747535,0.5531
"03-Oct-17",86.9,88.05,86.4,88,270605,1.587515,0.5357
"04-Oct-17",88,88.1,87.15,87.9,115398,1.595676,0.5363
"05-Oct-17",87.6,87.9,86.3,86.45,119549,1.618628,0.5436
"06-Oct-17",86.35,86.8,86.1,86.35,94983,1.66374,0.5492
"09-Oct-17",86.35,86.35,84.65,84.95,85530,1.651458,0.5492
"10-Oct-17",85.3,85.5,84.25,84.95,115250,1.600912,0.5456
"11-Oct-17",85.1,85.9,85.1,85.65,106568,1.68676,0.5532
"12-Oct-17",85.75,86.9,85.325,85.8,81503,1.633834,0.5468
"13-Oct-17",85,85,79.5,83.9,146340,1.800968,0.5521
"16-Oct-17",83.35,84.5,82.05,84.45,80090,1.867217,0.5443
"17-Oct-17",84.7,85.75,84.4,85.2,74491,1.926905,0.5429
"18-Oct-17",84.95,86.15,84.55,85.45,101081,1.970025,0.5324
"19-Oct-17",85.55,86.35,84.7,86.25,66263,1.934627,0.5355
"20-Oct-17",86.95,87.575,86.725,86.95,107202,1.848224,0.5325
"23-Oct-17",86.9,87.55,82,84.7,147490,1.875681,0.5307
"24-Oct-17",84.9,86,84.05,84.05,152860,1.774091,0.5357
"25-Oct-17",84.1,85.05,83.45,84.5,187312,1.666627,0.5313
"26-Oct-17",84.55,85.05,83.9,84.7,103467,1.668845,0.5268
"27-Oct-17",85.05,85.6,84.275,84.75,141145,1.593199,0.5237
"30-Oct-17",84.8,85.3,84.25,84.4,164664,1.623265,0.5058
"31-Oct-17",84.35,85.75,84.35,85.3,178415,1.729353,0.5193
"01-Nov-17",92,92,82.85,83.55,183567,1.915155,0.5562
"02-Nov-17",84.1,85.775,83.35,84.75,252890,1.67228,0.5858
"03-Nov-17",84.7,85.85,84.5,85.4,291353,2.111302,0.5263
"06-Nov-17",85.3,86.125,82.4,83,112519,1.976987,0.5111
"07-Nov-17",83.3,85.35,82,83.05,166721,2.318004,0.516
"08-Nov-17",82.6,83.85,81.65,83.05,149204,1.525992,0.4908
"09-Nov-17",82.75,84.25,82.35,83.85,130305,1.620258,0.4969
"10-Nov-17",83.8,84.2581,82.775,83.3,76303,1.598395,0.4793
"13-Nov-17",83.4,84.175,82.575,83.65,114028,1.628023,0.4759
"14-Nov-17",83.45,83.6,82.705,83.5,52100,1.580374,0.4766
"15-Nov-17",83.05,83.05,80.9,81.1,127817,1.608066,0.4822
"16-Nov-17",81.5,82.55,77.56,82.55,111045,1.498546,0.4819
"17-Nov-17",82.05,82.75,81.85,82,77579,1.46071,0.4765
"20-Nov-17",82.3,83.295,81.375,82.7,124702,1.384223,0.4699
"21-Nov-17",83,83.75,82.25,83.3,133910,1.352345,0.4763
"22-Nov-17",83.4,84,83.2,83.65,66900,1.339527,0.4717
"23-Nov-17",,,,,,1.333384,0.4717
"24-Nov-17",83.75,83.75,83.05,83.35,31786,1.346434,0.468
"27-Nov-17",83.45,83.5,83.05,83.45,131957,1.308457,0.4657
"28-Nov-17",83.65,84.25,82.65,83.45,118970,1.367442,0.4733
"29-Nov-17",83.4,84.975,83.05,84.65,261845,1.32412,0.4699
"30-Nov-17",84.65,85.55,84,84.5,197940,1.611518,0.5122
"01-Dec-17",88.05,90.9,87,89.3,674832,1.584034,0.4713
"04-Dec-17",90.6,95.55,90.6,95.25,447200,1.195214,0.4557
"05-Dec-17",95.25,95.9016,94.375,95.7,173921,0.78934,0.4525
"06-Dec-17",95.8,96.85,95.4,96.4,156097,0.963752,0.5033
"07-Dec-17",96.85,98.35,96.15,98.3,179119,0.857421,0.474
"08-Dec-17",98.25,99.25,96.7,98.5,159013,0.952066,0.5
"11-Dec-17",98.45,98.65,96.8,97.35,99951,1.120975,0.4999
"12-Dec-17",97.75,98.9466,96.8,96.9,90887,1.056735,0.4802
"13-Dec-17",97.15,97.7,96.225,96.95,135185,0.740958,0.4594
"14-Dec-17",97.05,98.4087,94.45,95.25,135782,0.672813,0.4338
"15-Dec-17",95.05,96.5,94.85,95.8,495854,0.598012,0.4777
"18-Dec-17",97.25,98.675,97.25,98.15,127528,0.506943,0.5003
"19-Dec-17",98.35,99.8,98.35,98.9,82698,0.564566,0.4818
"20-Dec-17",99.5,99.6,98.5,98.75,60039,0.431503,0.6869
"21-Dec-17",98.85,98.85,96.95,98.45,74168,0.46289,0.7006
"22-Dec-17",98.65,99.3964,97.35,98.6,94612,0.465503,0.6626
"25-Dec-17",,,,,,0.463215,0.6626
"26-Dec-17",98.65,99.35,98.3,98.4,78546,0.460826,0.6634
"27-Dec-17",98.4,99.25,98,98.1,58071,0.496534,0.6568
"28-Dec-17",97.95,98.55,97.725,98.3,59239,0.479859,0.6945
"29-Dec-17",98.35,99.347,96.35,96.55,86366,0.421407,0.6846
"01-Jan-18",,,,,,0.420942,0.6846
"02-Jan-18",96.3,97.1,95.05,96.9,190890,0.577067,0.5989
"03-Jan-18",96.6,97.6,94.35,97.5,153985,0.583136,0.6059
"04-Jan-18",97.5,98.25,96.6475,97.5,73640,0.416304,0.7497
"05-Jan-18",97.75,99,97,99,105609,1.086028,0.6772
"08-Jan-18",98.55,98.55,95.3,96.5,111885,1.033203,0.6667
"09-Jan-18",96.55,96.9,95.1,96.6,88221,1.031082,0.6698
"10-Jan-18",96.25,96.25,94.8,95.95,115585,0.994909,0.6633
"11-Jan-18",96.3,98.95,95.875,98.85,156137,0.990668,0.6762
"12-Jan-18",98.2,99.05,97.7,98.25,92289,0.968386,0.6453
"15-Jan-18",,,,,,0.961944,0.6453
"16-Jan-18",98,99.95,98,99.65,154076,1.020571,0.6249
"17-Jan-18",99.65,99.65,98.5,99.05,75454,0.976898,0.6438
"18-Jan-18",99.25,99.3,97.95,98.15,144090,1.016788,0.6391
"19-Jan-18",98.6,100.85,98.6,100.8,113050,0.940191,0.6333
"22-Jan-18",100.8,102.1,100.175,102.05,93612,0.842072,0.6713
"23-Jan-18",102.05,102.475,100.55,101.4,107827,0.807457,0.6923
"24-Jan-18",101.55,102.7,100.81,101.25,130934,0.816817,0.7079
"25-Jan-18",101.65,101.95,99.876,100.75,208563,0.938559,0.676
"26-Jan-18",101.15,101.7,100.0268,101.4,53607,0.916443,0.6775
"29-Jan-18",101.4,102.25,100.85,101.65,184909,0.642898,0.6843
"30-Jan-18",100.45,101.25,99.45,100,171374,0.63543,0.6833
"31-Jan-18",100.3,101.55,98.025,99.6,207706,0.685359,0.666
"01-Feb-18",99.15,100.95,96.4,100.3,203981,0.724036,0.6651
"02-Feb-18",99.5,100.225,97.95,98.55,135780,0.719218,0.736
"05-Feb-18",97.8,98.45,94.25,94.3,105649,0.331654,0.6354
"06-Feb-18",92.45,96,91.655,95.7,129636,0.303719,0.6265
"07-Feb-18",95.4,97.55,94.9,96.75,109426,0.253494,0.6468
"08-Feb-18",97.05,97.55,94.05,94.15,84743,0.235966,0.646
"09-Feb-18",95.15,96.9,92.25,93.45,163786,0.309256,0.6675
"12-Feb-18",93.8,95.396,93.15,94.45,109827,0.294305,0.6489
"13-Feb-18",94,94.45,93.2,94.1,106084,0.193281,0.6508
"14-Feb-18",93.6,95.7,93.6,94.75,175768,0.327188,0.7049
"15-Feb-18",95.4,96.1,93.9,96.05,196772,0.224466,0.6902
"16-Feb-18",95.75,97.95,95.75,97.6,103397,0.261133,0.6676
"19-Feb-18",,,,,,0.258205,0.6676
"20-Feb-18",97.2,97.45,94.6,95,149785,0.319097,0.6617
"21-Feb-18",95.2,97.8,95.2,96.4,60472,0.30412,0.6693
"22-Feb-18",96.8,97.5,94.5,94.65,107341,0.280787,0.6723
"23-Feb-18",95.25,96.55,95.2,96.45,87450,0.307426,0.6758
"26-Feb-18",96.4,97.45,96,96.95,80095,0.315922,0.5584
"27-Feb-18",101.45,105.25,95.55,100.25,186036,0.49308,0.5891
"28-Feb-18",101.05,102.6,100.3,100.9,332261,0.384215,0.6289
"01-Mar-18",100.85,102.775,98.15,100.85,326863,0.24979,0.5716
"02-Mar-18",100.5,102.1,99.35,101.75,130806,0.297044,0.6332
"05-Mar-18",101.05,101.225,98.25,99.45,145979,0.26482,0.6041
"06-Mar-18",100,106.8,99.85,105.6,558669,3.128702,0.7528
"07-Mar-18",104.3,106,102.655,104,400225,0.754501,0.6219
"08-Mar-18",103.85,109,103.55,108.75,400926,1.322118,0.6165
"09-Mar-18",108.75,109.8,104.5,104.65,344907,0.88386,0.6673
"12-Mar-18",105.1,107.75,104.8192,106.55,161658,1.175506,0.6726
"13-Mar-18",106.8,106.9,103.05,103.5,132089,0.966118,0.6156
"14-Mar-18",104.05,105.125,103.3,104.35,90713,0.551222,0.6451
"15-Mar-18",105.8,109.2,105.8,108.45,167070,0.419223,0.6286
"16-Mar-18",108.45,108.65,107.1,108.25,285926,0.422151,0.6426
"19-Mar-18",108.45,108.75,106.65,107.95,117628,0.509138,0.6211
"20-Mar-18",107.05,107.2253,104.3,105.2,208589,0.468582,0.6596
"21-Mar-18",105.25,107.2,105.25,106.85,105005,0.448448,0.6522
"22-Mar-18",106.15,107.65,104.7,104.75,149460,0.343054,0.5708
"23-Mar-18",104.6,107.3772,104.2,104.35,149576,0.352236,0.6932
"26-Mar-18",105.3,106.5,104.35,106.4,75141,0.349145,0.5473
"27-Mar-18",106.5,107.3,105.7,106.5,187201,0.449187,0.5113
"28-Mar-18",106.5,107.85,105.95,107,163075,0.2945,0.5049
"29-Mar-18",107.35,107.85,106.3,107.1,214599,0.656686,0.4516
"30-Mar-18",,,,,,0.651743,0.4516
"02-Apr-18",106.2,106.4,102.05,102.85,199621,0.64992,0.4748
"03-Apr-18",103.5,106.55,103.5,106,184904,0.743904,0.4629
"04-Apr-18",105.25,108,105,107.9,135598,0.727426,0.513
"05-Apr-18",108.55,110,107.75,109.7,111990,0.675176,0.5134
"06-Apr-18",109.2,110.1,105.95,107.05,123778,0.678844,0.4875
"09-Apr-18",107.45,110.4,106.05,107.25,129983,0.800092,0.4864
"10-Apr-18",108.55,109.65,106.6,107.95,110988,0.792923,0.5282
"11-Apr-18",107.5,107.87,106.65,107.7,77034,0.762249,0.4729
"12-Apr-18",108.25,108.85,107.1,108.65,137015,0.731723,0.4843
"13-Apr-18",108.85,111.1,108.1,108.45,129102,0.764563,0.4905
"16-Apr-18",108.25,109.65,107.2133,108.8,97211,0.972611,0.511
"17-Apr-18",109.05,110.7,108.2,110.55,88689,1.125777,0.5192
"18-Apr-18",111,112.15,110.3,111,109366
"19-Apr-18",111.15,112.25,110,110.5,94731,0.778506,0.5657
"20-Apr-18",110.1,110.85,109.35,110.2,102809,0.826553,0.5789
"23-Apr-18",110.5,110.95,108.908,110.05,84091,0.740235,0.5557
"24-Apr-18",110.3,112.14,109.9,111.1,109101,0.782394,0.5429
"25-Apr-18",103.8,103.8,91.8,92.7,479954,0.781008,0.5341
"26-Apr-18",83.2,87,76.825,81.55,1083668,0.81444,0.5334
"27-Apr-18",81.95,83.55,80.05,81.4,296980,0.660594,0.5841
"30-Apr-18",81.9,84.25,81.4,83.85,324085,0.420398,0.6662
"01-May-18",85.4,87.4,84.65,86.65,300848,0.410646,0.5222
"02-May-18",86.35,89.1,86.15,88.95,262326,0.423939,0.4504
"03-May-18",87.8,88.65,85.55,85.85,307298,0.563556,0.4271
"04-May-18",85.85,88,85.25,86.1,269241,0.692127,0.4695
"07-May-18",85.95,87.05,85.6,85.8,206462,0.633605,0.4062
"08-May-18",86.8,86.8,85.4,85.7,377792,0.687959,0.4231
"09-May-18",85.65,85.9,84.55,84.95,200819,0.691028,0.3914
"10-May-18",84.95,86.45,84.85,86.3,233890,0.652186,0.3954
"11-May-18",86.5,88.45,84.6,87.1,198859,0.482108,0.4575
"14-May-18",87.5,88.55,87.25,87.45,337943,0.505183,0.6571
"15-May-18",87.8,89.75,85.5,89.6,180575,0.507852,0.5543
"16-May-18",89.9,90.15,88.5,89.05,222250,0.264805,0.5751
"17-May-18",89.1,91.35,89.05,91.1,154590,0.210105,0.5393
"18-May-18",91.6,92.4,90.95,91.55,197017,0.254253,0.603
"21-May-18",91.3,92,89.95,90.2,218271,0.224431,0.54
"22-May-18",89.7,90.65,88.95,89.45,284936,0.307338,0.492
"23-May-18",88.95,90.275,88.725,89.15,131879,0.292194,0.555
"24-May-18",88.65,89.775,87.5,89.05,283428,0.251667,0.5194
"25-May-18",89.1,90.35,89.1,90.35,105961
"28-May-18",,,,,,0.250604,0.5194
"29-May-18",89.75,91.3,89.45,89.8,177626,0.267428,0.5951
"30-May-18",89.9,92.35,89.9,92.1,152636,0.327934,0.5981
"31-May-18",92.85,93.2,90.6,91.45,184099,0.375426,0.5181
"01-Jun-18",91.65,92.8,91.4,92.55,161255,0.376076,0.5061
"04-Jun-18",92.6,93,91.55,92.85,96674,0.44059,0.5234
"05-Jun-18",92.6,93.75,91.2,91.25,237727
"06-Jun-18",91.55,94,91.55,93.8,117568,0.470529,0.4654
"07-Jun-18",93.75,94.45,92.45,92.85,96385,0.399061,0.5089
"08-Jun-18",92.95,94.6,92.3,94.15,182795,0.433615,0.5172
"11-Jun-18",94.1,95.8,94.1,95.55,120545,0.417027,0.5307
"12-Jun-18",95.4,95.4,92.95,92.95,126233,0.420809,0.506
"13-Jun-18",93,94,92.3,92.55,294690,0.446506,0.4893
"14-Jun-18",92.7,93.25,92.35,92.9,183453,0.489497,0.5217
"15-Jun-18",92.75,93.8,92.75,93.8,247796,0.334456,0.4307
"18-Jun-18",93.55,95.9,93,95.75,266783,0.517028,0.5149
"19-Jun-18",95.65,98,95.15,97.9,325112,0.554515,0.5241
"20-Jun-18",97.9,99.7,97.1,99.6,183181
"21-Jun-18",99.9,99.9,97.4,98.2,198891,0.519355,0.6227
"22-Jun-18",98.4,99.9,98.35,99.3,513932,0.461245,0.4977
"25-Jun-18",99.1,99.35,97.95,98.25,275109,0.403933,0.4838
"26-Jun-18",98.25,98.8,97.5,98.1,140960
"27-Jun-18",98.15,98.975,96.6,97.45,198300,0.564246,0.4933
"28-Jun-18",97,97.05,94.55,96,218742,0.642197,0.5033
"29-Jun-18",95.45,97.35,95.45,95.95,143280
"02-Jul-18",95.7,96.5,94.7,96.5,97730,0.602032,0.5222
"03-Jul-18",96.55,97.85,96.55,97.55,64234,0.535304,0.4965
"04-Jul-18",,,,,,0.511786,0.492
"05-Jul-18",97.95,98.15,97.225,98.05,120021,0.502757,0.4784
"06-Jul-18",98.05,99.55,97.45,98.2,83492,0.540686,0.4826
"09-Jul-18",98.4,99.5,98.0621,98.95,162325,0.511211,0.4769
"10-Jul-18",99.2,99.75,98.4,99.05,157017,0.533981,0.4618
"11-Jul-18",98.5,99.7,98.45,98.6,120700,0.407871,0.4578
"12-Jul-18",99.15,99.25,98.2,98.95,187575,0.341224,0.4873
"13-Jul-18",98.55,99.775,98.3,99.1,117439,0.37413,0.5133
"16-Jul-18",98.8,99.7,96.7,96.9,134596
"17-Jul-18",96.65,97.775,94.75,94.9,333917,0.306642,0.5626
"18-Jul-18",94.9,96.4,94.45,95.35,491881
"19-Jul-18",95.7,96.7,94.2,95.45,479221
"20-Jul-18",95.8,96.7,91.45,91.9,683107,0.074337,0.7976
"23-Jul-18",92,94.95,90.7,93.3,630268,0.080932,0.7107
"24-Jul-18",93.25,93.625,90.5,91.3,285981,0.314111,0.6085
"25-Jul-18",91.1,92.35,90.95,91.25,270780,0.927484,0.5827
"26-Jul-18",91.4,92.8,90.105,91,389105,0.962426,0.5237
"27-Jul-18",76.4,80,71.7,72,1196443,0.93836,0.521
"30-Jul-18",72,73.3,71.2,72,645473,0.934376,0.5217
"31-Jul-18",71.6,72.95,71.025,72.75,443916
"01-Aug-18",73.25,75.65,71.9,75.5,394733,0.45596,0.6214
"02-Aug-18",74.75,75.95,72.51,75.9,332417,0.570131,0.5611
"03-Aug-18",76.25,76.3,74.85,75.05,289011
"06-Aug-18",75,75.4,74.4,74.85,330139,0.579879,0.5162
"07-Aug-18",75.15,76.4,74.9,75.05,173899,0.586011,0.5308
"08-Aug-18",74.85,76.2,74.5,75.55,252375,0.510787,0.5081
"09-Aug-18",75.6,76.65,75.6,75.9,174637,0.569069,0.514
"10-Aug-18",75.35,75.85,74.85,75.6,98436,0.558908,0.5031
"13-Aug-18",75.25,76,74.75,75.7,141291,0.540953,0.4773
"14-Aug-18",76.05,77.15,75.775,75.85,210179,0.51956,0.4826
"15-Aug-18",75.65,76.15,74.65,75.2,194659,0.522764,0.5092
"16-Aug-18",75.15,76.4,74.6,74.85,220710,0.436347,0.4673
"17-Aug-18",74.7,75.695,74.175,74.55,193609,0.501233,0.5059
"20-Aug-18",74.65,74.8,73.6,74.05,139555,0.443523,0.5441
"21-Aug-18",74.45,75.85,74.1,75.4,354370,0.409568,0.56
"22-Aug-18",75.2,76,75.2,75.7,161412,0.447831,0.5585
"23-Aug-18",75.6,76.25,74.85,75.05,164045,0.440778,0.5624
"24-Aug-18",75,75.35,74.5,75.1,257861,0.522152,0.5629
"27-Aug-18",75.3,76.75,75.2,75.95,214333,0.570115,0.5532
"28-Aug-18",77.05,77.1,74.7,75.1,231902,0.697959,0.5682
"29-Aug-18",75,76.3,74.65,74.7,223375,0.712987,0.5764
"30-Aug-18",74.75,74.975,73.5,73.65,193451,0.934548,0.4863
"31-Aug-18",73.65,74.375,72.7,73.5,239930,0.972539,0.4909
"03-Sep-18",,,,,,0.97454,0.4921
"04-Sep-18",73.65,74,72.55,73.7,168440,1.039188,0.5006
"05-Sep-18",73.65,73.9,72.9,73.9,154440,0.975564,0.4983
"06-Sep-18",73.95,75.95,73.75,75.5,208002,1.154193,0.5101
"07-Sep-18",75.4,76.85,74.8,76.3,217718,1.238115,0.514
"10-Sep-18",76.35,76.75,73.65,73.85,345693,1.293802,0.5142
"11-Sep-18",73.65,74.85,73.55,74.7,126617,1.527906,0.5301
"12-Sep-18",74.7,75.05,73.6,74.35,138975
"13-Sep-18",74.7,75.575,74.55,75.2,148979,1.653963,0.5424
"14-Sep-18",75.15,75.8,74.15,75.25,178935,1.733535,0.5339
"17-Sep-18",75.5,75.5,73.8,73.95,137772,1.823607,0.5337
"18-Sep-18",73.85,73.95,72.1,72.85,177593,2.077341,0.5421
"19-Sep-18",72.6,73.75,72.4,73,158752,2.491194,0.5477
"20-Sep-18",73.35,73.6,72.55,73.45,170085,2.426302,0.5488
"21-Sep-18",73.3,74.3065,72.775,73.5,334740,2.373333,0.5449
"24-Sep-18",73.45,73.65,72.4,72.55,212241,2.357759,0.5448
"25-Sep-18",72.7,73.4,71.525,71.65,172739,2.493576,0.5141
"26-Sep-18",71.55,72.05,70.6,70.7,117423,2.56259,0.5122
"27-Sep-18",71.05,72.15,70.85,71.75,184421,2.41604,0.5083
"28-Sep-18",71.55,72.45,71.15,72.05,304552,2.402293,0.5111
"01-Oct-18",72.32,73.295,72.32,72.73,133554,2.397362,0.5134
"02-Oct-18",72.72,73.55,71.41,71.69,199825,2.378554,0.5124
"03-Oct-18",71.81,71.98,70.31,71.25,261134,2.406327,0.5148
"04-Oct-18",71.42,71.42,68.76,70.11,330304,2.512368,0.5151
"05-Oct-18",70.35,71.3,68.76,69.74,237450,2.442018,0.5139
"08-Oct-18",69.8,71.43,69.675,70.81,224426,2.402047,0.5139
"09-Oct-18",70.58,71.38,70.05,70.79,241871,2.130011,0.5173
"10-Oct-18",70.78,73.06,70.34,70.36,260871,2.263221,0.5103
"11-Oct-18",69.85,70.3,66.73,66.89,259789,2.264268,0.5153
"12-Oct-18",67.15,68.31,66.7118,67.31,285149,2.462463,0.5198
"15-Oct-18",67.14,68.03,65.67,66.62,308872,2.659512,0.5021
"16-Oct-18",67.1,70.69,66.8,69.92,324042,2.792405,0.5013
"17-Oct-18",69.7,70.03,67.98,68.85,238152,2.78954,0.4964
"18-Oct-18",68.63,68.72,66.58,67.6,223830,2.579818,0.4917
"19-Oct-18",67.34,68.565,66.28,66.78,171755,2.584586,0.49
"22-Oct-18",66.9,67.47,65.21,65.99,234805,2.462716,0.4797
"23-Oct-18",65.28,66.98,64.47,66.2,345831,2.581787,0.4879
"24-Oct-18",66.35,66.42,62.98,63.01,217885,2.605004,0.4844
"25-Oct-18",63.49,64.65,61.83,64.17,223949,2.497288,0.477
"26-Oct-18",63.38,64.72,62.49,63.36,191571
"29-Oct-18",64.15,65.32,62.39,62.95,211202
"30-Oct-18",63.07,64.56,62.48,64.3,284637
"31-Oct-18",65,65.78,64.79,65.06,229070
"01-Nov-18",65.44,66.67,64.61,66.33,263933
"02-Nov-18",66.57,67.795,66.57,67.32,171271
"05-Nov-18",67.36,70.28,67.36,69.6,281908,3.857961,0.4082
"06-Nov-18",69.42,70.43,68.515,69.86,492344,3.819174,0.4035
"07-Nov-18",68.9,68.9,61.7105,62.89,1831305,3.616154,0.4131
"08-Nov-18",62.05,64.96,62.05,64.15,722994,3.510483,0.4225
"09-Nov-18",64.01,64.88,62.04,63.59,458310,4.766921,0.4623
"12-Nov-18",63.22,64.5565,61.99,62.46,317935,4.682281,0.4623
"13-Nov-18",60.05,61.15,57.12,58.26,674984,5.518403,0.4967
"14-Nov-18",58.46,58.525,56.55,56.6,445753,5.658743,0.4989
"15-Nov-18",56.59,56.84,55.49,56.24,189004,4.653181,0.4713
"16-Nov-18",55.21,56.17,54.71,56.06,345059,4.712182,0.4793
"19-Nov-18",56.09,56.23,54.18,54.4,297590,4.500559,0.4694
"20-Nov-18",54.68,54.68,52.32,53.74,469888,4.178137,0.4698
"21-Nov-18",54,55.11,54,54.44,174719,3.919885,0.4655
"22-Nov-18",,,,,,3.835551,0.4621
"23-Nov-18",54.21,54.825,54.04,54.16,77855,3.56968,0.4492
"26-Nov-18",54.54,55.755,54.21,54.72,505563,3.489087,0.453
"27-Nov-18",54.69,55.015,53.3,53.42,287294,3.241621,0.4424
"28-Nov-18",53.79,56.21,53.57,56,436741,3.045926,0.4343
"29-Nov-18",55.55,56.15,54.98,55.01,284868,3.642375,0.4691
"30-Nov-18",55.02,55.76,54.2494,54.52,254438,3.072581,0.4585
"03-Dec-18",55.16,57.63,54.38,56.75,884282,2.835179,0.4601
"04-Dec-18",56.65,56.65,54.7306,55.15,686246,2.831757,0.4597
"05-Dec-18",,,,,,2.759085,0.4618
"06-Dec-18",54.44,55.7125,51.88,55.49,861236,2.682158,0.4687
"07-Dec-18",59.17,59.89,55.68,57.63,999506,2.671806,0.4725
"10-Dec-18",57.35,58.43,56.03,57.9,959379,2.757512,0.4817
"11-Dec-18",58.58,60.5,57.45,60.06,386356,2.955909,0.4889
"12-Dec-18",60.41,60.695,58.25,58.63,420068,2.823702,0.4838
"13-Dec-18",61.25,63.62,60.48,62.56,1112950,2.548355,0.4726
"14-Dec-18",61.83,61.835,59.23,59.95,382943,1.943988,0.4418
"17-Dec-18",59.48,59.6,57.81,58.6,460643,1.858855,0.438
"18-Dec-18",59.31,60.38,57.32,57.51,438305,1.911697,0.446
"19-Dec-18",57.5,58.64,56.06,56.06,505276
"20-Dec-18",56.15,56.52,54.93,55.55,330383,2.097691,0.4398
"21-Dec-18",55.64,56.16,53.5,54.5,651188,2.056859,0.4476
"24-Dec-18",54.19,55.57,53.72,53.97,119205
"25-Dec-18",,,,,,2.076263,0.4532
"26-Dec-18",54.19,56.32,53.26,56.13,195257
"27-Dec-18",55.66,56.27,53.8,55.79,327495
"28-Dec-18",55.94,56.95,55.21,56.31,173572
"31-Dec-18",56.52,56.9,55.25,56.89,209107,1.762086,0.437
"02-Jan-19",55.93,57.21,55.69,55.8,286450
"03-Jan-19",55.51,56.335,53.26,55.25,289811
"04-Jan-19",55.77,58.18,54.56,57.53,572469
"07-Jan-19",59.34,60.15,57.68,59.96,468663
"08-Jan-19",60.74,61.38,60.25,60.91,244098
"09-Jan-19",61.36,61.77,60.74,61.01,201069
"10-Jan-19",60.64,60.94,59.66,60.7,231557
"11-Jan-19",60.71,60.92,59.61,60.87,206933
"14-Jan-19",60.24,60.86,58.73,59.18,216570
"15-Jan-19",59.23,61.22,58.99,61.06,279195
"16-Jan-19",61.27,62.145,60.76,61.6,155870
"17-Jan-19",61.14,62.54,60.79,62.2,199247
"18-Jan-19",62.35,63.34,62.2416,62.34,339273,1.147743,0.488
"21-Jan-19",,,,,,1.089111,0.4841
"22-Jan-19",62.11,62.11,60.8901,61.25,260741,1.134298,0.4936
"23-Jan-19",61.44,61.87,60.725,61.87,102705,1.050888,0.4747
"24-Jan-19",61.87,63.49,60.95,63.47,279001,1.067564,0.4892
"25-Jan-19",63.67,65.15,63.28,64.78,230293,1.048774,0.4932
"28-Jan-19",64.75,65.3,64.23,64.77,308023,1.222317,0.4747
"29-Jan-19",65,66.01,64.1,65.36,188046,1.30091,0.4684
"30-Jan-19",65.87,66.5799,65.12,65.9,264573,1.236126,0.4716
"31-Jan-19",65.62,66,64.83,65.16,214125,1.11723,0.4731
"01-Feb-19",64.97,65.775,63.12,63.52,384817,1.137983,0.4649
"04-Feb-19",63.79,63.79,63.09,63.49,183571,1.016091,0.4614
"05-Feb-19",63.83,65.26,63.21,63.8,217830,0.974343,0.4751
"06-Feb-19",63.75,64.36,63.17,64.07,357740,0.911257,0.4464
"07-Feb-19",64.08,64.24,62.77,63.22,140504,0.943539,0.4671
"08-Feb-19",62.9,62.9,61.39,62.23,118165,1.035701,0.4579
"11-Feb-19",62.48,62.48,61.2,62.04,150044,1.031297,0.4466
"12-Feb-19",62.43,63.31,62.05,63.23,151300,1.072708,0.4563
"13-Feb-19",63.24,64.18,62.835,63.5,217463,1.045434,0.4479
"14-Feb-19",63.4,64.065,62.5761,63.5,125405,1.155649,0.4529
"15-Feb-19",63.84,65.11,63.84,64.82,138405,0.84354,0.479,801846
"18-Feb-19",,,,,,0.843006,0.4797
"19-Feb-19",64.8,65.78,64.68,65.02,157665,0.897826,0.4796
"20-Feb-19",64.98,73.31,64.37,72.45,1063313,0.819909,0.4827
"21-Feb-19",72.52,72.52,69.48,70.5,505076,0.918942,0.485
"22-Feb-19",71.66,72.745,70.34,72.68,426028,0.892618,0.4644
"25-Feb-19",73.28,73.76,71.14,71.15,638755,0.82317,0.4638
"26-Feb-19",71.16,71.16,68.88,68.9,209745,0.80917,0.4657
"27-Feb-19",68.88,68.88,66.72,67,569734,0.71388,0.4693
"28-Feb-19",66,70.75,63.2,68.11,816552,0.930349,0.4994,707756,969672.3678
"01-Mar-19",68.15,70,67.43,69.42,411309,0.864282,0.4827,,908170.7796
"04-Mar-19",69.17,69.51,67.89,68.33,453727,0.865675,0.4829,,892294.2288
"05-Mar-19",67.99,68.49,66.35,66.57,402855,1.01034,0.4757,,1028126.9412
"06-Mar-19",66.72,66.74,63.68,63.82,435929,1.009687,0.4747,,1030692.8484
"07-Mar-19",64,64,62.17,62.45,430180,1.435299,0.4858,,1436988.2166
"08-Mar-19",62.12,64.29,61.34,64.23,310906,1.315191,0.4816,,1275336.063
"11-Mar-19",64.28,64.8,63.14,64.33,707666,1.275723,0.4876,,1222414.227
"12-Mar-19",64.33,64.33,63.16,63.72,237033,1.249295,0.4474,,867496.5292
"13-Mar-19",64.04,64.545,63.6266,63.93,232827,1.395568,0.4876,,960354.1164
"14-Mar-19",64.26,64.9,63.95,64.5,298270,1.350805,0.4704,,892904.9696
"15-Mar-19",64.49,65.085,63.85,64.47,571581,1.30035,0.4729,935839,867708.856
"18-Mar-19",64.58,67.37,63.92,67.2,355839,1.303487,0.4856,,865231.71
"19-Mar-19",67.18,67.27,66.18,66.57,244456,1.175832,0.4975,,772940.3276
"20-Mar-19",66.53,66.53,64.88,65.01,241913,1.515675,0.526,,983002.3084
"21-Mar-19",64.96,66.43,64.96,66.15,194166,1.549172,0.5204,,997652.8576
"22-Mar-19",66.05,66.545,64.489,64.63,225181,1.201753,0.4961,,756874.2664
"25-Mar-19",64.89,64.89,63.415,64.44,195306,1.19436,0.497,,755246.4276
"26-Mar-19",64.59,64.89,63.56,64.05,272853,1.228132,0.4996,,775063.5956
"27-Mar-19",64.07,65.48,63.08,65.28,451124,1.223169,0.5009,,843658.8585
"28-Mar-19",65.63,65.63,63.88,65.22,236705,1.254134,0.5126,,860971.88
"29-Mar-19",65.41,66.5,64.83,65.92,354803,1.325788,0.5116,838691,918619.5624
"01-Apr-19",66.39,66.65,65.1501,65.86,161131,1.336979,0.5079,,924141.0125
"02-Apr-19",65.85,65.85,64.43,64.89,221811,1.355345,0.4879,,932376.3957
"03-Apr-19",65.12,65.48,64.07,65.07,169782,1.375905,0.4908,,940986.1145
"04-Apr-19",65.38,66.42,65,65.88,177058,1.368296,0.4938,,930411.1338
"05-Apr-19",66.11,66.85,65.67,66.5,335942,1.200383,0.5029,,806318.8824
"08-Apr-19",66.19,66.82,65.3,66.5,209081,1.272623,0.4993,,843378.1068
"09-Apr-19",66.35,66.9,65.17,65.47,303449,1.278247,0.5112,,849741.812
"10-Apr-19",65.55,65.91,64.95,65.78,207145,1.264647,0.5107,,767737.7414
"11-Apr-19",65.81,66.05,64.43,64.63,232282,1.189346,0.5001,,722112.951
"12-Apr-19",65.01,65.03,63.76,64.72,318860,1.264597,0.5117,,772266.6728
"15-Apr-19",64.45,65.52,64.165,65.44,190150,1.224274,0.5032,845814,746602.7282
"16-Apr-19",65.94,66.21,62.67,63.31,347141,1.184283,0.506,,724796.7622
"17-Apr-19",63.57,63.57,61.48,61.73,351681,1.10239,0.495,,681520.3066
"18-Apr-19",61.85,65.49,60.95,64.8,708887,1.114646,0.4904,,707184.2512
"19-Apr-19",,,,,,1.115921,0.4876,,707184.2512
"22-Apr-19",64.77,65.8,63.98,64.94,278909,1.112011,0.4969,,703326.2726
"23-Apr-19",65.13,68.045,65.13,67.98,381006,1.296677,0.4928,,825104.2058
"24-Apr-19",68,69.46,67.47,69.2,375528,1.29818,0.5076,,948580.401
"25-Apr-19",68.81,69.75,67.57,69.26,302876,1.558708,0.5463,,1140326.4348
"26-Apr-19",69.26,71.435,68.88,70.96,350057,1.689108,0.5278,,1243008.2544
"29-Apr-19",71.45,72.0183,69.36,70,318305,1.595815,0.526,,1174920.2274
"30-Apr-19",69.92,70.545,68.2,70,270553,1.451595,0.5235,863658,1073084.2218
"01-May-19",69.85,70.12,68.7,69.18,340457,1.513657,0.5259,,1129330.8528
"02-May-19",68.31,71.49,65.88,67.37,709479,1.275307,0.5432,,966596.2392
"03-May-19",67.79,69.065,67.22,68.22,251056,1.290575,0.5247,,974377.728
"06-May-19",67.44,70.89,67.37,70.68,238072,1.285177,0.5039,,978268.4724
"07-May-19",70.02,70.5,68.88,70.14,290888,1.319883,0.4919,,1001443.776
"08-May-19",69.61,71.24,69.32,71.06,225336,1.25256,0.4982,,954247.3548
"09-May-19",70.61,71.41,69.68,70.63,271913,1.233264,0.5071,,761746.356
"10-May-19",70.4,71.02,68.415,70.65,236764,1.242201,0.5096,,763646.4036
"13-May-19",69.6,69.6,68.06,69.07,229210,1.252466,0.4989,,779710.4424
"14-May-19",68.97,70.155,68.72,69.63,133754,1.462699,0.4909,,907013.6316
"15-May-19",69.04,69.81,68.28,69.19,125422,1.286893,0.5027,737987,798019.992
"16-May-19",69.14,69.86,68.07,68.24,125607,1.357201,0.5073,,841030.1604
"17-May-19",67.65,68.56,67.08,67.75,236035,1.395772,0.4901,,860807.9286
"20-May-19",67.5,69.065,66.25,68.68,235325,1.384515,0.4852,,856921.4676
"21-May-19",68.78,69.705,68.725,68.98,177157,1.2188,0.4736,,723054.4776
"22-May-19",68.99,68.99,67.47,68.45,168845,1.256054,0.4732,,732986.5446
"23-May-19",67.87,67.87,66.69,67.19,243443,1.311513,0.4912,,758378.0898
"24-May-19",67.61,68.41,66.925,67.52,112406,1.320131,0.4805,,698873.689
"27-May-19",,,,,,1.321476,0.4796,,691567.6177
"28-May-19",68.36,68.96,65.34,65.34,281502,1.366827,0.4937,,704556.1889
"29-May-19",65,66.76,64.14,66.35,376344,1.328176,0.5051,,687213.4944
"30-May-19",66.58,66.735,64.9,65.77,206343,1.153293,0.4916,,593636.7428
"31-May-19",65.2,66.1,64.175,66.03,189228,1.224105,0.4916,754140,626403.3656
"03-Jun-19",66.09,66.865,64.72,65.25,225260,1.257578,0.4806,,620351.8722
"04-Jun-19",65.85,67.165,64.94,66.49,197004,1.293439,0.4828,,634816.4174
"05-Jun-19",66.78,67.2029,64.99,65.63,122569,1.274161,0.5035,,614447.9762
"06-Jun-19",65.65,66.09,64.21,65,197593,1.171532,0.4899,,558656.159
"07-Jun-19",64.51,65.955,64.5,65.52,173313,1.229319,0.4912,,577843.821
"10-Jun-19",65.55,66.86,65.06,65.37,207234,1.261702,0.5034,,584559.5027
"11-Jun-19",65.46,65.9992,64.93,65.25,173612,1.214986,0.4897,,673824.09
"12-Jun-19",65.15,65.15,63.87,64.82,142537,1.236375,0.4954,,663869.442
"13-Jun-19",65.17,65.84,64.39,65.43,124284,1.277381,0.4997,,681365.49
"14-Jun-19",65.39,65.88,64.5,65.48,153904,1.318082,0.4933,718274,699841.92
"17-Jun-19",65.43,66.26,65.035,66.04,162053,1.405227,0.4912,,726161.406
"18-Jun-19",66.55,67.59,65.755,66.86,227595,1.465921,0.4975,,756327.006
"19-Jun-19",66.84,67.715,66.2805,67.03,208767,1.50455,0.5117,,769298.214
"20-Jun-19",67.61,67.71,66.45,66.48,209135
"21-Jun-19",66.34,66.8,65.29,66.66,313312
"24-Jun-19",66.61,66.65,65.9,66.14,208723,1.463526,0.5823,,751952.994
"25-Jun-19",66,66.45,65.365,65.76,298483,1.198164,0.6054,,633589.4954
"26-Jun-19",65.9,75.87,65,70.56,1135345,1.047214,0.5753,,585321.4826
"27-Jun-19",71.5,73.45,71.25,71.78,566575,1.000103,0.5825,,568442.0436
"28-Jun-19",70.55,74.4,70.55,74.23,1120221,1.437958,0.5727,788462,848209.7666
"01-Jul-19",74.55,75.52,73.01,73.57,312334,1.309297,0.5777,,772431.8596
"02-Jul-19",73.82,74.35,72.69,73.12,182140,1.381469,0.5773,,815959.264
"03-Jul-19",73.16,73.71,72.74,73.42,85022,0.993319,0.5641,,582304.7318
"04-Jul-19",,,,,,0.975445,0.5662,,575409.3014
"05-Jul-19",73.72,74.635,72.54,74.19,383773,0.959509,0.5656,,572536.2054
"08-Jul-19",73.81,73.9,72.31,72.68,246405,0.912702,0.5624,,541937.733
"09-Jul-19",72.34,72.61,71.21,71.93,243448,0.88723,0.5415,,527787.7352
"10-Jul-19",72.14,73.5,71.77,72.55,204949,0.87211,0.5449,,479621.4346
"11-Jul-19",71.65,73.155,70.46,71,322401
"12-Jul-19",71.3,72.08,70.68,71.36,375737,0.861268,0.5458,,480567.589
"15-Jul-19",71.42,71.5,68.89,69.52,219076,0.815277,0.5356,648729,452340.6494
"16-Jul-19",69.57,70.99,68.76,70.79,165401,0.742178,0.5371,,411261.7792
"17-Jul-19",70.73,71.33,69.87,71.03,167951,0.68565,0.5472,,376175.2202
"18-Jul-19",71.14,71.65,70.4792,71,183555,0.694073,0.566,,377200.2208
"19-Jul-19",70.72,71.84,69.93,69.96,260320,0.797872,0.5681,,422536.7858
"22-Jul-19",69.74,69.95,67.31,68.23,294451,0.743152,0.5441,,394073.3076
"23-Jul-19",66.48,66.48,63.54,64.35,565726,0.742684,0.548,,400302.1574
"24-Jul-19",64.35,67.18,63.975,67.1,326703,0.864183,0.5663,,665855.4456
"25-Jul-19",66.96,68.42,66.96,67.4,210816,1.073062,0.3924,,819150.1083
"26-Jul-19",67.71,69.83,67.71,68.63,232145,0.947156,0.5471,,720089.19
"29-Jul-19",68.69,69.25,67.61,67.92,367206,1.101432,0.4435,,838222.7409
"30-Jul-19",66.21,68.34,60.87,67.61,1036365
"31-Jul-19",68.16,72.17,67.26,70.34,616003,0.898029,0.4351,581412,724176.1827
"01-Aug-19",70.78,71.015,67.98,69.64,267893,0.63632,0.5679,,513079.7661
"02-Aug-19",68.82,69.34,67.18,67.38,213788,0.7087,0.5948,,567573.0021
"05-Aug-19",66.29,66.94,64.17,64.96,235808,0.552757,0.5903,,432183.2598
"06-Aug-19",65.45,67.21,65.107,67.06,244604,0.547168,0.5864,,426993.4278
"07-Aug-19",66.62,68.28,65.3736,68.22,186315,0.636078,0.6055,,494915.3541
"08-Aug-19",68.63,69.89,67.87,69.52,246555,0.678745,0.6121,,526832.8209
"09-Aug-19",69.6,69.79,68.57,68.98,160007,0.697253,0.6006,,432977.5164
"12-Aug-19",68.74,69.15,67.89,68.28,108012,0.728526,0.5982,,449257.0524
"13-Aug-19",68.09,69.8,66.2396,68.99,132970,0.903763,0.5611,,552864.6708
"14-Aug-19",68.43,68.5,67.0701,68.39,195747,0.85024,0.5754,,519142.7748
"15-Aug-19",68.5,68.65,67.61,68.38,130231,0.822241,0.5885,670226,501932.9796
"16-Aug-19",68.96,70.02,68.53,69.58,176813,0.937905,0.5708,,574202.4912
"19-Aug-19",70.54,70.9,68.18,68.22,159600,0.823272,0.5871,,506119.146
"20-Aug-19",68.38,69.58,66.9,67.34,126900,0.70347,0.5856,,428907.6324
"21-Aug-19",68.03,68.18,66.98,67.85,87834,0.828301,0.5705,,500770.1556
"22-Aug-19",67.81,68.16,66.21,66.24,108075,0.87365,0.5916,,526119.7188
"23-Aug-19",66.19,66.8,64.42,64.63,130640,0.796336,0.5788,,478502.076
"26-Aug-19",65.27,65.27,63.84,64.36,133606,0.806043,0.5839,,648510.6776
"27-Aug-19",64.76,65.1,61.29,61.35,147019,0.868031,0.5667,,693482.8422
"28-Aug-19",61.29,62.54,61.02,61.55,136996,0.912331,0.5778,,723441.9444
"29-Aug-19",62.09,63.145,62.09,62.6,85924,0.953403,0.5803,,747570.0804
"30-Aug-19",63.1,63.39,62.11,63.01,96133,0.94758,0.5718,691776,731015.4982
"02-Sep-19",,,,,,0.940657,0.5718,,731015.4982
"03-Sep-19",63.15,63.15,60.69,60.96,145955,0.960885,0.5708,,741739.1142
"04-Sep-19",61.5,61.62,60.11,60.51,208557,1.049467,0.5632,,809297.895
"05-Sep-19",61.1,61.99,60.36,61.6,189713,1.065008,0.5667,,820892.8048
"06-Sep-19",61.97,62.45,61.48,61.79,115423,1.022911,0.5539,,788118.7534
"09-Sep-19",61.93,62.065,60.79,61.6,177512,1.031938,0.56,,798172.1434
"10-Sep-19",61.47,64.37,60.47,63.94,293849,1.050585,0.5696,,814257.5674
"11-Sep-19",64.06,65.64,63.04,65.6,267145,1.048746,0.5667,,771952.8384
"12-Sep-19",66,66,63.4,64.68,267254,1.053278,0.5641,,779562.3744
"13-Sep-19",65.06,65.75,63.33,63.45,215189,1.025989,0.5555,774899,762613.8624
"16-Sep-19",63.43,64.02,62.92,63.22,295578,0.992009,0.5646,,749608.4736
"17-Sep-19",63.26,63.83,61.65,62.18,229721,0.974351,0.5736,,734666.112
"18-Sep-19",62.09,62.805,60.21,61.3,292098,1.004253,0.5631,,762890.5728
"19-Sep-19",61.6,62.39,61.25,62.07,369736,0.952684,0.5669,,729546.9696
"20-Sep-19",62.29,63.19,61.81,62.12,796317,1.025028,0.5432,,811107.36
"23-Sep-19",62.13,63.32,61.815,63.08,181578,0.965765,0.5728,,761645.376
"24-Sep-19",63.28,63.3485,62.4,62.69,286733,0.937339,0.6336,,751497.0502
"25-Sep-19",62.78,63.54,62.31,63.25,211630,0.844219,0.5986,,676951.7664
"26-Sep-19",63.56,63.65,61.48,62.18,164536,1.391173,0.5732,,1107253.1811
"27-Sep-19",62.55,63.04,61.64,61.97,162401,0.798057,0.5959,,600934.1745
"30-Sep-19",62.06,62.57,61.64,62.1,200454,1.02827,0.6121,638474,717943.9235
"01-Oct-19",61.92,62.83,59.82,60.6,145836,0.907388,0.6228,,629605.4375
"02-Oct-19",60.2,61,59.5004,60.75,119924,0.953344,0.6101,,653394.8368
"03-Oct-19",60.49,61.05,59.54,60.08,106154,0.980309,0.6116,,668582.8572
"04-Oct-19",60.14,60.61,59.13,60.57,95238,0.996047,0.6108,,679818.8927
"07-Oct-19",60.25,60.69,59.23,59.29,146725,1.001301,0.6113,,672922.2916
"08-Oct-19",59.07,59.07,57.79,58.14,125740,1.015691,0.6166,,677804.1553
"09-Oct-19",58.6,59.2309,58.18,58.46,82522,0.842505,0.6183,,494689.6552
"10-Oct-19",58.76,59.905,58,58.21,112239,0.851156,0.6184,,495455.824
"11-Oct-19",58.67,60.68,58.67,59.48,135451,0.863463,0.6209,,500244.379
"14-Oct-19",59.3,59.515,58.01,58.19,93185,0.881157,0.6209,,497435.0934
"15-Oct-19",58.62,61.13,58.62,60.43,137729,0.895771,0.618,626846,502798.275
"16-Oct-19",60.24,61.4,60.24,61.2,86589,0.885676,0.6378,,492646.5384
"17-Oct-19",61.32,62.68,61.28,62.5,119336,0.878861,0.6231,,487283.3568
"18-Oct-19",62.14,62.41,61.08,62.4,74362,0.93694,0.6265,,516078.5342
"21-Oct-19",62.97,63.4599,61.35,61.43,192730,0.727669,0.5922,,399812.4188
"22-Oct-19",61.37,63.98,61.37,63.23,300076,0.695404,0.583,,384361.348
"23-Oct-19",63.28,63.89,62.41,62.62,203252,0.688723,0.5826,,378231.9976
"24-Oct-19",62.6,62.84,61.135,62.68,182757,0.703972,0.5822,,469006.1772
"25-Oct-19",62.34,64.38,62.04,64.09,181243,0.71049,0.5816,,468316.6466
"28-Oct-19",64,65.63,63.99,64.49,113526,0.75786,0.5791,,495020.2862
"29-Oct-19",64.5,65.69,64.37,64.71,203897,0.797371,0.6021,,520783.6568
"30-Oct-19",64.71,65.85,64.505,65.2,130351,0.811546,0.599,,520783.6568
"31-Oct-19",64.93,65.24,63.97,64.9,121282,0.857565,0.5854,561381,512509.2896
"01-Nov-19",59.75,69.48,58.2589,67.05,572224,0.880348,0.5492,,524293.9944
"04-Nov-19",67.49,69.35,67.03,69.22,269636,0.878928,0.5988,,522413.4564
"05-Nov-19",69.48,70.27,67.37,67.56,147972,0.912298,0.5894,,540529.3058
"06-Nov-19",67.72,68.35,67.09,67.71,113093,0.972973,0.5694,,570680.5984
"07-Nov-19",68.38,69.36,67.64,68.09,136170,0.948906,0.5834,,551624.48
"08-Nov-19",68.33,69.855,68.22,69.12,95724,0.952778,0.593,,549743.942
"11-Nov-19",69.99,70.34,68.85,69.26,124846,0.963165,0.5934,,550997.634
"12-Nov-19",69.11,70.105,68.75,69.3,100126,1.206875,0.5398,,751127.778
"13-Nov-19",68.9,71.57,68.73,71.23,152776,1.153807,0.5373,,720813.204
"14-Nov-19",70.51,71.5,70.32,70.6,108548
"15-Nov-19",71,72.81,69.87,72.6,187679,1.126483,0.4959,594211,701838.5262
"18-Nov-19",72.47,73.93,71.61,72.43,170670,1.071661,0.4886,,670120.4997
"19-Nov-19",72.72,75.45,72.5,74.98,263393,1.05806,0.4923,,666303.1089
"20-Nov-19",74.44,76.33,74.13,76.2,275078,1.059968,0.4937,,673937.8905
"21-Nov-19",76.13,76.86,75.675,76.77,229430,1.167228,0.5043,,748433.1492
"22-Nov-19",76.35,78.17,76.24,77.17,325119,1.306779,0.5144,,854309.6058
"25-Nov-19",76.78,80.18,76.4201,79.33,255890,1.172583,0.5157,,779421.3804
"26-Nov-19",79.22,79.32,76.2,76.38,220711,1.012358,0.5259,,571096.1921
"27-Nov-19",76.77,78.72,76.76,77.77,141573,1.291484,0.5242,,729037.4759
"28-Nov-19",,,,,,1.408653,0.5302,,798025.373
"29-Nov-19",77.66,78.975,77.6473,77.73,78665,1.216129,0.5402,620665,685719.494
"02-Dec-19",77.74,78.09,76.74,77.7,202918,1.285816,0.532,,737594.1143
"03-Dec-19",77.06,78.85,76.75,78.5,212492,1.21694,0.5281,,699029.8204
"04-Dec-19",78.65,79.42,76.84,76.9,182528,1.253045,0.528,,721847.5228
"05-Dec-19",76.81,77.44,76.175,76.81,130071,1.365898,0.5321,,782041.0971
"06-Dec-19",78,81.04,78,80.51,284602,1.247419,0.5306,,719530.0999
"09-Dec-19",80,80.41,78.15,78.34,178719,1.114948,0.5273,,646323.3047
"10-Dec-19",78.39,78.715,77.58,78.43,211588,1.076986,0.5165,,566605.0785
"11-Dec-19",78.63,78.98,77.69,78.29,77341,1.157479,0.5096,,598693.459
"12-Dec-19",77.93,79,77.09,77.77,161591,1.062386,0.4945,,544881.8035
"13-Dec-19",77.63,77.63,76.6725,77.1,136033,1.140596,0.5143,722878,578832.179
"16-Dec-19",77.52,78.97,77.18,77.25,170574,1.09227,0.5219,,552329.7835
"17-Dec-19",76.85,77.09,76.045,77.03,129097,1.098274,0.5265,,547860.9955
"18-Dec-19",76.98,78.15,76.14,77.91,131019,1.035003,0.5189,,512110.6915
"19-Dec-19",77.76,78.8,77.4887,77.9,109853,1.037183,0.5145,,505407.5095
"20-Dec-19",77.88,78.06,76.91,77.37,329595,1.07257,0.4948,,520924.1345
"23-Dec-19",77.33,78.06,76.42,77.81,109325,1.044777,0.503,,477912.05
"24-Dec-19",78.11,78.725,77.76,78.49,72646
"25-Dec-19",,,,,,0.824228,0.4853,,461268.4518
"26-Dec-19",78.49,78.6628,77.57,78.29,94077,0.801172,0.5035,,443413.3652
"27-Dec-19",78.4,78.8,77.56,78.39,87998
"30-Dec-19",78.5,78.7637,77.54,77.87,99002,0.824703,0.507,,450425.2818
"31-Dec-19",77.72,78.677,77.72,78.25,101239,1.174488,0.5707,625728,637722.9716
"01-Jan-20",,,,,,1.177495,0.5707,,637072.3814
"02-Jan-20",78.53,78.53,75.7,76.64,131703,1.122281,0.5764,,606350.0664
"03-Jan-20",75.89,76.31,75.03,75.97,205862,0.938193,0.518,,511074.746
"06-Jan-20",75.37,75.94,74.5,75.49,169556,0.788118,0.4841,,434811.117
"07-Jan-20",75.66,75.79,74.26,74.69,117698,0.762283,0.485,,418690.9376
"08-Jan-20",74.84,76.43,74.84,75.69,148062,0.699143,0.5592,,384065.0814
"09-Jan-20",76.4,76.4,74.35,74.68,101484,0.700147,0.5664,,383703.6424
"10-Jan-20",75.24,75.24,73.7,74.7,146260,0.703789,0.5372,,380755.488
"13-Jan-20",74.76,74.78,73.28,74.14,146585,0.700069,0.5308,,381068.352
"14-Jan-20",74,74.63,73.71,74.09,160690,0.586434,0.4906,,319058.7072
"15-Jan-20",74.13,78.18,73.99,77.51,144937,0.592152,0.5141,552282,323689.0944
"16-Jan-20",77.09,78.66,77,77.91,78710,0.607463,0.4973,,330259.2384
"17-Jan-20",77.97,78.06,76.8,77.79,101210,0.599421,0.5027,,326317.152
"20-Jan-20",,,,,,0.587885,0.5021,,324377.3952
"21-Jan-20",77.66,77.87,76.625,76.83,70328,0.710001,0.484,,388139.0784
"22-Jan-20",76.88,77.83,76.31,77.2,133935,0.603927,0.4862,,328319.4816
"23-Jan-20",77.15,77.15,75.745,76.65,154921,0.568502,0.5212,,304729.536
"24-Jan-20",76.74,76.74,74.04,74.22,140612,0.490078,0.5025,,261116.2944
"27-Jan-20",73.33,73.97,72.4,73.56,113785,0.475159,0.4885,,428184.2346
"28-Jan-20",73.98,75.03,73.56,74.3,96845,0.503115,0.4894,,450496.4274
"29-Jan-20",74.19,75.16,73.93,74.25,106558,0.562056,0.5029,,502963.2174
"30-Jan-20",73.68,74.2,73.04,73.77,234575,0.533633,0.5048,,478938.9504
"31-Jan-20",73.65,73.82,73.05,73.21,184080,0.621567,0.512,519710,560842.371
"03-Feb-20",73.49,74.55,71.14,71.69,157143,2.002562,0.5082,,1739412.159
"04-Feb-20",72.27,72.92,72.0273,72.5,100494,1.862142,0.4621,,1608355.6404
"05-Feb-20",73.01,75.03,73.01,74.44,146597,0.631473,0.4964,,538530.1782
"06-Feb-20",74.83,75.25,73.6,74.77,117245,0.666297,0.4941,,566420.4192
"07-Feb-20",74.46,74.91,73.11,73.18,59548,0.621868,0.4946,,525717.2358
"10-Feb-20",72.94,73.83,71.85,72.2,88584,1.17508,0.5883,,994218.0564
"11-Feb-20",72.14,73.75,71.975,72.86,68063,1.144889,0.5832,,889795.491
"12-Feb-20",73.22,75.24,73.22,74.12,94793,1.124515,0.5872,,871189.873
"13-Feb-20",73.9,75.81,73.9,74.88,77474,0.779538,0.4899,,602499.803
"14-Feb-20",74.94,75.355,72.75,72.79,77778,0.755461,0.49,446331,579216.795
"17-Feb-20",,,,,,0.755425,0.49,,579216.795
"18-Feb-20",72.84,74.51,71.305,72.77,121506,0.771153,0.4884,,589559.024
"19-Feb-20",72.79,74.02,72.67,73.44,96609,0.682693,0.479,,517735.102
"20-Feb-20",73.06,73.575,71.7625,73.46,160501,0.608464,0.4881,,456201.438
"21-Feb-20",73.38,74.15,72.36,72.95,120629,0.627517,0.4786,,462385.987
"24-Feb-20",70.88,71.52,70.03,70.36,142737,1.051161,0.5388,,750617.153
"25-Feb-20",70.61,70.61,65.91,66.59,180721,0.902217,0.5419,,647454.718
"26-Feb-20",66.82,68.01,65.82,67.13,208634,0.769591,0.5173,,423211.0542
"27-Feb-20",66.25,68.11,65.015,65.52,188197,0.989168,0.5331,,541935.1002
"28-Feb-20",61.56,63.36,58.635,60.01,539000,1.045151,0.5332,526310,599288.6337
"02-Mar-20",59.91,59.91,56.89,59.01,382095,0.883821,0.5382,,523992.594
"03-Mar-20",58.5,59.505,54.9,56.03,374207,2.262014,0.5576,,1365996.0255
"04-Mar-20",57.52,61.225,57.22,60.07,273207,1.722578,0.5594,,1046958.6267
"05-Mar-20",58.44,60.3,57.97,60.03,329206,0.879965,0.5319,,543095.5608
"06-Mar-20",58.26,59.605,57.665,59.36,303978,1.477245,0.5538,,928279.2138
"09-Mar-20",55.34,57.56,54.01,55.86,290670,0.590133,0.4943,,371034.9603
"10-Mar-20",56.94,57.7,54.84,56.89,288249,1.171199,0.5375,,653992.806
"11-Mar-20",55.53,56.77,52.73,53.88,184295,1.254213,0.5302,,698413.37
"12-Mar-20",50.9,52.37,47.285,47.83,377841,2.466785,0.5654,,1415458.114
"13-Mar-20",50,50.01,45.6,49.56,264151,1.446938,0.5523,628839,838622.354
"16-Mar-20",44,44.8,38.24,38.76,275551,2.031326,0.5631,,1193302.663
"17-Mar-20",39.5,39.87,37.14,39.42,297632,1.853894,0.7298,,1102356.295
"18-Mar-20",37.36,39.255,30.6,32.57,327249,1.970962,0.7544,,1194039.497
"19-Mar-20",31.98,40.24,30.67,38.6,308157,2.161077,0.6347,,1330774.835
"20-Mar-20",38.74,41.765,37.12,37.71,350623,2.375641,0.581,,1495194.079
"23-Mar-20",38.29,38.69,33.37,35.74,225162,2.363315,0.5564,,1473510.107
"24-Mar-20",37.26,39.31,36.26,37.89,228153,2.255465,0.5553,,1065819.2211
"25-Mar-20",38.16,46.92,37.5735,44.65,277948,2.20488,0.5511,,1061040.0447
"26-Mar-20",45.09,47.22,44.48,45.9,247793,2.145593,0.5592,,1038276.0729
"27-Mar-20",44.01,46.67,41.51,44.06,199063,1.697181,0.5638,,828684.0342
"30-Mar-20",44.61,47.08,42.58,46.46,145062,1.372505,0.5627,,673423.6851
"31-Mar-20",46.45,48.58,44.54,48.11,216596,1.164164,0.5538,708363,576896.8986
"01-Apr-20",46.08,47.34,43.61,44.45,202703,0.874076,0.5523,,436854.4533
"02-Apr-20",44.27,45.46,42.06,43.96,126176,0.819092,0.5853,,407173.2525
"03-Apr-20",43.36,45.45,40.02,41.73,172912,1.034004,0.467,,515773.7478
"06-Apr-20",43.88,49.04,43.88,48.86,150976,1.113694,0.4653,,553063.9005
"07-Apr-20",50.1,53.6,48.02,48.84,125756,1.2492,0.501,,618085.8531
"08-Apr-20",49.68,53.27,48.065,51.73,142555,1.120728,0.4945,,555642.1404
"09-Apr-20",53.27,54.62,52.17,53.6,143465,1.072996,0.4581,,652969.0134
"10-Apr-20",,,,,,1.065166,0.4581,,652969.0134
"13-Apr-20",53.37,53.37,50.77,53,181447,1.031671,0.4486,,634268.2302
"14-Apr-20",54.3,55.32,52.08,52.79,141941,0.824555,0.3518,,506762.8902
"15-Apr-20",50.72,55.79,50.72,52,142958,0.901342,0.378,804551,553160.6667
"16-Apr-20",52.18,52.62,50.02,51.8,196439,1.096851,0.4378,,675990.8109
"17-Apr-20",53.47,54.5,52.04,53.4,169729,0.60889,0.3594,,378124.1694
"20-Apr-20",52.72,53.51,51.27,51.63,115809,0.51854,0.3599,,322376.0013
"21-Apr-20",50.14,51.13,48.82,49.26,157054,0.688383,0.3752,,426717.8712
"22-Apr-20",50.5,53.11,49.43,51.65,139926,0.410711,0.4411,,256002.3882
"23-Apr-20",51.56,54.3,51.56,53.7,121748,0.373902,0.4809,,232838.9181
"24-Apr-20",54.11,54.56,52.73,53.95,89417,0.380618,0.4963,,342980.0913
"27-Apr-20",54.74,55.63,53.31,55.14,105527,0.414009,0.586,,372024.3824
"28-Apr-20",56.21,56.21,53.28,55.11,182616,0.428337,0.3508,,386989.031
"29-Apr-20",56.69,61.29,54.2907,60.7,250067,0.367267,0.441,,335980.4976
"30-Apr-20",59.3,62.7,58.27,60.73,314684,0.332035,0.384,653757,308786.6738
"01-May-20",67.02,71,65.5,68,459269,0.51165,0.4433,,484902.8877
"04-May-20",66.92,67.86,62.1,62.49,401515,0.465565,0.2903,,449744.009
"05-May-20",63.67,64.7816,60.87,61.16,223649,0.613482,0.3823,,598183.6685
"06-May-20",61.53,61.53,57.7,57.72,182200,0.37083,0.4452,,362611.1357
"07-May-20",58.68,60.19,57.38,58.61,282607,0.354868,0.5939,,351347.4217
"08-May-20",59.75,62.37,59.17,62.19,176563,0.346616,0.6017,,346198.2953
"11-May-20",68.11,73.57,68,69.27,392445,0.315099,0.556,,681345.5454
"12-May-20",68.07,69.4825,67.24,68.56,345822,0.400565,0.5347,,883683.3369
"13-May-20",69.02,69.16,66.09,68.09,424043,0.304838,0.5468,,688275.3696
"14-May-20",66.06,69.41,66.06,68.63,373092,0.359796,0.5162,,829094.6274
"15-May-20",68.17,69.42,67.1,68.6,221270,0.592843,0.522,676183,1379558.0214
"18-May-20",70.11,72.26,69.31,71.07,243344,0.572207,0.4609,,1332291.3903
"19-May-20",70.33,72.17,70.1,70.1,273506,0.570694,0.4173,,1342228.4967
"20-May-20",71.5,71.7,69.77,70.57,238068,0.536179,0.4215,,1272799.5033
"21-May-20",70.29,71.38,67.5971,70.39,278554,0.53498,0.441,,1279729.3275
"22-May-20",70.89,71.5,69.09,71.17,172307,0.5427,0.5117,,1302545.4468
"25-May-20",,,,,,0.498134,0.5051,,1203370.5099
"26-May-20",71.58,73.76,70.6,71.09,407073,0.424948,0.5859,,1041696.4038
"27-May-20",71.5,74.21,69.24,73.75,370825,0.304851,0.5846,,370074.9559
"28-May-20",74.33,76.43,72.87,73.63,285146,0.602642,0.4066,,736160.4321
"29-May-20",73.15,75.21,72.75,74.99,314940,0.219335,0.5738,562262,264117.0798
"01-Jun-20",74.88,75.16,73.37,73.39,204819,0.208192,0.586,,250052.4734
"02-Jun-20",73.88,75.44,72.67,74.97,157393,0.258612,0.6179,,308880.3944
"03-Jun-20",75.95,76.17,72.62,73.13,142405,0.268752,0.6082,,316115.5525
"04-Jun-20",72.54,73.67,71.855,73.05,119393,0.403599,0.6038,,467107.2164
"05-Jun-20",74.96,77.6,74.96,76.12,224243,0.30375,0.6249,,350398.0306
"08-Jun-20",76.68,78.5,76.68,76.92,174745,0.3309,0.6283,,376160.6029
"09-Jun-20",76,76.28,75.27,75.44,145224,0.320799,0.5731,,771817.0474
"10-Jun-20",75.02,75.02,72.54,72.66,100055,0.395682,0.5709,,939933.3854
"11-Jun-20",70.45,71.15,67.11,67.54,239265,0.265874,0.5747,,629508.5352
"12-Jun-20",69.73,70.5,67.4,69.17,188245,0.345322,0.5786,,817866.3052
"15-Jun-20",67.3,70.97,66.97,70.79,164421,0.214392,0.7769,539339,499119.9774
"16-Jun-20",73.08,74,71.88,73.3,186115,0.173963,0.8301,,403929.0208
"17-Jun-20",73.94,73.94,70.34,70.7,132857,0.204036,0.8043,,469151.4128
"18-Jun-20",70.19,71.28,69.55,71.26,87730,0.228509,0.7671,,517787.0758
"19-Jun-20",71.78,72.865,69.61,69.94,299605,0.270136,0.6644,,610897.663
"22-Jun-20",68.96,71.04,68.685,70.34,186642,0.285401,0.6965,,633725.5002
"23-Jun-20",71.36,71.86,69.98,71.4,110332,0.878916,0.4916,,1936992.59
"24-Jun-20",70.51,71.3,68.22,70.55,225052,0.288829,0.7412,,687819.0267
"25-Jun-20",69.71,71.69,69.69,71.27,246517,0.288639,0.7452,,688250.4979
"26-Jun-20",71.09,71.488,68.46,69.1,342264,0.387176,0.6799,,927501.2783
"29-Jun-20",69.67,71.335,69.06,70.35,118409,0.40229,0.5807,,955654.7741
"30-Jun-20",70.19,73,69.87,72.98,156115,0.443177,0.5643,695964,1048528.9499
"01-Jul-20",72.92,74.91,72.495,73,141659,0.326029,0.5954,,770877.2327
"02-Jul-20",74,74.54,72.46,73,101479,0.375654,0.6247,,881549.5955
"03-Jul-20",,,,,,0.373292,0.6247,,881549.5955
"06-Jul-20",74.18,74.21,72.81,73.25,126809,0.368775,0.539,,867904.3188
"07-Jul-20",72.71,73.7,72.04,72.13,108482,0.3064,0.5851,,718777.0853
"08-Jul-20",71.93,72.45,70.32,71.72,87758,0.335964,0.5824,,785870.8569
"09-Jul-20",71.77,72.5802,68.04,68.95,105719,0.302872,0.5991,,706480.1561
"10-Jul-20",69.27,69.98,67.67,69.59,57836,0.336703,0.597,,517936.4088
"13-Jul-20",70.58,72.35,69.605,70.32,69804,0.32219,0.6123,,490445.8308
"14-Jul-20",69.41,72.33,69.41,72.2,73408,0.669469,0.4406,,1010748.5172
"15-Jul-20",73.62,76.02,73.26,75.39,121437,0.720745,0.4348,608767,1086399.804
"16-Jul-20",75.28,76.49,74.7,75.63,75994,0.689152,0.4229,,1033436.9436
"17-Jul-20",75.58,76.92,75.06,75.69,79195,0.685915,0.4375,,1019239.278
"20-Jul-20",75.68,75.68,73.36,74.33,58537,0.714523,0.4511,,1052575.9536
"21-Jul-20",75.2,76.47,74.84,75.42,56844,0.725517,0.4451,,1063780.974
"22-Jul-20",74.62,76.3405,74.62,75.86,96149,0.620695,0.4522,,905727.5496
"23-Jul-20",75.6,77.12,74.72,75.59,152300,0.403626,0.5937,,589551.1044
"24-Jul-20",75.59,76.34,74.43,75.03,163608,0.316196,0.6137,,259639.1255
"27-Jul-20",74.84,75.99,73.91,75,81415,0.297139,0.6162,,243872.0602
"28-Jul-20",74.44,76.04,74.44,75.11,117471,0.611241,0.6608,,502111.0216
"29-Jul-20",72.01,76.5,72.01,75.29,205474,0.629191,0.6778,,517756.3335
"30-Jul-20",74.41,74.59,72.8,74.14,150131,0.428913,0.6361,,350162.7784
"31-Jul-20",74.1,74.21,71.26,74.17,193321,0.662874,0.4934,475191,541072.1096
"03-Aug-20",74.47,74.47,71.4828,72.6,158372,0.702492,0.4404,,554282.3535
"04-Aug-20",72.6,73.36,71.4006,73.17,102488,0.816405,0.4625,,639570.6102
"05-Aug-20",73.17,74.99,71.795,74.94,119420,0.845911,0.5002,,647423.7045
"06-Aug-20",74.47,75.865,73.795,74.82,138723,0.804894,0.568,,611628.2049
"07-Aug-20",74.61,75.63,73.635,74.95,128496,0.506701,0.5254,,383340.5799
"10-Aug-20",75.01,76.66,74.91,75.46,90198,0.655723,0.5699,,488048.5039
"11-Aug-20",76.37,77.21,75.13,75.82,128271,0.77765,0.5728,,506125.9341
"12-Aug-20",76.79,76.79,75.83,76.12,105452,0.533415,0.56,,338573.5875
"13-Aug-20",76.03,76.545,75.24,75.83,86224,0.519459,0.5554,,322131.9789
"14-Aug-20",75.66,76.27,75.01,75.9,72656,0.582775,0.5321,375136,349883.1333
"17-Aug-20",76.03,76.68,75.52,75.74,102367,0.587064,0.5258,,341519.7717
"18-Aug-20",75.85,76.13,74.86,75.64,72542,0.51518,0.5151,,297184.4514
"19-Aug-20",75.63,76.79,74.95,75.58,107187,0.49323,0.516,,280742.8428
"20-Aug-20",74.75,75.79,73.66,74.69,106531,0.50215,0.5139,,281122.9956
"21-Aug-20",74.51,75.08,73.485,73.96,99346,0.517842,0.5124,,285874.9056
"24-Aug-20",74.53,75.13,72.09,72.71,99100,0.570699,0.5216,,308493.9972
"25-Aug-20",72.76,73.79,71.98,73.49,62684,0.576053,0.5272,,330869.952
"26-Aug-20",73.39,73.39,71.83,73.11,89845,0.596597,0.5318,,340661.0016
"27-Aug-20",73.38,75.17,72.1,74.66,77599,0.607803,0.554,,335184.016
"28-Aug-20",75.07,75.81,74.83,75.69,68299,0.692655,0.5659,,369546.4736
"31-Aug-20",75.55,76.84,75.19,75.46,170928,0.736908,0.5691,334261,380162.8224
"01-Sep-20",75.23,76.04,74.73,75.61,92798,0.712683,0.5845,,366020.1952
"02-Sep-20",75.7,77.47,75.525,75.95,106591,0.790161,0.547,,401207.952
"03-Sep-20",76,76.1,73.91,74.86,100345,0.611792,0.5246,,308549.36
"04-Sep-20",75.81,76,73.22,75.57,115478,0.665919,0.5195,,334808.88
"07-Sep-20",,,,,,0.673032,0.5195,,334808.88
"08-Sep-20",75.05,75.54,74.06,74.87,116919,0.704597,0.5471,,350076.9152
"09-Sep-20",75.41,76.26,73.455,75.88,231555,0.680991,0.6725,,340661.0016
"10-Sep-20",76.22,77.1,75.38,76.02,160180,0.659452,0.6561,,290606.5134
"11-Sep-20",76.45,76.77,74.48,74.78,114501,0.574847,0.6728,,253737.5251
"14-Sep-20",75.33,76.79,74.81,75.68,101174,0.635431,0.6603,,273726.3329
"15-Sep-20",76,76.44,75.11,75.46,82438,0.194448,0.8235,381326,83331.2673
"16-Sep-20",75.7,77.14,75.235,75.37,96529,0.128181,1.0659,,54451.1169
"17-Sep-20",74.77,75.21,73.49,74.09,150342,0.190615,0.9133,,80623.7532
"18-Sep-20",74.32,76.1,73.94,74.53,267562,0.464401,0.7278,,199754.3736
"21-Sep-20",73.08,73.08,69.35,71.21,169673,0.388058,0.7289,,164991.2296
"22-Sep-20",70.97,72.605,69.85,71.74,123440,0.1111,0.8884,,47231.0793
"23-Sep-20",71.79,72.34,70.49,71.16,127143,0.067057,0.7321,,28311.9067
"24-Sep-20",71.14,72.56,70.17,71.54,168041,0.229385,0.5878,,446227.6852
"25-Sep-20",71.14,73.33,70.93,73.15,147396,0.253711,0.612,,488783.6668
"28-Sep-20",73.82,75.58,73.17,73.78,145377,0.302491,0.6152,,558833.253
"29-Sep-20",74.04,74.8,73.1,74.71,101442,0.220607,0.6231,,406722.3116
"30-Sep-20",74.8,76.935,74.8,75.78,178492,0.257886,0.6089,353904,479212.3842
"01-Oct-20",76.31,76.39,74.21,76.05,84963,0.369862,0.5343
"02-Oct-20",74.95,78.13,74.95,77.83,103499,0.260824,0.5601
"05-Oct-20",78,78.9,77.415,78.06,208422,0.296205,0.628
"06-Oct-20",78.71,78.71,77.06,77.06,182354,0.36528,0.9854
"07-Oct-20",77.77,78.53,77.31,77.9,124022,0.555608,0.5156
"08-Oct-20",78.31,78.31,77.1,77.6,68196,0.127051,0.6266
"09-Oct-20",78.16,78.23,77.52,77.73,76138,0.098436,0.647
"12-Oct-20",77.81,79.48,77.81,78.9,140570,0.097232,0.647
"13-Oct-20",78.65,79.71,78.045,78.38,111503,0.114922,0.6045
"14-Oct-20",78.77,79.28,77.8,78.09,72575,0.690845,0.4396
"15-Oct-20",77.27,79.29,75.0001,78.61,151712,0.121055,0.3947,328655
"16-Oct-20",78.62,79.87,78.03,78.25,63346,0.108581,0.4742
"19-Oct-20",78.38,78.61,76.14,76.14,81736,0.088843,0.581
"20-Oct-20",76.46,77.15,75.87,76.41,138623,0.141658,0.6273
"21-Oct-20",76.53,77.31,76.23,76.76,59791,0.065434,0.5315
"22-Oct-20",76.98,78.45,76.9,77.97,57629,0.062943,0.5046
"23-Oct-20",78.5,79.13,77.7001,77.91,67690,0.064,0.5126
"26-Oct-20",77.23,77.42,75.65,76.42,58420,0.107443,0.5439
"27-Oct-20",76.11,76.11,73.99,74.82,152896,0.061485,0.488
"28-Oct-20",73.25,74.4722,71.48,73.12,152923,0.106835,0.5895
"29-Oct-20",72.79,76.73,72.26,74.59,159577,0.059776,0.5644
"30-Oct-20",74.55,75.44,71.1,72.27,273358,0.117717,0.5825,343075
"02-Nov-20",72.87,73.56,70.95,72.94,130471,0.132423,0.6307
"03-Nov-20",74.15,76.74,73.435,76.29,169389,0.283073,0.4275
"04-Nov-20",78.37,80.05,78.37,79.75,196720,0.22488,0.5283
"05-Nov-20",79.87,80.75,78.28,79.1,136079,0.10992,0.6024
"06-Nov-20",79.16,79.16,76.04,76.27,99170,0.169407,0.5072
"09-Nov-20",79.88,81.21,77.83,77.96,111652,0.137102,0.5364
"10-Nov-20",78.12,82.48,77.9,81.46,130040,0.125398,0.5011
"11-Nov-20",81.74,82.4567,79.86,80.84,80314,0.113163,0.5216
"12-Nov-20",80.06,80.96,78.92,79.24,137553,0.172435,0.5035
"13-Nov-20",81.68,85.13,80.74,85.09,258409,0.171629,0.5912,420243
"16-Nov-20",86.38,87.52,83.7308,85.57,229830,0.100384,0.547
"17-Nov-20",84.7,85.7,83.92,84.6,148012,0.405235,0.5856
"18-Nov-20",84.94,85.23,81.87,82.25,123138,0.372776,0.6103
"19-Nov-20",82,82.715,78.75,80.31,222002,0.1669,0.5597
"20-Nov-20",79.57,81.11,79.55,80.35,123759,0.159636,0.5429
"23-Nov-20",81.13,82,79.68,80.4,90855,0.185534,0.5248
"24-Nov-20",81.18,83.59,81.05,81.9,108823,0.121936,0.5281
"25-Nov-20",80.3,81.82,79.15,80.55,131571,0.253713,0.5749
"26-Nov-20",,,,,,0.251707,0.5749
"27-Nov-20",80.97,81.845,80.14,80.92,37757,0.171906,0.5237
"30-Nov-20",80.63,81.46,78.88,79.05,188120,0.180452,0.4843,390034
"01-Dec-20",80.02,80.88,79.02,79.11,227731,0.126315,0.5017
"02-Dec-20",79.01,80.27,78.02,78.55,141073,0.173937,0.5848
"03-Dec-20",78.76,79.26,77.4,77.67,70167,0.114647,0.4472
"04-Dec-20",78.44,79.64,77.99,78.7,86547,0.106368,0.3686
"07-Dec-20",78.34,79.72,76.83,77.63,83274,0.125344,0.4132
"08-Dec-20",77.19,79.995,76.86,79.62,160722,0.118229,0.3303
"09-Dec-20",79.69,81.01,78.68,79.81,98172,0.120732,0.3351
"10-Dec-20",79.51,81.09,77.9471,80.1,79773,0.135638,0.354
"11-Dec-20",79.72,80.96,79.435,79.95,123372,0.136226,0.354
"14-Dec-20",80.37,81.5,79.88,80.13,104620,0.155092,0.3664
"15-Dec-20",80.59,81.62,79.98,81.41,139966,0.158194,0.3845,506189
"16-Dec-20",81.69,81.81,80.45,80.86,136242,0.233996,0.4533
"17-Dec-20",81.2,81.88,80.55,81.7,127688,0.442102,0.5046
"18-Dec-20",82.32,82.32,79.39,79.85,338388,0.401364,0.5078
"21-Dec-20",78.24,79.54,77.56,79.46,170913,0.634543,0.6121
"22-Dec-20",79.66,81.5,77.55,79.56,111580,0.233152,0.4335
"23-Dec-20",80.21,82,80.21,81.76,107374,0.168361,0.3922
"24-Dec-20",81.74,82.05,81.0552,81.65,44866,0.161936,0.3973
"25-Dec-20",,,,,,0.162647,0.3973
"28-Dec-20",82.19,82.99,81.59,82.34,82738,0.169839,0.4635
"29-Dec-20",82.47,83.146,81.865,82.63,83106,0.165555,0.4783
"30-Dec-20",82.72,83.38,82.04,82.36,74420,0.153587,0.4133
"31-Dec-20",82.33,83.32,80.385,82.84,86960,0.168478,0.4545,521760
"01-Jan-21",,,,,,0.169531,0.4545
"04-Jan-21",92.76,94.23,92.7,93.64,4748614,0.126904,0.4497
"05-Jan-21",93.41,94.71,93.2,93.57,1410322,0.072915,0.3795
"06-Jan-21",94.09,95.43,94.09,94.98,1219133,0.262538,0.2009
"07-Jan-21",94.71,95.125,94.405,94.55,870763,0.210039,0.1759
"08-Jan-21",94.9,95.1,93.9,94.35,523364,0.445799,0.2241
"11-Jan-21",94.28,95,94.17,94.41,463187,0.377647,0.2857
"12-Jan-21",94.51,94.86,94.26,94.55,371248,0.383057,0.2157
"13-Jan-21",94.44,94.75,94.3,94.44,393358,0.348997,0.1739
"14-Jan-21",94.59,94.79,94.31,94.55,725400,0.332116,0.1621
"15-Jan-21",94.45,94.6,94.33,94.55,705539,0.348316,0.1795,520568
"18-Jan-21",,,,,,0.341426,0.1795
"19-Jan-21",94.55,94.73,94.41,94.68,252261,0.389649,0.2209
"20-Jan-21",94.51,94.69,94.37,94.42,350974,0.402371,0.2515
"21-Jan-21",94.45,94.62,94.4,94.51,338244,0.386628,0.2487
"22-Jan-21",94.48,94.65,94.46,94.55,257304,0.373401,0.2669
"25-Jan-21",94.5,94.78,94.405,94.72,282101,0.365717,0.27
"26-Jan-21",94.72,94.8,94.53,94.55,245467,0.35659,0.2727
"27-Jan-21",94.55,94.6,93.02,93.2,742501,0.329193,0.2677,,548470.4448
"28-Jan-21",93.38,94,92.54,93.17,568678,0.327442,0.2506,,556799.5328
"29-Jan-21",93.13,94.57,92.81,93.98,514000,0.303215,0.2262,787362,524628.4304
"01-Feb-21",94.28,94.49,93.59,93.67,266288,0.19724,0.0975,,344043.3912
"02-Feb-21",94.09,94.32,93.55,93.7,158364,0.205254,0.1358,,354975.3192
"03-Feb-21",93.7,94.82,93.56,94.66,304154,0.210196,0.1664,,366583.9856
"04-Feb-21",94.5,94.5,93.3,93.35,196247,0.198297,0.1255,,346229.7768
"05-Feb-21",93.89,94.35,93.33,94.18,219420,0.187907,0.123,,328478.408
"08-Feb-21",93.96,94.5,93.55,93.71,145236,0.192775,0.1142,,340972.04
"09-Feb-21",93.94,94.26,93.43,93.44,123125,0.206338,0.1442,,542177.4732
"10-Feb-21",93.74,93.98,93.15,93.52,158818,0.234462,0.1182,,617449.2804
"11-Feb-21",93.66,93.9,92.97,93.24,333159,0.232835,0.1085,,619024.0044
"12-Feb-21",93.41,94.1,93.17,93.98,196035,0.244225,0.1141,956001,652801.8342
"15-Feb-21",,,,,,0.240895,0.1141,,652801.8342
"16-Feb-21",93.85,93.87,93.41,93.68,119306,0.399811,0.2945,,1071914.6268
"17-Feb-21",93.4,93.95,93.1,93.2,124047,0.368475,0.2354,,983021.457
"18-Feb-21",93.31,93.47,93.01,93.17,221626,0.317512,0.1827,,849957.279
"19-Feb-21",93.31,93.43,93.15,93.24,122632,0.368771,0.2721,,987194.4756
"22-Feb-21",93.39,93.39,91.705,93.06,188874,0.416983,0.3115,,1126163.8686
"23-Feb-21",92.95,93.75,92.77,93.05,195899,0.510681,0.3608,,1369616.199
"24-Feb-21",93.25,93.6,93.01,93.19,164601,0.508919,0.3608,,2005785.6981
"25-Feb-21",93.22,93.99,93.19,93.2,179778,0.358065,0.2848,,1415933.0811
"26-Feb-21",93.3,93.62,92.63,93.32,220471,0.502599,0.4109,1110695,1995747.6876
"01-Mar-21",93.5,93.89,93.07,93.23,176707,0.506673,0.422,,2040201.7341
"02-Mar-21",93.19,93.31,92.69,93,317028,0.497275,0.4187,,2010661.3032
"03-Mar-21",93.28,93.39,92.73,92.85,313754,0.610821,0.5172,,2489617.8042
"04-Mar-21",92.86,93.59,91.28,93.47,261021,0.585412,0.5146,,2406923.7177
"05-Mar-21",93.2,93.75,92.8,93.29,208693,0.617283,0.5314,,2552140.2696
"08-Mar-21",93.4,93.7,93.05,93.24,209877,0.719807,0.536,,2993143.5309
"09-Mar-21",93.25,93.52,92.81,92.82,403176,0.722595,0.5253,,1690477.79
"10-Mar-21",93.05,93.58,91.04,93.35,575089,0.628193,0.4905,,1500882.1535
"11-Mar-21",93.1,93.54,92.8027,93.35,177298,0.454427,0.3749,,1090369.2815
"12-Mar-21",93.4,93.5,92.94,93.19,172391,0.508825,0.4224,,1223541.612
"15-Mar-21",93.1,94.7,93.1,93.96,209278,0.457742,0.3681,1218002,1105696.8725
"16-Mar-21",93.69,94.13,93.45,93.76,184044,0.394828,0.28,,955530.9085
"17-Mar-21",93.62,93.98,93.535,93.58,164286,0.371497,0.2836,,900107.228
"18-Mar-21",93.63,93.755,93.3,93.35,115441,0.37265,0.2348,,902439.6875
"19-Mar-21",92.9,94.02,92.795,93.82,387966,0.314382,0.2243,,762936.3955
"22-Mar-21",93.61,93.69,93.24,93.35,184136,0.30267,0.1998,,734946.8815
"23-Mar-21",93.37,93.76,92.825,93.76,329598,0.29829,0.2008,,731170.5185
"24-Mar-21",93.63,93.99,93.23,93.6,119700,0.312149,0.1996,,843222.7846
"25-Mar-21",93.51,93.85,93.28,93.59,173554,0.321322,0.2124,,872820.2332
"26-Mar-21",93.79,94.17,93.7,93.84,122893,0.297543,0.188,,799252.9124
"29-Mar-21",93.55,94.09,93.33,93.4,112942,0.31119,0.1935,,837010.9744
"30-Mar-21",93.44,93.72,93.37,93.45,124336,0.309496,0.178,,833965.9694
"31-Mar-21",93.55,94.12,93.24,93.24,530935,0.332978,0.2325,1484241,914354.1014
"01-Apr-21",93.45,93.95,93.45,93.64,324479,0.304069,0.1949,,843100.9844
"02-Apr-21",,,,,,0.304069,0.1874,,843100.9844
"05-Apr-21",93.85,94.02,93.55,93.8,167632,0.78994,0.3983,,1781206.1248
"06-Apr-21",93.8,94.24,93.5915,94.05,208044,0.834612,0.3999,,1768417.1038
"07-Apr-21",94.1,94.1,93.64,93.84,165967,0.908887,0.4046,,1817624.3846
"08-Apr-21",93.96,94.2,93.79,93.94,201505,0.982348,0.3949,,1890095.5036
"09-Apr-21",93.99,94.06,93.71,94.06,124939,1.022322,0.3991,,3118241.9169
"12-Apr-21",94,94.03,93.68,93.86,98839,0.952108,0.3918,,2840392.0017
"13-Apr-21",93.94,94.42,93.81,94.35,93700,0.972115,0.3947,,2850484.8405
"14-Apr-21",94.35,94.4,93.99,94.04,226631,0.991014,0.3961,,2875568.5134
"15-Apr-21",94.01,94.4,94.01,94.23,80383,1.035626,0.4062,1584031,2882396.022
"16-Apr-21",94.45,94.45,94.02,94.06,144528,1.05886,0.4054,,2838017.2161
"19-Apr-21",94.22,94.23,93.75,93.96,138246,0.936973,0.381,,2494860.6969
"20-Apr-21",94.03,94.19,93.8,93.9,144876,1.009301,0.3706,,2667923.1975
"21-Apr-21",93.95,94.14,93.825,93.9,157467,0.98399,0.3596,,2566549.5372
"22-Apr-21",94.05,94.185,93.92,93.97,93000,0.898228,0.339,,2303096.7597
"23-Apr-21",93.95,94.45,93.95,94.43,134628,0.905253,0.331,,2301018.8223
"26-Apr-21",94.43,94.43,94.15,94.15,154155,1.207695,0.3892,,1671627.9143
"27-Apr-21",94.02,94.23,93.81,94.16,196933,1.219105,0.3962,,1681607.3096
"28-Apr-21",94.19,94.29,94.05,94.16,160324,1.080321,0.3613,,1427687.1403
"29-Apr-21",94.31,94.34,94.15,94.29,167194,1.154834,0.3574,,1480118.5664
"30-Apr-21",94.44,94.44,94.1,94.2,240909,1.167693,0.3567,1734227,1464911.8688
"03-May-21",94.2,94.45,93.89,93.96,339946,1.167202,0.3598,,1478059.3261
"04-May-21",94.13,94.22,93.81,93.9,442211,1.231614,0.3726,,1576744.4574
"05-May-21",93.55,94.18,92.6302,93.87,257365,1.685635,0.4329,,2168380.0359
"06-May-21",93.48,94.26,93.48,94.25,267070,2.407565,0.2945,,3108660.8375
"07-May-21",94.11,94.25,94,94.05,226012,2.501814,0.3005,,3235224.9144
"10-May-21",93.66,94.23,93.66,94.1,180646,2.509882,0.2994,,3275776.108
"11-May-21",94.01,94.45,94,94.32,220690,2.441634,0.2935,,3790326.5312
"12-May-21",94.24,94.43,94.06,94.3,607518,2.17479,0.2673,,3447469.8533
"13-May-21",94.38,94.5,94.27,94.42,207166,1.955667,0.2369,,3102705.5257
"14-May-21",94.45,94.67,94.3464,94.55,160383,1.858535,0.2254,1617060,2936740.0018
"17-May-21",94.45,94.58,94.38,94.4,69126,1.870802,0.2265,,2945064.2914
"18-May-21",94.28,94.595,94.28,94.4,80149,1.950551,0.2463,,3060563.8096
"19-May-21",94.36,94.63,94.345,94.62,84471,1.951707,0.2421,,3030908.5279
"20-May-21",94.6,94.61,94.39,94.4,85023,2.535832,0.3079,,3926810.1961
"21-May-21",94.58,94.82,94.38,94.45,139960,2.027526,0.2472,,3123516.2497
"24-May-21",94.6,94.6,94.43,94.45,72514,1.992902,0.2456,,3045822.8801
"25-May-21",94.45,94.55,94.37,94.4,216803,1.991695,0.2413,,1682712.636
"26-May-21",94.53,94.53,94.3,94.33,274693,1.994563,0.2427,,1697427.882
"27-May-21",94.17,94.55,94.04,94.22,333239,1.985584,0.2496,,1704381.24
"28-May-21",94.4,94.4,94.13,94.19,240024,2.033442,0.2672,1711811,1749173.802
"31-May-21",,,,,,2.033442,0.2672,,1749173.802
"01-Jun-21",94.12,94.75,94.12,94.6,402468,2.546775,0.3107,,2221355.322
"02-Jun-21",94.69,94.69,94.26,94.34,189480,2.606034,0.3463,,2275203.42
"03-Jun-21",94.34,94.49,94.14,94.23,206069,2.507014,0.3353,,2171226.462
"04-Jun-21",94.43,94.43,94.23,94.26,159660,2.630048,0.3455,,2252402.874
"07-Jun-21",94.39,94.475,94.2,94.25,281160,2.726992,0.3581,,2339077.29
"08-Jun-21",94.24,94.28,94.1,94.1,300617,2.773809,0.3606,,2395027.566
"09-Jun-21",94.2,94.25,94.15,94.2,161683,3.022323,0.3796,,2544778.2326
"10-Jun-21",94.1,94.45,94.1,94.31,190001,3.263126,0.3944,,2704832.5611
"11-Jun-21",94.41,94.49,94.25,94.25,93763,3.390776,0.3968,,2710481.5374
"14-Jun-21",94.22,94.33,94.19,94.27,153959,3.320705,0.3928,,2655532.4043
"15-Jun-21",94.27,94.31,94.19,94.24,228468,3.333976,0.3925,1901838,2671794.6088
"16-Jun-21",94.25,94.42,94.2,94.37,220252,3.62154,0.398,,2904772.0859
"17-Jun-21",94.32,94.39,94.1,94.22,180084,3.433798,0.3975,,2753276.8124
"18-Jun-21",94.1,94.58,94.1,94.37,257970,3.272005,0.3894,,2642351.4596
"21-Jun-21",94.4,94.43,94.25,94.28,124351,3.652118,0.4063,,2909222.7945
"22-Jun-21",94.26,94.49,94.2,94.21,169986,3.723744,0.41,,2959378.8568
"23-Jun-21",94.27,94.63,94.1,94.14,330875,3.859205,0.4244,,3101801.532
"24-Jun-21",94.2,94.51,94.2,94.4,220309,3.829547,0.419,,2172659.7312
"25-Jun-21",94.45,94.5,94.07,94.25,722748,3.390787,0.403,,2013095.523
"28-Jun-21",94.25,94.4,94.21,94.23,414880,4.094503,0.4244,,2490456.861
"29-Jun-21",94.24,94.3,94.15,94.15,277784,3.684347,0.428,,2251205.6406
"30-Jun-21",94.22,94.375,94.15,94.2,220067,3.570642,0.4539,1981071,2198334.5442
"01-Jul-21",94.25,94.36,94.12,94.2,124632,3.985067,0.4979,,2398027.5342
"02-Jul-21",94.22,94.45,94.15,94.25,91733,4.123794,0.5206,,2438917.0512
"06-Jul-21",94.21,94.465,94.16,94.37,178233,4.266873,0.5093,,2525640.864
"07-Jul-21",94.35,94.37,94.15,94.37,115769,4.202385,0.5093,,2470107.1944
"08-Jul-21",94.2,94.32,94.15,94.29,181351,4.178729,0.5063,,2459076.534
"09-Jul-21",94.29,94.32,94.165,94.25,145937,4.191761,0.5063,,2456413.9608
"12-Jul-21",94.71,94.71,94.19,94.53,251728,4.161982,0.5068,,2218997.6271
"13-Jul-21",94.37,94.595,94.18,94.25,136999,4.210538,0.509,,2251289.0844
"14-Jul-21",94.25,94.38,94.21,94.29,108727,3.977883,0.4869,,2129255.1108
"15-Jul-21",94.25,94.49,94.21,94.35,144130,3.91536,0.4807,2057761,2082898.0494
"16-Jul-21",94.44,94.44,94.28,94.39,90501,4.070164,0.4856,,2166895.4598
"19-Jul-21",94.35,94.53,94.295,94.49,172225,4.723733,0.5007,,2520120.4191
"20-Jul-21",94.37,94.98,94.35,94.43,182073,3.546621,0.4704,,1898262.2322
"21-Jul-21",94.59,94.79,94.38,94.64,128186,3.308456,0.4657,,1768700.1888
"22-Jul-21",94.5,94.68,94.5,94.65,48614,3.28975,0.4651,,1744333.0155
"23-Jul-21",94.64,94.78,94.59,94.61,90156,3.279844,0.4641,,1738786.0167
"26-Jul-21",94.57,94.68,94.53,94.55,109362,3.309328,0.4671,,1729753.8966
"27-Jul-21",94.54,94.6,94.29,94.4,448831,3.082887,0.4592,,1647443.4566
"28-Jul-21",94.42,94.53,94.325,94.41,203638,3.047794,0.4564,,1629335.1598
"29-Jul-21",94.48,94.48,94.3,94.3,196354,3.116549,0.4575,,1670696.1559
"30-Jul-21",94.31,94.67,94.27,94.32,290625,3.059357,0.4566,2150047,1654851.3962
"02-Aug-21",94.44,94.65,94.38,94.42,276915,3.052605,0.4423,,1655468.7245
"03-Aug-21",94.46,94.69,94.3,94.4,196103,3.40195,0.4712,,1842519.1994
"04-Aug-21",94.43,94.81,94.29,94.57,303595,3.392113,0.4719,,1832436.1705
"05-Aug-21",94.42,94.75,94.3,94.67,236430,3.345539,0.4719,,1780580.5933
"06-Aug-21",94.47,94.7,94.44,94.7,130353,2.781326,0.4398,,1466566.2647
"09-Aug-21",94.51,94.7,94.36,94.65,138301,2.398578,0.4106,,1250912.9119
"10-Aug-21",94.64,94.65,94.42,94.64,306663,2.213269,0.3949,,1510838.0269
"11-Aug-21",94.6,94.68,94.44,94.64,182221,1.541797,0.598,,1052663.0112
"12-Aug-21",94.51,94.71,94.51,94.55,270669,1.499257,0.5667,,1027292.4566
"13-Aug-21",94.61,94.61,94.51,94.56,68211,1.574471,0.5909,2003044,1035892.6446
"16-Aug-21",94.53,94.66,94.48,94.62,164896,1.160949,0.5939,,763696.6944
"17-Aug-21",94.55,94.7,94.55,94.69,330116,1.405092,0.5865,,933550.4074
"18-Aug-21",94.65,94.76,94.61,94.68,278675,1.11414,0.5937,,752086.4406
"19-Aug-21",94.62,94.73,94.535,94.7,178387,1.077021,0.5901,,732306.0082
"20-Aug-21",94.64,94.74,94.55,94.55,227599,1.305172,0.5514,,896999.6084
"23-Aug-21",94.63,94.7,94.52,94.55,165547,1.089029,0.5888,,756816.544
"24-Aug-21",94.6,94.64,94.52,94.56,139305,1.074344,0.5875,,1435982.2436
"25-Aug-21",94.23,94.6,94.23,94.55,130707,0.607408,0.1768,,815238.908
"26-Aug-21",94.59,94.715,94.54,94.57,130479,0.543628,0.1301,,725101.928
"27-Aug-21",94.6,94.77,94.52,94.57,209266,0.942566,0.354,,1251101.2824
"30-Aug-21",94.61,94.69,94.55,94.6,204033,0.892558,0.3486,,1170578.9136
"31-Aug-21",94.6,94.67,94.58,94.62,274247,0.857106,0.3428,1692741,1129716.816
"01-Sep-21",94.62,94.75,94.58,94.62,164681,2.048585,0.4172,,2691690.5272
"02-Sep-21",94.25,94.95,94.25,94.6,206634,0.524862,0.0625,,679833.1336
"03-Sep-21",94.64,94.76,94.56,94.67,207622,0.531192,0.0695,,688846.8316
"06-Sep-21",,,,,,0.529465,0.0695,,688846.8316
"07-Sep-21",94.66,94.91,94.56,94.77,170313,0.602891,0.1356,,782388.9864
"08-Sep-21",94.75,94.78,94.65,94.69,187719,0.617515,0.1416,,795809.3812
"09-Sep-21",94.67,94.77,94.56,94.61,301022,0.59975,0.1163,,772774.3752
"10-Sep-21",94.69,94.69,94.56,94.68,262367,0.572572,0.097,,1113992.8521
"13-Sep-21",94.7,94.7,94.47,94.61,242440,0.561364,0.0904,,1105698.4212
"14-Sep-21",94.7,94.7,94.58,94.63,222945,0.539934,0.0797,,1064903.3631
"15-Sep-21",94.7,94.79,94.61,94.64,166340,0.570439,0.1209,1806484,1126011.3132
"16-Sep-21",94.67,94.91,94.62,94.62,971246,0.519705,0.1066,,1082338.5954
"17-Sep-21",94.53,95.25,94.25,94.62,903229,0.493303,0.0939,,1076752.5501
"20-Sep-21",94.7,94.86,94.535,94.74,168245,0.544071,0.1597,,1184241.6036
"21-Sep-21",94.8,94.8,94.58,94.62,115411,0.47904,0.0735,,1034772.5733
"22-Sep-21",94.72,94.74,94.59,94.61,230659,0.553242,0.121,,1203708.1251
"23-Sep-21",94.72,94.72,94.54,94.62,156517,0.509647,0.0975,,1107898.9845
"24-Sep-21",94.76,94.82,94.58,94.61,77662,0.50112,0.0862,,1717785.6356
"27-Sep-21",94.73,94.78,94.5,94.55,103545,0.538385,0.0998,,1766560.7036
"28-Sep-21",94.7,94.755,94.62,94.7,202316,0.505799,0.0778,,1657991.0152
"29-Sep-21",94.7,94.84,94.59,94.71,92138,0.523493,0.0839,,1676417.152
"30-Sep-21",94.65,94.76,94.47,94.55,187094,0.516947,0.0734,2465430,1644442.3852
"01-Oct-21",94.61,94.75,93.87,94.68,219724,0.528002,0.0737,,1679488.1748
"04-Oct-21",94.68,94.81,94.5,94.69,172308,0.539659,0.0928,,1737837.608
"05-Oct-21",94.63,94.88,94.6,94.78,116871,0.540038,0.0923,,1726998.704
"06-Oct-21",94.62,94.76,94.61,94.71,103142,0.683167,0.0683,,2167961.4484
"07-Oct-21",94.66,94.87,82.94,94.73,1072376,0.636849,0.0828,,2152786.9828
"08-Oct-21",94.71,94.76,94.655,94.68,70352,0.6411,0.0799,,2160374.2156
"11-Oct-21",94.68,94.75,94.66,94.68,80127,0.642284,0.0799,,3239081.934
"12-Oct-21",94.68,94.8,94.63,94.69,84450,0.717633,0.0875,,3585228.306
"13-Oct-21",94.73,94.74,94.64,94.68,71191,0.74252,0.0908,,3662889.351
"14-Oct-21",94.77,94.8,94.64,94.74,97875,0.736655,0.0873,,3623935.557
"15-Oct-21",94.8,94.815,94.55,94.63,212958,0.755301,0.0985,1571020,3743015.826
"18-Oct-21",94.63,94.67,94.52,94.67,70882,0.787015,0.0792,,3914856.297
"19-Oct-21",94.6,94.75,94.6,94.74,60257,0.966105,0.1129,,4753102.497
"20-Oct-21",94.74,94.845,94.68,94.79,90380,0.967322,0.1382,,4731653.256
"21-Oct-21",94.71,94.87,94.66,94.83,127465,0.937594,0.1276,,4568441.79
"22-Oct-21",94.94,94.96,94.74,94.79,68936,0.951539,0.1193,,4616764.218
"25-Oct-21",94.77,94.855,94.72,94.83,98763,0.935152,0.0934,,4593835.719
"26-Oct-21",94.82,94.94,94.73,94.8,99030,0.940026,0.1022,,1922457.174
"27-Oct-21",94.76,94.81,94.66,94.76,106840,1.075519,0.1501,,2199113.796
"28-Oct-21",94.8,94.83,94.7,94.79,64387,1.249264,0.2352,,2484411.028
"29-Oct-21",94.82,94.84,94.65,94.83,104150,1.257493,0.2348,,2482525.804
"01-Nov-21",94.84,95.18,94.69,95.18,107424,0.985612,0.0717,,1920414.848
"02-Nov-21",94.98,94.99,94.7,94.79,67123,0.974785,0.07,,1880039.634
"03-Nov-21",94.7,94.85,94.7,94.74,357439
"19-Nov-21",,,,,,,,,,,0