"Date","open NDLS Price in USD","high NDLS Price in USD","low NDLS Price in USD","close NDLS Price in USD","NDLS Volume","Days to cover 3m (on loan)","Cost To Borrow","Exchange Reported SI","Estimated Short Interest","Dividends","hidden"
"02-Jan-15",26.58,26.8,26.11,26.13,182155
"05-Jan-15",26.07,26.67,25.8,26.54,199260
"06-Jan-15",26.05,26.4,24.5,25.41,727559
"07-Jan-15",25.47,26.26,25.27,26.1,235949
"08-Jan-15",26.41,27.13,26.21,27.06,241966
"09-Jan-15",27.48,27.48,26.77,27.13,267398
"12-Jan-15",27.22,27.89,26.97,27.48,181664
"13-Jan-15",27.09,28.02,26.8801,27.52,241471
"14-Jan-15",27.44,27.52,25.94,26.61,388410
"15-Jan-15",26.55,26.854,25.46,26.55,400441
"16-Jan-15",26.58,26.85,26.25,26.6,224704
"20-Jan-15",26.56,26.91,26.12,26.58,303689
"21-Jan-15",26.48,26.59,25.8,26.05,287113
"22-Jan-15",26.31,26.57,26.05,26.27,399342
"23-Jan-15",26.34,26.58,26.056,26.41,114274
"26-Jan-15",26.25,26.37,26,26.25,357571
"27-Jan-15",26.1,26.49,25.88,26.19,147242
"28-Jan-15",26.26,27.11,26.02,26.59,251649
"29-Jan-15",26.74,27,26.15,26.68,370921
"30-Jan-15",26.55,26.665,25.42,25.7,309697
"02-Feb-15",25.77,25.97,25.1,25.77,346997
"03-Feb-15",25.67,26.39,25.19,25.62,223185
"04-Feb-15",25.43,25.87,25.195,25.3,300215
"05-Feb-15",25.3,25.9458,25.05,25.21,266012
"06-Feb-15",25.16,26.08,25.05,25.76,370972
"09-Feb-15",25.75,26.26,25.49,25.53,154739
"10-Feb-15",25.66,26.22,25.488,25.99,312478
"11-Feb-15",25.97,26.8,25.65,25.73,193511
"12-Feb-15",25.7,26.03,25.16,25.73,542891
"13-Feb-15",25.81,26,25.08,25.96,328764
"17-Feb-15",25.89,26.51,25.21,25.32,546185
"18-Feb-15",25.36,26.7,25.36,26.56,480528
"19-Feb-15",26.63,27.93,26.05,27.74,1658524
"20-Feb-15",20.17,20.76,18.86,18.9,14352780
"23-Feb-15",18.95,19.37,18.66,18.7,2250437
"24-Feb-15",18.84,18.96,18.25,18.43,1470033
"25-Feb-15",18.46,18.74,18.27,18.32,957807
"26-Feb-15",18.5,18.98,18.3,18.86,777824
"27-Feb-15",18.8,18.9,18.19,18.23,875480
"02-Mar-15",18.62,19.3,18.58,19.16,1048346
"03-Mar-15",19.18,19.2,18.8,18.82,430446
"04-Mar-15",18.92,18.994,18.33,18.43,363876
"05-Mar-15",18.49,18.566,17.98,18.07,567853
"06-Mar-15",18.05,18.09,17.46,17.49,614813
"09-Mar-15",17.54,18.25,17.512,18.09,627844
"10-Mar-15",17.97,18.02,17.64,17.91,525536
"11-Mar-15",17.85,17.89,17.178,17.35,664268
"12-Mar-15",17.37,18,17.28,17.95,546784
"13-Mar-15",17.93,17.99,17.38,17.49,346801
"16-Mar-15",17.53,17.85,17.35,17.48,488774
"17-Mar-15",17.51,18.25,17.45,18.2,878648
"18-Mar-15",18.2,18.25,17.65,18,613099
"19-Mar-15",18.05,18.3,18.04,18.2,415203
"20-Mar-15",18.15,18.33,18.046,18.32,720867
"23-Mar-15",18.23,18.3,17.785,17.96,497995
"24-Mar-15",17.9,18.16,17.796,18,201531
"25-Mar-15",17.95,18.1481,17.55,17.82,343097
"26-Mar-15",17.69,17.76,17.43,17.6,241798
"27-Mar-15",17.61,17.8,17.45,17.6,275945
"30-Mar-15",17.52,17.92,17.5,17.54,255043
"31-Mar-15",17.47,17.73,17.4,17.44,406461
"01-Apr-15",17.38,17.4231,17.0496,17.38,333475
"02-Apr-15",17.3,17.46,17.2,17.34,165142
"06-Apr-15",17.27,17.9,17.27,17.82,252471
"07-Apr-15",17.82,17.86,17.55,17.74,282835
"08-Apr-15",17.71,17.8,17.45,17.52,372613
"09-Apr-15",17.46,17.65,17.36,17.63,302741
"10-Apr-15",17.73,18.2,17.5301,18.1,515321
"13-Apr-15",18.28,18.9,18.27,18.65,788292
"14-Apr-15",18.62,18.71,18.26,18.7,475197
"15-Apr-15",18.71,18.87,18.63,18.86,239245
"16-Apr-15",18.86,19.15,18.85,18.975,264040
"17-Apr-15",19.06,19.16,18.93,19.09,398667
"20-Apr-15",19.2,19.24,18.935,19.24,407580
"21-Apr-15",19.23,19.6,19.05,19.42,752537
"22-Apr-15",19.5,19.74,19.48,19.73,479992
"23-Apr-15",19.79,20.3,19.64,20.29,612681
"24-Apr-15",20.28,20.65,20.01,20.61,405848
"27-Apr-15",20.75,21.41,20.5,21.06,968202
"28-Apr-15",20.97,21.28,20.5501,20.85,167645
"29-Apr-15",20.8,20.8,19.81,20.1,661067
"30-Apr-15",19.89,20.17,19.6743,20.02,340239
"01-May-15",20.16,20.79,20.041,20.77,302069
"04-May-15",20.79,21.37,20.09,20.2,802181
"05-May-15",20.31,20.95,20.25,20.71,787497
"06-May-15",16.5,17.7,16.135,16.7,3214995
"07-May-15",16.33,16.88,16.33,16.43,613096
"08-May-15",16.5,16.5899,16.21,16.25,504502
"11-May-15",16.28,16.68,16.11,16.21,472342
"12-May-15",16.15,16.21,15.79,15.8,617071
"13-May-15",15.83,15.96,15.8,15.89,371489
"14-May-15",15.99,15.99,15.66,15.76,388900
"15-May-15",15.81,15.9297,15.59,15.89,220628
"18-May-15",15.91,16,15.68,15.84,202529
"19-May-15",15.8,15.99,15.31,15.31,346598
"20-May-15",15.38,15.444,15.02,15.14,330319
"21-May-15",15.15,15.2903,14.84,14.88,442840
"22-May-15",14.91,14.93,14.78,14.84,298605
"26-May-15",14.8,14.9199,14.38,14.49,355240
"27-May-15",14.54,14.55,14.28,14.44,232024
"28-May-15",14.41,14.56,14.39,14.53,156463
"29-May-15",14.51,14.64,14.49,14.52,249709
"01-Jun-15",14.58,14.6121,14.47,14.54,139261
"02-Jun-15",14.5,15.02,14.5,14.92,199512
"03-Jun-15",14.98,15.08,14.7401,14.81,123911
"04-Jun-15",14.79,15.02,14.64,14.9,147163
"05-Jun-15",15.33,16.34,15.115,15.91,764238
"08-Jun-15",15.91,16.33,15.68,16.23,313897
"09-Jun-15",16.21,16.21,15.81,16.08,196836
"10-Jun-15",16.11,16.49,16.11,16.25,191093
"11-Jun-15",16.25,16.3993,16.0898,16.16,81443
"12-Jun-15",16.03,16.5,16.03,16.29,120069
"15-Jun-15",16.25,16.35,15.9,16.18,175517
"16-Jun-15",16.16,16.38,16.07,16.32,117753
"17-Jun-15",16.34,16.48,16.0367,16.24,118752
"18-Jun-15",16.24,16.47,16.16,16.34,174882
"19-Jun-15",16.39,16.7,16.26,16.58,300376
"22-Jun-15",16.31,16.8,15.97,16,307370
"23-Jun-15",16.05,16.1001,15.15,15.5,459802
"24-Jun-15",15.5,15.52,15.04,15.06,210403
"25-Jun-15",15.04,15.18,14.831,14.93,257791
"26-Jun-15",14.93,14.95,14.57,14.59,613469
"29-Jun-15",14.56,14.64,14.3,14.38,263620
"30-Jun-15",14.44,14.7344,14.31,14.6,548819
"01-Jul-15",14.69,14.86,14.538,14.75,287916
"02-Jul-15",14.78,14.8565,14.64,14.69,161378
"06-Jul-15",14.62,15.02,14.34,15.01,247324
"07-Jul-15",15,15.1847,14.632,15.05,209237
"08-Jul-15",14.98,15.38,14.826,15.29,202447
"09-Jul-15",15.35,15.53,15.07,15.1,308160
"10-Jul-15",15.09,15.36,14.36,14.47,584489
"13-Jul-15",14.5,15.18,14.4,15.07,664948
"14-Jul-15",15,15.1,14.815,14.88,278519
"15-Jul-15",14.88,14.88,14.62,14.68,341661
"16-Jul-15",14.79,14.96,14.67,14.7,210316
"17-Jul-15",14.69,14.825,14.59,14.59,180677
"20-Jul-15",14.58,14.69,14.24,14.3,831932
"21-Jul-15",14.36,14.53,14.3,14.5,301227
"22-Jul-15",14.45,15.25,14.419,15.09,314346
"23-Jul-15",15.22,15.28,14.8501,14.87,262725
"24-Jul-15",14.88,14.88,14.26,14.31,279914
"27-Jul-15",14.29,14.75,14.06,14.16,179447
"28-Jul-15",14.17,14.45,13.88,14.38,237410
"29-Jul-15",14.38,15.2,14.38,14.99,194868
"30-Jul-15",14.89,15.48,14.87,15.23,217543
"31-Jul-15",15.27,15.68,15.27,15.48,206621
"03-Aug-15",15.44,15.7,15.231,15.58,227244
"04-Aug-15",15.55,15.88,15.44,15.5,268445
"05-Aug-15",15.62,15.87,15.53,15.65,334105
"06-Aug-15",15.66,15.66,14.87,15.14,431947
"07-Aug-15",11.74,13.19,11.37,12.65,1442279
"10-Aug-15",12.47,12.94,12.24,12.565,660800
"11-Aug-15",12.55,13.325,12.4,12.63,471360
"12-Aug-15",12.55,13.08,12.3,12.74,388867
"13-Aug-15",12.77,12.95,12.395,12.45,365660
"14-Aug-15",12.42,13.05,12.37,12.76,323310
"17-Aug-15",12.7,13.074,12.65,12.82,256444
"18-Aug-15",12.78,12.85,12.4101,12.57,145190
"19-Aug-15",12.57,12.92,12.48,12.86,299551
"20-Aug-15",12.82,12.97,12.62,12.69,283059
"21-Aug-15",12.48,12.68,12.18,12.46,328019
"24-Aug-15",11.67,11.72,11.3,11.54,372244
"25-Aug-15",11.91,11.97,11.42,11.46,227584
"26-Aug-15",11.64,11.64,11.1996,11.4,277568
"27-Aug-15",11.47,11.84,11.3,11.63,232648
"28-Aug-15",11.53,11.98,11.5,11.89,168582
"31-Aug-15",11.96,12.24,11.72,11.92,248786
"01-Sep-15",11.79,12.21,11.79,12.1,185985
"02-Sep-15",12.17,12.4997,12.11,12.32,112785
"03-Sep-15",12.37,12.48,12.07,12.14,96734
"04-Sep-15",11.98,12.3099,11.76,12.04,178931
"08-Sep-15",12.18,12.21,11.905,12.16,142518
"09-Sep-15",12.2,12.975,12.2,12.33,216167
"10-Sep-15",12.28,12.6,12.08,12.13,118290
"11-Sep-15",12.11,12.54,12.09,12.2,224267
"14-Sep-15",12.31,13.13,12.05,13.08,204144
"15-Sep-15",13.06,13.675,12.8,13.59,193560
"16-Sep-15",13.55,14.35,13.52,13.99,174977
"17-Sep-15",13.93,14.23,13.02,13.17,471829
"18-Sep-15",13.19,13.25,12.8,12.99,774259
"21-Sep-15",13.03,13.49,13.012,13.25,145528
"22-Sep-15",13.03,13.45,13.03,13.44,182106
"23-Sep-15",13.41,14.14,13.4,13.72,155803
"24-Sep-15",13.65,14.199,13.44,14.12,259217
"25-Sep-15",14.2,14.94,14.13,14.46,254409
"28-Sep-15",14.41,14.78,13.47,13.7,299664
"29-Sep-15",13.72,14.3,13.58,14.1,180280
"30-Sep-15",14.18,14.5,13.72,14.16,233115
"01-Oct-15",14.1,14.49,13.09,13.54,210340
"02-Oct-15",13.48,13.83,13.31,13.55,218670
"05-Oct-15",13.6,13.986,13.4001,13.56,230834
"06-Oct-15",13.57,14.04,13.3928,13.81,138690
"07-Oct-15",13.85,14.09,13.45,13.86,111291
"08-Oct-15",13.67,14.0399,13.642,13.85,125945
"09-Oct-15",13.88,14,13.6701,13.77,71050
"12-Oct-15",13.79,13.988,13.51,13.69,63333
"13-Oct-15",13.62,13.9,13.48,13.5,92365
"14-Oct-15",13.5,13.67,13.3,13.53,84679
"15-Oct-15",13.56,13.89,13.45,13.65,81012
"16-Oct-15",13.68,13.73,13.47,13.55,79322
"19-Oct-15",13.52,13.75,13.3,13.58,59427
"20-Oct-15",13.59,13.92,13.37,13.67,73668
"21-Oct-15",13.67,13.91,13.43,13.5,92005
"22-Oct-15",13.62,14.1,13.62,13.94,100664
"23-Oct-15",14.15,14.15,13.51,13.74,70836
"26-Oct-15",13.73,14.25,13.664,13.73,110801
"27-Oct-15",14.3,14.3,13.48,13.54,371974
"28-Oct-15",13.53,14.28,13.4866,14.18,135443
"29-Oct-15",14.2,14.86,13.85,14.64,192973
"30-Oct-15",14.65,14.89,14.1232,14.77,290445
"02-Nov-15",14.71,14.9499,13.85,13.88,285468
"03-Nov-15",13.8,14.07,13.76,13.79,194502
"04-Nov-15",13.86,14,13.4418,13.5,288205
"05-Nov-15",12,13.38,11.84,12.06,1532888
"06-Nov-15",11.83,12.099,11.7,11.72,347719
"09-Nov-15",11.66,11.768,11.01,11.22,430497
"10-Nov-15",11.16,11.2,10.51,10.81,387903
"11-Nov-15",11.05,11.1,10.4646,10.94,160015
"12-Nov-15",10.77,11.055,10.64,10.72,103703
"13-Nov-15",10.6,10.87,10.41,10.52,190539
"16-Nov-15",10.48,10.72,10.411,10.64,164620
"17-Nov-15",10.65,10.77,10.125,10.3,155743
"18-Nov-15",10.41,10.69,10.285,10.49,276236
"19-Nov-15",10.47,10.56,10.25,10.53,121182
"20-Nov-15",10.51,10.88,10.5,10.54,163526
"23-Nov-15",10.5,10.63,10.365,10.46,170826
"24-Nov-15",10.33,10.6,10.27,10.34,97465
"25-Nov-15",10.65,11.51,10.551,11.14,391862
"27-Nov-15",11.13,11.31,11.0001,11.17,81634
"30-Nov-15",11.24,11.5,11.03,11.1,188736
"01-Dec-15",11.1,11.21,10.8401,10.91,94776
"02-Dec-15",10.82,11.24,10.8,11.09,143244
"03-Dec-15",11.11,11.28,10.67,10.77,115336
"04-Dec-15",10.83,10.98,10.48,10.54,103855
"07-Dec-15",10.45,11.14,10.2601,11.08,144588
"08-Dec-15",10.95,10.98,10.61,10.64,93057
"09-Dec-15",10.57,10.72,10.19,10.52,129354
"10-Dec-15",10.56,10.75,10.53,10.64,99833
"11-Dec-15",10.5,10.67,10.33,10.41,114359
"14-Dec-15",10.4,10.53,10.02,10.14,144123
"15-Dec-15",10.19,10.62,10.19,10.6,136416
"16-Dec-15",10.61,10.96,10.61,10.94,157461
"17-Dec-15",10.94,11.08,10.84,10.89,121008
"18-Dec-15",10.88,11.16,10.66,10.72,306224
"21-Dec-15",10.78,11.0399,10.53,10.93,138899
"22-Dec-15",10.93,11.03,10.7875,10.96,83251
"23-Dec-15",10.99,11.09,10.3119,10.4,135568
"24-Dec-15",10.38,10.61,10.22,10.39,85775
"28-Dec-15",10.28,10.49,10.25,10.36,110562
"29-Dec-15",10.4,10.6,10.22,10.55,196123
"30-Dec-15",10.5,10.61,10.2,10.23,127381
"31-Dec-15",10.06,10.23,9.67,9.69,300753
"04-Jan-16",9.61,10.51,9.32,10.29,449114
"05-Jan-16",10.29,10.44,10.155,10.22,183613
"06-Jan-16",10.2,10.95,10.11,10.82,239495
"07-Jan-16",10.68,10.85,10.26,10.85,148066
"08-Jan-16",10.89,11.26,10.75,11.08,243718
"11-Jan-16",11.16,11.3,10.87,11.28,204628
"12-Jan-16",11.37,11.4985,10.89,11.4,460629
"13-Jan-16",11.43,11.55,11.04,11.16,285399
"14-Jan-16",11.19,11.44,10.82,11.29,349111
"15-Jan-16",11.02,11.2,10.49,10.83,258040
"19-Jan-16",10.9,11.145,10.62,10.99,268690
"20-Jan-16",10.8,11.54,10.77,11.49,251285
"21-Jan-16",11.51,11.57,11.08,11.54,167944
"22-Jan-16",11.6,12.14,11.58,12.13,140950
"25-Jan-16",12.19,12.27,11.79,11.9,126030
"26-Jan-16",11.92,12.42,11.84,12.38,126009
"27-Jan-16",12.34,12.43,11.72,11.75,81841
"28-Jan-16",11.83,12.1574,11.48,11.59,82286
"29-Jan-16",11.55,12.07,11.55,12.04,128476
"01-Feb-16",12.03,12.51,11.93,12.06,149990
"02-Feb-16",11.95,12.64,11.95,12.59,166374
"03-Feb-16",12.59,12.95,12.2,12.92,154540
"04-Feb-16",12.93,13.5,12.71,12.76,219238
"05-Feb-16",12.76,13.19,12.36,12.63,122604
"08-Feb-16",12.52,13.025,12.16,12.2,204388
"09-Feb-16",12.1,12.28,11.69,11.95,133233
"10-Feb-16",11.98,12.755,11.945,12.15,137713
"11-Feb-16",11.92,12.14,11.71,11.88,109445
"12-Feb-16",12.01,12.18,11.75,11.99,108470
"16-Feb-16",12.16,12.49,11.86,12.49,80387
"17-Feb-16",12.52,13,12.11,12.62,131432
"18-Feb-16",12.49,12.95,12.37,12.88,115018
"19-Feb-16",12.91,13.42,12.46,13.12,148049
"22-Feb-16",13.17,13.49,12.84,12.97,125077
"23-Feb-16",12.88,13.2,12.43,12.53,116924
"24-Feb-16",12.36,12.51,12.01,12.39,82520
"25-Feb-16",12.35,12.75,12.05,12.23,203347
"26-Feb-16",11.57,12.38,11.14,12.09,314021
"29-Feb-16",12,12.97,11.6,12.83,288142
"01-Mar-16",12.88,13.5,12.565,13.15,226295
"02-Mar-16",13.09,13.65,12.89,13.47,142598
"03-Mar-16",12.22,12.62,12.11,12.3,458190
"04-Mar-16",12.36,12.81,12.0701,12.25,197415
"07-Mar-16",12.22,12.48,12,12.34,155068
"08-Mar-16",12.32,12.5399,12.225,12.23,96489
"09-Mar-16",12.31,12.4,12.14,12.24,61859
"10-Mar-16",12.32,12.34,11.97,12.25,90125
"11-Mar-16",12.33,12.83,12.07,12.76,153057
"14-Mar-16",12.62,13.38,12.62,12.73,108730
"15-Mar-16",12.59,12.81,12.19,12.53,56596
"16-Mar-16",12.36,12.39,11.71,12.29,213362
"17-Mar-16",12.35,13.2,12.27,12.81,193088
"18-Mar-16",12.9,13,12.44,12.78,206503
"21-Mar-16",12.73,12.75,12.47,12.69,88645
"22-Mar-16",12.59,12.61,12.14,12.42,123383
"23-Mar-16",12.38,12.38,11.72,11.78,175875
"24-Mar-16",11.79,12.215,11.53,11.68,55721
"28-Mar-16",11.7,12.115,11.5,11.66,87961
"29-Mar-16",11.68,12.3,11.51,12.19,72437
"30-Mar-16",12.29,12.55,12.12,12.28,181079
"31-Mar-16",12.21,12.4,11.76,11.86,172653
"01-Apr-16",11.74,11.985,11.54,11.72,70662
"04-Apr-16",11.69,11.72,11.48,11.51,89647
"05-Apr-16",11.46,11.46,11.09,11.2,73319
"06-Apr-16",11.26,11.64,11.01,11.16,106173
"07-Apr-16",11.14,11.21,10.17,10.71,278392
"08-Apr-16",10.74,11.08,10.66,10.82,194872
"11-Apr-16",10.85,11.1,10.8499,10.93,101175
"12-Apr-16",10.89,11.27,10.88,11.04,81270
"13-Apr-16",11.07,11.335,11.06,11.2,50391
"14-Apr-16",11.2,11.26,11.08,11.16,48212
"15-Apr-16",11.03,11.18,10.92,11.02,35949
"18-Apr-16",11.03,11.14,10.92,11.13,62972
"19-Apr-16",11.19,11.279,10.84,10.91,50857
"20-Apr-16",10.87,11.11,10.86,10.9,104095
"21-Apr-16",10.86,11.05,10.86,10.9,103855
"22-Apr-16",10.91,11.36,10.91,11.19,130173
"25-Apr-16",11.16,11.75,11.16,11.28,336869
"26-Apr-16",11.32,11.86,11.28,11.66,324068
"27-Apr-16",11.57,11.74,11.17,11.33,237363
"28-Apr-16",11.33,11.61,10.89,11.24,200578
"29-Apr-16",11.13,11.21,10.92,11.15,172003
"02-May-16",11.27,11.49,11.04,11.37,140869
"03-May-16",11.38,11.51,10.85,11.02,342894
"04-May-16",10.05,11.6,9.8,11.07,287291
"05-May-16",11.06,11.2,10.81,10.9,229407
"06-May-16",10.93,11.13,10.7,10.89,183478
"09-May-16",10.97,11.11,10.69,10.96,129594
"10-May-16",10.98,11,10.74,10.96,126272
"11-May-16",10.91,10.97,10.72,10.74,173920
"12-May-16",10.81,10.9249,10.25,10.36,212663
"13-May-16",10.35,10.44,10.01,10.11,134225
"16-May-16",10.1,10.235,9.7,10.14,85532
"17-May-16",10.05,10.3,9.55,9.68,111228
"18-May-16",9.62,9.62,9.28,9.45,149894
"19-May-16",9.32,9.54,9.32,9.46,198275
"20-May-16",9.51,9.51,9.29,9.44,68833
"23-May-16",9.43,9.55,9.35,9.42,74813
"24-May-16",9.46,9.64,9.3,9.47,80209
"25-May-16",9.475,9.6,9.36,9.56,65317
"26-May-16",9.53,9.73,9.53,9.62,114590
"27-May-16",9.59,9.65,9.43,9.58,101661
"31-May-16",9.57,9.76,9.29,9.38,143172
"01-Jun-16",9.37,9.5,9.3047,9.46,71734
"02-Jun-16",9.4,9.54,9.39,9.53,66264
"03-Jun-16",9.49,9.78,9.49,9.5,54626
"06-Jun-16",9.5,10.22,9.48,10.14,181709
"07-Jun-16",10.11,10.17,9.9,10.1,92402
"08-Jun-16",10.08,10.08,9.88,9.97,69509
"09-Jun-16",9.93,10.04,9.8,9.89,44182
"10-Jun-16",9.8,9.92,9.65,9.85,63762
"13-Jun-16",9.77,9.81,9.36,9.54,93252
"14-Jun-16",9.44,9.81,9.3,9.73,80770
"15-Jun-16",9.73,9.98,9.63,9.65,50024
"16-Jun-16",9.68,9.77,9.44,9.73,42505
"17-Jun-16",9.77,10.09,9.71,10.06,188677
"20-Jun-16",10.07,10.15,9.84,10,59245
"21-Jun-16",10,10,9.72,9.89,45428
"22-Jun-16",9.91,9.99,9.75,9.9,38736
"23-Jun-16",9.99,10.09,9.87,9.93,58610
"24-Jun-16",9.48,10.39,9.42,10.31,108790
"27-Jun-16",10.09,10.34,9.54,9.73,128991
"28-Jun-16",9.81,10.06,9.64,9.71,93647
"29-Jun-16",9.78,10.03,9.7601,9.81,118759
"30-Jun-16",9.84,9.95,9.7241,9.78,62405
"01-Jul-16",9.74,10.15,9.72,9.81,83234
"05-Jul-16",9.81,9.909,9.65,9.73,52609
"06-Jul-16",9.65,9.79,9.5,9.56,71728
"07-Jul-16",9.55,9.65,9.44,9.64,124124
"08-Jul-16",9.69,10.24,9.69,10.12,80992
"11-Jul-16",10.12,10.37,10.03,10.21,55483
"12-Jul-16",10.16,10.3,10.11,10.25,108084
"13-Jul-16",10.3,10.305,9.92,10.05,105204
"14-Jul-16",10.04,10.16,9.96,10,220089
"15-Jul-16",10.06,10.2099,9.87,9.88,60675
"18-Jul-16",9.87,10.07,9.81,9.82,57263
"19-Jul-16",9.81,10.09,9.81,9.97,35179
"20-Jul-16",10.01,10.22,9.9,9.95,50276
"21-Jul-16",9.95,10.04,9.81,9.82,35676
"22-Jul-16",9.81,10.04,9.81,9.85,53476
"25-Jul-16",9.84,10.47,9.84,10.36,102784
"26-Jul-16",8.68,8.79,7.99,8,1415966
"27-Jul-16",8,8.14,7.3935,7.53,528956
"28-Jul-16",7.5,7.54,7.36,7.4,221472
"29-Jul-16",7.38,7.56,7.22,7.39,153049
"01-Aug-16",7.43,7.63,7.38,7.42,195744
"02-Aug-16",7.44,7.45,7.23,7.38,184552
"03-Aug-16",7.33,7.49,7.33,7.38,113240
"04-Aug-16",7.35,7.38,7.245,7.25,185500
"05-Aug-16",7,7.05,6.771,6.95,371168
"08-Aug-16",6.94,6.99,6.91,6.95,168066
"09-Aug-16",6.94,6.99,6.8,6.8,194837
"10-Aug-16",6.79,6.94,6.74,6.81,223022
"11-Aug-16",6.86,7,6.78,6.9,398562
"12-Aug-16",6.92,7.19,6.92,7.04,206106
"15-Aug-16",7.08,7.26,6.955,7,255873
"16-Aug-16",7.02,7.15,6.93,6.97,105689
"17-Aug-16",6.99,7,6.74,6.82,132679
"18-Aug-16",6.8,6.9,6.78,6.84,80932
"19-Aug-16",6.8,6.87,6.62,6.63,260855
"22-Aug-16",6.63,6.74,6.52,6.66,122532
"23-Aug-16",6.65,6.77,6.61,6.69,80830
"24-Aug-16",6.72,7.145,6.72,6.92,224217
"25-Aug-16",6.93,6.93,6.8,6.83,67432
"26-Aug-16",6.77,6.92,6.75,6.78,55045
"29-Aug-16",6.81,6.92,6.71,6.72,123336
"30-Aug-16",6.73,6.78,6.67,6.68,80855
"31-Aug-16",6.74,6.74,6.48,6.54,161219
"01-Sep-16",6.53,6.59,6.45,6.55,101944
"02-Sep-16",6.55,6.6,6.505,6.55,108203
"06-Sep-16",6.54,6.57,6.52,6.53,94498
"07-Sep-16",6.53,6.6,6.53,6.55,126345
"08-Sep-16",6.54,6.56,6.42,6.47,124680
"09-Sep-16",6.47,6.53,6.25,6.25,157762
"12-Sep-16",6.25,6.31,6.1,6.14,105434
"13-Sep-16",6.15,6.15,5.97,5.99,168981
"14-Sep-16",5.98,6.2609,5.9,6.02,282625
"15-Sep-16",5.98,6.06,5.85,5.88,119130
"16-Sep-16",5.83,5.9727,5.8,5.925,294589
"19-Sep-16",5.91,5.95,5.76,5.78,80095
"20-Sep-16",5.8,5.86,5.6,5.64,130578
"21-Sep-16",5.69,5.83,5.47,5.48,142363
"22-Sep-16",5.48,5.48,5.15,5.23,495806
"23-Sep-16",5.23,5.41,5.23,5.29,381540
"26-Sep-16",5.28,5.32,5.06,5.12,200812
"27-Sep-16",5.09,5.27,4.91,4.98,232605
"28-Sep-16",4.98,5,4.8,4.81,286246
"29-Sep-16",4.81,4.87,4.74,4.76,195142
"30-Sep-16",4.76,4.81,4.67,4.76,241197
"03-Oct-16",4.77,4.8103,4.675,4.72,193926
"04-Oct-16",4.74,4.97,4.63,4.65,282612
"05-Oct-16",4.69,4.7,4.51,4.52,285390
"06-Oct-16",4.5,4.78,4.41,4.57,330359
"07-Oct-16",4.59,4.6455,4.45,4.49,152578
"10-Oct-16",4.49,4.76,4.48,4.65,273346
"11-Oct-16",4.68,4.73,4.53,4.54,135877
"12-Oct-16",4.53,4.64,4.46,4.58,168176
"13-Oct-16",4.53,4.5727,4.38,4.4,239685
"14-Oct-16",4.38,4.42,4.267,4.36,175123
"17-Oct-16",4.4,4.5,4.325,4.35,77025
"18-Oct-16",4.4,4.885,4.35,4.7,396741
"19-Oct-16",4.75,4.95,4.6,4.85,320520
"20-Oct-16",4.8,4.9,4.5,4.65,342265
"21-Oct-16",4.7,4.7,4.6,4.65,130480
"24-Oct-16",4.7,4.8,4.45,4.55,150157
"25-Oct-16",4.5,4.55,4.25,4.4,242329
"26-Oct-16",4.4,4.6,4.3,4.4,201124
"27-Oct-16",4.35,4.45,4.3,4.45,92636
"28-Oct-16",4.45,4.6001,4.35,4.55,146576
"31-Oct-16",4.6,4.75,4.55,4.7,156161
"01-Nov-16",4.7,5,4.4705,4.5,307333
"02-Nov-16",4.5,4.6431,4.4,4.55,84987
"03-Nov-16",4.6,4.8,4.45,4.5,123125
"04-Nov-16",4.05,4.35,4.05,4.15,202479
"07-Nov-16",4.2,4.2,3.75,3.85,363818
"08-Nov-16",3.85,4.05,3.51,3.9,407854
"09-Nov-16",3.85,4.35,3.75,4.3,338166
"10-Nov-16",4.35,4.5,4.2,4.45,219010
"11-Nov-16",4.5,4.55,4.35,4.55,111983
"14-Nov-16",4.6,4.65,4.3501,4.5,140752
"15-Nov-16",4.45,4.5,4.35,4.45,71221
"16-Nov-16",4.45,4.5,4.35,4.4,66568
"17-Nov-16",4.4,4.4,4.2,4.2,97794
"18-Nov-16",4.25,4.3,4.05,4.2,152512
"21-Nov-16",4.2,4.55,4.2,4.5,188671
"22-Nov-16",4.55,4.6,4.05,4.15,219493
"23-Nov-16",4.2,4.35,4.05,4.25,99276
"25-Nov-16",4.2,4.35,4.2,4.35,66417
"28-Nov-16",4.3,4.3,4,4,155058
"29-Nov-16",4.05,4.55,3.9,4.3,672900
"30-Nov-16",4.35,4.4,4.05,4.2,271779
"01-Dec-16",4.15,4.3,4.15,4.2,197131
"02-Dec-16",4.2,4.3,4.15,4.15,153805
"05-Dec-16",4.2,4.3,4.1,4.25,145944
"06-Dec-16",4.25,4.5,4.2,4.3,129810
"07-Dec-16",4.25,4.75,4.25,4.65,264614
"08-Dec-16",4.65,4.85,4.6499,4.7,130661
"09-Dec-16",4.7,5,4.6,4.95,173941
"12-Dec-16",5,5.1,4.7,4.8,174135
"13-Dec-16",4.85,5,4.7,5,142626
"14-Dec-16",5,5.0794,4.8,4.95,161071
"15-Dec-16",4.9,5.1,4.7,4.75,287076
"16-Dec-16",4.75,4.95,4.7,4.8,372154
"19-Dec-16",4.85,5,4.7,4.85,112162
"20-Dec-16",4.95,5,4.8,4.85,111135
"21-Dec-16",4.85,4.85,4.7001,4.75,123552
"22-Dec-16",4.75,4.75,4.5,4.55,124894
"23-Dec-16",4.5,4.6421,4.5,4.55,68609
"27-Dec-16",4.5,4.6,4.45,4.5,107303
"28-Dec-16",4.75,4.75,4.2,4.25,244356
"29-Dec-16",4.25,4.35,4.1,4.3,247127
"30-Dec-16",4.25,4.35,4.05,4.1,634958
"02-Jan-17",,,,,,6.565448
"03-Jan-17",4.2,4.2,4,4.05,147927,6.383295
"04-Jan-17",4.1,4.55,4.1,4.55,169518,6.443143
"05-Jan-17",4.5,4.55,4.3,4.35,57374,6.672023
"06-Jan-17",4.1,4.6,4.1,4.45,222234,6.564195
"09-Jan-17",4.45,4.55,4.225,4.25,53540,6.13956
"10-Jan-17",4.25,4.45,4.15,4.4,81221,6.307169
"11-Jan-17",4.35,4.75,4.3,4.7,194826,6.286391
"12-Jan-17",4.65,4.795,4.5,4.5,94839,6.257624
"13-Jan-17",4.5,4.5,4.2,4.3,119168
"17-Jan-17",4.3,4.5,4.1,4.35,217759
"18-Jan-17",4.4,4.45,4.1,4.3,253698
"19-Jan-17",4.3,4.3,4.1,4.2,159411
"20-Jan-17",4.15,4.2001,4.1,4.1,148079
"23-Jan-17",4.15,4.2,4.05,4.05,125592
"24-Jan-17",4.1,4.15,4.05,4.05,141758
"25-Jan-17",4.1,4.15,4.05,4.1,113817
"26-Jan-17",4.05,4.4,4.05,4.4,320944
"27-Jan-17",4.4,4.4,4.15,4.35,117490
"30-Jan-17",4.3,4.4,4.3,4.4,154685
"31-Jan-17",4.35,4.5,4.3,4.4,184479
"01-Feb-17",4.4,4.45,4.2,4.3,209960
"02-Feb-17",4.35,4.5,4.2,4.45,217330
"03-Feb-17",4.45,4.5,4.3,4.35,107931
"06-Feb-17",4.3,4.4,4.25,4.3,93073
"07-Feb-17",4.3,4.4,4.25,4.35,158324
"08-Feb-17",4.3,4.45,4.3,4.4,108432
"09-Feb-17",4.4,4.4795,4.4,4.45,64949
"10-Feb-17",4.3,4.3074,3.8,3.9,555816
"13-Feb-17",3.9,3.975,3.8,3.85,155402
"14-Feb-17",3.85,3.85,3.6,3.65,237899
"15-Feb-17",3.7,3.9,3.65,3.7,112452
"16-Feb-17",3.7,3.825,3.65,3.75,115818
"17-Feb-17",3.8,3.8,3.65,3.8,82017
"21-Feb-17",3.8,3.8,3.7,3.75,61282
"22-Feb-17",3.7,3.75,3.65,3.7,112020
"23-Feb-17",3.75,3.75,3.65,3.65,48538
"24-Feb-17",3.65,3.95,3.6,3.9,152996
"27-Feb-17",3.9,4.05,3.7887,3.95,183426
"28-Feb-17",3.95,4,3.8,3.8,278125
"01-Mar-17",3.8,4,3.75,3.9,243111
"02-Mar-17",4.2,4.2,3.65,4.05,316632
"03-Mar-17",4.05,4.05,3.61,3.7,388841
"06-Mar-17",3.7,3.725,3.55,3.6,174630
"07-Mar-17",3.6,3.6,3.2,3.3,580165
"08-Mar-17",3.25,3.55,3.1558,3.45,222394
"09-Mar-17",3.45,3.5,3.4,3.4,75428
"10-Mar-17",3.4,3.6,3.4,3.55,134571
"13-Mar-17",3.55,3.6,3.55,3.6,65613
"14-Mar-17",3.65,4.2465,3.55,4.05,772695
"15-Mar-17",4.05,4.25,4,4.15,369114
"16-Mar-17",4.15,4.55,4.1,4.55,288588
"17-Mar-17",4.5,4.65,4.4,4.55,217139
"20-Mar-17",4.5,4.65,4.4,4.55,152901
"21-Mar-17",4.6,4.6,4.4,4.4,44268
"22-Mar-17",4.4,4.5,4.15,4.4,128336
"23-Mar-17",4.4,4.6,4.4,4.4,45938
"24-Mar-17",4.45,4.55,4.4,4.5,83601
"27-Mar-17",4.5,4.95,4.5,4.925,358321
"28-Mar-17",4.9,5.5942,4.7257,5.5,491576
"29-Mar-17",5.55,5.55,5.2,5.45,229142
"30-Mar-17",5.4,5.5,5.25,5.35,368703
"31-Mar-17",5.3,5.75,5.2052,5.75,218802
"03-Apr-17",5.85,5.95,5.6,5.95,303205
"04-Apr-17",5.95,6,5.55,5.6,141724
"05-Apr-17",5.7,5.9,5.55,5.55,341355
"06-Apr-17",5.55,5.9,5.55,5.85,190207
"07-Apr-17",5.85,6,5.7673,5.85,242645
"10-Apr-17",5.85,5.95,5.8,5.95,163023
"11-Apr-17",5.95,6,5.575,5.7,203900
"12-Apr-17",5.7,5.95,5.45,5.8,151988
"13-Apr-17",5.8,5.95,5.75,5.8,95779
"17-Apr-17",5.8,5.85,5.5,5.85,163777
"18-Apr-17",5.8,5.95,5.75,5.8,136320
"19-Apr-17",5.75,5.8,5.55,5.65,164475
"20-Apr-17",5.65,5.7,5.5,5.6,121887
"21-Apr-17",5.6,5.625,5.4,5.45,290924
"24-Apr-17",5.55,5.6,5.4,5.45,113772
"25-Apr-17",5.55,5.75,5.35,5.6,343157
"26-Apr-17",5.6,5.95,5.6,5.85,219905
"27-Apr-17",5.9,6,5.65,5.9,132162
"28-Apr-17",5.95,5.95,5.8,5.85,114171
"01-May-17",5.9,5.9,5.35,5.4,244972
"02-May-17",5.35,5.7,5.35,5.6,127415
"03-May-17",5.6,5.7,5.5,5.6,100448
"04-May-17",5.55,5.625,5.3,5.55,154268
"05-May-17",5.55,5.6,5.5,5.55,43356
"08-May-17",5.55,5.7,5.2,5.65,248485
"09-May-17",5.7,5.9,5.45,5.8,207091
"10-May-17",5.7,5.85,5.4,5.5,323436
"11-May-17",5.5,5.6406,4.95,5.2,300901
"12-May-17",5.15,5.175,4.8,4.825,104609
"15-May-17",4.75,4.85,4.55,4.8,223093
"16-May-17",4.8,5.0382,4.5,4.55,166466
"17-May-17",4.5,4.6501,4.35,4.55,200229
"18-May-17",4.55,4.75,4.35,4.55,163946
"19-May-17",4.5,4.8,4.45,4.75,135202
"22-May-17",4.75,4.9,4.75,4.85,53606
"23-May-17",4.85,4.95,4.8,4.85,73229
"24-May-17",4.85,4.9,4.8,4.85,61265
"25-May-17",4.9,5,4.8,4.9,115132
"26-May-17",4.9,4.975,4.7,4.85,105414
"30-May-17",4.8,4.9,4.775,4.8,47397
"31-May-17",4.75,4.9,4.6,4.85,128214
"01-Jun-17",4.8,4.95,4.75,4.8,95317
"02-Jun-17",4.75,4.95,4.3,4.4,201843
"05-Jun-17",4.4,4.458,4.3,4.4,121650
"06-Jun-17",4.4,4.4,4.1,4.1,93261
"07-Jun-17",4.1,4.3,4,4,386411
"08-Jun-17",4.1,4.15,3.95,4.15,173847
"09-Jun-17",4.15,4.2395,3.95,4.05,150119
"12-Jun-17",4.1,4.15,3.55,3.625,293173
"13-Jun-17",3.6,3.8,3.55,3.75,159516
"14-Jun-17",3.8,3.85,3.429,3.5,173712
"15-Jun-17",3.55,3.65,3.35,3.6,219480
"16-Jun-17",3.55,3.75,3.4,3.75,368739
"19-Jun-17",3.75,4.05,3.5,4,281346
"20-Jun-17",4.1,4.2,3.75,3.85,281915
"21-Jun-17",3.85,4,3.6,3.7,163905
"22-Jun-17",3.7,4,3.7,3.9,91701
"23-Jun-17",3.9,4.05,3.8025,4,295427
"26-Jun-17",4,4.0895,3.8,3.85,82422
"27-Jun-17",3.8,4,3.75,3.8,183126
"28-Jun-17",3.85,3.9,3.65,3.7,269069
"29-Jun-17",3.75,3.8131,3.6,3.75,170907
"30-Jun-17",3.8,3.95,3.8,3.9,94186
"03-Jul-17",3.9,4.05,3.8,4,46967,14.497372
"04-Jul-17",,,,,,14.559032
"05-Jul-17",3.95,4.05,3.8,3.9,289110,14.328766
"06-Jul-17",3.9,3.95,3.85,3.9,78245,14.701601
"07-Jul-17",3.85,4.1,3.85,4,214238,14.607863
"10-Jul-17",4,4.2,4,4.1,88652,15.216882
"11-Jul-17",4.15,4.2,4.05,4.15,179107,15.321633
"12-Jul-17",4.25,4.55,4.225,4.35,253121,15.045554
"13-Jul-17",4.4,4.4,4.15,4.4,121982,14.976297
"14-Jul-17",4.35,4.3985,4,4.2,104176,15.173085
"17-Jul-17",4.15,4.35,4.1,4.3,65818,15.440267
"18-Jul-17",4.25,4.25,4.1,4.2,99204,15.77734
"19-Jul-17",4.3,4.4,4.2,4.4,36707,16.471356
"20-Jul-17",4.4,4.4,4.25,4.3,105528,16.706384
"21-Jul-17",4.35,4.35,4.15,4.2,111900,16.708217
"24-Jul-17",4.15,4.25,4,4.05,439367,17.230521
"25-Jul-17",4.05,4.15,4,4.15,58032,18.030211
"26-Jul-17",4.2,4.25,4.15,4.2,75941,18.951082
"27-Jul-17",4.2,4.25,3.9,3.95,192698,19.727428
"28-Jul-17",3.9,4,3.75,3.85,261686,19.577767
"31-Jul-17",3.85,3.9,3.85,3.85,40682,19.689926
"01-Aug-17",3.9,3.9,3.8,3.85,48829,20.016564
"02-Aug-17",3.85,3.85,3.5,3.7,221398,20.146815
"03-Aug-17",3.7,4.05,3.7,4,90769,20.295255
"04-Aug-17",4,4.0324,3.9,3.9,39272,20.23018
"07-Aug-17",3.9,4.1,3.9,4,124490,19.897666
"08-Aug-17",4,4.05,3.8,4.05,165981,20.004283
"09-Aug-17",4,4.1,4,4,94273,20.360432
"10-Aug-17",4,4.05,3.9,3.9,152685
"11-Aug-17",3.7,3.8,3.5,3.75,346971
"14-Aug-17",3.8,4.1,3.75,4.1,211815
"15-Aug-17",4.1,4.1,3.8,3.8,76748
"16-Aug-17",3.85,3.9,3.75,3.8,75331
"17-Aug-17",3.8,3.8,3.7,3.7,51642
"18-Aug-17",3.7,3.75,3.65,3.75,79560
"21-Aug-17",3.75,3.75,3.6,3.6,106205
"22-Aug-17",3.6,3.9,3.6,3.85,50460
"23-Aug-17",3.8,3.8,3.7,3.75,57951
"24-Aug-17",3.85,3.85,3.75,3.8,19120
"25-Aug-17",3.825,3.85,3.8,3.85,25440
"28-Aug-17",3.8,4,3.8,4,56898
"29-Aug-17",4,4,3.85,3.95,65577
"30-Aug-17",3.95,3.95,3.65,3.65,138193
"31-Aug-17",3.7,3.9,3.7,3.85,115354
"01-Sep-17",3.85,4,3.8,4,89911
"05-Sep-17",3.95,4.15,3.8603,4.1,120666
"06-Sep-17",4.05,4.7,4.05,4.5,274506
"07-Sep-17",4.45,4.6,4.2553,4.55,86505
"08-Sep-17",4.65,4.9,4.65,4.85,215179
"11-Sep-17",4.8,4.9,4.35,4.675,184301
"12-Sep-17",4.55,4.85,4.55,4.7,96809
"13-Sep-17",4.65,4.95,4.55,4.85,189691
"14-Sep-17",4.95,5,4.65,4.7,172899
"15-Sep-17",4.85,4.85,4.4,4.4,241778
"18-Sep-17",4.4,4.55,4.1,4.15,350575
"19-Sep-17",4.15,4.4,3.95,4,204897
"20-Sep-17",4.05,4.25,4,4.1,132036
"21-Sep-17",4.2,4.325,4.1,4.2,88990
"22-Sep-17",4.2,4.25,4.1,4.25,33072
"25-Sep-17",4.25,4.55,4.25,4.45,220448
"26-Sep-17",4.5,4.55,4.3,4.35,96809
"27-Sep-17",4.4,4.425,4.25,4.25,235106
"28-Sep-17",4.25,4.35,4.1,4.25,42037
"29-Sep-17",4.2,4.5,4.2,4.4,95447
"02-Oct-17",4.4,4.4,4.2,4.325,33608,22.60495,28.5375
"03-Oct-17",4.3,4.65,4.15,4.15,1276221,20.15833,28.4771
"04-Oct-17",4.15,4.375,4.15,4.3,195915,20.578408,28.7102
"05-Oct-17",4.35,4.5,4.3,4.5,56069,21.554474,28.9055
"06-Oct-17",4.5,4.6,4.4501,4.6,114196,22.047685,29.0153
"09-Oct-17",4.6,4.7,4.55,4.6,66303,22.111662,28.9995
"10-Oct-17",4.7,4.8,4.545,4.775,91819,24.391529,29.958
"11-Oct-17",4.75,4.825,4.45,4.5,187999,24.238391,29.7911
"12-Oct-17",4.45,4.475,4.1,4.3,104677,24.225716,29.9528
"13-Oct-17",4.35,4.45,4.3,4.4,91162,24.436856,29.7838
"16-Oct-17",4.35,4.575,4.35,4.425,39760,25.173019,30.0594
"17-Oct-17",4.45,4.65,4.25,4.6,702141,23.842953,30.1995
"18-Oct-17",4.55,4.55,4.45,4.5,42299,23.049059,29.863
"19-Oct-17",4.5,4.5738,4.35,4.5,43639,20.773001,29.392
"20-Oct-17",4.6,4.6,4.4,4.5,33358,20.192112,29.2541
"23-Oct-17",4.55,4.55,4.4,4.45,43077,20.070423,29.5132
"24-Oct-17",4.45,4.5,4.35,4.4,107195,20.037752,29.7615
"25-Oct-17",4.3,4.45,4.3,4.4,61507,20.663941,29.7862
"26-Oct-17",4.35,4.5,4.35,4.45,44430,22.250012,29.3113
"27-Oct-17",4.5,4.55,4.45,4.5,46582,22.42914,29.3143
"30-Oct-17",4.45,4.45,4.35,4.35,23565,22.993351,29.3246
"31-Oct-17",4.4,4.5,4.3,4.35,336366,22.501631,29.2592
"01-Nov-17",4.45,4.45,4.25,4.3,39699,22.60711,28.9896
"02-Nov-17",4.3,4.5,4.3,4.475,25455,22.083581,28.8613
"03-Nov-17",4.45,4.5,4.4233,4.5,26192,21.513608,28.685
"06-Nov-17",4.5,4.5,4.4,4.45,20466,20.668402,29.0626
"07-Nov-17",4.45,4.45,4.25,4.275,39505,21.840538,29.4636
"08-Nov-17",4.25,4.3,4.1,4.3,109106,20.847287,28.8487
"09-Nov-17",4.25,4.3125,3.95,4.25,245650,20.566055,28.4549
"10-Nov-17",4.3,4.55,4.1,4.4,455479,19.878701,28.6554
"13-Nov-17",4.4,4.65,4.3,4.6,272515,20.22924,28.5399
"14-Nov-17",4.6,4.8,4.5,4.7,133458,20.082429,28.3907
"15-Nov-17",4.6,5.049,4.6,4.95,479279,19.931871,28.3458
"16-Nov-17",5.05,5.15,4.95,5,180436,18.833936,28.3866
"17-Nov-17",4.95,5.15,4.95,5.05,108407,17.247645,27.9326
"20-Nov-17",5.1,5.1,4.9,5.1,84534,18.970477,27.5397
"21-Nov-17",5.15,5.3,5,5.2,160606,19.044401,27.2861
"22-Nov-17",5.05,5.25,5.05,5.1,216848,18.428992,26.9558
"23-Nov-17",,,,,,18.22193,26.9575
"24-Nov-17",5.05,5.4,5.05,5.3,135758,17.552972,26.4914
"27-Nov-17",5.3,5.35,5.15,5.25,436067,16.543011,26.5359
"28-Nov-17",5.3,5.375,5.1,5.35,467890,15.929461,26.3366
"29-Nov-17",5.3,5.45,5.25,5.4,342713,15.894768,26.2114
"30-Nov-17",5.4,5.45,5,5.05,555202,13.249439,26.1462
"01-Dec-17",5.05,5.15,4.8,4.95,138777,13.727051,26.0335
"04-Dec-17",4.95,5.05,4.55,4.65,276471,12.540167,26.0372
"05-Dec-17",4.7,4.9,4.65,4.85,83780,13.757206,26.4645
"06-Dec-17",4.9,5,4.8,4.95,154816,14.067907,25.7109
"07-Dec-17",4.95,4.95,4.675,4.75,179942,14.779862,25.7308
"08-Dec-17",4.75,4.7838,4.6,4.7,88167,13.885691,25.7068
"11-Dec-17",4.65,4.8,4.55,4.75,112575,14.328186,25.7747
"12-Dec-17",4.75,4.9,4.6,4.8,599545,14.277509,25.7911
"13-Dec-17",4.8,5,4.8,4.95,219314,14.728291,25.4862
"14-Dec-17",4.95,5.1,4.9,5.05,125693,14.75172,25.3472
"15-Dec-17",5,5.2,4.9,5,266215,14.872063,25.6517
"18-Dec-17",5.1,5.15,4.85,5.1,73363,15.488645,25.7102
"19-Dec-17",5.1,5.7,5.05,5.6,405316,14.811912,25.1063
"20-Dec-17",5.55,5.7,5.425,5.55,180726,14.814555,25.1266
"21-Dec-17",5.5,5.75,5.4,5.7,119631,13.827914,25.0053
"22-Dec-17",5.7,5.75,5.4,5.6,78541,14.323761,25.0142
"25-Dec-17",,,,,,14.040733,24.9655
"26-Dec-17",5.55,5.7,5.5,5.65,82242,14.585318,24.9053
"27-Dec-17",5.65,5.7,5.5,5.65,49694,14.713672,24.7475
"28-Dec-17",5.65,5.65,5.45,5.45,42220,14.752247,24.7409
"29-Dec-17",5.45,5.45,5.2,5.25,91370,14.561059,24.6705
"01-Jan-18",,,,,,13.924642,24.6997
"02-Jan-18",5.3,5.3,5.15,5.2,48411,14.228866,24.3849
"03-Jan-18",5.25,5.3157,5,5.25,92033,13.035424,24.2458
"04-Jan-18",5.3,5.35,5.2,5.2,30837,14.409936,23.9375
"05-Jan-18",5.25,5.314,5.2,5.3,44664,14.423493,23.8358
"08-Jan-18",5.25,5.33,5.25,5.25,33849,15.851398,23.2261
"09-Jan-18",5.25,5.6,5.25,5.5,70072,15.032263,23.4258
"10-Jan-18",5.5,5.6,5.4,5.55,29873,15.86529,23.3783
"11-Jan-18",5.55,5.65,5.45,5.65,43571,15.484368,23.2267
"12-Jan-18",5.65,5.8,5.55,5.75,64632,15.212822,23.2223
"15-Jan-18",,,,,,14.54579,23.2058
"16-Jan-18",5.75,5.9,5.65,5.8,60690,15.243856,23.2108
"17-Jan-18",5.75,5.85,5.75,5.85,40153,15.316817,22.9184
"18-Jan-18",5.85,5.85,5.7,5.8,38571,15.831456,22.9089
"19-Jan-18",5.75,5.8,5.7,5.8,43909,16.265751,22.8785
"22-Jan-18",5.75,5.8,5.7,5.75,34676,16.248742,22.8667
"23-Jan-18",5.7,5.8,5.7,5.75,28100,16.998546,22.7042
"24-Jan-18",5.75,5.95,5.6,5.95,91525,16.481561,22.6668
"25-Jan-18",5.95,6.15,5.9,6.1,61287,17.000462,22.426
"26-Jan-18",6.15,6.35,6.05,6.225,67496,16.616926,22.4224
"29-Jan-18",6.2,6.2001,5.95,6,50910,17.335687,21.9881
"30-Jan-18",5.95,6,5.9,5.95,62805,18.17641,21.6625
"31-Jan-18",5.9,5.95,5.85,5.9,29347,18.979931,21.4005
"01-Feb-18",5.85,6.1183,5.8,5.85,47717,19.30731,21.2817
"02-Feb-18",5.75,5.95,5.75,5.85,50138,19.293321,21.3872
"05-Feb-18",5.85,6.1,5.8,5.9,100099,18.919898,21.3519
"06-Feb-18",5.85,6.25,5.85,6.15,92752,19.040945,21.3649
"07-Feb-18",6.15,6.2315,5.95,6,358712,18.735469,20.8829
"08-Feb-18",6,6,5.55,5.65,54280,18.715181,20.8639
"09-Feb-18",5.6,5.7,5.3,5.6,111026,18.831179,20.8356
"12-Feb-18",5.55,5.65,5.351,5.6,27089,19.341853,20.7751
"13-Feb-18",5.55,6.15,5.537,6,65528,20.09897,20.5103
"14-Feb-18",6,6.15,5.95,6.1,45255,19.334713,20.5467
"15-Feb-18",6.05,6.15,5.95,6.15,54304,21.427879,20.3337
"16-Feb-18",6.1,6.15,6,6.15,21308,22.111303,20.0629
"19-Feb-18",,,,,,22.042098,20.0177
"20-Feb-18",6.15,6.9,6,6.85,310865,20.695131,19.9736
"21-Feb-18",6.95,6.95,6.65,6.8,92015,20.843021,19.6689
"22-Feb-18",6.65,6.845,6.45,6.5,78243,20.564801,19.2933
"23-Feb-18",6.55,6.7,6.475,6.55,33479,19.696219,18.7127
"26-Feb-18",6.6,6.75,6.55,6.7,52396,18.631921,18.5302
"27-Feb-18",6.65,6.7,6.35,6.5,48319,21.898664,18.2373
"28-Feb-18",6.55,6.6,6.2,6.2,79000,23.090245,18.0714
"01-Mar-18",6.25,6.65,6.05,6.45,77064,22.731295,17.9459
"02-Mar-18",6.4,6.9,6.3,6.9,65628,21.936617,17.5002
"05-Mar-18",6.9,7,6.55,6.85,83018,22.539699,17.3664
"06-Mar-18",6.55,7.3,6.55,7.25,117014,22.133098,17.2491
"07-Mar-18",7.25,7.35,7.05,7.3,59994,21.273072,17.0701
"08-Mar-18",7.35,7.397,6.75,7.1,81263,28.340856,16.4663
"09-Mar-18",7.1,7.15,6.95,7.05,54173,26.363725,16.354
"12-Mar-18",7,7.05,6.7,6.8,50162,26.259811,16.3234
"13-Mar-18",6.75,6.85,6.35,6.4,154491,28.70311,16.1482
"14-Mar-18",6.45,6.6,6.15,6.15,189060,28.381088,16.1744
"15-Mar-18",7,7.4,6.85,6.9,509243,26.721187,16.1788
"16-Mar-18",6.95,7.7,6.9,7.6,251259,26.735559,16.1445
"19-Mar-18",7.6,7.75,7.35,7.55,245365,25.719402,16.1804
"20-Mar-18",7.6,8.1,7.575,7.9,1006493,23.529756,16.1826
"21-Mar-18",8,8.2,7.75,7.75,542191,21.55227,16.158
"22-Mar-18",7.75,7.8,7.5,7.55,165266,20.661923,16.113
"23-Mar-18",7.55,7.6,7.05,7.35,243329,19.095303,16.2626
"26-Mar-18",7.45,7.7,7.4124,7.55,111066,19.321513,16.1822
"27-Mar-18",7.6,7.7,7.2,7.3,166351,18.348176,15.7085
"28-Mar-18",7.35,7.4,7.151,7.35,67181,19.28492,15.4844
"29-Mar-18",7.35,7.6,7.3,7.55,102022,18.448356,15.437
"30-Mar-18",,,,,,18.263594,15.4475
"02-Apr-18",7.5,7.65,7.2,7.25,79188,17.393489,15.2594
"03-Apr-18",7.3,7.6,7.3,7.35,49728,18.034541,15.257
"04-Apr-18",7.5,7.85,7.25,7.6,155566,18.071394,15.2393
"05-Apr-18",7.6,7.75,7.25,7.65,76099,17.350291,15.0638
"06-Apr-18",7.6,7.7,7.5,7.6,67402,17.777002,14.988
"09-Apr-18",7.65,7.7,7.55,7.6,56257,17.014216,15.1684
"10-Apr-18",7.75,7.75,7.475,7.5,105348,16.663182,15.1327
"11-Apr-18",7.55,7.9,7.55,7.7,83617,17.061052,14.934
"12-Apr-18",7.65,7.9,7.5,7.65,133062,16.559465,14.9266
"13-Apr-18",7.7,7.7,7.35,7.4,126626,16.580596,14.8201
"16-Apr-18",7.5,7.5985,7.35,7.4,65252,17.162054,14.7425
"17-Apr-18",7.45,7.7,7.25,7.3,165178,15.572626,14.6804
"18-Apr-18",7.3,7.8,7.1,7.7,342956
"19-Apr-18",7.8,7.9,7.45,7.5,231950,17.455589,14.3257
"20-Apr-18",7.5,7.7,7.4,7.6,87732,15.408495,14.1207
"23-Apr-18",7.5,7.7,7.35,7.45,107699,13.229869,13.773
"24-Apr-18",7.5,7.6,7.25,7.35,121372,13.349997,13.5964
"25-Apr-18",7.4,7.45,7.25,7.45,185386,15.43192,12.7733
"26-Apr-18",7.5,7.6,7.3,7.4,213250,16.877521,12.7289
"27-Apr-18",7.5,7.5,7.25,7.3,54197,14.927249,12.3843
"30-Apr-18",7.4,7.5,7.25,7.25,121846,16.181305,12.242
"01-May-18",7.2,7.4,7.2,7.25,326384,17.613824,12.2812
"02-May-18",7.25,7.4,7.15,7.25,177935,19.454088,12.3661
"03-May-18",7.25,7.3,7.2,7.2,111723,18.098767,12.2483
"04-May-18",7.25,7.375,7.15,7.25,156698,18.903806,12.1041
"07-May-18",7.35,7.5,7.2,7.35,175210,18.345834,12.0922
"08-May-18",7.3,7.6,7.2,7.5,143931,19.130497,12.0541
"09-May-18",7.55,7.6156,7.25,7.4,111073,18.948474,11.9954
"10-May-18",7.35,8.031,7.3,7.8,231964,17.47825,11.7845
"11-May-18",8.2,9.1,7.9,8.95,697979,17.820942,11.7097
"14-May-18",9.05,9.55,8.95,9.45,397903,17.140437,11.6268
"15-May-18",9.45,9.85,9.3,9.8,220016,15.46063,11.9882
"16-May-18",9.9,9.947,9.25,9.3,236932,16.094777,10.7744
"17-May-18",9.2,9.55,9.2,9.55,133254,15.769465,10.6483
"18-May-18",9.6,9.6,9.15,9.3,102072,15.139351,10.5928
"21-May-18",9.35,9.6,9.3,9.45,54573,16.542327,10.504
"22-May-18",9.45,9.45,9,9.05,172623,15.979688,10.4333
"23-May-18",9,9.35,9,9.3,108104,16.5193,10.2009
"24-May-18",9.35,9.5,9.15,9.25,67872,15.513509,10.0598
"25-May-18",9.2,9.35,8.75,8.9,288116
"28-May-18",,,,,,15.006305,10.0598
"29-May-18",8.85,8.8999,8.4501,8.65,246319,14.717712,10.2062
"30-May-18",8.7,8.7,8.3,8.45,407721,13.024143,9.8875
"31-May-18",8.8,8.8,8.35,8.65,408539,16.283946,9.6634
"01-Jun-18",8.75,8.95,8.25,8.5,440840,13.838895,9.479
"04-Jun-18",8.5,8.6,8.2,8.35,323578,13.900711,9.5077
"05-Jun-18",8.35,8.575,8.3,8.45,286545
"06-Jun-18",8.4,9.2,8.35,9.15,455081,13.955394,9.4428
"07-Jun-18",9.35,9.7963,9.3,9.65,557382,13.205552,9.4813
"08-Jun-18",9.6,9.7,9.25,9.45,223835,13.94591,9.4612
"11-Jun-18",9.45,9.5999,9.275,9.3,169878,14.216485,9.4717
"12-Jun-18",9.25,9.75,9.25,9.65,204555,13.260987,9.3427
"13-Jun-18",9.7,10,9.35,9.5,333798,12.757676,9.2529
"14-Jun-18",9.55,9.75,9.45,9.65,107953,13.022977,9.2338
"15-Jun-18",9.6,10.125,9.501,10.05,227400,13.589633,9.5012
"18-Jun-18",10.05,10.75,9.95,10.7,461749,15.193136,9.5598
"19-Jun-18",10.6,11.6,10.45,11.6,714142,15.163893,9.5133
"20-Jun-18",11.8,11.85,11.1,11.3,535539
"21-Jun-18",11.5,12.2,11.3,11.85,414449,15.09718,9.5657
"22-Jun-18",11.9,12.25,10.9,12.2,637048,15.74642,9.6959
"25-Jun-18",12.2,12.5,11.65,12.4,345909,14.740294,9.6991
"26-Jun-18",12.3,12.8,12.15,12.75,251868
"27-Jun-18",12.75,13.3,12.3,12.35,437926,14.423234,9.6938
"28-Jun-18",12.2,12.35,11.95,12.25,280493,14.313738,9.6634
"29-Jun-18",12.25,12.35,12,12.3,281864
"02-Jul-18",12.05,12.575,11.95,12.35,199757,14.17685,9.7659
"03-Jul-18",12.45,12.55,12.05,12.15,135312,14.877032,9.7678
"04-Jul-18",,,,,,14.666111,9.7583
"05-Jul-18",12.25,12.3,11.8,11.95,270015,15.039492,9.7876
"06-Jul-18",11.95,12.15,11.7868,11.95,156776,14.642072,9.7743
"09-Jul-18",11.95,12.0108,11.8,11.85,139369,14.447249,9.7684
"10-Jul-18",11.85,12.25,11.75,11.9,222763,14.297922,9.7695
"11-Jul-18",11.8,12,11.7,11.8,155008,14.624588,9.6701
"12-Jul-18",11.95,12.75,11.95,12.5,266059,14.239905,9.6547
"13-Jul-18",12.5,12.711,12,12.15,284790,14.108375,9.638
"16-Jul-18",12.2,13.2,12.2,12.45,386346
"17-Jul-18",12.45,12.65,12.05,12.1,369071,14.456557,9.5985
"18-Jul-18",12.05,12.25,11.8,11.85,795590
"19-Jul-18",12.4,12.8,11.75,11.8,1116572
"20-Jul-18",11.9,12.05,11.7,11.75,426661,15.818671,9.5234
"23-Jul-18",11.75,12.1,11.45,12,376546,15.736782,9.5023
"24-Jul-18",11.45,11.55,10.8,11.55,951971,15.546385,9.5598
"25-Jul-18",11.3,11.65,11.2,11.3,503908,15.777724,9.5511
"26-Jul-18",11,11,10.15,10.25,1052513,14.271794,9.6042
"27-Jul-18",9.9,10,9.6,9.85,5052768,10.898398,9.5832
"30-Jul-18",10,10.3,9.825,10.15,981863,10.626974,9.5642
"31-Jul-18",10.25,10.5,9.95,10.45,866643
"01-Aug-18",10.4,10.7,10.2,10.5,421589,9.33502,8.4027
"02-Aug-18",10.55,10.65,10.1,10.25,471453,6.671519,7.9607
"03-Aug-18",10.2,10.325,9.7,9.9,458152
"06-Aug-18",9.95,9.95,9.6,9.7,636129,6.423606,7.9946
"07-Aug-18",9.75,10,9.6,9.85,331543,6.427658,7.8048
"08-Aug-18",9.75,10.3,9.7,10.3,493894,6.138789,7.132
"09-Aug-18",10.25,10.6,10.25,10.4,446497,5.473584,7.2634
"10-Aug-18",10.3,10.9,10.0075,10.6,1561183,4.818066,7.1405
"13-Aug-18",10.65,10.8,10.05,10.35,311531,4.143817,7.0507
"14-Aug-18",10.35,10.7,10.2,10.7,330855,4.677311,7.043
"15-Aug-18",10.65,10.7,10.35,10.6,342880,4.4737,6.9115
"16-Aug-18",10.6,10.95,10.475,10.8,334867,4.148177,6.6754
"17-Aug-18",10.9,11.475,10.9,11.25,725689,4.785727,6.617
"20-Aug-18",11.25,11.25,11,11.1,253363,4.979484,6.6895
"21-Aug-18",11.1,11.2763,10.7224,11.15,405903,5.126208,6.612
"22-Aug-18",11.2,11.45,11.05,11.2,259156,5.380334,6.4287
"23-Aug-18",11.15,11.6985,11.1,11.5,346319,7.207934,6.1925
"24-Aug-18",11.45,11.75,11.4,11.6,324131,6.360267,6.0919
"27-Aug-18",11.55,11.7,11.3737,11.55,457636,5.647378,6.0268
"28-Aug-18",11.5,11.7,11.35,11.6,469702,5.924508,5.8869
"29-Aug-18",11.65,12.25,11.15,11.8,796927,6.74661,5.5657
"30-Aug-18",11.9,11.95,11.7,11.85,235505,6.325504,5.4281
"31-Aug-18",11.75,12.55,11.7,12.3,589934,6.388008,5.3599
"03-Sep-18",,,,,,6.377712,5.358
"04-Sep-18",12.25,12.3,11.85,12.1,749020,6.690922,5.3595
"05-Sep-18",12.15,12.4,11.651,12.1,245097,6.597878,5.2741
"06-Sep-18",12.15,12.2,11.85,12,236675,6.78619,5.1962
"07-Sep-18",11.95,12.25,11.95,12.1,237526,6.666116,5.0711
"10-Sep-18",12.1,12.55,12.0401,12.4,229123,6.780183,5.0478
"11-Sep-18",12.4,12.6,11.95,12.2,344072,6.571616,4.954
"12-Sep-18",12.15,12.75,12,12.4,374294
"13-Sep-18",12.4,12.75,12.3,12.55,229235,7.016072,4.8102
"14-Sep-18",12.5,12.95,12.35,12.9,422878,7.180363,4.7797
"17-Sep-18",12.8,12.9,12.35,12.5,384857,7.511658,4.7646
"18-Sep-18",12.8,12.9499,12.15,12.65,334089,6.295444,4.6382
"19-Sep-18",12.7,12.95,12.55,12.6,501430,6.401359,4.5819
"20-Sep-18",12.7,12.75,12.448,12.5,276155,6.377155,4.5117
"21-Sep-18",12.45,12.7,12.3,12.5,506838,6.68702,4.5185
"24-Sep-18",12.4,12.8,11.85,11.85,313854,6.966615,4.112
"25-Sep-18",11.9,12.2,11.55,12,509589,7.084914,4.011
"26-Sep-18",11.9,12.6,11.601,12.35,502631,6.926069,3.9786
"27-Sep-18",12.35,12.4,12.1,12.25,215076,8.000345,3.9764
"28-Sep-18",12.2,12.25,11.9,12.1,376481,7.30828,4.1473
"01-Oct-18",12.05,12.41,11.59,12.27,391117,7.298226,4.184
"02-Oct-18",12.25,12.25,11.36,11.52,413298,7.299442,4.1836
"03-Oct-18",11.54,11.92,11.07,11.38,472784,7.354225,4.2089
"04-Oct-18",11.37,11.52,10.96,11,486568,7.56299,4.0977
"05-Oct-18",10.95,11.24,10.82,11.07,274505,7.819173,4.048
"08-Oct-18",11.05,11.24,10.82,11.01,229466,7.745113,4.048
"09-Oct-18",11,11.35,10.58,10.82,345378,7.255143,3.9772
"10-Oct-18",10.81,11.12,10.45,10.79,220895,7.806595,3.7632
"11-Oct-18",10.73,11.35,10.73,11.31,476115,7.389148,3.5778
"12-Oct-18",11.4,11.7,11.07,11.39,351095,6.706335,3.6018
"15-Oct-18",11.38,11.54,11.1401,11.43,167060,6.902085,3.591
"16-Oct-18",12.51,13.4985,12.1,13.23,1853021,6.634471,3.5961
"17-Oct-18",13.02,13.4,12.99,13.23,475910,6.918808,3.5253
"18-Oct-18",13.27,13.44,12.8,13.1,230225,7.280546,3.5442
"19-Oct-18",13.11,13.25,12.18,12.32,520759,7.150043,3.5534
"22-Oct-18",12.42,12.76,12.36,12.59,519681,7.092837,3.5424
"23-Oct-18",12.45,13,12.31,12.67,479642,7.382296,3.7011
"24-Oct-18",10.8,11.37,9.5,9.525,3120436,6.620977,3.6057
"25-Oct-18",10.75,10.82,9.28,9.285,2895617,6.438977,3.5802
"26-Oct-18",9.02,9.75,8.9,9.7,1082374
"29-Oct-18",9.83,9.83,9.221,9.4,711399
"30-Oct-18",9.39,9.57,9.21,9.52,552004
"31-Oct-18",9.63,9.7273,9.22,9.43,388551
"01-Nov-18",9.45,9.67,9.12,9.23,610429
"02-Nov-18",9.22,9.6,9.07,9.47,435675
"05-Nov-18",9.44,9.53,9.27,9.51,258669,6.639169,3.2197
"06-Nov-18",9.47,9.62,9.35,9.59,176112,6.256546,3.1877
"07-Nov-18",9.6,9.84,9.56,9.66,350214,6.78003,3.1354
"08-Nov-18",9.62,9.7601,9.17,9.32,281289,6.779842,3.1311
"09-Nov-18",9.79,9.79,9.32,9.57,434089,6.078671,3.0143
"12-Nov-18",9.54,9.54,9.05,9.17,415505,6.277233,3.0143
"13-Nov-18",9.21,9.32,9.08,9.21,332089,6.305447,3.0039
"14-Nov-18",9.3,9.4617,9.13,9.28,446421,6.572679,2.9653
"15-Nov-18",9.27,9.36,9.02,9.3,410210,7.256887,2.8732
"16-Nov-18",9.19,9.405,9.08,9.19,337948,7.092825,2.872
"19-Nov-18",9.18,9.29,9.04,9.27,343205,7.121591,2.8596
"20-Nov-18",9.13,9.48,9.06,9.26,631531,6.898233,2.7516
"21-Nov-18",9.3,9.62,9.22,9.35,195831,6.90342,2.6199
"22-Nov-18",,,,,,6.935934,2.6191
"23-Nov-18",9.28,9.43,9.21,9.27,122378,6.862116,2.5953
"26-Nov-18",9.32,9.46,9.25,9.38,452356,6.706548,2.4622
"27-Nov-18",9.34,9.45,8.98,9.17,273029,6.496382,2.4259
"28-Nov-18",9.16,9.37,9.01,9.3,789428,6.136571,2.4111
"29-Nov-18",9.15,9.365,8,8.42,2209643,5.78448,2.3963
"30-Nov-18",8.33,8.43,7.83,7.91,936747,6.693077,2.4432
"03-Dec-18",8.31,8.76,8.01,8.15,2617114,7.667371,1.8465
"04-Dec-18",8.12,8.12,7.49,7.61,748631,5.032152,2.4475
"05-Dec-18",,,,,,3.816666,2.3661
"06-Dec-18",7.5,7.8,7.35,7.71,754257,4.101344,2.296
"07-Dec-18",7.66,7.86,7.42,7.44,465201,4.034215,2.2946
"10-Dec-18",7.4,7.47,7.12,7.43,499851,4.317003,2.2496
"11-Dec-18",7.52,7.8799,7.23,7.32,622265,4.078605,2.1205
"12-Dec-18",7.39,7.98,7.36,7.66,649294,4.287836,2.0927
"13-Dec-18",7.71,7.71,7.3,7.35,385640,4.166978,2.0543
"14-Dec-18",7.21,7.27,6.82,6.95,656304,3.938376,2.0241
"17-Dec-18",6.96,7.07,6.72,6.75,748320,3.87033,1.8826
"18-Dec-18",6.87,6.87,6.64,6.78,337589,3.84277,1.8862
"19-Dec-18",6.8,6.88,6.55,6.62,394877,3.876696,1.6212
"20-Dec-18",6.59,6.7,6.39,6.62,653118,3.639202,1.5567
"21-Dec-18",6.61,6.7,6.4,6.45,537023,3.577547,1.555
"24-Dec-18",6.45,6.71,6.34,6.51,273461,3.632739,1.5532
"25-Dec-18",,,,,,3.616823,1.5541
"26-Dec-18",6.55,6.82,6.25,6.64,611077,3.420506,1.524
"27-Dec-18",6.53,6.6,6.36,6.54,263831,3.383786,1.4267
"28-Dec-18",6.58,6.84,6.49,6.78,317972,3.362267,1.4406
"31-Dec-18",6.78,7.01,6.6809,6.99,530914,3.326492,1.4251
"01-Jan-19",,,,,,3.326492,1.4251
"02-Jan-19",6.9,7.1,6.79,7.06,849921,3.333735,1.4425
"03-Jan-19",6.96,7.08,6.76,6.78,315923,3.319582,1.4274
"04-Jan-19",6.89,7.23,6.86,7.07,420531,3.540445,1.4654
"07-Jan-19",7.06,7.41,7.03,7.38,482410,3.262168,1.4105
"08-Jan-19",7.44,7.52,7.27,7.43,227404,3.319419,1.4122
"09-Jan-19",7.45,7.53,7.25,7.3,260869,3.172594,1.3871
"10-Jan-19",7.25,7.36,7.17,7.21,156207,3.214351,1.3885
"11-Jan-19",7.12,7.22,6.98,7.11,216388,3.182686,1.3697
"14-Jan-19",7.05,7.09,6.88,6.92,169708,2.972693,1.2756
"15-Jan-19",6.93,7.27,6.93,7.22,472838,3.086999,1.2733
"16-Jan-19",7.19,7.3,7.08,7.26,424082,3.094926,1.2644
"17-Jan-19",7.22,7.42,7.14,7.4,468478,3.261944,1.2562
"18-Jan-19",7.42,7.56,7.33,7.56,431410,3.226826,1.2495
"21-Jan-19",,,,,,3.350073,1.2375
"22-Jan-19",7.56,7.57,7.37,7.45,409244,3.384563,1.2356
"23-Jan-19",7.46,7.5,6.93,7.22,550688,3.476254,1.223
"24-Jan-19",7.23,7.29,7,7.26,402420,3.377877,1.2329
"25-Jan-19",7.3,7.58,7.3,7.4,1065720,3.555051,1.224
"28-Jan-19",7.34,7.56,7.25,7.32,528783,3.975541,1.2321
"29-Jan-19",7.3,7.31,7.03,7.28,681084,4.058942,1.2588
"30-Jan-19",7.31,7.35,7.04,7.26,317368,4.066993,1.2539
"31-Jan-19",7.25,7.26,7.07,7.2,289776,4.148267,1.2664
"01-Feb-19",7.2,7.3,7.02,7.05,519238,4.148548,1.2805
"04-Feb-19",7.05,7.085,6.85,6.92,390993,4.110644,1.2734
"05-Feb-19",6.93,7.11,6.76,6.95,612419,4.143362,1.2631
"06-Feb-19",6.95,6.96,6.66,6.89,360563,4.184708,1.2556
"07-Feb-19",6.85,7.07,6.85,6.98,377970,4.337217,1.2604
"08-Feb-19",6.98,7.03,6.92,7.03,265334,4.371216,1.2738
"11-Feb-19",7.04,7.12,6.92,7.11,237091,4.222845,1.2559
"12-Feb-19",7.18,7.49,7.14,7.29,353764,4.234941,1.2674
"13-Feb-19",7.34,7.4875,7.29,7.44,278351,4.258269,1.2537
"14-Feb-19",7.42,7.59,7.33,7.56,251755,4.433424,1.2401
"15-Feb-19",7.57,7.6462,7.42,7.51,218342,4.485152,1.2244,3957573
"18-Feb-19",,,,,,4.445125,1.2244
"19-Feb-19",7.52,7.52,7.3,7.32,225700,4.564845,1.1991
"20-Feb-19",7.32,7.45,7.26,7.38,283770,4.730823,1.1759
"21-Feb-19",7.37,7.53,7.31,7.45,199827,5.337362,1.1115
"22-Feb-19",8.05,8.22,7.91,8.06,789519,5.019596,1.1229
"25-Feb-19",8.1,8.21,7.77,7.87,508088,4.956672,1.1056
"26-Feb-19",7.87,7.93,7.67,7.7,210093,4.750393,1.068
"27-Feb-19",7.71,7.89,7.54,7.86,261256,4.734792,1.0719
"28-Feb-19",7.83,8,7.62,7.84,275711,4.701922,1.0655,3826491,4147140.7467
"01-Mar-19",7.9,8.06,7.77,7.77,293456,5.935629,1.0435,,4789454.8446
"04-Mar-19",7.77,7.77,7.59,7.73,228698,6.074963,1.0311,,4485513.2382
"05-Mar-19",7.73,7.74,7.62,7.65,427450,6.187438,1.0259,,4511633.22
"06-Mar-19",7.68,7.68,7.4,7.49,184146,6.477947,1.0162,,4679830.0725
"07-Mar-19",7.48,7.52,7.3,7.45,251046,7.081322,0.9805,,5015036.5056
"08-Mar-19",7.38,7.41,7.105,7.21,285075,6.543018,1.0153,,4600678.6125
"11-Mar-19",7.23,7.29,6.94,7.16,678947,6.433343,1.0197,,4555958.0376
"12-Mar-19",7.16,7.265,7.045,7.24,414704,6.364772,1.0733,,4124574.6489
"13-Mar-19",7.28,7.56,7.2,7.51,684334,6.427512,1.0729,,4170875.19
"14-Mar-19",7.51,7.61,7.22,7.38,672891,6.343158,1.0631,,4163604.8571
"15-Mar-19",6.87,6.9546,6.1,6.36,2729216,5.986418,1.0562,3922670,4252762.0974
"18-Mar-19",6.4,6.84,6.4,6.72,1120901,5.845178,1.0599,,4209140.1
"19-Mar-19",6.75,6.88,6.43,6.66,1266096,6.343338,1.0177,,4721124.5958
"20-Mar-19",6.72,6.85,6.65,6.75,554374,6.224581,1.0417,,4658370.1434
"21-Mar-19",6.7,6.8,6.6401,6.76,323175,6.873862,0.8975,,5085406.539
"22-Mar-19",6.59,6.81,6.5,6.61,622045,6.896433,0.9021,,5117549.0634
"25-Mar-19",6.6,6.68,6.5,6.6,689329,7.03413,0.8917,,5295863.544
"26-Mar-19",6.61,6.73,6.5,6.62,404314,7.442356,0.8743,,5589738.0528
"27-Mar-19",6.63,6.68,6.58,6.6,258275,7.441046,0.8695,,5093194.728
"28-Mar-19",6.61,6.72,6.585,6.64,563932,6.956625,0.8763,,4810762.488
"29-Mar-19",6.65,6.9,6.65,6.8,644004,6.950431,0.8693,4511080,4860188.13
"01-Apr-19",6.82,6.93,6.72,6.77,331758,7.144237,0.876,,4962177.55
"02-Apr-19",6.77,6.8,6.19,6.28,973103,7.120861,0.8605,,5028470.673
"03-Apr-19",6.33,6.3617,5.85,5.88,1821458,6.813342,0.8511,,4965315.686
"04-Apr-19",5.87,6.295,5.87,6.24,610896,6.804545,0.8404,,5005719.187
"05-Apr-19",6.27,6.39,6.13,6.35,830317,6.683128,0.8343,,4979829.565
"08-Apr-19",6.33,6.431,6.3,6.35,251038,6.62932,0.8331,,4904122.034
"09-Apr-19",6.34,6.4,6.18,6.2,820290,6.588911,0.8366,,4965315.686
"10-Apr-19",6.2,6.38,6.12,6.37,375423,6.473666,0.8438,,4544010.884
"11-Apr-19",6.39,6.44,6.28,6.38,227718,5.785614,0.8553,,4069896.376
"12-Apr-19",6.43,6.63,6.38,6.56,360760,5.693107,0.8526,,4022530.036
"15-Apr-19",6.59,6.64,6.43,6.6,315694,5.631954,0.8599,4365228,3997267.988
"16-Apr-19",6.61,6.699,6.42,6.65,408001,5.673469,0.8409,,4018470.064
"17-Apr-19",6.67,6.78,6.56,6.76,341679,5.732521,0.8399,,4050047.624
"18-Apr-19",6.76,6.88,6.76,6.85,254053,5.703483,0.8408,,4003132.392
"19-Apr-19",,,,,,5.686495,0.8393,,4001779.068
"22-Apr-19",6.81,6.86,6.71,6.8,272631,5.742372,0.8759,,4010801.228
"23-Apr-19",6.8,6.99,6.72,6.91,442162,5.728967,0.853,,4005839.04
"24-Apr-19",6.92,7.16,6.92,7.13,406757,5.799079,0.8536,,4408443.7572
"25-Apr-19",7.15,7.3,7.07,7.18,459745,5.855097,0.8503,,4459080.402
"26-Apr-19",7.16,7.28,7.08,7.24,440587,5.975221,0.849,,4462136.0616
"29-Apr-19",7.26,7.49,7.2,7.3,364456,6.030517,0.8562,,4480470.0192
"30-Apr-19",7.29,7.33,7.0093,7.15,418756,5.652227,0.7633,4448898,4164427.512
"01-May-19",7.17,7.3,7.06,7.18,298894,5.663803,0.7754,,4198476.2904
"02-May-19",7.17,7.43,7.05,7.22,519677,5.74967,0.7653,,4262208.6192
"03-May-19",7.26,7.49,7.24,7.38,461993,5.701725,0.7509,,4221611.9988
"06-May-19",7.26,7.65,7.26,7.61,389107,5.719547,0.7822,,4218992.862
"07-May-19",7.51,7.65,7.3901,7.44,287466,5.528524,0.7369,,4068392.496
"08-May-19",7.4,7.59,7.3,7.48,372957,5.470947,0.7378,,4025176.7388
"09-May-19",7.4,7.76,7.33,7.66,625100,5.658854,0.8014,,4500060.327
"10-May-19",8.2,9.04,8.1,8.54,1121959,5.540748,0.7964,,4492942.0902
"13-May-19",8.42,8.5,8.04,8.36,742842,5.566517,0.8007,,4608168.5484
"14-May-19",8.45,8.45,8.08,8.17,748890,5.074772,0.7992,,4262044.284
"15-May-19",8.17,8.39,8.06,8.34,473991,4.895745,0.8112,4701516,4139699.589
"16-May-19",8.36,8.36,8.07,8.1,474628,4.762265,0.8304,,4057839.8658
"17-May-19",8.04,8.175,8.02,8.06,396127,4.758232,0.8198,,4037819.8248
"20-May-19",8.01,8.16,7.87,8.09,271965,4.647927,0.8095,,3949731.6444
"21-May-19",8.1,8.18,8.05,8.14,236321,4.633214,0.8202,,3931491.1626
"22-May-19",8.1,8.26,8.01,8.03,457860,4.63834,0.8004,,3966192.567
"23-May-19",7.93,7.95,7.74,7.83,370329,4.600137,0.8013,,3884777.7336
"24-May-19",7.87,7.9511,7.78,7.8,248980,4.614131,0.7905,,4388395.0344
"27-May-19",,,,,,4.558975,0.7899,,4380872.6088
"28-May-19",7.81,7.87,7.52,7.56,325416,4.978531,0.7788,,4793195.562
"29-May-19",7.5,7.71,7.33,7.37,374135,5.474743,0.7529,,5245951.5528
"30-May-19",7.38,7.44,7.12,7.23,596036,5.513733,0.7592,,5293436.8644
"31-May-19",7.18,7.25,7.05,7.23,308446,5.204281,0.7627,4419550,4963860.5928
"03-Jun-19",7.2,7.4,7.185,7.35,268359,5.145215,0.7667,,4940823.1644
"04-Jun-19",7.44,7.67,7.4,7.66,367389,5.087295,0.7582,,4861837.6956
"05-Jun-19",7.65,7.72,7.29,7.31,302185,5.014836,0.7409,,4802598.594
"06-Jun-19",7.3,7.44,7.1,7.36,345378,4.836908,0.6756,,4621120.0764
"07-Jun-19",7.38,7.46,7.16,7.16,256280,4.813156,0.6722,,4608425.9832
"10-Jun-19",7.17,7.25,6.87,6.96,360780,4.906336,0.6726,,4746650.5536
"11-Jun-19",7.02,7.1531,6.85,6.91,315458,4.905402,0.6676,,4198572.5
"12-Jun-19",6.91,7.07,6.8,7.03,416830,4.995064,0.6581,,4242768
"13-Jun-19",7.04,7.42,7.04,7.3,588210,5.000053,0.6669,,4268401.39
"14-Jun-19",7.28,7.32,7.1,7.11,309768,5.056323,0.6672,4456535,4269727.255
"17-Jun-19",7.12,7.19,6.99,7.02,260305,5.957255,0.6596,,4640085.545
"18-Jun-19",7.05,7.15,6.965,7.11,354819,6.210539,0.67,,4817309.5
"19-Jun-19",7.09,7.4,7.05,7.35,372090,6.324368,0.6759,,4788582.425
"20-Jun-19",7.41,7.57,7.32,7.44,396671
"21-Jun-19",7.41,7.41,7.03,7.05,294059
"24-Jun-19",7.05,7.39,6.865,6.92,542124,7.103306,0.6872,,5189435.61
"25-Jun-19",6.93,6.975,6.565,6.76,664894,7.141517,0.6859,,5484211.971
"26-Jun-19",6.79,7.2,6.75,7.16,698918,7.410339,0.7014,,5692332.1555
"27-Jun-19",7.16,7.51,7.08,7.47,619035,7.39606,0.7043,,5722190.94
"28-Jun-19",7.46,8.04,7.44,7.88,2915423,7.092125,0.7191,4951375,5972648.207
"01-Jul-19",8,8.12,7.78,8.04,578370,6.981841,0.7324,,5856778.297
"02-Jul-19",8.04,8.04,7.66,7.77,447687,10.434838,0.963,,8784721.792
"03-Jul-19",7.78,8.015,7.78,7.97,162300,10.965375,1.0028,,8999081.1255
"04-Jul-19",,,,,,11.506292,1.0012,,9035624.7125
"05-Jul-19",7.84,8.15,7.84,8.07,236846,10.067546,1.0139,,7805621.0525
"08-Jul-19",8.04,8.56,7.94,8.52,633125,10.1271,1.0013,,7798936.25
"09-Jul-19",8.54,8.705,8.32,8.39,382162,9.987738,0.9912,,7726294.7295
"10-Jul-19",8.41,8.45,8.08,8.13,284437,10.248765,0.9831,,6451641.625
"11-Jul-19",8.15,8.22,8.1,8.12,220792,10.131174,0.962,,6342711.375
"12-Jul-19",8.11,8.22,8.07,8.14,241644,9.891311,0.926,,6195655.5375
"15-Jul-19",8.15,8.15,7.9,8.05,343123,9.9712,0.9233,5541491,6241703.325
"16-Jul-19",8,8.03,7.71,7.83,258994,9.967365,0.9349,,6226849.2
"17-Jul-19",7.86,7.86,7.58,7.76,375632,10.071594,0.939,,6284780.2875
"18-Jul-19",7.8,7.8,7.55,7.76,249457,10.259343,0.9413,,6381332.1
"19-Jul-19",7.75,7.83,7.6699,7.7,222519,10.398069,0.9332,,6460554.1
"22-Jul-19",7.72,7.79,7.59,7.7,280119,10.51512,0.9446,,6494718.5875
"23-Jul-19",7.71,7.75,7.5,7.66,283170,10.560445,0.9562,,6525417.1125
"24-Jul-19",7.66,7.82,7.36,7.43,389787,10.704357,0.9516,,5861235.0307
"25-Jul-19",7.43,7.505,7.25,7.31,224591,10.870867,0.9432,,5914433.3443
"26-Jul-19",7.33,7.445,7.1793,7.43,365845,10.940263,0.926,,5932166.1155
"29-Jul-19",7.41,7.69,7.41,7.66,360283,10.794693,0.9177,,5836852.4703
"30-Jul-19",7.62,7.86,7.6,7.73,280638
"31-Jul-19",7.73,7.74,7.36,7.41,262685,10.771181,0.8566,5641396,5770908.7274
"01-Aug-19",7.41,7.47,7.24,7.4,292023,10.51794,0.8195,,5609651.3393
"02-Aug-19",7.39,7.57,7.27,7.55,425086,9.44158,0.783,,5058272.9848
"05-Aug-19",7.48,7.4973,7.17,7.39,573052,9.507805,0.7758,,5098725.8691
"06-Aug-19",7.53,7.72,7.33,7.67,636872,9.487727,0.7748,,5124216.7277
"07-Aug-19",7.8,8.15,6.83,6.92,1448862,9.160878,0.7783,,5131974.8151
"08-Aug-19",6.92,6.99,6.32,6.52,994712,8.813209,0.7676,,5054948.0902
"09-Aug-19",6.46,6.83,6.36,6.55,640467,8.929808,0.7534,,5051305.9784
"12-Aug-19",6.51,6.69,6.43,6.66,573164,9.090011,0.7688,,5021406.5796
"13-Aug-19",6.66,6.88,6.56,6.77,627251,9.028348,0.7706,,5015765.1836
"14-Aug-19",6.74,6.74,6.37,6.38,872413,9.000289,0.7698,,5021970.7192
"15-Aug-19",6.45,6.455,6.04,6.05,773004,9.002978,0.7632,5312194,5027047.9756
"16-Aug-19",6.11,6.11,5.79,6.03,585302,9.216734,0.7533,,5165826.3172
"19-Aug-19",6.11,6.14,5.83,5.91,635849,9.165716,0.744,,5176544.9696
"20-Aug-19",5.9,5.9,5.5,5.75,453873,8.885284,0.7249,,5015765.1836
"21-Aug-19",5.81,5.885,5.69,5.7,222863,9.322921,0.7271,,5254396.2344
"22-Aug-19",5.72,5.79,5.65,5.66,389643,9.221038,0.7242,,5223368.5564
"23-Aug-19",5.61,5.63,5.44,5.47,501109,9.202075,0.7022,,5219983.7188
"26-Aug-19",5.51,5.55,5.38,5.39,338910,8.998869,0.6889,,5427999.8292
"27-Aug-19",5.46,5.47,5.13,5.29,539790,8.956025,0.6979,,5413656.9054
"28-Aug-19",5.3,5.485,5.22,5.42,374162,8.755986,0.7069,,5276071.0808
"29-Aug-19",5.47,5.83,5.47,5.72,399589,8.778147,0.7121,,5301569.612
"30-Aug-19",5.75,5.8005,5.64,5.77,211923,8.79905,0.6876,5741857,5286695.4688
"02-Sep-19",,,,,,8.787598,0.6876,,5286695.4688
"03-Sep-19",5.72,5.855,5.7,5.78,334382,8.891874,0.7181,,5325474.485
"04-Sep-19",5.8,5.99,5.79,5.81,384647,8.990966,0.7311,,5405157.395
"05-Sep-19",5.82,5.95,5.32,5.8,909753,8.914,0.723,,5454029.5798
"06-Sep-19",5.84,6.174,5.81,5.88,410762,9.03,0.7268,,5543805.6584
"09-Sep-19",5.89,6.11,5.8518,6.06,205273,8.963374,0.7337,,5518307.1272
"10-Sep-19",6.02,6.27,6,6.2,303556,9.110857,0.7448,,5577272.4806
"11-Sep-19",6.19,6.47,6.09,6.43,326636,9.18453,0.7446,,6099574.6911
"12-Sep-19",6.4,6.42,6.06,6.15,257202,8.722951,0.7075,,5782049.999
"13-Sep-19",6.22,6.42,6.17,6.23,244898,8.758084,0.7259,6046291,5773437.2135
"16-Sep-19",6.22,6.46,6.22,6.33,281371,8.742173,0.7328,,5736115.143
"17-Sep-19",6.29,6.4,6.08,6.11,188929,8.794515,0.7486,,5717167.0149
"18-Sep-19",6.09,6.2,5.94,5.99,314023,8.714711,0.776,,5675251.4588
"19-Sep-19",6,6,5.81,5.92,264507,8.986776,0.7148,,5835449.2691
"20-Sep-19",5.89,5.96,5.8,5.92,695511,9.012936,0.6572,,5914112.71
"23-Sep-19",5.89,5.97,5.85,5.93,184840,9.291804,0.7008,,6090961.9056
"24-Sep-19",5.96,5.99,5.65,5.7,468521,9.239758,0.7479,,6341954.6299
"25-Sep-19",5.73,5.9332,5.61,5.81,331959,9.297976,0.7577,,6338326.8553
"26-Sep-19",5.91,6.63,5.56,5.64,396588,9.23164,0.7478,,6237958.4247
"27-Sep-19",5.62,5.76,5.45,5.49,380084,9.231074,0.7083,,6172053.8528
"30-Sep-19",5.51,5.73,5.41,5.66,296167,10.090328,0.7033,5948599,6112800.201
"01-Oct-19",5.66,5.78,5.52,5.63,312003,10.110944,0.8308,,6101312.2481
"02-Oct-19",5.58,5.62,5.26,5.4,270952,9.960731,0.7322,,5942294.7948
"03-Oct-19",5.4,5.43,5.17,5.27,284218,9.972151,0.7291,,5912667.9689
"04-Oct-19",5.25,5.355,5.13,5.28,308296,9.867177,0.7068,,5883041.143
"07-Oct-19",5.24,5.36,5.195,5.29,186088,9.832436,0.7002,,5850995.8007
"08-Oct-19",5.2,5.335,5.12,5.25,293672,10.005949,0.7007,,5928388.3255
"09-Oct-19",5.25,5.35,4.71,4.74,629654,10.010584,0.6974,,5771330.7498
"10-Oct-19",4.79,4.86,4.45,4.81,781150,9.867888,0.6971,,5773115.3295
"11-Oct-19",4.89,5.23,4.86,4.96,535073,9.762698,0.7139,,5763597.5711
"14-Oct-19",4.95,5,4.7,4.89,343337,9.633395,0.7106,,5749915.7934
"15-Oct-19",4.85,5,4.7,4.83,324578,9.565017,0.7088,5670094,5688645.2237
"16-Oct-19",4.8,5.05,4.8,5.05,234836,9.64681,0.8332,,5715413.9192
"17-Oct-19",5.07,5.28,5.01,5.19,346198,9.444258,0.7486,,5613098.0164
"18-Oct-19",5.14,5.15,4.99,5.03,261082,9.507672,0.7284,,5627374.654
"21-Oct-19",5.1,5.14,4.9,5.02,276608,9.424407,0.7167,,5623805.4946
"22-Oct-19",4.98,5.015,4.87,4.94,224545,9.66631,0.7152,,5727311.1172
"23-Oct-19",4.93,4.975,4.85,4.9,194093,9.973698,0.7362,,5890897.5897
"24-Oct-19",4.9,4.96,4.73,4.76,277055,9.812701,0.7174,,5775557.7484
"25-Oct-19",4.78,4.93,4.7,4.93,675224,9.774342,0.7201,,5812413.3594
"28-Oct-19",4.92,5.35,4.9,5.31,392593,9.689106,0.714,,5809011.303
"29-Oct-19",5.27,5.4,5.13,5.32,246654,9.778407,0.7038,,5824887.5662
"30-Oct-19",5.3,5.35,5.1,5.13,234994,9.951765,0.7515,,5901433.8352
"31-Oct-19",5.11,5.39,5.11,5.33,263426,10.044164,0.7507,5816705,5952464.6812
"01-Nov-19",5.34,5.5,5.26,5.43,274576,9.979229,0.7322,,5916743.089
"04-Nov-19",5.47,5.6,5.44,5.48,362260,10.200578,0.7724,,6063031.5142
"05-Nov-19",5.46,5.61,5.4,5.51,287982,10.413025,0.7726,,6158856.1028
"06-Nov-19",5.5,5.5,5.32,5.33,240094,10.851494,0.7914,,6341433.1296
"07-Nov-19",5.37,5.62,5.2784,5.57,483812,9.487254,0.7549,,5513599.4056
"08-Nov-19",6.34,6.34,5.12,5.66,902280,9.60157,0.7496,,5468238.6536
"11-Nov-19",5.6,5.97,5.58,5.95,462423,9.881851,0.7492,,5463702.5784
"12-Nov-19",5.95,6.25,5.92,6.22,500192,9.925427,0.75,,5384523.8185
"13-Nov-19",6.22,6.37,6.06,6.28,398518,10.098224,0.7356,,5441527.5275
"14-Nov-19",6.21,6.28,5.69,5.88,444833
"15-Nov-19",5.95,5.95,5.73,5.83,256907,11.929803,0.7646,6428740,6230854.396
"18-Nov-19",5.84,5.91,5.48,5.5,385040,12.285967,0.7669,,6262846.2735
"19-Nov-19",5.49,5.81,5.45,5.69,268771,12.333834,0.7663,,6261101.262
"20-Nov-19",5.63,5.79,5.58,5.77,239220,12.478262,0.7662,,6231436.0665
"21-Nov-19",5.75,5.84,5.69,5.75,240565,13.059,0.77,,6463522.596
"22-Nov-19",5.79,5.82,5.65,5.81,215825,13.402071,0.7719,,6631625.3705
"25-Nov-19",5.9,6.16,5.87,6.02,427632,13.503755,0.7631,,6652565.5085
"26-Nov-19",6.01,6.465,5.99,6.07,743535,12.414051,0.7509,,6412668.15
"27-Nov-19",6.08,6.32,6.08,6.25,231486,12.284241,0.7309,,6316879.924
"28-Nov-19",,,,,,12.338035,0.732,,6296950.83
"29-Nov-19",6.23,6.49,6.19,6.3,178111,12.503422,0.7319,6447557,6328451.656
"02-Dec-19",6.35,6.38,6.1,6.2,239056,12.987141,0.7473,,6568886.532
"03-Dec-19",6.13,6.2,6.025,6.09,319232,13.278189,0.7524,,6705175.82
"04-Dec-19",6.16,6.23,6.05,6.05,305200,13.047664,0.7481,,6580458.264
"05-Dec-19",6.08,6.17,6.02,6.07,319939,11.953537,0.7245,,6011514.774
"06-Dec-19",6.1,6.12,5.66,5.8,454570,13.07864,0.744,,6448026.22
"09-Dec-19",5.82,5.87,5.76,5.78,246522,12.932162,0.7546,,6329094.53
"10-Dec-19",5.78,5.84,5.61,5.71,304904,13.196274,0.7473,,6609390.6807
"11-Dec-19",5.75,5.805,5.63,5.72,310211,12.8756,0.7471,,6450780.7785
"12-Dec-19",5.73,5.83,5.6,5.63,322611,13.013808,0.741,,6519124.8827
"13-Dec-19",5.65,5.69,5.56,5.63,271029,13.264467,0.7494,6067378,6648720.7784
"16-Dec-19",5.63,5.69,5.51,5.54,248013,11.792269,0.7417,,5911120.2576
"17-Dec-19",5.55,5.61,5.38,5.58,581100,10.888221,0.7428,,5530714.3946
"18-Dec-19",5.59,5.81,5.58,5.73,253934,10.804982,0.7377,,5503634.6552
"19-Dec-19",5.72,5.77,5.56,5.6,198921,10.924199,0.7409,,5536517.1959
"20-Dec-19",5.6,5.66,5.46,5.55,300080,11.046317,0.7345,,5607440.3229
"23-Dec-19",5.55,5.55,5.36,5.43,241540,10.988543,0.7303,,5467528.336
"24-Dec-19",5.4,5.56,5.4,5.54,109622
"25-Dec-19",,,,,,10.454596,0.7291,,4704038.1634
"26-Dec-19",5.54,5.63,5.4,5.57,118288,11.284256,0.7379,,5028036.1486
"27-Dec-19",5.57,5.65,5.48,5.55,390725
"30-Dec-19",5.38,5.54,5.35,5.44,580896,11.248114,0.7378,,5057159.563
"31-Dec-19",5.44,5.61,5.44,5.54,287297,11.264765,0.7371,5792382,5052305.6606
"01-Jan-20",,,,,,11.224248,0.7369,,5044418.0692
"02-Jan-20",5.55,5.6,5.385,5.4,182250,11.903161,0.7297,,5317450.0792
"03-Jan-20",5.33,5.53,5.3,5.5,191225,11.97734,0.7128,,5330798.3108
"06-Jan-20",5.45,6.05,5.45,5.96,660131,11.945413,0.709,,5418168.554
"07-Jan-20",5.95,6.01,5.67,5.73,553077,11.494356,0.7135,,5262843.6772
"08-Jan-20",5.77,6,5.7,5.76,358019,11.267943,0.7166,,5199136.2082
"09-Jan-20",5.75,6.225,5.7011,6.15,804229,10.993714,0.7134,,5188214.9278
"10-Jan-20",6.16,6.19,5.98,6.04,231447,11.255198,0.7133,,5984109.8442
"13-Jan-20",6.1,6.25,6.03,6.23,348952,12.361967,0.7018,,6390155.8224
"14-Jan-20",6.21,6.57,6.2,6.46,352476,11.650386,0.7125,,6025235.7564
"15-Jan-20",6.44,6.98,6.44,6.87,615321,11.501381,0.7049,6204984,6021760.3272
"16-Jan-20",6.95,7.06,6.85,6.93,634903,11.170027,0.702,,5930240.6916
"17-Jan-20",6.98,7.03,6.9,6.97,493753,10.944068,0.6894,,5876950.7772
"20-Jan-20",,,,,,10.892624,0.6894,,5876950.7772
"21-Jan-20",7.01,7.065,6.89,7.03,296999,11.348925,0.6628,,6106908.3426
"22-Jan-20",7.04,7.3217,6.935,7.09,349318,10.896321,0.6643,,5882163.921
"23-Jan-20",7.07,7.1,6.94,7.05,409058,10.832638,0.665,,5895486.3996
"24-Jan-20",7.2,7.3197,6.95,6.995,476419,10.783309,0.6611,,5941825.4556
"27-Jan-20",6.9,7.11,6.8819,6.97,367182,11.476545,0.6679,,6452562.8616
"28-Jan-20",7,7.33,7,7.28,465869,11.818045,0.653,,6675321.7872
"29-Jan-20",7.34,7.38,7.11,7.18,308851,12.014136,0.6529,,6760950.5664
"30-Jan-20",7.09,7.33,7.04,7.25,271639,12.951046,0.6474,,7296440.6856
"31-Jan-20",7.25,7.27,7.01,7.14,304276,12.498625,0.6718,6511408,7063133.2872
"03-Feb-20",7.14,7.33,7.07,7.18,304225,12.193055,0.6727,,6929726.1312
"04-Feb-20",7.31,7.8,7.24,7.48,581985,13.240164,0.6651,,7595520.9144
"05-Feb-20",7.54,8,7.51,7.91,508484,11.943025,0.6747,,6894978.2208
"06-Feb-20",7.94,8.01,7.7366,7.95,538367,12.370868,0.6698,,7218257.8872
"07-Feb-20",7.95,8.0669,7.75,7.88,361361,12.479688,0.6701,,7318778.628
"10-Feb-20",7.85,7.92,7.6,7.7,206147,12.959863,0.6649,,7339875.5736
"11-Feb-20",7.74,7.99,7.6,7.77,367226,13.109663,0.6645,,6845443.2304
"12-Feb-20",7.83,8.34,7.83,8.2,438064,13.108891,0.6608,,6838280.6816
"13-Feb-20",8.13,8.31,8.01,8.22,160440,13.039507,0.6534,,6700889.9728
"14-Feb-20",8.38,9,8.33,8.73,931072,12.910938,0.6573,6865693,6791398.544
"17-Feb-20",,,,,,12.89259,0.6573,,6791398.544
"18-Feb-20",8.74,8.85,8.25,8.52,475009,12.721687,0.6524,,6732795.872
"19-Feb-20",8.53,8.65,8.33,8.52,318994,12.533172,0.6521,,6614288.2464
"20-Feb-20",8.51,8.9651,8.51,8.66,332382,11.984199,0.6369,,6342111.392
"21-Feb-20",8.65,8.73,8.46,8.68,440094,11.933549,0.6349,,6370761.5872
"24-Feb-20",8.42,8.56,8.32,8.39,321510,11.690973,0.6319,,6306298.648
"25-Feb-20",8.39,8.51,8.05,8.21,401207,11.960609,0.6241,,6458665.5952
"26-Feb-20",8.21,8.33,7.36,7.92,788008,12.348123,0.6284,,6845095.921
"27-Feb-20",8.25,9.06,7.94,8.2,1044879,12.776005,0.6263,,7172589.4771
"28-Feb-20",8.05,8.2,7.815,8.12,693800,12.54881,0.6185,6636929,7180141.7394
"02-Mar-20",8.2,8.24,7.66,7.88,906600,11.504274,0.6096,,6778498.6989
"03-Mar-20",7.96,8.16,7.51,7.74,500693,11.667309,0.6147,,6946021.6081
"04-Mar-20",7.84,7.95,7.545,7.75,353356,11.805032,0.6203,,7037335.325
"05-Mar-20",7.65,7.65,7.15,7.24,368498,11.86266,0.6219,,7089514.5918
"06-Mar-20",7.09,7.23,6.67,6.86,438645,11.798257,0.6171,,7084022.0374
"09-Mar-20",6.32,6.73,5.75,6.1,476030,12.054482,0.6182,,7243306.115
"10-Mar-20",6.34,6.4,5.83,6.13,591508,11.721439,0.6135,,6597771.1189
"11-Mar-20",5.95,6,5.24,5.39,423893,11.527483,0.6162,,6518127.9709
"12-Mar-20",5,5.11,4.52,4.84,446801,11.67878,0.628,,6638256.3858
"13-Mar-20",5.05,5.69,4.8,5.66,713525,11.886229,0.6309,6633861,6856611.3499
"16-Mar-20",4.67,5.32,4.48,5.23,634151,11.698718,0.6282,,6840019.0274
"17-Mar-20",5.32,5.53,4.15,4.81,910520,11.640777,0.6133,,6972757.6074
"18-Mar-20",4.62,4.77,4,4.01,621658,11.475687,0.6834,,6884486.4517
"19-Mar-20",4,4.07,3.73,3.82,485541,11.28415,0.66,,6826081.4765
"20-Mar-20",3.91,4.3,3.6,3.84,899016,10.944599,0.6297,,6786259.9025
"23-Mar-20",3.97,4.01,3.37,3.94,484339,10.850043,0.6429,,6770331.2729
"24-Mar-20",4.16,4.94,4.1535,4.9,564856,9.55021,0.6052,,5830500.4329
"25-Mar-20",4.93,5.7,4.93,5.38,578561,8.595615,0.6013,,5331634.0857
"26-Mar-20",5.47,5.99,5.38,5.55,582604,8.539533,0.5962,,5315712.8193
"27-Mar-20",5.4,5.43,4.94,5.16,479677,8.444408,0.5879,,5319029.7498
"30-Mar-20",5.17,5.17,4.61,4.68,299475,8.602104,0.5884,,5401953.0123
"31-Mar-20",4.68,4.785,4.39,4.71,372566,9.103757,0.5934,5959861,5678585.016
"01-Apr-20",4.6,4.6,3.6006,3.66,711228,9.059955,0.5877,,5729665.7457
"02-Apr-20",3.77,3.77,3.4,3.42,472732,9.695211,0.5944,,6129024.1779
"03-Apr-20",3.41,3.46,3.14,3.41,469153,9.085696,0.5979,,5796004.3557
"06-Apr-20",3.61,4.11,3.57,3.92,550645,9.106342,0.5985,,5875610.6877
"07-Apr-20",4.27,4.53,3.93,4.12,532674,9.277094,0.5917,,5961850.8807
"08-Apr-20",4.2,4.53,4.01,4.51,368028,9.175267,0.5889,,5862342.9657
"09-Apr-20",4.72,5.76,4.72,5.73,704745,8.852023,0.5915,,6001580.027
"10-Apr-20",,,,,,8.939188,0.5915,,6001580.027
"13-Apr-20",5.75,5.7764,4.7901,5.13,415680,8.750105,0.592,,5909202.1815
"14-Apr-20",5.27,5.59,5.01,5.22,374610,8.810471,0.5869,,5955093.1112
"15-Apr-20",4.98,5.065,4.66,5.01,237947,8.821689,0.585,5861146,5940789.4448
"16-Apr-20",5.11,5.14,4.62,5.09,363708,8.924513,0.5866,,5961648.9583
"17-Apr-20",5.4,5.57,5.15,5.22,446443,8.698343,0.5862,,5775105.309
"20-Apr-20",5.06,5.235,5.03,5.1,217779,8.608667,0.5882,,5664251.8944
"21-Apr-20",5,5.3,5,5.14,330741,8.463066,0.5875,,5540882.7717
"22-Apr-20",5.5,5.5,5.04,5.43,273039,7.727152,0.5792,,5055154.1002
"23-Apr-20",5.68,5.68,5.21,5.27,200901,8.647923,0.5804,,5630280.6867
"24-Apr-20",5.33,5.48,5.1,5.15,173806,8.818097,0.5814,,5620252.8994
"27-Apr-20",5.28,5.58,5.25,5.44,232354,8.950154,0.5811,,5658936.463
"28-Apr-20",5.65,6.01,5.63,5.79,415883,8.84519,0.5803,,5601497.2322
"29-Apr-20",5.98,6.58,5.98,6.35,612440,8.728513,0.5766,,5554608.0642
"30-Apr-20",6.12,6.53,5.94,6.25,416798,7.38762,0.5876,5794143,4718222.53
"01-May-20",6.03,6.03,5.26,5.35,428826,7.469993,0.5853,,4823137.0434
"04-May-20",5.36,5.39,5.18,5.27,161580,7.365761,0.5848,,4732875.395
"05-May-20",5.38,5.38,4.63,4.72,656724,7.351001,0.5992,,4735219.8534
"06-May-20",4.74,4.8899,4.53,4.62,428691,7.259502,0.5806,,4664299.9868
"07-May-20",4.51,4.84,4.215,4.53,1363432,7.078724,0.5774,,4672505.5912
"08-May-20",4.67,4.97,4.54,4.88,583232,7.082569,0.5779,,4708258.5818
"11-May-20",4.8,4.9736,4.56,4.94,680487,6.77074,0.5818,,5612206.9098
"12-May-20",4.93,5.19,4.8,5.01,400942,6.860297,0.5829,,5692166.0832
"13-May-20",4.94,5.0025,4.47,4.68,403425,6.829556,0.5824,,5660298.2967
"14-May-20",4.69,4.84,4.4001,4.62,338599,6.931799,0.5856,,5777339.9853
"15-May-20",4.62,4.82,4.36,4.43,629089,6.845783,0.5876,5744861,5651607.0822
"18-May-20",4.7,4.94,4.69,4.8,438098,6.859381,0.5854,,5652186.4965
"19-May-20",4.8,5.02,4.65,4.79,297744,6.971463,0.5867,,5712445.5837
"20-May-20",4.94,5.05,4.85,4.99,373671,6.993638,0.5819,,5740257.4701
"21-May-20",5.02,5.26,5.0104,5.13,354335,6.914054,0.5816,,5678839.5543
"22-May-20",5.15,5.17,4.97,5.07,168624,6.624187,0.5789,,5394926.5473
"25-May-20",,,,,,6.552446,0.579,,5365955.8323
"26-May-20",5.33,5.3466,5.12,5.22,507826,6.561211,0.5734,,5391450.0615
"27-May-20",5.42,5.55,5.21,5.5,436216,6.578944,0.5717,,5433489.5338
"28-May-20",5.61,6.1,5.47,5.65,369330,6.55177,0.5787,,5293314.9254
"29-May-20",5.58,5.98,5.54,5.86,478313,6.425124,0.5764,5306342,5153714.8031
"01-Jun-20",5.89,6.07,5.86,5.99,456205,6.442176,0.5756,,5164055.5529
"02-Jun-20",6.04,6.18,5.855,6.05,858945,6.250774,0.5814,,5071563.2908
"03-Jun-20",6.19,6.4614,6.08,6.22,695056,6.100563,0.582,,4916452.0438
"04-Jun-20",6.23,6.47,6.18,6.35,359641,5.206016,0.5807,,4176513.947
"05-Jun-20",6.58,7.41,6.58,6.85,572219,4.254431,0.5776,,3437150.3363
"08-Jun-20",7.02,7.07,6.57,6.655,388936,3.834863,0.5743,,3104522.8844
"09-Jun-20",6.5,6.5,5.97,6.07,342270,3.687236,0.5748,,3059636.7972
"10-Jun-20",6.19,6.19,5.86,5.9,585436,3.595634,0.5792,,2994368.7906
"11-Jun-20",5.5,5.61,5.2,5.37,499820,3.476824,0.5756,,2886650.048
"12-Jun-20",5.68,5.8199,5.45,5.645,202721,2.749327,0.5585,,2266338.6682
"15-Jun-20",5.4,5.67,5.299,5.52,306592,2.365225,0.5688,3768530,1926202.146
"16-Jun-20",6.06,6.06,5.29,5.34,511257,2.625688,0.5707,,2140578.3628
"17-Jun-20",5.32,5.32,5.145,5.18,258024,2.532625,0.5717,,2039757.8648
"18-Jun-20",5.41,5.87,5.16,5.84,546483,2.556231,0.5665,,2033920.8886
"19-Jun-20",5.98,6.28,5.75,5.775,469145,2.408577,0.5737,,1906568.6806
"22-Jun-20",5.75,5.82,5.69,5.71,253916,3.366692,0.577,,2604352.6536
"23-Jun-20",5.82,6.3,5.79,6.19,333429,3.336791,0.5681,,2570922.699
"24-Jun-20",6.08,6.1796,5.67,5.76,293620,3.525014,0.5561,,5279333.677
"25-Jun-20",5.7,5.89,5.54,5.81,248103,3.39754,0.5621,,5032494.962
"26-Jun-20",5.77,5.8,5.58,5.64,884634,3.651018,0.572,,5465875.912
"29-Jun-20",5.74,6.19,5.635,6.02,339306,3.972285,0.5757,,5888328.125
"30-Jun-20",5.98,6.07,5.88,6.05,241773,4.119977,0.5627,3797579,6065072.182
"01-Jul-20",6.02,6.255,5.97,6.1,166427,4.586475,0.5402,,6735116.816
"02-Jul-20",6.24,6.37,5.9,6,245282,3.261259,0.5396,,4708778.235
"03-Jul-20",,,,,,3.266729,0.5396,,4708778.235
"06-Jul-20",6.14,6.27,6.05,6.16,178717,3.404355,0.5564,,4854243.493
"07-Jul-20",6.09,6.25,5.99,6.035,190052,3.401434,0.5492,,4784148.835
"08-Jul-20",6.01,6.02,5.76,5.83,146206,3.257367,0.5592,,4514322.087
"09-Jul-20",5.81,5.85,5.61,5.61,222109,3.493734,0.5414,,4814297.075
"10-Jul-20",5.58,5.7,5.44,5.6,185404,3.303428,0.5557,,2792739.5966
"13-Jul-20",5.68,5.85,5.53,5.57,231799,3.388204,0.5534,,2845525.9447
"14-Jul-20",5.6,5.76,5.45,5.59,180767,3.189782,0.5541,,2654127.9631
"15-Jul-20",5.78,6.1272,5.73,6.04,316319,2.966604,0.5383,3854276,2462729.9815
"16-Jul-20",5.98,5.99,5.785,5.97,146729,2.939071,0.5354,,2431210.0758
"17-Jul-20",5.93,6.045,5.82,5.91,136736,3.016254,0.5422,,2472223.929
"20-Jul-20",5.88,6,5.79,6,99294,2.976651,0.5275,,2405766.2965
"21-Jul-20",6.08,6.31,6.08,6.25,315152,3.101382,0.5158,,2516655.6033
"22-Jul-20",6.2,6.61,6.2,6.42,200362,3.079163,0.5181,,2485135.6976
"23-Jul-20",6.45,6.57,6.36,6.45,186775,2.994916,0.5065,,2408804.3597
"24-Jul-20",6.44,6.68,6.35,6.62,208982,2.784509,0.4992,,3505849.4496
"27-Jul-20",6.62,6.87,6.537,6.57,135208,2.749648,0.4977,,3456514.7168
"28-Jul-20",6.56,6.59,6.43,6.5,125347,2.662318,0.4983,,3332021.602
"29-Jul-20",6.54,7.24,6.52,7.2,420466,2.450729,0.5073,,3067618.2684
"30-Jul-20",7.1,7.22,6.92,7.22,235522,2.502902,0.509,,3084191.6552
"31-Jul-20",7.16,7.16,6.82,6.95,207620,3.11911,0.5199,3653119,3817660.378
"03-Aug-20",6.94,6.94,6.64,6.8,179949,3.156102,0.5183,,3814576.9572
"04-Aug-20",6.78,7.04,6.7,6.9,133074,3.194282,0.5218,,3823056.3644
"05-Aug-20",6.99,7.1,6.86,6.99,144380,3.371805,0.524,,4032343.5512
"06-Aug-20",7.03,7.53,6.92,7.45,303600,3.32719,0.5219,,3919413.2644
"07-Aug-20",7.2,7.89,7.11,7.43,451225,3.135955,0.5198,,3697406.9668
"10-Aug-20",7.49,7.96,7.257,7.87,322868,3.210534,0.523,,3575226.4176
"11-Aug-20",7.9,8.32,7.9,8.03,379149,2.974359,0.5177,,3175656.3467
"12-Aug-20",8.13,8.33,8.05,8.24,240832,3.004978,0.5173,,3143874.2114
"13-Aug-20",8.24,8.675,8.22,8.395,380663,3.039924,0.5092,,3177482.9062
"14-Aug-20",8.45,8.53,8.2,8.49,175626,3.23786,0.5117,3566148,3348448.8754
"17-Aug-20",8.37,8.74,7.62,8.65,389405,3.240116,0.5117,,3310456.4378
"18-Aug-20",8.57,8.945,8.57,8.91,356712,3.28561,0.5118,,3362330.7276
"19-Aug-20",8.9,9.31,8.66,8.71,519070,3.174385,0.4807,,3261139.3313
"20-Aug-20",8.65,8.74,8.46,8.65,387251,3.240118,0.4799,,3342969.1969
"21-Aug-20",8.65,8.73,8.44,8.65,257818,3.665556,0.487,,3761251.3224
"24-Aug-20",8.7,8.7216,8.43,8.51,261541,4.111848,0.4734,,4231773.0496
"25-Aug-20",8.52,8.61,8.38,8.45,294175,3.892037,0.4701,,4259407.1712
"26-Aug-20",8.45,8.46,8.21,8.24,299981,3.678855,0.4748,,4021545.0996
"27-Aug-20",8.2,8.34,8.1,8.24,487404,3.708256,0.4827,,4050074.2836
"28-Aug-20",8.34,8.47,8.28,8.36,424832,3.660195,0.4726,,3995155.6044
"31-Aug-20",8.36,8.4896,7.51,7.61,479772,7.491958,0.5335,3543695,8160773.0832
"01-Sep-20",7.75,7.75,7.48,7.5,450178,7.968404,0.5122,,8731356.7632
"02-Sep-20",7.56,8.22,7.31,7.9,782849,7.880676,0.5071,,8766661.6284
"03-Sep-20",7.86,8.19,7.74,7.77,231440,8.376679,0.5137,,9050170.3944
"04-Sep-20",7.93,8,7.56,7.725,198343,8.635092,0.5166,,9110081.6808
"07-Sep-20",,,,,,8.651326,0.5178,,8987762.8044
"08-Sep-20",7.7,7.855,7.58,7.58,169200,8.793457,0.5147,,9071923.8972
"09-Sep-20",7.66,7.69,7.43,7.52,175962,8.997317,0.5118,,9182831.1
"10-Sep-20",7.58,7.85,7.58,7.615,240633,4.355707,0.4517,,1920328.3205
"11-Sep-20",7.64,7.66,7.15,7.25,215378,4.465365,0.4611,,1931668.1445
"14-Sep-20",7.32,7.44,7.17,7.41,179179,4.592478,0.4593,,1962498.291
"15-Sep-20",7.49,7.72,7.34,7.57,170641,4.78898,0.4633,3407838,2033372.191
"16-Sep-20",7.59,7.69,7.4644,7.51,260201,4.837095,0.4663,,2048964.449
"17-Sep-20",7.35,7.41,7.14,7.35,449108,4.840994,0.4636,,2043648.9065
"18-Sep-20",7.43,7.64,7.369,7.52,559251,4.74292,0.4765,,2034435.2995
"21-Sep-20",7.36,7.589,6.89,7.03,313090,4.895888,0.4686,,2054279.9915
"22-Sep-20",7.06,7.52,7.06,7.5,240668,1.665952,0.5146,,697399.176
"23-Sep-20",7.58,7.76,7.4,7.41,241910,1.635872,0.5155,,684287.5045
"24-Sep-20",7.42,7.43,7.18,7.19,207222,1.577286,0.5081,,1098005.4036
"25-Sep-20",7.17,7.19,6.88,6.96,252877,1.624235,0.5108,,1128335.1618
"28-Sep-20",7.12,7.215,6.94,7.19,151243,1.707003,0.4895,,1140262.5948
"29-Sep-20",7.1,7.16,6.94,7,166834,2.367676,0.5431,,1572035.6694
"30-Sep-20",7.05,7.3,6.81,6.87,151931,2.06669,0.532,2676458,1357682.6592
"01-Oct-20",6.9,7.06,6.66,7.05,427794,2.334323,0.5216,,1549543.9386
"02-Oct-20",6.8,7.44,6.76,7.39,285149,2.248545,0.5214,,1502856.558
"05-Oct-20",7.46,7.54,7.255,7.48,218514,2.28541,0.5463,,1525007.505
"06-Oct-20",7.61,7.75,7.4,7.45,295138,1.912664,0.4968,,1277939.25
"07-Oct-20",7.6,7.83,7.28,7.71,317519,2.159545,0.5117,,1454124.4746
"08-Oct-20",7.8,7.84,7.58,7.77,170312,2.15482,0.496,,1449353.5014
"09-Oct-20",7.88,8.32,7.8,8.31,286193,2.350012,0.636,,3140555.8172
"12-Oct-20",8.37,8.458,7.92,7.97,233282,2.539389,0.6303,,3413019.2416
"13-Oct-20",7.91,7.97,7.64,7.96,114620,2.840366,0.655,,3783441.0288
"14-Oct-20",7.98,8.19,7.79,7.84,87513,3.958706,0.6401,,5231404.8068
"15-Oct-20",7.73,8.16,7.6001,8.07,178443,3.187282,0.6631,2567160,4211406.663
"16-Oct-20",8,8.2,7.97,8.05,148544,3.834881,0.6527,,5019964.6248
"19-Oct-20",8.07,8.34,8.02,8.12,167740,3.767138,0.6628,,4974732.4846
"20-Oct-20",8.17,8.52,8.17,8.45,181426,2.78802,0.5326,,3663000.4188
"21-Oct-20",8.42,8.63,8.34,8.53,162654,2.78655,0.5238,,3673973.8966
"22-Oct-20",8.54,8.74,8.44,8.49,221477,2.957001,0.5274,,3878455.2878
"23-Oct-20",8.51,8.59,8.35,8.46,127284,2.932119,0.5307,,3830011.398
"26-Oct-20",8.3,8.5,8.01,8.14,133980,3.027889,0.5371,,2412103.536
"27-Oct-20",8.12,8.14,7.86,7.91,125482,2.609102,0.5269,,2061686.196
"28-Oct-20",7.61,7.71,7.15,7.25,318860,2.550999,0.5269,,2036528.028
"29-Oct-20",7.5,7.5,6.62,6.77,417221,2.429169,0.5308,,1971065.448
"30-Oct-20",6.78,6.85,6.32,6.46,285922,2.997382,0.5488,2242579,2414157.264
"02-Nov-20",6.48,6.53,6.25,6.3,357848,2.844156,0.5476,,2314808.172
"03-Nov-20",6.39,6.66,6.39,6.64,179776,2.554847,0.5433,,2068360.812
"04-Nov-20",6.53,6.7399,6.48,6.64,107883,3.114556,0.5531,,2511709.344
"05-Nov-20",6.63,6.93,6.63,6.79,161780,2.609618,0.5472,,2107638.36
"06-Nov-20",6.78,6.78,6.51,6.64,174271,2.645434,0.5478,,2140241.292
"09-Nov-20",7.21,7.59,7.16,7.2,339750,2.725376,0.5497,,2187477.036
"10-Nov-20",7.24,7.36,6.83,6.92,217368,2.741896,0.549,,2038055.7952
"11-Nov-20",6.95,7.17,6.76,6.98,202019,2.759781,0.5491,,2037607.2794
"12-Nov-20",6.93,7.05,6.73,7.01,199640,2.743775,0.5483,,2005314.1418
"13-Nov-20",7.12,7.14,6.89,7.02,170623,2.62966,0.5479,2296604,1914265.4344
"16-Nov-20",7.19,7.68,7.06,7.46,198531,2.714389,0.5475,,1965396.2356
"17-Nov-20",7.4,7.67,7.22,7.49,167849,2.694544,0.5454,,1940279.3508
"18-Nov-20",7.52,7.74,7.43,7.48,137614,2.707591,0.545,,1921441.6872
"19-Nov-20",7.6,7.7,7.47,7.61,144596,2.702318,0.5423,,1893857.9655
"20-Nov-20",7.54,7.65,7.43,7.64,173728,2.718187,0.5416,,1866049.9859
"23-Nov-20",7.65,7.68,7.49,7.57,163881,2.978146,0.514,,2015405.7473
"24-Nov-20",7.7,8.17,7.63,8.06,275064,2.878071,0.5385,,2340928.4572
"25-Nov-20",8.02,8.02,7.71,7.88,105456,2.795196,0.5298,,2251590.5616
"26-Nov-20",,,,,,2.720755,0.5383,,2184989.0456
"27-Nov-20",7.87,8.06,7.87,8.02,58832,2.897902,0.5448,,2291781.1316
"30-Nov-20",7.97,8.07,7.6101,7.95,161900,3.023737,0.547,2257602,2312220.9072
"01-Dec-20",7.67,7.79,7.47,7.71,334983,3.134075,0.5482,,2373310.5736
"02-Dec-20",7.72,7.815,7.58,7.74,115039,3.208297,0.5454,,2374229.2152
"03-Dec-20",7.75,8.07,7.67,7.91,99850,3.250975,0.5581,,2291781.1316
"04-Dec-20",7.97,8.18,7.94,8.03,246484,3.261388,0.5328,,2301656.5288
"07-Dec-20",7.99,8.08,7.735,7.87,146468,3.843338,0.5436,,2702184.2664
"08-Dec-20",7.81,8.07,7.67,8.04,251425,3.806428,0.5497,,2683581.774
"09-Dec-20",8.1,8.725,8.095,8.37,362082,3.137657,0.5364,,2189648.1798
"10-Dec-20",8.35,8.35,7.95,8.14,324387,3.216792,0.5358,,2268438.4896
"11-Dec-20",8.12,8.46,8.12,8.31,206710,3.224451,0.5358,,2268438.4896
"14-Dec-20",8.38,8.45,8.17,8.21,138837,3.114592,0.5417,,2179263.2106
"15-Dec-20",8.26,8.32,8.1,8.18,181676,3.092041,0.5402,2234549,2163911.517
"16-Dec-20",8.21,8.42,8.05,8.29,266666,3.150923,0.5434,,2220125.8068
"17-Dec-20",8.37,8.72,8.315,8.5,190905,3.210228,0.5441,,2250829.194
"18-Dec-20",8.56,8.61,8.15,8.18,352561,3.130179,0.5431,,2179940.4912
"21-Dec-20",8.01,8.13,7.685,7.82,197777,3.293834,0.5427,,2235025.98
"22-Dec-20",7.8,8.2,7.8,7.96,358741,4.129083,0.5577,,2811166.0104
"23-Dec-20",7.94,8.2,7.8,7.81,129007,4.107238,0.5571,,2773689.8172
"24-Dec-20",8.05,8.13,7.8,7.91,126345,3.180845,0.5238,,2199466.5807
"25-Dec-20",,,,,,3.18051,0.5238,,2199466.5807
"28-Dec-20",8.08,8.08,7.82,7.95,144230,3.303205,0.5375,,2265609.2311
"29-Dec-20",7.95,7.9734,7.74,7.85,143565,3.342825,0.5419,,2291529.9995
"30-Dec-20",7.76,8.165,7.675,7.99,125279,3.354278,0.5394,,2292200.3642
"31-Dec-20",7.96,8.06,7.7,7.9,133638,3.750494,0.5411,1859099,2548950.0443
"01-Jan-21",,,,,,4.03399,0.5449,,2752740.9131
"04-Jan-21",7.92,7.92,7.42,7.73,194717,4.034471,0.544,,2686821.7176
"05-Jan-21",7.75,8.22,7.75,8.19,195701,3.905963,0.5445,,2600121.2164
"06-Jan-21",8.37,8.9,8.26,8.69,484018,4.537296,0.5452,,3082783.8004
"07-Jan-21",8.8,8.98,8.73,8.88,228689,3.919406,0.5395,,2649504.7493
"08-Jan-21",8.99,8.99,8.6163,8.75,193186,4.086397,0.539,,2736205.2505
"11-Jan-21",8.64,8.73,8.24,8.38,278787,7.03135,0.562,,4716909.4841
"12-Jan-21",8.45,8.94,8.2101,8.78,295959,3.96704,0.5396,,1955028.5084
"13-Jan-21",8.79,8.92,8.44,8.75,354051,3.595014,0.5376,,1788081.4182
"14-Jan-21",8.91,9.17,8.81,9.09,315984,3.584097,0.5369,,1809832.8765
"15-Jan-21",8.97,9.13,8.59,8.82,217893,3.50546,0.5393,1663025,1787337.7786
"18-Jan-21",,,,,,3.48019,0.5393,,1787337.7786
"19-Jan-21",8.89,8.98,8.56,8.9,180089,3.244011,0.5417,,1662034.506
"20-Jan-21",8.96,9.11,8.72,8.85,121273,3.136483,0.5437,,1601427.8786
"21-Jan-21",8.89,9.04,8.73,8.93,206665,3.108303,0.5474,,1590087.3747
"22-Jan-21",9,9.01,8.62,8.77,189134,3.037141,0.5588,,1556623.5927
"25-Jan-21",8.74,9.27,8.62,8.85,253324,2.686967,0.564,,1389490.5926
"26-Jan-21",8.98,9.1,8.62,8.77,363867,2.663476,0.5631,,1392651.0609
"27-Jan-21",8.53,8.87,8.3,8.35,245666,2.455112,0.5545,,1204030.1
"28-Jan-21",8.36,8.63,8.25,8.44,262370,2.147681,0.5793,,1063837.0925
"29-Jan-21",8.43,8.7,8.22,8.47,336939,2.597176,0.5578,1371724,1288179.165
"01-Feb-21",8.52,8.64,7.9,8.12,245480,2.313131,0.5903,,1127364.6475
"02-Feb-21",8.2,8.59,8.04,8.43,284765,2.119884,0.594,,1038392.81
"03-Feb-21",8.38,8.53,8.21,8.43,206727,2.090203,0.6106,,1012449.62
"04-Feb-21",8.45,8.875,8.43,8.61,277273,2.108865,0.5987,,1028913.5675
"05-Feb-21",8.75,8.95,8.64,8.905,272294,2.030014,0.6101,,1002305.1675
"08-Feb-21",8.9,9.1,8.79,9.06,200439,1.35769,0.5856,,674522.94
"09-Feb-21",9.06,9.43,9.035,9.36,279749,1.434001,0.5823,,761855.5096
"10-Feb-21",9.46,9.79,9.38,9.61,409648,1.459158,0.5837,,779139.232
"11-Feb-21",9.66,9.8647,9.5,9.78,314436,1.422866,0.574,,765010.4748
"12-Feb-21",9.76,9.9,9.55,9.83,212668,1.424021,0.5824,1320193,766107.854
"15-Feb-21",,,,,,1.415849,0.5824,,766107.854
"16-Feb-21",9.9,10,9.56,9.75,280816,1.344219,0.5863,,730305.8576
"17-Feb-21",9.75,9.75,9.26,9.29,322123,1.71918,0.6014,,942100.0432
"18-Feb-21",9.24,9.76,9.16,9.52,417957,1.973634,0.5976,,1100671.3376
"19-Feb-21",9.55,9.96,9.45,9.69,181751,1.988593,0.6208,,1112330.9916
"22-Feb-21",9.66,10,9.505,9.73,304643,2.134997,0.6185,,1212741.1884
"23-Feb-21",9.71,9.77,9.25,9.44,342692,2.186345,0.6046,,1250737.9432
"24-Feb-21",9.5,9.76,9.4,9.57,245875,2.174305,0.6046,,2155215.0725
"25-Feb-21",9.64,9.875,9.25,9.45,284537,2.203287,0.6178,,2185447.4922
"26-Feb-21",9.1,9.75,8.56,9.44,437289,2.258659,0.5981,1414933,2290138.7971
"01-Mar-21",9.58,10.29,9.46,10.25,493786,2.600788,0.5919,,2728310.8538
"02-Mar-21",10.25,11.27,10.15,11.14,638118,2.230421,0.6062,,2385588.751
"03-Mar-21",11.19,11.75,10.6,10.64,575052,2.372408,0.6021,,2611209.7347
"04-Mar-21",10.87,11.15,9.85,10.33,460976,2.381045,0.6209,,2678935.6356
"05-Mar-21",10.41,11.03,10.1,10.94,397221,2.880809,0.6236,,3270514.1189
"08-Mar-21",10.89,11.25,10.89,11.03,173840,3.214647,0.6125,,3655482.3977
"09-Mar-21",11.16,11.19,10.79,10.8,146597,3.23408,0.6109,,2257950.0814
"10-Mar-21",10.87,11.04,10.65,10.97,154831,3.297259,0.6066,,2273514.3444
"11-Mar-21",12.6,12.7,12.1,12.2,587112,3.228641,0.5982,,2261628.9072
"12-Mar-21",12.2,12.43,11.94,11.96,288645,3.292396,0.5886,,2317518.7607
"15-Mar-21",11.96,12.15,11.65,12.13,190230,4.340394,0.5678,1628190,3064603.3847
"16-Mar-21",12.04,12.13,11.51,11.68,214643,3.625538,0.5599,,2564849.0491
"17-Mar-21",11.61,11.92,11.4801,11.74,221572,3.414485,0.5537,,2409064.9258
"18-Mar-21",11.67,12.01,11.26,11.29,143182,3.326698,0.5533,,2340582.1686
"19-Mar-21",11.27,11.57,11.12,11.29,450119,3.221083,0.5519,,2279315.5697
"22-Mar-21",11.28,11.42,10.74,10.77,181350,3.248366,0.5524,,2296436.259
"23-Mar-21",10.54,10.73,10.49,10.55,169882,3.326607,0.555,,2325442.3855
"24-Mar-21",10.65,10.96,10.31,10.33,179259,3.371901,0.555,,1256148.585
"25-Mar-21",10.11,10.68,10.08,10.63,192983,3.280714,0.5523,,1227003.984
"26-Mar-21",10.71,10.83,10.42,10.64,130254,3.303429,0.5468,,1224887.337
"29-Mar-21",10.62,10.83,10.1,10.12,151887,3.255948,0.5519,,1207954.161
"30-Mar-21",10.15,10.26,10.01,10.25,128469,3.244223,0.5483,,1202418.315
"31-Mar-21",10.25,10.57,10.19,10.35,447081,3.180978,0.5481,1497939,1201441.401
"01-Apr-21",10.44,10.77,10.405,10.62,144822,3.099719,0.5356,,1171482.705
"02-Apr-21",,,,,,3.085026,0.5314,,1165946.859
"05-Apr-21",10.75,10.76,10.4,10.61,157460,2.999749,0.5452,,1131266.412
"06-Apr-21",10.63,10.8,10.53,10.55,115753,3.151336,0.5385,,1182880.035
"07-Apr-21",10.53,10.72,10.38,10.47,162169,3.314068,0.5403,,1220654.043
"08-Apr-21",10.51,10.58,10.33,10.48,108564,3.368947,0.5362,,1232051.373
"09-Apr-21",10.49,10.65,10.2901,10.6,132300,3.322891,0.5413,,1509622.9242
"12-Apr-21",10.56,10.57,10.21,10.34,157778,3.483452,0.5415,,1571188.2171
"13-Apr-21",10.3,10.49,10.12,10.2,84284,3.597194,0.5298,,1601746.1727
"14-Apr-21",10.21,10.39,10.07,10.1,83023,3.63509,0.5354,,1591709.9814
"15-Apr-21",10.2,10.2,9.81,9.97,635574,3.490144,0.5399,1470996,1558605.5295
"16-Apr-21",10.07,10.09,9.77,9.78,191401,3.335209,0.5313,,1487004.0453
"19-Apr-21",9.75,9.96,9.61,9.9,171127,4.024607,0.542,,1784344.9368
"20-Apr-21",9.82,9.87,9.39,9.6,160594,3.960367,0.5356,,1753786.9812
"21-Apr-21",9.58,9.87,9.54,9.8,148365,3.957082,0.5239,,1755284.9202
"22-Apr-21",10.05,10.27,9.95,10.2,339193,3.820879,0.5213,,1708399.4295
"23-Apr-21",10.29,10.6,10.21,10.51,198900,3.756156,0.517,,1680537.7641
"26-Apr-21",10.63,10.79,10.2,10.31,215880,3.559923,0.5343,,1499680.422
"27-Apr-21",10.39,10.44,10.14,10.38,202180,2.645586,0.5243,,1103688.2988
"28-Apr-21",10.44,10.61,10.39,10.57,145016,2.844725,0.5194,,1179591.6924
"29-Apr-21",10.7,11.19,10.63,11.18,270145,2.770403,0.5141,,1149289.1748
"30-Apr-21",11.35,12.4799,11.25,12.085,750686,2.675629,0.513,1319941,1137962.5056
"03-May-21",12.58,12.965,12.22,12.27,344369,2.638353,0.5038,,1127665.5336
"04-May-21",12.12,12.46,11.96,11.98,252986,2.801099,0.5182,,1200479.8356
"05-May-21",12.01,12.17,11.66,11.97,242097,3.213924,0.5014,,1374498.6624
"06-May-21",11.94,12.03,11.56,11.88,844072,3.036904,0.4961,,1343460.6468
"07-May-21",11.81,12.28,11.644,12.12,131728,2.810563,0.5224,,1232988.8472
"10-May-21",12.04,12.21,11.42,11.44,146108,2.948236,0.5217,,1288886.6952
"11-May-21",11.25,11.4827,11.05,11.24,208193,3.023783,0.5238,,1515160.2739
"12-May-21",11.11,11.14,10.49,10.69,181009,3.089256,0.5231,,1535619.3594
"13-May-21",10.82,11.09,10.57,10.83,105978,3.03131,0.5277,,1497209.0763
"14-May-21",10.98,11.44,10.7,11.39,173628,3.012875,0.5274,2119948,1479785.8551
"17-May-21",11.4,11.81,11.25,11.8,151484,3.010164,0.525,,1467114.4215
"18-May-21",11.78,12.1,11.57,11.79,180038,3.034601,0.5287,,1466322.4569
"19-May-21",11.52,12.05,11.4,12.02,184804,3.09673,0.5281,,1475166.0616
"20-May-21",11.96,12.24,11.71,12.19,149531,3.334235,0.5168,,1585117.1469
"21-May-21",12.33,12.35,11.97,12.24,207705,3.523678,0.5087,,1670253.3414
"24-May-21",12.4,12.79,12.1,12.51,267892,3.556616,0.5079,,1673025.2175
"25-May-21",12.47,12.77,12.34,12.36,204512,3.562656,0.5083,,2394481.266
"26-May-21",12.33,12.91,12.25,12.81,155134,3.635415,0.5109,,2423524.5536
"27-May-21",12.83,12.95,12.57,12.83,124630,3.665166,0.5105,,2395329.2452
"28-May-21",12.93,12.97,12.44,12.88,157483,3.624892,0.5108,2277670,2355474.2228
"31-May-21",,,,,,3.646896,0.5113,,2369889.8692
"01-Jun-21",13,13.29,12.88,13.2,256275,3.625669,0.5117,,2357594.1708
"02-Jun-21",13.28,13.28,12.52,12.69,163249,3.859949,0.5153,,2458079.706
"03-Jun-21",12.53,12.71,12.1638,12.18,219883,4.258305,0.5049,,2639123.2652
"04-Jun-21",12.25,12.65,12.05,12.44,238845,4.295547,0.507,,2603508.1388
"07-Jun-21",12.44,12.81,12.43,12.78,139703,4.296706,0.501,,2517014.2604
"08-Jun-21",12.79,13.27,12.79,13.19,122566,4.236728,0.5037,,2464863.5396
"09-Jun-21",13.14,13.2,12.8,12.87,116458,4.203993,0.5025,,2355566.314
"10-Jun-21",12.9,12.9431,12.4,12.46,162197,4.268773,0.4948,,2394514.471
"11-Jun-21",12.61,12.63,12.25,12.58,154892,4.274688,0.4953,,2397703.209
"14-Jun-21",12.64,12.64,12.07,12.22,131012,4.383827,0.4936,,2366726.897
"15-Jun-21",12.2,12.255,12.05,12.21,94508,4.263514,0.4928,2227265,2282225.34
"16-Jun-21",12.16,12.54,12.075,12.45,190566,4.289662,0.4932,,2296346.894
"17-Jun-21",12.41,12.5,11.91,12.01,152687,4.33333,0.4899,,2309101.846
"18-Jun-21",11.76,12.07,11.71,11.96,651368,4.219455,0.4938,,2319806.895
"21-Jun-21",12.02,12.07,11.83,11.86,173401,4.234714,0.4951,,2293385.923
"22-Jun-21",11.8,12.17,11.58,12.16,302410,4.3356,0.4887,,2363765.926
"23-Jun-21",12.16,13.04,12.09,13,427708,4.275465,0.4875,,2372421.072
"24-Jun-21",13.09,13.55,13.01,13.27,316041,4.11657,0.4798,,2252210.368
"25-Jun-21",13.29,13.29,12.6,12.74,1807832,3.810682,0.4842,,2323482.848
"28-Jun-21",12.63,12.65,11.93,12.09,197338,3.923525,0.4889,,2410346.183
"29-Jun-21",12.3,12.47,12.0351,12.44,269195,5.736802,0.5309,,3529546.8455
"30-Jun-21",12.32,12.55,12.2,12.48,229621,5.512853,0.5235,2103510,3408160.903
"01-Jul-21",12.56,12.86,12.31,12.77,162003,5.672835,0.5123,,3470301.5965
"02-Jul-21",12.81,12.81,12.5402,12.65,105987,5.647952,0.5338,,3446469.861
"06-Jul-21",12.485,12.66,12.26,12.46,120968,5.716575,0.5185,,3480324.289
"07-Jul-21",12.41,12.48,12.06,12.16,129228,5.640684,0.5155,,3437115.348
"08-Jul-21",11.86,12.23,11.73,11.91,133835,5.619316,0.5161,,3417738.1425
"09-Jul-21",12.08,12.395,11.92,12.35,128597,5.878386,0.5199,,3579883.0345
"12-Jul-21",12.32,12.52,12.19,12.43,78015,6.010903,0.5211,,2251386.753
"13-Jul-21",12.33,12.45,12.2,12.26,64691,6.347852,0.5233,,2363503.836
"14-Jul-21",12.31,12.4,11.97,12.02,173991,6.485403,0.5171,,2428712.646
"15-Jul-21",11.89,11.94,11.565,11.9,166414,6.564164,0.5193,1985463,2471413.899
"16-Jul-21",12.08,12.08,11.7,11.75,115302,6.684337,0.522,,2432709.315
"19-Jul-21",11.44,11.635,11.15,11.27,167952,6.606049,0.5198,,2400525.612
"20-Jul-21",11.28,12.005,11.28,11.84,156796,6.442877,0.5186,,2339103.12
"21-Jul-21",12,12.43,11.77,12.3,214087,6.654584,0.5211,,2424505.626
"22-Jul-21",12.23,12.35,11.869,12.15,130550,6.633072,0.5184,,2413777.725
"23-Jul-21",12.25,12.37,11.91,12.15,109187,7.136594,0.5208,,2557447.458
"26-Jul-21",12.21,12.64,12.21,12.43,124641,7.233815,0.5222,,2072227.7331
"27-Jul-21",12.35,12.42,11.77,11.87,187463,7.279038,0.523,,2081162.3166
"28-Jul-21",11.9,11.9,11.53,11.7,400484,7.161001,0.5219,,2075007.3813
"29-Jul-21",11.85,12.25,11.69,12.04,104783,7.023886,0.5239,,2029738.8249
"30-Jul-21",11.94,12.12,11.76,11.94,131749,6.843516,0.516,1649689,1959254.8884
"02-Aug-21",12.02,12.3,11.94,12.08,141429,7.161466,0.5052,,1965806.9163
"03-Aug-21",12.2,12.2,11.74,12.13,173242,6.750371,0.5119,,1846679.1363
"04-Aug-21",11.88,13.14,11.66,12.64,544002,6.635495,0.5117,,1840524.201
"05-Aug-21",12.66,12.845,12.2018,12.61,181004,6.493401,0.5105,,1792277.4501
"06-Aug-21",12.74,12.74,12.24,12.39,173351,6.956079,0.5191,,1910809.5912
"09-Aug-21",12.34,12.44,11.9901,12.17,151545,7.384333,0.5188,,1942378.4529
"10-Aug-21",12.16,12.705,12.09,12.56,98902,7.547885,0.5168,,1657937.445
"11-Aug-21",12.56,12.74,12.26,12.58,110384,7.436968,0.5112,,1629232.8564
"12-Aug-21",12.5,12.525,12.07,12.39,113608,7.577085,0.5103,,1648534.2177
"13-Aug-21",12.32,12.32,11.97,12.07,138925,7.441374,0.5088,1682781,1613890.7487
"16-Aug-21",11.96,12.025,11.84,11.94,138981,7.197565,0.5091,,1569019.2079
"17-Aug-21",11.82,11.89,11.575,11.7,186409,7.438053,0.5122,,1618674.8468
"18-Aug-21",11.61,12.08,11.51,11.75,128294,7.425559,0.5124,,1613230.8731
"19-Aug-21",11.58,11.87,11.47,11.84,149867,7.062921,0.5074,,1531076.3609
"20-Aug-21",11.79,12.36,11.78,12.34,160210,6.824621,0.5024,,1476636.6239
"23-Aug-21",12.34,12.55,12.2,12.33,163275,6.858837,0.5096,,1485544.9445
"24-Aug-21",12.35,12.565,12.24,12.38,97970,7.102714,0.5124,,1590901.1574
"25-Aug-21",12.38,12.68,12.38,12.51,97190,5.880244,0.5055,,1300284.8787
"26-Aug-21",12.42,12.525,12.01,12.15,117882,5.80374,0.509,,1275043.1637
"27-Aug-21",12.11,12.73,12.11,12.73,154060,5.674845,0.5129,,1246604.1648
"30-Aug-21",12.75,12.75,12.31,12.32,100216,5.492957,0.5116,,1208573.3142
"31-Aug-21",12.35,12.8,12.13,12.59,112976,5.605993,0.5189,1419313,1225064.568
"01-Sep-21",12.64,12.84,12.56,12.81,95627,4.802183,0.5067,,1040968.3266
"02-Sep-21",12.82,12.95,12.4,12.45,89939,4.967598,0.5192,,1063181.0358
"03-Sep-21",12.47,12.47,12.27,12.32,46238,5.040281,0.5215,,1069070.7693
"06-Sep-21",,,,,,4.851599,0.5119,,1023467.4042
"07-Sep-21",12.34,12.41,12.16,12.26,80594,4.685171,0.5127,,979378.542
"08-Sep-21",12.19,12.4,12.1,12.2,94088,5.179416,0.5216,,1078830.8991
"09-Sep-21",12.18,12.71,12.11,12.17,179461,5.236891,0.5311,,1095826.9872
"10-Sep-21",12.35,12.57,12.12,12.19,157196,5.440655,0.5345,,1323225.5099
"13-Sep-21",12.33,12.33,12,12.15,67596,5.034158,0.5236,,1218764.0731
"14-Sep-21",12.25,12.25,11.65,11.77,359578,4.748408,0.5253,,1164972.1104
"15-Sep-21",11.84,12.1651,11.365,12.13,170501,4.692249,0.5283,1264182,1154894.9881
"16-Sep-21",12.11,12.52,12.04,12.43,126580,4.539556,0.5297,,1120121.8196
"17-Sep-21",12.48,12.59,12.19,12.39,221884,4.246684,0.5274,,1050433.5513
"20-Sep-21",12.07,12.2,11.96,12.15,99887,4.452623,0.5324,,1056820.4598
"21-Sep-21",12.24,12.315,11.75,11.98,156996,3.737529,0.5283,,884799.7242
"22-Sep-21",12.06,12.35,12.06,12.32,109939,3.064911,0.5641,,721862.5918
"23-Sep-21",12.42,12.81,12.28,12.69,168241,3.287607,0.5617,,765719.3635
"24-Sep-21",12.57,13,12.57,12.88,189831,3.180692,0.5649,,794917.6416
"27-Sep-21",12.88,13.065,12.63,12.81,147216,3.487896,0.5812,,736638.8514
"28-Sep-21",12.77,12.77,12.2106,12.26,167665,3.153224,0.5969,,666982.4232
"29-Sep-21",12.34,12.42,11.84,11.93,244217,2.920196,0.5719,,620586.9438
"30-Sep-21",12.05,12.155,11.74,11.8,197383,3.417971,0.5747,1238779,721089.4128
"01-Oct-21",11.94,12.16,11.822,11.97,339493,3.82942,0.5699,,816914.4084
"04-Oct-21",11.92,12.07,11.69,11.96,127181,4.033286,0.5791,,861540.033
"05-Oct-21",12.02,12.33,11.84,12.28,255994,4.99835,0.579,,1078473.6642
"06-Oct-21",12.9,13.4,12.83,13.25,552527,4.596174,0.5716,,1029676.239
"07-Oct-21",13.38,13.44,13.06,13.15,365889,4.90838,0.5736,,1124869.1436
"08-Oct-21",13.14,13.25,12.8,13.04,131107,5.786942,0.5854,,1326379.7544
"11-Oct-21",12.99,13.22,12.97,12.99,94569,5.787883,0.5854,,2278486.2147
"12-Oct-21",13,13.05,12.77,13,79686,5.805233,0.5883,,2267213.3258
"13-Oct-21",13.08,13.21,12.66,12.92,196698,5.750384,0.5895,,2270310.2733
"14-Oct-21",13.01,13.44,12.87,13.22,176093,5.635066,0.5894,,2247392.8618
"15-Oct-21",13.4,13.4,12.8,12.81,206023,5.58747,0.5887,1445160,2234757.316
"18-Oct-21",12.72,12.8,12.6,12.8,121682,5.540709,0.5943,,2217909.9216
"19-Oct-21",12.79,13.31,12.66,13.14,475952,5.395074,0.5941,,2219024.8227
"20-Oct-21",12.93,13.26,12.84,13.23,296430,5.330944,0.5971,,2217290.5321
"21-Oct-21",13.24,13.25,12.8,13.01,169134,5.548106,0.5998,,2310075.0792
"22-Oct-21",12.94,13.1,12.72,13,258613,5.551699,0.6002,,2320480.8228
"25-Oct-21",13.03,13.26,13.01,13.03,290769,5.476169,0.6018,,2334231.2697
"26-Oct-21",13.12,13.2,12.65,12.66,411282,5.265306,0.6,,1479699.324
"27-Oct-21",12.57,12.75,12.2,12.26,329657,5.297074,0.6006,,1513805.1
"28-Oct-21",12.62,12.9,11.52,12.22,922134,5.0427,0.5997,,1527100.572
"29-Oct-21",12.27,12.72,11.84,12.15,494946,5.520558,0.5955,,1683900.432
"01-Nov-21",12.12,12.4826,12.095,12.31,351326,5.111704,0.5894,,1597046.316
"02-Nov-21",12.31,12.31,11.46,11.55,379311,4.91712,0.5924,,1556292.804
"03-Nov-21",11.49,12.14,11.38,11.9,310129
"19-Nov-21",,,,,,,,,,,0