"Date","open NPO Price in USD","high NPO Price in USD","low NPO Price in USD","close NPO Price in USD","NPO Volume","Days to cover 3m (on loan)","Cost To Borrow","Exchange Reported SI","Estimated Short Interest","Dividends","hidden"
"02-Jan-15",62.86,63.03,61.37,62.27,88175
"05-Jan-15",61.89,62.27,61.19,61.5,173372
"06-Jan-15",61.5,61.676,59.79,59.88,168575
"07-Jan-15",60.14,60.14,59.045,59.51,127127
"08-Jan-15",59.99,61.16,59.725,60.85,105320
"09-Jan-15",60.99,61.37,60.67,60.76,81563
"12-Jan-15",60.65,60.95,59.96,60.37,91169
"13-Jan-15",61,61.7,59.81,60.83,138419,,,,,
"14-Jan-15",61.52,65.01,61.52,63.9,498297
"15-Jan-15",64.14,65.165,63,63.83,250923
"16-Jan-15",63.54,63.9,62.95,63.7,171501
"20-Jan-15",63.76,63.925,61.24,62.17,185608
"21-Jan-15",61.75,62.17,60.67,61.1,177337
"22-Jan-15",61.6,61.71,60.81,61.3,271068
"23-Jan-15",61.25,61.55,60.4975,61.11,158039
"26-Jan-15",61.22,61.63,60.75,61.24,239846
"27-Jan-15",60.69,61.47,60.49,61.1,196132
"28-Jan-15",61.35,61.808,60.18,60.48,145448
"29-Jan-15",60.5,60.58,59.64,60.07,239302
"30-Jan-15",59.66,60.5265,59.11,59.33,154251
"02-Feb-15",59.49,60.64,58.99,60.42,373212
"03-Feb-15",60.56,62.03,60.56,61.76,310520
"04-Feb-15",61.69,62.37,61.26,61.84,117121
"05-Feb-15",61.93,62.78,61.73,62.36,116508
"06-Feb-15",62.55,63.05,61.77,62.12,141499
"09-Feb-15",61.9,62.65,61.77,62.21,109212
"10-Feb-15",62.57,62.988,61.76,62.87,121695
"11-Feb-15",64.03,64.936,62.86,62.98,394078
"12-Feb-15",63.33,63.595,62.97,63.09,186139
"13-Feb-15",63.26,63.565,62.89,63.37,131261
"17-Feb-15",63.18,64.19,63,63.81,114399
"18-Feb-15",63.86,64.6399,63.86,64.54,141638
"19-Feb-15",64.22,64.9199,63.92,64.69,164250
"20-Feb-15",66.7,67.19,65.64,65.92,588075
"23-Feb-15",65.59,66.36,64.65,65.52,507723
"24-Feb-15",65.42,65.73,65.06,65.36,228349
"25-Feb-15",65.45,66.31,65.4,65.78,415404
"26-Feb-15",65.74,66.39,65.1901,65.96,384326,,,,,
"27-Feb-15",66.07,66.25,65.72,65.77,201186
"02-Mar-15",65.9,66.86,65.41,66.62,212970
"03-Mar-15",66.52,67,66.38,66.82,205400
"04-Mar-15",66.63,66.82,65.92,66,145435
"05-Mar-15",65.97,66.89,65.52,66.52,234291
"06-Mar-15",66.07,66.51,65.6,65.61,216376
"09-Mar-15",65.72,65.91,65.27,65.66,117951
"10-Mar-15",65.27,65.765,65.13,65.65,183955
"11-Mar-15",65.6,66.53,65.4,66.46,167673
"12-Mar-15",66.86,67.74,66.71,67.68,172183
"13-Mar-15",67.28,67.75,66.86,67.51,149183
"16-Mar-15",67.79,68.14,67.32,68.14,130670,,,,,
"17-Mar-15",68,68.81,67.9,68.69,192136
"18-Mar-15",68.69,70.23,68.32,70.07,157765
"19-Mar-15",70,70,67.43,67.55,607146
"20-Mar-15",67.6,68.03,67,67.3,266210
"23-Mar-15",67.2,67.73,66.73,66.73,147196
"24-Mar-15",66.52,67.12,66.5,66.81,155428
"25-Mar-15",66.82,67.335,65.51,65.54,179993
"26-Mar-15",65.49,65.76,64.98,65.1,178270
"27-Mar-15",65.12,65.79,64.395,65.68,141946
"30-Mar-15",66.04,66.62,65.59,66.47,146972
"31-Mar-15",66.26,66.26,65.27,65.95,151988
"01-Apr-15",65.84,66.27,65.4,65.89,220466
"02-Apr-15",65.96,67.78,65.96,66.75,255057
"06-Apr-15",66.56,68.055,66.56,67.73,396088
"07-Apr-15",67.75,68.39,67.21,67.54,247102
"08-Apr-15",67.68,68.08,67.28,67.52,207128
"09-Apr-15",67.51,67.57,66.38,66.81,175045
"10-Apr-15",67.06,67.34,66.53,67.09,137220
"13-Apr-15",66.72,67.96,66.72,67.86,424557
"14-Apr-15",67.84,68.71,67.58,68.58,231800
"15-Apr-15",68.94,69.26,68.5,68.76,236538
"16-Apr-15",68.64,68.81,68.18,68.55,97102
"17-Apr-15",68.1,68.1,67.27,67.49,132961
"20-Apr-15",67.8,68.31,67.26,67.93,129232
"21-Apr-15",68,68.06,64.54,65.33,439560
"22-Apr-15",65.75,68.4,65.35,67.87,552344
"23-Apr-15",67.88,67.96,66.83,67.26,207464
"24-Apr-15",67.25,67.285,66.51,66.65,102661
"27-Apr-15",67.03,67.42,66.36,66.87,162874
"28-Apr-15",66.82,67.59,66.5,67.41,219213
"29-Apr-15",67.22,68.28,66.94,68.08,142254,,,,,
"30-Apr-15",67.88,68.18,63.144,64.01,456735
"01-May-15",64.07,64.61,61.59,62.1,361450
"04-May-15",62.25,62.93,62.18,62.37,153050
"05-May-15",62.1,62.62,60.95,61.15,190736
"06-May-15",60.99,61.685,59.9,60.83,248338
"07-May-15",60.76,62.415,60.28,62.02,227510
"08-May-15",62.67,63.36,62.39,62.46,293139
"11-May-15",62.22,63.07,62.11,62.12,204744
"12-May-15",61.94,62.505,60.85,62.25,210929
"13-May-15",62.32,62.97,62.052,62.64,136725
"14-May-15",63.07,63.8,62.58,63.66,189269
"15-May-15",63.5,63.87,61.97,62.17,324859
"18-May-15",62.01,63.89,61.894,63.88,297993
"19-May-15",63.77,63.98,62.31,62.7,196391
"20-May-15",62.71,63.67,62.5,63.52,162245
"21-May-15",63.37,64.5,62.916,63.87,149623
"22-May-15",63.63,63.885,62.5,62.52,66006
"26-May-15",62.13,62.13,61.3,61.66,95807
"27-May-15",61.67,62.12,61.45,61.97,88077
"28-May-15",61.56,61.78,61.15,61.64,110633,,,,,
"29-May-15",61.44,61.44,60.44,60.48,113772
"01-Jun-15",60.79,60.79,59.8,60.31,152300
"02-Jun-15",60.36,60.92,59.89,60.36,148434
"03-Jun-15",60.69,60.9495,60.28,60.72,179111
"04-Jun-15",60.35,60.73,59.96,60.11,117333
"05-Jun-15",59.78,60.43,59.38,60.28,86597
"08-Jun-15",60.1,60.3,59.45,59.49,115938
"09-Jun-15",59.5,59.71,59.18,59.42,109383
"10-Jun-15",59.75,60.31,59.75,60.01,122211
"11-Jun-15",60.23,60.6,60.06,60.37,142210
"12-Jun-15",60.23,60.74,60.02,60.29,162346
"15-Jun-15",59.79,59.92,59.306,59.71,93323,,,,,
"16-Jun-15",59.52,59.74,59.26,59.51,200382
"17-Jun-15",59.61,59.78,59.17,59.5,66491
"18-Jun-15",59.61,59.8699,59.21,59.61,125537
"19-Jun-15",59.68,59.72,59.4,59.52,212208
"22-Jun-15",59.71,59.98,59.37,59.54,85140
"23-Jun-15",59.38,59.63,59.2,59.6,99686
"24-Jun-15",59.48,59.78,59.285,59.5,96792
"25-Jun-15",59.56,59.56,58.72,58.94,97327
"26-Jun-15",58.95,59.29,58.7,59.11,314477
"29-Jun-15",58.8,59.2,57.09,57.27,140250
"30-Jun-15",57.51,57.68,56.87,57.22,156350
"01-Jul-15",57.71,57.84,56.63,56.95,117716
"02-Jul-15",57.22,57.22,56.01,56.28,72685
"06-Jul-15",55.98,56.28,54.76,55.19,99663
"07-Jul-15",55.37,55.37,53.73,54.46,143440
"08-Jul-15",54.01,54.34,52.65,53.19,151452
"09-Jul-15",53.81,55.2,53.58,54.47,270028
"10-Jul-15",55.04,55.04,54.14,54.5,200839
"13-Jul-15",54.86,55.08,54.4201,55.01,181488
"14-Jul-15",54.85,55.11,54.68,54.89,135757
"15-Jul-15",54.78,55.11,53.89,54.52,250131
"16-Jul-15",54.9,55.81,54.45,54.84,174097
"17-Jul-15",54.67,54.67,53.91,54.21,137410
"20-Jul-15",54.14,54.59,53.62,53.74,110538
"21-Jul-15",53.67,53.94,52.97,53.22,186750
"22-Jul-15",53.15,53.42,52.84,53.08,109431
"23-Jul-15",53.04,53.55,52.53,52.7,287055
"24-Jul-15",52.54,52.68,50.87,50.96,287399
"27-Jul-15",50.56,50.58,50.06,50.25,268958
"28-Jul-15",50.46,51.05,50.12,50.74,119701,,,,,
"29-Jul-15",50.97,51.98,50.84,51.59,251425
"30-Jul-15",51.43,51.98,51.11,51.7,115793
"31-Jul-15",52.02,52.97,50.45,50.68,300921
"03-Aug-15",50.83,51.2,49.64,49.88,427677
"04-Aug-15",50.49,50.79,49.55,49.84,209323
"05-Aug-15",50.2,50.43,49.37,49.74,124071
"06-Aug-15",49.94,50.64,49.3,50.44,270166
"07-Aug-15",50.24,50.89,49.82,50.31,149235
"10-Aug-15",50.48,51.6,50.355,51.52,148679
"11-Aug-15",50.68,51.05,50.154,50.48,122950
"12-Aug-15",50.2,51.28,49.82,51.03,112980
"13-Aug-15",50.89,51.23,50.39,50.74,114070
"14-Aug-15",50.66,51.8,50.645,51.46,100664
"17-Aug-15",51.33,51.7,50.6801,51.42,65171
"18-Aug-15",51.14,51.46,50.62,50.71,143582
"19-Aug-15",50.46,50.46,49.55,49.8,171969
"20-Aug-15",49.45,49.45,48.34,48.35,155213
"21-Aug-15",47.46,47.96,46.9,47.03,333986
"24-Aug-15",43.79,46.51,43.78,44.74,359374
"25-Aug-15",46.05,46.05,43.822,43.91,272480
"26-Aug-15",44.63,45.3,44.01,45.25,166731
"27-Aug-15",45.5,46.56,44.75,45.47,307371,,,,,
"28-Aug-15",45.5,47.35,45.04,47.05,208205
"31-Aug-15",46.76,47.68,46.08,47.44,134333
"01-Sep-15",46.59,47.31,45.18,45.36,209977
"02-Sep-15",45.77,45.77,44.35,44.71,219656
"03-Sep-15",44.56,44.99,44.054,44.58,131220
"04-Sep-15",44.09,44.41,43.42,44.19,191873
"08-Sep-15",44.98,45.14,44.314,44.8,132434
"09-Sep-15",45.22,45.22,44.31,44.36,192038
"10-Sep-15",44.37,44.95,43.902,44.47,165407
"11-Sep-15",44.16,44.35,43.53,44.03,105219
"14-Sep-15",44.06,44.06,42.78,43.04,78705,,,,,
"15-Sep-15",43.12,44.01,42.928,43.76,110225
"16-Sep-15",43.65,44.64,43.52,44.29,101379
"17-Sep-15",44.25,44.79,43.904,44.31,200649
"18-Sep-15",43.82,44.12,43.356,43.8,343910
"21-Sep-15",44.07,44.58,43.37,43.64,131641
"22-Sep-15",43.22,43.22,41.67,42.07,153661
"23-Sep-15",42.25,42.28,40.42,40.62,155954
"24-Sep-15",40.47,41.02,39.559,40.79,170725
"25-Sep-15",41.12,41.27,40.425,40.71,132187
"28-Sep-15",40.46,40.615,38.99,39.11,172192
"29-Sep-15",39.24,39.24,38.08,38.61,150812
"30-Sep-15",38.9,39.47,38.59,39.17,219900
"01-Oct-15",39.32,39.32,38.195,38.34,226364
"02-Oct-15",38.32,40.71,38.32,40.56,553515
"05-Oct-15",40.82,43.62,40.81,43.32,323120
"06-Oct-15",43.37,44.64,43.01,43.24,235240
"07-Oct-15",43.52,44.98,43.48,44.77,207099
"08-Oct-15",44.7,46.62,44.22,46.46,195360
"09-Oct-15",46.63,47.76,46.228,47.22,191256
"12-Oct-15",47.25,47.315,45.85,46.2,78276
"13-Oct-15",45.99,46.69,45.636,45.79,129656
"14-Oct-15",45.91,46.3,45.12,45.83,122469
"15-Oct-15",45.94,46.57,45.095,46.45,106713
"16-Oct-15",46.51,47.168,44.59,44.99,121475
"19-Oct-15",44.82,45.26,44.27,44.81,85440
"20-Oct-15",44.67,45.51,44.54,44.87,95144
"21-Oct-15",45,45.13,43.99,44.02,121356
"22-Oct-15",44.16,46.515,43.85,45.71,198982
"23-Oct-15",45.94,46.22,44.83,45.01,189943
"26-Oct-15",44.91,45.32,44.07,44.27,166083
"27-Oct-15",43.87,44.47,42.71,43.18,159071
"28-Oct-15",43.22,44.15,42.968,43.77,256295,,,,,
"29-Oct-15",44.64,50.1,44.64,48.33,637558
"30-Oct-15",48.25,50.97,47.88,49.11,372137
"02-Nov-15",49.03,52.33,48.874,51.36,318504
"03-Nov-15",51.41,52.9,51.18,51.94,214388
"04-Nov-15",51.97,52.49,51.59,51.84,180158
"05-Nov-15",51.84,52.29,50.84,51.67,133716
"06-Nov-15",51.33,51.939,50.59,51.38,135173
"09-Nov-15",51.39,51.39,50.1,51.08,127069
"10-Nov-15",50.91,51.27,49.95,51.25,136193
"11-Nov-15",51.48,51.48,50.24,50.79,93727
"12-Nov-15",50.21,50.74,49.02,49.19,108058
"13-Nov-15",49.05,49.67,48.85,49.06,230710
"16-Nov-15",49.04,49.79,48.54,49.21,280091
"17-Nov-15",49.15,49.63,48.59,49.1,166318
"18-Nov-15",49.2,49.58,48.795,49.25,240063
"19-Nov-15",49.25,49.365,48.83,49.1,111586
"20-Nov-15",49.41,49.47,48.86,49.09,171642
"23-Nov-15",49.12,49.95,48.85,49.74,76666
"24-Nov-15",49.66,51.5,49.26,51.3,139370
"25-Nov-15",51.07,51.99,49.96,50.19,125367,,,,,
"27-Nov-15",50.1,50.22,49.43,50.01,63557
"30-Nov-15",50.07,50.49,49.72,50.14,197723
"01-Dec-15",50.41,51.6,50.35,51.32,167728
"02-Dec-15",51.19,52.09,51.05,51.55,278264
"03-Dec-15",51.6,51.74,50.2,50.26,93088
"04-Dec-15",50.28,51.01,49.93,50.78,195163
"07-Dec-15",50.52,50.52,48.61,48.71,215479
"08-Dec-15",48.13,48.39,47.17,47.28,124533
"09-Dec-15",46.84,47.245,45.6975,46.04,306435
"10-Dec-15",45.99,46.76,45.99,46.16,88233
"11-Dec-15",45.44,45.77,45.14,45.48,118370
"14-Dec-15",45.46,45.87,44.27,44.72,148201,,,,,
"15-Dec-15",44.98,45.16,44.12,44.3,118703
"16-Dec-15",44.5,45.08,44.26,44.95,123304
"17-Dec-15",45.08,45.17,43.95,44.04,113659
"18-Dec-15",43.95,44.03,43.06,43.58,394727
"21-Dec-15",43.81,44.1,43.1,43.43,105998
"22-Dec-15",43.5,45.02,43.17,44.89,74874
"23-Dec-15",45.38,45.47,44.71,45.02,172177
"24-Dec-15",44.99,45.47,44.91,45.21,83327
"28-Dec-15",44.87,45.2599,44.03,44.36,93218
"29-Dec-15",44.6,45.03,43.97,44.96,89633
"30-Dec-15",44.74,45.57,44.44,44.63,67569
"31-Dec-15",44.61,44.8,43.82,43.84,79270
"04-Jan-16",43.19,43.4882,42.4494,42.97,155184
"05-Jan-16",42.96,43.46,41.13,43.32,232240
"06-Jan-16",42.81,48.105,42.41,47.16,627299
"07-Jan-16",45.9,46.46,44.61,45.13,194343
"08-Jan-16",45.29,45.69,44.08,44.38,198334
"11-Jan-16",44.44,44.46,43.11,43.36,211118
"12-Jan-16",43.66,43.85,41.63,42.69,186959
"13-Jan-16",43.02,43.3,40.95,41.08,133669
"14-Jan-16",41.19,41.78,40.32,41.22,137957
"15-Jan-16",40.2,40.98,39.6,40.77,124293
"19-Jan-16",41.21,41.21,39.09,39.93,322592
"20-Jan-16",39.33,40.1,37.53,39.75,216906
"21-Jan-16",39.84,41.11,39.42,40.34,161375
"22-Jan-16",40.95,42.32,40.05,40.74,140333
"25-Jan-16",40.62,40.76,39.83,40,106225
"26-Jan-16",40.32,42.13,39.995,41.71,99601
"27-Jan-16",41.5,42.55,41.2,41.59,95440
"28-Jan-16",42.31,42.9999,41.87,42.53,122462
"29-Jan-16",42.86,44.51,42.86,44.47,235758
"01-Feb-16",43.83,43.83,41.73,42.12,180616
"02-Feb-16",41.58,41.79,40.81,41.61,95684
"03-Feb-16",42.18,42.26,40.79,41.98,88959
"04-Feb-16",41.87,43.93,41.87,43.27,101077
"05-Feb-16",43.04,43.42,42.28,42.33,99893
"08-Feb-16",41.92,42.33,41.09,41.93,83220
"09-Feb-16",41.32,41.62,39.9,40.67,77030
"10-Feb-16",40.95,41.83,40.49,41.08,84866
"11-Feb-16",40.4,40.83,39.895,40.22,163592
"12-Feb-16",40.71,42.38,40.38,42.23,77596
"16-Feb-16",42.69,43.45,42.1101,43.14,64572
"17-Feb-16",43.53,45.3,43.53,44.47,118743
"18-Feb-16",44.63,45.03,43.32,43.78,91466
"19-Feb-16",43.63,44.11,42.81,43.94,71855
"22-Feb-16",44.48,45.11,44.26,44.34,64905
"23-Feb-16",44.12,44.9,43.48,43.85,90266
"24-Feb-16",43.42,43.9199,42.84,43.27,201805,,,,,
"25-Feb-16",45,51.3,45,50.99,345741
"26-Feb-16",51.54,52.29,51.0525,51.88,164217
"29-Feb-16",52.12,52.5,51.445,51.88,186365
"01-Mar-16",52.3,53.59,51.935,53.5,165179
"02-Mar-16",53.24,55.44,52.91,55.35,353251
"03-Mar-16",55.39,59.41,54.865,57.89,507309
"04-Mar-16",57.89,58.48,56.95,57.35,257181
"07-Mar-16",57.1,59.02,56.96,58.91,256906,,,,,
"08-Mar-16",58.61,58.61,55.72,55.76,172758
"09-Mar-16",56.12,57.85,55.36,57.15,145331
"10-Mar-16",57.35,57.35,53.09,54.13,218806
"11-Mar-16",54.67,57.42,54.405,57.26,109888
"14-Mar-16",56.96,57.08,55.88,56.41,79461
"15-Mar-16",55.71,56.03,55,55.55,121486
"16-Mar-16",55.27,56.9299,55.27,56.64,143192
"17-Mar-16",56.79,59.39,56.79,58.35,160093
"18-Mar-16",63.81,63.8199,59.72,60.12,676610
"21-Mar-16",59.63,59.88,58.35,59.08,242396
"22-Mar-16",58.66,59.98,57.56,58.56,103666
"23-Mar-16",58.31,58.98,56.68,56.76,102326,,,,,
"24-Mar-16",56.38,57.96,55.29,57.96,166409
"28-Mar-16",58.01,58.01,56.4,57.29,90171
"29-Mar-16",56.98,58.68,56.67,58.56,160221
"30-Mar-16",58.83,59.04,57.71,58.14,114656
"31-Mar-16",58.11,58.325,57.015,57.68,131351
"01-Apr-16",57.2,58.81,56.57,58.58,122786
"04-Apr-16",58.57,58.71,57.24,57.32,117433
"05-Apr-16",56.67,57.13,56.13,56.39,134788
"06-Apr-16",56.31,56.54,55.11,56.3,133509
"07-Apr-16",55.77,56.36,54.87,55.4,84417
"08-Apr-16",55.94,57.52,55.87,56.2,55507
"11-Apr-16",56.61,57.54,56.29,56.33,45146
"12-Apr-16",56.48,57.48,55.9401,57.11,82706
"13-Apr-16",57.59,58.52,57.05,58.39,155549
"14-Apr-16",58.53,58.6,57.65,58.16,90667
"15-Apr-16",57.94,58.69,57.6,58.25,64591
"18-Apr-16",58.72,58.87,58.06,58.66,73746
"19-Apr-16",59,59.33,58.48,59.14,72342
"20-Apr-16",59.06,59.7,58.81,59.11,67904
"21-Apr-16",59.46,59.6,59.01,59.09,54740
"22-Apr-16",59.2,59.79,59.06,59.65,87085
"25-Apr-16",59.22,59.48,58.52,59.12,68863
"26-Apr-16",59.32,60.25,58.705,60.1,99593
"27-Apr-16",59.89,60.44,59.665,60.19,76873
"28-Apr-16",60,60.47,58.49,58.68,61075
"29-Apr-16",58.64,59.57,57.83,58.58,80393
"02-May-16",58.7,59.45,58.395,59.33,100403
"03-May-16",58.6,59.25,57.18,57.85,140053,,,,,
"04-May-16",57.5,57.79,56.14,56.28,106659
"05-May-16",48.17,49.51,44.6,47.04,773554
"06-May-16",46.98,47.16,45.87,46.98,288959
"09-May-16",46.82,47.3399,45.79,46.14,219557
"10-May-16",46.62,47.67,46.31,47.18,160289
"11-May-16",47.29,49.46,47.16,48.02,181271
"12-May-16",48.26,48.87,47.14,48.04,183167
"13-May-16",47.8,48.47,47.13,47.16,120657
"16-May-16",47.5,48.425,47.275,47.6,99775
"17-May-16",47.55,48.61,47.11,47.43,234472
"18-May-16",47.22,48.24,47.06,47.55,164122
"19-May-16",47.09,47.67,46.405,47.32,117524
"20-May-16",47.53,48.24,47.085,48.12,113954
"23-May-16",48.11,48.82,47.22,47.86,87693
"24-May-16",48.19,49.36,47.565,49.23,121734
"25-May-16",49.48,50.38,49.16,49.74,87731
"26-May-16",50.58,50.58,49.18,49.8,97501
"27-May-16",49.66,50.57,49.475,50.24,96663,,,,,
"31-May-16",50.44,50.76,50.24,50.57,133765
"01-Jun-16",50.32,51.11,49.23,50.97,126553
"02-Jun-16",50.76,50.83,49.95,50.39,155633
"03-Jun-16",50.5,50.5,49.6,49.91,121786
"06-Jun-16",50.14,51.44,49.73,51.32,123931
"07-Jun-16",51.18,51.6,50.715,50.92,107442
"08-Jun-16",51.11,51.17,50.69,50.91,172662
"09-Jun-16",50.5,50.51,49.56,50.15,119595
"10-Jun-16",49.48,49.73,48.3,48.74,120450
"13-Jun-16",48.65,49.08,47.7,47.8,79598
"14-Jun-16",48.41,48.84,47.11,47.5,99041
"15-Jun-16",47.56,48.2,47.025,47.46,91144,,,,,
"16-Jun-16",46.95,47.745,46.2701,47.56,78477
"17-Jun-16",47.64,48.6,47.64,47.86,166255
"20-Jun-16",48.69,49.1,48.34,48.36,79666
"21-Jun-16",48.36,49.12,46.984,47.39,93902
"22-Jun-16",47.48,48.06,46.775,47.29,138221
"23-Jun-16",47.84,48.32,47.38,48.02,204724
"24-Jun-16",45.88,46.02,44.56,44.99,436239
"27-Jun-16",44.41,44.41,42.555,42.83,160939
"28-Jun-16",43.5,43.79,42.88,43.36,130408
"29-Jun-16",43.95,44.39,43.33,43.91,105326
"30-Jun-16",43.9,44.43,43.23,44.39,161544
"01-Jul-16",44.19,45.215,44.105,44.87,131673
"05-Jul-16",44.75,44.75,43.52,43.97,109829
"06-Jul-16",43.53,44.2399,43.19,43.93,98122
"07-Jul-16",43.97,44.89,43.41,44.03,147356
"08-Jul-16",44.57,46.08,44.33,45.82,103910
"11-Jul-16",46.2,46.98,46.2,46.63,84482
"12-Jul-16",47.24,48.525,46.99,48.17,122246
"13-Jul-16",48.42,48.46,47.65,47.89,88311
"14-Jul-16",48.43,48.48,47.585,47.84,126133
"15-Jul-16",48.16,48.31,47.58,47.99,235543
"18-Jul-16",47.79,48.24,47.33,47.93,93482
"19-Jul-16",47.63,47.63,46.97,47.04,59251
"20-Jul-16",47.12,47.88,46.59,47.36,71490
"21-Jul-16",47.34,47.83,46.6,46.72,87862
"22-Jul-16",46.7,47.0999,46.41,46.66,117400
"25-Jul-16",46.48,46.935,45.89,45.95,113380
"26-Jul-16",46.01,46.64,46.01,46.25,209470
"27-Jul-16",46.44,46.64,45.9,46.54,235606,,,,,
"28-Jul-16",46.48,46.55,45.73,45.95,158952
"29-Jul-16",45.74,46.33,45.51,45.75,130588
"01-Aug-16",45.82,46.26,45.35,45.96,254861
"02-Aug-16",45.9,46.61,45.75,46.1,268126
"03-Aug-16",46.5,52,46.5,50.5,722954
"04-Aug-16",50.5,50.88,49.55,49.58,248553
"05-Aug-16",49.83,50.4,49.58,49.89,220714
"08-Aug-16",49.92,50.88,49.92,50.5,238288
"09-Aug-16",50.5,50.82,49.905,50.42,253729
"10-Aug-16",50.42,50.74,50.08,50.62,133218
"11-Aug-16",50.78,52.13,50.73,51.95,133101
"12-Aug-16",51.85,52.36,51.54,52.14,112804
"15-Aug-16",52.44,52.78,52.44,52.54,72756
"16-Aug-16",52.58,52.88,52.08,52.62,108721
"17-Aug-16",52.5,53.06,52.39,52.69,108919
"18-Aug-16",52.87,52.95,52.05,52.94,85862
"19-Aug-16",52.83,52.83,52.38,52.75,52645
"22-Aug-16",52.39,52.8,52.02,52.79,70029
"23-Aug-16",53.19,53.63,52.87,52.91,48365
"24-Aug-16",52.82,52.96,52.31,52.93,121918
"25-Aug-16",52.89,54.02,52.665,53.98,138765
"26-Aug-16",54.01,54.43,53.77,54.37,196406
"29-Aug-16",54.46,54.5,54.03,54.44,77498
"30-Aug-16",54.43,55.47,54.1,55.04,153720,,,,,
"31-Aug-16",54.84,54.94,53.2,53.9,176068
"01-Sep-16",54.03,54.6058,53.365,54.2,125465
"02-Sep-16",54.67,54.855,53.9201,54.56,111870
"06-Sep-16",54.83,54.83,54.03,54.37,60690
"07-Sep-16",54.47,55.25,54.18,55.21,125318
"08-Sep-16",55.13,56.31,54.79,56.03,150843
"09-Sep-16",55.53,55.61,54.915,55.1,268420
"12-Sep-16",54.63,55.45,54.03,55.32,194817
"13-Sep-16",54.73,55.41,54.375,55,284081
"14-Sep-16",55.12,55.335,54.27,54.86,143726
"15-Sep-16",55,55.395,54.71,55.03,109797,,,,,
"16-Sep-16",55.05,55.48,54.8701,55,193712
"19-Sep-16",55.35,56.05,54.33,54.95,105256
"20-Sep-16",55.26,55.53,54.86,55.37,103473
"21-Sep-16",55.75,56.11,54.99,55.85,77111
"22-Sep-16",56.29,57.09,55.84,57.07,87666
"23-Sep-16",56.44,57.47,56.205,56.44,133546
"26-Sep-16",55.83,56.45,55.68,55.94,131150
"27-Sep-16",55.81,55.97,55.12,55.78,90887
"28-Sep-16",55.89,57.04,55.89,56.98,91752
"29-Sep-16",56.73,57.07,55.96,56.07,76132
"30-Sep-16",56.23,57.26,56.19,56.82,154233
"03-Oct-16",56.62,56.86,56.16,56.27,90903
"04-Oct-16",56.45,57.03,56.02,56.16,71994
"05-Oct-16",56.7,57.35,56.0201,57.2,92963
"06-Oct-16",56.99,57.04,56.15,56.83,49627
"07-Oct-16",56.73,56.73,56.11,56.24,86152
"10-Oct-16",56.67,57,56.06,56.26,68497
"11-Oct-16",56.05,56.05,54.945,55.53,74312
"12-Oct-16",55.49,56.57,54.5,55.86,52273
"13-Oct-16",55.38,56.43,55.075,55.97,111318
"14-Oct-16",56.14,57.11,55.7501,55.97,93563
"17-Oct-16",55.81,56.53,55.18,56.27,72411
"18-Oct-16",56.95,56.95,56.1,56.26,64727
"19-Oct-16",56.43,56.75,56.02,56.26,128084
"20-Oct-16",56.03,56.4,55.72,55.79,108174
"21-Oct-16",55.3,55.65,55.035,55.07,78337
"24-Oct-16",55.52,56.16,55.4,55.56,56472
"25-Oct-16",55.42,55.94,54.28,54.34,63802
"26-Oct-16",54.04,54.81,54.04,54.3,102930
"27-Oct-16",54.45,54.5,53.93,54.2,79555
"28-Oct-16",54.17,54.35,53.69,53.73,95913
"31-Oct-16",54.01,54.48,53.44,54.12,73492
"01-Nov-16",54.11,54.3,52.91,53.45,123421
"02-Nov-16",53.39,53.81,52.82,52.84,85635,,,,,
"03-Nov-16",52,53.96,52,53.18,179449
"04-Nov-16",53.31,55.54,52.8,54.6,131775
"07-Nov-16",55.6,56.31,55.1,55.51,218202
"08-Nov-16",55.46,55.74,54.87,55.03,75189
"09-Nov-16",54.82,57.575,54.82,56.95,233876
"10-Nov-16",57.96,59.85,57.29,59.39,291622
"11-Nov-16",59.24,60.075,58.8,59.55,239641
"14-Nov-16",60.05,61.46,59.655,60.21,166494
"15-Nov-16",59.59,60.74,59.51,59.93,99415
"16-Nov-16",59.93,60.36,59.54,59.59,112179
"17-Nov-16",59.79,60.13,59.0301,59.19,65295
"18-Nov-16",59.34,59.89,59.34,59.68,98547
"21-Nov-16",60.11,60.18,59.09,59.54,112978
"22-Nov-16",59.92,60.92,59.51,60.73,172752
"23-Nov-16",60.54,61.205,60.24,60.89,136701
"25-Nov-16",61.28,61.69,60.75,61.65,60063
"28-Nov-16",61.33,61.91,60.43,60.59,151088
"29-Nov-16",60.41,60.74,59.81,60.33,109320,,,,,
"30-Nov-16",60.9,61.123,60.23,60.8,156006
"01-Dec-16",60.98,61.84,60.32,61.79,179626
"02-Dec-16",61.58,61.82,60.865,61.08,82607
"05-Dec-16",61.51,62.64,61.33,62.53,148077
"06-Dec-16",62.85,64.81,62.5,64.24,203243
"07-Dec-16",64.3,65.56,63.8201,65.36,147685
"08-Dec-16",65.65,66.42,65.23,66.08,81380
"09-Dec-16",66.08,67.03,65.521,66.99,169834
"12-Dec-16",67,67.53,66.46,66.96,79285
"13-Dec-16",67.19,67.2584,65.9,66.75,72082
"14-Dec-16",66.63,67.09,65.17,65.33,65063
"15-Dec-16",65.26,66.18,64.82,65.97,69391,,,,,
"16-Dec-16",66.04,66.83,65.55,65.61,396678
"19-Dec-16",65.41,68.34,65.41,67.86,171893
"20-Dec-16",67.97,68.83,66.97,68.53,84675
"21-Dec-16",68.58,68.92,68.265,68.54,73623
"22-Dec-16",68.33,68.93,67.96,68.5,71202
"23-Dec-16",68.5,68.675,67.28,68.35,60869
"27-Dec-16",68.42,69.165,67.51,69.08,102588
"28-Dec-16",69.11,69.235,68.55,68.78,112227
"29-Dec-16",69.1,69.1,68.17,68.5,47332
"30-Dec-16",68.4,68.81,67.01,67.36,61844
"02-Jan-17",,,,,,1.473142
"03-Jan-17",68.25,68.55,67.23,67.9,62367,1.468768
"04-Jan-17",68.19,69.15,67.74,68.77,118201,1.397736
"05-Jan-17",69.06,69.06,67.665,68.02,64593,1.350506
"06-Jan-17",68.04,68.04,67.35,67.39,61042,1.309146
"09-Jan-17",67.24,67.43,66.15,66.23,98977,1.283052
"10-Jan-17",66.52,66.915,66.04,66.65,65329,1.323736
"11-Jan-17",66.71,68.54,65.87,68.49,101578,1.270975
"12-Jan-17",68.31,68.31,65.795,66.83,50376,1.276892
"13-Jan-17",66.88,67.99,66.88,67.68,45624
"17-Jan-17",67.5,67.5,66.26,66.59,36263
"18-Jan-17",66.88,67.02,65.76,66.3,53670
"19-Jan-17",66.35,67.17,65.58,65.8,49144
"20-Jan-17",65.73,66.3,65.17,65.66,58002
"23-Jan-17",65.72,65.72,64.52,64.92,52120
"24-Jan-17",64.97,66.985,64.67,66.77,46152
"25-Jan-17",66.97,68.27,66.44,68.09,49141
"26-Jan-17",68.09,68.385,66.66,67.4,46761
"27-Jan-17",67.52,67.95,67,67.73,50435
"30-Jan-17",66.63,67.005,65.6066,66.59,83776
"31-Jan-17",66.43,68.02,65.4,67.91,139406
"01-Feb-17",68.46,68.56,67,67.43,76468
"02-Feb-17",67.01,67.38,65.82,66.11,38139
"03-Feb-17",66.51,67.59,66.4572,67.59,45204
"06-Feb-17",67.43,67.54,66.46,67.03,33810
"07-Feb-17",66.94,68.1,66.41,66.74,145670
"08-Feb-17",66.21,66.37,65.24,65.76,42166
"09-Feb-17",65.88,67.53,65.88,67.19,61115
"10-Feb-17",67.41,68.05,66.645,67.91,38334
"13-Feb-17",68.1,68.5,67.85,68.35,85764
"14-Feb-17",68.32,69.31,67.655,68.79,93130,,,,,
"15-Feb-17",68.75,69.5,68.6,69.44,87840
"16-Feb-17",64.97,66.72,61.36,64.64,220882
"17-Feb-17",64.21,64.69,62.42,63.5,176226
"21-Feb-17",63.45,65.92,63.45,64.97,131013
"22-Feb-17",64.85,65.68,63.74,65.06,67828
"23-Feb-17",65.43,66.1,64.91,65.53,118666
"24-Feb-17",65,66.39,65,65.79,66483
"27-Feb-17",65.5,66.28,65.26,65.96,89440,,,,,
"28-Feb-17",65.72,66.45,65.02,65.28,124108
"01-Mar-17",66.22,68.2,66.22,68.08,162289
"02-Mar-17",68.05,68.49,66.4,66.41,122625
"03-Mar-17",66.6,66.75,65.08,65.16,97827
"06-Mar-17",64.89,66,64.67,65.66,57906
"07-Mar-17",65.72,65.72,64.64,64.72,49771
"08-Mar-17",64.94,65.38,63.09,63.14,58289
"09-Mar-17",63.03,63.64,62.19,62.8,78507
"10-Mar-17",63.28,63.72,62.533,63.37,114352
"13-Mar-17",63.33,63.95,63.04,63.66,95348
"14-Mar-17",63.2,64.43,63.05,64.22,76323
"15-Mar-17",64.37,67.72,64.37,66.99,153716,,,,,
"16-Mar-17",67.05,67.35,65.14,65.98,73167
"17-Mar-17",66,67.49,65.33,66.8,222859
"20-Mar-17",66.55,67.24,65.81,66.1,71226
"21-Mar-17",66.53,67.22,63.3,63.57,94250
"22-Mar-17",63.92,64.81,63.23,63.78,97672
"23-Mar-17",63.46,64.45,63.1375,64.05,109388
"24-Mar-17",63.92,64.7,63.17,63.57,79909
"27-Mar-17",62.88,65.07,62.365,64.63,113579
"28-Mar-17",64.3,66.19,63.89,66.08,166018
"29-Mar-17",65.75,66.04,64.88,65.86,188036
"30-Mar-17",66.09,69.77,66.09,69.73,299668
"31-Mar-17",69.5,71.76,69.13,71.16,433412
"03-Apr-17",71.25,71.815,69.49,70.19,211055
"04-Apr-17",70.16,70.93,69.23,69.5,135417
"05-Apr-17",70.21,70.94,68.18,68.23,112465
"06-Apr-17",68.1,68.905,67.77,68.47,118717
"07-Apr-17",68.3,68.92,67.75,67.98,157022
"10-Apr-17",68.03,69.26,67.8,68.14,77110
"11-Apr-17",67.9,68.9,67,68.85,68268
"12-Apr-17",68.63,69.02,66.45,67.07,140361
"13-Apr-17",66.88,67.12,64.03,64.09,121619
"17-Apr-17",64.31,65.02,63.62,64.61,132072
"18-Apr-17",63.89,65.3799,63.89,65.1,98464
"19-Apr-17",65.28,65.82,64.99,65.29,92341
"20-Apr-17",65.85,67.5899,64.96,67.43,86004
"21-Apr-17",67.43,67.8,66.57,67.02,117667
"24-Apr-17",68.25,68.82,67.13,68.41,172203
"25-Apr-17",69.03,70.35,68.63,69.98,117266
"26-Apr-17",69.71,71.01,69.71,69.95,117143,,,,,
"27-Apr-17",69.78,70.71,69.51,70.46,104292
"28-Apr-17",70.84,70.95,69.88,70.65,144605
"01-May-17",71,71,69.965,70.22,161054
"02-May-17",71,74.89,70.51,72.6,316603
"03-May-17",72.36,73.66,71.73,72.7,175662
"04-May-17",72.78,72.78,71.74,72.45,125295
"05-May-17",72.42,73.2801,72.29,72.97,105453
"08-May-17",72.63,72.69,71.49,71.59,73292
"09-May-17",71.57,71.955,70.19,71.35,163233
"10-May-17",71.48,72.28,70.745,71.58,165526
"11-May-17",71.51,71.51,69.84,70.74,80721
"12-May-17",70.27,70.66,69.69,69.76,109843
"15-May-17",70.34,70.49,69.6,70.48,127241
"16-May-17",70.58,70.61,69.11,69.56,120795
"17-May-17",68.01,69.27,67,67.72,189260
"18-May-17",67.33,67.89,66.915,67.26,123673
"19-May-17",67.74,68.3,67.26,67.33,101681
"22-May-17",67.52,67.82,66.17,67.22,114424
"23-May-17",67.42,67.795,66.58,67.26,92646
"24-May-17",67.11,67.8,66.33,66.62,80962
"25-May-17",66.74,67.22,65.47,65.9,104619
"26-May-17",65.8,65.99,65.47,65.89,91039
"30-May-17",65.44,67.77,65.12,67.67,153567,,,,,
"31-May-17",67.63,67.63,66.05,66.81,148204
"01-Jun-17",66.91,67.69,66.85,67.39,103402
"02-Jun-17",67.73,69.12,67.5,67.87,71548
"05-Jun-17",67.73,68.12,67.38,67.56,90096
"06-Jun-17",67.13,68.77,66.58,68.56,89812
"07-Jun-17",68.41,68.64,66.96,67.47,77105
"08-Jun-17",67.42,69.71,67.42,69.45,82240
"09-Jun-17",69.76,71.935,69.295,71.78,115720
"12-Jun-17",71.75,72.89,71.5,71.87,104175
"13-Jun-17",72.14,72.21,71.24,71.99,74424
"14-Jun-17",72.06,72.06,69.66,70.26,93476
"15-Jun-17",69.42,70.9,69.42,70.54,72490,,,,,
"16-Jun-17",69.9,70.82,69.42,70.36,307730
"19-Jun-17",70.61,71.73,70.61,71.26,81327
"20-Jun-17",70.86,71.61,70.3,70.86,112190
"21-Jun-17",70.85,71.37,68.84,68.97,171985
"22-Jun-17",68.79,70.1,68.1,69.93,166474
"23-Jun-17",70,70.66,69.72,70.49,167687
"26-Jun-17",70.78,71.25,70.2701,70.64,97300
"27-Jun-17",70.65,71.15,69.9,69.96,105631
"28-Jun-17",70.57,72.24,70.57,71.56,130394
"29-Jun-17",71.89,72.3,71.02,71.47,86103
"30-Jun-17",71.75,72.24,71.15,71.37,66246
"03-Jul-17",71.8,73,71.39,72.44,39606,1.566112
"04-Jul-17",,,,,,1.583925
"05-Jul-17",72.25,72.86,71.6,72.84,110316,1.779228
"06-Jul-17",72.32,72.85,71.86,72.18,73757,1.825649
"07-Jul-17",72.45,74.09,72.45,73.98,131910,1.824459
"10-Jul-17",73.7,74.76,73.63,74.35,138534,1.94273
"11-Jul-17",74.5,74.86,73.87,74.04,147015,2.026266
"12-Jul-17",74.6,75.705,73.77,73.79,122619,2.261462
"13-Jul-17",73.78,74.71,72.51,73.44,163491,2.417738
"14-Jul-17",73.36,73.64,73.06,73.39,105884,2.535903
"17-Jul-17",73.2,73.32,72.485,72.66,123564,2.774574
"18-Jul-17",72.5,72.86,71.48,72.45,109190,2.934956
"19-Jul-17",72.65,73.2,72.52,73.15,85924,2.922018
"20-Jul-17",73.38,73.56,72.775,73.13,110584,2.595686
"21-Jul-17",73.13,73.13,71.66,72.62,121672,2.619216
"24-Jul-17",72.58,72.9699,72.16,72.38,71062,2.498774
"25-Jul-17",72.78,74.275,72.25,73.24,171159,2.598838
"26-Jul-17",73.58,73.58,72.57,72.88,79289,2.601817,,,,
"27-Jul-17",73.16,73.6,72.71,73.34,106764,2.469073
"28-Jul-17",73.18,73.25,72.261,73.11,116554,2.273337
"31-Jul-17",73.35,77.62,73.35,77.02,300216,1.931904
"01-Aug-17",77.65,77.65,76.37,76.56,208926,1.623697
"02-Aug-17",76.51,77.01,74.84,74.88,129621,1.447233
"03-Aug-17",75.05,75.93,74.25,75.01,108174,1.005966
"04-Aug-17",75.18,75.49,74.19,74.33,80713,0.959474
"07-Aug-17",74.33,74.825,73.69,74.36,120120,0.858845
"08-Aug-17",74.22,74.65,73.1,73.24,109884,0.809971
"09-Aug-17",72.96,73.37,72.02,72.49,106995,0.80259
"10-Aug-17",71.93,72.82,70.94,70.94,89602
"11-Aug-17",70.46,71.49,70.46,71.12,80335
"14-Aug-17",71.92,72.37,71.36,72.02,63308
"15-Aug-17",71.98,72.4,71.02,71.03,41829
"16-Aug-17",71.16,71.86,71.12,71.34,49584
"17-Aug-17",70.93,71.05,69.02,69.22,84530
"18-Aug-17",68.77,69.62,68.63,69.31,80636
"21-Aug-17",69.21,69.75,68.8342,69.13,53337
"22-Aug-17",69.48,70.2097,69.07,69.91,63885
"23-Aug-17",69.39,70.45,69.15,69.2,67026
"24-Aug-17",69.39,69.5,68.52,69.05,39208
"25-Aug-17",69.35,70.05,69.25,69.72,48328
"28-Aug-17",69.74,70.07,69.18,69.65,65949
"29-Aug-17",69.36,69.529,68.35,69.35,71726
"30-Aug-17",69.33,70.02,69.3,69.75,70859
"31-Aug-17",70.14,70.615,69.95,70.47,97293
"01-Sep-17",70.4,70.86,70.23,70.64,72471,,,,,
"05-Sep-17",70.48,70.63,69.07,69.13,87833
"06-Sep-17",69.48,69.98,68.84,69.54,79881
"07-Sep-17",69.65,70.03,69.0105,69.67,78796
"08-Sep-17",69.62,70.345,69.34,69.96,171334
"11-Sep-17",70.4,70.83,70.05,70.57,108585
"12-Sep-17",70.79,73.22,70.79,73.21,139367
"13-Sep-17",72.99,73.84,72.91,73.67,65642
"14-Sep-17",73.57,74.8799,73.57,74.44,90820
"15-Sep-17",74.6,74.8,74.1825,74.63,141862
"18-Sep-17",74.23,75.59,74.23,75.3,78121
"19-Sep-17",74.7,75.77,74.25,75.39,135878
"20-Sep-17",75.59,76.18,75,75.6,107128,,,,,
"21-Sep-17",75.65,76.54,75.51,76.04,70308
"22-Sep-17",76.01,77.6,75.8,77.41,216893
"25-Sep-17",77.31,77.73,76.63,76.98,97748
"26-Sep-17",77.04,77.74,77.03,77.18,113091
"27-Sep-17",77.16,79.56,76.95,79.41,172063
"28-Sep-17",79.18,80.56,79.13,80.44,151488
"29-Sep-17",80.75,81.32,80.29,80.53,85492
"02-Oct-17",80.63,81.29,80.17,81.13,157534,0.434271,0.758
"03-Oct-17",81.16,81.6,80.1601,81.51,98146,0.426225,0.7598
"04-Oct-17",81.31,82.05,81.31,81.79,89646,0.37617,0.6288
"05-Oct-17",81.94,82.72,81.73,82.3,83964,0.406294,0.6373
"06-Oct-17",82.49,82.55,81.41,81.9,46312,0.36921,0.652
"09-Oct-17",81.9,82.13,81.23,81.68,51204,0.370923,0.6506
"10-Oct-17",81.89,82.18,81.26,81.87,96025,0.44032,0.6981
"11-Oct-17",82.09,82.1,81.59,81.82,90447,0.406225,0.6163
"12-Oct-17",81.75,82,81.265,81.34,74810,0.391066,0.6407
"13-Oct-17",81.6,82.04,80.53,80.77,87425,0.358048,0.6515
"16-Oct-17",81,81.23,80.4,80.78,71268,0.418778,0.6408
"17-Oct-17",80.23,80.95,78.9,79.09,170805,0.43112,0.6586
"18-Oct-17",79.36,80.1,79.36,79.67,51791,0.482507,0.6452
"19-Oct-17",79.33,80.075,78.275,78.52,67658,0.375947,0.6871
"20-Oct-17",79.12,80.205,78.35,79.49,78304,0.355346,0.7011
"23-Oct-17",79.66,80.11,78.68,78.84,61183,0.389672,0.703
"24-Oct-17",79.24,79.56,78.505,78.6,78331,0.419433,0.6362
"25-Oct-17",78.52,79.75,77.96,79.25,148501,0.465675,0.638,,,
"26-Oct-17",79.82,81.08,78.87,80.86,127609,0.444525,0.6611
"27-Oct-17",80.81,81.5,80.32,81.08,109400,0.487641,0.6707
"30-Oct-17",80.49,80.605,77.73,77.76,150815,0.366585,0.7725
"31-Oct-17",80,84.28,79.75,83.74,399349,0.390312,0.7575
"01-Nov-17",84.62,84.979,82.54,83.29,260055,0.393875,0.7131
"02-Nov-17",82.82,83.84,82.82,83.32,171909,0.379125,0.6797
"03-Nov-17",83.38,84.51,82.04,84.42,104404,0.299777,0.725
"06-Nov-17",84.36,84.56,83.6,84.23,144270,0.338656,0.7194
"07-Nov-17",83.96,84.63,83.1,83.16,126769,0.377883,0.6991
"08-Nov-17",82.64,83.98,81.41,83,74745,0.337922,0.7193
"09-Nov-17",82.43,82.98,81.59,82.24,80011,0.415206,0.6679
"10-Nov-17",81.87,82.79,81.815,82.49,159283,0.42161,0.674
"13-Nov-17",82.16,82.33,81.45,81.84,129352,0.384959,0.6594
"14-Nov-17",81.5,82.37,81.25,81.79,67632,0.4494,0.6249
"15-Nov-17",81.09,81.2,79.68,79.87,138892,0.467313,0.636
"16-Nov-17",80.4,82.22,80.2535,81.99,173195,0.492475,0.6407
"17-Nov-17",81.49,82.615,81.19,82.39,88651,0.392407,0.7051
"20-Nov-17",82.74,83.55,82.19,82.74,259420,0.366598,0.7069
"21-Nov-17",83.32,84.125,83.32,83.91,163642,0.381878,0.6902
"22-Nov-17",83.99,84.8,83.8101,83.96,158842,0.44792,0.6648
"23-Nov-17",,,,,,0.448442,0.664
"24-Nov-17",84.42,84.42,83.44,83.98,56589,0.44184,0.5709
"27-Nov-17",84.18,84.24,83.79,83.8,245210,0.32417,0.6027
"28-Nov-17",84.2,85.91,83.71,85.74,300151,0.302619,0.6142
"29-Nov-17",85.84,86.33,85.395,85.94,116915,0.281783,0.6191
"30-Nov-17",86.29,86.96,85.62,86.37,136365,0.383763,0.6576
"01-Dec-17",86.45,86.725,84.5103,86.65,179179,0.376538,0.6408
"04-Dec-17",87.75,89.58,87.305,88.46,231220,0.464908,0.758
"05-Dec-17",88.58,88.58,87.01,87.25,124031,0.618293,0.6831,,,
"06-Dec-17",87,88.13,86.99,87.21,136648,1.121551,0.6559
"07-Dec-17",87.38,90.81,87.38,88,243791,0.580098,0.5512
"08-Dec-17",89.84,91,89.15,89.33,330839,0.752068,0.6171
"11-Dec-17",89.34,89.72,88.36,88.67,132683,1.426309,0.611
"12-Dec-17",88.89,89.26,87.68,88.14,177924,1.460996,0.6425
"13-Dec-17",88.08,89.95,88.03,88.78,97566,0.827468,0.6265
"14-Dec-17",89.58,89.84,87.795,87.86,158174,0.860055,0.6185
"15-Dec-17",88.51,91.38,88.305,90.42,430136,0.77213,0.5965
"18-Dec-17",91.44,92.88,90.99,92.32,98755,0.36436,0.6187
"19-Dec-17",93,93.24,91.73,93.12,143788,0.564224,0.5873
"20-Dec-17",93.93,93.95,92.69,93.39,87915,0.519506,0.8102,,,
"21-Dec-17",93.52,94.4,92.33,94.05,106204,0.58219,0.6293
"22-Dec-17",94.25,94.5,93.274,94.12,48788,0.575004,0.6462
"25-Dec-17",,,,,,0.579245,0.6455
"26-Dec-17",94.19,94.57,93.65,93.9,38149,0.494049,0.6572
"27-Dec-17",94.08,94.61,93.25,94.33,58316,0.392165,0.6994
"28-Dec-17",94.51,94.51,93.485,94.15,76769,0.411207,0.6697
"29-Dec-17",94.15,94.79,93.38,93.51,115107,0.441057,0.6946
"01-Jan-18",,,,,,0.437764,0.6938
"02-Jan-18",94,94.76,93.32,93.48,128101,0.409438,0.6555
"03-Jan-18",93.26,94.22,92.22,92.99,180613,0.427466,0.6329
"04-Jan-18",93.48,93.7,92.1901,92.85,115582,0.359176,0.6628
"05-Jan-18",93.09,93.28,92.12,92.55,112008,0.327553,0.6797
"08-Jan-18",92.19,92.56,91.56,92.12,163743,0.316174,0.6976
"09-Jan-18",92.2,92.64,91.47,91.52,111313,0.345944,0.665
"10-Jan-18",92,92.04,90.75,91.75,79327,0.773193,0.5901
"11-Jan-18",91.99,92.925,91.71,92.73,93206,0.495202,0.5646
"12-Jan-18",93.05,93.145,92.32,92.96,105155,0.492958,0.5628
"15-Jan-18",,,,,,0.485673,0.5618
"16-Jan-18",93.46,93.68,91.01,91.35,86443,0.483441,0.5535
"17-Jan-18",91.95,92.67,91.545,91.98,90822,0.458061,0.564
"18-Jan-18",92.2,92.205,90.86,91.25,72883,0.452985,0.6435
"19-Jan-18",91.27,92.73,91.26,92.72,121962,0.401284,0.5737
"22-Jan-18",92.64,92.75,91.21,91.57,70684,0.434824,0.5534
"23-Jan-18",91.66,92.08,90.85,91.66,96558,0.41336,0.5602
"24-Jan-18",92.1,92.68,90.16,90.94,167288,0.400467,0.5592
"25-Jan-18",91.6,91.6,90.03,90.61,110307,0.416518,0.5684
"26-Jan-18",91,91.89,90.46,91.85,122483,0.293434,0.6504
"29-Jan-18",91.51,91.94,90.0701,90.08,79284,0.276648,0.601
"30-Jan-18",89.02,89.25,88.151,88.77,72387,0.259817,0.6042
"31-Jan-18",89.23,89.78,87.75,87.99,74363,0.248233,0.6089
"01-Feb-18",87.5,89.46,87.22,88.69,107729,0.194709,0.602
"02-Feb-18",87.75,87.81,85.13,86.18,144154,0.216847,0.724
"05-Feb-18",85.42,86.79,82.521,82.66,90091,0.221244,0.7014
"06-Feb-18",80.91,84.315,80.91,83.53,122920,0.232665,0.8278
"07-Feb-18",83.21,84.76,82.63,84.35,114968,0.313842,0.716
"08-Feb-18",84.34,84.45,81.39,81.39,184650,0.21023,0.6573
"09-Feb-18",82.55,82.995,78.4,80.78,203982,0.465311,0.3357
"12-Feb-18",81.14,84.17,80.71,83.67,170648,0.275336,1.0075
"13-Feb-18",83.11,83.8175,81.72,83.28,185168,0.255601,0.6355,,,
"14-Feb-18",82.87,84.37,75.85,75.91,383626,0.293735,0.7711
"15-Feb-18",76.97,76.97,74.07,76.4,215889,0.279902,0.699
"16-Feb-18",76.18,78.47,75.8,77.12,185901,0.333909,0.9372
"19-Feb-18",,,,,,0.387563,0.908
"20-Feb-18",76.7,77.33,74.975,75.27,118799,0.469098,0.9868
"21-Feb-18",75.63,77.34,75.55,75.62,107126,0.51105,0.9078
"22-Feb-18",76.1,77.5,75.57,76.23,214915,0.506161,0.8913
"23-Feb-18",76.31,77.305,75.77,76,115083,0.471297,0.8931
"26-Feb-18",76.16,76.56,74.995,76.4,61465,0.512916,0.8408
"27-Feb-18",76.45,77.17,75.36,75.36,141812,0.534495,0.8447
"28-Feb-18",75.36,75.63,72.45,72.46,194936,0.513603,0.849
"01-Mar-18",72.25,74.01,71.465,72.14,193888,0.571488,0.7994
"02-Mar-18",71.22,73.21,70.48,73.02,214476,0.630284,0.806
"05-Mar-18",72.6,72.9472,71.63,72.14,194941,0.513567,0.9072
"06-Mar-18",72.34,74.58,72.03,74.46,139664,0.60811,0.9228,,,
"07-Mar-18",73.77,74.2379,72.62,73.83,190910,1.214209,0.7963
"08-Mar-18",73.95,74.22,72.7,73.73,154842,0.773536,0.9643
"09-Mar-18",74.11,77.16,73.48,76.84,159608,0.64935,0.9393
"12-Mar-18",77.21,78.83,77.06,77.35,164767,0.663596,0.919
"13-Mar-18",77.85,78.3,76.44,76.59,286599,0.700681,0.904
"14-Mar-18",77.08,78.31,76.51,77.32,313999,0.867709,0.9453
"15-Mar-18",77.33,77.68,75.48,76.87,107949,0.932331,0.9331
"16-Mar-18",76.88,78.6,76.72,78.05,258071,1.13173,0.8369
"19-Mar-18",77.71,78.01,75.5701,77.15,178943,0.98005,0.872
"20-Mar-18",77.5,78.19,77.3131,77.88,129063,1.085856,0.8707
"21-Mar-18",77.86,79.97,77.72,79.1,135033,1.193585,0.8343,,,
"22-Mar-18",78.06,79.16,76.2201,77.91,453344,1.111679,0.8356
"23-Mar-18",77.89,78.07,76.06,76.15,243846,1.117333,0.8509
"26-Mar-18",77.53,78.35,76.09,78.32,267980,1.618402,0.7351
"27-Mar-18",78.42,78.42,75.68,76.15,149104,1.611045,0.6846
"28-Mar-18",76.25,77.06,75.21,76.37,127844,1.915674,0.6797
"29-Mar-18",76.9,77.8,76.4301,77.38,166819,1.798794,0.6885
"30-Mar-18",,,,,,1.762376,0.6878
"02-Apr-18",77.05,77.7,74.73,75.5,223971,1.794762,0.6704
"03-Apr-18",75.98,76.47,75.11,76.2,127908,1.899463,0.6622
"04-Apr-18",75.03,76.91,75.03,76.72,178382,2.003699,0.637
"05-Apr-18",77.15,78.09,76.77,78.07,126325,1.999233,0.6347
"06-Apr-18",77.43,78.27,76.1,76.71,260411,2.277935,0.6248
"09-Apr-18",77.19,77.76,76.11,76.31,167896,2.016762,0.6293
"10-Apr-18",77.46,77.98,76.82,77.53,125514,2.45654,0.6243
"11-Apr-18",76.89,77.15,75.96,77,120762,2.59889,0.6078
"12-Apr-18",77.56,77.84,76.98,77.46,90294,2.575072,0.6121
"13-Apr-18",78,78,76.36,76.49,161620,2.955402,0.6153
"16-Apr-18",77.1,78.34,76.68,78.12,141410,2.788551,0.5989
"17-Apr-18",78.52,79.13,78.14,79.07,214970,2.60901,0.5914
"18-Apr-18",79.48,80.66,78.89,80.2,125261,2.530159,0.5858
"19-Apr-18",80,80.59,79.29,79.84,88665,2.369116,0.578
"20-Apr-18",79.64,79.73,78.54,79.6,128232,2.954724,0.5701
"23-Apr-18",79.38,79.88,79.13,79.44,108313,2.501123,0.5462
"24-Apr-18",79.87,80,76.85,78.1,217769,2.356818,0.5243
"25-Apr-18",78.21,78.97,77.42,78.29,134049,2.627472,0.5291
"26-Apr-18",78.78,78.78,76.83,77,166728,2.731363,0.5501
"27-Apr-18",77,77.38,75.71,76.06,185087,2.87793,0.9837
"30-Apr-18",76.29,77.28,75.05,75.15,106379,2.396774,0.5411
"01-May-18",74.86,75.65,73.4,74.66,215967,2.073076,0.5197,,,
"02-May-18",74.2,75.08,73.67,73.97,242223,1.871432,0.4811
"03-May-18",73.69,73.69,66.875,67.19,636705,1.556242,0.485
"04-May-18",66.69,69.74,66.01,69.2,326987,4.659599,2.3027
"07-May-18",69.6,71.66,69.6,70.44,236929,1.732013,0.5067
"08-May-18",70.32,71.84,70.32,71.74,189516,1.688554,0.5021
"09-May-18",72.23,72.38,71.44,72.23,163403,1.663092,0.5057
"10-May-18",72.49,73.35,71.85,72.89,138622,1.674479,0.5087
"11-May-18",72.86,73.4,72.07,72.83,77980,1.643529,0.5519
"14-May-18",73.24,73.69,72.43,72.57,88648,1.629241,0.53
"15-May-18",72.21,72.61,72.06,72.43,136484,1.690889,0.5315
"16-May-18",72.48,73.38,72.36,73.07,183750,1.927495,0.5659
"17-May-18",73.25,74.85,73.23,74.6,342764,1.632564,0.5304
"18-May-18",74.96,75.61,74.45,74.48,112649,1.508356,0.5315
"21-May-18",75.09,75.78,74.865,75.22,144101,1.482913,0.5482
"22-May-18",75.3,75.5,74.73,74.84,271119,1.451374,0.5443
"23-May-18",74.19,75.32,73.92,74.69,225769,1.426284,0.5692
"24-May-18",74.34,75.34,74.18,75.26,129030,1.617603,0.5632
"25-May-18",74.85,75.65,74.65,75.43,245535
"28-May-18",,,,,,1.586194,0.5632
"29-May-18",75,75.375,73.95,75.15,255143,1.704323,0.5261
"30-May-18",75.74,76.79,75.74,76.29,202061,1.816204,0.5143
"31-May-18",76.26,76.26,73.63,73.66,118750,1.939254,0.5205
"01-Jun-18",74.03,74.33,72.53,72.59,161197,2.075309,0.5265
"04-Jun-18",72.84,73.245,72.29,72.75,177232,2.135371,0.5157
"05-Jun-18",72.44,73.77,72.44,73.73,107090,,,,,
"06-Jun-18",74,74.7,73.72,74.33,232104,2.82753,0.5316
"07-Jun-18",74.13,75.5466,74.13,74.55,168281,2.154011,0.5065
"08-Jun-18",74.72,75.41,74.1,75.02,161671,2.135354,0.4976
"11-Jun-18",74.77,75.82,74.77,75.46,172501,2.143645,0.5058
"12-Jun-18",75.67,76.465,74.96,76.33,143921,2.042461,0.502
"13-Jun-18",76.25,76.27,75.65,76.1,191442,2.029547,0.5043
"14-Jun-18",76.32,76.54,75.74,76.21,118405,2.148444,0.5225
"15-Jun-18",75.72,75.81,75.15,75.52,276026,2.291657,0.5208
"18-Jun-18",74.96,75,74.28,74.71,172178,2.334727,0.5395
"19-Jun-18",73.74,74.09,72.49,73.58,160062,2.193055,0.4856
"20-Jun-18",73.6,73.75,72.83,73.21,190488,,,,,
"21-Jun-18",73.12,73.12,70.915,71.17,168831,2.316417,0.4785
"22-Jun-18",71.41,71.69,69.69,69.75,554761,2.172535,0.4969
"25-Jun-18",70.3,70.89,69.1,70.46,168513,2.359292,0.5092
"26-Jun-18",70.85,72.43,70.5,72.07,190093
"27-Jun-18",72.28,72.93,70.1,70.28,133247,2.292053,0.496
"28-Jun-18",70.29,70.71,69.31,70.41,88278,2.305691,0.4899
"29-Jun-18",70.71,71.5,69.94,69.95,99469
"02-Jul-18",69.45,70.31,68.78,70.29,141218,2.404904,0.5078
"03-Jul-18",70.73,71.78,70.38,70.77,99244,2.38012,0.5135
"04-Jul-18",,,,,,2.305367,0.5072
"05-Jul-18",71.19,72.37,70.28,72.33,150778,2.384552,0.5123
"06-Jul-18",72.07,72.72,71.8,72.42,94100,2.4296,0.5098
"09-Jul-18",72.85,73.58,72.85,73.54,89932,2.547867,0.5315
"10-Jul-18",73.63,73.95,72.8,73.02,77726,2.722897,0.5244
"11-Jul-18",72.37,73.34,71.745,72.31,125780,2.954626,0.5097
"12-Jul-18",73.63,73.63,72.2,72.28,110161,2.606942,0.5138
"13-Jul-18",72.45,74.19,72.45,73.18,70643,2.625328,0.518
"16-Jul-18",73.55,73.8,71.75,72.06,151909
"17-Jul-18",71.97,72.38,71.55,71.87,104781,2.631635,0.5204
"18-Jul-18",71.82,72.73,71.4516,72.62,127113
"19-Jul-18",72.65,73.39,71.52,73.29,112411
"20-Jul-18",73.32,73.83,72.57,73.45,66048,2.90518,0.4829
"23-Jul-18",73.26,73.26,72,72.43,133201,2.798965,0.4631
"24-Jul-18",73.17,73.53,71.98,72.55,118569,2.808938,0.4615
"25-Jul-18",72.55,73.65,71.725,72.71,75897,2.600394,0.447
"26-Jul-18",72.74,75.03,72.74,74.27,97607,2.646746,0.4564
"27-Jul-18",74.56,75.05,73.3,73.82,88790,2.649847,0.449
"30-Jul-18",74,75.32,73.91,74.48,104507,2.705064,0.448
"31-Jul-18",74.96,76.62,74.8,76.39,165327,,,,,
"01-Aug-18",76.24,76.39,74.78,75.07,153002,2.688395,0.4414
"02-Aug-18",69.9,71.42,63.73,70.13,822153,2.480792,0.4345
"03-Aug-18",70.51,73.4175,70.03,72.13,343607
"06-Aug-18",71.64,74.85,71.59,74.6,192783,3.058915,0.4553
"07-Aug-18",75.16,76.985,74.3432,75.99,195872,2.962783,0.4597
"08-Aug-18",75.92,75.92,74.02,74.25,193225,2.884923,0.452
"09-Aug-18",74.03,74.86,72.74,73.08,254456,2.852267,0.4476
"10-Aug-18",72.63,73.145,71.94,72.61,140359,2.905297,0.4543
"13-Aug-18",72.42,72.56,71.52,72.16,261101,2.889718,0.4478
"14-Aug-18",72.5,73.255,72.25,72.6,88089,2.945552,0.447
"15-Aug-18",72.25,72.81,71.57,72.7,196637,3.265109,0.4557
"16-Aug-18",73.21,74.21,73.21,74.06,90362,3.236497,0.4524
"17-Aug-18",73.85,75.135,73.85,75,128070,3.262804,0.4466
"20-Aug-18",75.35,75.57,74.86,74.91,69475,3.306813,0.4454
"21-Aug-18",75.11,76.21,75.11,76.18,102525,3.218603,0.4401
"22-Aug-18",76.22,76.4,74.8,75.42,75763,3.227784,0.4377
"23-Aug-18",75.42,75.66,74.1,74.34,81148,3.139799,0.4264
"24-Aug-18",74.38,75.82,74.16,75.34,53038,3.215443,0.4272
"27-Aug-18",75.83,76.56,75.47,75.64,98882,3.186652,0.4252
"28-Aug-18",75.84,76.016,74.79,74.93,39212,3.208113,0.422
"29-Aug-18",74.89,75.56,74.19,75.34,52013,3.241373,0.4251
"30-Aug-18",75.07,75.61,74.6,75.1,200261,3.259779,0.4246
"31-Aug-18",75,75.76,74.61,75.07,107731,3.324169,0.4291
"03-Sep-18",,,,,,3.338905,0.427
"04-Sep-18",74.75,74.855,73.265,74.04,78596,3.803291,0.4498,,,
"05-Sep-18",73.87,74.68,73.41,74.4,84586,4.118378,0.4583
"06-Sep-18",74.46,74.8,73.19,73.93,190858,3.513589,0.4528
"07-Sep-18",73.62,74.37,72.53,73.12,101936,3.237588,0.4222
"10-Sep-18",73.52,74.62,73.42,73.57,94855,3.120525,0.4155
"11-Sep-18",73.37,73.55,72.59,73.11,69407,3.125662,0.4149
"12-Sep-18",73.01,74.18,72.66,74.15,103092
"13-Sep-18",74.54,75.5,73.975,75.47,116651,3.121388,0.4158
"14-Sep-18",75.44,78.06,75.44,77.73,236715,3.170984,0.4306
"17-Sep-18",77.77,77.8675,76.56,76.58,94978,3.23181,0.4252
"18-Sep-18",76.78,76.99,76.14,76.37,89741,3.175281,0.4328
"19-Sep-18",76.48,77.35,76.48,76.65,101884,3.077819,0.4093,,,
"20-Sep-18",77.23,78.305,76.39,76.5,136170,2.986998,0.409
"21-Sep-18",76.06,76.94,75.34,75.51,237528,2.914561,0.4117
"24-Sep-18",75.78,75.78,74,74.07,168391,2.862969,0.4022
"25-Sep-18",74.4,74.51,73.58,74.25,93203,2.836716,0.3962
"26-Sep-18",74.22,74.57,73.63,73.73,78161,2.812065,0.3923
"27-Sep-18",73.93,74.48,73.31,73.55,115750,2.830372,0.3911
"28-Sep-18",73.39,74.22,72.84,72.93,88706,2.730564,0.3911
"01-Oct-18",73.44,73.67,70.95,71.14,161540,2.897182,0.3393
"02-Oct-18",71.01,71.77,70.875,71.68,105599,2.769946,0.3891
"03-Oct-18",71.95,74.35,71.83,74.04,103301,2.773026,0.389
"04-Oct-18",73.83,75.1,73.83,74.21,125878,2.767193,0.3921
"05-Oct-18",74.31,74.545,73.7,74.44,135427,2.842586,0.4112
"08-Oct-18",74.33,74.97,73.85,74.79,91687,2.761678,0.401
"09-Oct-18",74.6,75.2,73.585,73.73,106806,2.938483,0.4111
"10-Oct-18",73.47,73.47,69.97,70.23,119400,3.036911,0.4157
"11-Oct-18",70,70.6,67.16,67.18,136371,3.139371,0.4203
"12-Oct-18",68.33,68.33,65.5,66.75,137969,3.194309,0.4264
"15-Oct-18",66.62,67.17,66.16,66.62,58819,3.348461,0.4414
"16-Oct-18",67.19,68.7,66.66,68.54,59008,3.652625,0.4389
"17-Oct-18",68.37,68.37,66.7,67.47,56313,3.659587,0.4426
"18-Oct-18",67.02,67.02,65.12,65.73,67334,3.624301,0.4434
"19-Oct-18",65.76,66.12,64.691,65.3,63378,3.666157,0.4377
"22-Oct-18",65.57,66.15,64.92,64.92,49508,3.699521,0.4427
"23-Oct-18",64.29,64.29,60.91,61.27,259206,3.690624,0.4431
"24-Oct-18",61.37,61.85,58.48,58.71,184222,3.666677,0.439
"25-Oct-18",59.68,60.39,58.68,59.57,159161,3.558738,0.4373
"26-Oct-18",58.77,60.63,57.71,58.95,270679
"29-Oct-18",60.11,60.955,57.305,57.83,142577
"30-Oct-18",57.91,60.32,57.91,60.12,152222
"31-Oct-18",61.22,63.2,60.88,62.2,165047,,,,,
"01-Nov-18",69.98,70.42,66.1,68.98,298000
"02-Nov-18",69.75,72.07,69.405,71.82,235758
"05-Nov-18",72.5,73.25,70.01,70.89,188380,2.939872,0.4441
"06-Nov-18",70.8,73.77,70.73,73.17,205399,2.644539,0.4458
"07-Nov-18",73.79,74.505,72.29,74.41,158770,2.552283,0.45
"08-Nov-18",74.02,74.69,73.44,74.05,103323,2.622731,0.4434
"09-Nov-18",73.32,73.98,70.69,71.2,123171,2.72094,0.4581
"12-Nov-18",71.25,71.94,69.67,69.95,176232,2.658722,0.4485
"13-Nov-18",70.43,71.7,69.76,70.11,110685,2.927794,0.462
"14-Nov-18",70.91,72.04,68.33,68.41,139384,3.119468,0.4518
"15-Nov-18",67.65,69.14,66.55,68.76,124975,3.274879,0.4591
"16-Nov-18",68.67,70.145,68.6,69.77,136071,3.220774,0.456
"19-Nov-18",68.96,69.455,67,67.63,147199,3.121689,0.4614
"20-Nov-18",66.7,67.3,66.06,66.61,101805,3.080269,0.4524
"21-Nov-18",66.79,68.31,66.5,66.61,92569,2.810312,0.4282
"22-Nov-18",,,,,,2.66494,0.4148
"23-Nov-18",66.03,66.9099,65.76,66,53230,2.803503,0.4283
"26-Nov-18",66.61,67.415,66.39,67.19,139688,2.67846,0.4247
"27-Nov-18",66.62,67.68,66.62,67.11,98889,2.743499,0.4251
"28-Nov-18",67.81,69.814,66.41,69.73,124531,2.53656,0.4141
"29-Nov-18",69.24,69.86,68.44,68.82,157389,2.534353,0.4164
"30-Nov-18",68.32,70.82,68.32,70.38,145023,2.734257,0.4297
"03-Dec-18",72.19,72.81,69.5137,70.48,126859,2.711266,0.4654
"04-Dec-18",69.73,70.005,65.36,65.52,150945,4.585279,0.535,,,
"05-Dec-18",,,,,,4.652111,0.5366
"06-Dec-18",64.77,65.465,63.4,64.98,162690,3.91207,0.4807
"07-Dec-18",65.5,66.29,63.64,64.27,191983,3.389135,0.4741
"10-Dec-18",64.37,64.57,62.93,63.71,194888,3.669556,0.4671
"11-Dec-18",65.12,65.45,62.64,62.81,86415,3.822612,0.495
"12-Dec-18",63.6,66.11,62.49,65.1,112746,4.195029,0.4965
"13-Dec-18",65.37,65.44,62.42,63.1,88820,4.323142,0.4969
"14-Dec-18",62.17,64.48,61.995,62.31,88827,4.339305,0.5112
"17-Dec-18",62.46,62.95,60.465,60.86,155338,4.646828,0.5163
"18-Dec-18",61.56,62.47,60.42,60.94,105324,4.537915,0.5029
"19-Dec-18",61.46,62.53,58.565,59.08,149511,4.834811,0.4919,,,
"20-Dec-18",58.95,60.17,58.03,59.57,175083,5.080567,0.4998
"21-Dec-18",59.85,60.53,58,58.25,823236,4.552064,0.4859
"24-Dec-18",57.53,57.595,55.48,55.54,80456,5.334556,0.4872
"25-Dec-18",,,,,,5.300935,0.4934
"26-Dec-18",56.4,59.69,55.54,59.62,110181,3.831647,0.4644
"27-Dec-18",57.98,60.43,57.76,60.3,106956,4.047881,0.4769
"28-Dec-18",60.62,62.09,59.79,60.91,125923,3.868513,0.4716
"31-Dec-18",61.28,61.28,59.45,60.1,123531,3.917287,0.4723
"01-Jan-19",,,,,,3.836568,0.4668
"02-Jan-19",59.5,61.775,58.625,61.62,138369,3.983774,0.483
"03-Jan-19",61.09,61.29,58.825,59.56,95597,4.012256,0.4772
"04-Jan-19",60.63,62.5,60.17,62.16,95693,3.871406,0.475
"07-Jan-19",62.11,62.595,61.35,61.74,124054,3.774605,0.4781
"08-Jan-19",62.36,62.36,61.11,61.99,120547,4.015253,0.4907
"09-Jan-19",62.25,63.18,61.95,62.61,67596,4.013783,0.4916
"10-Jan-19",62.03,63.83,61.85,63.79,104389,4.083175,0.5005
"11-Jan-19",63.13,63.76,62.39,63.69,91575,3.945723,0.4902
"14-Jan-19",62.91,63.745,62.03,62.8,60979,3.9358,0.485
"15-Jan-19",62.85,62.915,61.85,62.66,62906,3.933004,0.4879
"16-Jan-19",62.8,64.63,62.78,63.3,74242,3.965723,0.487
"17-Jan-19",62.76,65.56,62.76,65.15,86451,3.924065,0.4893
"18-Jan-19",65.59,67.46,65,66.16,157143,3.869827,0.4892
"21-Jan-19",,,,,,3.811726,0.4895
"22-Jan-19",65.53,65.57,64,64.54,97154,3.903025,0.4873
"23-Jan-19",64.85,66.36,63.14,63.61,110525,3.849988,0.4863
"24-Jan-19",63.61,63.765,62.7,62.75,111267,3.981754,0.4936
"25-Jan-19",63.43,64.98,62.565,64.32,120740,4.055539,0.4966
"28-Jan-19",63.19,64.29,62.275,63.64,77650,4.029813,0.495
"29-Jan-19",63.78,64.755,63.69,64.5,68757,3.884092,0.4827
"30-Jan-19",65.14,65.94,64.125,65.54,68261,3.908376,0.4867
"31-Jan-19",65.26,66.43,64.52,66.05,93259,3.908714,0.4833
"01-Feb-19",66.76,66.96,65.95,66.41,87420,3.970773,0.4889
"04-Feb-19",66.22,66.81,65.61,66.78,55449,4.218131,0.4823
"05-Feb-19",66.84,67.4099,65.965,66.31,47225,4.201014,0.4742
"06-Feb-19",66.17,66.77,65.8954,66.36,63475,4.242213,0.4723
"07-Feb-19",65.55,66.13,63.73,64.8,69851,4.258603,0.4773
"08-Feb-19",64.4,65.0041,63.44,64.62,53456,4.319496,0.4769
"11-Feb-19",65.07,65.27,64.5,65.23,60706,4.361122,0.4734
"12-Feb-19",65.66,68.58,65.35,68.53,102934,4.395355,0.4856
"13-Feb-19",68.82,69.95,67.13,67.33,161287,4.379226,0.4694,,,
"14-Feb-19",61.75,71.32,61.75,69.3,287119,4.308241,0.4729
"15-Feb-19",69.99,72.84,68.79,72.21,167428,4.335539,0.4626,864128
"18-Feb-19",,,,,,4.248801,0.4565
"19-Feb-19",70.17,70.27,66.34,70.13,232736,4.347709,0.4717
"20-Feb-19",70.16,72.64,70.16,71.91,203124,4.250852,0.4752
"21-Feb-19",71.83,72.31,70.785,70.88,162599,4.421321,0.4746
"22-Feb-19",71.31,71.31,69.67,70,144936,4.272849,0.4676
"25-Feb-19",70.17,71.74,69.66,69.68,115863,4.140576,0.4715
"26-Feb-19",69.76,70.5,69.28,70.13,138162,4.161021,0.4727
"27-Feb-19",69.96,70.39,69.175,70.2,80182,4.151617,0.4711,,857906.2784
"28-Feb-19",70.33,70.33,68.52,68.59,83529,4.245638,0.4679,868459,875620.9024
"01-Mar-19",69.21,69.33,68.28,68.91,123572,4.276807,0.4646,,876657.856
"04-Mar-19",69.14,69.72,68.25,68.97,118307,4.73163,0.516,,968773.9008
"05-Mar-19",68.65,69.61,68.44,68.67,89572,5.50672,0.4973,,1118354.4576,
"06-Mar-19",68.61,69.38,68.39,68.81,154787,6.097525,0.4887,,1243048.128
"07-Mar-19",68.67,69.08,65.79,66.17,109760,4.903138,0.4548,,992623.8336
"08-Mar-19",65.56,66.89,65.245,66.73,90338,4.663993,0.4448,,931702.8096
"11-Mar-19",66.43,68.54,66.43,67.95,113644,4.633647,0.4502,,908147.5763
"12-Mar-19",67.95,67.95,66.03,66.28,91839,4.630048,0.4432,,908147.5763
"13-Mar-19",66.63,67.585,65.585,65.97,129099,4.308102,0.441,,846834.3709
"14-Mar-19",66.05,66.05,64.66,64.81,84001,4.272615,0.4411,,839278.7776
"15-Mar-19",64.95,65.879,64.87,65.19,211292,4.154614,0.4527,848396,829465.1909
"18-Mar-19",65.65,67.84,65.45,67.72,207718,4.147737,0.4557,,833807.4859
"19-Mar-19",68.25,68.63,66.91,67.28,110790,4.029919,0.4487,,810706.4765
"20-Mar-19",67.2,67.28,65.71,66.59,155078,3.765683,0.4582,,758077.8611,
"21-Mar-19",66.35,68.38,66.35,67.69,116562,3.670719,0.478,,733326.7796
"22-Mar-19",67.1,67.55,63.39,63.44,94128,3.955499,0.4445,,714654.9111
"25-Mar-19",63.44,64.66,63,63.9,76310,3.649932,0.4504,,658986.6892
"26-Mar-19",64.7,65,63.675,64,97395,3.932838,0.4553,,724699.8632
"27-Mar-19",63.66,64.12,62.71,63.5,179464,3.732489,0.444,,694581.8052
"28-Mar-19",63.71,65.21,63.71,64.95,94581,3.726736,0.4436,,692291.136
"29-Mar-19",65.56,65.6,64.1,64.45,149507,3.70729,0.4394,759406,691018.542
"01-Apr-19",65.47,66.03,65.03,65.79,111609,4.050064,0.4493,,753630.1668
"02-Apr-19",65.73,66.665,65.5,66.62,105716,3.864659,0.435,,718336.8932
"03-Apr-19",67.09,67.92,66.58,67.13,140767,3.58097,0.4202,,665821.1808
"04-Apr-19",67.27,68.795,67.19,68.45,87449,3.652847,0.4178,,678377.4416
"05-Apr-19",68.65,69.91,68.65,69.49,114650,3.582912,0.4141,,667178.6144
"08-Apr-19",69.03,69.91,68.31,69.88,72162,3.573643,0.4109,,660645.9652
"09-Apr-19",69.31,69.31,68.5,68.66,106798,3.544206,0.4117,,718625.8978
"10-Apr-19",68.75,70.07,68.47,69.85,167000,3.530282,0.4161,,725840.2548
"11-Apr-19",69.93,70.86,69.8,70.62,147739,3.609107,0.4296,,746496.098
"12-Apr-19",71.4,72,71.34,71.74,96218,3.649796,0.4276,,755381.1482
"15-Apr-19",71.73,72.32,71.02,71.27,171116,3.544721,0.4229,719604,744825.4048
"16-Apr-19",71.56,71.85,71.2,71.33,131649,3.49669,0.3983,,741559.959
"17-Apr-19",71.72,72.17,70.69,70.74,112792,3.464314,0.4015,,738522.335
"18-Apr-19",70.72,72.16,70.72,71.69,77482,3.433565,0.398,,731080.1562
"19-Apr-19",,,,,,3.445807,0.3972,,729789.166
"22-Apr-19",71.53,72.39,71.15,72.15,158039,3.428066,0.4125,,730016.9878
"23-Apr-19",72.46,74.86,72.4,74.7,178137,3.377407,0.3929,,727055.3044
"24-Apr-19",74.72,75.63,74.325,74.9,164224,3.365157,0.4035,,704852.118
"25-Apr-19",74.33,74.33,71.87,72.2,152448,3.483788,0.4176,,733636.278
"26-Apr-19",72.25,73.01,71.655,72.53,158888,3.493543,0.4101,,739393.11
"29-Apr-19",72.84,75.01,72.84,74.8,120510,3.518833,0.4182,,748891.8828
"30-Apr-19",74.8,75.73,74.15,74.32,180992,3.409933,0.3954,712584,736226.8524,
"01-May-19",74.92,74.92,72.58,72.8,326750,3.323675,0.4171,,744574.2588
"02-May-19",65.75,67.19,63.385,64.79,498900,3.090193,0.3992,,727879.446
"03-May-19",65.89,67.23,65.67,67.19,152053,3.012641,0.4162,,710968.752
"06-May-19",65.63,67.14,65.44,67.08,135561,2.913262,0.4094,,701326.0584
"07-May-19",65.99,66.62,65.1721,65.89,96817,2.883245,0.4067,,696792.5532
"08-May-19",65.99,66.06,64.84,65,103151,2.84844,0.4031,,691035.7212
"09-May-19",64.22,65.64,64.055,65.54,101089,2.755982,0.3952,,650660.4504
"10-May-19",65.56,65.89,64.02,65.6,77009,2.754949,0.3932,,645743.6208
"13-May-19",64.03,64.265,61.86,62.09,123139,2.658308,0.3899,,630209.2896
"14-May-19",62.33,62.88,61.455,62.37,81993,2.704147,0.3928,,635268.636
"15-May-19",61.67,63.39,61.58,63.17,82413,2.693377,0.379,723579,617810.328
"16-May-19",63.55,64.3,63.025,63.07,78820,2.791482,0.3885,,633629.6928
"17-May-19",62.25,62.91,61.33,61.36,64934,2.887714,0.3929,,650019.1248
"20-May-19",60.85,61.44,60.52,60.94,126025,2.916433,0.392,,648237.6648
"21-May-19",61.54,62.08,61,61.49,115762,3.013068,0.3954,,662631.8616
"22-May-19",61.25,61.29,60.27,60.28,92092,3.045994,0.3898,,664199.5464
"23-May-19",59.5,59.575,58.27,59.48,160489,3.079742,0.3965,,672821.8128
"24-May-19",60.11,60.11,58.99,59.5,54273,2.942818,0.3794,,746082.3069
"27-May-19",,,,,,2.941493,0.3794,,746082.3069
"28-May-19",59.75,60.325,58.98,59.09,121875,3.018274,0.3924,,769598.6244
"29-May-19",58.69,59.12,57.42,58.34,137492,3.022892,0.3933,,771479.9298
"30-May-19",58.54,59.01,57.27,57.65,93580,3.185101,0.4073,,809395.4694
"31-May-19",56.74,56.74,55.435,55.49,104688,3.154845,0.4019,750450,799337.7213
"03-Jun-19",55.43,58.07,55.43,57.95,178335,3.554038,0.4521,,911420.1084
"04-Jun-19",58.65,60.51,57.85,60.47,73703,4.407085,0.471,,1122632.8185,
"05-Jun-19",60.56,60.94,59.9,60.57,83898,4.586136,0.4748,,1163442.6741
"06-Jun-19",60.69,61.19,58.89,60.62,84678,3.553217,0.4264,,900928.2129
"07-Jun-19",61.02,62.06,60.77,61.42,100301,3.659305,0.4328,,921767.2881
"10-Jun-19",61.89,62.85,61.89,62.03,70286,3.69194,0.4485,,929799.015
"11-Jun-19",63,63.41,61.66,62.08,61646,3.697989,0.4344,,867370.11
"12-Jun-19",62.09,62.15,61.03,61.42,62148,3.667074,0.4294,,854762.55
"13-Jun-19",62.06,62.84,61.67,62.45,69909,3.70953,0.4317,,862342.095
"14-Jun-19",62.47,62.73,61.85,61.87,81970,3.718241,0.4323,746231,859340.295
"17-Jun-19",62.04,62.35,61.405,61.69,69560,3.514779,0.4302,,802080.96
"18-Jun-19",62.32,64.1,62.03,63.41,41631,3.531641,0.429,,797728.35
"19-Jun-19",63.26,64.13,62.83,63.87,124127,3.578438,0.4334,,799829.61,
"20-Jun-19",64.85,65.745,64.43,65.03,82555
"21-Jun-19",64.58,65.27,64.34,64.46,140822
"24-Jun-19",64.73,64.92,64.175,64.45,80511,3.683065,0.4321,,817690.32
"25-Jun-19",64.35,64.97,63.53,63.55,145935,3.57398,0.428,,691308.3984
"26-Jun-19",63.83,64.89,63.62,64.18,106195,3.535527,0.4305,,686457.8969
"27-Jun-19",64.19,64.41,63.22,63.89,215172,3.503913,0.4321,,690487.5443
"28-Jun-19",64.25,64.63,63.69,63.84,317630,3.673222,0.4423,783922,736455.3739
"01-Jul-19",64.92,65,63.33,63.79,102949,3.432072,0.4206,,686681.7662
"02-Jul-19",63.69,63.69,62.47,62.93,128471,3.031631,0.3755,,607805.1495
"03-Jul-19",63.41,63.97,63.18,63.97,31726,2.8961,0.3534,,575269.4779
"04-Jul-19",,,,,,2.847353,0.3527,,564374.5053
"05-Jul-19",63.38,64.25,62.74,64.17,52675,2.708194,0.3283,,534376.0191
"08-Jul-19",63.64,64.655,63.64,63.87,80152,2.736574,0.3315,,537584.8124
"09-Jul-19",63.4,64.02,63.0542,63.6,74287,2.825297,0.3355,,555195.864
"10-Jul-19",64.02,64.49,62.2,62.3,95631,2.898087,0.3602,,605344.5684
"11-Jul-19",62.39,62.86,60.32,60.9,122525
"12-Jul-19",61.07,62.72,61.07,62.51,151191,2.906133,0.3366,,603776.7244
"15-Jul-19",62.75,62.91,61.8,62.6,90998,2.853763,0.356,690627,592488.2476
"16-Jul-19",62.57,64.04,61.875,63.28,64726,2.783651,0.3383,,569911.294
"17-Jul-19",63.2,63.38,61.96,62.18,95567,2.850681,0.3595,,580807.8098
"18-Jul-19",62.06,62.34,61.65,61.94,67090,2.882455,0.3583,,583786.7134
"19-Jul-19",61.73,63.6,61.73,62.07,120266,2.882042,0.353,,587000.7936
"22-Jul-19",62.64,63.41,61.62,62.78,101610,2.931645,0.3741,,595702.3278
"23-Jul-19",63.35,64.115,62.83,63.29,156389,3.062138,0.3648,,622120.4992
"24-Jul-19",63.13,65.37,62.92,65.37,157646,3.044298,0.3376,,719011.7697
"25-Jul-19",65.37,66.4,64.37,66.31,189421,3.080176,0.3491,,729854.6136
"26-Jul-19",66.59,67.44,65.68,67.21,136047,3.114413,0.3635,,736415.5701,
"29-Jul-19",67.19,67.3,64.26,64.54,106519,3.331027,0.3605,,782204.1402
"30-Jul-19",65.97,73.8,65.93,71.54,394033
"31-Jul-19",71.3,73.53,70.93,71.04,211831,3.044012,0.3433,713837,749054.0442
"01-Aug-19",70.78,71.4345,68.24,68.44,152060,2.890274,0.3554,,708652.3647
"02-Aug-19",67.98,67.98,66.21,67.03,93263,2.802471,0.348,,667076.6193
"05-Aug-19",65.72,66.2,63.47,64.11,164362,2.766271,0.321,,626882.1279
"06-Aug-19",64.52,65.26,63.43,65.19,137875,2.795843,0.3191,,635653.0908
"07-Aug-19",63.96,65.33,63.23,65.01,111898,2.803687,0.3166,,635376.84
"08-Aug-19",65.8,67.56,65.65,66.89,146865,3.007959,0.3443,,686276.0499
"09-Aug-19",66.53,66.78,64.89,64.92,97457,2.859558,0.3206,,621323.7248
"12-Aug-19",64.29,64.525,62.67,62.97,98820,3.00851,0.3229,,656801.4237
"13-Aug-19",62.96,64.9,62.96,63.93,115742,3.122983,0.3226,,681857.1024
"14-Aug-19",62.52,62.57,60.375,60.45,178524,3.380678,0.351,,743604.0029
"15-Aug-19",60.74,60.78,59.31,59.85,170069,3.173617,0.3345,764150,706198.9441
"16-Aug-19",60.48,62.72,60.48,61.94,132863,3.037877,0.3253,,680500.8121
"19-Aug-19",62.78,63.69,62.57,63.46,168811,2.939897,0.3258,,671006.78
"20-Aug-19",63.4,63.62,62.72,62.81,80836,2.891517,0.332,,656587.2726
"21-Aug-19",63.72,64.89,63.32,64.59,117045,2.806017,0.3273,,636457.0692
"22-Aug-19",64.98,65.56,64.03,64.22,100911,2.785435,0.3308,,630603.6058
"23-Aug-19",63.56,64.08,60.29,60.86,104899,2.942,0.3228,,667152.0602
"26-Aug-19",61.81,62.13,60.585,61.15,99031,2.957853,0.3282,,726095.33
"27-Aug-19",61.79,61.84,59.23,59.73,97239,2.985656,0.3317,,730833.06
"28-Aug-19",59.61,60.51,59.16,60,96090,3.010853,0.3348,,734883.055
"29-Aug-19",61.13,61.92,60.91,61.81,98627,3.114579,0.3467,,757883.97
"30-Aug-19",62.37,63.145,62.01,62.28,92491,3.042247,0.3393,774701,736029.28
"02-Sep-19",,,,,,3.027218,0.3393,,736029.28
"03-Sep-19",61.22,61.6,59.45,60.06,77477,4.339508,0.4388,,1049483.61,
"04-Sep-19",60.95,61.37,60.555,61.02,70234,5.126832,0.4524,,1222410.755
"05-Sep-19",62.05,64.55,61.945,63.45,115556,4.950011,0.5643,,1186801.365
"06-Sep-19",63.88,64.26,63.4,63.67,138015,2.840363,0.4677,,685824.625
"09-Sep-19",64.05,66.01,64.05,65.5,96934,2.643749,0.4743,,640892.605
"10-Sep-19",65.67,69.8,65.34,68.89,300655,2.4913,0.4587,,618273.765
"11-Sep-19",69.3,70.49,68.22,70.48,183748,2.370191,0.4609,,628050.1007
"12-Sep-19",70.47,70.73,69,70.16,95109,2.386267,0.4545,,635022.4097
"13-Sep-19",70.9,71.4685,69.98,70.49,120679,2.193993,0.4289,747882,588075.5291
"16-Sep-19",70.57,71,69.58,69.86,185145,2.096017,0.4265,,572968.8596
"17-Sep-19",69.26,70.53,68.87,70.43,163993,2.111683,0.5061,,579863.6985
"18-Sep-19",70.04,70.68,68.56,69.22,152104,2.191678,0.4359,,607830.4046,
"19-Sep-19",69.16,70.11,68.59,68.66,109639,2.303808,0.4432,,644163.8815
"20-Sep-19",68.83,69.66,68.181,68.74,244657,2.221732,0.4431,,630141.7934
"23-Sep-19",68.01,69.81,68.01,69.35,94779,2.242367,0.4466,,636184.4612
"24-Sep-19",69.34,69.99,67.62,67.79,85096,2.101382,0.4443,,754089.4206
"25-Sep-19",67.64,69.44,67.64,68.95,71238,2.08145,0.4239,,746087.0832
"26-Sep-19",68.7,69.14,67.415,67.63,63869,2.006558,0.4206,,712282.8168
"27-Sep-19",67.83,68.49,67.04,67.91,111853,2.004433,0.4173,,711983.664
"30-Sep-19",68.02,69.64,67.94,68.65,124796,2.047921,0.4155,720361,702934.2918
"01-Oct-19",69.24,70.28,66.73,66.92,201570,2.000991,0.547,,693286.614
"02-Oct-19",65.95,66.76,64.38,65.34,109417,2.170951,0.4563,,752818.0212
"03-Oct-19",64.88,65.44,63.44,64.99,105491,2.457605,0.4452,,849818.3166
"04-Oct-19",65.02,66.57,64.57,65.78,68829,2.590502,0.4414,,899851.6224
"07-Oct-19",65.46,65.78,64.57,64.92,56559,2.684985,0.4555,,933057.5832
"08-Oct-19",63.89,63.95,62.9,63.2,89389,2.3749,0.4316,,821697.9534
"09-Oct-19",63.2,64.08,62.72,63.43,123420,2.210861,0.4186,,787930.8618
"10-Oct-19",63.72,64.79,63.57,63.75,104788,2.274698,0.4459,,813647.7495
"11-Oct-19",65.03,67.88,65,66.96,118219,2.451554,0.4619,,879272.6366
"14-Oct-19",66.32,67.47,65.97,67.05,54493,2.480668,0.4604,,879848.9254
"15-Oct-19",67.27,68.52,66.92,67.55,61457,2.37394,0.4506,725615,835474.6878
"16-Oct-19",67.12,68.24,67.11,67.25,46517,2.447141,0.5735,,856581.2651
"17-Oct-19",67.69,68.5,67.4,67.82,66657,2.610327,0.4444,,913922.0007
"18-Oct-19",67.29,68.1,67.14,67.65,72189,2.533124,0.4279,,884387.1997
"21-Oct-19",68.49,69.56,68.16,68.33,42969,2.519738,0.433,,877471.7341
"22-Oct-19",68.43,70.32,67.26,69.82,85207,2.442618,0.4334,,846568.2472
"23-Oct-19",69.87,70.11,69.08,69.75,70234,2.224308,0.4134,,767976.8621
"24-Oct-19",70.32,70.42,68.73,69.48,56403,2.368602,0.4332,,701452.0205
"25-Oct-19",69.33,71.07,68.935,70.75,39295,2.605523,0.474,,760226.8355
"28-Oct-19",71.36,72.18,71.26,71.56,50859,2.695392,0.4619,,770675.6915
"29-Oct-19",71.19,71.95,70.69,71.53,72641,2.825215,0.4839,,803183.2435
"30-Oct-19",71.62,71.62,69.57,70.61,58069,2.796412,0.4581,,789977.0505,
"31-Oct-19",70.51,70.51,68.64,69.55,61885,2.961838,0.4641,673783,800208.222
"01-Nov-19",70.24,71.39,70.09,71.32,85560,2.974451,0.2247,,789686.8045
"04-Nov-19",72.29,72.38,70.54,71.42,144522,3.148818,0.4526,,836924.341
"05-Nov-19",64.7,69.67,64.5,68.7,199004,2.92968,0.4433,,788453.259
"06-Nov-19",66.35,67.52,64.66,66.22,245469,2.663617,0.4302,,724889.385
"07-Nov-19",67.01,67.4,66.32,67.24,142914,2.733632,0.4761,,744480.99
"08-Nov-19",66.98,67.96,66.3,67.23,164570,3.35065,0.4792,,918991.3975
"11-Nov-19",66.55,67.45,65.63,66.93,101725,3.364723,0.4792,,918991.3975
"12-Nov-19",67.16,67.16,66,66.26,95215,3.241197,0.4692,,743721.6754
"13-Nov-19",65.56,65.87,64.36,64.55,103326,2.739592,0.4556,,629043.8088
"14-Nov-19",64.12,65.005,64.06,64.42,69436
"15-Nov-19",65.03,65.03,63.85,64.05,82664,2.414022,0.44,634246,543540.7461
"18-Nov-19",63.85,64.08,62.66,63.69,114998,2.203309,0.4275,,490648.7806
"19-Nov-19",64.12,64.48,63.25,63.33,104380,2.127662,0.4251,,473534.6924
"20-Nov-19",63.08,63.83,62.51,62.57,125984,2.105083,0.4296,,465718.8096
"21-Nov-19",62.82,63.14,62.25,62.36,194358,2.024255,0.4286,,455005.6599
"22-Nov-19",62.63,63.295,62.39,63.14,100018,2.058445,0.4361,,461608.7333
"25-Nov-19",63.57,66.1,63.04,65.96,139777,1.918242,0.4389,,432770.8209
"26-Nov-19",66,66.72,65.59,66.15,85417,1.835801,0.4378,,481646.4124
"27-Nov-19",66.68,67.08,65.58,67.01,59038,1.908686,0.4327,,497946.5346
"28-Nov-19",,,,,,1.904712,0.4329,,497756.2608
"29-Nov-19",66.73,66.97,66.25,66.39,31380,1.96809,0.4388,604398,509553.2364
"02-Dec-19",66.6,66.96,65.78,65.99,176526,2.329249,0.4819,,611222.8702
"03-Dec-19",64.78,64.78,62.41,62.41,127495,3.708941,0.4798,,975787.471,
"04-Dec-19",63.1,64.17,62.63,62.73,96639,4.109319,0.467,,1084053.2632
"05-Dec-19",62.89,63.36,62.31,63.15,156854,2.186827,0.4875,,583886.8676
"06-Dec-19",64.23,65.15,63.95,64.05,96634,2.033534,0.4829,,541519.2348
"09-Dec-19",63.92,64.16,63.7,64,76517,1.813482,0.5059,,478792.3054
"10-Dec-19",63.91,64.32,63.31,63.59,77850,1.560983,0.4979,,487507.4268
"11-Dec-19",63.82,64.78,63.58,64.71,86795,1.572609,0.4985,,476386.5036
"12-Dec-19",64.68,66.76,64.59,66.43,109239,1.567874,0.4943,,469859.0052
"13-Dec-19",66.53,67.28,65.27,66.73,222230,1.631696,0.485,607262,498084.3918
"16-Dec-19",67.2,68.57,66.32,66.55,181541,1.584219,0.4867,,487809.6258
"17-Dec-19",66.68,67.89,66.39,67.79,158962,1.486086,0.491,,455897.4114
"18-Dec-19",68.01,68.2,66.76,67.44,106230,1.674599,0.4982,,509507.514,
"19-Dec-19",67.28,67.86,66.69,67.71,79150,1.504914,0.5808,,453056.7408
"20-Dec-19",68.01,68.02,66.35,66.88,327974,2.064181,0.5733,,641145.3984
"23-Dec-19",66.83,67.41,66.49,66.99,84263,2.094174,0.5733,,635766.2562
"24-Dec-19",67.16,67.67,66.73,67.42,40216
"25-Dec-19",,,,,,1.39017,0.5649,,512043.3184
"26-Dec-19",67.47,67.74,66.67,66.92,64379,1.350019,0.5616,,496740.316
"27-Dec-19",67,67.25,66.21,66.43,101127
"30-Dec-19",66.65,67.05,66.11,66.54,121350,1.303927,0.5589,,483076.921
"31-Dec-19",66.3,67.4,66.3,66.88,104536,1.278986,0.5634,630712,473725.0862
"01-Jan-20",,,,,,1.282415,0.5634,,473725.0862
"02-Jan-20",67.6,67.74,66.48,67.72,107543,1.145843,0.6111,,417431.8988
"03-Jan-20",66.46,67.92,66.36,67.64,94933,1.324229,0.5929,,481376.5874
"06-Jan-20",66.85,67.765,66.59,67.48,64152,1.335882,0.5942,,485202.338
"07-Jan-20",67.1,67.79,66.07,66.91,86053,1.2513,0.6687,,453199.6306
"08-Jan-20",67.08,67.68,66.71,66.78,75673,1.288873,0.7213,,468138.2758
"09-Jan-20",67.31,68.32,66.64,67.73,86942,1.239572,0.638,,450102.5944
"10-Jan-20",67.73,67.73,66.06,66.38,65198,1.256257,0.6213,,602014.604
"13-Jan-20",66.52,67.9,66.43,67.76,63811,1.217645,0.6565,,578552.1176
"14-Jan-20",67.57,67.9899,66.47,66.59,94623,1.255216,0.6919,,595644.4128
"15-Jan-20",66.44,67.11,65.54,66.08,79985,1.33389,0.6963,654254,635442.34
"16-Jan-20",66.78,67.53,66.465,67.22,58085,1.260725,0.6709,,600311.6816
"17-Jan-20",67.62,67.97,66.68,67.06,56152,1.261789,0.6663,,601699.248
"20-Jan-20",,,,,,1.248644,0.6663,,601699.248
"21-Jan-20",66.49,66.87,65.1191,65.31,77172,1.232585,0.6822,,591481.7136
"22-Jan-20",65.41,65.66,64.06,65,67748,1.227932,0.6989,,591481.7136
"23-Jan-20",64.78,65.36,63.42,65.1,150995,1.303231,0.725,,634054.7736
"24-Jan-20",65.44,65.57,62.95,63.22,98093,1.154779,0.7491,,564234.9552
"27-Jan-20",61.63,62.72,61.5701,62.21,88641,1.348497,0.6075,,688536.9096
"28-Jan-20",62.76,62.76,61.985,62.26,46929,1.46043,0.5578,,739045.3184
"29-Jan-20",62.34,62.53,60.4,60.54,72344,1.633105,0.5324,,829070.6688
"30-Jan-20",59.84,60.64,59.32,60.52,75855,1.614504,0.5392,,820041.9636
"31-Jan-20",60.02,60.02,58.35,58.44,97014,1.788901,0.5164,719589,913861.9872
"03-Feb-20",58.84,59.235,57.21,57.39,141817,1.797792,0.5226,,932442.8008
"04-Feb-20",58.67,59.455,58.0899,59.14,210299,1.863008,0.5215,,980595.8952
"05-Feb-20",60.29,61.78,59.5601,61.57,83413,1.656714,0.507,,864334.9594
"06-Feb-20",61.94,61.94,59.47,59.84,64530,1.501527,0.5779,,768094.196
"07-Feb-20",59,59.485,58.16,58.8,102709,0.695789,0.6046,,348390.255
"10-Feb-20",58.54,58.92,58.25,58.79,72847,0.656514,0.6097,,322220.095
"11-Feb-20",59.39,60.16,59.1858,59.43,48331,0.822631,0.5925,,315251.9409
"12-Feb-20",60.1,60.1,59.14,59.57,56062,0.844276,0.6366,,321224.5296
"13-Feb-20",59.22,59.77,58.7,59.6,40455,0.841636,0.6537,,317482.6668
"14-Feb-20",59.72,59.72,58.69,59.05,49291,0.849873,0.642,749333,317842.4613
"17-Feb-20",,,,,,0.843318,0.642,,317842.4613
"18-Feb-20",58.66,59.28,58.12,59.03,63913,0.922459,0.6378,,345618.5967
"19-Feb-20",59.26,59.26,58.26,59.01,95539,0.885199,0.6634,,330651.1455,
"20-Feb-20",58.74,60.8,58.74,60.66,69560,1.057868,0.6394,,392895.594
"21-Feb-20",60.62,61.08,59.6,60.52,88026,1.021767,0.6572,,377136.5949
"24-Feb-20",57.98,58.76,57.12,58.19,99767,1.099339,0.5929,,399299.9361
"25-Feb-20",66.15,66.96,59.87,60.22,172655,0.613434,0.5729,,225591.1515
"26-Feb-20",60.93,61.04,56.7,56.7,213324,0.579903,0.5466,,508872.0403
"27-Feb-20",54.85,56.96,53.78,53.78,133603,0.678381,0.5866,,599990.9331
"28-Feb-20",52.18,54.04,51.14,53.95,169925,0.670389,0.5183,688339,603512.7982
"02-Mar-20",54.1,55.96,52.95,55.93,102317,1.082565,0.5591,,985522.7616
"03-Mar-20",55.72,56.62,52,52.22,129085,2.741613,0.574,,2477294.898,
"04-Mar-20",53.16,54.465,52.1,54.13,75774,3.082151,0.583,,2762266.2379
"05-Mar-20",52.57,52.83,49.91,50.43,114157,0.831264,0.5914,,747085.001
"06-Mar-20",48.48,51.08,48.48,50.37,95513,0.54901,0.5414,,488565.116
"09-Mar-20",46,47.06,45.27,46.26,124936,0.601005,0.5509,,537271.761
"10-Mar-20",48.18,49.455,47.02,49.27,137669,0.71944,0.5378,,740721.5979
"11-Mar-20",47.59,47.59,44.98,45.86,127425,1.085134,0.5236,,1125984.9362
"12-Mar-20",40.36,42.82,39.91,40.51,161382,1.319115,0.5456,,1384800.4002
"13-Mar-20",43.03,47.13,40.21,47.13,174954,1.159356,0.5384,682832,1229511.1218
"16-Mar-20",42.45,47.32,39,39.57,179543,1.175608,0.5407,,1238597.1966
"17-Mar-20",40.27,41.35,37.58,41.34,218303,1.457945,0.6187,,1544701.5499
"18-Mar-20",38.53,39.6801,32.55,32.58,122872,1.713985,0.6391,,1805926.2004,
"19-Mar-20",32,34.51,30.04,32.03,191407,1.60387,0.6091,,1712174.4286
"20-Mar-20",32.37,33.88,30.91,31.21,268819,1.442568,0.5501,,1584487.5441
"23-Mar-20",31.4,33.32,30.28,32.79,126481,1.508712,0.5465,,1607684.5684
"24-Mar-20",34.81,37.91,33.89,37.73,202221,1.582431,0.5426,,953370.0384
"25-Mar-20",37.85,39.19,36.27,36.76,224862,1.490039,0.5486,,922574.3152
"26-Mar-20",37.29,42.4,36.55,42.36,185607,1.108408,0.5442,,693689.0288
"27-Mar-20",40.25,41.25,38,38.26,178153,1.066114,0.5133,,677983.8928
"30-Mar-20",38.18,41.18,37.38,40.98,103707,1.126483,0.5875,,716632.184
"31-Mar-20",40.63,41.56,38.34,39.58,148817,1.047619,0.5178,625747,669038.7936
"01-Apr-20",37.7,39.21,37,38.71,133699,0.971749,0.5133,,623084.2
"02-Apr-20",37.7,41.12,37.04,38.53,117869,1.258275,0.6185,,807175.7072
"03-Apr-20",37.79,38.16,34.14,36.3,137970,1.325026,0.5842,,853540
"06-Apr-20",38,40.955,38,40.88,114882,1.428334,0.5533,,922574.3152
"07-Apr-20",42.66,43.97,39.71,40.26,126081,1.595335,0.6356,,1039065.4544
"08-Apr-20",41.22,41.85,39.495,41.37,91718,1.790905,0.6661,,1167369.5872
"09-Apr-20",42.76,43.56,41.66,43.08,114626,1.661899,0.6385,,1018528.3919
"10-Apr-20",,,,,,1.655164,0.6385,,1018528.3919
"13-Apr-20",42.56,42.76,39.92,40.71,69848,1.601368,0.6531,,985989.5479
"14-Apr-20",41.82,41.99,40.64,41.57,113083,1.49189,0.5913,,924728.9166
"15-Apr-20",40.1,40.59,37.26,38.66,117702,1.569011,0.5834,601964,975539.573
"16-Apr-20",38.85,39.365,36.93,38.01,105575,1.594733,0.5956,,994937.73
"17-Apr-20",38.71,40.705,38.71,40.26,147497,1.685496,0.5629,,1064082.7735
"20-Apr-20",38.95,40.425,38.06,39.49,96500,1.695578,0.5583,,1076159.6906
"21-Apr-20",38,39.08,37.47,38.87,85741,1.863403,0.6051,,1177217.8311
"22-Apr-20",39.75,39.795,38.885,39.43,76853,1.801282,0.5516,,1137983.4942
"23-Apr-20",39.48,41.08,39.48,39.75,75617,2.012361,0.5344,,1272581.6739
"24-Apr-20",40.03,41.31,39.8,40.98,113884,2.05371,0.5576,,797542.1036
"27-Apr-20",41.35,44.22,41.35,43.8,111341,2.040205,0.5704,,793689.534
"28-Apr-20",45.45,47.11,45.12,45.36,171927,2.115378,0.5551,,831793.8552
"29-Apr-20",46.97,49.49,46.18,47.75,179951,1.994972,0.5574,,797903.282,
"30-Apr-20",46.33,46.33,44.693,45.35,150786,1.677651,0.5505,593072,677630.8748
"01-May-20",44.5,45,42.27,43.88,125106,1.430551,0.5228,,583483.7052
"04-May-20",43.07,44.18,42.21,44.18,131754,1.475239,0.6049,,600940.6612
"05-May-20",48.56,48.99,42.39,42.52,162434,1.538948,0.6133,,623092.9364
"06-May-20",43.47,44.35,41.11,42.1,119339,1.770409,0.6069,,720069.3368
"07-May-20",43.04,43.15,41.47,43.05,195029,1.675586,0.55,,692740.1712
"08-May-20",44.26,45.53,43.84,45.48,112013,1.659301,0.5732,,686780.7276
"11-May-20",44.44,44.595,43.53,43.53,116436,2.016189,0.5709,,734341.7504
"12-May-20",43.53,43.53,40.81,40.81,147288,2.113158,0.5624,,779059.3792
"13-May-20",40.45,40.47,38.73,39.51,123208,2.056424,0.5131,,764351.1936
"14-May-20",38.64,40.64,37.53,40.36,136124,2.176654,0.5031,,818380.0528
"15-May-20",40.59,42.18,39.91,41.65,130257,2.420069,0.5167,643337,918727.8352
"18-May-20",43.88,45.56,43.36,45.04,220431,2.517755,0.5114,,965402.6016
"19-May-20",44.8,45.27,43.44,43.53,143918,2.725067,0.4867,,1054541.3232
"20-May-20",44.64,46.4,44.45,46.07,119680,2.715388,0.4894,,1053651.7152
"21-May-20",45.84,46.6,45.39,45.52,105619,2.689016,0.4987,,1047720.9952
"22-May-20",45.75,45.75,44.035,44.56,87407,2.704463,0.5003,,1053651.7152
"25-May-20",,,,,,2.69269,0.5003,,1053651.7152
"26-May-20",46.65,47.3,45.825,47.11,153363,2.77113,0.4884,,1082000.5568
"27-May-20",48.09,49.13,47.81,48.64,221987,2.816887,0.4868,,770910.7271
"28-May-20",49.36,49.36,46.33,46.46,104159,2.726945,0.4868,,743826.2394
"29-May-20",45.48,45.77,44.03,45.08,133935,2.331921,0.4774,584840,633429.6102
"01-Jun-20",44.78,46.06,44.38,44.44,163291,2.274889,0.4868,,619790.8658
"02-Jun-20",44.5,46.5,44.3901,45.6,108792,3.271595,0.4627,,888448.397,
"03-Jun-20",46.95,48.51,46.95,47.98,115587,3.424097,0.4775,,931230.3075
"04-Jun-20",47.35,50.59,47.35,50.18,134291,2.11167,0.5028,,574628.6084
"05-Jun-20",52.84,55.06,52.62,53.59,152661,1.820912,0.5039,,499808.5153
"08-Jun-20",54.4,56.05,53.45,53.49,111906,1.691135,0.4996,,466290.6576
"09-Jun-20",52.42,53.36,51.5,52.27,87398,1.785423,0.495,,451964.352
"10-Jun-20",51.66,51.88,48.64,48.73,80587,1.840024,0.4856,,463485.7
"11-Jun-20",46,46.47,44.16,44.65,173875,1.813079,0.4789,,458514.56
"12-Jun-20",46.89,47.11,43.3,45.15,135730,1.791598,0.4792,,453484.936
"15-Jun-20",43.75,46.44,43.51,45.81,99524,1.93744,0.4775,577392,485007.812
"16-Jun-20",48.11,48.68,46.42,47.18,76395,1.75938,0.5192,,437401.836
"17-Jun-20",47.23,47.23,45.39,45.52,86360,1.775155,0.5229,,436700.028,
"18-Jun-20",44.77,45.99,44.75,45.81,107116,1.828165,0.5156,,444010.528
"19-Jun-20",46.84,47.49,46.27,47.17,316787,1.74893,0.5206,,434302.184
"22-Jun-20",46.54,47.72,46.1081,47.53,121805,1.771143,0.5527,,429564.98
"23-Jun-20",48.59,49.28,47.75,47.96,178832,1.841465,0.5555,,448981.668
"24-Jun-20",47.14,47.48,44.76,44.98,226851,2.172664,0.5209,,638018.16
"25-Jun-20",44.55,45.97,44.125,45.83,144137,2.26908,0.5219,,661922.1888
"26-Jun-20",45.27,46.7,45.1,45.77,212106,1.638577,0.5567,,477272.2272
"29-Jun-20",46.72,48.52,46.72,47.99,135156,1.465653,0.5595,,422189.0304
"30-Jun-20",47.65,49.92,47.65,49.29,91515,1.458949,0.5765,503224,418262.7648
"01-Jul-20",49.66,49.87,46.91,46.97,103187,1.40645,0.5314,,402384.4848
"02-Jul-20",48.42,49.31,47.08,47.19,71233,1.520525,0.5295,,431773.7376
"03-Jul-20",,,,,,1.51822,0.5295,,431773.7376
"06-Jul-20",48.63,48.78,47.27,48.11,108714,1.631958,0.538,,462490.992
"07-Jul-20",47.58,48.01,46.54,46.72,87977,1.523978,0.52,,430445.736
"08-Jul-20",46.53,47.04,44.55,45.41,106383,1.490206,0.5043,,419879.4624
"09-Jul-20",45.54,45.54,43.65,43.92,82867,1.364141,0.4966,,383965.68
"10-Jul-20",44.35,45.1135,44.14,44.82,54209,1.287282,0.5071,,432671.9952
"13-Jul-20",45.48,47.12,44.8,46.06,78450,1.412544,0.521,,471923.4672
"14-Jul-20",45.91,47.49,45.51,47.41,62336,1.477433,0.5219,,493109.1976
"15-Jul-20",48.92,49.61,48.81,48.96,116122,1.418802,0.5325,485793,473735.0736
"16-Jul-20",48.79,49.82,48.65,48.88,78219,1.369131,0.5391,,454964.8184
"17-Jul-20",48.9,49.715,47.945,48.08,63908,1.29138,0.5538,,426884.9192
"20-Jul-20",47.91,48.1599,46.76,46.99,49085,1.432549,0.5588,,467797.0304
"21-Jul-20",47.63,48.83,47.63,48.02,42239,1.444804,0.5491,,468602.1888
"22-Jul-20",47.52,48.92,47.52,48.25,65442,1.380456,0.5551,,446560.9776
"23-Jul-20",47.91,49.67,47.91,49.22,57898,1.359268,0.5372,,438660.3608
"24-Jul-20",49.28,49.57,48.13,48.25,63492,1.232877,0.5302,,407386.0098
"27-Jul-20",48.21,49.38,47.56,49.32,77708,1.263732,0.5325,,415644.4908
"28-Jul-20",48.86,49.64,48.47,48.56,93142,1.315165,0.5401,,431578.5012
"29-Jul-20",49,50.05,48.29,49.69,80449,1.294489,0.5413,,419773.7313,
"30-Jul-20",48.73,48.84,47.42,48.47,67966,1.340656,0.5384,,428469.426
"31-Jul-20",48.18,48.18,46.255,47.73,99357,1.257991,0.5349,463664,401022.1215
"03-Aug-20",48.24,49.31,47.88,48.11,103236,1.234889,0.5292,,390869.0478
"04-Aug-20",49.58,54,49.58,52,227716,1.222266,0.5222,,392423.5854
"05-Aug-20",52.66,54.35,52.04,53.93,194956,1.092299,0.5476,,353560.1454
"06-Aug-20",53.84,54.97,53.74,54.53,125808,1.466803,0.4612,,472530.8511
"07-Aug-20",54.19,57.54,54.19,57.47,153666,1.574473,0.4489,,509451.1191
"10-Aug-20",58.03,60.16,58.03,58.97,132388,1.834846,0.4635,,589558.3848
"11-Aug-20",59.33,60.63,59.03,59.35,92548,2.112113,0.4907,,781876.6032
"12-Aug-20",59.9,60.04,57.81,59.25,65986,2.443576,0.5053,,898719.9312
"13-Aug-20",58.75,58.87,57.6,58.3,72798,2.535702,0.5095,,923572.3216
"14-Aug-20",57.78,59.53,57.78,58.77,83796,2.549786,0.5084,515789,923896.8864
"17-Aug-20",58.65,59.2,58.3301,58.92,80682,2.661088,0.5062,,955286.9392
"18-Aug-20",58.87,58.87,58.15,58.77,138113,2.682045,0.5057,,965719.3792
"19-Aug-20",58.69,59.23,57.76,58.2,88534,2.969394,0.5125,,1050430.792
"20-Aug-20",57.43,57.63,56.95,57.13,63893,3.076388,0.5014,,1076535.0752
"21-Aug-20",56.68,58.31,56.68,58.28,104838,3.082823,0.4898,,1076581.4416
"24-Aug-20",59.04,60.97,58.5,60.73,205090,3.026541,0.478,,1075236.816
"25-Aug-20",61.24,61.24,59.59,60.43,85104,3.177212,0.4767,,627663.6341
"26-Aug-20",60.14,60.54,59.67,60.3,99037,2.925729,0.4749,,576858.4176
"27-Aug-20",60.25,60.58,59.25,59.75,126722,3.072117,0.476,,603576.2878
"28-Aug-20",60.14,60.14,59.12,60.03,95007,3.121608,0.494,,602854.1832
"31-Aug-20",59.82,59.82,58.44,58.52,130729,3.520335,0.5043,470928,680274.1121
"01-Sep-20",57.89,59.5,57.77,59.5,59478,4.073881,0.4933,,781678.2295,
"02-Sep-20",59.44,59.64,58.48,59.38,78592,4.777101,0.5032,,905983.3785
"03-Sep-20",59.56,59.87,57.14,57.41,90987,3.619725,0.4736,,684761.4764
"04-Sep-20",58.52,58.99,57.185,58.36,84168,3.313394,0.4558,,624104.69
"07-Sep-20",,,,,,3.346989,0.4558,,624104.69
"08-Sep-20",57.59,57.86,56.55,56.59,59426,3.25495,0.4523,,602751.0254
"09-Sep-20",57.19,57.59,55.89,56.28,92459,3.285406,0.4538,,606671.0218
"10-Sep-20",56.61,57.34,56.23,56.26,75747,3.239728,0.4567,,413474.784
"11-Sep-20",56.44,56.84,55.56,55.87,53984,2.974187,0.4567,,378108.0912
"14-Sep-20",56.26,56.8,55.99,56.39,62591,3.052598,0.4784,,379991.8032
"15-Sep-20",56.57,56.99,55.925,56.48,45849,3.014341,0.4726,485334,372033.12
"16-Sep-20",56.65,57.57,56.42,57.46,86263,3.22954,0.4732,,397792.8816,
"17-Sep-20",56.52,58.41,56.455,57.43,86491,3.452596,0.4606,,425907.2832
"18-Sep-20",57.91,58.815,56.81,57.43,306397,3.149935,0.4533,,401371.9344
"21-Sep-20",56.12,56.12,53.35,54.55,114761,3.042993,0.4575,,376130.1936
"22-Sep-20",54.44,55.1,53.98,54.83,66392,1.586609,0.4504,,195058.3776
"23-Sep-20",54.84,55.95,54.465,54.54,166779,1.30875,0.5242,,161999.232
"24-Sep-20",56.75,58.54,56.02,56.77,106618,1.176382,0.5288,,187921.3248
"25-Sep-20",56.14,56.4,54.69,55.75,114741,1.300975,0.5558,,204277.0806
"28-Sep-20",57.33,58.8765,57.33,57.87,119478,1.245678,0.5732,,191464.263
"29-Sep-20",57.75,57.79,56.12,57.15,59322,1.247746,0.5514,,190590.6618
"30-Sep-20",57.25,58.43,55.83,56.41,83116,1.079184,0.5831,277880,163509.0246
"01-Oct-20",56.75,57.06,55.77,56.82,75408,1.104745,0.5491,,166954.896
"02-Oct-20",55.57,57.75,55.19,57.1,65151,1.132345,0.5609,,170061.0336
"05-Oct-20",57.59,59.4,56.96,59.31,168245,1.201808,0.5706,,183310.6518
"06-Oct-20",59.82,61.185,58.42,58.5,122982,1.181663,0.5861,,180932.5152
"07-Oct-20",59.23,59.77,58.27,58.66,129377,1.270671,0.6047,,195201.3348
"08-Oct-20",59.67,60.49,58.54,60.3,71651,1.154226,0.5364,,176855.7096
"09-Oct-20",61.06,61.29,59.71,59.96,45823,1.048201,0.5231,,270432.816
"12-Oct-20",59.94,60.545,58.92,60.17,41375,1.028393,0.5263,,265375.4
"13-Oct-20",59.58,60.95,58.64,59.22,65436,0.98706,0.5261,,253454.348
"14-Oct-20",59.36,59.89,58.52,58.55,39224,0.938938,0.5083,,239615.924
"15-Oct-20",57.71,59.95,57.2607,59.84,59413,0.993518,0.5161,238441,253426.56
"16-Oct-20",59.71,61.24,59.69,60.36,59531,0.945636,0.5351,,239060.164
"19-Oct-20",60.25,60.36,58.78,59.41,46814,0.984644,0.5882,,248897.116
"20-Oct-20",60.04,61.37,59.87,60.72,44107,0.988447,0.6018,,247841.172
"21-Oct-20",60.71,61.95,60.61,61.46,96911,0.914278,0.6137,,231001.644
"22-Oct-20",62,62.07,61.33,61.96,85090,0.663401,0.6957,,168756.524
"23-Oct-20",62.46,63.12,61.95,62.34,47501,0.693675,0.8198,,175981.404
"26-Oct-20",61.53,62.24,59.62,61.05,72803,0.731885,0.8034,,175993.3021
"27-Oct-20",60.87,60.87,59.09,59.59,46350,0.736613,0.7956,,175731.017
"28-Oct-20",58,58.99,57.09,57.45,51750,0.829638,0.777,,197119.1747,
"29-Oct-20",56.94,59.38,56.78,59.15,84568,0.938694,0.795,,222727.7381
"30-Oct-20",58.67,59.73,57.96,59.02,95583,1.260811,0.6616,236853,299887.2457
"02-Nov-20",60,61.12,58.7146,60.9,88986,1.385564,0.6755,,330431.5378
"03-Nov-20",63.95,63.95,59.5,62.5,136602,1.358613,0.6031,,326139.5998
"04-Nov-20",61.76,63.18,60.01,61.05,90962,1.26925,0.6211,,304107.6514
"05-Nov-20",61.69,63.43,61.69,63.29,74353,1.164772,0.667,,272299.622
"06-Nov-20",63.68,63.74,62.42,62.69,64260,1.076163,0.6648,,246238.0207
"09-Nov-20",67.17,69.03,66.1501,67.47,133855,1.063994,0.6382,,241230.7597
"10-Nov-20",68.27,70.12,68.27,68.61,128446,1.040117,0.6243,,187445.4642
"11-Nov-20",68.98,68.98,67.19,68.45,46772,1.056256,0.6257,,187634.9466
"12-Nov-20",67.55,68.185,64.96,66.02,75146,1.148042,0.5926,,203338.3005
"13-Nov-20",66.81,67.5,66.59,67.17,47385,1.097882,0.5413,289940,193840.4952
"16-Nov-20",69.29,71.38,68,71.29,155043,1.274713,0.518,,228468.4038
"17-Nov-20",70.43,71.23,68.55,70.65,62489,1.406508,0.5073,,250898.3829
"18-Nov-20",72.05,72.11,69.1,69.25,78635,1.540208,0.4909,,274654.7388
"19-Nov-20",69.06,69.46,67.32,68.57,65500,1.798275,0.4806,,316767.2022
"20-Nov-20",67.89,69.21,67.6,68.56,74633,1.721398,0.4744,,302508.6516
"23-Nov-20",69.34,71.48,69.2686,70.74,116961,1.69476,0.482,,299737.4715
"24-Nov-20",71.75,74.31,71.32,72.96,106905,0.872157,0.4727,,231401.114
"25-Nov-20",72.59,73,70.66,72.72,69832,0.953052,0.466,,247086.868
"26-Nov-20",,,,,,0.986868,0.462,,255959.032
"27-Nov-20",72.3,72.61,70.59,72.3,42870,0.728123,0.4403,,186982.306
"30-Nov-20",71.62,72.42,70.21,70.81,73330,1.255992,0.4876,302885,318991.988
"01-Dec-20",72.02,72.95,70.45,71.21,72256,2.258262,0.4439,,567412.58,
"02-Dec-20",70.84,72.34,70.36,71.82,50971,2.075578,0.4307,,520703.246
"03-Dec-20",72.04,72.11,69.95,71.22,84014,1.403679,0.41,,352480.058
"04-Dec-20",71.78,73.885,70.68,73.51,56100,1.11085,0.3301,,277153.646
"07-Dec-20",74,74,71.74,73.07,62028,1.249339,0.36,,310438.758
"08-Dec-20",72.52,73.8,72.12,72.85,87947,1.096087,0.3844,,272572.594
"09-Dec-20",73.29,74,72.99,73.34,98558,0.799067,0.4155,,190030.049
"10-Dec-20",72.75,73.5,72.55,73.32,69794,1.58547,0.5653,,375486.5345
"11-Dec-20",72.59,73.4,72.59,73.19,54791,1.59157,0.5653,,375486.5345
"14-Dec-20",74.41,74.41,72.805,72.81,87396,0.930841,0.4269,,220954.6075
"15-Dec-20",73.72,74.5,73,74.34,83314,0.666698,0.5324,285879,158863.1825
"16-Dec-20",74.52,74.52,73.355,73.91,102096,0.902787,0.5213,,217289.699,
"17-Dec-20",74.28,75.1,73.16,74.95,94668,1.07162,0.4967,,258330.6165
"18-Dec-20",75.06,76.34,74.3387,76.21,306395,1.544786,0.4394,,387056.7415
"21-Dec-20",74.28,75.29,73.555,75.11,108938,2.329103,0.4575,,563699.2735
"22-Dec-20",74.79,75.175,73.63,74.73,81297,1.686846,0.4505,,405835.6115
"23-Dec-20",75.33,76.1,74.77,75.12,41793,2.094183,0.4473,,501607.8485
"24-Dec-20",75.54,75.71,74.09,74.88,22671,2.110309,0.427,,885996.1968
"25-Dec-20",,,,,,2.186275,0.4247,,913812.2235
"28-Dec-20",75.66,76.66,74.935,75.69,78836,2.124459,0.4187,,881965.3029
"29-Dec-20",76.24,76.24,73.75,74.71,43971,1.995341,0.3976,,816441.8361
"30-Dec-20",74.75,75.85,74.75,75.27,29393,1.935794,0.4059,,787510.8813
"31-Dec-20",75.76,76.18,74.21,75.52,41909,1.916344,0.4046,348674,773845.8651
"01-Jan-21",,,,,,2.036617,0.4075,,821902.125
"04-Jan-21",76.17,76.53,72.16,73.36,124212,1.934511,0.4109,,790541.1987
"05-Jan-21",73.36,76.17,73.36,75.1,76114,1.770258,0.4217,,722759.2878
"06-Jan-21",76.78,80.79,76.54,80.2,181155,1.698573,0.4572,,695229.1401
"07-Jan-21",80.46,81.49,78.47,81.44,84395,1.609227,0.4326,,653748.0972
"08-Jan-21",81.5,81.5,79.36,80.78,96081,1.460607,0.4528,,589539.6738
"11-Jan-21",80,81.41,80,81.29,41674,1.26789,0.4584,,512152.2285
"12-Jan-21",81.66,83.99,81.66,83.75,58262,1.255677,0.4471,,227579.5198
"13-Jan-21",83.28,83.28,80.4,80.95,98705,1.283338,0.459,,235215.4804
"14-Jan-21",82.12,83.41,81.02,82.2,95890,1.464739,0.4617,,270048.013
"15-Jan-21",80.5,82.61,79.22,82.01,113877,1.686851,0.4662,285494,315480.2352
"18-Jan-21",,,,,,1.62609,0.4629,,306798.2526
"19-Jan-21",82.48,82.89,81.38,82.48,102565,1.847195,0.4664,,349859.4916
"20-Jan-21",82.26,83.5088,82.26,83.27,69461,1.920315,0.4504,,365270.8824
"21-Jan-21",83.27,83.87,81.64,81.84,71507,1.969707,0.4686,,376602.7874
"22-Jan-21",80.71,81.82,79.74,81.73,89706,1.936443,0.4715,,369733.9096
"25-Jan-21",80.98,81.305,77.56,78.91,65889,1.905965,0.4713,,365131.4128
"26-Jan-21",80.02,80.02,77.12,77.26,43964,1.688008,0.5448,,320919.5496
"27-Jan-21",75.07,75.32,71.19,72.4,114656,1.643437,0.5535,,285008.6602
"28-Jan-21",73.5,75.38,72.9984,73.88,91221,1.530602,0.5343,,267707.7238
"29-Jan-21",73.76,74.27,72.05,72.19,110240,1.402389,0.5785,255134,247951.539
"01-Feb-21",72.81,74.22,71.09,73.52,79145,1.146508,0.5809,,202129.752
"02-Feb-21",74.54,76.2597,73.43,75.11,84820,0.941944,0.5393,,166043.3104
"03-Feb-21",74.77,75.33,73.3,75.08,38133,0.824762,0.5164,,144003.1736
"04-Feb-21",75,76.39,74.31,75.1,62542,0.757329,0.552,,130413.6592
"05-Feb-21",76.5,76.696,74.87,74.99,69976,0.751954,0.5502,,128957.6398
"08-Feb-21",75.44,77.03,74.93,76.55,97859,0.616505,0.5333,,106603.4596
"09-Feb-21",76.39,76.47,74.43,75.35,80697,0.561971,0.5163,,99935.9878
"10-Feb-21",75.72,75.72,74.26,74.73,86250,0.482137,0.4739,,84959.622
"11-Feb-21",74.91,75.52,72.94,74.26,99394,0.47272,0.4683,,82842.0098
"12-Feb-21",73.98,75.93,73.72,75.76,76952,0.479529,0.4764,223880,84525.8942
"15-Feb-21",,,,,,0.475436,0.4764,,84525.8942
"16-Feb-21",76.15,76.25,74.19,74.52,75712,0.365985,0.5641,,64957.1164
"17-Feb-21",73.62,75.7,73.62,74.64,87907,0.399847,0.5296,,70059.7964,
"18-Feb-21",74.49,75,72.66,73.91,104118,0.308001,0.5213,,54394.5688
"19-Feb-21",74.61,78.16,74.61,78.15,94049,0.369366,0.4853,,65441.871
"22-Feb-21",77.85,79.88,77.85,79.25,125802,0.394271,0.4512,,70799.685
"23-Feb-21",80.88,81.62,78.4,81.06,91061,0.483488,0.4382,,86924.1538
"24-Feb-21",81.06,81.59,79.81,80.58,206514,0.47538,0.4382,,230238.192
"25-Feb-21",80.21,80.96,79.57,80,142088,0.546358,0.4492,,266350.036
"26-Feb-21",80.06,82.28,79.95,80.34,150573,0.525784,0.3758,215295
"01-Mar-21",81.42,85.2899,81.42,85.09,111058,0.867851,0.4762
"02-Mar-21",84.26,85.0665,84.02,84.3,117324,0.865173,0.4273,,,
"03-Mar-21",84.49,86.43,83.62,85.05,101556,0.973936,0.4449
"04-Mar-21",85.04,85.04,82.325,84.17,159569,1.192384,0.5032,,617931.188
"05-Mar-21",85.66,88.09,83.785,88.06,145037,1.091508,0.4829,,574610.408
"08-Mar-21",88.72,90.77,88.47,90.27,135040,1.149419,0.4453,,612826.724
"09-Mar-21",90.83,90.83,89.02,90.35,142584,1.458066,0.4272
"10-Mar-21",90.46,92.59,90.46,92.53,104570,1.490731,0.4648
"11-Mar-21",92.69,94.01,91.96,93.61,130967,1.507795,0.4695
"12-Mar-21",94,95.17,93.32,94.02,118402,1.420363,0.4615
"15-Mar-21",93.55,93.55,90.6224,92.48,92050,1.717485,0.4727,293590
"16-Mar-21",91.69,92.37,90.59,91.26,70960,1.544096,0.4982
"17-Mar-21",91.6,92.01,90.83,91.41,91283,1.562487,0.4961,,,
"18-Mar-21",91.08,93.08,89.92,90.32,145764,1.523462,0.4866
"19-Mar-21",90.05,90.46,88.43,88.47,296120,1.536874,0.4776
"22-Mar-21",88,88.1236,86.24,86.87,70655,1.473018,0.485
"23-Mar-21",85.64,86.04,83.39,83.74,107766,0.718271,0.4578
"24-Mar-21",84.88,86.89,83.05,83.11,129042,0.511804,0.4217,,88840.334
"25-Mar-21",82.5,85.24,81.895,84.63,90111,0.482154,0.4269,,84641.997
"26-Mar-21",85.69,87.25,85.13,87.09,75976,0.471954,0.4486,,82528.149
"29-Mar-21",86.7,88.11,84.33,84.57,95874,0.70985,0.5151,,124452.801
"30-Mar-21",84.49,86.76,84.49,85.71,51847,0.500154,0.4745,,87783.41
"31-Mar-21",85.64,86.61,84.66,85.27,81208,0.489024,0.4104,285806,86550.332
"01-Apr-21",85.88,85.88,84.22,85.46,104370,0.552325,0.359,,98734.317
"02-Apr-21",,,,,,0.572822,0.3657,,102404.192
"05-Apr-21",86.5,86.81,85.01,86.68,58537,0.654053,0.4096,,115703.819
"06-Apr-21",86.56,88.69,86.56,86.91,64704,0.456651,0.3481,,80649.173
"07-Apr-21",87.09,87.09,84.76,85.4,64686,0.592138,0.3656,,102609.705
"08-Apr-21",85.68,86.19,84.2256,85.46,86788,0.646725,0.3109,,112122.021
"09-Apr-21",85.83,87.18,85.55,87,71751,0.653327,0.3055,,372548.121
"12-Apr-21",86.98,87.72,86.24,87.69,68570,0.66497,0.3386,,380836.495
"13-Apr-21",87.68,87.68,85.73,86.4,76788,0.68299,0.4468,,392325.8962
"14-Apr-21",86.17,87.87,86.17,87.02,42807,0.845484,0.4106,,481297.304
"15-Apr-21",87.3,87.49,85.19,87.28,73449,0.897349,0.4323,276490,508934.7442
"16-Apr-21",88.03,88.23,86.14,86.72,91103,0.837495,0.4105,,473237.5748
"19-Apr-21",86.07,86.17,84.36,84.87,80144,1.083897,0.4131,,610681.6802
"20-Apr-21",84.41,84.41,81.65,82.47,62754,0.90261,0.3919,,505247.8468
"21-Apr-21",82.55,85.05,82.55,84.98,54175,0.745798,0.3544,,416419.342
"22-Apr-21",85,85.54,83.83,83.97,58452,0.795308,0.3516,,443113.6224
"23-Apr-21",84.38,86.76,84.21,85.95,64967,0.680367,0.323,,377549.726
"26-Apr-21",86.53,88.22,85.36,85.5,54340,0.672249,0.3271,,202280.084
"27-Apr-21",85.65,85.92,84.66,85.64,63245,0.722995,0.2704,,218233.557
"28-Apr-21",85.35,87.44,85.2828,86.3,37318,0.7821,0.2615,,233081.07
"29-Apr-21",87.02,87.45,85.845,86.97,55877,0.726518,0.3192,,215219.816
"30-Apr-21",85.9,86.85,85.415,85.65,99658,0.730921,0.3206,229518,216159.882
"03-May-21",86.33,87.56,85.31,86.93,108671,0.776224,0.3085,,231090.342
"04-May-21",86.18,87.08,85.44,87,77018,0.762577,0.3322,,228518.985,
"05-May-21",87.64,89.03,86.23,88.5,59703,0.771616,0.317,,231117.991
"06-May-21",89.42,90.61,87.661,90.6,106941,0.855128,0.325,,257716.329
"07-May-21",91.74,93.21,89.96,93.13,89853,0.924769,0.4104,,278425.43
"10-May-21",94.02,96.16,93.23,93.7,116966,0.939879,0.4418,,284618.806
"11-May-21",92.08,93.26,91.9,92.89,88969,0.810318,0.4214,,260663.5926
"12-May-21",92.22,93.5324,88.9,89.39,104950,0.966446,0.4039,,311180.5044
"13-May-21",89.85,94.845,89.64,94.2,72185,0.994102,0.4097,,319833.333
"14-May-21",95.07,95.9,94.24,95.59,48007,0.919864,0.4008,194345,293576.4738
"17-May-21",94.83,95.33,93.32,94.85,71591,0.896522,0.3982,,285933.5244
"18-May-21",94.51,95.84,92.07,92.23,48240,0.754799,0.3865,,239157.756
"19-May-21",91,91.77,89.09,91.24,72830,0.781939,0.4373,,246456.4284
"20-May-21",91.49,91.6,89.75,90.62,47827,0.858456,0.4575,,268490.1564
"21-May-21",91.81,92.25,90.37,91.61,39232,0.837401,0.4537,,259516.0026
"24-May-21",91.64,91.7556,90.83,91.39,39467,0.824541,0.4642,,251873.0532
"25-May-21",91.77,92.015,90,90.16,61872,1.009685,0.3452,,199067.5835
"26-May-21",90.21,90.57,89.51,90.54,80173,0.950936,0.4284,,185443.999
"27-May-21",91.92,93.13,91.83,92.67,75042,0.964913,0.4742,,185618.9095
"28-May-21",92.55,92.6,91.41,91.99,48642,0.905004,0.4293,200075,172889.312
"31-May-21",,,,,,0.934946,0.427,,178603.055
"01-Jun-21",92.94,94.32,92.7,93.76,81515,1.46146,0.4835,,278923.944,
"02-Jun-21",94.33,94.41,92.88,93.76,66349,1.533469,0.4689,,290351.43
"03-Jun-21",93.33,94.36,91.89,94.28,64348,1.313959,0.4605,,246429.46
"04-Jun-21",94.66,96.6,94.3,96.5,81594,1.359676,0.4591,,254086.653
"07-Jun-21",96.46,97.61,96.01,97.31,139241,1.365545,0.4694,,251404.692
"08-Jun-21",97.36,99.48,96.87,99.38,82105,1.370706,0.4602,,252279.2445
"09-Jun-21",99.52,99.94,97.32,97.6,70577,1.472953,0.4674,,310016.2125
"10-Jun-21",98.2,98.37,97.2,97.6,104395,1.530999,0.4605,,319939.9325
"11-Jun-21",98.06,98.69,97.5,98.16,46663,1.735269,0.4591,,358694.46
"14-Jun-21",98.19,99.47,95.92,96.92,67136,2.097522,0.4644,,425139.3675
"15-Jun-21",97.29,98.39,96.76,98.1,51586,2.058511,0.4549,242341,414975.5575
"16-Jun-21",97.99,98.555,96.38,98.35,64815,2.132321,0.461,,427580.2825,
"17-Jun-21",98.12,98.12,94.15,94.9,95488,2.199242,0.4559,,443106.1025
"18-Jun-21",93.83,94.8655,92.1769,94.5,256633,2.145439,0.4512,,446167.25
"21-Jun-21",95.05,96.23,94.43,95.5,182290,2.413667,0.4782,,484861.755
"22-Jun-21",95.76,95.76,94.04,95.09,51950,3.838272,0.4926,,767007.52
"23-Jun-21",95.04,96.94,94.66,96.38,103381,3.246553,0.4727,,652924.755
"24-Jun-21",96.99,98.55,96.2,98.31,67223,2.950108,0.4594,,343736.4744
"25-Jun-21",98.18,99.43,97.1,97.11,240145,3.184206,0.4873,,379118.2604
"28-Jun-21",96.83,96.83,95.3,95.95,70027,3.193038,0.4897,,378972.8558
"29-Jun-21",96.36,97.09,95.65,96.22,71255,1.928291,0.4594,,228479.0948
"30-Jun-21",96.22,97.53,96.0487,97.15,50585,2.005633,0.4709,211667,235579.6861
"01-Jul-21",98.16,98.16,97.09,97.28,59967,2.199069,0.4641,,258602.0811
"02-Jul-21",97.06,97.06,96.14,96.49,58604,1.98802,0.4433,,231653.7619
"06-Jul-21",96.53,96.53,92.81,94.6,94044,1.748201,0.4568,,205165.8906
"07-Jul-21",94.31,95.68,92.6,94.38,95299,1.66139,0.4586,,196150.8054
"08-Jul-21",92.08,94.03,90.9201,92.25,81389,1.751691,0.464,,207492.3642
"09-Jul-21",94.27,94.89,93.53,94.49,59805,1.605476,0.4443,,189171.3846
"12-Jul-21",93.41,95.18,93.16,94.88,51782,1.474144,0.4369,,155448.2448
"13-Jul-21",94.36,94.67,93.15,93.33,49549,1.354688,0.4391,,142324.8908
"14-Jul-21",94.03,94.03,92.37,93.07,51825,1.295881,0.4385,,135466.88
"15-Jul-21",92.19,93.61,91.78,92.41,37640,1.221735,0.426,163739,127592.8676
"16-Jul-21",93.5,93.5,90.91,90.93,53065,1.288397,0.4192,,133985.211
"19-Jul-21",88.71,89.99,86.77,87.26,116195,1.143566,0.4241,,119528.3549
"20-Jul-21",87.73,92.11,87.73,91.04,133680,1.116199,0.4164,,117919.6857
"21-Jul-21",91.91,93.77,91.91,92.7,52623,0.921822,0.3886,,97197.4864
"22-Jul-21",92.45,93.215,89.97,90.03,46854,0.813824,0.3585,,85682.8016
"23-Jul-21",90.68,91.25,90.14,90.29,41514,0.839487,0.3724,,88074.6387
"26-Jul-21",90.4,91.99,90.4,91.86,62458,0.935442,0.3705,,125898.9171
"27-Jul-21",90.92,91.9769,90.3,91.36,40908,0.809191,0.3192,,108624.4526,
"28-Jul-21",92.2,92.84,90.23,91.64,55136,0.69972,0.2625,,93773.3253
"29-Jul-21",92.88,93.8,92.52,93.31,42518,0.674714,0.2505,,90514.9192
"30-Jul-21",92.36,94.13,92.27,93.12,49518,0.617142,0.2298,132195,82688.195
"02-Aug-21",93.96,95.71,92.05,92.16,63329,0.733375,0.2448,,97555.6962
"03-Aug-21",92.16,93.17,84,86.5,268337,0.819613,0.2945,,113143.649
"04-Aug-21",86.32,87.17,84.09,85.24,146504,0.782905,0.2906,,108853.6872
"05-Aug-21",85.86,86.87,85.395,85.81,56475,0.786116,0.3264,,108870.0611
"06-Aug-21",87.38,87.7,85.92,86.45,45803,0.59582,0.2525,,82295.2214
"09-Aug-21",86.46,86.46,84.49,85.99,63359,0.585689,0.2522,,80068.371
"10-Aug-21",85.65,88.08,85.61,86.8,69930,0.570454,0.2342,,124448.373
"11-Aug-21",86.8,88.84,86.75,88.79,83293,0.564074,0.2307,,122253.936
"12-Aug-21",88.56,89.3917,87.84,88.5,71199,0.53304,0.224,,115128.6255
"13-Aug-21",87.96,88.755,87.51,88.28,43013,0.529282,0.2448,132828,112934.1885
"16-Aug-21",87.58,89.15,87.41,88.09,56794,0.575149,0.2757,,123073.545
"17-Aug-21",87.26,87.86,85.44,85.8,44751,0.606021,0.2919,,128837.247
"18-Aug-21",85.72,85.83,84.2001,84.52,56111,0.590228,0.3613,,125096.1285
"19-Aug-21",83.37,84.3,82.83,83.91,85863,0.476778,0.3196,,101803.3695
"20-Aug-21",83.95,85.74,83.75,84.2,222679,0.530397,0.3122,,116609.2095
"23-Aug-21",84.94,85.25,84.26,84.93,51689,0.696685,0.3254,,154496.2965
"24-Aug-21",84.94,86.75,84.94,86.11,50587,1.184622,0.4525,,307191.3156
"25-Aug-21",85.89,87.15,85.39,85.62,44954,1.223163,0.5046,,317525.334
"26-Aug-21",85.15,85.49,84.51,84.73,46534,1.266615,0.5035,,327832.7868
"27-Aug-21",84.94,87.71,84.94,87.26,69319,1.341646,0.4944,,346534.9692
"30-Aug-21",88,88,86.72,86.9,32434,1.459254,0.5248,,376089.1992
"31-Aug-21",86.2,87.92,84.82,85.51,68567,1.604109,0.502,176447,412523.9196,
"01-Sep-21",85.73,85.96,83.53,85.66,71680,1.644231,0.4994,,422193.798
"02-Sep-21",85.79,86.35,85.44,86.05,52887,1.317928,0.4634,,336559.5864
"03-Sep-21",86.18,86.34,84.71,85.92,68030,1.338461,0.4622,,341912.5548
"06-Sep-21",,,,,,1.335159,0.4622,,341912.5548
"07-Sep-21",85.67,86,83.5,83.61,44917,1.547576,0.4737,,393662.3436
"08-Sep-21",83.18,83.81,82.27,83.75,82999,1.758883,0.4848,,442503.1992
"09-Sep-21",83.38,84.16,83.23,83.31,85031,1.591386,0.5063,,400595.9652
"10-Sep-21",83.97,84.25,82.68,82.93,48154,1.733513,0.5047,,185833.9804
"13-Sep-21",83.89,83.99,82.13,83.04,47028,1.766003,0.5354,,188304.2384
"14-Sep-21",83.46,83.65,81.3,81.56,87604,1.749497,0.5259,,186927.9518
"15-Sep-21",81.64,83.28,81.06,82.96,54440,1.618064,0.5298,217238,172459.2978,
"16-Sep-21",82.98,83.32,81.35,82.31,51961,1.465271,0.5369,,156173.2397
"17-Sep-21",82.89,84.46,81.27,83.87,273944,1.251478,0.4955,,138934.3678
"20-Sep-21",81.81,82.43,79.8,81.07,84136,1.017748,0.496,,108885.4437
"21-Sep-21",82.03,82.11,80.27,80.5,100497,0.75518,0.3952,,81165.62
"22-Sep-21",81.32,83.77,80.3173,83.03,78113,0.772548,0.4085,,81324.4223
"23-Sep-21",83.95,87.12,83.69,85.77,92942,1.067704,0.4184,,113314.2634
"24-Sep-21",85.77,87.09,85.44,85.58,83156,1.231632,0.3876,,163992.9662
"27-Sep-21",86.05,88.61,86.05,86.79,75217,1.338421,0.4317,,172573.8672
"28-Sep-21",87.12,87.9299,86.07,87.09,81568,1.349933,0.4355,,174311.7712
"29-Sep-21",87.59,88.215,86.23,87.76,47899,1.374546,0.4351,,176679.6654
"30-Sep-21",88.5,88.8,87,87.12,80785,1.532315,0.4556,269884,197338.9992
"01-Oct-21",87.75,90.31,87.01,89.26,72631,1.634087,0.4427,,211416.0216
"04-Oct-21",89,89.63,87.9,88.75,97226,9.588117,0.6902,,1254332.212
"05-Oct-21",88.75,89.08,86.97,88.95,89700,9.517687,0.6882,,1248770.9192
"06-Oct-21",87.89,88.42,85.6,88.34,64277,1.536847,0.465,,201184.1118
"07-Oct-21",89.3,91.69,89.03,89.97,84167,1.339157,0.4724,,174963.4852
"08-Oct-21",90.33,90.33,88.58,88.73,30483,1.323194,0.4616,,170618.7252
"11-Oct-21",88.8,89.4011,87.86,87.89,33553,1.33242,0.4616,,233341.7064
"12-Oct-21",87.89,88.42,87.26,87.69,48028,1.400854,0.471,,244029.1128
"13-Oct-21",87.34,87.34,84.91,85.13,58966,1.347032,0.4724,,234987.9988
"14-Oct-21",85.71,86.76,84.85,86.74,56276,1.18743,0.4603,,207432.8424
"15-Oct-21",88.47,89.07,87.16,87.39,100362,1.1501,0.4645,249371,202925.7796
"18-Oct-21",86.64,87.33,85.75,86.63,64571,1.193394,0.4523,,212668.592
"19-Oct-21",86.43,86.55,85.3,85.7,53984,1.249361,0.4707,,221682.7176
"20-Oct-21",85.65,87.47,85.1,87.45,60322,1.382828,0.4579,,242598.7276
"21-Oct-21",87.02,88.34,86.59,88.15,41436,1.482658,0.4605,,255175.322
"22-Oct-21",87.85,89.12,87.85,88.19,30538,1.348114,0.4292,,230939.7388
"25-Oct-21",88.03,89.69,87.55,89.11,53320,1.250856,0.4155,,215988.1652
"26-Oct-21",89.41,89.77,88.48,88.5,42603,1.214453,0.4252,,256079.0799
"27-Oct-21",88.27,89.14,87.61,87.77,43723,1.10806,0.4253,,232737.9543
"28-Oct-21",88.08,89.88,87.5,89.44,50992,1.082131,0.4316,,227775.4714
"29-Oct-21",89.56,90.66,89.12,89.66,38636,1.152699,0.4004,,241790.1216
"01-Nov-21",90.02,93.25,88.7,92.43,71514,1.24067,0.4331,,263086.405
"02-Nov-21",92.92,93.89,92.02,92.35,44318,1.202343,0.4247,,253460.6844
"03-Nov-21",92.02,93.41,91.71,92.5,78518
"19-Nov-21",,,,,,,,,,,0