"Date","open PLSE Price in USD","high PLSE Price in USD","low PLSE Price in USD","close PLSE Price in USD","PLSE Volume","Days to cover 3m (on loan)","Cost To Borrow","Exchange Reported SI","Estimated Short Interest","Dividends","hidden"
"18-May-16",4.13,4.3999,4.1,4.17,626068
"19-May-16",4.18,4.1999,4.05,4.08,258153
"20-May-16",4.08,4.1599,4.08,4.13,66567
"23-May-16",4.25,4.25,4.06,4.12,79052
"24-May-16",4.13,4.25,4.05,4.14,116747
"25-May-16",4.1,4.25,4.08,4.25,102146
"26-May-16",4.11,4.4,4.11,4.3,33298
"27-May-16",4.35,4.94,4.25,4.31,197008
"31-May-16",4.43,4.44,4.2,4.29,16327
"01-Jun-16",4.23,4.3999,4.23,4.32,1583
"02-Jun-16",4.23,4.3814,4.23,4.2499,22943
"03-Jun-16",4.35,4.5,4.18,4.38,97011
"06-Jun-16",4.26,4.45,4.26,4.36,22151
"07-Jun-16",4.45,4.45,4.25,4.27,9422
"08-Jun-16",4.3,4.45,4.2,4.28,52945
"09-Jun-16",4.27,4.45,4.23,4.2501,31363
"10-Jun-16",4.37,4.45,4.03,4.37,185769
"13-Jun-16",4.28,4.3677,4.21,4.27,44490
"14-Jun-16",4.33,4.33,4.27,4.27,7229
"15-Jun-16",4.25,4.45,4.25,4.35,51274
"16-Jun-16",4.44,4.45,4.35,4.4,38305
"17-Jun-16",4.31,4.5,4.25,4.37,20869
"20-Jun-16",4.37,4.4,4.26,4.35,8156
"21-Jun-16",4.4,4.45,4.27,4.27,8183
"22-Jun-16",4.35,4.4,4.26,4.28,11622
"23-Jun-16",4.355,4.51,4.355,4.5,3897
"24-Jun-16",4.34,4.55,4.1104,4.54,83930
"27-Jun-16",4.5,4.5,4.23,4.34,7132
"28-Jun-16",4.35,4.35,4.24,4.3399,18934
"29-Jun-16",4.3,4.64,4.3,4.3841,17212
"30-Jun-16",4.4,4.67,4.4,4.49,17072
"01-Jul-16",4.86,4.86,4.35,4.42,28656
"05-Jul-16",4.64,4.75,4.42,4.4801,29300
"06-Jul-16",4.65,4.9999,4.18,4.4,86313
"07-Jul-16",4.52,4.52,4.39,4.4,11934
"08-Jul-16",4.5,4.5,4.5,4.5,2718
"11-Jul-16",4.7,4.7136,4.4,4.5,6264
"12-Jul-16",4.59,4.675,4.5,4.51,4064
"13-Jul-16",4.74,4.75,4.5,4.68,6099
"14-Jul-16",4.6526,4.7084,4.429,4.5299,28097
"15-Jul-16",4.44,4.54,4.39,4.53,5710
"18-Jul-16",4.5,4.5001,4.42,4.44,1904
"19-Jul-16",4.516,4.63,4.45,4.562,3169
"20-Jul-16",4.5,4.57,4.5,4.57,1598
"22-Jul-16",4.52,4.62,4.5,4.5,15401
"25-Jul-16",4.52,4.6299,4.461,4.6299,10505
"27-Jul-16",4.65,4.73,4.55,4.55,83036
"28-Jul-16",4.55,4.72,4.55,4.72,10153
"29-Jul-16",4.67,4.67,4.347,4.57,59318
"01-Aug-16",4.55,4.64,4.55,4.61,7839
"02-Aug-16",4.6,4.7,4.6,4.64,16400
"03-Aug-16",4.67,4.7,4.56,4.6,7326
"04-Aug-16",4.5649,4.6512,4.56,4.6,11049
"05-Aug-16",4.58,4.69,4.55,4.69,4516
"08-Aug-16",4.53,4.631,4.51,4.55,2727
"09-Aug-16",4.57,4.57,4.57,4.57,105
"11-Aug-16",4.64,4.6999,4.64,4.64,3811
"12-Aug-16",4.636,4.665,4.56,4.56,4163
"15-Aug-16",4.643,4.67,4.6,4.67,4706
"16-Aug-16",4.56,4.6533,4.56,4.58,3346
"17-Aug-16",4.64,4.6497,4.6,4.6001,2575
"18-Aug-16",4.61,4.7,4.55,4.62,10316
"19-Aug-16",4.62,4.6397,4.42,4.59,16186
"22-Aug-16",4.37,4.64,4.37,4.6,5301
"23-Aug-16",4.64,4.64,4.35,4.58,6952
"24-Aug-16",4.41,4.65,4.35,4.64,28793
"25-Aug-16",4.41,4.69,4.41,4.68,14314
"26-Aug-16",4.68,4.73,4.58,4.73,7947
"29-Aug-16",4.6999,4.6999,4.57,4.62,25985
"31-Aug-16",4.6899,4.92,4.55,4.9199,20307
"01-Sep-16",4.8975,5.07,4.76,4.99,14038
"02-Sep-16",4.97,5,4.87,5,22152
"06-Sep-16",5,5.55,4.982,5.4501,73221
"07-Sep-16",5.5,5.71,5.36,5.71,115329
"08-Sep-16",5.7,5.95,5.31,5.6,98443
"09-Sep-16",5.6,6,5.47,6,58814
"12-Sep-16",6.05,6.25,5.77,6.24,114119
"13-Sep-16",6.25,6.5299,6.25,6.43,59534
"14-Sep-16",6.4,6.42,6.25,6.4,58636
"15-Sep-16",6.12,6.43,6.0501,6.38,43108
"16-Sep-16",6.4,6.43,5.79,5.79,110287
"19-Sep-16",5.8,6.32,5.679,6.234,19865
"20-Sep-16",6.23,6.77,6.23,6.4,56040
"21-Sep-16",6.4,6.4,6.25,6.3,107010
"22-Sep-16",6.3,6.45,6.25,6.3,43165
"23-Sep-16",6.3,6.35,6.2775,6.3,17413
"26-Sep-16",6.28,6.43,6.28,6.41,16509
"27-Sep-16",6.39,6.45,6.16,6.32,31711
"28-Sep-16",6.33,6.42,6.2,6.31,24674
"29-Sep-16",6.31,6.3891,6.25,6.31,9583
"30-Sep-16",6.35,6.41,6.27,6.29,29472
"03-Oct-16",6.37,6.37,6.2217,6.3,32573
"04-Oct-16",6.46,6.46,6.29,6.31,31930
"05-Oct-16",6.31,6.45,6.26,6.26,23351
"06-Oct-16",6.27,6.31,6.2552,6.29,16447
"07-Oct-16",6.202,6.3,6.202,6.3,7345
"10-Oct-16",6.3,6.3,6.2,6.248,1487
"11-Oct-16",6.25,6.25,6.11,6.22,1981
"12-Oct-16",6.25,6.2972,6.1132,6.28,4349
"13-Oct-16",6.3,6.3,5.48,5.62,26806
"14-Oct-16",5.68,5.68,5.65,5.65,13934
"17-Oct-16",5.75,5.75,5.656,5.7,3837
"18-Oct-16",5.65,5.8,5.65,5.759,5217
"19-Oct-16",5.76,5.89,5.6,5.6,30854
"20-Oct-16",5.55,5.81,5.5,5.81,41308
"21-Oct-16",5.77,5.85,5.725,5.81,32822
"24-Oct-16",5.81,5.84,5.725,5.8325,23328
"25-Oct-16",5.81,5.99,5.77,5.99,54494
"26-Oct-16",5.92,5.9522,5.82,5.8301,7189
"27-Oct-16",5.84,5.95,5.84,5.95,17158
"28-Oct-16",5.89,6.289,5.89,6.1,5257
"31-Oct-16",6.174,6.27,6,6.12,3443
"01-Nov-16",6.13,6.13,5.82,5.82,1059
"02-Nov-16",5.89,6.08,5.81,5.83,3965
"03-Nov-16",5.86,5.93,5.77,5.92,24997
"04-Nov-16",5.952,5.99,5.8,5.8,13335
"07-Nov-16",5.84,5.85,5.77,5.84,37680
"08-Nov-16",5.83,5.85,5.69,5.79,27291
"09-Nov-16",5.8,6,5.521,5.8611,12562
"10-Nov-16",6.08,6.1,5.8263,5.9111,10494
"11-Nov-16",6.0999,6.1,6,6.01,11767
"14-Nov-16",6.06,6.06,5.64,5.93,53316
"15-Nov-16",6,6.08,5.99,6.01,52444
"16-Nov-16",6.03,6.03,5.748,5.9499,23440
"17-Nov-16",5.901,6.1,5.9,5.98,4448
"18-Nov-16",5.97,5.97,5.97,5.97,159
"21-Nov-16",5.9941,5.9941,5.875,5.91,31410
"22-Nov-16",5.94,5.96,5.8505,5.9,11496
"23-Nov-16",5.881,5.9,5.88,5.9,3526
"25-Nov-16",5.95,6.3,5.9,6.3,26693
"28-Nov-16",6.3,6.39,6.2117,6.35,38461
"29-Nov-16",6.35,6.38,6.2812,6.3,16181
"30-Nov-16",6.33,6.33,6.13,6.13,32480
"01-Dec-16",6.18,6.18,6.11,6.15,14217
"02-Dec-16",6.12,6.2047,6,6.11,8096
"05-Dec-16",6,6.01,5.85,5.99,38283
"06-Dec-16",6,6.01,5.8,5.86,33347
"07-Dec-16",5.88,5.9358,5.63,5.65,15691
"08-Dec-16",5.63,5.9618,5.6235,5.65,8356
"09-Dec-16",5.8507,5.8805,5.66,5.68,9282
"12-Dec-16",5.75,5.75,5.2,5.21,23237
"13-Dec-16",5.4912,5.6315,5.31,5.43,45130
"14-Dec-16",5.5,5.5,5.37,5.37,21209
"15-Dec-16",5.56,5.56,5.2,5.28,45354
"16-Dec-16",5.32,5.4508,5.32,5.44,50108
"19-Dec-16",5.35,5.49,5.25,5.49,54046
"20-Dec-16",5.493,5.52,5.45,5.52,23984
"21-Dec-16",5.64,6,5.64,6,14789
"22-Dec-16",6,6,5.9415,6,11730
"23-Dec-16",6,6,5.98,6,6320
"27-Dec-16",6.05,6.1,5.975,6.1,17653
"28-Dec-16",6.042,6.1,6,6.1,20337
"29-Dec-16",6.1,6.1,6.019,6.1,12790
"30-Dec-16",6.14,6.5,6.14,6.5,35827
"03-Jan-17",6.5,6.5,6.463,6.49,38142
"04-Jan-17",6.5,6.5,6.25,6.27,39777
"05-Jan-17",6.32,6.5,6.3089,6.35,18846
"06-Jan-17",6.4,6.4,6.3405,6.35,5352
"09-Jan-17",6.4,6.4,6.3,6.31,9427
"10-Jan-17",6.3,6.36,6.3,6.35,23600
"11-Jan-17",6.4,6.4,6.345,6.345,3831
"12-Jan-17",6.37,6.4,6.32,6.35,7564
"13-Jan-17",6.38,6.399,6.3,6.37,21486
"17-Jan-17",6.33,6.33,6.125,6.24,6451
"18-Jan-17",6.27,6.35,6.27,6.32,11563
"19-Jan-17",6.35,6.35,6.26,6.26,5231
"20-Jan-17",6.2958,6.2958,6.05,6.174,7396
"23-Jan-17",6.051,6.07,6,6.05,6537
"24-Jan-17",6.1,6.11,5.8522,5.9603,6988
"25-Jan-17",5.93,6.12,5.82,6.11,45902
"26-Jan-17",6.1,6.1,6.05,6.09,21086
"27-Jan-17",6.07,6.27,6.0597,6.27,23555
"30-Jan-17",6.278,6.3,6.062,6.23,6919
"31-Jan-17",6.25,6.55,6.25,6.55,37079
"01-Feb-17",6.6,6.8422,6.6,6.75,7825
"02-Feb-17",6.85,6.86,6.8,6.82,20423
"03-Feb-17",6.87,7,6.84,6.91,8384
"06-Feb-17",6.992,6.992,6.82,6.9399,13922
"07-Feb-17",6.99,6.99,6.6208,6.6699,44649
"08-Feb-17",6.71,7.17,6.7,7.17,11158
"09-Feb-17",7.2,7.92,7.2,7.55,19180
"10-Feb-17",9.5,10.1,9.01,9.35,438547
"13-Feb-17",9.65,11.85,9.65,11.84,427751
"14-Feb-17",12.2,12.8999,11.75,12.11,351382
"15-Feb-17",11.9,12.25,11.2602,11.75,121836
"16-Feb-17",11.85,12.3,11.5283,12.25,142690
"17-Feb-17",12.3,15,12.27,13.75,309876
"21-Feb-17",14.17,14.57,13.41,13.83,284269
"22-Feb-17",14,14.65,13.74,14.49,176843
"23-Feb-17",14.57,16.01,14.27,15.08,511050
"24-Feb-17",15.16,15.5591,14.32,14.59,267790
"27-Feb-17",14.8,14.85,13.801,14.57,183636
"28-Feb-17",14.7,14.7724,13.36,13.44,116450
"01-Mar-17",13.43,14.01,12.7,13.6,112470
"02-Mar-17",13.6,14.7,13,14.66,131912
"03-Mar-17",14.61,15,13.7801,14.88,141491
"06-Mar-17",14.78,15.54,14.09,15.1,118524
"07-Mar-17",15.47,15.5,14.98,15.08,80083
"08-Mar-17",15.23,15.84,15.17,15.59,64971
"09-Mar-17",15.78,17,15.31,16.44,206229
"10-Mar-17",16.83,18.6,16.6,18.21,410746
"13-Mar-17",18.59,22.413,18.4217,20.63,990816
"14-Mar-17",22,22,18.6,21,803929
"15-Mar-17",21,22.94,20.01,21.95,332980
"16-Mar-17",22.02,25.15,22.02,24.84,554598
"17-Mar-17",24.89,24.89,23.5,24.49,448474
"20-Mar-17",24.93,24.93,22.2001,23.03,426087
"21-Mar-17",23.3,26.44,23.24,24.6,531668
"22-Mar-17",24.5,26.25,23.8343,25.43,336963
"23-Mar-17",25.9,26.5,25.44,25.89,249546
"24-Mar-17",26.39,30.61,25.621,30.34,760447
"27-Mar-17",30.4,35.93,30.3667,33.32,1486793
"28-Mar-17",33.5,33.5599,30.15,33.45,646771
"29-Mar-17",33.45,34.1,32.32,32.71,491921
"30-Mar-17",32.51,33.011,26.8801,27.02,688373
"31-Mar-17",25.8,25.8,20.06,20.41,1682226
"03-Apr-17",20.55,22.9408,19.36,19.42,896867
"04-Apr-17",19.32,19.4,17.21,18.27,534013
"05-Apr-17",18.16,18.96,17.14,17.61,578513
"06-Apr-17",17.49,20.35,17.2022,20.02,677071
"07-Apr-17",20,20.95,18.7,20.08,512642
"10-Apr-17",20.26,22.49,19.77,21.55,380249
"11-Apr-17",23,24.3,22.6301,23.89,508903
"12-Apr-17",24.51,24.98,20.81,20.98,529240
"13-Apr-17",20.7,23.35,20.671,23.26,300910
"17-Apr-17",23.14,26.44,22.87,25.6,506788
"18-Apr-17",25.32,26.79,24.52,25.15,336750
"19-Apr-17",23.49,25.8999,21.61,25.62,853273
"20-Apr-17",26.06,27.19,24.68,25.42,332100
"21-Apr-17",25.29,25.29,23.7,23.79,318781
"24-Apr-17",23.97,25,23.13,24.89,166624
"25-Apr-17",24.89,25.12,23.89,24.97,229947
"26-Apr-17",25.22,25.22,24.28,24.44,122926
"27-Apr-17",23.6,24.9399,22.0101,24.47,314145
"28-Apr-17",24.88,24.95,23.5,24.12,203308
"01-May-17",24.04,24.2361,23,23.62,155441
"02-May-17",23.6,24.25,23.11,23.97,151673
"03-May-17",24.3,26.7032,24.2373,25.85,415821
"04-May-17",26.1,26.3999,23.63,24.85,283064
"05-May-17",24.6,24.6,23.08,23.39,164838
"08-May-17",23.24,23.35,21.76,23.07,262761
"09-May-17",20.82,22.24,18.64,22.04,1440978
"10-May-17",21.56,21.97,20.615,20.98,295799
"11-May-17",20.86,21.89,20.27,21.81,178320
"12-May-17",22.23,26.39,22.15,26.26,497495
"15-May-17",25.74,27.7693,24.9,25.66,502891
"16-May-17",25.59,28.815,25.04,27.14,324896
"17-May-17",26.76,28.6663,26.07,27.81,335478
"18-May-17",27.8,28.4,26.47,28.14,139038
"19-May-17",28,29.49,26.01,26.3,251164
"22-May-17",25.83,27.89,25.26,27.23,163121
"23-May-17",26.96,28.27,26.1,28.24,337148
"24-May-17",28.21,29.75,27.92,29.23,198213
"25-May-17",30.02,31.74,28.78,31.24,237553
"26-May-17",30.99,32.29,29.42,30.28,167165
"30-May-17",30.41,31,28,28.16,127786
"31-May-17",28.26,29.3764,27.5924,28.59,90134
"01-Jun-17",28.54,31.5,28.54,31,160476
"02-Jun-17",31,32.5,30.971,32.29,150749
"05-Jun-17",31.85,31.85,29.71,30.18,122022
"06-Jun-17",29.88,32.23,29.88,30.51,122061
"07-Jun-17",30.6,31.31,30.5011,30.99,82627
"08-Jun-17",31,31.85,29.74,31.12,114705
"09-Jun-17",31,32,30,30.49,95610
"12-Jun-17",30.01,31.0994,28.5549,29.97,108613
"13-Jun-17",30.03,33.8,30.03,33.01,356592
"14-Jun-17",33.19,34.8,32.54,33.1,242739
"15-Jun-17",32.83,33.75,32.05,33.55,125075
"16-Jun-17",33.62,35.49,33.25,34.85,182392
"19-Jun-17",35.39,38,35.39,37.6,358391
"20-Jun-17",37.73,39.5,35.49,35.52,288318
"21-Jun-17",35.17,36.6758,33.631,34.73,223827
"22-Jun-17",34.5,35.275,31.605,33,330680
"23-Jun-17",33,33.6752,31.3101,33.23,1242437
"26-Jun-17",33.1,37.5,32.945,34.5,370988
"27-Jun-17",34.6,35.589,31.5,31.88,304387
"28-Jun-17",32.05,33.7099,31,33.42,347261
"29-Jun-17",33.17,35.38,32.85,35.11,256910
"30-Jun-17",35.27,35.38,33.28,34.53,193079
"03-Jul-17",33.68,34.4,29.32,30.53,258948
"05-Jul-17",30,30.34,28.51,29.75,398144
"06-Jul-17",29,32.74,28.9042,32.01,392905
"07-Jul-17",31.71,33.65,31.45,33.58,250534
"10-Jul-17",33,33.58,31.84,32.51,222540
"11-Jul-17",32,32.2308,30.9,31.28,256740
"12-Jul-17",31.58,33.1,30.62,31.36,248334
"13-Jul-17",31.36,31.99,30.06,30.55,142963
"14-Jul-17",30.24,31.14,29.73,30.53,156159
"17-Jul-17",30.58,31.23,30.08,30.75,170991
"18-Jul-17",30.71,31.059,29.2,29.35,115099
"19-Jul-17",29.61,29.8273,28.81,29.42,146445
"20-Jul-17",29.5,30.26,27.12,27.78,202481
"21-Jul-17",27.92,29.36,27,29.1,199184
"24-Jul-17",29.1,29.989,28.4,29.64,133540
"25-Jul-17",29.61,30.07,27.561,27.75,147882
"26-Jul-17",27.82,28.24,26.5,27.01,152038
"27-Jul-17",27.05,27.05,24.201,25.03,223776
"28-Jul-17",25.5,26.98,22.095,22.53,284310
"31-Jul-17",22.53,22.93,19.28,19.43,557632
"01-Aug-17",19.64,24.1649,19.535,23.89,811412
"02-Aug-17",23.81,25.68,23.063,25.33,366833
"03-Aug-17",25.55,25.55,22.71,23.78,320294
"04-Aug-17",24.28,24.91,23.95,24.34,204639
"07-Aug-17",24.34,25.3,23.28,24.97,283069
"08-Aug-17",24.72,24.79,23.7,23.8,99439
"09-Aug-17",23.79,24.14,23.39,24.02,85665
"10-Aug-17",23.87,23.96,20.85,21.3,177234
"11-Aug-17",21.23,23.095,21.186,22.4,138095
"14-Aug-17",22.58,23.295,22.401,22.96,118022
"15-Aug-17",22.9,22.9,22.04,22.23,73528
"16-Aug-17",22,22.64,21.5215,22.09,121795
"17-Aug-17",22.04,22.38,21.26,21.37,73378
"18-Aug-17",21.13,22.1489,21.03,22.03,104768
"21-Aug-17",22.11,23.4899,21.68,22.96,117352
"22-Aug-17",23.17,23.96,22.061,22.21,109439
"23-Aug-17",22.14,23,21.601,21.78,62742
"24-Aug-17",21.93,22.64,21.06,21.17,85803
"25-Aug-17",21.34,21.52,19.9,20.2,205698
"28-Aug-17",20.36,20.88,19.6,20.67,181906
"29-Aug-17",20.56,20.5903,19.96,20.32,112942
"30-Aug-17",20.28,20.56,19.85,19.99,102879
"31-Aug-17",20.1,20.49,19.8617,20.03,91686
"01-Sep-17",20.08,20.1499,19.75,20,63704
"05-Sep-17",19.93,20.1,19.6,19.85,49443
"06-Sep-17",19.92,20,19.21,19.31,107805
"07-Sep-17",19.37,20.22,18.95,20.01,147634
"08-Sep-17",19.83,19.94,19.04,19.57,50937
"11-Sep-17",17.05,18.2,11.77,15.46,1083856
"12-Sep-17",15.46,15.8,13.735,13.79,354835
"13-Sep-17",12.56,13.475,9.811,10.26,1633570
"14-Sep-17",10.31,15.4,10.31,14.97,2692173
"15-Sep-17",14.73,16.31,13.821,15.73,1082209
"18-Sep-17",15.89,16.7499,14.3,14.52,456521
"19-Sep-17",15.5,15.8,14.4678,15,348288
"20-Sep-17",15.26,16.39,14.97,16.13,315502
"21-Sep-17",16.2,17.35,15.88,16.26,350999
"22-Sep-17",16.07,16.54,14.95,15.02,212007
"25-Sep-17",16,19.9,16,18.69,1020279
"26-Sep-17",18.7,19.51,16.52,16.97,514864
"27-Sep-17",17.27,18.12,16.85,17.86,202964
"28-Sep-17",17.73,19.48,17.7,19.21,306648
"29-Sep-17",19.09,20.12,18.42,18.61,349133
"02-Oct-17",18.63,19.36,18.5136,18.81,111217
"03-Oct-17",19.01,19.16,18.55,19.02,98004
"04-Oct-17",19.07,19.2,18.5,18.83,120972
"05-Oct-17",18.9,19.35,18.5,19.26,133092
"06-Oct-17",19.12,19.4,18.65,18.9,70971
"09-Oct-17",18.96,19.28,18.63,18.88,68239
"10-Oct-17",18.84,19.95,18.7,19.59,97584
"11-Oct-17",19.87,20.5499,19.61,20.5,121905
"12-Oct-17",20.36,21.9599,20.2001,21.85,168463
"13-Oct-17",22.17,24.6199,21.8508,24.44,315911
"16-Oct-17",22.82,24.45,21.0401,22.87,317078
"17-Oct-17",22.62,23.82,21.66,21.74,130026
"18-Oct-17",21.5,22.8939,21.5,22.48,165046
"19-Oct-17",22.62,23.995,22.06,23.66,157792
"20-Oct-17",24,24.89,22.69,23.56,156638
"23-Oct-17",23.5,24.18,22.811,23.88,91208
"24-Oct-17",24.41,24.9,23.4,23.88,129560
"25-Oct-17",23.85,24.21,22.5,22.99,79268
"26-Oct-17",22.74,23.94,22.5,23.63,42177
"27-Oct-17",23.88,25,23.82,24.64,93312
"30-Oct-17",24.65,25.58,23.59,23.73,125559
"31-Oct-17",23.91,25.08,23.91,24.21,55728
"01-Nov-17",24.41,24.7922,23,23.18,97346
"02-Nov-17",23.05,23.6788,22.5,23.08,62123
"03-Nov-17",23.71,27.23,22.84,23.53,357058
"06-Nov-17",23.91,25.92,23.806,25.7,191376
"07-Nov-17",26,26,24.15,25.2,163078
"08-Nov-17",25.24,29,24.2908,28.03,367523
"09-Nov-17",28.04,32.21,28.04,29.63,463080
"10-Nov-17",29.23,34.82,29.16,30.33,488507
"13-Nov-17",29.47,30,26.765,27.15,270499
"14-Nov-17",27.12,30.43,26.84,27.44,246267
"15-Nov-17",27.12,28.05,26.88,27.22,207511
"16-Nov-17",27.5,28.5,25.69,25.98,212994
"17-Nov-17",25.69,25.78,24.54,24.87,165316
"20-Nov-17",24.93,26.9,24.8,25.94,100412
"21-Nov-17",25.73,27.55,25.73,26.08,134322
"22-Nov-17",26.16,26.7888,25.12,25.47,97002
"24-Nov-17",25.48,25.93,25,25.61,55953
"27-Nov-17",25.53,26.48,23.44,23.53,295988
"28-Nov-17",23.85,23.85,20.27,20.84,372103
"29-Nov-17",20.48,24.68,20.48,23.88,336559
"30-Nov-17",23.8,23.8406,21.43,21.59,251242
"01-Dec-17",21.37,22.96,21.06,22.89,141391
"04-Dec-17",23.02,23.02,21.17,22.02,145129
"05-Dec-17",22.27,23.35,22.02,22.91,129757
"06-Dec-17",22.76,22.9405,22.07,22.2,51613
"07-Dec-17",22.26,23.15,21.87,22.88,55137
"08-Dec-17",23.01,23.75,22.29,23.19,92045
"11-Dec-17",23.32,24.22,22.45,23.93,105092
"12-Dec-17",23.64,26.13,23.17,23.98,203911
"13-Dec-17",24.05,25.63,23.157,24.01,123526
"14-Dec-17",25.62,25.95,24.1925,24.91,144811
"15-Dec-17",25,25.5,24.33,24.78,150888
"18-Dec-17",25.03,25.44,23.5811,24.31,185302
"19-Dec-17",23.98,24.55,23.32,23.5,83865
"20-Dec-17",23.55,23.9,23.07,23.3,47519
"21-Dec-17",23.45,23.99,23.03,23.08,61986
"22-Dec-17",23,23.47,22.95,23.43,68847
"26-Dec-17",23.43,24.75,22.93,24.12,160089
"27-Dec-17",24.3,25.42,23.65,23.96,275896
"28-Dec-17",24.32,25.45,23.77,24.16,160660
"29-Dec-17",24.16,24.59,23.52,23.6,111165
"02-Jan-18",23.84,24.08,22.73,22.89,107959
"03-Jan-18",23,23.94,22.541,23.06,132126
"04-Jan-18",23.25,23.25,22.66,22.84,54402
"05-Jan-18",22.99,23.94,22.94,23.84,71438
"08-Jan-18",23.88,24.22,23.43,24.02,29936
"09-Jan-18",24.06,24.87,24.05,24.69,54364
"10-Jan-18",24.46,24.65,23.54,24.22,75109
"11-Jan-18",24.23,24.34,23.15,23.18,61801
"12-Jan-18",23.23,23.48,22.85,23.07,54051
"16-Jan-18",23.17,23.8,22.8688,23.26,66739
"17-Jan-18",23.44,23.94,23.1,23.76,105791
"18-Jan-18",23.52,24.7,22.2,22.39,196104
"19-Jan-18",22.28,23.48,21.51,23.43,152768
"22-Jan-18",23.48,23.48,21.83,22.27,106431
"23-Jan-18",22.3,22.91,22.13,22.63,94755
"24-Jan-18",22.56,22.7,22.27,22.53,48413
"25-Jan-18",22.62,22.63,22.22,22.47,29387
"26-Jan-18",22.54,22.54,21.62,21.99,68421
"29-Jan-18",21.55,21.95,20.03,20.59,126168
"30-Jan-18",20.26,21.45,20.01,20.52,108857
"31-Jan-18",20.8,21.49,20.25,20.28,82369
"01-Feb-18",20.37,20.37,18.05,18.96,195094
"02-Feb-18",18.78,19.8402,18.24,19.76,114317
"05-Feb-18",19.53,20.12,18.22,18.32,113599
"06-Feb-18",18,19.8707,17.5,19.38,147095
"07-Feb-18",19.9,19.9,18.9,18.97,93065
"08-Feb-18",18.91,19.5499,18.061,18.28,72740
"09-Feb-18",18.44,19.21,17.8,18.24,111227
"12-Feb-18",18.43,18.75,17.64,18,107957
"13-Feb-18",18.08,18.32,17.17,17.53,91664
"14-Feb-18",17.37,18.21,17.34,17.93,70860
"15-Feb-18",18.09,19.45,17.7,18.98,82314
"16-Feb-18",18.86,19.2,18.1,18.82,56515
"20-Feb-18",18.61,19.12,18.6036,18.71,39817
"21-Feb-18",18.84,19.49,18.48,18.54,60651
"22-Feb-18",18.65,18.91,18.19,18.25,17776
"23-Feb-18",18.41,18.8278,18.29,18.5,41236
"26-Feb-18",18.65,19.08,18.3,18.49,38875
"27-Feb-18",18.44,19.2,18.44,18.59,56473
"28-Feb-18",18.71,19.6,18.42,18.5,108789
"01-Mar-18",18.4,19.1399,17.69,18.08,101638
"02-Mar-18",17.98,18.25,17.41,17.76,80017
"05-Mar-18",17.99,18.43,17.56,17.81,61392
"06-Mar-18",17.61,18.25,17.3,17.55,39768
"07-Mar-18",17.54,17.9,17.33,17.74,28937
"08-Mar-18",17.88,18.27,17.4316,17.51,36873
"09-Mar-18",17.6,18.46,17.0553,17.36,134003
"12-Mar-18",17.45,17.93,16,16.63,326385
"13-Mar-18",16.7,17.01,16.215,16.69,194890
"14-Mar-18",16.74,16.78,15.82,16.31,133426
"15-Mar-18",16.34,16.38,14.45,14.51,422210
"16-Mar-18",14.35,15.77,14.097,15.13,880570
"19-Mar-18",15.5,16.22,13.8,14.52,387324
"20-Mar-18",14.64,15.205,14.27,15.03,149770
"21-Mar-18",15.01,15.27,14.51,14.77,95465
"22-Mar-18",14.63,14.63,13.91,14.16,107701
"23-Mar-18",14.19,14.19,12.91,13.03,187955
"26-Mar-18",13.16,13.61,12.53,13.52,147955
"27-Mar-18",13.62,13.9214,13.03,13.12,90522
"28-Mar-18",13.25,13.8935,12.6211,12.67,86507
"29-Mar-18",12.8,13.57,12.8,13.53,89531
"02-Apr-18",13.51,14.4468,13.365,14.04,221171
"03-Apr-18",14.13,15,13.92,14.74,79416
"04-Apr-18",14.47,15.57,14.0501,15.52,102402
"05-Apr-18",15.64,19.66,15.32,19.15,500098
"06-Apr-18",18.93,18.93,17.5,17.79,207813
"09-Apr-18",17.94,19.35,16.5438,16.68,123235
"10-Apr-18",16.99,19.22,16.73,18.2,93407
"11-Apr-18",17.91,18.65,17.315,17.59,113099
"12-Apr-18",17.71,18.24,17.54,18.18,83563
"13-Apr-18",22.5,22.5,19.6346,20.1,1589282
"16-Apr-18",20.3,20.3,18.07,19.35,330298
"17-Apr-18",19.35,19.58,18.83,19.2,69694
"18-Apr-18",19.15,19.63,18.8,19.57,107040
"19-Apr-18",19.51,19.76,18.52,18.91,84459
"20-Apr-18",18.78,19.09,18,18.38,133004
"23-Apr-18",18.51,18.51,17.07,17.7,149128
"24-Apr-18",17.7,18.02,16,17.33,327456
"25-Apr-18",17.11,17.1556,15.4,15.71,257010
"26-Apr-18",15.52,17.32,15.52,17.32,161123
"27-Apr-18",17.38,17.69,17.0441,17.64,80619
"30-Apr-18",17.65,18.33,17.57,17.59,152285
"01-May-18",17.49,18.1048,16.75,17.95,52154
"02-May-18",17.89,18.84,17.88,18.55,81403
"03-May-18",18.44,18.639,18.07,18.21,69884
"04-May-18",18.09,19.1,18.09,19.01,107760
"07-May-18",19.04,21.25,19,20.28,236692
"08-May-18",20.3,22.2,19.27,19.98,418526
"09-May-18",18.97,18.97,16.23,17.3,315287
"10-May-18",17.01,17.629,16.05,16.24,212219
"11-May-18",16.4,16.4,14.691,15.19,210983
"14-May-18",15.24,15.541,14.11,14.64,164097
"15-May-18",14.47,15.59,14.47,15.45,117179
"16-May-18",16,17.2727,15.95,16.8,188800
"17-May-18",16.88,17.37,15.65,15.95,166360
"18-May-18",15.94,16.219,15.14,15.22,115154
"21-May-18",15.29,15.7247,14.82,15.19,123054
"22-May-18",15.3,15.74,14.82,15.12,70549
"23-May-18",15,15.41,15,15.27,41652
"24-May-18",15.21,15.47,15,15.46,51467
"25-May-18",15.38,15.97,15.35,15.89,48505
"29-May-18",15.89,16.7111,15.57,15.84,40236
"30-May-18",16.06,16.39,15.73,16,50604
"31-May-18",16,16.19,15.63,15.79,49262
"01-Jun-18",15.72,16.16,15.6179,16.1,45616
"04-Jun-18",16.02,17.09,16.02,17,90148
"05-Jun-18",17.18,18.9,16.89,17.72,189859
"06-Jun-18",17.67,18.3099,17.02,17.45,80904
"07-Jun-18",17.49,17.92,17.23,17.77,87236
"08-Jun-18",17.71,18.34,17.69,17.92,100719
"11-Jun-18",18.13,18.64,17.3225,17.46,97890
"12-Jun-18",17.54,18.27,17.29,17.44,84512
"13-Jun-18",17.54,17.74,17.08,17.14,48902
"14-Jun-18",17.12,17.41,16.621,16.74,65288
"15-Jun-18",16.62,16.94,16.26,16.4,58139
"18-Jun-18",16.4,16.635,16.11,16.26,48896
"19-Jun-18",16.13,16.55,16,16.29,63898
"20-Jun-18",16.63,17.24,16.48,16.7,72335
"21-Jun-18",16.65,16.95,16.27,16.37,31918
"22-Jun-18",16.5,16.57,15.74,16.52,225387
"25-Jun-18",16.52,16.52,14.75,15.38,124878
"26-Jun-18",15.45,15.72,15.21,15.41,43544
"27-Jun-18",15.41,15.41,14.67,15.16,50025
"28-Jun-18",15.14,15.36,14.9,14.97,65914
"29-Jun-18",15,15.19,14.31,15.14,83319
"02-Jul-18",14.91,16.105,14.7998,15.99,41597
"03-Jul-18",16.07,16.5,15.658,16.45,56514
"05-Jul-18",16.4,16.6,15.26,15.5,79964
"06-Jul-18",15.5,16.15,15.1591,15.4,38725
"09-Jul-18",15.45,15.595,14.896,14.99,71893
"10-Jul-18",15.05,15.05,14.02,14.23,110782
"11-Jul-18",14.24,14.93,14.1,14.75,83400
"12-Jul-18",14.74,15.58,14.39,15.42,65113
"13-Jul-18",15.27,15.47,14.74,14.81,24845
"16-Jul-18",14.74,14.82,14.23,14.42,40488
"17-Jul-18",14.49,14.5,13.65,13.72,114599
"18-Jul-18",13.79,13.96,13.5137,13.76,48220
"19-Jul-18",13.72,14.37,13.72,13.96,47509
"20-Jul-18",13.93,14.32,13.59,14.22,47494
"23-Jul-18",14.13,14.35,13.8149,13.86,42773
"24-Jul-18",13.95,14.18,13.7653,14.07,34862
"25-Jul-18",14,14.33,13.68,13.84,42424
"26-Jul-18",13.78,14.28,13.5762,14.16,27738
"27-Jul-18",14.18,14.236,13.8,14.07,45671
"30-Jul-18",14.03,14.3031,13.6127,13.75,95365
"31-Jul-18",13.84,13.91,12.51,13.36,202275
"01-Aug-18",13.36,13.99,13.36,13.63,36612
"02-Aug-18",13.45,13.505,12.6602,13.1,92949
"03-Aug-18",13.15,13.219,12.75,12.83,43383
"06-Aug-18",12.85,13.33,12.85,13.24,33314
"07-Aug-18",13.24,13.61,13.24,13.47,16252
"08-Aug-18",13.53,14.98,13.53,14.65,83662
"09-Aug-18",14.47,14.84,14.37,14.82,12042
"10-Aug-18",14.8,15.4024,14.705,15.03,71827
"13-Aug-18",15,15.025,14.81,14.9,30230
"14-Aug-18",15.03,15.03,14.3801,14.54,23538
"15-Aug-18",14.32,14.695,14.05,14.54,28866
"16-Aug-18",14.68,15.58,14.68,15.17,49562
"17-Aug-18",15.33,15.45,14.84,14.95,51645
"20-Aug-18",14.81,14.81,13.4181,13.45,47774
"21-Aug-18",13.48,14.08,13.4527,13.84,21640
"22-Aug-18",13.9,15,13.9,14.35,30763
"23-Aug-18",14.4,14.575,14.12,14.21,30467
"24-Aug-18",14.27,14.325,13.75,13.89,29396
"27-Aug-18",13.87,14.03,13.5,13.62,31591
"28-Aug-18",13.67,14.14,13.4251,14.09,27657
"29-Aug-18",14.22,14.45,13.71,14.08,20901
"30-Aug-18",14.16,14.69,14.15,14.31,58421
"31-Aug-18",14.17,14.62,14.17,14.36,21924
"04-Sep-18",14.44,14.61,13.88,14.04,24657
"05-Sep-18",13.93,13.93,13.2,13.8,28393
"06-Sep-18",13.97,13.99,13.2898,13.74,19495
"07-Sep-18",13.75,14.03,13.02,13.13,77562
"10-Sep-18",13.18,13.87,12.88,13.13,51144
"11-Sep-18",13.14,13.34,12.94,13.01,35228
"12-Sep-18",12.99,14.42,12.99,14.13,59601
"13-Sep-18",13.93,14.3716,13.6,13.69,50770
"14-Sep-18",13.76,14.58,13.76,14.15,58107
"17-Sep-18",14.27,14.96,14.27,14.59,61739
"18-Sep-18",14.76,14.93,14.29,14.43,113086
"19-Sep-18",14.5,15,14.18,14.23,48116
"20-Sep-18",14.38,14.6,13.94,14.37,43988
"21-Sep-18",14.37,14.56,13.83,13.85,140919
"24-Sep-18",13.92,14.34,13.81,14.16,48236
"25-Sep-18",14.18,14.56,13.97,14,29053
"26-Sep-18",14.22,14.6,14.22,14.46,48777
"27-Sep-18",14.44,14.61,14.13,14.17,22519
"28-Sep-18",14.15,14.2,13.89,14.19,46205
"01-Oct-18",14.07,14.3,14.07,14.24,38103
"02-Oct-18",14.15,14.7,14.15,14.34,32352
"03-Oct-18",14.4,14.81,14.15,14.22,38311
"04-Oct-18",14.22,14.48,13.5,13.6,38877
"05-Oct-18",13.59,13.61,12.85,13.06,58134
"08-Oct-18",12.93,12.98,12.75,12.84,50836
"09-Oct-18",13.09,13.09,12.06,12.16,67994
"10-Oct-18",12,12.75,11.1,11.72,224999
"11-Oct-18",11.05,11.85,11.05,11.16,71829
"12-Oct-18",11.23,11.47,10.5427,10.71,82136
"15-Oct-18",10.79,11.1801,10.604,11,65825
"16-Oct-18",11.09,11.49,10.9918,11.43,77459
"17-Oct-18",11.31,11.31,10.72,10.81,25593
"18-Oct-18",10.71,10.99,10.2901,10.4,37802
"19-Oct-18",10.39,11.0168,9.36,9.68,55525
"22-Oct-18",9.83,10.17,9.1239,9.27,81122
"23-Oct-18",9.1,9.675,8.6,9.56,134702
"24-Oct-18",9.5,9.9837,8.95,9.08,66645
"25-Oct-18",9.05,10.83,8.875,10.68,84652
"26-Oct-18",10.38,11.8532,9.8,10.88,90702
"29-Oct-18",10.92,11.29,10.32,10.44,41332
"30-Oct-18",10.46,11.89,10.3113,11.8,77994
"31-Oct-18",10.5,12.845,10.5,12.81,77878
"01-Nov-18",12.83,13.79,12.52,13.65,45229
"02-Nov-18",13.72,14.23,13.2195,13.85,60162
"05-Nov-18",13.9,13.9,12.8641,13.3,47809
"06-Nov-18",13.24,14.4,13.24,13.98,57207
"07-Nov-18",13.91,14,13,13.33,39759
"08-Nov-18",13.25,13.84,13.0903,13.75,47699
"09-Nov-18",13.71,14.11,12.35,12.51,94637
"12-Nov-18",12.4,13.15,11.55,13.1,91574
"13-Nov-18",13.05,13.4,12.43,13.18,38827
"14-Nov-18",13.21,13.6572,12.15,12.28,27147
"15-Nov-18",12.14,13.59,12.02,13.14,56414
"16-Nov-18",12.93,12.95,12.64,12.64,27967
"19-Nov-18",12.67,13.7,12.04,13.33,54121
"20-Nov-18",13.27,13.27,12.65,12.71,15848
"21-Nov-18",12.69,13.114,12.4,12.79,27007
"23-Nov-18",12.74,12.91,12.5,12.705,14547
"26-Nov-18",12.72,13.15,12.53,12.79,19575
"27-Nov-18",12.72,12.7231,12.175,12.37,55290
"28-Nov-18",12.39,13.275,12.36,12.75,50403
"29-Nov-18",12.69,13,12.08,12.25,46071
"30-Nov-18",12.25,12.75,12.06,12.54,62822
"03-Dec-18",12.55,13.1,12.54,12.92,97992
"04-Dec-18",12.8,12.8,12.3,12.39,78918
"06-Dec-18",12.3,12.6,12.25,12.46,70555
"07-Dec-18",12.8,13,12.68,12.9,48817
"10-Dec-18",12.81,12.85,12.07,12.28,73662
"11-Dec-18",12.52,13.04,12.25,12.61,57103
"12-Dec-18",12.68,12.95,12,12.57,53516
"13-Dec-18",12.57,12.57,12.05,12.43,40506
"14-Dec-18",12.32,12.61,11.75,11.94,100442
"17-Dec-18",12.1,12.4399,11.21,11.39,97978
"18-Dec-18",11.52,11.6,10.6212,11.3,163697
"19-Dec-18",11.35,11.38,10.4,10.62,148834
"20-Dec-18",10.58,10.9,9.84,9.94,142629
"21-Dec-18",9.94,10.02,9.52,10.01,182413
"24-Dec-18",10,11.02,10,10.87,34180
"26-Dec-18",10.88,12.03,10.84,11.55,111906
"27-Dec-18",11.45,12.46,11.45,11.99,110767
"28-Dec-18",12.1,12.1,11.22,11.39,96506
"31-Dec-18",11.49,12,11.23,11.46,81557
"02-Jan-19",11.37,12.67,11.164,12.46,59801
"03-Jan-19",12.36,12.3814,11.72,11.95,37783
"04-Jan-19",12.17,12.628,11.806,12.45,86385
"07-Jan-19",12.7,13.39,12.5989,13.22,131807
"08-Jan-19",13.57,14.04,12.721,12.83,161036
"09-Jan-19",12.98,13.2022,12.23,12.5,60465
"10-Jan-19",12.47,12.7918,11.72,12.09,63838
"11-Jan-19",12.12,12.575,11.72,12.32,63241
"14-Jan-19",12.28,12.85,11.8,11.99,32777
"15-Jan-19",12.07,12.56,11.575,11.69,43845
"16-Jan-19",11.75,12.4,11.6,12.07,36913
"17-Jan-19",11.96,12.55,11.85,11.98,94875
"18-Jan-19",12.03,12.58,12.03,12.24,94863
"22-Jan-19",12.23,12.2953,11.5,11.78,88038
"23-Jan-19",11.94,12.24,11.63,12.17,77562
"24-Jan-19",12.44,12.44,11.9,12.25,57927
"25-Jan-19",12.26,13.2,12.21,12.7,65024
"28-Jan-19",12.6,12.8037,12.13,12.16,44597
"29-Jan-19",12.211,12.45,11.94,12.11,56221
"30-Jan-19",12.29,13.1,12.11,12.91,31805
"31-Jan-19",12.98,13.49,12.84,13.36,64247
"01-Feb-19",13.383,14.21,13.3,14.05,50875
"04-Feb-19",14.85,15.66,14.36,15.38,164451
"05-Feb-19",16.09,16.66,14.76,15.12,200855
"06-Feb-19",15.55,15.55,14.76,15.5,53065
"07-Feb-19",15.28,15.61,14.61,15.11,46250
"08-Feb-19",15.11,16.9273,15.11,16.12,211149
"11-Feb-19",16.16,17.71,16.16,17.34,94487
"12-Feb-19",17.47,18.52,17.01,17.25,109862
"13-Feb-19",17.54,17.56,16.58,17.3,79151
"14-Feb-19",17.01,18.4273,17.01,18.13,78434
"15-Feb-19",18.35,18.695,17.88,18.09,88467
"19-Feb-19",18.15,18.15,16.28,16.41,90944
"20-Feb-19",16.28,16.78,16.12,16.7,103802
"21-Feb-19",16.63,17.57,16.57,17.48,35736
"22-Feb-19",17.5,18.54,16.95,18.23,101659
"25-Feb-19",18.45,18.77,17.66,18.06,171752
"26-Feb-19",17.88,18.6,17.11,18.49,62629
"27-Feb-19",18.54,18.7359,17.59,17.76,48461
"28-Feb-19",17.83,18.09,17.6901,17.83,32101
"01-Mar-19",18.2,19.31,18.14,19.27,180844,30.6904,10.3496
"04-Mar-19",19.29,19.2952,18,18.05,98760,30.137351,10.3353
"05-Mar-19",18.05,18.3087,17.09,17.22,70257,29.869861,10.3251
"06-Mar-19",17.26,17.55,16.53,16.82,74685,29.856059,10.2833
"07-Mar-19",16.86,17.03,16.32,16.4,36007,30.016814,10.2744
"08-Mar-19",16.4,17.115,16.4,16.95,58446,30.095122,10.23
"11-Mar-19",16.95,18.635,16.5201,18.48,85895,30.066611,10.2183
"12-Mar-19",18.44,18.66,17.655,18.32,45485,31.168634,10.199
"13-Mar-19",18.5,18.5,17.5,17.77,46110,29.073753,9.4288
"14-Mar-19",17.8,17.8,17.3401,17.38,25142,29.409751,9.3869
"15-Mar-19",17.46,18.13,17.4,18.12,85828,28.550059,9.2492
"18-Mar-19",17.72,18.42,17.55,18.25,37448,30.271299,9.1482
"19-Mar-19",18.33,18.9,17.96,18.83,44194,29.004027,9.1234
"20-Mar-19",18.7,19.76,18.312,18.89,72116,28.945143,8.6739
"21-Mar-19",18.93,19.77,18.93,19.44,65976,29.422847,8.6141
"22-Mar-19",19.25,19.39,17.89,17.97,99331,30.298694,8.5514
"25-Mar-19",17.8,18.37,17.4535,18.2,25892,30.757369,8.5375
"26-Mar-19",18.2,18.5,17.79,17.99,29843,31.389884,8.4659
"27-Mar-19",18,18.24,17.225,17.54,45464,33.242764,8.3817
"28-Mar-19",17.6,17.96,17.3,17.65,20414,35.182294,8.1588
"29-Mar-19",17.79,17.9,17.14,17.59,60951,34.515514,8.0778
"01-Apr-19",17.8,17.84,16.86,17.05,41726,33.971371,8.0328
"02-Apr-19",17.08,17.08,16.5,16.61,38357,33.564744,7.9766
"03-Apr-19",16.81,16.88,16.31,16.54,25217,33.981855,7.91
"04-Apr-19",16.41,16.6768,16.29,16.58,19172,33.987654,7.8858
"05-Apr-19",16.66,17.08,16.47,17.03,31462,34.368029,7.8782
"08-Apr-19",16.82,17.49,16.82,17.34,39235,36.055104,7.7743
"09-Apr-19",17.26,17.35,16.75,16.75,20894,36.380096,7.7188
"10-Apr-19",16.81,16.92,16.19,16.4,43506,37.463401,7.6015
"11-Apr-19",16.73,17.48,15.74,15.86,27457,37.959978,7.5391
"12-Apr-19",15.95,16.22,15.4391,15.6,31229,38.836354,7.5492
"15-Apr-19",15.61,16.32,15.5,16.02,56846,38.209408,7.4959,2184714
"16-Apr-19",16.07,16.3,15.9,16.09,32204,38.129567,7.4946
"17-Apr-19",16.28,16.374,15.1056,15.56,40464,38.248927,7.5006
"18-Apr-19",15.38,15.8488,15.38,15.58,29664,38.017242,7.5231
"19-Apr-19",,,,,,38.26357,7.5227
"22-Apr-19",15.59,16.14,15.32,15.48,29380,37.888017,7.5523
"23-Apr-19",15.54,16.72,15.54,16.41,73760,37.89051,7.5385
"24-Apr-19",16.5,16.99,16.25,16.9,30918,38.161464,7.5435,,2079847.728
"25-Apr-19",16.8,17.258,16.18,16.4,32232,38.91076,7.5417,,2107156.653
"26-Apr-19",16.47,16.86,15.77,16.46,45078,38.097473,7.5251,,2052975.7458
"29-Apr-19",16.37,17.06,16.37,16.89,27702,38.392639,7.5398,,2060185.302
"30-Apr-19",16.87,16.87,15.12,16.02,75775,38.312717,7.5281,2163609,2065865.5584
"01-May-19",14.91,15.13,11.33,11.4,507141,34.226005,7.5601,,2066957.9154
"02-May-19",11.42,11.7099,10.79,11.47,199432,33.377128,7.3763,,2083343.2704
"03-May-19",11.68,13.23,11.68,13.15,185638,33.210457,7.2184,,2122668.1224
"06-May-19",13.15,13.18,12.56,12.82,54743,37.284675,7.1263,,2263800.6468
"07-May-19",12.72,12.8899,12,12.33,53410,38.635189,7.0025,,2345945.8932
"08-May-19",12.38,13.13,12.28,12.84,103466,38.262128,6.9763,,2353155.4494
"09-May-19",12.69,12.8,12.29,12.62,44387,39.846521,6.9695,,2471706.9216
"10-May-19",12.5,12.8152,12.24,12.7,36399,42.321606,6.849,,2605201.5969
"13-May-19",12.51,12.51,12.02,12.2,98593,41.513342,6.8742,,2533802.4999
"14-May-19",12.3,12.88,12.15,12.54,32302,41.298549,6.8365,,2493126.6507
"15-May-19",12.42,12.96,12.405,12.67,33642,41.183894,6.8305,2283009,2460023.433
"16-May-19",12.625,13.253,12.47,13.03,40300,42.288178,6.851,,2496804.786
"17-May-19",12.81,13.0199,12.3,12.46,49905,43.094384,6.806,,2534235.2217
"20-May-19",12.34,12.8585,12.22,12.46,26659,47.72452,6.7663,,2763577.7757
"21-May-19",12.58,13.23,12.58,12.99,28920,50.762682,6.7719,,2886038.0451
"22-May-19",12.92,12.92,12.22,12.41,36475,48.445781,6.6852,,2754706.9788
"23-May-19",12.32,12.39,11.52,11.74,52557,49.001528,6.6795,,2752543.3698
"24-May-19",11.84,12.5,11.84,12.36,32832,49.141517,6.6617,,2542587.1233
"27-May-19",,,,,,50.542696,6.6617,,2542587.1233
"28-May-19",12.4,12.72,12,12.11,24973,50.945017,6.6721,,2546924.8404
"29-May-19",11.99,12.07,11.61,11.8,39995,49.911128,6.6537,,2481630.783
"30-May-19",11.8,12.89,11.66,12.37,130536,52.242811,6.4606,,2644637.6256
"31-May-19",12.24,12.53,11.775,11.93,38035,53.377278,6.4245,2267729,2685960.0885
"03-Jun-19",11.91,12.2567,11.4,11.51,39215,53.328512,6.404,,2606511.3753
"04-Jun-19",11.73,11.9028,11,11.11,36049,54.2075,6.3512,,2633450.8815
"05-Jun-19",11.22,11.86,11.105,11.27,19051,55.269255,6.3368,,2629569.7662
"06-Jun-19",11.24,11.39,10.93,11.14,22958,55.259119,6.3292,,2596009.5339
"07-Jun-19",11.26,11.54,10.95,11.16,39753,54.893331,6.3158,,2554458.7701
"10-Jun-19",11.23,12.95,11.2063,12.86,50140,55.028819,6.3155,,2569526.6295
"11-Jun-19",12.73,12.8,11.83,12.03,39191,55.752619,6.3254,,2187451.3934
"12-Jun-19",11.94,12.51,11.53,12.35,20136,56.292864,6.3032,,2169082.7885
"13-Jun-19",11.7887,12.9,11.7887,12.55,25609,57.003817,6.2812,,2184503.3457
"14-Jun-19",12.55,12.71,12.06,12.34,17884,57.363288,6.2768,2267788,2181101.7522
"17-Jun-19",12.59,12.59,11.84,12.42,27421,57.224886,6.2668,,2157970.9164
"18-Jun-19",12.171,12.73,12.03,12.18,36641,57.438091,6.2939,,2155022.8687
"19-Jun-19",12.37,12.58,12.17,12.26,14273,57.972494,6.301,,2160918.9641
"20-Jun-19",12.64,12.64,12.06,12.18,30654
"21-Jun-19",11.85,12.25,11.62,11.86,42846
"24-Jun-19",11.89,12.3,11.7079,12.04,38944,57.825181,6.2943,,2083135.8594
"25-Jun-19",11.98,13.14,11.94,12.94,47946,55.85021,6.276,,2089539.8632
"26-Jun-19",12.99,13.32,12.38,13.07,26743,54.808009,6.2642,,2050987.4672
"27-Jun-19",13.1,13.53,12.8,13.1,39152,54.534152,6.2402,,2046451.8912
"28-Jun-19",13.33,13.33,12.84,13.2,163541,52.529872,6.2104,2289219,2039875.306
"01-Jul-19",13.45,13.45,12.71,12.93,54222,54.018914,6.2205,,2114031.9736
"02-Jul-19",12.58,13.0965,12.58,13.06,12775,56.204535,6.2159,,2181158.4984
"03-Jul-19",13.1,13.25,12.8999,13.24,11148,57.395515,6.246,,2209959.406
"04-Jul-19",,,,,,56.940446,6.2457,,2210866.5212
"05-Jul-19",13.08,13.36,13.01,13.07,20599,56.941621,6.2454,,2211773.6364
"08-Jul-19",12.97,13.26,12.75,13.04,59892,55.747115,6.1991,,2183426.2864
"09-Jul-19",12.98,13.3957,12.75,12.79,28683,50.128514,6.0893,,1957327.8228
"10-Jul-19",12.77,12.985,12.34,12.66,28342,51.272716,6.0218,,2251446.8865
"11-Jul-19",12.66,13.48,12.27,12.58,72471,49.520611,6.0064,,2193071.802
"12-Jul-19",12.64,12.99,12.41,12.5,33274,49.059569,5.8607,,2176360.5033
"15-Jul-19",12.5,12.5,12.12,12.37,15377,50.043138,5.7823,2413305,2209783.1007
"16-Jul-19",12.28,12.54,12.25,12.34,12020,51.008445,5.7919,,2223060.5709
"17-Jul-19",12.22,12.8,12.22,12.6,24878,51.88191,5.7942,,2256254.2464
"18-Jul-19",12.59,12.9,12.0201,12.69,30867,51.460475,5.788,,2231530.6812
"19-Jul-19",12.57,12.7,12.14,12.39,20346,51.647875,5.7712,,2233362.0564
"22-Jul-19",12.46,12.52,12.21,12.46,13953,51.914432,5.7989,,2219168.8986
"23-Jul-19",12.36,12.59,12.16,12.32,31042,51.792446,5.7953,,2215048.3044
"24-Jul-19",12.33,13.05,12.1309,12.97,21856,53.14283,5.7821,,2443953.9735
"25-Jul-19",12.83,12.83,12.31,12.71,23405,52.930502,5.7761,,2428750.152
"26-Jul-19",12.78,13.5,12.5,13.2,44402,52.390417,5.7599,,2412822.339
"29-Jul-19",13.29,13.3,12.85,12.86,24965,52.609456,5.7596,,2408237.0595
"30-Jul-19",12.78,13.45,12.78,13.4,71705
"31-Jul-19",13.36,13.76,13.06,13.06,91117,52.069922,5.7394,2453146,2442505.9905
"01-Aug-19",13.11,13.48,12.59,12.64,29702,54.681293,5.7528,,2530832.9535
"02-Aug-19",12.5,12.7989,12,12.51,63693,59.15113,5.3826,,2381208.0435
"05-Aug-19",12.37,12.385,11.115,11.73,76944,66.396185,5.3631,,2432128.779
"06-Aug-19",11.8,12.2571,11.15,11.55,61940,65.089438,5.343,,2402445.1275
"07-Aug-19",11.41,11.59,10.9151,11.03,43112,63.169719,5.3692,,2321599.41
"08-Aug-19",11.19,11.94,10.91,11.53,59453,63.281099,5.3468,,2330769.969
"09-Aug-19",11.49,12.2708,10.6,10.75,97133,63.7075,5.3439,,2351340.441
"12-Aug-19",10.8,11,10.62,10.73,24309,63.478908,5.3452,,2329752.7562
"13-Aug-19",10.64,11.76,10.64,11.54,25851,64.735266,5.3419,,2362134.2834
"14-Aug-19",11.23,11.733,10.85,11.01,34473,66.621643,5.3411,,2372682.8112
"15-Aug-19",11.26,11.355,11.06,11.28,42846,66.11319,5.3128,2419952,2364096.8002
"16-Aug-19",11.35,11.3549,10.805,10.94,21596,66.340786,5.3101,,2361398.3396
"19-Aug-19",11.13,11.33,10.915,11.31,13831,67.183101,5.3244,,2357473.306
"20-Aug-19",11.21,11.47,11.2,11.31,8893,66.912976,5.3059,,2320185.4868
"21-Aug-19",11.43,11.44,11.07,11.16,13426,68.026597,5.3105,,2346434.149
"22-Aug-19",11.23,12.31,11.01,12,44196,67.791726,5.3259,,2352321.6994
"23-Aug-19",11.89,12.08,11.1425,11.25,18414,68.467528,5.2892,,2358945.1936
"26-Aug-19",11.31,11.7,11.25,11.55,25108,68.600951,5.2916,,2398656.4224
"27-Aug-19",11.61,11.91,11.1116,11.14,27373,68.951367,5.2926,,2400108.3936
"28-Aug-19",11.19,11.74,11.13,11.43,30871,69.199006,5.3084,,2401560.3648
"29-Aug-19",11.61,11.97,11.61,11.82,12636,69.568213,5.3116,,2402528.3456
"30-Aug-19",11.95,12.12,11.24,11.99,18994,70.65529,5.2932,2458048,2419710.0048
"02-Sep-19",,,,,,73.492884,5.2932,,2419710.0048
"03-Sep-19",11.86,12.04,11.36,11.99,46070,72.683478,5.3033,,2403012.336
"04-Sep-19",12.13,12.34,11.8626,12.03,22477,73.233042,5.3074,,2404222.312
"05-Sep-19",12.21,12.9,11.93,12.54,32512,73.214418,5.2556,,2399866.3984
"06-Sep-19",12.61,12.95,12.38,12.81,19505,72.695679,5.2533,,2383410.7248
"09-Sep-19",12.79,13.96,12.6,13.12,37378,71.799994,5.2373,,2365019.0896
"10-Sep-19",13.22,14.42,12.96,14.11,60283,71.19851,5.2214,,2369133.008
"11-Sep-19",14.15,14.5,13.6178,14.01,108397,68.731204,5.2125,,2379882.0736
"12-Sep-19",13.98,14.5,13.8,14.48,52430,69.393105,5.265,,2416015.3792
"13-Sep-19",14.43,14.77,14.3,14.49,57473,69.853101,5.2522,2449520,2468863.4112
"16-Sep-19",14.45,16.4,14.09,16.18,70238,67.40807,5.269,,2445757.76
"17-Sep-19",16,16.5,15.5634,16.26,58654,65.727452,5.3251,,2402741.92
"18-Sep-19",16.26,16.43,15.8924,16.21,95957,63.464861,5.4224,,2381848.512
"19-Sep-19",16.24,16.45,15.75,16.26,88110,62.154028,5.319,,2378161.44
"20-Sep-19",16.23,16.55,16,16.53,114796,59.636486,4.8469,,2366854.4192
"23-Sep-19",16.28,17.43,15.8,17.33,85520,58.99747,4.8644,,2388239.4368
"24-Sep-19",17.45,17.45,16.65,16.82,122217,56.693306,4.868,,2339536.552
"25-Sep-19",16.76,16.89,16.06,16.08,47344,56.044191,4.8698,,2319205.536
"26-Sep-19",16.04,16.12,14.85,15.4,74653,55.203489,4.8768,,2305243.272
"27-Sep-19",15.4,16,15.3,15.63,51106,57.185939,4.8684,,2407633.208
"30-Sep-19",15.6,15.83,15.38,15.44,37450,59.491345,4.8548,2515958,2403224.072
"01-Oct-19",15.51,15.66,14,14.15,67611,58.719419,4.9742,,2391466.376
"02-Oct-19",14,14.89,13.53,14.34,46875,58.912085,4.9325,,2393181.04
"03-Oct-19",14.28,14.75,14.12,14.58,25046,58.305028,4.9332,,2378728.872
"04-Oct-19",14.51,14.76,14.18,14.56,27315,57.934675,4.8987,,2376769.256
"07-Oct-19",14.51,14.92,14.42,14.42,22381,57.902562,4.8795,,2377014.208
"08-Oct-19",14.26,14.58,13.9,14.27,47094,57.536216,4.8581,,2363541.848
"09-Oct-19",14.36,14.63,14.15,14.2,20546,58.259625,4.8575,,2472180.3308
"10-Oct-19",14.21,14.6089,14.08,14.35,24933,58.407054,4.8578,,2475451.0762
"11-Oct-19",14.56,15.29,14.395,14.56,56506,57.746221,4.8762,,2470922.3518
"14-Oct-19",14.41,14.41,13.5,13.61,55573,57.900969,4.8772,,2472935.1182
"15-Oct-19",13.64,14.73,13.48,14.11,54312,57.883699,4.8857,2495536,2480482.9922
"16-Oct-19",13.48,14.53,13.48,14,60667,56.929282,5.0221,,2476960.651
"17-Oct-19",14.05,14.9,14.045,14.57,61900,60.571206,4.979,,2679243.6742
"18-Oct-19",14.44,15.16,14.2,15.08,76965,59.85257,4.8927,,2692578.2516
"21-Oct-19",15.12,15.89,15,15.7,57952,53.142433,4.8593,,2432931.386
"22-Oct-19",15.68,16.01,15.22,15.97,48552,53.494978,4.8378,,2449536.7088
"23-Oct-19",15.93,16.2992,15.26,15.37,48139,52.517948,4.8469,,2430918.6196
"24-Oct-19",15.37,15.57,14.73,15.02,32633,52.352155,4.8166,,2439386.44
"25-Oct-19",15,15.47,14.89,14.95,29336,52.029808,4.8126,,2429903.4032
"28-Oct-19",15.02,15.284,14.15,14.42,55165,51.397734,4.7986,,2427657.4208
"29-Oct-19",14.47,14.7534,13.8817,13.96,54145,50.839199,4.777,,2405197.5968
"30-Oct-19",13.97,13.97,13.5,13.76,29674,50.826795,4.7773,,2408192.24
"31-Oct-19",13.67,14.08,13.46,14.08,21414,51.001033,4.778,2406665,2378744.9152
"01-Nov-19",14.407,14.77,14.11,14.43,44394,51.617569,4.4424,,2372506.0752
"04-Nov-19",14.46,14.85,14.32,14.57,27129,52.454545,4.4424,,2396463.2208
"05-Nov-19",14.66,15.05,14.27,14.76,49809,52.346147,4.4271,,2393219.024
"06-Nov-19",14.98,15.59,14.75,14.91,48192,53.239886,4.4247,,2411685.9904
"07-Nov-19",15.09,15.44,13.97,14.31,95018,52.741819,4.4199,,2414680.6336
"08-Nov-19",14.46,14.94,13.6593,14.39,63333,52.370672,4.4214,,2413183.312
"11-Nov-19",14.32,14.73,14.14,14.3,30168,53.724451,4.4214,,2412933.7584
"12-Nov-19",14.33,15.1459,14.2975,14.49,89365,53.044586,4.4203,,2443727.641
"13-Nov-19",14.41,14.6945,14.13,14.23,76240,52.192016,4.4286,,2444449.6405
"14-Nov-19",14.25,14.39,13.89,14,70451
"15-Nov-19",14.03,14.16,13.71,14.09,71797,50.528409,4.452,2417453,2427843.652
"18-Nov-19",14,14.17,13.74,13.94,52670,49.809189,4.4869,,2421345.6565
"19-Nov-19",14.48,14.48,13.87,14.07,37238,49.912043,4.4822,,2417013.6595
"20-Nov-19",14.02,14.2,13.01,13.38,85840,48.547162,4.4852,,2402573.6695
"21-Nov-19",13.44,13.885,13.11,13.8,42784,48.066161,4.4866,,2402814.336
"22-Nov-19",13.88,14.03,13.5,13.68,75784,47.189659,4.4855,,2402573.6695
"25-Nov-19",13.77,14.42,13.4738,13.74,69034,46.727928,4.487,,2420142.324
"26-Nov-19",13.74,14.4,13.64,14.24,64198,46.228632,4.4821,,2391586.2529
"27-Nov-19",14.25,14.66,14.25,14.44,33962,46.052825,4.4671,,2388443.564
"28-Nov-19",,,,,,45.710444,4.4671,,2388443.564
"29-Nov-19",14.4,14.76,14.29,14.52,13501,45.925938,4.4672,2426919,2387960.0734
"02-Dec-19",14.48,14.79,13.98,14.27,60156,44.784396,4.4815,,2384333.8939
"03-Dec-19",14.17,14.21,13.94,14.05,109282,44.019351,4.4738,,2379257.2426
"04-Dec-19",14.15,14.16,13.68,13.91,42029,43.920945,4.4744,,2371279.6477
"05-Dec-19",13.93,14.2,13.77,14.06,67489,43.365935,4.4543,,2370554.4118
"06-Dec-19",14.22,14.6993,14,14.65,47184,43.054272,4.4524,,2363060.3075
"09-Dec-19",14.62,14.93,14.44,14.54,49268,42.580007,4.4447,,2355807.9485
"10-Dec-19",14.7584,14.8032,14.33,14.59,44824,38.127389,4.416,,2148308.6988
"11-Dec-19",14.65,14.9899,14.51,14.95,24915,38.748908,4.4127,,2162627.5209
"12-Dec-19",14.95,15.475,14.78,15.42,50237,39.300471,4.4108,,2158744.4505
"13-Dec-19",15.49,15.79,14.71,14.8,30292,43.988916,4.2365,2391852,2401436.3505
"16-Dec-19",14.81,15.0483,14.2,14.22,37660,44.009218,4.2355,,2389301.7555
"17-Dec-19",14.24,14.31,13.9199,13.97,48166,41.01438,4.2048,,2212864.7442
"18-Dec-19",13.84,13.86,13.18,13.23,48087,37.973595,4.1672,,2042737.7223
"19-Dec-19",13.26,13.31,12.43,12.58,62793,38.615137,4.0444,,2057784.6201
"20-Dec-19",12.61,13.37,12.6,13.18,51791,40.004136,3.9922,,2109720.6867
"23-Dec-19",13.13,13.36,12.87,13.32,41305,40.950707,3.9821,,2114089.1409
"24-Dec-19",13.32,13.7699,13.2895,13.7,24177
"25-Dec-19",,,,,,42.671052,3.9781,,2107939.1676
"26-Dec-19",13.82,13.82,13.61,13.74,17315,43.603399,3.9873,,2134010.3544
"27-Dec-19",13.76,13.76,13.35,13.66,26758
"30-Dec-19",13.65,13.65,13.11,13.18,36200,44.24772,3.9644,,2122768.65
"31-Dec-19",13.04,13.49,13.04,13.41,28382,44.649754,3.9624,2432170,2128269.9096
"01-Jan-20",,,,,,44.491912,3.9624,,2128269.9096
"02-Jan-20",13.63,15.15,13.45,14.66,74390,44.497221,3.9732,,2133292.7988
"03-Jan-20",14.65,14.66,14.06,14.11,52185,44.39878,3.965,,2132096.8728
"06-Jan-20",14.11,14.5994,13.97,14.48,25562
"07-Jan-20",14.42,15.16,14.23,14.79,50087,44.177532,3.9653,,2137358.9472
"08-Jan-20",14.85,15.3274,14.76,15.08,25963,45.160401,3.9692,,2187348.654
"09-Jan-20",15.22,15.75,14.9,15.01,36442,44.616807,3.9535,,2153623.5408
"10-Jan-20",15.04,15.32,14.84,15.2,49635,44.014288,3.9497,,2450411.275
"13-Jan-20",15.38,16.245,14.21,15.07,120357,42.749691,3.9431,,2447492.671
"14-Jan-20",15.07,15.17,14,14.06,48289,42.710321,3.942,,2443114.765
"15-Jan-20",14.18,14.49,13.9,14.27,68642,41.880631,3.9308,2464498,2405416.13
"16-Jan-20",14.44,14.44,14.055,14.19,38623,42.013524,3.9408,,2401524.658
"17-Jan-20",14.38,14.46,14,14.09,57271,41.838925,3.9392,,2388877.374
"20-Jan-20",,,,,,42.338783,3.9392,,2388877.374
"21-Jan-20",14.01,14.15,13.77,13.96,54694,42.48801,3.9398,,2400795.007
"22-Jan-20",13.85,14.3,13.84,14.26,46545,42.364718,3.9359,,2385229.119
"23-Jan-20",14.2,14.5372,14.2,14.29,22068,43.288609,3.9395,,2416847.329
"24-Jan-20",14.42,14.42,14.0626,14.22,21542,43.3019,3.9363,,2396903.535
"27-Jan-20",13.89,14.5,13.89,14.33,64205,42.144773,3.9225,,2430487.9276
"28-Jan-20",14.34,14.46,13.95,14.01,93140,41.28453,3.9197,,2413482.8914
"29-Jan-20",14.01,14.66,13.69,14.4,59002,41.088331,3.9183,,2404857.1484
"30-Jan-20",14.4,14.63,14.04,14.59,45685,39.948272,3.9122,,2331908.0076
"31-Jan-20",14.48,14.86,13.6,14,48151,39.94363,3.9599,2333522,2345216.2968
"03-Feb-20",14.01,14.37,13.86,13.91,35208,39.90873,3.9577,,2358278.1362
"04-Feb-20",14,14.1074,13.78,13.84,16160,40.173025,3.9536,,2347927.2446
"05-Feb-20",14.01,14.19,13.835,14.06,15514,40.235214,3.9298,,2342998.2486
"06-Feb-20",14.01,14.1,13.6,13.65,20534,40.65038,3.9252,,2345462.7466
"07-Feb-20",13.65,13.89,13.635,13.72,50449,39.957475,3.9,,2307263.0276
"10-Feb-20",13.84,14.06,13.58,13.73,48646,40.605033,3.8978,,2299623.0838
"11-Feb-20",13.58,13.87,13.58,13.75,29297,40.847063,3.8975,,2287084.9122
"12-Feb-20",13.85,13.86,13.6,13.62,19075,41.15275,3.8988,,2295952.2958
"13-Feb-20",13.6,13.6,12.18,12.18,59099,42.815639,3.9235,,2365257.8992
"14-Feb-20",7,8.76,7,8.55,1190137,31.138225,3.9226,2337447,2350790.0628
"17-Feb-20",,,,,,31.219225,3.9226,,2350790.0628
"18-Feb-20",8.25,8.35,7.56,8.12,279287,29.683396,3.9234,,2352190.176
"19-Feb-20",8.29,8.4224,7.285,7.7,275714,29.474937,3.9384,,2457198.666
"20-Feb-20",7.68,7.85,7.37,7.61,82216,29.160998,3.9279,,2455331.8484
"21-Feb-20",7.7,7.7,7,7.02,137898,29.039089,3.9281,,2472833.2634
"24-Feb-20",7.02,7.2086,6.8,7.05,132496,28.693231,3.9261,,2491034.735
"25-Feb-20",7.06,7.1,6.73,6.86,118010,29.365812,3.9386,,2572241.3006
"26-Feb-20",6.84,7.36,6.775,6.84,108417,29.481539,3.9425,,2589190.0419
"27-Feb-20",6.77,6.91,6.33,6.59,108958,29.424205,3.9409,,2608357.1073
"28-Feb-20",6.48,6.86,6.17,6.85,110956,32.532225,4.1255,2611672,2929756.0698
"02-Mar-20",6.81,7.0748,6.59,6.95,91976,32.107723,4.1068,,2937937.1343
"03-Mar-20",6.96,7,6.63,6.67,71937,31.889154,4.1052,,2924847.4311
"04-Mar-20",6.96,7.49,6.7,7.25,111667,31.969118,4.1095,,2933495.985
"05-Mar-20",7.03,7.6,7.01,7.49,53682,32.291361,3.4318,,2969960.1582
"06-Mar-20",7.42,7.94,7.18,7.74,94884,32.343794,3.4441,,2990997.1812
"09-Mar-20",7.55,7.55,6.75,7.21,107306,33.319763,3.4329,,3118154.298
"10-Mar-20",7.4,7.4,7,7.11,47393,32.970816,3.4252,,2749568.2816
"11-Mar-20",7.03,7.09,6.145,6.36,118653,30.868587,3.4094,,2611410.8328
"12-Mar-20",6.11,6.46,5.69,6.08,98586,28.970987,3.3961,,2485789.4096
"13-Mar-20",6.07,6.1,5.53,5.77,192175,28.461568,3.4191,2720458,2508249.7888
"16-Mar-20",5.54,5.9,5.11,5.23,135123,27.73694,3.423,,2492057.4224
"17-Mar-20",5.4483,7.1276,5.24,6.99,204372,27.790847,3.2051,,2572758.0872
"18-Mar-20",6.58,7.53,6,6.27,156877,27.155507,3.2795,,2562311.3992
"19-Mar-20",6.27,6.9393,6.0001,6.29,130745,26.656257,3.2656,,2551342.3768
"20-Mar-20",6.56,6.6662,6,6.07,112482,26.115809,3.1998,,2520785.8144
"23-Mar-20",6.01,6.34,5.59,5.77,64986,26.046525,3.2538,,2519741.1456
"24-Mar-20",6.15,6.3999,5.87,6.3,92422,26.22759,3.3968,,2775683.2974
"25-Mar-20",6.32,6.54,6.07,6.13,71167,25.789057,3.4181,,2750655.0838
"26-Mar-20",6.17,6.46,5.7,6.36,107568,25.656949,3.4281,,2741405.5266
"27-Mar-20",6.29,6.85,6.0401,6.68,72001,25.632299,3.288,,2763441.2364
"30-Mar-20",6.83,6.95,6.345,6.74,41517,25.649113,3.2866,,2771874.6562
"31-Mar-20",6.74,7.39,6.6812,7.16,99548,25.404577,3.2937,2744804,2773506.931
"01-Apr-20",7,7.16,6.06,6.23,80641,25.122424,3.2582,,2765617.6028
"02-Apr-20",6.25,6.8,6.02,6.27,46384,24.977445,3.206,,2726715.0534
"03-Apr-20",6.39,6.92,6.01,6.56,70384,24.850967,3.1861,,2711208.4428
"06-Apr-20",6.85,7.28,6.719,7.25,83856,24.431177,3.1806,,2678562.9468
"07-Apr-20",7.3,7.3,6.5,6.89,135974,24.691762,3.1455,,2754191.6792
"08-Apr-20",6.9,7.06,6.8,6.87,48780,30.879987,3.2453,,3443555.7364
"09-Apr-20",6.9,7.1,6.65,6.98,85048,30.632281,3.2691,,3411516.8916
"10-Apr-20",,,,,,30.322514,3.2691,,3411516.8916
"13-Apr-20",6.97,6.9719,6.55,6.77,71448,30.014124,3.2937,,3388186.0576
"14-Apr-20",6.9,7.25,6.8901,7.17,92756,29.714359,3.2686,,3340151.9876
"15-Apr-20",6.94,7.0192,6.61,6.61,54512,29.621777,3.272,2612858,3333015.4972
"16-Apr-20",6.71,6.71,6.31,6.4,55399,29.565686,3.2556,,3319840.438
"17-Apr-20",6.45,7.1,6.45,6.89,91474,28.553983,3.2586,,3232281.1904
"20-Apr-20",6.86,7.0469,6.4,6.53,54849,28.79248,3.2427,,3258082.348
"21-Apr-20",6.34,6.62,6.21,6.57,83677,28.648496,3.2349,,3232006.71
"22-Apr-20",6.61,6.95,6.51,6.9,57941,28.555218,3.2163,,3222948.8568
"23-Apr-20",6.966,7.2,6.9,7.01,50530,28.573837,3.215,,3227066.0628
"24-Apr-20",7.16,8.05,7,7.93,115384,27.974698,3.2053,,2511740.3954
"27-Apr-20",8.19,9.91,7.96,9.6,181257,27.269965,3.201,,2506514.6794
"28-Apr-20",9.35,10.53,9.2,10.23,287683,26.404582,3.1938,,2505730.822
"29-Apr-20",10.25,10.56,9.81,10.42,224444,25.855168,3.2034,,2498937.3912
"30-Apr-20",10.02,11.97,9.56,11.23,259269,24.450852,3.1796,2573234,2428651.511
"01-May-20",11.57,11.6081,8.38,8.6,440425,22.745565,3.1765,,2402000.3594
"04-May-20",8.43,8.7637,7.8201,8.08,158222,23.238619,3.1177,,2492927.8178
"05-May-20",8.28,9.12,8.19,8.55,143237,22.830447,3.0884,,2488485.9592
"06-May-20",8.69,9.37,8.69,8.99,115353,23.203326,3.0919,,2560339.5542
"07-May-20",9.18,9.18,8.47,8.99,149696,22.383174,3.0609,,2509127.5374
"08-May-20",9.08,12,9.01,11.02,358106,21.609508,3.065,,2512524.2528
"11-May-20",11.43,12.1,11.06,11.74,432930,20.435304,2.9985,,2630359.7948
"12-May-20",12.22,13.9998,12,13.09,684388,19.803091,3.0351,,2735347.742
"13-May-20",12.67,12.67,11.05,11.44,132439,20.199672,3.0896,,2823095.0214
"14-May-20",11.22,11.93,10.69,11.465,117790,19.62942,3.0485,,2760050.7884
"15-May-20",11.46,11.67,10.61,10.83,135540,21.529249,3.0654,2381051,2700866.4064
"18-May-20",11.13,11.32,10.42,10.66,127698,21.242141,3.0524,,2661495.9262
"19-May-20",10.55,10.75,9.85,10.11,126907,21.666061,3.0302,,2667929.0112
"20-May-20",10.21,10.39,9.8271,10.26,87600,22.335199,3.0777,,2690830.7938
"21-May-20",10.33,10.64,9.81,10,145343,22.245583,3.0301,,2700094.4362
"22-May-20",10.04,10.15,9.62,10.02,120016,20.313936,3.0281,,2460526.3508
"25-May-20",,,,,,20.365299,3.0305,,2466959.4358
"26-May-20",10.37,10.66,9.59,9.75,147448,22.92149,3.0088,,2786297.7752
"27-May-20",9.86,10.1,9.61,9.88,110782,22.833742,2.9737,,2447720.428
"28-May-20",10.02,10.26,9.27,9.5,100749,22.40331,2.9395,,2399385.0927
"29-May-20",9.39,9.39,8.4637,9.09,131637,21.870686,2.876,2535268,2347954.3911
"01-Jun-20",9.06,9.17,8.85,8.86,77541,22.122895,2.8718,,2359383.4359
"02-Jun-20",8.87,8.9,8.39,8.76,86365,22.042488,2.8681,,2337953.9769
"03-Jun-20",8.84,9.24,8.6,8.94,78576,22.102283,2.8859,,2340573.133
"04-Jun-20",8.87,9,8.5,8.58,92144,22.338248,2.9168,,2371288.6909
"05-Jun-20",8.87,9.32,8.55,8.61,142212,21.996636,2.9234,,2343192.2891
"08-Jun-20",8.75,9.23,8.68,9.14,224601,21.887442,2.9563,,2388670.3632
"09-Jun-20",9.19,9.33,8.37,8.41,187756,21.836826,2.9907,,2588001.5744
"10-Jun-20",8.54,8.57,7.73,8.02,196084,22.13548,3.0222,,2649608.5868
"11-Jun-20",7.81,8.25,7.795,8.05,234227,21.554683,3.062,,2633382.8716
"12-Jun-20",8.31,8.74,7.83,8.32,152291,23.27311,3.2842,,2853697.6608
"15-Jun-20",8.23,8.69,8.0201,8.69,131134,21.743549,3.2069,2770989,2661017.2928
"16-Jun-20",8.83,9.6799,8.7408,9.51,119229,20.598563,3.4791,,2514732.3292
"17-Jun-20",9.62,10.09,9.38,9.66,141298,21.719597,3.5309,,2653411.4888
"18-Jun-20",9.67,10.8,9.67,10.71,157220,18.905839,3.4712,,2297713.3884
"19-Jun-20",10.76,11.09,10.45,10.45,203521,19.224987,3.5621,,2348418.7484
"22-Jun-20",10.07,10.9865,10.07,10.74,80997,18.806227,3.436,,2292135.7988
"23-Jun-20",10.89,10.93,10.38,10.7,105482,19.231945,3.4301,,2334981.828
"24-Jun-20",10.62,10.77,9.79,10,126589,18.641605,3.5109,,2372520.7818
"25-Jun-20",9.99,10.58,9.875,10.04,101221,18.421225,3.5585,,2346750.5841
"26-Jun-20",10.01,11,10,10.62,366291,17.8233,3.5377,,2343148.2984
"29-Jun-20",10.77,11,10.1358,10.61,109556,17.604127,3.5436,,2333172.738
"30-Jun-20",10.61,10.72,10.315,10.46,71108,17.721226,3.5693,2728632,2330124.6501
"01-Jul-20",10.48,10.5775,10.05,10.22,58468,17.564522,3.5783,,2325136.8699
"02-Jul-20",10.46,10.69,10.1,10.5,56382,17.706723,3.5519,,2337883.4193
"03-Jul-20",,,,,,17.516383,3.5519,,2337883.4193
"06-Jul-20",10.66,10.66,10.27,10.36,55906,17.522381,3.563,,2335112.4303
"07-Jul-20",10.42,10.63,10.11,10.22,65937,17.327539,3.5425,,2304631.5513
"08-Jul-20",10.18,10.5,10.065,10.41,70432,17.350499,3.5346,,2291607.903
"09-Jul-20",10.43,10.49,10.12,10.3,53580,17.209775,3.4867,,2274150.6723
"10-Jul-20",10.27,10.4454,10.15,10.42,28342,17.206283,3.468,,2646500.1768
"13-Jul-20",10.49,10.61,9.771,9.84,105615,17.199259,3.4504,,2633948.4696
"14-Jul-20",9.89,10.0809,9.76,9.95,64450,16.967211,3.4415,,2596293.348
"15-Jul-20",10.23,10.625,10.08,10.49,76448,16.965942,3.4397,2688114,2591654.6736
"16-Jul-20",10.48,10.88,10.15,10.87,56213,16.782712,3.4262,,2564095.4904
"17-Jul-20",10.86,11.94,10.62,11.41,120225,16.657551,3.4377,,2562731.1744
"20-Jul-20",11.41,11.77,11.41,11.7,40051,16.647469,3.4121,,2547177.972
"21-Jul-20",11.7,12.2,11.5,11.84,111582,16.473743,3.4082,,2535990.5808
"22-Jul-20",11.81,12.1699,11.32,11.43,48524,16.229102,3.4173,,2488785.2472
"23-Jul-20",11.35,11.71,10.96,11.06,49833,15.925214,3.4187,,2440215.5976
"24-Jul-20",11.09,11.2,10.8209,10.99,32553,17.048284,3.4582,,2704242.684
"27-Jul-20",10.88,11.0759,10.68,10.81,35542,17.138791,3.4478,,2695371.9078
"28-Jul-20",10.71,11.19,10.71,10.79,36189,17.368006,3.4425,,2688382.8114
"29-Jul-20",10.94,11.2,10.86,10.89,62729,17.783051,3.434,,2684619.4518
"30-Jul-20",10.81,11.01,10.44,10.54,68885,18.165281,3.4251,,2694027.8508
"31-Jul-20",10.45,10.655,10.21,10.25,64189,18.248935,3.4199,2587479,2684619.4518
"03-Aug-20",10.35,11.24,10.35,11.06,62011,19.360875,3.4211,,2682468.9606
"04-Aug-20",11.06,11.51,10.93,11.48,56240,19.042055,3.4031,,2615534.922
"05-Aug-20",11.5,11.5,11.12,11.32,28950,19.429485,3.4111,,2626556.1894
"06-Aug-20",11.33,11.33,10.71,10.78,33337,19.604033,3.4123,,2614190.865
"07-Aug-20",10.77,11.4434,10.71,11.13,55985,19.708767,3.4085,,2608545.8256
"10-Aug-20",11.26,11.57,10.1,10.59,83952,20.51098,3.4084,,2609083.4484
"11-Aug-20",10.6,10.97,10.3,10.42,59084,20.73782,3.4092,,2523309.5208
"12-Aug-20",10.52,10.74,10.38,10.47,37537,21.701908,3.3559,,2501833.4451
"13-Aug-20",10.38,11.42,10.38,10.54,23724,23.943198,3.3655,,2504420.9241
"14-Aug-20",10.42,10.7,10.4,10.45,21432,24.314062,3.3483,2566901,2499763.4619
"17-Aug-20",10.52,10.77,10.14,10.23,67363,23.542445,3.2844,,2386431.8817
"18-Aug-20",10.16,10.72,10.15,10.4,57863,23.681318,3.2837,,2385655.638
"19-Aug-20",10.395,10.78,10.2518,10.57,102808,23.60562,3.2772,,2368578.2766
"20-Aug-20",10.61,10.71,10.295,10.52,75820,23.821485,3.2642,,2370389.5119
"21-Aug-20",10.59,10.64,10.3,10.47,43807,23.608366,3.2514,,2332612.3185
"24-Aug-20",10.4,10.56,10.27,10.39,61468,23.919316,3.2341,,2320192.4193
"25-Aug-20",10.51,10.85,10.06,10.15,112124,24.064917,3.2226,,2404929.5469
"26-Aug-20",10.03,10.35,10,10.19,49599,24.277427,3.2085,,2409036.5885
"27-Aug-20",10.3,10.36,9.95,10.01,108522,23.956849,3.191,,2362062.3002
"28-Aug-20",10.08,10.18,9.62,9.81,111359,23.975604,3.2109,,2364115.821
"31-Aug-20",9.6,10.2,9.35,9.89,114368,23.766204,3.1957,2427945,2333056.3189
"01-Sep-20",9.78,9.88,9.55,9.62,42642,24.128954,3.4216,,2349484.4853
"02-Sep-20",9.51,9.64,9.36,9.37,79490,23.988394,3.4362,,2336649.9803
"03-Sep-20",9.42,9.66,9.37,9.42,51700,23.836816,3.4586,,2308414.0693
"04-Sep-20",9.51,9.51,8.76,9.27,106210,23.780669,3.4684,,2313547.8713
"07-Sep-20",,,,,,24.005048,3.4684,,2313547.8713
"08-Sep-20",9.29,9.69,9.1,9.6,91705,24.026706,3.4737,,2316628.1525
"09-Sep-20",9.63,9.83,9.4,9.46,107294,24.439693,3.4776,,2308927.4495
"10-Sep-20",9.49,11.72,9.49,10.94,378159,23.481968,3.469,,2385941.5515
"11-Sep-20",11,11.64,10.76,11.25,185376,23.073156,3.4757,,2340053.391
"14-Sep-20",11.25,11.8929,11.25,11.83,66332,24.012127,3.3896,,2338596.624
"15-Sep-20",11.85,11.99,11.46,11.67,84809,23.820941,3.3015,2406490,2319173.064
"16-Sep-20",11.66,12.49,11.66,12.19,156713,23.63886,3.2946,,2311889.229
"17-Sep-20",12.01,12.69,12.01,12.5,56434,24.114409,3.2486,,2332283.967
"18-Sep-20",12.63,13.4,12.53,13.14,123797,22.932369,3.2057,,2210886.717
"21-Sep-20",12.92,12.92,11.5,11.56,101226,23.793423,3.195,,2221569.675
"22-Sep-20",11.63,11.81,11.36,11.59,47836,23.93193,3.1775,,2219870.1135
"23-Sep-20",11.5,11.5,10.56,10.62,65152,24.247008,3.1601,,2242450.002
"24-Sep-20",10.62,11.87,10.62,11.08,89871,23.997516,3.1497,,2296272.758
"25-Sep-20",11.06,11.81,11.06,11.71,38131,24.478614,3.1456,,2303492.228
"28-Sep-20",11.82,11.98,11.7,11.72,44050,26.30279,3.1426,,2310952.347
"29-Sep-20",11.8,12.26,11.57,12.23,60611,26.455276,3.1474,,2317449.87
"30-Sep-20",12.24,12.25,11.63,11.79,36084,26.948207,3.1535,2357298,2325150.638
"01-Oct-20",11.86,12.24,11.4,11.66,75736,26.976664,3.132,,2329722.969
"02-Oct-20",11.54,14.51,11.4762,13.41,316529,25.554254,3.1485,,2325150.638
"05-Oct-20",13.41,17.77,13.41,16.06,805419,22.457185,3.1551,,2344883.856
"06-Oct-20",15.76,15.76,14.68,14.83,249758,21.90661,3.1524,,2349215.538
"07-Oct-20",15.2,15.55,14.7979,15.43,90123,22.382235,3.1811,,2413709.47
"08-Oct-20",15.47,16.14,15.31,15.66,86979,21.950631,3.1695,,2375446.279
"09-Oct-20",15.69,15.9425,15.3,15.65,39987,22.153087,3.1545,,2418352.0182
"12-Oct-20",15.57,15.57,15.03,15.4,43676,21.939977,3.1539,,2416701.9096
"13-Oct-20",15.14,15.76,14.781,15.14,39365,22.297205,3.1438,,2434617.3744
"14-Oct-20",15.04,15.3866,14.81,15.21,56277,22.419636,3.1451,,2428252.6698
"15-Oct-20",14.97,15.2855,14.7101,14.97,49469,22.673601,3.1411,2311972,2449704.0816
"16-Oct-20",14.87,15.47,14.7,14.71,34833,22.798432,3.1318,,2446168.1346
"19-Oct-20",14.81,15.09,13.61,13.81,83811,22.861368,3.1357,,2452061.3796
"20-Oct-20",13.88,14.23,13.55,13.81,45903,22.984767,3.1304,,2446875.324
"21-Oct-20",12.97,13.93,12.97,13.5,40187,23.32789,3.1191,,2483413.443
"22-Oct-20",13.49,13.675,13.23,13.25,32068,23.851977,3.1121,,2505336.3144
"23-Oct-20",13.36,13.58,12.3,12.37,148252,25.360702,3.1357,,2709006.8616
"26-Oct-20",12.16,13.06,12.03,12.82,72485,23.918949,3.0984,,2444447.9956
"27-Oct-20",12.85,12.94,12.26,12.38,58069,23.821954,3.0921,,2421097.0784
"28-Oct-20",12.18,12.36,11.845,12.13,106847,23.403061,3.0843,,2406762.852
"29-Oct-20",11.94,12.16,11.84,12.06,38780,23.101004,3.077,,2376707.216
"30-Oct-20",12.475,12.9341,11.6,12.11,56568,22.716876,3.0705,2334731,2334860.5228
"02-Nov-20",12.3,12.46,11.71,12.06,40218,22.730434,3.0692,,2335785.3116
"03-Nov-20",12.29,12.72,12.2201,12.47,39394,22.935223,3.0692,,2336478.9032
"04-Nov-20",12.39,12.69,12.165,12.32,36856,23.064291,3.0626,,2339715.664
"05-Nov-20",12.29,12.55,11.89,12.01,45549,22.659446,3.0635,,2294632.21
"06-Nov-20",12.21,12.47,11.89,12.15,60242,22.48692,3.0547,,2289083.4772
"09-Nov-20",12.08,12.75,11.8,11.89,96502,22.612262,3.0554,,2339946.8612
"10-Nov-20",12.57,14.96,12.16,14.08,215115,21.47129,3.0162,,2266323.3817
"11-Nov-20",14.01,14.9696,14.01,14.67,119368,21.438645,3.0185,,2275662.3057
"12-Nov-20",14.94,15.49,14.21,15.38,104538,21.182466,3.0141,,2264689.07
"13-Nov-20",15.32,15.95,14.65,14.86,92931,20.95227,3.0374,2333219,2259786.1349
"16-Nov-20",14.9,15.45,14.35,14.62,47887,20.515008,3.0104,,2247645.5337
"17-Nov-20",14.41,14.8,14.27,14.28,33367,20.917914,3.0148,,2268658.1127
"18-Nov-20",14.31,14.575,13.89,13.97,43112,20.930694,3.0167,,2261653.9197
"19-Nov-20",13.93,14.515,13.895,14.18,43889,20.892826,3.0144,,2252548.4688
"20-Nov-20",13.96,14.41,13.8,14.41,42144,20.834377,3.0126,,2224998.643
"23-Nov-20",14.5,15.02,14.23,14.41,61159,20.49862,3.0065,,2202118.2792
"24-Nov-20",14.52,14.92,14.11,14.9,61835,20.582496,3.0054,,2270688.7308
"25-Nov-20",14.66,15.15,14.66,14.75,38762,20.571716,3.0017,,2261355.8548
"26-Nov-20",,,,,,20.609157,3.0016,,2259489.2796
"27-Nov-20",14.74,15.07,14.5121,14.7,22530,20.515643,2.9956,,2239423.5962
"30-Nov-20",14.75,15.2,14.75,14.9,55423,20.734877,2.9933,2324321,2237323.6991
"01-Dec-20",14.94,15.75,14.7,15.37,49366,21.00853,2.9861,,2242223.459
"02-Dec-20",15.31,19.7,15.13,18.3,379169,18.668575,3.0883,,2105496.8256
"03-Dec-20",18.42,18.49,16.7749,16.93,107515,18.666785,3.0828,,2114829.7016
"04-Dec-20",17.14,17.44,16.63,17.14,38227,18.477698,2.9717,,2088930.9707
"07-Dec-20",17.18,18.2599,16.98,17.47,69258,18.824215,2.9057,,2115529.6673
"08-Dec-20",17.34,17.845,17,17.44,74527,19.010279,2.8915,,2128595.6937
"09-Dec-20",17.43,17.69,16.9,17.07,37761,19.078056,2.8882,,2200434.6907
"10-Dec-20",16.98,17.4,16.79,17.09,64829,19.076762,2.8548,,2185326.6042
"11-Dec-20",17.08,18.2,17.02,17.77,100611,19.96669,2.8548,,2185326.6042
"14-Dec-20",17.93,20.5,17.93,18.8,197211,19.785226,2.823,,2169753.6535
"15-Dec-20",18.64,19.38,18.03,18.4,79593,19.444435,2.8112,2140684,2137213.1595
"16-Dec-20",18.66,19.6,18.24,19.19,112119,19.546757,2.8032,,2158132.0485
"17-Dec-20",19.34,20.45,19.11,20.31,106396
"18-Dec-20",20.48,22.47,20.48,22.11,297884,19.196161,2.796,,2186953.6289
"21-Dec-20",21.89,23.9,21.2003,22.3,154538,19.233071,2.7995,,2202061.7154
"22-Dec-20",22.02,23.8,22.02,22.98,109638,19.154409,2.8061,,2196018.4808
"23-Dec-20",23.65,24.05,21.1,21.16,140543,18.537571,2.7931,,2156969.888
"24-Dec-20",21.13,21.83,21.01,21.14,15604,18.649721,2.7851,,2156525.0616
"25-Dec-20",,,,,,18.73105,2.7854,,2168298.8236
"28-Dec-20",21.46,22.395,21.36,22.28,110318,18.391213,2.7864,,2153742.1724
"29-Dec-20",22.3,23.1,21.54,23.07,64936,18.156813,2.7866,,2133405.6744
"30-Dec-20",23.3,25,23.25,24.5,108012,17.646426,2.778,,2089093.5156
"31-Dec-20",24.67,24.9699,23.65,23.86,186323,17.49233,2.7729,1925628,2099154.7304
"01-Jan-21",,,,,,17.326212,2.7729,,2100011.004
"04-Jan-21",23.7,24.98,23.7,24.51,126088,17.760931,2.8114,,2097014.0464
"05-Jan-21",24.54,26.1769,24.54,25.28,268596,17.408071,2.8347,,2110714.424
"06-Jan-21",25.33,26.15,24.78,25.47,91361,20.112553,2.8135,,2169797.3024
"07-Jan-21",25.45,26.5441,24.9953,25.95,93017,19.982288,2.8163,,2097014.0464
"08-Jan-21",25.81,26.57,25.5635,26.41,163920,19.8692,2.8184,,2112641.0396
"11-Jan-21",26.22,26.42,24.48,24.67,115701,19.855489,2.8277,,2140469.9316
"12-Jan-21",23.79,24.52,22.69,23.15,300946,18.654738,2.8104,,1912341.1668
"13-Jan-21",24.64,25.39,22.96,25.19,211580,17.964244,2.8198,,1893470.0124
"14-Jan-21",25.21,25.72,24.71,24.86,118105,18.57895,2.8218,,1983396.84
"15-Jan-21",24.66,28.8599,24.66,26.94,185455,17.534615,2.8086,1606337,1910800.6644
"18-Jan-21",,,,,,17.078632,2.8047,,1895588.2032
"19-Jan-21",27.27,30.69,26.9,27.44,213575,15.603646,2.7592,,1762527.3084
"20-Jan-21",27.5,30,27.385,28.98,105475,15.491527,2.7281,,1755595.0476
"21-Jan-21",29.13,29.8,28.21,28.78,97090,14.664288,2.6966,,1674911.2344
"22-Jan-21",28.84,29.83,28.53,29.53,105483,14.655203,2.7035,,1690701.384
"25-Jan-21",29.9,36,29.6161,34.84,508825,13.685651,2.7197,,1683961.686
"26-Jan-21",35.5,35.5,33.22,34.24,189627,13.724649,2.6985,,1707261.7848
"27-Jan-21",33.81,35,32.47,34.44,114478,12.228213,2.7012,,1286354.6696
"28-Jan-21",34.42,35,33.63,34.43,104496,11.716067,2.6762,,1240413.4314
"29-Jan-21",34.6,34.92,31.6,34.15,133299,12.163045,2.6466,1250776,1292458.7502
"01-Feb-21",34.67,34.67,33.03,33.94,83078,10.43006,2.6195,,1124275.2663
"02-Feb-21",34.24,34.75,33.29,34.2,90021,9.293302,2.6112,,998177.8118
"03-Feb-21",35.67,37.45,32.75,36.62,422899,8.92027,2.5937,,1008137.1012
"04-Feb-21",36.6,41.86,35.12,41.1,391750,8.492309,2.5509,,1003639.3576
"05-Feb-21",41.14,44.39,39.825,44.15,199776,8.154271,2.5678,,983238.8777
"08-Feb-21",45,45.82,43.42,44.27,209795,8.216509,2.5269,,1019381.4602
"09-Feb-21",43.66,44.5,38.5501,39.14,290812,8.01435,2.5204,,979982.996
"10-Feb-21",39.79,43.2801,39.09,40.63,146887,7.92728,2.5262,,974979.892
"11-Feb-21",40.73,40.93,35.12,36.04,235873,7.717363,2.5274,,951465.3032
"12-Feb-21",36.27,40.2,35.98,39.96,168401,7.971162,2.5299,1123868,988363.1952
"15-Feb-21",,,,,,7.895504,2.53,,988238.1176
"16-Feb-21",41,41,35.28,36.06,239524,6.902944,2.3346,,873917.1912
"17-Feb-21",35.67,36.41,34.25,34.9,125494,6.075173,2.2801,,775856.3528
"18-Feb-21",34.83,36.75,34.0581,34.75,117744,5.9804,2.2908,,770978.3264
"19-Feb-21",34.91,36.76,34.44,35.46,118654,6.105114,2.283,,793742.4496
"22-Feb-21",35.46,36.02,33.89,34.45,96448,6.008804,2.2913,,794993.2256
"23-Feb-21",33.02,33.29,28.73,32.21,221229,5.886156,2.2943,,784987.0176
"24-Feb-21",31.83,34.22,31.5101,31.9,108852,5.855971,2.2943,,892575.9656
"25-Feb-21",31.84,32.865,28.8315,28.99,123215,5.658739,2.2745,,868300.4168
"26-Feb-21",29.19,30.167,28.06,29.25,113934,5.731183,2.1197,1210548,886394.6916
"01-Mar-21",30.06,30.9799,29.15,29.45,75216,5.831205,2.1067,,916401.9672
"02-Mar-21",29.58,30.19,28.83,29.37,176163,5.715541,2.1041,,910333.08
"03-Mar-21",29.92,30.99,26.72,27.77,133631,5.813176,2.0923,,902128.8436
"04-Mar-21",27.8,27.92,24.86,25.15,152730,5.920653,2.0785,,923257.562
"05-Mar-21",25.9,25.98,22.2,25.68,270419,5.815481,2.0694,,929326.4492
"08-Mar-21",25.8,26.54,24.52,24.73,71412,5.863563,2.0638,,937193.5252
"09-Mar-21",25.23,26.9483,25.23,26.64,65160,5.700759,2.0772,,1243111.7412
"10-Mar-21",27.02,29.22,26.41,28.8,110072,5.656505,2.0829,,1242748.5768
"11-Mar-21",29.51,30.48,28.47,30.24,84256,5.619276,2.0817,,1237059.0012
"12-Mar-21",30.68,31.07,28.9,30.87,73940,6.89623,2.0634,,1514032.3836
"15-Mar-21",30.71,31.95,30.4601,31.15,68990,7.151241,2.0687,1289950,1549138.2756
"16-Mar-21",30.97,31,25.85,26.3,236801,7.065056,2.0433,,1555796.2896
"17-Mar-21",26.2,26.6416,25.3901,25.69,128640,7.233632,2.0398,,1595623.3188
"18-Mar-21",25.26,25.55,23.96,24.01,115308,7.137579,2.0224,,1575891.3864
"19-Mar-21",24.15,25.34,23.45,23.58,191265,6.979085,2.0174,,1523958.8772
"22-Mar-21",23.57,24.43,23.18,24.03,67834,7.171355,2.0211,,1551801.4812
"23-Mar-21",24.11,24.83,23.34,23.88,53608,6.998903,2.0157,,1505558.5476
"24-Mar-21",24.27,24.615,22.8911,23.01,66721,7.091316,2.0125,,1260281.15
"25-Mar-21",22.8,23.9299,22,23.68,84084,7.112259,2.0091,,1273180.65
"26-Mar-21",23.92,24.065,22.5,23.09,98614,7.657511,1.9944,,1362832.175
"29-Mar-21",22.75,22.77,20.76,22.43,126233,7.439854,1.964,,1326197.595
"30-Mar-21",22.1,23.33,21.76,22.7,80300,7.686163,1.962,,1372377.805
"31-Mar-21",22.82,24.03,22.2256,23.68,230357,7.583477,1.959,1301201,1371345.845
"01-Apr-21",24.11,24.2,23.36,23.64,62888
"02-Apr-21",,,,,,7.56567,1.9213,,1350706.645
"05-Apr-21",23.98,24.05,22.84,23.21,41656,6.897369,1.9476,,1220550.69
"06-Apr-21",23.22,23.72,22.76,22.88,82287,6.989959,1.9387,,1212681.995
"07-Apr-21",22.83,22.94,21.56,21.57,76465,6.879397,1.9376,,1191526.815
"08-Apr-21",21.58,22.2,21.42,22.02,58946,6.803747,1.8971,,1174112.49
"09-Apr-21",22.09,22.09,21.1939,21.81,60518,6.78268,1.891,,1098213.644
"12-Apr-21",21.83,21.95,21.0001,21.64,60583,6.63948,1.8831,,1068546.2612
"13-Apr-21",21.77,22.1,20.89,21.34,82855,6.802169,1.8827,,1068546.2612
"14-Apr-21",21.52,22.165,21.31,21.51,53307,6.966851,1.8797,,1074922.1461
"15-Apr-21",21.62,22.14,21.12,21.77,48764,7.051737,1.8778,1216038,1079346.2295
"16-Apr-21",22.02,22.02,20.72,21.03,87214,7.147245,1.8757,,1081558.2712
"19-Apr-21",20.93,20.93,19.82,20.38,48267,7.266978,1.88,,1088324.5164
"20-Apr-21",20.16,20.68,19.33,19.93,58158,7.724084,1.8795,,1135818.3529
"21-Apr-21",19.94,21.22,19.5776,20.5,108600,7.758354,1.8787,,1141283.3971
"22-Apr-21",20.62,21.36,20.16,20.77,73594,7.787997,1.8791,,1142454.478
"23-Apr-21",20.89,21.26,20.34,20.95,39445,7.699936,1.8724,,1120724.4213
"26-Apr-21",21.02,22.21,20.65,21.9,58264,8.034217,1.8704,,1246438.95
"27-Apr-21",22.02,22.226,20.77,21,45489,7.875001,1.8673,,1199499.8832
"28-Apr-21",20.97,21.44,20.08,20.8,63207,7.539938,1.867,,1140886.8516
"29-Apr-21",21.04,21.04,19.86,20.25,54506,7.395741,1.8483,,1111823.5434
"30-Apr-21",19.97,20.14,18.66,19.26,150525,7.38425,1.8423,1238214,1112553.1662
"03-May-21",19.33,20.5,19.2927,19.88,83861,7.408757,1.808,,1121065.4322
"04-May-21",19.6,19.6,18,18.18,146810,7.838017,1.8496,,1142954.1162
"05-May-21",18.31,18.55,17.57,17.73,90558,8.393334,1.8319,,1173476.67
"06-May-21",17.78,18.7675,16.16,17.33,96624,8.86216,1.8479,,1220902.152
"07-May-21",17.48,18.46,17.0138,17.15,68635,9.052832,1.8335,,1239507.5334
"10-May-21",17.16,18.1761,16,16.31,122482,9.422276,1.8206,,1239872.3448
"11-May-21",16.17,18.23,14.594,17.97,121142,9.386229,1.8187,,1369217.0412
"12-May-21",17.83,21.3799,16.947,19.03,165711,9.260946,1.8051,,1336528.1916
"13-May-21",19.04,19.635,16.89,17.15,106094,8.754233,1.7846,,1251339.0684
"14-May-21",17.2,17.94,17.03,17.45,90423,8.306201,1.8002,1394175,1184846.9766
"17-May-21",17.24,17.99,17.24,17.5,31282,8.649671,1.7925,,1194505.0458
"18-May-21",17.57,18.145,17.05,17.68,75518,8.648057,1.7723,,1184846.9766
"19-May-21",17.53,18.05,17.25,17.63,49574,8.813253,1.7796,,1194381.2244
"20-May-21",17.68,18.82,17.53,18.69,41439,8.602842,1.712,,1151415.1986
"21-May-21",18.96,18.99,18.01,18.7,35138,8.622078,1.7011,,1142376.2364
"24-May-21",18.64,18.64,17.84,18.02,28624,8.86694,1.6982,,1137547.2018
"25-May-21",18.13,18.42,17.13,17.32,53977,9.098963,1.6938,,1360714.8
"26-May-21",17.69,18.4999,17.145,18.2,25813,9.251563,1.6768,,1360435.965
"27-May-21",18.29,19.16,18.09,18.93,22764,9.547789,1.6708,,1381627.425
"28-May-21",18.5,18.74,17.95,18.04,39686,9.671092,1.6694,1345464,1387343.5425
"31-May-21",,,,,,9.688013,1.6689,,1389713.64
"01-Jun-21",18.18,19.17,17.88,18.76,60962,9.833137,1.6553,,1403794.8075
"02-Jun-21",18.92,19.386,18.54,19,45187,9.910267,1.661,,1407419.6625
"03-Jun-21",19.02,19.02,18.11,18.83,37190,10.067775,1.6825,,1394872.0875
"04-Jun-21",18.84,19.08,18.08,18.54,68517,10.122666,1.6661,,1386088.785
"07-Jun-21",18.65,19.1,18.46,18.51,47432,10.657658,1.6678,,1380930.3375
"08-Jun-21",18.67,18.75,17.51,18.08,53127,10.857552,1.6664,,1399472.865
"09-Jun-21",18.22,18.6423,17.54,17.76,26927,10.820989,1.6687,,1341158.5152
"10-Jun-21",17.89,18.128,17.5,17.68,26387,11.056522,1.6707,,1359995.0112
"11-Jun-21",17.71,17.79,17.23,17.46,24689,11.39428,1.6705,,1378024.2288
"14-Jun-21",17.63,18.04,17.6,17.77,43722,11.494364,1.6682,,1379638.7856
"15-Jun-21",17.75,17.85,17.25,17.25,25601,11.658181,1.6673,1396341,1384886.0952
"16-Jun-21",17.21,17.65,16.8114,17.44,51917,11.750295,1.6656,,1391075.2296
"17-Jun-21",17.26,17.97,17.09,17.41,32648,12.743595,1.6831,,1445835.6144
"18-Jun-21",17.06,17.4051,16.82,17.34,78537,13.033375,1.7443,,1462923.0072
"21-Jun-21",17.45,17.56,16.77,17.56,38129,13.458565,1.742,,1445701.068
"22-Jun-21",17.51,17.71,16.99,17.64,32771,14.279623,1.7349,,1521585.2376
"23-Jun-21",17.61,18.36,17.4,18.18,45363,14.778472,1.7271,,1566658.2816
"24-Jun-21",18.19,18.5585,18.01,18.47,38052,15.071624,1.7232,,1605233.6136
"25-Jun-21",18.35,18.499,17.815,18,193905,14.652692,1.7138,,1605931.7841
"28-Jun-21",18.01,18.01,16.97,17.23,66245,14.880841,1.7228,,1613611.6596
"29-Jun-21",17.19,17.225,16.7257,16.77,25841,13.25835,1.741,,1423848.9177
"30-Jun-21",16.75,17.15,16.32,16.4,78706,13.345894,1.7417,1331655,1417844.6514
"01-Jul-21",17.25,24.3999,16.8,20.82,2309051,8.941921,1.7055,,1406673.9234
"02-Jul-21",20.8,20.8,17.25,17.25,365570,8.606164,1.7349,,1418263.5537
"06-Jul-21",17.77,19.11,17.27,17.59,167721,8.513405,1.7241,,1429434.2817
"07-Jul-21",17.55,18.52,16.662,18.03,116129,8.998875,1.7262,,1518520.8375
"08-Jul-21",17.69,19,17.1775,18.56,58851,9.146369,1.7227,,1539465.9525
"09-Jul-21",18.87,19.3749,18.14,18.43,56467,9.499906,1.7286,,1598391.5427
"12-Jul-21",18.44,19.45,18.44,19.3,53018,9.638261,1.7089,,1521282.672
"13-Jul-21",19.21,19.3,18.41,18.47,38242,9.502839,1.7026,,1495049.0685
"14-Jul-21",18.61,18.61,17.53,17.84,66392,9.854573,1.6986,,1546584.117
"15-Jul-21",17.79,18.25,17.49,18.13,27936,9.941089,1.6956,1425315,1554307.716
"16-Jul-21",18.07,18.5506,17.8939,18.06,70028,9.792187,1.7047,,1535930.877
"19-Jul-21",18,19.1918,17.6285,18.01,89372,9.651692,1.6867,,1514358.066
"20-Jul-21",18.05,19.31,18.05,18.86,86172,9.734317,1.6836,,1535797.7115
"21-Jul-21",19.11,20.0867,19.02,19.77,76884,9.718498,1.6805,,1537528.863
"22-Jul-21",19.77,20.7,19.13,20.17,85165,9.880898,1.6738,,1557903.1845
"23-Jul-21",20.29,20.6833,19.19,20.06,61943,9.993882,1.6899,,1572950.886
"26-Jul-21",20.13,20.13,19.41,19.5,52799,10.369032,1.655,,1499573.9115
"27-Jul-21",20.1,21.658,19.785,20.49,132662,10.381626,1.6599,,1517817.9435
"28-Jul-21",20.38,21.48,20.1346,21.15,51413,10.943628,1.6624,,1601341.4025
"29-Jul-21",21.21,21.83,20.87,21.22,52633,10.75288,1.666,,1570982.193
"30-Jul-21",20.755,21.48,20.05,20.5,58989,10.713453,1.6656,1526111,1566278.6535
"02-Aug-21",20.37,20.88,20.1,20.77,45450,10.963309,1.6341,,1578251.2995
"03-Aug-21",20.81,21.7499,20.56,21.46,35480,11.549799,1.667,,1645668.699
"04-Aug-21",21.22,25.8699,21.22,22.5,248740,10.899006,1.66,,1590651.54
"05-Aug-21",22.77,22.99,21.38,22.45,86862,11.688266,1.6559,,1691136.2475
"06-Aug-21",22.7,23.0999,22.05,22.9,41089,11.717302,1.668,,1683154.4835
"09-Aug-21",22.9,23.2399,22.1,22.61,63269,12.261544,1.6605,,1762259.466
"10-Aug-21",23.17,25.36,22.9,24.71,136202,12.492812,1.6573,,1757316.8165
"11-Aug-21",24.6,26.48,23.55,24.25,113439,12.489282,1.6522,,1754569.8167
"12-Aug-21",24.11,24.62,22.77,23.46,67308,12.522797,1.6537,,1745413.1507
"13-Aug-21",23.31,23.4358,22.13,22.43,46061,13.038291,1.6491,1590298,1785397.2589
"16-Aug-21",22.31,23.33,21.6,21.89,83458,13.054731,1.6495,,1784939.4256
"17-Aug-21",21.74,22.68,20.175,21.9,77783,13.118181,1.6484,,1786923.3699
"18-Aug-21",21.88,22.45,21.53,21.71,45195,13.181339,1.6474,,1799284.869
"19-Aug-21",21.5,21.6,20.59,21.12,35837,13.465966,1.6484,,1827212.7003
"20-Aug-21",20.88,22.285,20.69,21.92,64850,13.494655,1.6487,,1835301.0886
"23-Aug-21",22,23.2,21.3007,23.03,51089,13.276496,1.642,,1826907.4781
"24-Aug-21",22.96,23.13,21.9701,22.7,35321,13.494024,1.6396,,1637052.7612
"25-Aug-21",22.95,23.971,21.13,23.4,34666,13.507125,1.6313,,1640074.3274
"26-Aug-21",23.53,24.635,23.47,24.02,58283,13.460603,1.6141,,1635462.4632
"27-Aug-21",23.93,25.7023,23.93,25.41,73773,13.343532,1.6132,,1632917.9864
"30-Aug-21",25.73,29.16,25.73,26.63,128673,13.097157,1.6142,,1643891.0426
"31-Aug-21",26.6,26.86,25.01,25.9,61661,13.478752,1.6091,1597995,1680944.986
"01-Sep-21",26,26,24.98,25.48,54566,13.96426,1.5751,,1728653.926
"02-Sep-21",25.65,26.715,25.475,25.88,38212,14.168211,1.6029,,1748214.5914
"03-Sep-21",25.77,25.77,24.09,24.8,42489,14.055808,1.5975,,1733583.8498
"06-Sep-21",,,,,,13.842371,1.5975,,1733583.8498
"07-Sep-21",24.64,24.955,23.3,23.64,65142,13.978968,1.5937,,1740422.1312
"08-Sep-21",23.62,24.0947,22.9,23.37,37742,14.034105,1.59,,1744715.9358
"09-Sep-21",23.37,23.7534,22.03,22.19,83394,14.085374,1.5836,,1758869.588
"10-Sep-21",22.43,22.93,20.43,20.76,112563,13.973106,1.5822,,1679492.745
"13-Sep-21",21.09,21.98,20.54,20.75,65582,16.383904,1.5266,,2004205.329
"14-Sep-21",20.87,21.1,19.84,20.45,58761,14.819436,1.5285,,1799981.568
"15-Sep-21",20.28,20.81,20.03,20.55,40200,14.912108,1.529,1568797,1810368.5355
"16-Sep-21",20.37,21.12,19.89,21.01,40731,14.949448,1.5355,,1818837.909
"17-Sep-21",21.01,22.92,20.72,22.86,145695,14.764448,1.5355,,1820276.1045
"20-Sep-21",21.98,22.27,20.21,20.62,64602,14.614155,1.534,,1817879.112
"21-Sep-21",20.9,21.59,20.6338,21.43,46547,14.275388,1.5412,,1759871.8935
"22-Sep-21",21.44,21.9,19.71,19.99,67041,14.412043,1.547,,1784001.618
"23-Sep-21",20.27,22.305,19.98,22.01,58114,14.338152,1.5523,,1781125.227
"24-Sep-21",21.63,23.36,21.63,23.2,67312,13.963049,1.5468,,1507613.917
"27-Sep-21",23.18,23.35,22.23,22.49,60186,14.167773,1.5473,,1516712.9396
"28-Sep-21",22.2,22.64,21.98,22.2,40666,14.353323,1.5525,,1521576.2103
"29-Sep-21",22.37,22.385,22.06,22.27,22420,14.602506,1.5666,,1538519.2179
"30-Sep-21",22.39,22.47,21.6,21.6,34726,14.548921,1.5618,1465614,1534754.1051
"01-Oct-21",21.8,22.03,20.66,21.74,31413,15.10399,1.5613,,1582602.4136
"04-Oct-21",21.5,21.5,20.29,20.33,35283,23.279038,1.5769,,1541970.5713
"05-Oct-21",20.47,20.79,19.86,20.5,26926,23.326855,1.5693,,1530675.2329
"06-Oct-21",20.2,20.94,19.97,20.84,26170,23.580496,1.5672,,1533028.4284
"07-Oct-21",21.13,21.51,20.298,21.12,36508,24.407115,1.5671,,1539460.4961
"08-Oct-21",20.91,22.3,20.3,20.45,31352,25.267041,1.5598,,1562051.1729
"11-Oct-21",20.09,20.925,20.09,20.55,28315,25.412021,1.5598,,1491701.9292
"12-Oct-21",20.57,21.52,20.57,21.49,20925,25.634363,1.5547,,1489503.5082
"13-Oct-21",21.57,22.15,21.33,21.68,16773,25.796239,1.5509,,1485692.9118
"14-Oct-21",22.11,22.5,21.87,21.94,20883,25.787874,1.5417,,1478951.0874
"15-Oct-21",22.37,22.6274,21.42,21.65,34058,25.793468,1.5479,1444083,1467519.2982
"18-Oct-21",21.36,21.44,20.06,21.1,28513,25.953736,1.539,,1473528.3156
"19-Oct-21",21.13,21.65,20.47,21.45,16872,26.221235,1.5324,,1472502.3858
"20-Oct-21",21.72,22.18,21.0067,22.01,15711,26.844906,1.5324,,1479537.333
"21-Oct-21",21.88,22.96,21.86,22.35,24776,27.213069,1.533,,1476312.9822
"22-Oct-21",22.35,23,22.01,22.28,19046,27.46971,1.537,,1467812.421
"25-Oct-21",22.3,22.33,21.39,21.63,39075,27.967485,1.533,,1474114.5612
"26-Oct-21",21.82,21.82,21.07,21.27,29372,28.180024,1.5374,,1451014.5984
"27-Oct-21",21.12,21.55,20.25,20.54,99780,27.727616,1.5353,,1445815.8996
"28-Oct-21",20.955,21.78,19.7,20.66,103896,27.831826,1.5309,,1440039.5676
"29-Oct-21",20.476,21.22,20.17,21.09,37563,27.65501,1.5334,,1425598.7376
"01-Nov-21",21.09,22.7235,21.08,22.48,39889,27.785253,1.5143,,1426320.7791
"02-Nov-21",22.45,23.51,22.2125,22.9,56448,27.800114,1.5298,,1427187.2289
"03-Nov-21",22.98,23.06,21.72,22.79,45283
"19-Nov-21",,,,,,,,,,,0