"Date","open PUMP Price in USD","high PUMP Price in USD","low PUMP Price in USD","close PUMP Price in USD","PUMP Volume","Days to cover 3m (on loan)","Cost To Borrow","Exchange Reported SI","Estimated Short Interest","Dividends","hidden"
"17-Mar-17",15,15.19,14.5,14.5,13512480
"20-Mar-17",14.5,14.74,14.36,14.36,1725037
"21-Mar-17",14.47,14.47,13.89,14.05,1463637
"22-Mar-17",13.97,14.29,13.89,14,948703
"23-Mar-17",14.01,14.09,13.96,14.05,378810
"24-Mar-17",14.07,14.13,13.1301,13.5,1697538
"27-Mar-17",13.26,13.39,12.26,12.47,3812487
"28-Mar-17",12.55,13.1,12.275,12.86,1440122
"29-Mar-17",12.72,12.9,12.36,12.79,669612
"30-Mar-17",12.81,13.38,12.79,13.08,798534
"31-Mar-17",13.09,13.29,12.75,12.89,836019
"03-Apr-17",13.01,13.545,12.57,13.44,1334464
"04-Apr-17",13.51,14.3,13.1,13.94,1156976
"05-Apr-17",13.99,14.62,13.92,14.01,1256157
"06-Apr-17",14.07,14.34,13.64,14.02,728723
"07-Apr-17",14.09,14.09,13.73,13.8,582002
"10-Apr-17",13.84,14.74,13.84,14.12,1141221
"11-Apr-17",14.55,14.72,13.93,14.58,2503926
"12-Apr-17",14.66,15.2992,14.37,14.57,2089622
"13-Apr-17",14.61,14.799,14.3701,14.5,721726
"17-Apr-17",14.58,14.6,13.78,14.5,1086606
"18-Apr-17",14.44,14.55,14.1,14.12,654260
"19-Apr-17",14.07,14.39,13.46,13.67,1018395
"20-Apr-17",13.6,13.95,13.11,13.66,1253735
"21-Apr-17",13.58,13.93,13.11,13.64,1293042
"24-Apr-17",13.72,13.94,13.31,13.53,507413
"25-Apr-17",13.65,13.72,13.385,13.53,525443
"26-Apr-17",13.41,14.12,13.41,13.7,803897
"27-Apr-17",13.65,13.86,13.125,13.72,776430
"28-Apr-17",13.91,14.16,13.4,13.55,534825
"01-May-17",13.56,13.91,13.34,13.39,513591
"02-May-17",13.4,13.74,13.2612,13.5,347184
"03-May-17",13.4,13.72,13.05,13.11,686893
"04-May-17",13,13.05,11.68,12.06,1129290
"05-May-17",12.11,12.73,12.08,12.46,1058172
"08-May-17",12.46,12.75,12.2201,12.45,381915
"09-May-17",12.49,12.62,11.91,11.93,492380
"10-May-17",12.01,12.915,11.85,12.49,1025091
"11-May-17",13.07,13.52,11.91,12.37,1121942
"12-May-17",12.35,12.67,12.12,12.57,544811
"15-May-17",12.76,13.41,12.76,12.99,1100931
"16-May-17",13.08,13.18,12.56,12.64,944767
"17-May-17",12.57,12.879,12.41,12.49,570154
"18-May-17",12.44,13,12.31,12.94,483616
"19-May-17",13.11,14.035,13.11,13.73,964653
"22-May-17",13.77,13.89,13.46,13.59,648867
"23-May-17",13.64,13.88,13.62,13.7,1035369
"24-May-17",13.76,13.97,13.66,13.72,507532
"25-May-17",13.74,13.9325,13.3,13.33,667259
"26-May-17",13.25,13.85,13.24,13.71,713597
"30-May-17",13.65,13.88,13.36,13.37,553297
"31-May-17",13.32,13.84,13.02,13.25,587931
"01-Jun-17",13.36,13.79,13.05,13.45,1040803
"02-Jun-17",13.4,13.75,12.92,13.23,745794
"05-Jun-17",13.23,13.625,13.05,13.25,468732
"06-Jun-17",13.22,13.81,13.15,13.73,667111
"07-Jun-17",13.69,14.15,13.19,13.27,1099774
"08-Jun-17",13.19,13.58,13.06,13.15,661832
"09-Jun-17",13.24,14.28,12.97,14.08,1021531
"12-Jun-17",14.24,14.85,14.07,14.19,1059333
"13-Jun-17",14.19,15.24,14.14,14.7,964282
"14-Jun-17",14.59,14.87,13.68,14.02,863725
"15-Jun-17",13.82,14.14,13.14,13.48,467762
"16-Jun-17",13.49,13.68,13.07,13.48,2846079
"19-Jun-17",13.48,13.57,12.87,13.2,777983
"20-Jun-17",13.05,13.05,12.26,12.58,1105806
"21-Jun-17",12.7,12.745,12.25,12.55,1182634
"22-Jun-17",12.55,13.03,12.43,12.72,814893
"23-Jun-17",12.8,13.12,12.39,12.91,3340520
"26-Jun-17",12.93,13.755,12.85,13.22,728043
"27-Jun-17",13.36,13.565,13.21,13.45,621611
"28-Jun-17",13.58,14.03,13.37,13.8,527541
"29-Jun-17",13.82,14.4371,13.6,13.99,1222090
"30-Jun-17",14.06,14.13,13.65,13.96,642058
"03-Jul-17",13.99,14.63,13.84,14.29,533295,2.69254
"04-Jul-17",,,,,,2.711328
"05-Jul-17",14.33,14.36,13.21,13.35,644047,3.129632
"06-Jul-17",13.33,13.8,13.07,13.3,957179,3.246991
"07-Jul-17",13.25,13.5,12.89,13.05,1076088,2.982325
"10-Jul-17",13.02,13.91,12.78,13.83,777424,3.506012
"11-Jul-17",13.8,14.02,13.52,13.82,734753,3.950447
"12-Jul-17",13.64,14.08,13.52,13.79,620910,4.55311
"13-Jul-17",13.75,13.91,13.52,13.84,956241,4.445238
"14-Jul-17",13.79,13.97,13.56,13.92,587996,4.389233
"17-Jul-17",13.93,14.19,13.72,13.82,728431,4.445234
"18-Jul-17",13.89,14,13.38,13.45,417282,4.61514
"19-Jul-17",13.44,13.99,13.37,13.84,682627,4.711408
"20-Jul-17",13.87,13.95,13.58,13.72,361691,4.812722
"21-Jul-17",13.8,13.929,12.93,13.03,669070,4.837008
"24-Jul-17",13.06,13.06,12.31,12.44,1021842,5.063201
"25-Jul-17",12.6,13.42,12.596,13.05,639664,5.660252
"26-Jul-17",13.06,13.84,12.76,13.5,691208,5.462633
"27-Jul-17",13.49,13.745,13.3,13.59,715467,5.521295
"28-Jul-17",13.58,13.9125,13.24,13.27,698753,5.185467
"31-Jul-17",13.23,13.25,12.73,13,498760,5.049956
"01-Aug-17",13.02,13.02,12.7301,12.85,366103,5.218542
"02-Aug-17",12.8,12.91,12.375,12.84,1311148,5.414796
"03-Aug-17",12.79,12.95,12.48,12.78,769171,5.42081
"04-Aug-17",12.75,12.95,12.7,12.79,300091,5.520912
"07-Aug-17",12.68,12.68,12.07,12.2,445070,5.951195
"08-Aug-17",12.05,12.25,11.63,12,809465,5.988785
"09-Aug-17",13.4,13.4,11.78,12.39,2612404
"10-Aug-17",12.53,13,11.92,11.98,1502302
"11-Aug-17",11.81,12.265,11.47,11.49,1296701
"14-Aug-17",11.69,11.74,11.23,11.35,1189220
"15-Aug-17",11.46,11.46,10.84,11.29,881753
"16-Aug-17",11.38,11.54,11.14,11.38,574662
"17-Aug-17",11.33,11.54,11.22,11.31,623444
"18-Aug-17",11.25,11.73,11.12,11.65,567685
"21-Aug-17",11.65,11.7,11.14,11.2,704180
"22-Aug-17",11.19,11.58,11.13,11.43,476515
"23-Aug-17",11.39,11.565,11.25,11.34,375284
"24-Aug-17",11.33,11.44,10.92,11.13,574388
"25-Aug-17",11.16,11.48,11.14,11.36,242565
"28-Aug-17",11.36,11.44,11,11.31,819302
"29-Aug-17",11.17,11.46,11.08,11.35,605954
"30-Aug-17",11.32,11.32,10.97,11.07,771965
"31-Aug-17",11.15,11.58,11.04,11.51,599140
"01-Sep-17",11.54,11.67,11.1,11.44,267220
"05-Sep-17",11.44,11.94,11.44,11.59,550417
"06-Sep-17",11.71,12,11.7,11.81,633976
"07-Sep-17",11.82,11.94,11.59,11.76,362180
"08-Sep-17",11.73,11.93,11.15,11.39,723617
"11-Sep-17",11.44,11.83,11.13,11.6,464114
"12-Sep-17",11.52,11.98,11.48,11.8,338778
"13-Sep-17",11.8,12.16,11.74,11.95,606810
"14-Sep-17",11.98,12.23,11.9,11.98,689632
"15-Sep-17",11.9,11.92,11.77,11.89,1109422
"18-Sep-17",11.87,12.36,11.87,12.34,575794
"19-Sep-17",12.35,12.69,12.2978,12.52,596209
"20-Sep-17",12.51,13.14,12.46,12.95,980504
"21-Sep-17",12.91,12.93,12.66,12.9,756430
"22-Sep-17",12.99,13.24,12.87,13.05,539469
"25-Sep-17",13.23,13.61,13.18,13.39,708288
"26-Sep-17",13.49,14.02,13.49,13.88,2377848
"27-Sep-17",13.93,14.24,13.69,13.98,1540045
"28-Sep-17",14.11,14.46,13.87,14.4,1763300
"29-Sep-17",14.31,14.48,14.12,14.35,1454611
"02-Oct-17",14.74,14.75,14.06,14.55,1389970,7.831336,0.7701
"03-Oct-17",14.58,14.79,14.31,14.48,2081868,7.998587,0.9344
"04-Oct-17",14.45,14.86,14.13,14.32,1568771,7.932927,0.9274
"05-Oct-17",14.6,15.1,14.43,14.83,1585415,8.099416,0.9379
"06-Oct-17",14.65,14.7,14.25,14.39,985627,7.649075,0.9252
"09-Oct-17",14.4,14.93,14.33,14.75,924926,7.68556,0.9252
"10-Oct-17",14.98,15.24,14.72,14.76,1598741,7.739816,0.9314
"11-Oct-17",14.74,15.1,14.51,15.01,751000,8.168978,0.9388
"12-Oct-17",14.78,14.89,14.45,14.56,807120,8.279677,0.9386
"13-Oct-17",14.84,15.089,14.33,14.66,1193093,10.50556,0.9463
"16-Oct-17",14.86,15.02,14.51,14.56,898037,8.499535,0.943
"17-Oct-17",14.53,14.63,14.385,14.47,930927,8.630152,0.933
"18-Oct-17",14.47,14.82,14.47,14.54,1616180,8.75052,0.9408
"19-Oct-17",14.47,14.58,13.87,14.43,984881,7.979717,0.9306
"20-Oct-17",14.46,14.6899,14.22,14.62,888203,8.792027,0.937
"23-Oct-17",14.96,15.71,14.37,14.44,1416848,9.020053,0.947
"24-Oct-17",14.47,14.5502,13.98,14.08,995526,8.809416,0.9375
"25-Oct-17",13.97,13.97,13.56,13.81,1164343,9.551078,0.9527
"26-Oct-17",13.85,14.055,13.26,13.99,1148307,8.964864,0.9818
"27-Oct-17",13.97,14.56,13.765,14.49,592153,8.382547,0.973
"30-Oct-17",14.51,14.81,14.41,14.71,745172,7.468878,0.9173
"31-Oct-17",14.69,15.32,14.64,15.23,810590,8.690519,0.9142
"01-Nov-17",15.34,16.04,15.34,15.73,1775541,8.587121,0.759
"02-Nov-17",16,17.35,15.5,15.65,2483082,7.809553,0.9218
"03-Nov-17",15.44,16.28,14.99,15.84,2503243,7.591679,0.9142
"06-Nov-17",15.85,16.65,15.79,16.22,2942277,7.129891,0.8977
"07-Nov-17",16,17.0401,16,16.53,10895440,7.046513,0.9112
"08-Nov-17",16.47,17.19,16.38,16.82,2899387,7.616004,0.8942
"09-Nov-17",16.76,17.22,16.59,17.21,1808949,4.547189,0.9081
"10-Nov-17",17.34,17.66,16.955,17,1654314,4.363924,0.8549
"13-Nov-17",17.17,17.28,16.77,17.18,1771813,3.984526,0.8138
"14-Nov-17",17.13,17.46,16.42,16.88,2585080,4.19713,0.8315
"15-Nov-17",16.66,16.95,16.165,16.84,1800282,4.38391,0.8334
"16-Nov-17",16.84,17.24,16.64,17.09,1542474,4.26219,0.8104
"17-Nov-17",17.17,17.96,16.9472,17.81,3299229,4.030721,0.8047
"20-Nov-17",17.79,17.8,17.415,17.66,1433477,4.452049,0.8252
"21-Nov-17",17.83,17.94,17.53,17.66,1558948,5.065155,0.849
"22-Nov-17",17.94,17.94,17.46,17.65,1130410,5.013041,0.845
"23-Nov-17",,,,,,4.995971,0.8461
"24-Nov-17",17.82,18.43,17.69,18.23,1022950,4.94572,0.8423
"27-Nov-17",18.09,18.34,17.85,18.11,1768678,4.574953,0.8273
"28-Nov-17",18.12,18.84,18.01,18.8,2235404,4.519723,0.8289
"29-Nov-17",18.75,18.96,17.9,18.24,1204568,4.608078,0.8251
"30-Nov-17",18.38,19.08,18.22,18.77,2556467,4.289841,0.8122
"01-Dec-17",18.93,19.49,18.77,19.15,1442534,3.954269,0.6964
"04-Dec-17",19.16,19.6215,18.9,18.91,1077886,2.423549,0.6719
"05-Dec-17",18.89,19.149,18.12,18.22,1089328,2.530718,0.6782
"06-Dec-17",18.08,18.34,17.37,17.81,1642462,2.62261,0.6844
"07-Dec-17",17.84,18.62,17.79,18.52,867107,2.299935,0.6904
"08-Dec-17",18.66,18.97,18.46,18.87,813124,2.610344,0.6776
"11-Dec-17",19,19.67,18.77,18.92,2420460,2.572933,0.6635
"12-Dec-17",19.5,20.46,19.4,19.76,3040350,2.499032,0.6759
"13-Dec-17",20.18,20.25,19.46,19.61,2000990,2.566327,0.651
"14-Dec-17",19.6,19.6,18.51,18.74,2905553,3.064774,0.675
"15-Dec-17",18.93,19.2,18.74,18.85,4904792,2.924304,0.7158
"18-Dec-17",19.16,19.27,18.955,19,1654274,2.949967,0.6988
"19-Dec-17",19.22,19.7,19,19.36,1580665,3.50829,0.7614
"20-Dec-17",19.52,20.02,19.24,19.89,2715106,3.382993,0.7004
"21-Dec-17",19.94,20.1,19.43,19.85,1715266,3.390507,0.6904
"22-Dec-17",19.86,20.4,19.6118,19.91,1290167,3.660827,0.6927
"25-Dec-17",,,,,,3.672477,0.6972
"26-Dec-17",20.03,20.59,19.76,20.49,604191,3.547121,0.682
"27-Dec-17",20.43,20.5999,20.13,20.31,1476149,4.031851,0.7262
"28-Dec-17",20.37,20.43,20.025,20.04,618537,3.950597,0.7162
"29-Dec-17",20.07,20.34,19.64,20.16,866178,3.88507,0.7113
"01-Jan-18",,,,,,3.881576,0.7111
"02-Jan-18",20.26,20.58,19.96,20.31,906299,3.94047,0.6529
"03-Jan-18",20.38,20.479,19.82,20,1722909,3.827875,0.7099
"04-Jan-18",20.22,20.45,19.68,20,1826205,3.913349,0.7182
"05-Jan-18",19.98,20.07,19.3,19.73,1929617,3.668282,0.6864
"08-Jan-18",19.65,19.97,19.43,19.85,1738647,3.72361,0.6783
"09-Jan-18",19.8,19.9043,19.34,19.68,1384221,3.713485,0.6854
"10-Jan-18",19.86,20.06,19.6,20,1588541,3.674748,0.6813
"11-Jan-18",20.1,21.63,19.88,21.55,2081455,3.61229,0.6809
"12-Jan-18",21.51,21.549,20.79,21.09,2072717,3.488814,0.6498
"15-Jan-18",,,,,,3.448095,0.6501
"16-Jan-18",21.22,21.58,20.75,20.78,2262386,3.509856,0.6628
"17-Jan-18",20.96,21.63,20.8,21.45,2167402,3.535354,0.6793
"18-Jan-18",21.37,21.5271,20.93,21.37,1370248,3.260322,0.6813
"19-Jan-18",21.19,21.66,20.55,21.33,1351924,3.372112,0.6429
"22-Jan-18",21.5,22.17,21.33,22.11,1174589,3.41919,0.6482
"23-Jan-18",22.51,22.88,22.11,22.49,2074162,3.41786,0.6467
"24-Jan-18",22.51,22.58,20.86,21.43,3271149,3.265785,0.6307
"25-Jan-18",21.74,21.74,20.71,20.75,1885556,3.009088,0.6389
"26-Jan-18",20.79,20.98,20.01,20.07,2069314,3.172035,0.6589
"29-Jan-18",19.95,19.98,19.41,19.67,1832389,3.214135,0.6692
"30-Jan-18",19.41,19.54,19.05,19.22,1279905,2.974573,0.6473
"31-Jan-18",19.33,19.49,18.3,18.68,2185274,2.998194,0.6567
"01-Feb-18",18.72,19.13,18.6744,19.04,1497994,2.890871,0.6113
"02-Feb-18",18.63,18.709,17.61,17.65,2089794,2.84324,0.6498
"05-Feb-18",17.34,18.07,17.04,17.09,1954940,2.839285,0.6409
"06-Feb-18",16.65,17.77,16.65,17.6,1176150
"07-Feb-18",17.54,17.58,16.465,16.49,2155148,3.100464,0.6393
"08-Feb-18",16.53,16.7,15.4,15.41,2469201,3.509105,0.6404
"09-Feb-18",15.49,15.85,14.56,15.25,2812985,3.551086,0.6341
"12-Feb-18",15.41,15.99,15.27,15.9,1672501
"13-Feb-18",15.62,15.94,15.11,15.39,1446806,3.990874,0.6266
"14-Feb-18",15.15,16.33,15.13,16.02,1916173,3.732529,0.6026
"15-Feb-18",16.11,16.83,15.5199,16.8,2653397,3.812187,0.6178
"16-Feb-18",16.64,16.83,16.41,16.42,1888555,3.693702,0.6051
"19-Feb-18",,,,,,3.659673,0.6001
"20-Feb-18",16.33,16.67,16.0101,16.13,814158,3.796378,0.5946
"21-Feb-18",16.08,16.96,15.921,16.6,1202171,3.67334,0.5981
"22-Feb-18",16.82,17.11,16.56,16.78,1239314,3.580089,0.5983
"23-Feb-18",16.94,17.14,16.62,16.77,1416968,3.477253,0.5952
"26-Feb-18",16.86,16.91,16.16,16.51,1114287,3.533318,0.5863
"27-Feb-18",16.5,16.92,16.07,16.37,1358509,3.362128,0.5804
"28-Feb-18",16.84,16.86,16.08,16.13,1482517,3.375685,0.5667
"01-Mar-18",16.13,16.13,15.56,15.95,1508600,3.143432,0.533
"02-Mar-18",15.75,16.87,15.73,16.82,1613649,3.149494,0.5707
"05-Mar-18",16.75,17.11,16.47,16.88,922525,3.052454,0.5635
"06-Mar-18",17,17.49,16.905,17.33,952990,2.987485,0.5583
"07-Mar-18",17.11,17.4,16.91,17.28,917314,3.115389,0.553
"08-Mar-18",17.3,17.76,17.17,17.76,1026237,3.023797,0.5629
"09-Mar-18",17.98,18.205,17.785,18.14,1184219,3.054543,0.5597
"12-Mar-18",18.12,18.365,17.96,18.15,676598,3.275987,0.5598
"13-Mar-18",18.26,18.32,17.625,17.82,943158,3.69265,0.5762
"14-Mar-18",17.78,18.01,17.09,17.24,789421,3.746155,0.5709
"15-Mar-18",17.29,17.38,16.25,16.65,1592361,3.799207,0.5873
"16-Mar-18",16.7,17.17,16.65,17.05,990213,4.038875,0.5578
"19-Mar-18",17,17.196,16.25,16.66,778275,4.156647,0.5919
"20-Mar-18",16.76,17.13,16.6,17.01,716963,4.280586,0.5758
"21-Mar-18",17,18.02,16.86,18,1151668,4.305194,0.5772
"22-Mar-18",17.76,17.94,17.3,17.35,1004096,4.273854,0.5819
"23-Mar-18",17.49,17.87,16.59,16.59,1314245,4.382872,0.74
"26-Mar-18",16.84,17.32,16.15,16.96,1473363,4.452835,0.6103
"27-Mar-18",14.78,16.85,14.78,15.72,3746981,4.215533,0.6131
"28-Mar-18",15.55,16.04,15.4,15.53,1964678,4.362491,0.6287
"29-Mar-18",15.59,16.24,15.55,15.89,1440382,4.420562,0.6871
"30-Mar-18",,,,,,4.419115,0.6874
"02-Apr-18",15.83,16,15.32,15.72,1125552,4.415954,0.6271
"03-Apr-18",15.86,16.18,15.64,16.05,817259,4.407254,0.6177
"04-Apr-18",15.72,16.14,15.49,16.11,1006484,4.592108,0.621
"05-Apr-18",16.18,16.95,16.18,16.7,979752,4.606934,0.6256
"06-Apr-18",16.57,16.81,16.19,16.32,920716,4.639975,0.6226
"09-Apr-18",16.49,16.52,15.81,15.83,1417923,4.659181,0.6168
"10-Apr-18",16.21,17.28,16.175,16.96,1370316,4.70176,0.6273
"11-Apr-18",16.94,17.71,16.87,17.52,1236688,4.706481,0.6195
"12-Apr-18",17.29,17.63,16.93,17.45,916049,4.52539,0.6245
"13-Apr-18",17.52,17.8,17.06,17.44,900907,4.547983,0.6261
"16-Apr-18",17.43,17.9,17.06,17.87,867762,4.629844,1.766
"17-Apr-18",19.17,19.19,18.36,18.56,6106661,4.493277,0.6323
"18-Apr-18",18.77,19.57,18.76,19,14365040
"19-Apr-18",19.04,19.35,18.635,18.85,1866971,4.118198,0.6596
"20-Apr-18",18.52,18.98,18.14,18.81,1983618,7.710709,0.8661
"23-Apr-18",18.75,19.24,18.65,19.09,1375438,7.05139,0.8775
"24-Apr-18",19.2,19.49,18.69,18.97,1464238,6.645455,0.816
"25-Apr-18",18.77,19.18,18.14,18.35,2004502,7.519742,0.8292
"26-Apr-18",18.42,18.73,18.01,18.61,1849643,8.068918,0.8433
"27-Apr-18",18.47,18.65,18.15,18.5,1021826,8.048415,0.8412
"30-Apr-18",18.45,18.65,18.27,18.3,1340595,7.858179,0.8246
"01-May-18",18.19,18.4,17.87,18.08,1423691,8.024019,0.8112
"02-May-18",18.04,18.44,17.89,18.26,1497540,7.950571,0.8093
"03-May-18",18.23,18.39,17.73,18.08,1578494,8.925283,0.7749
"04-May-18",18,18.28,17.65,17.85,1285311,8.158757,0.7773
"07-May-18",17.93,19.18,17.84,18.04,2219748,7.984794,0.7342
"08-May-18",18.04,18.61,17.78,18.59,1518951,7.967308,0.7357
"09-May-18",19.6,20.91,19.1784,19.53,3097107,8.06774,0.7196
"10-May-18",19.79,20.23,19.38,19.38,2425510,8.584346,0.7121
"11-May-18",19.03,19.4,18.75,19.17,9584529,7.991174,0.7035
"14-May-18",19.47,19.72,19.04,19.48,3176478,6.18876,0.7042
"15-May-18",19.51,19.58,19.09,19.18,2337234,6.107535,0.7131
"16-May-18",19.3,19.74,19.15,19.43,1693502,5.312726,0.6879
"17-May-18",19.47,20.52,19.37,20.49,2356861,4.318251,0.6751
"18-May-18",20.54,20.62,19.83,20,2216487,4.306629,0.6691
"21-May-18",20.11,20.22,19.53,19.62,2272462,4.326228,0.6609
"22-May-18",19.73,20.19,19.44,19.61,2254277,4.395825,0.6418
"23-May-18",19.35,19.56,19.03,19.1,2149708,4.476947,0.6366
"24-May-18",18.72,19.38,18.165,18.99,1835498,4.44511,0.6302
"25-May-18",18.49,18.65,17.53,17.7,1969693
"28-May-18",,,,,,4.392891,0.6302
"29-May-18",17.52,18.11,17.32,17.63,2463446
"30-May-18",17.85,18.5,17.75,17.84,1494033,4.197972,0.6176
"31-May-18",17.66,17.8599,16.22,16.27,3798078,4.368293,0.6049
"01-Jun-18",16.39,16.73,15.2,15.28,4787285,4.327626,0.62
"04-Jun-18",15.35,15.57,14.5,14.98,3924795,4.15777,0.6162
"05-Jun-18",14.88,15.12,14.76,14.87,2181267
"06-Jun-18",14.84,15.04,14.57,14.92,2690315,4.008516,0.6055
"07-Jun-18",15.09,15.66,15.09,15.35,2499504,3.999211,0.6223
"08-Jun-18",15,15.18,14,14.25,4708732,3.989168,0.6279
"11-Jun-18",14.31,14.59,14.0299,14.2,1491992,4.088665,0.6374
"12-Jun-18",14.18,14.91,14.0833,14.79,2471384,4.276858,0.6139
"13-Jun-18",14.78,14.93,14.51,14.78,1840299,4.35867,0.6117
"14-Jun-18",14.87,15.06,14.5,14.62,1928561,4.294617,0.6562
"15-Jun-18",14.36,14.87,14.14,14.83,2675995,4.136033,0.6381
"18-Jun-18",14.79,15.73,14.63,15.25,2612684,4.201504,0.62
"19-Jun-18",15,15.93,14.81,15.91,2760879,4.344332,0.5969
"20-Jun-18",16,16.02,15.32,15.89,3481822
"21-Jun-18",15.7,15.77,15.24,15.25,1416944,4.659491,0.5983
"22-Jun-18",16.07,16.25,15.26,15.53,4241800,5.304997,0.6054
"25-Jun-18",15.47,15.57,14.95,15.06,2350999,4.99056,0.5981
"26-Jun-18",15.14,15.525,14.81,15.42,1226878
"27-Jun-18",15.71,16.09,15.4468,15.52,1625870,5.178063,0.5934
"28-Jun-18",15.56,15.69,15.2,15.68,1412440,5.268851,0.5964
"29-Jun-18",15.68,15.89,15.52,15.68,1098638
"02-Jul-18",15.34,15.49,14.64,15.25,1643428,5.292705,0.6037
"03-Jul-18",15.5,15.78,15.37,15.63,447473,5.261254,0.6029
"04-Jul-18",,,,,,5.19032,0.6015
"05-Jul-18",15.72,16.03,15.38,15.93,961001,5.293453,0.6025
"06-Jul-18",15.75,16,15.7,15.93,928619,5.312736,0.5999
"09-Jul-18",16.02,16.44,15.73,16.23,1583611,5.471388,0.5795
"10-Jul-18",16.27,16.68,16.02,16.11,1334319,5.220204,0.5993
"11-Jul-18",15.85,16.33,15.68,15.78,997164,5.161816,0.5974
"12-Jul-18",15.87,16.055,15.4,15.9,970965,5.516272,0.5904
"13-Jul-18",15.82,15.965,15.55,15.59,1030079,5.385443,0.5873
"16-Jul-18",15.4,15.58,15.175,15.34,690062
"17-Jul-18",15.31,15.935,15.21,15.76,1033280,5.349401,0.5865
"18-Jul-18",15.66,15.785,15.44,15.5,873431
"19-Jul-18",15.46,15.64,15.21,15.45,865043
"20-Jul-18",15.57,15.7225,15.29,15.46,1303553,6.234175,0.5852
"23-Jul-18",15.44,15.44,14.72,15,1162197,6.248576,0.5856
"24-Jul-18",15.04,15.15,14.59,14.66,1107678,6.101154,0.5867
"25-Jul-18",14.69,14.78,14.35,14.54,1213425,6.14194,0.5874
"26-Jul-18",14.55,15.12,14.36,14.93,1700489,6.062818,0.5869
"27-Jul-18",14.96,15.755,14.96,15.72,1349921,6.077206,0.5864
"30-Jul-18",15.98,16.61,15.8918,16.51,1473768,5.741433,0.5917
"31-Jul-18",16.46,16.7207,16.17,16.44,1147724
"01-Aug-18",16.23,16.55,15.81,16.26,828365,5.680276,0.5976
"02-Aug-18",16.02,16.76,16.02,16.61,879159,5.86308,0.5955
"03-Aug-18",16.48,16.71,15.92,16.3,1762463
"06-Aug-18",16.33,16.5,16.06,16.3,1160657,5.89184,0.5865
"07-Aug-18",16.61,16.68,16.3,16.37,1204979,5.889923,0.5879
"08-Aug-18",16.4,17.06,16.2,16.89,2752624,5.625645,0.5774
"09-Aug-18",16.87,17.3,16.46,16.93,1494697,5.53133,0.5778
"10-Aug-18",16.83,17.42,16.81,17.33,1290961,5.575401,0.5721
"13-Aug-18",17.35,17.4,16.47,16.56,1683785,5.993252,0.572
"14-Aug-18",16.68,17.185,16.67,16.85,1378925,5.975414,0.569
"15-Aug-18",16.65,16.77,15.46,15.54,977868,6.145862,0.5724
"16-Aug-18",15.62,16.1,15.56,15.94,801806,6.280514,0.5713
"17-Aug-18",15.97,16.67,15.93,16.64,870268,6.316641,0.5729
"20-Aug-18",16.68,17.1,16.59,17.01,570570,6.40259,0.5666
"21-Aug-18",17.22,17.27,17.01,17.19,704210,6.41005,0.566
"22-Aug-18",17.2,17.325,16.9,17.22,1107294,6.544515,0.5658
"23-Aug-18",17.15,17.15,16.7,16.72,672050,6.638475,0.5638
"24-Aug-18",16.85,16.97,16.73,16.82,470840,6.767599,0.5647
"27-Aug-18",16.85,16.96,16.55,16.72,1012659,6.80528,0.5654
"28-Aug-18",16.71,16.9,16.37,16.41,679219,6.879524,0.5664
"29-Aug-18",16.46,16.84,16.33,16.56,1200062,6.572985,0.5595
"30-Aug-18",16.3,16.48,14.45,14.63,4623699,6.440234,0.559
"31-Aug-18",14.58,15.235,14.5,15.22,1908478,6.59861,0.5608
"03-Sep-18",,,,,,6.938253,0.5608
"04-Sep-18",15.22,15.25,14.87,15.13,1197342,7.197206,0.5638
"05-Sep-18",14.85,15.381,14.8,15.17,2287739,7.360458,0.5627
"06-Sep-18",15.1,15.17,14.51,14.69,1841145,7.469844,0.563
"07-Sep-18",14.6,15.14,14.32,15.01,1183957,8.559156,0.5634
"10-Sep-18",15.13,15.57,15.0498,15.44,1190049,9.491961,0.5716
"11-Sep-18",15.55,15.87,15.28,15.72,1357777,9.616829,0.5761
"12-Sep-18",15.98,16.55,15.89,16.32,2581857
"13-Sep-18",16.19,16.34,15.74,15.8,1454627,9.510766,0.5739
"14-Sep-18",15.85,16.92,15.85,16.62,2366980,9.635877,0.5724
"17-Sep-18",16.59,16.78,16.33,16.55,1567762,9.978889,0.5744
"18-Sep-18",16.8,17.14,16.65,16.88,1885337,10.127487,0.5934
"19-Sep-18",16.84,17.17,16.81,16.86,2281468,10.525035,0.5766
"20-Sep-18",16.92,17.14,16.505,16.85,1185949,10.441315,0.5963
"21-Sep-18",16.98,17.36,16.77,17.33,2120461,10.671382,0.588
"24-Sep-18",17.52,17.67,16.9664,17.24,2421488,11.342273,0.5887
"25-Sep-18",17.33,17.895,17.18,17.23,1464751,11.132095,0.594
"26-Sep-18",16.91,17.25,16.59,16.65,1091700,10.364264,0.5982
"27-Sep-18",16.64,16.8,16.15,16.75,1113321,10.023673,0.6026
"28-Sep-18",16.7,17.01,16.435,16.49,986665,10.001588,0.6178
"01-Oct-18",16.58,17.07,16.385,16.91,1255358,9.624493,0.6066
"02-Oct-18",16.98,17.66,16.98,17.14,1769366,9.551376,0.6006
"03-Oct-18",17.07,17.63,16.9,17.63,1053142,9.360698,0.595
"04-Oct-18",17.59,18.165,17.47,17.62,1236815,9.045658,0.5929
"05-Oct-18",17.64,18.23,17.64,17.9,1543397,8.586982,0.5947
"08-Oct-18",17.93,18.08,17.53,18.02,499262,8.58927,0.5947
"09-Oct-18",18.19,18.5599,18.06,18.34,1192601,8.658645,0.5936
"10-Oct-18",18.47,18.52,17.68,17.8,1450156,8.85215,0.5935
"11-Oct-18",17.58,17.94,17.24,17.33,1370683,8.725587,0.5925
"12-Oct-18",17.69,18.17,16.76,17.3,1635918,8.433387,0.5898
"15-Oct-18",17.35,18.08,17.23,17.92,1243485,8.22971,0.591
"16-Oct-18",18,18.54,17.81,18.52,913179,8.688604,0.5881
"17-Oct-18",18.4,18.52,18.05,18.18,1151706,7.794555,0.5955
"18-Oct-18",17.99,18.095,17.52,17.58,981321,7.747786,0.5985
"19-Oct-18",17.59,18.0499,17.03,17.03,1283207,7.686386,0.5963
"22-Oct-18",16.94,16.94,16.32,16.61,1082396,7.60676,0.5986
"23-Oct-18",16.18,16.27,15.58,15.99,941613,7.694635,0.5968
"24-Oct-18",16.03,16.12,15.08,15.1,1823262,7.586622,0.598
"25-Oct-18",15.37,16.21,15.328,15.94,1164846,7.012253,0.5992
"26-Oct-18",15.63,17.07,15.54,16.79,1100082
"29-Oct-18",16.82,16.88,16.115,16.36,1188627
"30-Oct-18",16.22,17.51,15.98,17.48,931940
"31-Oct-18",17.71,18.08,17.59,17.65,1072050
"01-Nov-18",17.82,17.98,17.2818,17.79,993726
"02-Nov-18",17.8,17.92,17,17.59,1325402
"05-Nov-18",17.76,18.05,17.61,17.77,1023187,6.656566,0.5934
"06-Nov-18",17.8,17.89,17.24,17.25,1208998,6.522916,0.5916
"07-Nov-18",18.25,19.39,17.69,18.67,2820700,6.173291,0.5875
"08-Nov-18",19.2,19.5,18.47,18.61,1995279,5.960783,0.5892
"09-Nov-18",18.35,18.63,17.44,18.6,1918999,6.080191,0.5946
"12-Nov-18",19.15,19.15,17.41,17.46,1920441,5.994356,0.5934
"13-Nov-18",17.63,18.56,17.15,17.3,2827870,6.259715,0.5863
"14-Nov-18",17.82,17.82,17.24,17.61,1719456,5.818508,0.5822
"15-Nov-18",17.52,18.59,17.42,18.41,2111176,6.519734,0.5905
"16-Nov-18",18.37,19.04,18.37,18.88,1582278,6.057784,0.5916
"19-Nov-18",19.2,19.76,18.99,19.61,1289753,5.957278,0.5954
"20-Nov-18",19.03,19.41,18.35,18.73,1104261,5.904119,0.598
"21-Nov-18",18.93,19.06,18.26,18.3,622707,5.929478,0.5958
"22-Nov-18",,,,,,5.901826,0.5956
"23-Nov-18",17.52,18.19,17.46,17.94,250467,6.01123,0.5959
"26-Nov-18",18.13,18.3,17.7,17.84,912010,5.946703,0.5924
"27-Nov-18",17.83,17.995,17.26,17.38,1137092,6.070255,0.5919
"28-Nov-18",17.45,17.56,16.38,17.33,1252015,5.793896,0.5908
"29-Nov-18",17.42,17.7,17.03,17.35,742452,5.823286,0.5914
"30-Nov-18",17.31,17.31,16.1,16.22,1557412,6.007241,0.5885
"03-Dec-18",16.47,16.69,15.79,16.3,1939069,6.600674,0.5756
"04-Dec-18",16.26,16.39,14.93,15.01,1617440
"06-Dec-18",14.51,14.89,14.01,14.57,2320182,6.907223,0.5672
"07-Dec-18",14.93,15.35,14.77,14.84,1269793,7.067077,0.5676
"10-Dec-18",14.6,15.03,14.53,14.73,1470874,6.999714,0.5622
"11-Dec-18",14.94,15.31,14.805,15.05,1358388,6.677246,0.5707
"12-Dec-18",15.31,15.94,15.31,15.41,1998346,6.407177,0.5724
"13-Dec-18",15.16,15.59,14.92,15.11,1276748,6.616327,0.5714
"14-Dec-18",14.87,15.25,14.62,14.71,1131319,6.820593,0.573
"17-Dec-18",14.61,15.27,14.45,14.82,1304625,7.125303,0.5716
"18-Dec-18",14.78,14.95,14.17,14.29,2440363,7.27159,0.5719
"19-Dec-18",14.24,14.24,13.11,13.25,1647676,7.311268,0.5701
"20-Dec-18",13.1,13.46,12.46,12.62,2210110,6.0876,0.5566
"21-Dec-18",12.5,12.53,11.66,12.13,3689405,5.728449,0.5843
"24-Dec-18",11.83,12.4,11.56,11.68,1112449,5.742248,0.5781
"25-Dec-18",,,,,,5.777665,0.5573
"26-Dec-18",11.77,12.44,11.2713,12.42,1314870,5.567063,0.5642
"27-Dec-18",12.12,12.32,11.505,12.06,1235839,5.378525,0.577
"28-Dec-18",12.11,12.48,11.931,12.2,1102953,5.318732,0.5836
"31-Dec-18",12.25,12.54,11.8899,12.32,884621,5.265284,0.5818
"01-Jan-19",,,,,,5.307155,0.5822
"02-Jan-19",12.07,12.93,11.78,12.62,1133917,5.354572,0.5925
"03-Jan-19",12.62,13.05,12.29,13.05,1277313,5.363759,0.584
"04-Jan-19",13.36,13.45,12.88,13.33,1597419,5.305153,0.5843
"07-Jan-19",13.69,13.78,13.26,13.6,1150459,5.366924,0.5806
"08-Jan-19",13.84,13.89,13.28,13.57,1675888,5.547711,0.5839
"09-Jan-19",13.87,14.83,13.69,14.54,1923449,5.367151,0.5739
"10-Jan-19",14.34,14.93,14.05,14.79,1151929,5.677765,0.5755
"11-Jan-19",14.5,14.69,14.275,14.65,1150247,5.780119,0.5688
"14-Jan-19",14.28,14.98,14.28,14.8,1286339,5.773863,0.5712
"15-Jan-19",15.15,15.15,14.66,14.79,1556975,5.81241,0.5733
"16-Jan-19",14.72,15.365,14.71,15.21,994756,5.763461,0.5727
"17-Jan-19",15.13,15.3,14.73,15.08,1040451,5.710213,0.572
"18-Jan-19",15.31,15.62,15.175,15.45,1265068,6.189249,0.5825
"21-Jan-19",,,,,,6.129073,0.5828
"22-Jan-19",15.2,15.2,14.55,14.97,1086849,5.570072,0.588
"23-Jan-19",15.64,15.99,15.425,15.46,2326788,5.865164,0.5834
"24-Jan-19",15.44,16.32,15.28,16.29,1374119,6.031171,0.5963
"25-Jan-19",16.4,16.64,16.07,16.54,951302,5.651812,0.6019
"28-Jan-19",16.36,16.51,15.935,15.95,1034131,5.896961,0.6087
"29-Jan-19",16.07,16.25,15.93,16.02,633585,5.823094,0.6051
"30-Jan-19",16.12,16.39,15.72,16.2,694683,5.406335,0.6063
"31-Jan-19",16.21,16.38,15.91,16.34,1129347,5.416418,0.6067
"01-Feb-19",16.34,16.71,16.23,16.46,970481,5.382672,0.6041
"04-Feb-19",16.31,17.32,16.31,17.2,1149272,5.508795,0.5979
"05-Feb-19",17.27,17.47,16.99,17.15,897758,6.261445,0.5944
"06-Feb-19",17.02,17.21,16.935,17.15,337313,6.254037,0.5925
"07-Feb-19",17.02,17.25,16.32,16.87,565872,6.40715,0.5877
"08-Feb-19",16.79,16.92,16.575,16.91,909057,6.487807,0.5953
"11-Feb-19",16.87,17.45,16.68,17.21,829538,6.644381,0.5959
"12-Feb-19",17.53,17.71,16.805,17,838743,6.524882,0.5878
"13-Feb-19",17.15,17.74,17.015,17.09,1011700,6.573344,0.5815
"14-Feb-19",17,17.85,17,17.78,937282,6.169664,0.5755
"15-Feb-19",17.92,18.24,17.79,18.16,843268,6.396028,0.5745,10282785
"18-Feb-19",,,,,,6.456454,0.5748
"19-Feb-19",18.04,18.34,17.87,18.19,734322,6.532857,0.5731
"20-Feb-19",18.25,18.78,18.19,18.75,991187,6.562288,0.5791
"21-Feb-19",18.65,18.86,18.21,18.31,1063366,6.449755,0.5826
"22-Feb-19",18.5,18.84,18.38,18.83,692484,6.514405,0.5842
"25-Feb-19",18.76,19.09,18.385,18.56,926425,6.596701,0.5824
"26-Feb-19",18.51,18.965,18.37,18.69,1479822,6.68076,0.5823
"27-Feb-19",18.98,19.49,17.9,19.06,1801894,6.726647,0.5784,,10789726.3005
"28-Feb-19",19.72,20.19,18.67,19.86,1956275,6.742618,0.5845,10180873,10926487.341
"01-Mar-19",20.01,20.69,20,20.69,2029331,6.715194,0.5912,,11031371.748
"04-Mar-19",20.92,21.45,20.67,21.05,1892870,6.546322,0.5954,,10747566.882
"05-Mar-19",21.1,21.22,19.43,19.75,1851322,6.720023,0.5924,,11065304.9385
"06-Mar-19",19.67,19.71,18.9,19.34,1898598,6.467342,0.6093,,10727001.312
"07-Mar-19",19.4,19.54,19.05,19.41,1035275,6.433485,0.5909,,10501808.3205
"08-Mar-19",19.08,19.46,18.88,19.25,918094,6.305801,0.5861,,10247823.531
"11-Mar-19",19.55,19.97,19.42,19.8,879256,6.485856,0.583,,9747167.8102
"12-Mar-19",19.88,20.18,19.72,19.76,749171,6.638952,0.5717,,9899880.9052
"13-Mar-19",20.1,20.48,19.83,20.23,1030893,6.535182,0.5579,,9623979.2469
"14-Mar-19",20.4,20.8,20.17,20.7,1138997,6.47325,0.5602,,9516061.9931
"15-Mar-19",20.83,21.1,20.71,20.94,1392450,6.386312,0.5625,9877293,9420361.7869
"18-Mar-19",21.01,21.69,21.01,21.57,1217816,6.824228,0.5668,,10054630.1748
"19-Mar-19",21.71,21.73,20.69,20.75,1512889,7.021581,0.5634,,10220578.4047
"20-Mar-19",20.74,21.77,20.22,21.55,2102219,6.86005,0.569,,10045467.3891
"21-Mar-19",21.45,22.145,21.12,22.1,1471535,7.002223,0.57,,10154402.7302
"22-Mar-19",21.98,22.07,21.52,21.69,1004198,7.164973,0.5761,,10023069.4685
"25-Mar-19",21.56,21.63,21.13,21.35,1009104,7.318077,0.5783,,10222614.5793
"26-Mar-19",21.66,22.17,21.57,21.74,1096092,7.611844,0.5755,,11133684.6696
"27-Mar-19",21.7,22.6,21.7,22.34,964414,7.62974,0.5893,,11107015.9785
"28-Mar-19",22.16,22.8816,22.13,22.61,1230168,7.650364,0.5899,,11136647.8575
"29-Mar-19",23.04,23.32,22.24,22.54,1732371,7.764574,0.5824,10036836,11399383.8513
"01-Apr-19",22.77,23.18,22.58,22.95,846473,7.709042,0.5915,,11311475.9436
"02-Apr-19",22.95,23.15,21.95,22.29,1688526,7.639073,0.5932,,11281844.0646
"03-Apr-19",22.46,22.75,21.83,21.88,1565025,7.49913,0.5992,,11137635.5868
"04-Apr-19",21.46,22.23,21.15,22.22,1507866,7.352423,0.6008,,10952930.2077
"05-Apr-19",22.31,22.76,22.21,22.65,1271971,7.138898,0.599,,10589445.8253
"08-Apr-19",22.84,23.685,22.8,23.33,1383576,6.587745,0.6039,,9801237.8439
"09-Apr-19",23.2,23.77,22.58,23.29,2090876,6.588401,0.6086,,8677848.4056
"10-Apr-19",23.51,23.93,23.46,23.51,1288266,6.791386,0.6045,,8871559.3404
"11-Apr-19",23.47,23.84,23.13,23.65,985338,6.377838,0.6118,,8313511.2588
"12-Apr-19",24.15,24.27,23.04,23.25,1448471,6.367779,0.6114,,8332581.2472
"15-Apr-19",23.26,24.08,23.13,23.92,993894,6.433223,0.6091,8905087,8385776.478
"16-Apr-19",23.92,24.505,23.65,24.32,1545495,6.408625,0.5924,,8352654.9192
"17-Apr-19",24.4,24.55,23.5,24.09,1184096,6.430725,0.5778,,8402839.0992
"18-Apr-19",24.13,24.45,23.44,23.72,1139559,6.464286,0.5773,,8457038.0136
"19-Apr-19",,,,,,6.362922,0.558,,8318529.6768
"22-Apr-19",23.97,24.83,23.94,24.66,2383754,6.173686,0.5818,,8195076.594
"23-Apr-19",24.82,25.38,24.22,24.53,1405292,5.755626,0.5808,,7671153.7548
"24-Apr-19",24.53,24.59,23.26,23.34,1047682,5.615626,0.5684,,7817775.8773
"25-Apr-19",23.34,23.66,22.9137,23.25,1614043,5.692783,0.5731,,7949571.1649
"26-Apr-19",23.06,23.58,22.72,23.23,661430,5.464464,0.5683,,7602272.7719
"29-Apr-19",23.23,23.46,22.86,23.21,861106,5.587263,0.568,,7755440.2683
"30-Apr-19",23.5,23.5098,21.69,22.13,1771401,5.354108,0.5654,8347838,7542608.689
"01-May-19",22.29,22.637,21.74,21.74,1542746,5.200851,0.5597,,7417937.471
"02-May-19",21.56,22.235,21.04,21.94,1400988,4.857794,0.5582,,6967340.0688
"03-May-19",22.13,22.53,21.97,22.45,850785,4.965626,0.5571,,7085777.7259
"06-May-19",22.15,22.95,22,22.77,1015749,4.840536,0.5625,,6926376.6686
"07-May-19",22.47,22.85,21.95,22.17,1311353,5.190732,0.5714,,7520345.9715
"08-May-19",22.5,22.8399,20.33,21.32,2852395,4.957729,0.5749,,7392112.7187
"09-May-19",21.04,21.2,20.1,20.87,2160939,4.876804,0.5715,,8172533.402
"10-May-19",21.03,21.69,20.445,21.55,1765987,4.90256,0.5789,,8259350.9172
"13-May-19",21.3,21.83,20.68,21.1,1281305,4.253404,0.5849,,7247592.9516
"14-May-19",21.34,22.14,21.21,22.07,1076447,4.213661,0.5882,,7184984.1666
"15-May-19",21.68,22.87,21.5,22.52,1900045,4.188268,0.5938,7700613,7224219.0052
"16-May-19",22.6,24.15,22.5375,24.05,1926519,4.12334,0.5957,,7203349.4102
"17-May-19",23.92,24.1,23.34,23.34,979259,4.492534,0.5865,,7812741.5842
"20-May-19",23.31,23.713,22.64,22.68,902343,4.204145,0.5868,,7325227.845
"21-May-19",22.8,23.03,22.34,22.81,1177768,3.864496,0.5882,,6747557.4554
"22-May-19",22.46,22.57,21.19,21.56,1032919,3.592107,0.5633,,6270061.1218
"23-May-19",20.99,20.99,19.04,19.28,1993593,4.053679,0.5762,,7181645.0314
"24-May-19",19.52,19.68,18.71,18.81,1034931,4.003436,0.5725,,7529659.3914
"27-May-19",,,,,,4.120614,0.5761,,7783779.6204
"28-May-19",18.79,19,18.43,18.95,1134261,4.125673,0.5752,,7733725.6359
"29-May-19",18.66,19.47,18.53,19.39,1354074,4.242691,0.5773,,7949342.7999
"30-May-19",19.34,19.89,19.3,19.67,1060123,4.058383,0.5696,,7575863.0694
"31-May-19",19.25,20.07,19.07,19.42,1228935,3.902285,0.5643,8062391,7272458.9172
"03-Jun-19",19.49,19.74,18.7187,19.38,1350810,3.677611,0.5594,,6756517.8462
"04-Jun-19",19.63,19.98,18.645,18.78,1541159,3.820415,0.5587,,7032969.8529
"05-Jun-19",18.73,19.15,17.77,18.28,1570327,4.025805,0.5637,,7384117.8057
"06-Jun-19",18.44,18.85,17.92,18.56,1635767,4.010874,0.558,,7338684.189
"07-Jun-19",18.49,19.5,18.33,19.26,1475455,4.143289,0.5512,,7545060.6174
"10-Jun-19",19.24,19.85,19.12,19.22,1285847,4.131771,0.5555,,7582793.6211
"11-Jun-19",19.48,19.775,18.9,18.97,1392871,4.019575,0.5492,,8181714.3868
"12-Jun-19",18.69,19.01,18.28,18.31,876674,4.293947,0.5501,,8739631.844
"13-Jun-19",18.71,18.81,18.02,18.47,1378070,4.258522,0.5484,,8729150.7357
"14-Jun-19",18.34,18.41,17.76,17.77,1322184,4.391052,0.5417,8493472,9030684.1591
"17-Jun-19",17.72,18.89,17.63,18.74,1265730,4.227614,0.5395,,8704963.5627
"18-Jun-19",18.77,19.16,18.175,18.52,990221,4.175929,0.5437,,8561453.0029
"19-Jun-19",18.52,18.94,18.32,18.59,884255,4.237402,0.5478,,8654976.7385
"20-Jun-19",18.89,19.67,18.89,19.61,934077
"21-Jun-19",19.59,19.98,19.04,19.39,1432614
"24-Jun-19",19.4,19.58,18.46,18.77,1391480,4.621041,0.5445,,9334636.2998
"25-Jun-19",18.71,18.8107,18.35,18.45,1497407,4.832311,0.5543,,9195882.1344
"26-Jun-19",18.76,19.39,18.72,18.86,822314,4.909078,0.5504,,9322434.8672
"27-Jun-19",18.77,19.34,18.73,19.32,1298919,4.789918,0.5521,,9116892.8448
"28-Jun-19",19.49,20.8,19.49,20.7,4312510,4.657247,0.5505,8457926,9201827.5648
"01-Jul-19",21.004,21.83,20.97,21.05,2319423,4.761037,0.5603,,9486358.8768
"02-Jul-19",20.8,21.06,20.16,20.4,1262854,5.288424,0.5525,,10586263.5008
"03-Jul-19",20.42,20.495,19.93,20.17,769188,5.03348,0.5555,,9973884.1696
"04-Jul-19",,,,,,5.067981,0.5475,,10024845.0016
"05-Jul-19",20.02,20.52,19.8,20.39,865589,5.359189,0.5401,,10523411.808
"08-Jul-19",20.35,20.67,19.98,20.42,1133618,5.177638,0.5398,,10151397.7344
"09-Jul-19",20.25,20.26,19.78,20.07,1156934,5.431229,0.526,,10621086.736
"10-Jul-19",20.3,20.48,19.66,19.69,1252651,5.319485,0.5208,,9469493.9496
"11-Jul-19",19.69,19.84,19.3401,19.7,767373,5.32846,0.5205,,9428895.9048
"12-Jul-19",19.66,19.865,18.98,19.28,852036,5.067521,0.517,,8953560.4636
"15-Jul-19",19.28,19.44,18.02,18.54,1548843,5.043195,0.5104,8614770,8920574.5522
"16-Jul-19",18.51,18.6899,17.805,17.98,1086872,5.052282,0.5176,,8945948.3302
"17-Jul-19",17.93,18,17.2442,17.29,1200899,5.246687,0.5081,,9253816.8366
"18-Jul-19",17.15,17.255,16.75,17.04,914895,5.263189,0.5097,,9253816.8366
"19-Jul-19",16.97,17.3,16.86,17.23,1150291,5.129715,0.5075,,9019532.2864
"22-Jul-19",17.35,17.9,17.04,17.39,982826,4.717771,0.5149,,8260010.5316
"23-Jul-19",17.4,17.62,17.09,17.36,957822,4.557527,0.5126,,7848109.5354
"24-Jul-19",17.35,17.5,16.86,17.23,1214035,4.667712,0.5184,,7744678.23
"25-Jul-19",17.35,17.42,16.595,16.89,1009062,4.455804,0.5157,,7389749.706
"26-Jul-19",16.96,17.12,16.65,16.99,1133945,4.724107,0.5154,,7790336.511
"29-Jul-19",16.99,17.09,15.86,16.58,1789244,4.436952,0.5233,,7414732.539
"30-Jul-19",16.59,18.44,16.43,18.23,1791532
"31-Jul-19",18.32,18.8,18.07,18.13,1207803,4.595986,0.5253,9192843,7750708.569
"01-Aug-19",18.1,18.11,16.58,16.86,1106764,4.686188,0.5355,,7842886.608
"02-Aug-19",16.87,17.3,16.67,17.15,845813,4.456894,0.5433,,7400087.43
"05-Aug-19",16.66,16.83,16.17,16.41,1236624,4.410813,0.5446,,7350121.764
"06-Aug-19",16.47,16.69,15.44,15.88,1514554,4.311785,0.5477,,7200224.766
"07-Aug-19",15.6,17.02,15.26,16.98,2102706,4.316064,0.5409,,7297571.667
"08-Aug-19",17.02,17.53,16.7,17.34,1935052,4.594229,0.5452,,7823072.637
"09-Aug-19",12.01,13.67,11.585,12.75,9690363,4.105206,0.5462,,8929927.6902
"12-Aug-19",12.49,12.81,11.5,12.21,3145427,4.073924,0.5512,,8927169.8373
"13-Aug-19",12.09,12.85,12,12.19,2397767,4.233369,0.5515,,9364749.1641
"14-Aug-19",11.84,11.905,11.28,11.49,1803847,3.971672,0.5454,,8833402.8387
"15-Aug-19",11.46,11.51,10.91,11.27,1847653,3.307906,0.5379,8470487,7414947.1638
"16-Aug-19",11.27,11.45,11.09,11.34,1849014,3.250446,0.523,,7282570.2246
"19-Aug-19",11.56,11.87,11.4509,11.6,1764582,3.114478,0.5188,,7004946.366
"20-Aug-19",11.55,11.79,11.49,11.68,2022374,2.717771,0.5268,,6143576.9769
"21-Aug-19",11.89,12.04,11.72,11.82,1694392,2.860485,0.5277,,6517725.687
"22-Aug-19",11.89,11.96,11.24,11.31,1261917,2.522413,0.5086,,5752881.1494
"23-Aug-19",11.19,11.245,10.19,10.43,3138378,2.29592,0.5077,,5345638.2045
"26-Aug-19",10.53,10.655,10.21,10.39,2047025,2.468232,0.5123,,6603591.6652
"27-Aug-19",10.51,10.635,10.265,10.36,1560356,2.78075,0.5333,,7438781.6834
"28-Aug-19",10.35,10.68,10.215,10.48,2160824,2.509699,0.5338,,6750978.139
"29-Aug-19",10.61,10.7199,10.14,10.66,2391144,2.353788,0.523,,6407076.3668
"30-Aug-19",10.74,10.86,10.33,10.65,1040128,2.326366,0.5186,7008705,6313901.0098
"02-Sep-19",,,,,,2.305723,0.5186,,6313901.0098
"03-Sep-19",10.23,10.33,9.5,9.67,2115501,2.242916,0.5371,,6170749.7795
"04-Sep-19",9.86,9.86,8.975,9.71,2897205,2.200204,0.5407,,6141950.1237
"05-Sep-19",9.85,10.55,9.64,10.06,1567330,2.177245,0.5353,,6079268.5199
"06-Sep-19",9.98,10.29,9.65,10.17,1519904,1.864305,0.5237,,5203420.1641
"09-Sep-19",10.23,10.53,10.15,10.25,2412868,1.807452,0.5224,,5089915.6383
"10-Sep-19",10.29,10.8,10.23,10.45,2824891,1.721337,0.5127,,4899329.6808
"11-Sep-19",10.51,10.965,10.05,10.6,2831487,1.388074,0.4973,,4447724.193
"12-Sep-19",10.18,10.75,9.97,10.63,1844666,1.223217,0.4837,,3935387.8575
"13-Sep-19",10.74,11.03,10.33,10.61,1516948,1.251071,0.4962,6098779,4048228.008
"16-Sep-19",11.98,11.98,10.66,11.43,2577213,1.304031,0.4966,,4280917.014
"17-Sep-19",11.19,11.49,10.36,10.41,1803069,1.306435,0.5146,,4290729.201
"18-Sep-19",10.23,10.44,9.94,10.05,1577687,1.2054,0.4919,,3969730.512
"19-Sep-19",10.16,10.29,9.81,9.85,2025675,1.279586,0.4931,,4252181.3235
"20-Sep-19",9.78,9.945,9.43,9.45,5708268,1.154221,0.4973,,3996363.591
"23-Sep-19",9.36,9.79,9.29,9.68,1424944,1.037819,0.5074,,3620697.003
"24-Sep-19",9.58,9.75,9.21,9.26,1334383,1.351903,0.5263,,7075193.5179
"25-Sep-19",9.12,9.38,9.02,9.28,1000644,1.387771,0.5282,,7239860.5509
"26-Sep-19",9.23,9.34,9.03,9.18,971373,1.454035,0.5298,,7552118.0357
"27-Sep-19",9.1,9.3199,8.68,9.07,1382358,1.663055,0.5382,,8677952.6391
"30-Sep-19",8.96,9.24,8.78,9.09,1874302,1.419415,0.5306,7898468,7288040.905
"01-Oct-19",9.17,9.24,8.435,8.54,1415348,1.432033,0.5956,,7327682.9685
"02-Oct-19",8.51,8.87,8.28,8.43,2321939,1.466616,0.5341,,7505157.4374
"03-Oct-19",8.4,8.775,8.115,8.7,1913730,1.554443,0.5063,,7998548.6585
"04-Oct-19",8.79,8.94,8.45,8.71,2059314,1.579,0.5077,,8213225.6793
"07-Oct-19",8.72,8.93,8.56,8.59,1586480,1.632037,0.5388,,8540730.1116
"08-Oct-19",8.45,8.56,8.06,8.34,1657477,1.663364,0.5406,,8690760.075
"09-Oct-19",8.42,8.4604,7.77,7.9,2265787,1.875022,0.5481,,10715851.5356
"10-Oct-19",9.5,10.07,9.07,9.44,13284900,1.785277,0.5559,,11208715.9388
"11-Oct-19",9.51,9.67,9.07,9.43,4851219,1.679596,0.5588,,10826430.0876
"14-Oct-19",9.23,9.4,8.914,9.32,3398422,1.627329,0.5473,,10787727.5944
"15-Oct-19",9.2,9.34,9.005,9.22,2202003,2.194789,0.5518,10152611,14552927.29
"16-Oct-19",9.09,9.55,8.92,8.94,1285542,2.15219,0.6599,,14244097.1912
"17-Oct-19",8.98,8.98,8.53,8.61,2025916,2.353603,0.5525,,15680038.6736
"18-Oct-19",8.53,8.895,7.61,7.91,5929169,2.805164,0.5557,,19304645.6388
"21-Oct-19",7.88,8.355,7.8,8.15,3779954,2.76389,0.54,,19536860.598
"22-Oct-19",8.15,8.64,8.035,8.36,1815992,2.527601,0.5168,,17809465.6464
"23-Oct-19",8.23,8.49,8.01,8.4,1771887,1.983351,0.5026,,14047425.338
"24-Oct-19",8.43,8.51,8.18,8.42,1456201,1.907838,0.4959,,9457157.1465
"25-Oct-19",8.34,8.97,8.34,8.93,1555223,1.880899,0.4945,,9344463.1644
"28-Oct-19",8.96,9.46,8.95,9.26,2611896,1.89275,0.492,,9576957.9563
"29-Oct-19",9.12,9.49,8.9921,9.36,2416849,1.986373,0.5025,,10054130.6733
"30-Oct-19",9.34,9.34,8.35,8.55,4031695,2.205498,0.4739,,11324222.3094
"31-Oct-19",8.54,8.54,7.605,7.75,4304919,2.184297,0.4863,12613957,11393260.0642
"01-Nov-19",7.71,7.92,7.6801,7.85,1382085,2.072625,0.3778,,10822683.326
"04-Nov-19",7.97,8.065,7.83,7.84,2505757,1.949189,0.4819,,10369876.8754
"05-Nov-19",7.86,8.125,7.44,7.45,3463050,1.77437,0.4645,,9495737.0683
"06-Nov-19",7.44,7.64,7.23,7.35,2668714,1.757606,0.4628,,9487614.9795
"07-Nov-19",7.47,7.75,7.32,7.33,1024251,1.68586,0.4443,,9073388.4507
"08-Nov-19",7.24,7.53,7.11,7.46,1363170,1.695837,0.441,,9086586.845
"11-Nov-19",7.3,7.44,7.27,7.36,1246952,1.782021,0.441,,9086586.845
"12-Nov-19",7.36,7.85,7.25,7.69,1566699,1.801107,0.4477,,10115132.1183
"13-Nov-19",7.65,7.65,7.305,7.34,1810643,1.758093,0.4431,,9789692.0277
"14-Nov-19",7.4,8.3,7.07,7.74,5373709
"15-Nov-19",7.88,8.44,7.88,8.39,2836837,1.516236,0.4327,10379565,8660742.8762
"18-Nov-19",8.29,8.33,7.78,8,2043104,1.228335,0.423,,7049940.5673
"19-Nov-19",8.03,8.195,7.88,7.97,1617414,1.220717,0.4326,,6971734.0339
"20-Nov-19",7.99,8.2552,7.775,8.18,2027039,0.848541,0.4659,,4853850.6536
"21-Nov-19",8.19,8.36,8.09,8.32,1488384,1.139007,0.4761,,6493665.0636
"22-Nov-19",8.34,8.53,8.21,8.27,1117741,1.114978,0.4813,,6333467.8097
"25-Nov-19",8.26,8.74,8.17,8.72,1182451,0.938425,0.4997,,5302907.5228
"26-Nov-19",8.75,8.75,8.42,8.47,970362,1.307346,0.4871,,8773846.2945
"27-Nov-19",8.51,8.76,8.43,8.73,717080,1.395185,0.481,,9283482.936
"28-Nov-19",,,,,,1.413807,0.4836,,9455783.715
"29-Nov-19",8.58,8.76,8.38,8.62,764157,1.406663,0.4859,9434126,9321887.3265
"02-Dec-19",8.71,8.85,8.43,8.45,1280248,1.398632,0.4892,,9280369.0665
"03-Dec-19",8.3,8.5,8.2,8.43,1428792,1.218458,0.4773,,8035859.223
"04-Dec-19",8.46,9.08,8.46,8.89,1520070,1.213946,0.4746,,7974619.7895
"05-Dec-19",8.99,9.06,8.705,8.82,1452569,1.088161,0.4772,,7079901.2865
"06-Dec-19",8.89,9.555,8.74,9.44,2027813,1.239451,0.4862,,8088795.0045
"09-Dec-19",9.34,9.44,9.2,9.32,1003815,1.047255,0.4623,,6811070.553
"10-Dec-19",9.36,9.6825,9.285,9.31,1336639,1.0114,0.4616,,6609548.6756
"11-Dec-19",9.31,9.89,9.31,9.78,1752206,1.118824,0.4691,,7257673.1318
"12-Dec-19",9.87,10.31,9.73,9.99,1768782,1.078989,0.4643,,6949177.2116
"13-Dec-19",9.99,10.27,9.77,10,1133963,0.754017,0.4177,8179944,4832159.3372
"16-Dec-19",10.07,10.48,10.07,10.38,2309299,0.730014,0.4209,,4703855.2236
"17-Dec-19",10.48,10.77,10.3537,10.75,2289259,0.733781,0.4168,,4718949.8252
"18-Dec-19",10.75,10.9879,10.66,10.86,1279302,0.766537,0.4189,,4912349.4082
"19-Dec-19",10.96,11.05,10.84,10.94,1309983,1.055933,0.4611,,6753890.8034
"20-Dec-19",11.01,11.035,10.76,11,4202491,0.864538,0.4495,,5613304.97
"23-Dec-19",10.98,11.365,10.75,11.28,1652129,1.172527,0.4437,,7402015.2596
"24-Dec-19",11.25,11.46,11.215,11.27,266795
"25-Dec-19",,,,,,1.065816,0.4646,,11366032.188
"26-Dec-19",11.36,11.445,11.25,11.29,871037,0.989906,0.4503,,10546401.7992
"27-Dec-19",11.36,11.38,10.925,11.02,806417
"30-Dec-19",11.05,11.31,11.02,11.15,851063,0.837516,0.4286,,8878511.2176
"31-Dec-19",11.04,11.33,10.88,11.25,1021411,0.866573,0.4464,7769878,9111639.6216
"01-Jan-20",,,,,,0.850052,0.4453,,8956220.6856
"02-Jan-20",11.36,11.4,10.83,11.02,1202966,0.868365,0.4596,,9135361.4592
"03-Jan-20",11.21,11.45,11.02,11.35,1501843,0.905167,0.4438,,9466649.1912
"06-Jan-20",11.8,12.115,11.69,11.97,2356619
"07-Jan-20",12.09,12.09,11.27,11.6,1090035,0.995318,0.4629,,10368897.0144
"08-Jan-20",11.54,11.67,11.04,11.18,1413823,0.849219,0.4552,,8835975.5088
"09-Jan-20",11.26,11.48,10.99,11.04,1110438,0.861915,0.4567,,8932498.848
"10-Jan-20",11.06,11.06,10.785,10.9,880178,0.885598,0.4699,,7746568.366
"13-Jan-20",10.85,11.035,10.6,10.94,1158464,0.979165,0.4497,,7606710.562
"14-Jan-20",11,11.27,10.73,11.22,1259371,1.044991,0.4664,,8076788.181
"15-Jan-20",11.09,11.39,10.93,11.07,888064,1.05885,0.4409,7432782,8011521.2058
"16-Jan-20",11.2,11.705,11.1721,11.45,888989,1.009645,0.4362,,7553875.3916
"17-Jan-20",11.54,11.68,11.12,11.17,706002,1.000199,0.4306,,7445097.0996
"20-Jan-20",,,,,,1.044618,0.4312,,7470737.697
"21-Jan-20",11.12,11.35,10.95,11.15,1671783,1.014674,0.4203,,7253181.113
"22-Jan-20",11.05,11.15,10.65,10.87,1566661,1.008283,0.4178,,7060488.1386
"23-Jan-20",10.62,10.66,9.82,10.29,2213483,1.071571,0.4185,,7532119.7332
"24-Jan-20",10.31,10.31,9.81,10,1676563,1.09532,0.3941,,7692179.22
"27-Jan-20",9.64,9.85,9.47,9.75,1315821,1.100681,0.3775,,7171148.0736
"28-Jan-20",9.9,10.21,9.85,10.09,760987,1.057907,0.366,,6832213.2144
"29-Jan-20",10.2,10.38,10.085,10.12,765095,1.129272,0.365,,7165945.1262
"30-Jan-20",9.89,10.355,9.81,10.33,870590,1.004966,0.3293,,6282187.3464
"31-Jan-20",10.17,10.195,9.65,9.74,1404749,1.162076,0.3631,7578328,7077495.0204
"03-Feb-20",9.74,9.78,9.25,9.29,1340984,1.087046,0.3294,,6434559.3774
"04-Feb-20",9.56,10.08,9.49,9.69,1546943,1.006997,0.3276,,5961091.164
"05-Feb-20",9.92,10.49,9.885,10.21,1120695,1.208766,0.3677,,7052966.8398
"06-Feb-20",10.26,10.26,9.515,9.56,1636752,1.350614,0.3641,,7730093.28
"07-Feb-20",9.47,9.85,9.42,9.62,1013868,1.357732,0.3291,,7633467.114
"10-Feb-20",9.52,9.7,9.31,9.51,1096646,1.335237,0.3293,,7521232.1058
"11-Feb-20",9.73,9.84,9.56,9.57,1157139,1.375945,0.3441,,8271745.012
"12-Feb-20",9.86,10.055,9.56,9.95,1066656,1.329903,0.3398,,7979221.5512
"13-Feb-20",9.91,10.26,9.79,10.22,926842,1.291154,0.3305,,7692760.7528
"14-Feb-20",10.24,10.44,10.055,10.32,721370,1.368027,0.3278,6540859,8052731.3328
"17-Feb-20",,,,,,1.457517,0.3278,,8052731.3328
"18-Feb-20",10.26,10.3,9.895,10.18,892124,1.42458,0.3167,,7828412.824
"19-Feb-20",10.32,10.79,10.28,10.75,1373477,1.447543,0.3197,,7890555.1136
"20-Feb-20",10.77,11.02,10.435,10.47,1004755,1.424639,0.3017,,7707159.576
"21-Feb-20",10.33,10.41,9.88,10.01,833931,1.571828,0.3239,,8379357.2696
"24-Feb-20",9.61,9.77,9.11,9.11,1766037,1.401577,0.3225,,7514670.0448
"25-Feb-20",9.59,10.89,9.45,9.99,3218028,1.230723,0.2885,,6755321.5792
"26-Feb-20",9.99,10.03,9.14,9.32,1664589,1.44371,0.3187,,6474142.2382
"27-Feb-20",8.95,8.95,8.22,8.23,1617367,1.374258,0.3658,,6210545.6205
"28-Feb-20",7.91,8.875,7.89,8.76,1726078,1.369436,0.3685,6690782,6262872.4925
"02-Mar-20",8.79,8.875,8.04,8.85,1856204,1.289338,0.3623,,5973112.4388
"03-Mar-20",8.93,8.93,7.99,8.32,1691316,1.214479,0.3507,,5653264.4337
"04-Mar-20",8.56,8.88,8.435,8.62,1672617,1.081397,0.3471,,5047580.8903
"05-Mar-20",8.33,8.5,7.875,8.04,1543713,1.106406,0.3357,,5165970.4382
"06-Mar-20",7.72,7.73,6.49,6.92,2882181,1.234739,0.3531,,5860609.664
"09-Mar-20",4.4,4.69,4.005,4.03,4210396,1.233544,0.3734,,5999929.9607
"10-Mar-20",4.33,4.36,3.43,3.77,4452205,1.318911,0.3786,,7115646.657
"11-Mar-20",3.51,4.06,3.42,3.76,3281983,1.14194,0.3952,,6288666.0018
"12-Mar-20",3.51,4,3.02,4,2768409,1.371207,0.3695,,7631505.9492
"13-Mar-20",4.01,4.08,3.09,3.76,3783465,1.579547,0.4063,5757616,8974345.8966
"16-Mar-20",2.26,2.54,1.44,2.5,10767040,1.95334,0.467,,12183244.9438
"17-Mar-20",2.45,2.45,1.75,2.01,5072442,1.836641,0.4655,,11747675.0356
"18-Mar-20",2.01,2.13,1.49,1.51,4236346,1.64292,0.5214,,10693207.7924
"19-Mar-20",1.53,2.19,1.36,2.11,4851105,1.666541,0.5507,,11189663.8168
"20-Mar-20",2.13,2.23,1.88,1.92,5592900,1.371008,0.5498,,9544400.523
"23-Mar-20",1.95,2.06,1.8,2,3180662,1.216081,0.5561,,8394255.0972
"24-Mar-20",2.16,2.35,2.015,2.21,4124096,1.625395,0.5921,,7346142.2544
"25-Mar-20",2.42,2.48,2.02,2.28,5113946,2.082828,0.5936,,9786795.6768
"26-Mar-20",2.3,2.91,2.23,2.51,3991600,1.798851,0.6023,,8579999.3632
"27-Mar-20",2.42,2.43,2.05,2.29,1868593,1.875119,0.5883,,9011820.5632
"30-Mar-20",2.2,2.21,2.01,2.16,2836378,1.927865,0.5939,,9407368.7824
"31-Mar-20",2.23,2.85,2.23,2.5,4091209,1.722236,0.6169,4658774,8607060.1584
"01-Apr-20",2.3,2.3,2.04,2.23,4213906,1.677031,0.607,,8575969.032
"02-Apr-20",2.3,3.18,2.28,2.81,4945919,2.229335,0.6317,,11617717.5648
"03-Apr-20",3.09,3.49,2.75,3.11,3574564,1.72784,0.613,,9151154.8704
"06-Apr-20",3.13,3.79,3,3.59,4595558,1.513992,0.6287,,8186178.4288
"07-Apr-20",3.95,4.2407,3.39,3.51,3681994,0.960424,0.6151,,5238854.7984
"08-Apr-20",3.85,4.3,3.58,4.27,3101076,0.757426,0.6268,,4185786.832
"09-Apr-20",4.5,5.39,3.68,4.15,3936114,0.981149,0.7574,,2983012.9922
"10-Apr-20",,,,,,0.972708,0.7574,,2983012.9922
"13-Apr-20",4.37,4.5,3.92,4,1401292,0.877054,0.681,,2698361.9008
"14-Apr-20",4.03,4.27,3.75,3.85,1888549,1.072307,0.5896,,3314717.701
"15-Apr-20",3.65,3.73,3.27,3.71,2802667,0.972928,0.5888,4342553,3037054.7706
"16-Apr-20",3.75,3.79,2.7725,2.79,3305333,0.994532,0.6044,,3152126.4884
"17-Apr-20",2.95,3.5,2.82,3.5,3260141,0.831861,0.6163,,2675068.0308
"20-Apr-20",3.06,3.67,2.9,3.27,3201802,0.743163,0.621,,2426755.3766
"21-Apr-20",3.07,3.285,2.985,3.17,1768773,0.678786,0.6144,,2204997.7342
"22-Apr-20",3.32,3.615,3.215,3.47,2435275,0.989101,0.6233,,3227598.6272
"23-Apr-20",3.62,4.05,3.46,3.98,3034100,1.016307,0.6302,,3345465.6094
"24-Apr-20",4.1,4.28,3.5,3.68,2671993,0.954888,0.6131,,4506267.2481
"27-Apr-20",3.61,3.69,3.2,3.59,1962728,0.972025,0.6585,,4594855.3293
"28-Apr-20",3.56,3.9,3.51,3.82,2005347,0.968059,0.6206,,4594855.3293
"29-Apr-20",4,4.53,4,4.49,3960638,0.907613,0.5765,,4388149.8065
"30-Apr-20",4.6,4.66,4.13,4.24,2206019,0.898902,0.583,3646459,4382070.2323
"01-May-20",4.03,4.28,3.89,3.97,1829179,0.754061,0.5788,,3725041.9634
"04-May-20",3.9,4.23,3.73,4.08,1320073,0.735145,0.581,,3630808.5633
"05-May-20",4.3,4.54,4.12,4.17,1857341,0.843517,0.5852,,4173627.6883
"06-May-20",4.17,4.37,3.865,3.88,1271512,0.820326,0.5688,,4062458.3315
"07-May-20",4.06,4.28,3.96,4.13,1945199,0.836775,0.5745,,4151046.4127
"08-May-20",4.21,4.76,4.18,4.72,2116697,0.935864,0.5655,,4671718.5174
"11-May-20",4.6,4.64,4.32,4.52,1169348,0.982881,0.5675,,4084398.7259
"12-May-20",4.62,4.86,4.49,4.66,2083883,0.902126,0.542,,3768615.3765
"13-May-20",4.6,4.63,4,4.14,1982797,1.025205,0.5492,,4304644.8495
"14-May-20",4.11,4.45,3.86,4.24,2077394,1.122373,0.5371,,4742949.2213
"15-May-20",4.2,4.37,4.11,4.26,1630851,1.103632,0.5303,3448488,4687158.3986
"18-May-20",4.55,4.96,4.55,4.9,1933960,1.135355,0.5413,,4797281.4604
"19-May-20",4.88,4.895,4.55,4.65,1497637,1.147122,0.5385,,4862917.7224
"20-May-20",4.82,5.1801,4.78,5.05,1466548,1.10229,0.5317,,4675489.7298
"21-May-20",5.08,5.19,4.91,5.11,1993191,1.122553,0.5345,,4786706.7293
"22-May-20",5.09,5.09,4.79,4.85,1285082,1.139572,0.5405,,4871304.5781
"25-May-20",,,,,,1.140115,0.5408,,4903758.0632
"26-May-20",5.15,5.1899,4.99,5.11,2264388,1.100615,0.5333,,4709401.7985
"27-May-20",5.15,5.25,4.83,5.14,1841917,1.128924,0.5339,,3557460.2208
"28-May-20",5.2,5.2149,4.975,4.99,2652735,0.932779,0.5345,,2956043.9136
"29-May-20",4.99,5,4.75,4.95,1890913,0.880299,0.5484,4052555,2792240.7336
"01-Jun-20",4.85,5.16,4.76,4.99,3445315,0.887795,0.5447,,2823621.9744
"02-Jun-20",4.9,5.16,4.705,4.82,4475228,0.619068,0.6363,,1984949.6928
"03-Jun-20",4.99,5.01,4.55,4.65,3606400,0.46476,0.6342,,1503885.6168
"04-Jun-20",4.7,5.8,4.6,5.66,5782692,0.373546,0.6287,,1234213.8552
"05-Jun-20",6.16,6.58,5.9,6.36,3379810,0.480804,0.6334,,1602512.3736
"08-Jun-20",7,7.58,6.47,7.56,5260592,0.458914,0.6121,,1559751.1224
"09-Jun-20",7.09,7.57,6.81,7.32,2992067,0.411763,0.628,,2029924.7995
"10-Jun-20",6.92,6.94,6.28,6.39,2810401,0.28612,0.6381,,1400968.2635
"11-Jun-20",5.63,6.05,5.35,5.36,2698105,0.380959,0.6277,,1849180.8465
"12-Jun-20",5.89,5.99,5.55,5.97,3632192,0.341011,0.6157,,1657900.2505
"15-Jun-20",5.49,6.08,5.44,5.91,1729010,0.318163,0.6133,3333313,1533486.812
"16-Jun-20",6.44,6.44,5.92,5.98,1756884,0.375226,0.6055,,1796497.6315
"17-Jun-20",5.95,5.95,5.41,5.45,1581490,0.301319,0.6156,,1375437.167
"18-Jun-20",5.39,5.7,5.24,5.6,1287766,0.303239,0.6095,,1356390.1585
"19-Jun-20",5.78,5.79,5.34,5.41,3070142,0.401237,0.5759,,1783529.4555
"22-Jun-20",5.51,5.535,5.25,5.51,1806119,0.375032,0.5817,,1613322.1455
"23-Jun-20",5.66,5.6839,5.2439,5.44,1474046,0.308843,0.5855,,1319106.6525
"24-Jun-20",5.32,5.37,4.85,5.02,2424971,0.299669,0.58,,2770316.4343
"25-Jun-20",4.89,5.23,4.7901,5.14,1084153,0.30258,0.5816,,2748983.2311
"26-Jun-20",5.08,5.08,4.765,4.89,2575405,0.341343,0.5999,,3055314.6958
"29-Jun-20",4.94,5.175,4.86,5.04,930425,0.330495,0.5944,,2917315.5376
"30-Jun-20",4.98,5.14,4.88,5.14,1030236,0.38696,0.6681,5637744,3383979.3576
"01-Jul-20",5.18,5.34,4.865,4.96,1396598,0.370697,0.6196,,3182647.2524
"02-Jul-20",5.12,5.2,4.82,4.9,1145094,0.390396,0.604,,3287646.6119
"03-Jul-20",,,,,,0.396777,0.6031,,3287646.6119
"06-Jul-20",5.11,5.3,5.01,5.27,1406306,0.353175,0.5491,,2884649.0702
"07-Jul-20",5.19,5.22,4.985,5.02,1343530,0.362599,0.5495,,2897315.6596
"08-Jul-20",5.04,5.1,4.89,5,1254310,0.346581,0.551,,2723650.0523
"09-Jul-20",4.98,5.01,4.49,4.5,1178075,0.336877,0.5522,,2612317.3981
"10-Jul-20",4.49,4.64,4.35,4.45,1767274,0.318884,0.55,,4056920.5824
"13-Jul-20",4.53,4.5881,4.295,4.31,1351944,0.317557,0.5681,,4015201.2768
"14-Jul-20",4.3,4.69,4.22,4.68,1630123,0.270799,0.5749,,3429439.6752
"15-Jul-20",5.08,5.6,5.02,5.58,2319507,0.282548,0.5831,6116743,3588987.8304
"16-Jul-20",5.47,5.57,5.114,5.26,1144564,0.26811,0.6076,,3365733.168
"17-Jul-20",5.28,5.485,5.19,5.29,1318390,0.200368,0.6215,,2480043.5856
"20-Jul-20",5.31,5.4,5.11,5.13,895878,0.253968,0.6212,,3090047.4864
"21-Jul-20",5.37,6.0998,5.34,5.95,2542070,0.262486,0.6673,,3177996.2928
"22-Jul-20",5.74,5.76,5.37,5.42,1554050,0.277742,0.6434,,3357276.552
"23-Jul-20",5.35,5.75,5.3,5.71,1165847,0.266778,0.6316,,3194345.7504
"24-Jul-20",5.65,5.77,5.52,5.66,802607,0.236177,0.6688,,4739864.1507
"27-Jul-20",5.59,5.78,5.47,5.76,962290,0.267019,0.606,,5289147.6721
"28-Jul-20",5.71,5.81,5.4,5.41,786145,0.265186,0.5733,,5205959.9673
"29-Jul-20",5.5,5.7,5.35,5.69,1309745,0.264344,0.5697,,5161307.7434
"30-Jul-20",5.54,5.55,5.27,5.46,895259,0.263609,0.597,,5023681.0259
"31-Jul-20",5.39,5.4565,5.16,5.37,1295875,0.250413,0.607,5632767,4747815.9166
"03-Aug-20",5.33,5.67,5.2499,5.53,984427,0.232477,0.6535,,4368577.8506
"04-Aug-20",5.55,5.74,5.515,5.74,982198,0.252855,0.598,,4715397.1787
"05-Aug-20",5.81,6.28,5.65,6.19,2617831,0.218948,0.5892,,4125743.1535
"06-Aug-20",6.3,6.45,5.87,5.94,1183552,0.402657,0.5649,,7546837.5134
"07-Aug-20",5.94,5.95,5.745,5.91,797141,0.34626,0.57,,6465397.351
"10-Aug-20",6.04,6.5388,6.01,6.46,1228428,0.364353,0.5835,,6752272.5977
"11-Aug-20",6.75,6.9,6.39,6.44,1518066,0.327738,0.6081,,7184031.0318
"12-Aug-20",6.6,6.6725,6.42,6.56,1165479,0.278805,0.6573,,6110988.9183
"13-Aug-20",6.49,6.58,6.27,6.44,833575,0.271813,0.652,,5897507.049
"14-Aug-20",6.36,6.55,6.335,6.51,501843,0.293791,0.6421,5685754,6296870.2293
"17-Aug-20",6.5,6.52,6.29,6.45,959555,0.320932,0.6397,,6826913.604
"18-Aug-20",6.39,6.518,6.12,6.16,778097,0.28651,0.6316,,6040579.3308
"19-Aug-20",6.18,6.39,6.15,6.25,800807,0.31001,0.6339,,6473739.1131
"20-Aug-20",6.1,6.185,5.97,5.97,1143662,0.289314,0.625,,6023117.7531
"21-Aug-20",5.91,5.945,5.57,5.69,1190961,0.315849,0.6425,,6560483.7249
"24-Aug-20",5.81,6.12,5.67,6.08,975454,0.196836,0.616,,4070237.4342
"25-Aug-20",6.17,6.25,6.03,6.16,750317,0.819929,0.5894,,15173003.1244
"26-Aug-20",6.34,6.41,6.002,6.12,968803,0.407633,0.6065,,7491549.4704
"27-Aug-20",6.11,6.37,6.1,6.33,919942,0.402704,0.5926,,7315291.0964
"28-Aug-20",6.35,6.53,6.27,6.5,711172,0.442934,0.573,,7966878.5048
"31-Aug-20",6.45,6.5,6.26,6.28,881395,0.479952,0.5527,7341691,8483713.5434
"01-Sep-20",6.34,6.5,6.22,6.46,1332981,0.518498,0.5338,,9135300.9518
"02-Sep-20",6.39,6.39,6.125,6.27,1137188,0.50335,0.5602,,8684989.235
"03-Sep-20",6.23,6.335,5.835,5.98,1267299,0.523376,0.5827,,8765158.3664
"04-Sep-20",6.06,6.1542,5.725,5.94,765053,0.571888,0.5774,,9320656.5322
"07-Sep-20",,,,,,0.60861,0.5774,,9320656.5322
"08-Sep-20",5.82,5.82,5.42,5.45,1033776,0.552373,0.5297,,8421170.2494
"09-Sep-20",5.56,5.73,5.46,5.51,1056947,0.473675,0.5114,,6901936.7806
"10-Sep-20",5.51,5.51,5.1,5.19,1113535,0.538834,0.5061,,6653774.5533
"11-Sep-20",5.25,5.28,5.0421,5.13,956197,0.546682,0.4899,,6610458.5764
"14-Sep-20",5.09,5.13,4.725,4.92,1669431,0.610272,0.4704,,7093541.8442
"15-Sep-20",4.93,5.03,4.77,4.9,1784440,0.524888,0.5194,7509408,6136919.5069
"16-Sep-20",4.99,5.3,4.81,5.13,2071773,0.615681,0.5683,,7227894.7895
"17-Sep-20",4.95,5.09,4.77,5.03,1401566,0.767323,0.5605,,8970078.0638
"18-Sep-20",5.11,5.2,4.745,4.89,5694724,0.599237,0.5552,,7347564.3528
"21-Sep-20",4.67,4.75,4.29,4.36,1716374,0.351516,0.5883,,4246434.0744
"22-Sep-20",4.45,4.535,4.215,4.26,1572711,0.173292,0.7567,,2098989.4569
"23-Sep-20",4.24,4.3,3.94,3.95,1899151,0.186055,0.7458,,2256101.6443
"24-Sep-20",3.94,3.99,3.77,3.85,1441424,0.204437,0.6661,,3032298.9504
"25-Sep-20",3.77,3.93,3.73,3.86,1348948,0.163047,0.6415,,2388742.6848
"28-Sep-20",4.06,4.245,3.99,4.08,1232231,0.197575,0.6483,,2856578.8032
"29-Sep-20",4.01,4.5,3.835,4.31,3929649,0.177015,0.6504,,2638055.0304
"30-Sep-20",4.31,4.41,4.01,4.06,1470494,0.138678,0.6633,6265253,2079355.0752
"01-Oct-20",3.95,4.39,3.92,4.21,3090872,0.312674,0.7528,,4798511.712
"02-Oct-20",4.02,4.15,3.77,4.05,1443585,0.356886,0.6373,,5479615.0176
"05-Oct-20",4.11,4.255,4.0831,4.17,938494,0.285761,0.7001,,4377233.9232
"06-Oct-20",4.2,4.33,4.115,4.16,1917542,0.231439,0.6698,,3566217.8592
"07-Oct-20",4.27,4.35,4.11,4.26,2006395,0.151551,0.7195,,2350444.704
"08-Oct-20",4.37,4.48,4.185,4.47,1304024,0.493006,0.6141,,7642324.5216
"09-Oct-20",4.53,4.54,4.365,4.5,956790,0.126444,0.68,,5886205.1935
"12-Oct-20",4.5,4.59,4.36,4.53,849448,0.127419,0.68,,5886205.1935
"13-Oct-20",4.53,4.6,4.38,4.41,661472,0.12836,0.7056,,5882446.0417
"14-Oct-20",4.44,4.69,4.41,4.42,678063,0.11835,0.7483,,5383731.9029
"15-Oct-20",4.29,4.51,4.235,4.51,838274,0.162306,0.7145,6580374,7318442.0293
"16-Oct-20",4.42,4.48,4.22,4.27,702753,0.089179,0.7934,,3948362.4406
"19-Oct-20",4.25,4.41,4.13,4.2,768516,0.099132,0.7757,,4370640.4928
"20-Oct-20",4.27,4.37,4.18,4.34,626949,0.093009,0.7818,,4068028.7729
"21-Oct-20",4.32,4.36,4.15,4.15,1121672,0.217474,0.6383,,9536341.5913
"22-Oct-20",4.18,4.35,3.94,4.3,1015522,0.127094,0.6208,,5475204.5967
"23-Oct-20",4.35,4.48,4.305,4.4,863021,0.346523,0.6314,,14807925.4655
"26-Oct-20",4.26,4.35,4.21,4.33,1058647,0.324052,0.6454,,12507316.8618
"27-Oct-20",4.27,4.27,4.045,4.21,1222664,0.33982,0.643,,13105472.8584
"28-Oct-20",3.97,4.05,3.78,3.84,1317350,0.354841,0.6527,,13741795.0242
"29-Oct-20",3.76,3.91,3.58,3.9,952203,0.34566,0.666,,13412118.2868
"30-Oct-20",3.87,3.995,3.83,3.95,1024814,0.370867,0.647,7109092,14342583.1704
"02-Nov-20",4,4.31,3.96,4.18,1030047,0.320377,0.6565,,12409269.2892
"03-Nov-20",4.22,4.57,3.9485,4.12,1632285,0.305812,0.6563,,11892051.8928
"04-Nov-20",4.04,4.13,3.82,4,1531629,0.368455,0.6791,,14418915.5088
"05-Nov-20",3.98,4.05,3.81,3.87,2254475,0.268381,0.6166,,10657573.7304
"06-Nov-20",3.91,3.95,3.72,3.79,1133067,0.354296,0.5441,,13831288.1106
"09-Nov-20",4.17,5.09,4.15,4.82,2804001,0.333666,0.5416,,13352236.8834
"10-Nov-20",4.98,4.98,4.67,4.83,1452466,0.322896,0.5469,,6413111.8932
"11-Nov-20",4.92,4.99,4.7,4.91,1103402,0.322008,0.5479,,6386097.3436
"12-Nov-20",4.79,4.945,4.7008,4.8,1084379,0.351616,0.5095,,6939184.7012
"13-Nov-20",4.86,5,4.785,4.96,1134860,0.383525,0.469,6432362,7566206.6156
"16-Nov-20",5.27,5.49,5.19,5.48,2557636,0.320123,0.5227,,6501975.5432
"17-Nov-20",5.37,5.62,5.25,5.5,893527,0.362836,0.5485,,7330895.6704
"18-Nov-20",5.61,5.91,5.51,5.52,947542,0.29236,0.4973,,5906233.6336
"19-Nov-20",5.46,5.66,5.34,5.65,1153977,0.192231,0.4722,,3899336.962
"20-Nov-20",5.6,5.65,5.43,5.48,712143,0.18808,0.4733,,3811895.1304
"23-Nov-20",5.62,6.245,5.565,6.13,1214305,0.164215,0.4142,,3337007.7848
"24-Nov-20",6.44,7.015,6.36,6.88,2113003,0.136252,0.4741,,2372898.3418
"25-Nov-20",6.85,6.88,6.44,6.72,927541,0.147834,0.4844,,2573588.0362
"26-Nov-20",,,,,,0.146803,0.4844,,2573588.0362
"27-Nov-20",6.65,6.71,6.39,6.43,419426,0.214567,0.5361,,3738488.7944
"30-Nov-20",6.29,6.3308,5.76,5.77,1066379,0.262123,0.5478,5655466,4609430.6092
"01-Dec-20",6.01,6.34,5.86,6.21,1325078,0.208856,0.4981,,3690889.3156
"02-Dec-20",6.15,6.5,6.09,6.26,776279,0.1816,0.4548,,3189808.3158
"03-Dec-20",6.29,6.39,6.1599,6.34,1016912,0.163738,0.4827,,2872049.633
"04-Dec-20",6.54,6.85,6.54,6.83,880913,0.151461,0.5074,,2644987.2544
"07-Dec-20",6.74,6.74,6.44,6.61,1235099,0.150017,0.5134,,2633409.0028
"08-Dec-20",6.42,6.94,6.42,6.89,1756046,0.163861,0.6428,,2888130.538
"09-Dec-20",6.92,7.19,6.77,6.87,1849159,0.151769,0.6912,,3311840.8896
"10-Dec-20",6.86,7.4,6.79,7.22,1521825,0.285814,0.6368,,6267952.9678
"11-Dec-20",7.11,7.47,6.815,7.46,1769922,0.283793,0.6368,,6267952.9678
"14-Dec-20",7.63,7.68,7.2,7.39,2208215,0.172809,0.513,,3868338.744
"15-Dec-20",7.71,8.1825,7.62,8.1,1892363,0.125126,0.3178,5315317,2807373.3224
"16-Dec-20",8.16,8.315,7.85,7.87,1562589,0.215722,0.4692,,4828636.8708
"17-Dec-20",7.99,7.99,7.55,7.7,1400088
"18-Dec-20",7.68,7.68,7.205,7.28,2608792,0.245547,0.4686,,5527652.4684
"21-Dec-20",6.97,7.42,6.83,7.18,2487450,0.347011,0.5283,,7547219.377
"22-Dec-20",7.18,7.465,6.94,7.44,1314725,0.316659,0.4864,,6856686.9784
"23-Dec-20",7.52,7.84,7.5,7.67,917834,0.323485,0.5369,,6953960.9936
"24-Dec-20",7.75,7.75,7.4,7.55,347221,0.409346,0.5233,,16374365.5502
"25-Dec-20",,,,,,0.435919,0.513,,17422546.0626
"28-Dec-20",7.65,7.905,7.35,7.43,917622,0.493804,0.4878,,19638501.7199
"29-Dec-20",7.51,7.6,7.32,7.41,723069,0.479293,0.4703,,18950168.1684
"30-Dec-20",7.4,7.62,7.36,7.45,632917,0.45856,0.4556,,17438492.0136
"31-Dec-20",7.34,7.495,7.285,7.39,1052608,0.470534,0.4456,2215845,17841924.5739
"01-Jan-21",,,,,,0.475786,0.4469,,18002978.679
"04-Jan-21",7.51,7.735,7.21,7.57,1108942,0.449892,0.4334,,16577410.6596
"05-Jan-21",7.6,8.39,7.58,8.07,1617164,0.411616,0.4361,,15234230.0537
"06-Jan-21",8.2,8.76,7.955,8.44,1954757,0.411901,0.4983,,15436212.0997
"07-Jan-21",8.54,8.59,8.14,8.21,1136775,0.26712,0.4828,,9915192.3318
"08-Jan-21",8.44,8.46,8.11,8.24,972513,0.210973,0.6402,,7731128.5765
"11-Jan-21",7.95,8.16,7.8,8.03,1132508,0.200515,0.5329,,7359587.9182
"12-Jan-21",8.03,8.485,7.97,8.38,805859,0.225783,0.5718,,1023498.8055
"13-Jan-21",8.35,8.35,7.82,7.93,831581,0.185257,0.5975,,839583.6705
"14-Jan-21",8,8.57,7.86,8.34,1001287,0.193718,0.5457,,881684.7255
"15-Jan-21",8.03,8.2,7.7699,7.87,692019,0.190487,0.5242,1587146,867060.1485
"18-Jan-21",,,,,,0.18689,0.5249,,861298.9515
"19-Jan-21",8.09,8.3,7.8,8.02,1149525,0.302822,0.5813,,1393544.9205
"20-Jan-21",8.15,8.25,7.85,7.96,1037402,0.221553,0.5917,,1022834.052
"21-Jan-21",7.95,8.01,7.66,7.86,1449823,0.219648,0.6408,,1024606.728
"22-Jan-21",7.58,8.33,7.56,8.31,2027513,0.253566,0.6533,,1196113.131
"25-Jan-21",8.22,8.26,7.82,8.05,936100,0.390772,0.6009,,1851338.4975
"26-Jan-21",8.23,8.36,8.11,8.23,1887111,0.155074,0.6437,,739870.6455
"27-Jan-21",7.99,8.28,7.76,7.84,1313566,0.148445,0.6907,,1300507.4324
"28-Jan-21",7.98,8.57,7.89,8.55,1060195,0.239919,0.6007,,2097730.8682
"29-Jan-21",8.48,8.71,7.89,7.99,1083429,0.239615,0.6383,1776349,2089160.2798
"01-Feb-21",8.1,8.23,7.86,8.14,714910,0.260548,0.6322,,2272951.7866
"02-Feb-21",8.44,8.47,8.11,8.15,575303,0.21871,0.6264,,1891084.459
"03-Feb-21",8.15,8.31,7.98,8.3,738728,0.262052,0.6129,,2257715.185
"04-Feb-21",8.36,8.78,8.11,8.78,873524,0.249855,0.6562,,2132648.0802
"05-Feb-21",9.41,9.6,9.12,9.5,2231665,0.263354,0.6313,,2267238.061
"08-Feb-21",9.61,10.25,9.44,9.75,1239426,0.267439,0.6521,,2277871.9392
"09-Feb-21",9.75,9.85,9.3,9.56,1298774,0.30698,0.6593,,2223811.3131
"10-Feb-21",9.57,9.8,9.42,9.72,921113,0.289068,0.6872,,2045110.6037
"11-Feb-21",9.65,9.65,9.17,9.3,1035283,0.329122,0.6461,,2316181.4611
"12-Feb-21",9.21,9.61,9.17,9.42,993720,0.345829,0.6654,1561498,2430400.7018
"15-Feb-21",,,,,,0.340613,0.6691,,2401979.1178
"16-Feb-21",9.64,10.02,9.62,9.9,820458,0.381106,0.6412,,2672694.7054
"17-Feb-21",9.87,10.04,9.5,9.77,1012279,0.272664,0.739,,1873870.5601
"18-Feb-21",9.65,9.69,9.23,9.31,495953,0.328929,0.6662,,2248502.5642
"19-Feb-21",9.27,9.58,9.16,9.48,537304,0.235052,0.6594,,1598003.5604
"22-Feb-21",9.47,10.4717,9.43,10.26,743452,0.266867,0.6028,,1816139.2176
"23-Feb-21",10.13,10.49,9.64,10.35,969052,0.25361,0.6143,,1720571.6414
"24-Feb-21",10.24,11.44,9.65,11.41,1282818,0.253377,0.6143,,1105540.584
"25-Feb-21",11.71,11.91,11.09,11.2,1378747,0.277107,0.6635,,1197044.3668
"26-Feb-21",11.04,11.66,10.5435,11.47,1054601,0.510455,0.6455,1754779,2209051.2206
"01-Mar-21",11.92,12.04,11.43,12.04,1099431,0.391393,0.5476,,1712494.8566
"02-Mar-21",12.19,12.22,11.305,11.32,650771,0.45012,0.5373,,1951404.0506
"03-Mar-21",11.49,12.07,11.445,11.56,666264,0.486246,0.5671,,2104743.1542
"04-Mar-21",11.65,11.97,11.21,11.93,1140559,0.590481,0.5386,,2560388.2706
"05-Mar-21",12.51,13.18,11.89,13.14,1661472,0.565751,0.5472,,2479346.5244
"08-Mar-21",13.13,13.99,13.08,13.76,1725888,0.692539,0.5481,,3055383.1366
"09-Mar-21",13.67,13.695,12.35,12.41,1141531,1.012088,0.5377,,3517629.9834
"10-Mar-21",12.32,12.79,12.12,12.74,1397985,0.809704,0.4659,,2796942.2481
"11-Mar-21",12.57,13,12.4,12.69,751417,0.823753,0.4546,,2815367.4276
"12-Mar-21",12.82,13.13,12.5,12.69,777126,1.38575,0.4234,,4671046.2201
"15-Mar-21",12.57,12.68,12.0107,12.19,1104762,1.658937,0.4172,2231728,5505092.6788
"16-Mar-21",11.94,12.05,11.39,11.4,1049863,1.952994,0.4329,,6403013.0931
"17-Mar-21",11.24,11.77,11.24,11.67,736181,1.980415,0.4332,,6415472.024
"18-Mar-21",11.67,11.7,10.94,11.05,996163,2.256577,0.4282,,7266890.7948
"19-Mar-21",11.01,11.45,10.79,11.26,3033676,2.119129,0.4425,,6866976.6607
"22-Mar-21",11.18,11.24,10.95,11.16,866290,2.083374,0.4483,,6591125.4019
"23-Mar-21",10.8,10.98,10.195,10.35,1275251,1.962332,0.4478,,6204547.5882
"24-Mar-21",10.65,11.07,10.45,10.47,1320228,2.19785,0.46,,2834071.3872
"25-Mar-21",10.09,11,9.601,10.9,1285334,1.835874,0.4483,,2400446.6368
"26-Mar-21",11.26,11.33,10.72,10.99,923497,1.598656,0.4651,,2084433.952
"29-Mar-21",10.94,10.94,10.28,10.47,1001348,1.563176,0.4897,,2040692.0832
"30-Mar-21",10.24,10.81,10.24,10.68,1118854,1.088972,0.5084,,1429644.9568
"31-Mar-21",10.67,10.9399,10.57,10.66,862195,1.078781,0.5307,1714966,1420941.2176
"01-Apr-21",10.75,11.21,10.66,11.13,745834
"02-Apr-21",,,,,,1.129758,0.5359,,1481644.2192
"05-Apr-21",11.18,11.18,10.33,10.9,1302223,1.032786,0.5558,,1358229.6608
"06-Apr-21",10.91,11.25,10.45,10.57,1358408,1.087726,0.5598,,1425181.5008
"07-Apr-21",10.62,10.92,10.56,10.61,720445,0.852138,0.6081,,1096671.1392
"08-Apr-21",10.46,10.61,10.19,10.45,568324,0.845937,0.608,,1079486.8336
"09-Apr-21",10.45,10.53,10.075,10.12,538472,0.624439,0.6318,,955579.0552
"12-Apr-21",10.23,10.33,10.09,10.2,461862,0.617992,0.6694,,936199.9394
"13-Apr-21",10.15,10.29,9.97,10.17,669701,0.592323,0.6676,,895555.2452
"14-Apr-21",10.31,11,10.2624,10.88,908195,0.607023,0.669,,918878.7828
"15-Apr-21",10.98,10.99,10.46,10.64,501851,0.684144,0.6721,1408608,1027779.1238
"16-Apr-21",10.7,10.75,10.06,10.07,981556,0.653432,0.6673,,985933.9534
"19-Apr-21",10.03,10.13,9.79,10.07,668643,0.695901,0.6621,,1043728.3076
"20-Apr-21",9.94,9.94,8.97,9.11,2042768,0.657164,0.6665,,998796.1984
"21-Apr-21",8.98,9.21,8.78,9.15,1877440,0.749945,0.661,,1154000.6214
"22-Apr-21",9.22,9.299,8.93,9.02,619926,0.77485,0.6708,,1177838.6488
"23-Apr-21",9.04,9.42,8.88,9.28,798235,0.730265,0.6634,,1090032.3896
"26-Apr-21",9.29,9.61,9.28,9.46,803524,0.715791,0.6532,,1461430.8
"27-Apr-21",9.48,9.57,9.04,9.39,1348509,0.673256,0.6519,,1363391.6832
"28-Apr-21",9.49,10.25,9.445,10.2,852188,0.668162,0.5862,,1343530.3104
"29-Apr-21",10.42,10.52,10.07,10.18,908211,0.603622,0.5991,,1210980.2976
"30-Apr-21",9.93,10.22,9.59,9.63,909200,0.621934,0.6067,1719618,1244364.3072
"03-May-21",9.86,10.75,9.86,10.72,1649740,0.628404,0.4627,,1284650.496
"04-May-21",10.67,10.78,10.21,10.36,745993,0.398338,0.5001,,814457.1456
"05-May-21",10.03,10.46,9.69,10.17,1329149,0.427285,0.5,,879675.696
"06-May-21",10.03,10.475,9.82,10.46,933060,0.412075,0.5287,,831642.1632
"07-May-21",10.29,10.99,10.1,10.98,1051699,0.327969,0.4974,,662045.76
"10-May-21",11.14,11.53,10.7,10.71,1219664,0.330245,0.5085,,663736.0896
"11-May-21",10.37,10.83,10.1381,10.78,1585894,0.43721,0.4979,,1226947.443
"12-May-21",10.78,11.3,10.58,10.63,680501,0.488226,0.4836,,1362625.3032
"13-May-21",10.48,10.78,9.89,10.24,603221,0.455594,0.5207,,1263747.2682
"14-May-21",10.48,10.87,10.48,10.57,759051,0.37625,0.5009,2424818,1039337.1192
"17-May-21",10.44,10.99,10.24,10.99,971264,0.354994,0.4928,,982761.687
"18-May-21",11,11.02,10.45,10.46,734413,0.318185,0.4676,,877177.1418
"19-May-21",10.1,10.175,9.81,10.02,813297,0.368777,0.4881,,1021625.0538
"20-May-21",9.94,9.96,9.53,9.88,542516,0.369134,0.4787,,1022656.8246
"21-May-21",10.17,10.19,9.97,10.04,458882,0.356119,0.416,,978118.7184
"24-May-21",10.19,10.19,9.83,9.85,770641,0.403827,0.4049,,1110529.3044
"25-May-21",9.78,9.98,9.41,9.44,487492,0.447867,0.4251,,2838249.469
"26-May-21",9.4,9.745,9.36,9.7,481052,0.408276,0.4187,,2551151.0178
"27-May-21",9.85,10.09,9.795,9.98,588413,0.481927,0.397,,2989073.1486
"28-May-21",10.07,10.1,9.81,9.94,364156,0.51979,0.4186,2483659,3192030.4152
"31-May-21",,,,,,0.523858,0.421,,3217006.0406
"01-Jun-21",10.17,10.66,10.05,10.5,861200,0.517859,0.4214,,3174086.762
"02-Jun-21",10.45,11.46,10.3,11.37,2025205,0.513096,0.4378,,3190333.0426
"03-Jun-21",11.24,11.75,11.15,11.29,1312780,0.544482,0.4492,,3420205.789
"04-Jun-21",11.39,11.44,11.02,11.37,705807,0.660302,0.4111,,4150318.4888
"07-Jun-21",11.46,11.49,11.07,11.1,507929,0.56783,0.3831,,3497799.965
"08-Jun-21",11,11.275,10.82,10.93,759669,0.607179,0.3742,,3726945.266
"09-Jun-21",10.88,11.03,10.77,10.77,632373,0.694934,0.3781,,3262286.0965
"10-Jun-21",10.86,11.02,10.55,10.59,532401,1.294957,0.4801,,6019892.6842
"11-Jun-21",10.65,10.84,10.6,10.76,453809,1.319712,0.4721,,6041748.8834
"14-Jun-21",10.98,11.3596,10.84,10.91,1018650,4.436449,0.6088,,20456408.9876
"15-Jun-21",10.91,11.37,10.91,11.36,1137713,3.516869,0.5676,3979802,16265731.1569
"16-Jun-21",11.35,11.935,11.19,11.56,1435165,3.59035,0.571,,16694410.7003
"17-Jun-21",11.5,11.76,10.265,10.49,2035552,3.025502,0.571,,14290725.5201
"18-Jun-21",10.23,10.67,9.99,10.37,1969989,1.261211,0.4892,,6073539.7186
"21-Jun-21",10.43,11.25,10.43,11.03,805363,1.252374,0.4877,,5818716.3052
"22-Jun-21",10.89,11.08,10.71,10.9,631772,1.421217,0.4877,,6568781.3232
"23-Jun-21",11.05,11.45,10.99,11.01,563126,1.45027,0.4799,,6670114.6104
"24-Jun-21",11.06,11.2,10.79,11.09,545573,1.470027,0.4841,,1634504.6814
"25-Jun-21",11.15,11.15,10.17,10.26,3246054,1.445886,0.4918,,1658781.4736
"28-Jun-21",10.26,10.3,9.37,9.74,1867109,1.403842,0.4885,,1626545.0774
"29-Jun-21",9.85,9.98,9.24,9.26,948603,1.278475,0.5203,,1480884.3242
"30-Jun-21",9.24,9.2999,9.0837,9.16,1252838,2.01786,0.5024,3684962,2346491.2592
"01-Jul-21",9.49,10.01,9.46,9.89,1700626,1.699097,0.4846,,1997860.604
"02-Jul-21",9.82,9.82,9.29,9.48,820700,1.722692,0.4868,,2028107.0992
"06-Jul-21",9.44,9.5865,8.675,8.9,1351798,1.794953,0.4764,,2114866.7828
"07-Jul-21",8.79,8.99,8.282,8.4,1218090,1.784758,0.4755,,2098151.6144
"08-Jul-21",8.14,8.72,8.13,8.69,1896076,1.93953,0.4871,,2322214.467
"09-Jul-21",8.98,9.27,8.8,9.14,927006,1.77478,0.4837,,2136755.6938
"12-Jul-21",8.9,9.14,8.76,8.99,402440,1.741115,0.5025,,3285143.623
"13-Jul-21",8.87,8.99,8.62,8.83,538886,1.719298,0.5073,,3247925.5068
"14-Jul-21",8.92,9.22,8.33,8.4,511279,1.702794,0.5092,,3208864.9096
"15-Jul-21",8.22,8.43,7.91,7.98,843336,1.665631,0.5083,4053878,3135534.1658
"16-Jul-21",8.16,8.18,7.625,7.68,722854,1.647072,0.5058,,3111213.4166
"19-Jul-21",7.22,7.53,7.09,7.23,1014494,1.628724,0.502,,3078417.2548
"20-Jul-21",7.25,7.74,7.16,7.5,1656992,1.515523,0.5003,,2908172.0104
"21-Jul-21",7.71,8.235,7.56,8.08,1038244,1.555573,0.5008,,2939125.6912
"22-Jul-21",8.02,8.1,7.75,8.06,672308,1.683404,0.5199,,3121531.3102
"23-Jul-21",8.07,8.08,7.7,7.81,586338,1.907335,0.5287,,3534984.0466
"26-Jul-21",7.86,8.36,7.86,8.23,577021,1.836171,0.5336,,4384269.057
"27-Jul-21",8.07,8.11,7.82,7.98,798254,1.798923,0.5317,,4295083.741
"28-Jul-21",8.08,8.1799,7.53,7.86,1252868,1.922363,0.4808,,4582909.079
"29-Jul-21",8.06,8.06,7.745,7.8,1476009,1.878636,0.4778,,4522911.6846
"30-Jul-21",7.71,7.76,7.43,7.55,687680,2.048212,0.4643,4551916,4914110.9116
"02-Aug-21",7.57,8,7.49,7.58,1149355,2.247256,0.4591,,5411927.13
"03-Aug-21",7.49,7.8,7.24,7.73,1182292,2.24351,0.4609,,5418413.3348
"04-Aug-21",7.45,7.56,6.772,6.89,1202002,1.748398,0.4697,,4193331.4032
"05-Aug-21",6.88,7.47,6.72,7.27,1833580,1.972952,0.5305,,4811547.7982
"06-Aug-21",7.44,7.6518,7.32,7.33,865778,1.589616,0.5005,,3849562.5488
"09-Aug-21",7.22,7.395,7.045,7.24,678015,1.697297,0.504,,4090768.2898
"10-Aug-21",7.23,7.65,7.2,7.62,668055,1.724703,0.506,,3830892.5056
"11-Aug-21",7.51,7.725,7.34,7.7,497439,1.742883,0.5058,,3828161.356
"12-Aug-21",7.68,7.78,7.35,7.53,370695,1.902884,0.5174,,4099910.7412
"13-Aug-21",7.48,7.48,7.16,7.2,535119,1.8032,0.4997,3682241,3875956.474
"16-Aug-21",7,7.0877,6.84,6.97,769948,1.771668,0.5017,,3831347.6972
"17-Aug-21",6.83,7.05,6.67,6.82,832535,1.939167,0.5128,,4184576.3788
"18-Aug-21",6.87,7.065,6.755,6.82,737810,1.795588,0.5042,,3860024.768
"19-Aug-21",6.58,6.74,6.39,6.56,1307516,1.716995,0.502,,3725288.0544
"20-Aug-21",6.47,6.69,6.47,6.57,763847,1.827037,0.5178,,3960622.1116
"23-Aug-21",6.89,7.26,6.845,7.18,1061219,1.88487,0.5144,,4154078.5416
"24-Aug-21",7.28,7.495,7.28,7.46,586253,1.79727,0.5185,,3739315.7355
"25-Aug-21",7.52,7.615,7.25,7.5,402350,1.706181,0.5118,,3529059.7744
"26-Aug-21",7.45,7.56,7.32,7.4,422274,1.697559,0.5096,,3507702.7766
"27-Aug-21",7.55,7.955,7.465,7.85,852483,1.642653,0.5054,,3414173.8552
"30-Aug-21",7.94,8.03,7.668,7.69,558479,1.633263,0.5086,,3426325.2505
"31-Aug-21",7.6,7.79,7.545,7.74,512101,1.652694,0.509,3580630,3441422.4386
"01-Sep-21",7.73,7.855,7.595,7.73,549802,1.733587,0.5106,,3585766.2858
"02-Sep-21",7.9,8.0531,7.79,7.84,607672,1.754637,0.5161,,3615224.2138
"03-Sep-21",7.84,7.96,7.65,7.75,383104,1.790133,0.5163,,3593498.9919
"06-Sep-21",,,,,,1.793933,0.5163,,3593498.9919
"07-Sep-21",7.56,7.775,7.48,7.75,1176531,1.720911,0.5183,,3460570.0918
"08-Sep-21",7.74,7.85,7.34,7.36,673726,1.692481,0.516,,3412332.7347
"09-Sep-21",7.29,7.63,7.19,7.44,581278,1.736282,0.5217,,3490764.468
"10-Sep-21",7.7,7.71,7.385,7.42,568200,1.666185,0.5176,,3481446.549
"13-Sep-21",7.65,8.1,7.62,7.97,1079744,1.558111,0.5138,,3311724.687
"14-Sep-21",8.15,8.28,7.75,7.79,618849,1.50827,0.5091,,3188192.952
"15-Sep-21",7.97,8.37,7.97,8.04,1089856,1.492136,0.51,3283333,3157757.597
"16-Sep-21",8,8,7.585,7.79,740672,1.560035,0.5217,,3280215.143
"17-Sep-21",7.82,7.93,7.562,7.79,1782322,1.418729,0.5029,,2999851.814
"20-Sep-21",7.36,7.48,7.11,7.38,698643,1.48262,0.5037,,3014532.397
"21-Sep-21",7.53,7.56,7.08,7.21,849976,4.013949,0.5481,,8152378.384
"22-Sep-21",7.42,7.635,7.2,7.21,1300266,1.755429,0.493,,3594594.457
"23-Sep-21",7.27,7.94,7.18,7.88,1551862,1.680441,0.478,,3493620.691
"24-Sep-21",7.86,8.1025,7.8,7.98,992956,1.658369,0.4742,,3610352.9668
"27-Sep-21",8.27,8.74,8.24,8.56,1080900,1.741295,0.4583,,3680616.293
"28-Sep-21",8.71,9.16,8.6,8.67,1182954,1.825336,0.4752,,3875317.9399
"29-Sep-21",8.65,8.93,8.4,8.81,1194387,1.641451,0.4842,,3445857.9835
"30-Sep-21",8.73,8.8,8.43,8.65,761801,1.729124,0.484,3045575,3618561.2993
"01-Oct-21",8.76,9.33,8.73,9.3,1356863,1.957352,0.4902,,4103181.2501
"04-Oct-21",9.51,10.1,9.4701,9.86,1700883,2.114593,0.5062,,4439722.8826
"05-Oct-21",10,10.32,9.68,9.92,1485021,1.619167,0.4806,,3432396.3182
"06-Oct-21",9.65,9.86,9.31,9.53,926973,1.493835,0.5319,,3166774.6785
"07-Oct-21",9.53,9.98,9.37,9.82,722812,0.739994,0.6352,,1552688.1757
"08-Oct-21",9.89,10.21,9.83,9.96,693301,0.543333,0.6155,,1130123.2186
"11-Oct-21",10.36,10.38,9.92,9.96,848214,0.553394,0.6155,,951133.0725
"12-Oct-21",9.94,10.18,9.7,9.93,504402,0.488294,0.6199,,833878.435
"13-Oct-21",9.82,10.26,9.64,10.22,918853,0.491751,0.6137,,846974.4075
"14-Oct-21",10.37,10.395,9.98,10.08,642809,0.440116,0.6116,,759566.405
"15-Oct-21",10.42,10.555,10.24,10.24,979491,0.842024,0.6046,2192780,1464617.0175
"18-Oct-21",10.29,10.48,10.045,10.2,743385,0.970728,0.581,,1690598.6825
"19-Oct-21",10.2,10.2,9.84,10.19,516000,0.728227,0.582,,1259954.3775
"20-Oct-21",10.09,10.27,9.96,10.26,700783,0.720768,0.5891,,1240462.6975
"21-Oct-21",10.19,10.37,10.015,10.13,800597,0.763813,0.5873,,1295587.605
"22-Oct-21",10.14,10.255,10.05,10.2,463217,0.595619,0.5833,,1000166.83
"25-Oct-21",10.29,10.795,10.175,10.25,850091,0.602115,0.5823,,1019353.9525
"26-Oct-21",10.31,10.555,10.11,10.47,891977,0.537075,0.5826,,1361716.38
"27-Oct-21",10.32,10.33,9.79,9.9,625564,0.570629,0.5683,,1447892.634
"28-Oct-21",9.85,10.16,9.77,10.09,774571,0.568579,0.5727,,1442191.406
"29-Oct-21",10.14,10.14,9.46,9.59,849809,0.660051,0.5334,,1662565.796
"01-Nov-21",9.78,9.92,9.53,9.67,1275056,0.494335,0.5944,,1244621.928
"02-Nov-21",9.5,9.59,9.3,9.58,672052,0.518313,0.6163,,1300537.818
"03-Nov-21",9.35,9.7518,9.33,9.6,655406
"19-Nov-21",,,,,,,,,,,0