"Date","open SGMO Price in USD","high SGMO Price in USD","low SGMO Price in USD","close SGMO Price in USD","SGMO Volume","Days to cover 3m (on loan)","Cost To Borrow","Exchange Reported SI","Estimated Short Interest","Dividends","hidden"
"02-Jan-15",15.27,16.25,15.05,15.27,1057237
"05-Jan-15",15.2,15.75,14.53,15.11,1235697
"06-Jan-15",15.21,15.85,14.3,14.8,1648661
"07-Jan-15",14.91,15.45,14.51,15.43,997847
"08-Jan-15",15.31,16,15.306,15.86,877602
"09-Jan-15",15.78,16.03,15.35,15.74,968184
"12-Jan-15",15.92,16.43,15.6,15.9,1411738
"13-Jan-15",15.98,16.0999,14.6402,14.96,1605359
"14-Jan-15",14.71,15.34,14.61,15.11,772928
"15-Jan-15",15.19,15.248,13.6,13.88,1279743
"16-Jan-15",13.76,14.67,13.611,14.45,1404575
"20-Jan-15",14.68,14.68,13.69,14.29,901995
"21-Jan-15",14.23,14.3638,13.191,13.34,923591
"22-Jan-15",13.34,13.67,12.8,13.37,874618
"23-Jan-15",13.34,13.67,13.1,13.41,489107
"26-Jan-15",13.39,14.0399,13.22,13.72,442622
"27-Jan-15",13.37,14.03,13.36,13.79,560786
"28-Jan-15",13.85,13.92,13,13.21,726713
"29-Jan-15",13.23,13.33,12.75,13.2,692033
"30-Jan-15",13.15,13.52,12.775,12.79,769388
"02-Feb-15",12.85,13.16,12.3545,12.71,1044271
"03-Feb-15",12.7,13,12.36,12.79,786577
"04-Feb-15",12.86,12.9325,12.1,12.8,1062694
"05-Feb-15",12.91,13.23,12.59,13.08,915334
"06-Feb-15",13.05,13.47,12.71,12.77,456202
"09-Feb-15",12.68,13.05,12.44,12.64,598959
"10-Feb-15",12.73,12.99,12.45,12.67,678146
"11-Feb-15",13.48,14.96,12.94,13.93,2098185
"12-Feb-15",14.16,15.43,13.75,15.26,1819212
"13-Feb-15",15.32,15.67,15,15.4,700504
"17-Feb-15",15.44,15.97,15.44,15.84,877834
"18-Feb-15",15.84,16.85,15.69,16.85,1144745
"19-Feb-15",16.72,17.1,16.45,16.73,1025712
"20-Feb-15",16.7,17.22,16.6,16.945,839092
"23-Feb-15",16.95,17.7955,16.88,17.07,1160372
"24-Feb-15",17.1,17.2,15.95,16.48,865913
"25-Feb-15",16.44,17,16.041,16.86,816770
"26-Feb-15",16.9,17.3599,16.45,16.97,530834
"27-Feb-15",16.99,17.09,16.23,16.82,790608
"02-Mar-15",17.13,17.47,16.94,17.4,1215234
"03-Mar-15",17.21,17.372,16.51,17.08,1929979
"04-Mar-15",17.08,18.14,16.7,17.98,1297927
"05-Mar-15",18.1,18.88,17.81,18.06,1034083
"06-Mar-15",17.99,18.212,17.3,17.55,892250
"09-Mar-15",17.53,17.68,16.6096,17.06,870413
"10-Mar-15",16.38,17.4,16.3,16.82,1448137
"11-Mar-15",16.86,17.285,16.423,17.14,710210
"12-Mar-15",17.37,17.37,16.841,17.07,500939
"13-Mar-15",17,17.54,16.77,17.4,532226
"16-Mar-15",17.51,17.51,16.97,17.38,605700
"17-Mar-15",17.28,17.65,17.03,17.3,516879
"18-Mar-15",17.2,17.37,16.58,16.7,649428
"19-Mar-15",16.69,18.68,16.69,18.54,1177052
"20-Mar-15",19.12,19.25,17.51,17.63,1357926
"23-Mar-15",17.5,17.56,16.89,16.93,732516
"24-Mar-15",16.93,17.4,16.52,16.53,685157
"25-Mar-15",16.55,16.73,14.9,15.03,1472038
"26-Mar-15",14.85,15.245,14.41,14.91,936832
"27-Mar-15",14.96,15.6,14.96,15.54,561252
"30-Mar-15",15.71,16.01,15.41,15.86,598079
"31-Mar-15",15.73,16.18,15.64,15.68,551279
"01-Apr-15",15.68,15.93,14.89,15.28,609128
"02-Apr-15",15.34,15.43,14.8501,14.96,500532
"06-Apr-15",14.82,15.38,14.75,14.9,363806
"07-Apr-15",14.8,15.42,14.8,14.88,381070
"08-Apr-15",14.88,15.81,14.81,15.44,385387
"09-Apr-15",15.4,15.72,14.82,15.12,357580
"10-Apr-15",15.2,15.72,15.14,15.41,406141
"13-Apr-15",15.37,15.9,15.37,15.56,448626
"14-Apr-15",15.52,15.64,15.15,15.25,437636
"15-Apr-15",15.27,15.49,14.96,15.41,506803
"16-Apr-15",15.41,15.6041,15.16,15.52,381592
"17-Apr-15",15.37,15.42,14.24,14.5,1007620
"20-Apr-15",14.59,14.76,13.85,14.15,856753
"21-Apr-15",14.32,14.54,14.08,14.4,659888
"22-Apr-15",14.47,14.52,13.8301,14.37,636035
"23-Apr-15",15.29,16.097,14.04,15.54,1560090
"24-Apr-15",15.37,15.6859,14.7,14.7,825536
"27-Apr-15",14.75,14.77,13.3,13.34,1261824
"28-Apr-15",13.36,13.75,12.68,13,835321
"29-Apr-15",12.88,13.35,12.56,12.96,916292
"30-Apr-15",12.86,12.98,12.17,12.37,820054
"01-May-15",12.45,12.95,12.38,12.81,494661
"04-May-15",12.76,13.34,12.66,12.8,550904
"05-May-15",12.73,12.93,12.05,12.24,801008
"06-May-15",12.46,12.7,12.08,12.44,619371
"07-May-15",12.44,12.78,12.25,12.73,443073
"08-May-15",13,13.57,12.92,13.35,842204
"11-May-15",13.33,13.4899,13.04,13.06,358883
"12-May-15",13,13.23,12.82,12.89,416803
"13-May-15",12.92,13.19,12.42,12.48,643485
"14-May-15",12.49,12.62,10.8645,11.51,2424096
"15-May-15",11.58,11.72,11.26,11.51,951776
"18-May-15",11.46,12.52,11.45,12.31,1437484
"19-May-15",12.26,12.5,11.94,12.24,1291055
"20-May-15",12.28,12.55,12.02,12.52,558873
"21-May-15",12.42,12.66,12.229,12.45,704512
"22-May-15",12.47,12.57,12.16,12.17,754106
"26-May-15",12.06,12.52,12.02,12.46,758023
"27-May-15",12.54,12.57,12.08,12.25,878159
"28-May-15",12.21,12.36,12,12.31,624254
"29-May-15",12.35,12.405,12.08,12.25,521679
"01-Jun-15",12.38,12.91,12.14,12.38,938361
"02-Jun-15",12.32,12.92,12.13,12.53,1667402
"03-Jun-15",12.59,13.38,12.34,13.23,1726239
"04-Jun-15",12.8,13.11,12.01,12.33,1463938
"05-Jun-15",12.35,12.62,12.12,12.54,792753
"08-Jun-15",12.57,12.7,12.19,12.35,675740
"09-Jun-15",12.34,12.48,12,12.25,722626
"10-Jun-15",12.22,12.43,11.95,12.23,617474
"11-Jun-15",12.22,12.37,12.09,12.3,696048
"12-Jun-15",12.21,12.27,11.98,11.99,662618
"15-Jun-15",11.7,11.9293,10.791,10.88,2158610
"16-Jun-15",10.91,11.04,10.795,11,1251998
"17-Jun-15",11.01,11.1017,10.82,10.9,785940
"18-Jun-15",10.91,11.26,10.91,11.2,1083544
"19-Jun-15",11.23,11.33,10.97,10.98,1535168
"22-Jun-15",11.07,11.44,11.03,11.44,731202
"23-Jun-15",11.47,11.49,11.21,11.34,501800
"24-Jun-15",11.33,11.39,11.03,11.11,657507
"25-Jun-15",11.16,11.27,11.02,11.16,514063
"26-Jun-15",11.22,11.244,10.66,10.85,771419
"29-Jun-15",10.49,10.89,10.325,10.35,901145
"30-Jun-15",10.58,11.11,10.58,11.09,884704
"01-Jul-15",11.22,11.28,10.06,10.16,1565922
"02-Jul-15",10.2,10.31,9.88,9.97,762071
"06-Jul-15",9.85,10.3,9.82,10.05,818231
"07-Jul-15",10.1,10.15,9.72,9.79,831436
"08-Jul-15",9.72,9.77,9.52,9.62,853783
"09-Jul-15",9.8,9.94,9.67,9.88,645449
"10-Jul-15",10,10,9.73,9.86,447499
"13-Jul-15",9.91,10.435,9.91,10.42,804907
"14-Jul-15",10.18,10.88,10.13,10.86,826462
"15-Jul-15",10.97,11,10.04,10.12,881046
"16-Jul-15",10.17,10.3,9.97,10.12,1117648
"17-Jul-15",10.15,10.24,9.86,10.2,1400318
"20-Jul-15",10.27,10.27,9.85,9.96,833151
"21-Jul-15",9.92,10,9.595,9.71,666841
"22-Jul-15",9.62,9.79,9.52,9.6,880544
"23-Jul-15",9.63,9.65,8.78,8.83,2098080
"24-Jul-15",8.74,9.43,8.67,9.16,1502300
"27-Jul-15",9.08,9.09,8.57,8.87,841746
"28-Jul-15",9.04,9.24,8.7664,9.2,647612
"29-Jul-15",9.21,9.22,8.725,8.91,722006
"30-Jul-15",8.9,9.0701,8.57,8.8,546784
"31-Jul-15",8.83,9.3,8.71,9.15,647888
"03-Aug-15",9.17,9.34,9.045,9.16,543974
"04-Aug-15",9.18,9.35,9.15,9.19,439620
"05-Aug-15",9.22,9.44,9.12,9.24,695544
"06-Aug-15",8.57,8.6,7.39,7.59,2883889
"07-Aug-15",7.5,7.79,7.41,7.72,1364730
"10-Aug-15",7.8,8.18,7.67,7.84,979263
"11-Aug-15",7.89,8.07,7.62,7.78,602929
"12-Aug-15",7.64,7.84,7.38,7.72,741900
"13-Aug-15",7.76,8.42,7.73,8.27,1205019
"14-Aug-15",8.23,8.45,7.92,8.2,913570
"17-Aug-15",8.13,8.47,8.04,8.46,678351
"18-Aug-15",8.46,8.51,8.25,8.33,674407
"19-Aug-15",8.23,8.29,7.785,8.05,623545
"20-Aug-15",7.89,8.05,7.47,7.49,783211
"21-Aug-15",7.31,7.92,7.2105,7.72,860214
"24-Aug-15",7.1,7.79,7,7.15,984149
"25-Aug-15",7.65,7.68,7.145,7.18,1199009
"26-Aug-15",7.45,7.45,6.65,7.3,1538486
"27-Aug-15",7.4,7.82,7.3,7.75,1541209
"28-Aug-15",7.65,7.89,7.65,7.85,927476
"31-Aug-15",7.62,7.88,7.54,7.56,1515328
"01-Sep-15",7.45,7.76,7.34,7.65,2784369
"02-Sep-15",7.62,7.71,6.85,7.15,2394317
"03-Sep-15",7.15,7.16,6.61,6.63,1911190
"04-Sep-15",6.52,6.77,6.22,6.57,2007712
"08-Sep-15",6.7,6.86,6.52,6.86,1031059
"09-Sep-15",6.92,7,6.51,6.54,1397057
"10-Sep-15",6.62,9.11,6.6101,7.96,9094498
"11-Sep-15",7.82,8.029,7.371,7.96,2018196
"14-Sep-15",7.96,7.98,7.38,7.62,839072
"15-Sep-15",7.67,7.91,7.53,7.82,620428
"16-Sep-15",7.79,7.93,7.3,7.58,941168
"17-Sep-15",7.6,7.71,7.27,7.68,983510
"18-Sep-15",7.54,7.74,7.27,7.35,2564250
"21-Sep-15",7.48,7.77,6.93,7.06,1326148
"22-Sep-15",6.92,7.015,6.64,6.97,1106886
"23-Sep-15",6.95,7.15,6.72,6.92,599335
"24-Sep-15",6.88,6.99,6.51,6.79,900920
"25-Sep-15",6.86,6.988,6.04,6.38,1527462
"28-Sep-15",6.37,6.52,5.91,6.17,2115518
"29-Sep-15",6.15,6.57,5.54,5.64,1964166
"30-Sep-15",5.74,5.898,5.3,5.64,2317979
"01-Oct-15",5.8,5.878,5.3,5.58,1335736
"02-Oct-15",5.46,6.03,5.3039,5.9,1455576
"05-Oct-15",5.95,6.32,5.81,6.08,991408
"06-Oct-15",6.03,6.208,5.43,5.67,1033321
"07-Oct-15",5.82,5.97,5.49,5.7,1041339
"08-Oct-15",5.82,5.894,5.31,5.56,1580186
"09-Oct-15",5.57,5.99,5.55,5.94,884232
"12-Oct-15",5.98,6.025,5.76,5.93,906966
"13-Oct-15",5.88,6.11,5.64,5.65,885262
"14-Oct-15",5.69,6.17,5.64,5.96,931309
"15-Oct-15",5.94,6.64,5.9,6.63,1368267
"16-Oct-15",6.65,6.7562,6.122,6.31,1234404
"19-Oct-15",6.32,6.74,6.27,6.51,891080
"20-Oct-15",6.52,6.62,6.12,6.29,903465
"21-Oct-15",6.35,6.55,6.05,6.42,900496
"22-Oct-15",6.44,6.55,6.12,6.43,789603
"23-Oct-15",6.62,7.58,6.52,7.19,1716932
"26-Oct-15",7.13,7.19,6.75,6.81,767224
"27-Oct-15",6.81,6.95,6.65,6.87,761555
"28-Oct-15",6.8,7.19,6.67,7.14,1368806
"29-Oct-15",7.2,8.4699,7.16,7.69,2847750
"30-Oct-15",7.67,7.9,7.03,7.05,1501008
"02-Nov-15",7.13,7.88,7.03,7.88,1189301
"03-Nov-15",7.83,8.13,7.74,7.9,854236
"04-Nov-15",7.93,8.07,7.6799,7.78,786229
"05-Nov-15",7.77,7.81,7.57,7.71,746771
"06-Nov-15",7.64,8,7.4508,7.95,700161
"09-Nov-15",7.99,8.15,7.88,7.98,739837
"10-Nov-15",7.98,8.04,7.51,7.58,674850
"11-Nov-15",7.59,7.68,7.31,7.31,884133
"12-Nov-15",7.28,7.73,7.16,7.39,829246
"13-Nov-15",7.39,7.75,7.2,7.44,569240
"16-Nov-15",7.41,7.47,7.02,7.25,738540
"17-Nov-15",7.3,7.45,7.1,7.16,657338
"18-Nov-15",7.21,7.44,7.15,7.4,578181
"19-Nov-15",7.36,7.48,7.06,7.12,403101
"20-Nov-15",7.16,7.202,7.01,7.1,410715
"23-Nov-15",7.12,7.39,7.03,7.29,480220
"24-Nov-15",7.28,7.34,7.1202,7.25,454527
"25-Nov-15",7.29,7.64,7.29,7.58,485877
"27-Nov-15",7.67,8.005,7.61,7.99,503936
"30-Nov-15",8.04,8.43,7.91,8.28,1034630
"01-Dec-15",8.86,9.3,8.36,9.22,2524655
"02-Dec-15",9.13,9.55,8.89,9.07,1543929
"03-Dec-15",9.07,9.26,8.66,8.72,1196557
"04-Dec-15",8.95,9.15,8.72,9.14,1310311
"07-Dec-15",9.2,9.91,9.16,9.69,2443718
"08-Dec-15",9.42,9.7,9.02,9.41,1829082
"09-Dec-15",9.32,9.67,9.1401,9.35,1314949
"10-Dec-15",9.37,9.45,9.01,9.2,543371
"11-Dec-15",9.07,9.2975,8.66,8.68,1014250
"14-Dec-15",8.71,8.89,8.29,8.35,1216851
"15-Dec-15",8.5,8.91,8.3301,8.86,799781
"16-Dec-15",8.9,9.34,8.8,9.33,801958
"17-Dec-15",9.51,9.67,9.25,9.42,933290
"18-Dec-15",9.38,9.83,9.1175,9.63,7393301
"21-Dec-15",9.66,9.805,9.18,9.31,1323546
"22-Dec-15",9.38,9.5,9.11,9.2,869475
"23-Dec-15",9.28,9.47,9.0225,9.34,714336
"24-Dec-15",9.33,9.49,9.33,9.39,179713
"28-Dec-15",9.35,9.4,9.08,9.19,647060
"29-Dec-15",9.24,9.5,9.13,9.48,697888
"30-Dec-15",9.42,9.55,9.35,9.4,610732
"31-Dec-15",9.36,9.45,9.03,9.13,782269
"04-Jan-16",8.92,9.08,8.7,8.95,937623
"05-Jan-16",8.97,9.22,8.77,8.91,804881
"06-Jan-16",8.75,8.8,8.09,8.22,1071128
"07-Jan-16",7.95,8.13,7.63,7.65,1413501
"08-Jan-16",7.73,8,7.385,7.41,829502
"11-Jan-16",7.48,7.75,6.24,6.42,1638296
"12-Jan-16",6.49,7.09,6.45,7.01,2205363
"13-Jan-16",7.02,7.13,6.08,6.09,1630371
"14-Jan-16",6.25,6.555,5.71,6.37,1577488
"15-Jan-16",6.01,6.295,5.85,6.27,936276
"19-Jan-16",6.33,6.45,5.82,5.98,1134259
"20-Jan-16",5.85,6.39,5.73,6.27,1542583
"21-Jan-16",6.24,6.71,6.11,6.36,1271311
"22-Jan-16",6.52,6.81,6.445,6.75,1170758
"25-Jan-16",6.75,6.965,6.59,6.76,1436141
"26-Jan-16",6.73,6.75,6.28,6.58,856010
"27-Jan-16",6.53,6.82,6.38,6.5,1088584
"28-Jan-16",6.57,6.77,6.175,6.35,1127826
"29-Jan-16",6.35,6.675,5.93,6.05,996833
"01-Feb-16",6.02,6.14,5.8,6.01,1114004
"02-Feb-16",5.87,5.93,5.63,5.76,1014697
"03-Feb-16",5.77,5.85,5.42,5.83,1100073
"04-Feb-16",5.78,6.28,5.77,5.97,1065299
"05-Feb-16",5.96,5.96,5.6,5.66,1139493
"08-Feb-16",5.83,5.94,5.44,5.57,1416298
"09-Feb-16",5.45,5.66,5.23,5.46,1008522
"10-Feb-16",5.34,5.7395,4.91,4.92,1749347
"11-Feb-16",4.77,5.03,4.65,4.91,1501316
"12-Feb-16",4.97,5.11,4.63,4.96,1416014
"16-Feb-16",5,5.42,5,5.41,965967
"17-Feb-16",5.52,5.74,5.37,5.63,1149673
"18-Feb-16",5.71,5.77,5.3,5.32,950192
"19-Feb-16",5.27,5.42,5.05,5.32,875219
"22-Feb-16",5.42,5.67,5.37,5.65,682234
"23-Feb-16",5.63,5.68,5.25,5.3,725171
"24-Feb-16",5.2,5.34,4.88,5.28,747906
"25-Feb-16",5.34,5.48,4.96,5.11,714340
"26-Feb-16",5.16,5.47,5.15,5.46,847336
"29-Feb-16",5.49,5.595,5.235,5.24,1105800
"01-Mar-16",5.31,5.48,5.14,5.48,869743
"02-Mar-16",5.43,6.11,5.406,6.11,1246419
"03-Mar-16",6.12,6.34,5.87,5.92,1010585
"04-Mar-16",5.92,6.29,5.79,6.04,953395
"07-Mar-16",6.04,6.68,5.91,6.67,1225033
"08-Mar-16",6.63,6.67,5.9901,6.11,898275
"09-Mar-16",6.15,6.25,5.63,5.83,975018
"10-Mar-16",5.9,5.94,5.53,5.58,840986
"11-Mar-16",5.66,6.01,5.61,6,893332
"14-Mar-16",5.96,6.23,5.93,6.08,689424
"15-Mar-16",6.02,6.02,5.49,5.52,935423
"16-Mar-16",5.5,5.64,5.22,5.38,828311
"17-Mar-16",5.38,5.5,4.99,5.15,1471514
"18-Mar-16",5.1,5.39,4.92,5.37,2092992
"21-Mar-16",5.35,5.77,5.26,5.72,888232
"22-Mar-16",5.65,6,5.6,5.96,1095924
"23-Mar-16",5.92,6.02,5.36,5.38,789612
"24-Mar-16",5.31,5.67,5.18,5.49,530237
"28-Mar-16",5.59,5.62,5.23,5.36,472927
"29-Mar-16",5.44,5.75,5.12,5.65,903321
"30-Mar-16",5.73,6.12,5.69,5.74,863363
"31-Mar-16",5.72,6.23,5.72,6.05,1243385
"01-Apr-16",6.01,6.25,5.91,6.21,613519
"04-Apr-16",6.31,6.65,6.24,6.31,1113541
"05-Apr-16",6.27,6.48,6.18,6.32,641217
"06-Apr-16",6.34,6.75,6.34,6.74,1275508
"07-Apr-16",6.74,7.12,6.64,6.94,1322459
"08-Apr-16",7.1,7.149,6.75,6.9,1025781
"11-Apr-16",6.94,7.06,6.5575,6.59,657779
"12-Apr-16",6.63,6.73,6.43,6.72,670289
"13-Apr-16",6.8,7.025,6.68,6.96,684925
"14-Apr-16",7.01,7.08,6.84,7.04,672730
"15-Apr-16",6.98,7.08,6.78,6.91,466859
"18-Apr-16",6.91,7.09,6.8,7,417375
"19-Apr-16",7.05,7.06,6.6799,6.77,520096
"20-Apr-16",6.81,6.98,6.58,6.7,573463
"21-Apr-16",6.65,6.98,6.6,6.97,635365
"22-Apr-16",6.97,7.16,6.77,7.12,571593
"25-Apr-16",7.1,7.52,7.08,7.24,764534
"26-Apr-16",7.21,7.3,6.57,6.63,1059522
"27-Apr-16",6.59,6.5936,6.25,6.39,808739
"28-Apr-16",6.38,6.64,6.26,6.3,532212
"29-Apr-16",6.3,6.45,6.14,6.3,809798
"02-May-16",6.34,6.48,6.154,6.48,536026
"03-May-16",6.64,6.81,6.04,6.05,1030344
"04-May-16",5.94,5.95,5.575,5.6,1034900
"05-May-16",5.66,5.9,5.4,5.82,1235454
"06-May-16",5.73,6,5.7,5.89,855476
"09-May-16",5.93,6.28,5.93,6.14,680505
"10-May-16",6.16,6.31,6,6.25,638523
"11-May-16",6.21,6.29,6,6.02,820244
"12-May-16",6.09,6.09,5.72,6,1589898
"13-May-16",6,6.23,5.95,6.1,1043312
"16-May-16",6.15,6.17,5.87,5.97,1586134
"17-May-16",5.93,6.31,5.9,6.04,1047278
"18-May-16",6,6.26,6,6.12,550413
"19-May-16",6.09,6.29,5.83,6.01,506805
"20-May-16",6.05,6.27,6.01,6.27,615003
"23-May-16",6.27,6.61,6.1901,6.31,903162
"24-May-16",6.38,6.53,6.32,6.47,803244
"25-May-16",6.54,6.87,6.46,6.74,894613
"26-May-16",6.75,6.75,6.51,6.54,472203
"27-May-16",6.56,6.7,6.44,6.67,360375
"31-May-16",6.74,6.9801,6.69,6.9,588907
"01-Jun-16",6.96,7.09,6.82,6.93,795864
"02-Jun-16",6.93,7.19,6.88,7.19,961586
"03-Jun-16",7.25,7.35,6.92,7.07,919131
"06-Jun-16",7.15,7.55,6.94,7.5,1304468
"07-Jun-16",7.51,7.6,7.19,7.2,718963
"08-Jun-16",7.23,7.2804,6.92,6.98,732296
"09-Jun-16",6.92,7.05,6.75,6.75,797961
"10-Jun-16",6.75,6.76,6.37,6.44,768188
"13-Jun-16",6.39,6.51,6.16,6.23,958663
"14-Jun-16",6.22,6.39,5.92,5.99,873345
"15-Jun-16",6.08,6.13,5.92,5.98,866410
"16-Jun-16",5.94,5.966,5.71,5.9,641030
"17-Jun-16",5.87,5.93,5.61,5.62,1405484
"20-Jun-16",5.78,6,5.54,5.72,880666
"21-Jun-16",5.74,5.7857,5.47,5.64,616117
"22-Jun-16",5.64,5.91,5.48,5.62,579867
"23-Jun-16",5.73,5.92,5.66,5.92,548172
"24-Jun-16",5.57,5.75,5.45,5.51,1116007
"27-Jun-16",5.39,5.49,5.06,5.14,1158158
"28-Jun-16",5.25,5.58,5.25,5.56,932091
"29-Jun-16",5.68,5.81,5.55,5.77,695319
"30-Jun-16",5.73,5.8515,5.67,5.79,637939
"01-Jul-16",5.76,6.05,5.71,6.02,708653
"05-Jul-16",5.94,6.03,5.793,5.96,555723
"06-Jul-16",5.87,6.21,5.81,6.08,638645
"07-Jul-16",6.13,6.22,5.96,6.1,594977
"08-Jul-16",6.12,6.265,6.0299,6.18,819789
"11-Jul-16",6.18,6.23,5.95,6,873789
"12-Jul-16",6.04,6.1801,5.99,6.1,708581
"13-Jul-16",6.16,6.1897,5.68,5.72,779676
"14-Jul-16",5.78,5.78,5.5601,5.59,500164
"15-Jul-16",5.61,5.735,5.595,5.72,714252
"18-Jul-16",5.71,5.85,5.67,5.77,307902
"19-Jul-16",5.74,5.77,5.42,5.43,580828
"20-Jul-16",5.47,5.68,5.43,5.63,1517553
"21-Jul-16",5.68,5.965,5.645,5.85,765736
"22-Jul-16",5.86,5.98,5.75,5.77,383680
"25-Jul-16",5.79,5.8674,5.72,5.76,507074
"26-Jul-16",5.72,5.975,5.71,5.83,727765
"27-Jul-16",5.88,6.41,5.88,6.34,943212
"28-Jul-16",6.35,6.43,6.12,6.16,457886
"29-Jul-16",6.13,6.345,6.05,6.33,638723
"01-Aug-16",6.37,6.62,6.37,6.61,702675
"02-Aug-16",6.6,6.7,6.42,6.57,949914
"03-Aug-16",6.52,6.91,6.49,6.84,920111
"04-Aug-16",5.1,5.26,4.74,4.86,4975486
"05-Aug-16",4.83,4.93,4.75,4.81,1052129
"08-Aug-16",4.82,5,4.8,4.8,1005508
"09-Aug-16",4.81,4.99,4.7174,4.92,816686
"10-Aug-16",4.91,4.91,4.56,4.57,1148661
"11-Aug-16",5,5,4.38,4.44,1710167
"12-Aug-16",4.46,4.52,4.36,4.41,1419378
"15-Aug-16",4.44,4.67,4.4,4.62,689452
"16-Aug-16",4.57,4.61,4.46,4.5,541431
"17-Aug-16",4.5,4.59,4.38,4.41,433697
"18-Aug-16",4.4,4.43,4.35,4.42,578222
"19-Aug-16",4.39,4.49,4.38,4.39,440870
"22-Aug-16",4.43,4.45,4.265,4.42,904116
"23-Aug-16",4.45,4.495,4.391,4.4,495802
"24-Aug-16",4.38,4.47,4.13,4.13,1071960
"25-Aug-16",4.19,4.24,4.08,4.18,1716341
"26-Aug-16",4.2,4.3,4.19,4.28,860096
"29-Aug-16",4.3,4.37,4.26,4.28,567300
"30-Aug-16",4.26,4.38,4.26,4.34,454863
"31-Aug-16",4.31,4.44,4.19,4.29,866055
"01-Sep-16",4.27,4.34,4.18,4.33,787559
"02-Sep-16",4.36,4.38,4.27,4.32,465422
"06-Sep-16",4.39,4.54,4.32,4.5,1457393
"07-Sep-16",4.49,4.6094,4.48,4.54,642838
"08-Sep-16",4.71,4.71,4.53,4.7,1138174
"09-Sep-16",4.65,4.705,4.36,4.36,1068013
"12-Sep-16",4.36,4.68,4.36,4.68,1904127
"13-Sep-16",4.6,4.66,4.45,4.51,1290325
"14-Sep-16",4.54,4.805,4.54,4.7,878988
"15-Sep-16",4.72,4.745,4.625,4.72,540008
"16-Sep-16",4.69,4.735,4.51,4.57,1382790
"19-Sep-16",4.62,4.75,4.58,4.7,780109
"20-Sep-16",4.75,4.75,4.61,4.62,749838
"21-Sep-16",4.73,4.87,4.53,4.72,713305
"22-Sep-16",4.73,4.875,4.64,4.82,1219502
"23-Sep-16",4.8,5.04,4.775,5,999250
"26-Sep-16",4.96,5.03,4.82,4.86,588205
"27-Sep-16",4.86,5.06,4.83,4.93,688176
"28-Sep-16",4.96,5.06,4.825,4.89,839911
"29-Sep-16",4.86,4.895,4.57,4.57,937331
"30-Sep-16",4.61,4.77,4.55,4.63,750888
"03-Oct-16",4.6,4.7,4.53,4.61,587439
"04-Oct-16",4.6,4.825,4.6,4.74,1853786
"05-Oct-16",4.77,4.87,4.7,4.74,863525
"06-Oct-16",4.66,4.72,4.36,4.36,1019173
"07-Oct-16",4.39,4.42,4.27,4.33,566620
"10-Oct-16",4.39,4.605,4.31,4.6,590472
"11-Oct-16",4.56,4.718,4.48,4.5,831371
"12-Oct-16",4.5,4.57,4.06,4.13,940373
"13-Oct-16",4.03,4.16,3.98,4.05,627781
"14-Oct-16",4.09,4.17,3.89,3.89,1001539
"17-Oct-16",3.85,3.9,3.65,3.85,677636
"18-Oct-16",3.85,3.95,3.85,3.9,374628
"19-Oct-16",3.75,3.85,3.5,3.6,1586626
"20-Oct-16",3.6,3.85,3.55,3.85,1027247
"21-Oct-16",3.8,4,3.75,3.95,750901
"24-Oct-16",3.95,4,3.675,3.75,693780
"25-Oct-16",3.65,3.9,3.65,3.65,663129
"26-Oct-16",3.7,3.95,3.65,3.75,564084
"27-Oct-16",3.6,4.05,3.6,3.75,670450
"28-Oct-16",3.8,3.8,3.5,3.5,813413
"31-Oct-16",3.6,3.6,3.45,3.55,488014
"01-Nov-16",3.35,3.65,3.1,3.65,1048407
"02-Nov-16",3.6,3.6,3.45,3.5,398639
"03-Nov-16",3.45,3.45,3.2,3.2,897685
"04-Nov-16",3.25,3.35,3.2,3.3,1031167
"07-Nov-16",3.35,3.5,3.2,3.5,868936
"08-Nov-16",3.4,3.475,3.3,3.35,810249
"09-Nov-16",3.45,4,3.45,3.95,1556823
"10-Nov-16",4.05,4.45,3.9,4.3,1315798
"11-Nov-16",4.3,4.55,4.1,4.45,1564513
"14-Nov-16",4.45,4.6,4.25,4.55,932925
"15-Nov-16",4.5,4.55,4.2,4.35,880546
"16-Nov-16",4.4,4.55,4.1,4.15,751499
"17-Nov-16",4.1,4.25,3.95,4.05,851290
"18-Nov-16",4.1,4.15,3.95,4,554720
"21-Nov-16",4.1,4.1,3.85,3.9,853993
"22-Nov-16",3.85,4,3.7,3.7,745128
"23-Nov-16",3.7,3.7,3.4,3.5,1078692
"25-Nov-16",3.5,3.65,3.45,3.5,463921
"28-Nov-16",3.5,3.6,3.2,3.25,1273057
"29-Nov-16",3.35,3.4,3.2,3.25,674742
"30-Nov-16",3.35,3.45,3.2,3.2,831559
"01-Dec-16",3.2,3.25,3,3.05,999888
"02-Dec-16",3.05,3.25,2.9,3.1,1023633
"05-Dec-16",3.2,3.375,3.05,3.1,1118061
"06-Dec-16",3.15,3.2,2.95,3,852937
"07-Dec-16",2.9,3,2.8,2.95,1249665
"08-Dec-16",2.9,2.95,2.65,2.7,1463448
"09-Dec-16",2.7,3.35,2.7,3.2,1601307
"12-Dec-16",3.15,3.2,2.95,3.05,994950
"13-Dec-16",3.05,3.35,3,3.25,1053021
"14-Dec-16",3.2,3.5,3.2,3.35,1228079
"15-Dec-16",3.35,3.6,3.25,3.4,1225307
"16-Dec-16",3.4,3.7,3.3,3.65,2863065
"19-Dec-16",3.6,3.7,3.35,3.45,612628
"20-Dec-16",3.5,3.55,3.05,3.25,615579
"21-Dec-16",3.2,3.35,3.1,3.25,316065
"22-Dec-16",3.35,3.35,2.85,2.9,1085272
"23-Dec-16",2.85,3.1,2.85,3.1,1829976
"27-Dec-16",3.15,3.15,2.95,3,842029
"28-Dec-16",2.95,3,2.85,2.9,653955
"29-Dec-16",2.9,3.05,2.9,3.05,766231
"30-Dec-16",3,3.05,2.95,3.05,653479
"03-Jan-17",3.1,3.15,3,3.1,352665
"04-Jan-17",3.15,3.55,3,3.5,1194062
"05-Jan-17",3.55,3.55,3.25,3.45,907515
"06-Jan-17",3.5,3.75,3.4,3.65,1491536
"09-Jan-17",3.75,3.875,3.6,3.7,621555
"10-Jan-17",3.75,3.85,3.55,3.65,462796
"11-Jan-17",4,4,3.55,3.65,1201499
"12-Jan-17",3.6,4.05,3.6,3.95,1285599
"13-Jan-17",4.1,4.45,4.05,4.4,1995353
"17-Jan-17",4.4,4.4,4.05,4.1,1166004
"18-Jan-17",4.1,4.225,4,4.1,516559
"19-Jan-17",4.15,4.15,3.7663,3.95,1696307
"20-Jan-17",3.95,4,3.65,3.65,1230887
"23-Jan-17",3.6,3.7,3.45,3.5,831852
"24-Jan-17",3.55,3.675,3.4,3.6,964781
"25-Jan-17",3.6,3.655,3.55,3.6,273092
"26-Jan-17",3.55,3.6,3.5,3.5,273693
"27-Jan-17",3.55,3.675,3.4,3.55,315024
"30-Jan-17",3.45,3.55,3.375,3.55,349187
"31-Jan-17",3.5,3.6,3.35,3.5,514030
"01-Feb-17",3.55,3.65,3.5,3.6,327026
"02-Feb-17",3.65,3.7,3.575,3.65,281167
"03-Feb-17",3.65,3.75,3.6,3.75,315583
"06-Feb-17",3.75,3.95,3.75,3.85,360706
"07-Feb-17",3.9,4,3.75,3.85,481668
"08-Feb-17",3.8,3.825,3.55,3.6,470494
"09-Feb-17",3.6,3.8,3.6,3.75,281924
"10-Feb-17",3.8,3.9,3.7,3.85,271685
"13-Feb-17",3.8,3.9,3.6,3.75,395824
"14-Feb-17",3.7,4.1,3.65,4.05,592886
"15-Feb-17",4.05,4.35,3.95,4.2,803420
"16-Feb-17",4.2,4.25,3.9,4,426976
"17-Feb-17",4.05,4.15,3.9,4,543364
"21-Feb-17",4,4.1,3.85,3.95,339515
"22-Feb-17",3.9,3.95,3.7,3.7,507058
"23-Feb-17",3.7,3.9,3.65,3.85,540885
"24-Feb-17",3.75,4.05,3.75,4,644689
"27-Feb-17",4.2,4.4,3.9,4.3,859945
"28-Feb-17",4.15,4.6,3.9,4.55,2553156
"01-Mar-17",4.75,4.8,4.5,4.7,1627913
"02-Mar-17",4.65,4.8,4.5,4.6,601791
"03-Mar-17",4.55,4.85,4.5118,4.75,601617
"06-Mar-17",4.7,4.7338,4.5,4.55,485738
"07-Mar-17",4.55,4.55,4.15,4.15,1027106
"08-Mar-17",4.15,4.45,4.1,4.2,1032233
"09-Mar-17",4.2,4.4,4.2,4.35,468654
"10-Mar-17",4.4,4.425,4.3,4.35,585612
"13-Mar-17",4.3,4.425,4.25,4.35,403232
"14-Mar-17",4.3,4.425,4.2,4.35,555360
"15-Mar-17",4.35,4.5,4.35,4.4,495517
"16-Mar-17",4.4,4.45,4.3,4.35,210457
"17-Mar-17",4.25,4.3,4.2,4.2,391035
"20-Mar-17",4.25,4.4,4.15,4.35,582260
"21-Mar-17",4.4,4.4,4,4.05,606089
"22-Mar-17",4.05,4.075,3.85,4,622069
"23-Mar-17",4.05,4.25,3.95,4.2,460952
"24-Mar-17",4.25,4.25,4.025,4.1,354182
"27-Mar-17",4.05,4.3,4.011,4.2,207562
"28-Mar-17",4.15,4.2628,4.05,4.05,294438
"29-Mar-17",4.25,4.75,4.15,4.65,1445672
"30-Mar-17",4.65,4.8,4.5,4.7,518201
"31-Mar-17",4.7,5.25,4.6,5.2,1147699
"03-Apr-17",5.3,5.35,4.95,5,844960
"04-Apr-17",5,5.2,4.8646,4.975,719394
"05-Apr-17",4.95,5.05,4.55,4.55,832523
"06-Apr-17",4.55,4.695,4.4,4.45,877850
"07-Apr-17",4.4,4.55,4.25,4.3,754665
"10-Apr-17",4.25,4.5,4.25,4.4,261794
"11-Apr-17",4.4,4.55,4.25,4.3,398742
"12-Apr-17",4.35,4.4,4.25,4.25,302627
"13-Apr-17",4.25,4.35,4.2,4.25,419027
"17-Apr-17",4.3,4.4,4.2,4.35,263069
"18-Apr-17",4.4,4.4,4.05,4.2,452358
"19-Apr-17",4.25,4.3,4.05,4.2,311053
"20-Apr-17",4.25,4.3,4.1,4.25,278761
"21-Apr-17",4.3,4.325,4.05,4.05,432821
"24-Apr-17",4.15,4.35,4.05,4.3,434809
"25-Apr-17",4.4,4.8,4.35,4.75,1185039
"26-Apr-17",4.8,5.0375,4.65,5,703085
"27-Apr-17",5,5,4.8,4.9,306185
"28-Apr-17",4.85,4.95,4.7,4.8,351426
"01-May-17",4.4,4.85,4.25,4.85,384652
"02-May-17",4.8,4.8,4.55,4.6,222187
"03-May-17",4.6,4.65,4.45,4.5,206344
"04-May-17",4.7,4.845,4.4,4.6,548073
"05-May-17",4.65,4.65,4.45,4.55,274141
"08-May-17",4.55,4.6404,4.3,4.4,296429
"09-May-17",4.45,4.45,4.3,4.4,374201
"10-May-17",4.3,4.5,4.3,4.35,1057634
"11-May-17",6.35,7.25,6.05,7,15678750
"12-May-17",6.95,8.5385,6.9,8.2,11452420
"15-May-17",8,8.6,7.6,8.4,5416676
"16-May-17",8.55,8.6,7.7,8,4057326
"17-May-17",7.8,7.85,7.375,7.45,2263535
"18-May-17",7.35,7.95,7.15,7.95,2009962
"19-May-17",8,8.05,7.6,7.8,1239071
"22-May-17",7.75,7.75,7.4,7.45,912761
"23-May-17",7.4,8.3,7.35,8.2,1920168
"24-May-17",8.25,8.5,8,8.15,937649
"25-May-17",8.25,8.25,7.75,7.8,1250989
"26-May-17",7.8,7.9,7.25,7.25,1247466
"30-May-17",7.3,7.3909,6.85,6.85,1525166
"31-May-17",6.9,7.05,6.55,6.8,912472
"01-Jun-17",6.8,7.1,6.75,7,729552
"02-Jun-17",7,7.4,6.825,7.2,689134
"05-Jun-17",7.3,7.4,6.85,7.2,748411
"06-Jun-17",7.15,7.35,7.05,7.2,388321
"07-Jun-17",7.3,7.4,7.1,7.25,526294
"08-Jun-17",7.25,7.775,7.15,7.65,901408
"09-Jun-17",7.6,7.65,7.15,7.3,979349
"12-Jun-17",7.25,7.55,6.9,7.35,727271
"13-Jun-17",7.35,7.55,7.25,7.35,586986
"14-Jun-17",7.35,7.65,7.2,7.5,888627
"15-Jun-17",7.45,7.55,7.05,7.3,824252
"16-Jun-17",7.2,7.5,7.05,7.45,2193905
"19-Jun-17",7.6,8.05,7.5,7.95,1422381
"20-Jun-17",8,8.45,7.85,8.2,1391628
"21-Jun-17",7.4,8.15,7.35,8.15,7083551
"22-Jun-17",8.35,9.35,8.3,9.2,3389206
"23-Jun-17",9.35,9.45,8.95,9.3,1740043
"26-Jun-17",9.45,9.65,9.2,9.35,1131715
"27-Jun-17",9.5,9.5,8.55,8.7,1312167
"28-Jun-17",8.75,9.25,8.6,9.05,1736248
"29-Jun-17",9.1,9.2,8.67,8.9,760900
"30-Jun-17",8.95,9.15,8.8,8.8,952550
"03-Jul-17",8.8,9.1,8.7,8.9,367635,3.773797
"04-Jul-17",,,,,,3.747893
"05-Jul-17",8.9,9.25,8.85,9.2,880491,3.565714
"06-Jul-17",9.05,9.2,8.75,8.85,815731,3.639212
"07-Jul-17",8.85,9,8.65,8.8,449945,3.706498
"10-Jul-17",8.7,8.85,8.55,8.7,551953,3.820741
"11-Jul-17",8.65,9.25,8.625,9.25,1248200,3.857719
"12-Jul-17",9.25,9.5,9.1,9.25,961351,3.779473
"13-Jul-17",9.25,9.75,8.8,9.5,2802963,3.679384
"14-Jul-17",9.9,10.5,9.755,10.1,2816019,3.595707
"17-Jul-17",10.15,10.295,9.35,9.4,1337924,3.616014
"18-Jul-17",9.45,9.5,9.15,9.25,904344,3.626085
"19-Jul-17",9.3,9.55,9.15,9.4,782068,3.482687
"20-Jul-17",9.4,9.6,9.3,9.55,821859,3.138387
"21-Jul-17",9.6,9.7,9.3,9.5,1263868,3.112527
"24-Jul-17",9.5,9.6,9.3,9.45,755305,3.086585
"25-Jul-17",9.45,9.55,9.1,9.45,972911,3.030478
"26-Jul-17",9.55,9.6,9.15,9.35,559447,3.181397
"27-Jul-17",9.3,9.35,8.35,8.8,1236172,2.982818
"28-Jul-17",8.7,9.05,8.7,8.9,456370,2.95147
"31-Jul-17",8.9,8.95,8.45,8.6,552727,3.04357
"01-Aug-17",8.6,8.7,8,8.45,1520537,2.965056
"02-Aug-17",8.5,8.75,8.2,8.4,717492,3.01051
"03-Aug-17",8.4,8.625,8.3,8.4,698410,3.059996
"04-Aug-17",8.45,8.8,8.3,8.65,682629,3.13915
"07-Aug-17",8.65,8.75,8.455,8.7,517032,3.078396
"08-Aug-17",8.7,8.9,8.575,8.7,1166010,3.164526
"09-Aug-17",8.6,8.85,8.4,8.45,854900,3.083412
"10-Aug-17",8.75,9.7,8.45,9.5,2146532
"11-Aug-17",9.65,10.425,9.5,10.25,3405229
"14-Aug-17",10.5,12.05,10.35,11.6,3642222
"15-Aug-17",11.65,11.75,11.1,11.2,1766601
"16-Aug-17",11.25,11.55,10.3,10.6,2124658
"17-Aug-17",10.6,11.14,10.15,10.25,1977223
"18-Aug-17",10.25,10.45,9.8,9.9,1674911
"21-Aug-17",9.9,10.245,9.7,9.9,832919
"22-Aug-17",9.9,10.35,9.705,10.25,1038929
"23-Aug-17",10.25,10.75,10.1,10.45,719703
"24-Aug-17",10.5,10.725,10.275,10.65,700497
"25-Aug-17",10.9,11.05,10.4,10.7,1160668
"28-Aug-17",10.95,11.6,10.85,11.5,1960294
"29-Aug-17",11.35,12.9,11.15,12.8,3332121
"30-Aug-17",12.8,13,12.35,12.85,1508319
"31-Aug-17",12.85,13.55,12.85,13.35,1689113
"01-Sep-17",13.5,15.05,13.25,14.25,5064289
"05-Sep-17",14.3,14.65,13.35,13.55,3271955
"06-Sep-17",13.75,13.9,12.7,12.95,2460728
"07-Sep-17",13.25,13.925,12.95,13.6,2773873
"08-Sep-17",13.75,14.15,13.3,13.45,1285953
"11-Sep-17",13.6,13.8,13.1,13.3,1296801
"12-Sep-17",13.3,13.4,12.9,13.05,1258687
"13-Sep-17",13,13.55,12.95,13.4,1086836
"14-Sep-17",13.25,14.1,13.175,13.95,1677161
"15-Sep-17",14,14.3,13.775,14.15,4044796
"18-Sep-17",14.2,14.8,14.1,14.75,2914137
"19-Sep-17",14.75,14.75,14.2,14.45,1504887
"20-Sep-17",14.45,14.55,14.1,14.35,1302837
"21-Sep-17",14.3,14.8,14.25,14.3,1326790
"22-Sep-17",14.3,14.4,13.65,13.75,1664928
"25-Sep-17",13.9,13.95,13.3,13.5,1805983
"26-Sep-17",13.6,13.65,12.8,12.9,1465702
"27-Sep-17",13.05,13.925,12.9,13.75,2521484
"28-Sep-17",13.75,14.35,13.4,14.35,1632260
"29-Sep-17",14.35,15.3,14.3,15,2165708
"02-Oct-17",15,16.5,14.75,16.2,2385268,2.755803,0.6018
"03-Oct-17",16.2,16.8,15.6,16.75,2075514,2.608828,0.6041
"04-Oct-17",16.8,17.05,16.475,17,1421478,2.708283,0.609
"05-Oct-17",17,17.055,16.15,16.65,1850887,2.874064,0.6259
"06-Oct-17",16.5,16.5,15.7,15.95,1678972,2.929345,0.6359
"09-Oct-17",16,16.1,15.675,15.85,891088,2.894906,0.6359
"10-Oct-17",15.85,16.05,15.65,15.9,961255,2.697827,0.6376
"11-Oct-17",16,16.45,15.941,16.15,1357381,2.671442,0.6198
"12-Oct-17",16.1,16.3,15.8,15.9,927311,2.600578,0.6193
"13-Oct-17",15.9,16,14.35,14.95,2248572,3.01441,0.6132
"16-Oct-17",15,15.6,14.7,14.85,1050102,2.662599,0.6164
"17-Oct-17",14.9,15.075,14.4,14.5,1033024,2.682423,0.6168
"18-Oct-17",14.5,14.8,13.95,14.15,1259309,2.739869,0.6151
"19-Oct-17",13.9,14.25,13.6,13.95,1325245,2.775978,0.6122
"20-Oct-17",14.05,14.15,13.1,13.45,2249390,2.633193,0.6022
"23-Oct-17",13.35,14.1,13.3,13.6,970433,2.720926,0.5991
"24-Oct-17",13.7,13.85,13.2,13.35,966025,2.702209,0.5828
"25-Oct-17",13.25,13.525,12.55,12.6,1571862,2.796987,0.5849
"26-Oct-17",12.45,12.6,11.3,12.025,2290928,2.75828,0.5848
"27-Oct-17",12.25,12.45,11.85,12.4,1504490,2.777525,0.5854
"30-Oct-17",12.5,13.15,12.4,12.6,1247419,2.837164,0.584
"31-Oct-17",12.6,12.85,12.4,12.4,861336,2.971813,0.5859
"01-Nov-17",12.6,12.85,11.5,11.6,1379630,2.38845,0.5783
"02-Nov-17",11.6,12.45,11.45,12.1,1395471,2.389005,0.6492
"03-Nov-17",12.1,12.25,11.9,12.1,819807,2.460914,0.5903
"06-Nov-17",12.05,12.4,12.05,12.15,610351,2.275019,0.5929
"07-Nov-17",12.25,12.25,11.6,11.65,1020568,2.283482,0.5974
"08-Nov-17",11.65,12.25,11.65,11.95,991566,2.248287,0.596
"09-Nov-17",11.85,12.7,11.65,12.3,1463456,2.18622,0.5883
"10-Nov-17",12.35,14.65,12.35,13.45,3082333,2.060982,0.5839
"13-Nov-17",13.35,13.65,12.35,12.9,1520658,1.919055,0.5975
"14-Nov-17",12.85,13.2,12.55,12.9,1032651,1.847383,0.5945
"15-Nov-17",13.65,15,13.55,14.65,3654486,1.84997,0.5979
"16-Nov-17",14.8,15.05,14.4,14.6,1299343,1.820213,0.5988
"17-Nov-17",14.55,14.95,14.35,14.625,1116193,1.926379,0.6004
"20-Nov-17",14.5,15,14.35,14.7,962824,1.996604,0.5999
"21-Nov-17",14.85,15.5,14.75,15.1,1148624,2.086936,0.6074
"22-Nov-17",15.5,15.65,14.9,15,1066331,2.109768,0.598
"23-Nov-17",,,,,,2.091194,0.5968
"24-Nov-17",15.05,15.1,14.4,14.75,695301,2.064731,0.6007
"27-Nov-17",14.9,14.945,14.25,14.4,935087,2.030542,0.5947
"28-Nov-17",14.45,14.85,14.075,14.45,1314478,2.081869,0.596
"29-Nov-17",14.45,14.9,14.35,14.45,985695,2.18613,0.5811
"30-Nov-17",14.55,16.6,14.55,16.2,3390734,2.031835,0.5921
"01-Dec-17",16.15,17.595,15.6,16.55,2833782,2.338317,0.5926
"04-Dec-17",16.85,18.4,16.4,16.65,3200316,2.506293,0.6161
"05-Dec-17",16.6,17.4,16.325,16.45,1541982,2.454039,0.7104
"06-Dec-17",16.35,16.45,15.45,16.35,1735125,2.24728,0.6166
"07-Dec-17",16.25,17.65,16.15,17.2,1473662,2.071973,0.5944
"08-Dec-17",17.55,17.75,16.75,16.9,1185878,2.07388,0.5889
"11-Dec-17",17.1,17.25,15.8,15.85,2071184,2.028593,0.5772
"12-Dec-17",15.85,16.25,15.625,16.1,1632470,2.095593,0.5876
"13-Dec-17",16.05,16.875,16.05,16.5,950737,2.425274,0.5775
"14-Dec-17",16.75,17.2003,16.15,16.4,1212530,2.350817,0.5674
"15-Dec-17",16.45,16.7,16,16.35,2651008,2.413296,0.5694
"18-Dec-17",16.5,16.5,15.6,15.8,758588,2.219229,0.5758
"19-Dec-17",15.85,16.15,15.35,15.95,711499,2.588295,0.5793
"20-Dec-17",16.15,16.4,15.65,15.95,670856,2.494904,0.5647
"21-Dec-17",15.95,16.45,15.95,16.4,664311,2.477791,0.5642
"22-Dec-17",16.2,17.1,16.05,16.9,1035533,2.326253,0.5679
"25-Dec-17",,,,,,2.338754,0.5692
"26-Dec-17",16.65,17.545,16.555,16.95,770306,2.322172,0.5699
"27-Dec-17",16.95,17.35,16.9,17.35,444265,2.414771,0.5832
"28-Dec-17",17.5,17.65,16.75,17.05,735422,2.503862,0.5898
"29-Dec-17",17.05,17.4,16.375,16.4,976768,2.534521,0.5932
"01-Jan-18",,,,,,2.540556,0.591
"02-Jan-18",16.35,17.7,16.3,17.55,1626513,2.71678,0.5872
"03-Jan-18",18.05,18.695,17.2,17.4,1890369,2.64284,0.5853
"04-Jan-18",17.45,18.075,16.8248,17.85,1067265,2.733062,0.5944
"05-Jan-18",17.95,18,17.05,17.2,1506250,2.643734,0.5902
"08-Jan-18",17.45,17.6,16.55,16.7,1756885,2.520715,0.5753
"09-Jan-18",16.75,17.2,16.75,16.9,1069310,2.521881,0.5765
"10-Jan-18",16.9,17.5,16.555,17.4,1175745,2.312029,0.5674
"11-Jan-18",17.5,17.5,16.9,17.15,1202510,2.208914,0.5774
"12-Jan-18",17.1,18.45,16.95,18.3,2272264,2.345165,0.5699
"15-Jan-18",,,,,,2.35506,0.5701
"16-Jan-18",18.75,19.5,17.25,17.3,2561258,2.577208,0.5882
"17-Jan-18",17.55,17.85,16.9,17.5,1393858,2.438488,0.5882
"18-Jan-18",17.35,17.95,17.1,17.5,695815,2.485418,0.5848
"19-Jan-18",17.5,17.975,17.5,17.75,702115,2.631267,0.588
"22-Jan-18",18.6,19.8,18.055,19.4,2495931,2.607023,0.5868
"23-Jan-18",19.75,20.05,19.25,20,1881912,2.396423,0.5613
"24-Jan-18",20.05,20.6,19.3,20.05,1995565,2.419801,0.5624
"25-Jan-18",20.05,20.9,19.7,20.85,1349529,2.572964,0.563
"26-Jan-18",20.8,21.205,20.4,20.9,1031884,2.562753,0.5463
"29-Jan-18",20.95,21.9,20.75,21.3,1306122,2.602669,0.5724
"30-Jan-18",20.65,21.4,19.9,20.95,1351781,2.346674,0.5666
"31-Jan-18",21,21.425,20.65,20.85,841389,2.357451,0.5652
"01-Feb-18",20.9,21.4,20.25,21.2,1194461,2.602281,0.5629
"02-Feb-18",20.85,21.15,19.55,19.65,1829416,2.586349,0.5682
"05-Feb-18",19.25,19.65,18.6,18.8,2211724,2.593808,0.5723
"06-Feb-18",18.05,19.9,17.9,19.65,1931989,2.52003,0.5639
"07-Feb-18",20.4,22.5293,19.75,22.1,3470255,2.209049,0.5549
"08-Feb-18",22.2,22.85,20,20,2785111,2.294878,0.5676
"09-Feb-18",20.5,20.95,18,19.6,2704636,2.699764,0.5843
"12-Feb-18",19.65,20.6,19.5,20.55,1964358
"13-Feb-18",20.25,21.1,20.2,20.55,1642648,2.848961,0.5724
"14-Feb-18",20.1,22.65,20.05,22.55,2165733,2.832897,0.5756
"15-Feb-18",22.85,23.2,21.75,23,2268617,2.623036,0.5804
"16-Feb-18",23.15,23.75,22.75,23.3,1889801,2.849227,0.6069
"19-Feb-18",,,,,,2.839881,0.6039
"20-Feb-18",23.05,23.9,22,22.25,1490473,3.133025,0.582
"21-Feb-18",22.65,23.25,22.15,22.2,1421533,2.855468,0.5724
"22-Feb-18",25.5,27.5,24.8,25.4,13425820,2.590318,0.5705
"23-Feb-18",25.65,26.85,24.655,24.95,3830383,2.504882,0.5677
"26-Feb-18",25,25.6809,24.4,24.95,2738408,2.072354,0.5568
"27-Feb-18",25,25.45,23.35,23.45,3246229,2.097783,0.5667
"28-Feb-18",23.5,25.45,23.3,23.95,2626516,1.985307,0.5567
"01-Mar-18",24,24.125,22.5,23.5,2689989,2.083822,0.5599
"02-Mar-18",23,24.3,22.8,24.25,2349069,2.116927,0.5411
"05-Mar-18",24.35,24.85,23.5,24.25,1596602,2.099689,0.5564
"06-Mar-18",24.3,25.45,24.1,25.4,2554754,2.17101,0.5589
"07-Mar-18",25.1,25.8,24.6,25.8,1939047,2.201589,0.5674
"08-Mar-18",26,26.4669,24.925,25.5,1678314,2.207822,0.5684
"09-Mar-18",26.15,26.65,25.55,26.35,1758166,2.192139,0.5605
"12-Mar-18",26.85,26.9,25.45,26,1458186,2.243605,0.5619
"13-Mar-18",26.1,26.5,25.2,26,1566657,2.475257,0.5703
"14-Mar-18",26.05,26.15,25.4,25.6,1473358,2.44677,0.5611
"15-Mar-18",25.8,25.9,23.85,24.25,1886501,2.427482,0.5643
"16-Mar-18",24.45,24.7,23.3,23.5,2245460,2.497197,0.562
"19-Mar-18",23.15,23.8,22.55,23.1,1696352,2.512678,0.5595
"20-Mar-18",22.85,24.255,22.85,24.1,2025060,2.533434,0.5591
"21-Mar-18",24.25,24.45,23.35,23.4,1576998,2.56935,0.5534
"22-Mar-18",23,23.7,22.05,22.15,2053937,2.683632,0.5497
"23-Mar-18",22.25,23.2,21.7,21.75,1555558,2.647792,0.7796
"26-Mar-18",22.05,22.65,21.05,22.55,2327939,2.668678,0.551
"27-Mar-18",22.7,22.9,18.55,19,3042810,2.574673,0.5553
"28-Mar-18",19.25,20.319,16.6,19.725,5164590,2.45153,0.5571
"29-Mar-18",19.7,19.75,18.35,19,2342439,2.376812,0.5594
"30-Mar-18",,,,,,2.355911,0.5594
"02-Apr-18",18.9,18.9,17.4,17.7,2289594,2.225632,0.5647
"03-Apr-18",18,18.65,17.25,17.8,1741493,2.252941,0.5665
"04-Apr-18",17.35,18.95,17.2,18.9,2243975,2.240324,0.5585
"05-Apr-18",19.2,19.45,17.3,17.5,2538048,2.236843,0.553
"06-Apr-18",17.3,17.955,16.35,16.95,2534756,2.280332,0.5646
"09-Apr-18",17.6,19.1,17.55,17.8,3666545,2.493655,0.5635
"10-Apr-18",18.1,18.9,17.8,18.85,2806744,2.610993,0.5645
"11-Apr-18",18.55,19.45,18.45,19.1,2490209,2.860915,0.6065
"12-Apr-18",19.35,20,18.65,19.6,2134964,3.028188,0.6094
"13-Apr-18",19.7,20.075,19.2,19.8,2030747,2.909908,0.5971
"16-Apr-18",20.3,20.55,17.8,17.9,3488023,3.00171,0.6191
"17-Apr-18",18.4,19.55,17.95,19.525,1866282,3.123676,0.6307
"18-Apr-18",19.45,19.65,18.4,19.45,2640469,3.415928,0.6459
"19-Apr-18",19.3,20.15,19.05,19.2,1767495,3.221864,0.6335
"20-Apr-18",19.15,19.695,18.9,19.05,898074,4.743137,0.6235
"23-Apr-18",19.05,19.25,17.7,18.15,2207526,3.165988,0.6173
"24-Apr-18",18.25,18.5834,17.5,17.8,1617859,3.169264,0.6154
"25-Apr-18",16.71,17.9,16,17.3,3238035,3.331767,0.6313
"26-Apr-18",16.2,16.75,16.1,16.25,7903063,3.217918,0.6285
"27-Apr-18",16.25,17.3,16.25,16.75,3122705,3.380379,0.6312
"30-Apr-18",16.75,17.15,15.6,15.8,4479574,2.788994,0.6637
"01-May-18",15.95,16.55,15.85,16.35,1712449,2.175941,0.5884
"02-May-18",16.3,17.75,16.15,17.1,3390749,2.358489,0.6028
"03-May-18",16.9,16.95,16.1,16.25,2150202,2.200995,0.5814
"04-May-18",16.1,16.675,16,16.35,1601436,2.338404,0.6435
"07-May-18",16.35,16.9,16.25,16.25,2137482,2.226181,0.5919
"08-May-18",16.15,16.2588,14.1,14.65,5572000,2.220432,0.6414
"09-May-18",14.6,15.65,14.45,15.3,3603921,2.043692,0.6218
"10-May-18",15.25,15.35,14.525,14.6,2219207,2.132699,0.6427
"11-May-18",14.7,15.55,14.6,15.35,2621717,2.019075,0.6432
"14-May-18",15.45,16.05,15.15,15.7,2905795,2.058595,0.624
"15-May-18",15.55,15.65,14.9,15.05,2124156,2.149483,0.6114
"16-May-18",15.45,16.1,15.2,16.1,2947240,2.146452,0.6052
"17-May-18",16.1,16.25,15.75,16.1,1899075,2.106571,0.5918
"18-May-18",16.15,16.6,15.7,15.95,2067850,2.194921,0.6361
"21-May-18",16.05,16.1,15.3742,15.5,2160011,2.298634,0.6309
"22-May-18",15.6,15.875,15.15,15.65,1440783,2.251495,0.6219
"23-May-18",15.55,16.2,15.55,16,1483431,2.586909,0.6467
"24-May-18",15.9,16.55,15.9,16.3,1232406,2.480499,0.6296
"25-May-18",16.2,16.35,15.5,15.6,1544717
"28-May-18",,,,,,2.51332,0.6296
"29-May-18",15.25,15.75,15.05,15.45,1295624,2.436334,0.6257
"30-May-18",15.6,16.05,15.55,15.95,1732718,2.469966,0.622
"31-May-18",16.35,16.9,16,16.45,2029773,2.540161,0.61
"01-Jun-18",16.7,16.9,16.3,16.6,1599073,2.486737,0.6051
"04-Jun-18",16.7,16.7,15.575,16.2,2462238,2.423453,0.5945
"05-Jun-18",16.2,17.025,16.2,16.75,2876715
"06-Jun-18",16.9,17.05,16.5,16.55,1315975,2.631625,0.5868
"07-Jun-18",16.75,16.85,16,16.45,1276253,2.501271,0.5768
"08-Jun-18",16.6,16.9,16.35,16.5,1133466
"11-Jun-18",16.55,16.95,15.4,15.65,3477443,2.505184,0.5788
"12-Jun-18",15.8,16.1,15.5,15.85,1729486,2.5785,0.5788
"13-Jun-18",15.9,16,15.3,15.55,2111018,2.79283,0.7657
"14-Jun-18",15.55,15.8,15.45,15.7,1523540,2.839148,0.705
"15-Jun-18",15.6,15.85,15.35,15.7,4384608,2.927041,0.7596
"18-Jun-18",15.5,16.15,15.3,15.95,1419135,2.890974,0.6486
"19-Jun-18",15.7,16.6,15.6,16.45,2006851
"20-Jun-18",17.2,18.85,17,18.05,4377149
"21-Jun-18",18.1,18.1937,15.95,16.125,4659350,3.223216,0.6235
"22-Jun-18",16.4,16.7,16.05,16.5,3632463,3.235877,0.6263
"25-Jun-18",16.25,16.4,15.35,15.6,2674850,3.784584,0.6465
"26-Jun-18",15.6,15.9,15.45,15.65,1846601
"27-Jun-18",15.65,15.8,13.8,14,4581432,4.309437,0.6351
"28-Jun-18",14,14.2,13,13.9,2821323,4.361493,0.6301
"29-Jun-18",14.05,14.4,13.6,14.2,2703231
"02-Jul-18",14,15.15,14,15.15,1708802,4.551302,0.6285
"03-Jul-18",15.2,15.55,14.85,15.3,821647,4.479824,0.6269
"04-Jul-18",,,,,,4.454159,0.6266
"05-Jul-18",15.4,15.65,15.15,15.5,1065616,4.31637,0.6279
"06-Jul-18",15.5,16.25,15.45,15.95,1721564,4.330065,0.6268
"09-Jul-18",16.1,16.5,15.7,15.95,1743661,4.256685,0.6214
"10-Jul-18",16.1,16.2,15.65,15.7,1330613,4.271793,0.615
"11-Jul-18",15.5,15.8217,15.2,15.55,1285331,4.253561,0.6125
"12-Jul-18",15.7,15.75,14.95,15.3,1977652,4.212725,0.6153
"13-Jul-18",15.4,15.55,14.7,15.05,1645771,4.11686,0.612
"16-Jul-18",14.9,15.15,14.15,14.35,1590057
"17-Jul-18",14.45,15.55,14.45,15.15,1618478,4.289955,0.6158
"18-Jul-18",15.2,15.3,14.7,15.1,983014
"19-Jul-18",15,15.35,14.7,15.05,1099925
"20-Jul-18",15.1,15.25,14.8,15.1,961631,4.246926,0.607
"23-Jul-18",15.45,15.65,14.325,14.4,2362657,4.200543,0.61
"24-Jul-18",14.5,14.75,13.5,13.55,2956011,4.123556,0.6083
"25-Jul-18",13.65,14.15,13.525,13.7,2162621,4.253541,0.6144
"26-Jul-18",13.65,13.95,13.45,13.55,1914864,4.493404,0.6172
"27-Jul-18",13.7,13.7,12.8,13.25,3158415,4.582536,0.6115
"30-Jul-18",13.15,13.3,12.65,13.1,2225832,4.486304,0.606
"31-Jul-18",13.15,13.85,13.15,13.65,1729656
"01-Aug-18",14,14.2,13.6,13.75,1350215,4.580883,0.6014
"02-Aug-18",13.55,13.775,13.35,13.75,1153210,4.599965,0.5993
"03-Aug-18",13.75,13.7559,13.3,13.5,945573
"06-Aug-18",13.45,13.95,13.35,13.85,1206212,4.763413,0.6163
"07-Aug-18",13.95,14.1,13.5,14.05,1153752,4.732603,0.6016
"08-Aug-18",14.05,14.1,13.6,13.8,1186418
"09-Aug-18",14.8,16.1,14.5,15.3,7950628
"10-Aug-18",15.35,16,15.3,15.65,2115882,4.620198,0.5993
"13-Aug-18",15.6,16.2,15.5,15.9,2827255,4.204196,0.5863
"14-Aug-18",15.95,16.5,15.75,16.25,2727527,4.039645,0.5857
"15-Aug-18",16.2,16.3,15.2,15.35,2599915,3.926847,0.5867
"16-Aug-18",15.4,15.75,15.175,15.45,1976807,3.487301,0.5859
"17-Aug-18",15.7,15.7,15,15.35,1047398,3.807827,0.5919
"20-Aug-18",15.45,16,15.15,15.45,1796622,3.761667,0.5903
"21-Aug-18",15.55,16.25,15.525,15.9,1942789,3.685359,0.5848
"22-Aug-18",15.9,16.25,15.825,15.9,1178558,3.724871,0.5834
"23-Aug-18",16,16,15.35,15.5,1729827,3.992057,0.5842
"24-Aug-18",15.6,15.85,15.1,15.3,1848766,3.988762,0.5866
"27-Aug-18",15.4,15.845,15.35,15.6,1324326,4.082639,0.5915
"28-Aug-18",15.6,15.9,15.325,15.85,1189193,4.136349,0.5983
"29-Aug-18",15.9,16.95,15.6,16.8,3066188,4.118305,0.5902
"30-Aug-18",16.95,18.25,16.9,18.15,4568921,4.023822,0.5924
"31-Aug-18",18.49,18.95,17.55,18.25,3670082
"03-Sep-18",,,,,,3.992813,0.5879
"04-Sep-18",18.85,19.25,17.9,19.05,5649725,3.906152,0.5967
"05-Sep-18",16.8,17.35,14.3,14.55,12576210,3.896491,0.6253
"06-Sep-18",14.9,15.2,12.6,13.05,7270960,3.97635,0.6109
"07-Sep-18",13.2,13.75,12.75,13.75,3108208,4.277519,0.6181
"10-Sep-18",14,14.85,13.85,14.65,3878881,4.429446,0.6343
"11-Sep-18",14.5,15,14.3,14.7,1736032,4.582014,0.6401
"12-Sep-18",14.55,14.75,14.3,14.45,1844215
"13-Sep-18",14.4,14.9,14.325,14.75,1698154,4.948661,0.6524
"14-Sep-18",14.7,15,14.6,14.85,1382191,5.016054,0.6534
"17-Sep-18",14.85,14.95,14.4,14.7,1610713,4.989397,0.6479
"18-Sep-18",14.7,15.35,14.7,15.2,1641146,4.983017,0.6474
"19-Sep-18",15.1,15.55,15.0851,15.35,1366440,5.031886,0.6483
"20-Sep-18",15.35,15.95,15.35,15.95,1971575,5.002775,0.6498
"21-Sep-18",15.85,16,15.4,15.75,2136268,5.196291,0.6559
"24-Sep-18",15.75,16.2,15.55,16.05,1317388,5.247755,0.6487
"25-Sep-18",16.1,16.9,16,16.65,1493195,5.280635,0.6462
"26-Sep-18",16.75,16.75,16.2,16.2,974621,5.367315,0.648
"27-Sep-18",16.2,17,16.175,16.9,1609728,5.354211,0.6464
"28-Sep-18",16.85,17.35,16.7,16.95,1387048,5.459704,0.6588
"01-Oct-18",16.95,17.19,16.47,16.6,1647306,5.659383,0.6631
"02-Oct-18",16.6,16.75,14.85,15.01,3163404,5.661379,0.6605
"03-Oct-18",15.09,15.6,14.82,15.325,1763315,5.689444,0.6657
"04-Oct-18",15.17,15.17,14.63,14.81,1596781,5.683081,0.6645
"05-Oct-18",14.89,15.36,14.4,14.8,1367244,5.562291,0.6542
"08-Oct-18",14.72,14.82,13.885,14.22,1575828,5.525015,0.6542
"09-Oct-18",14.14,14.44,13.9,14.01,1347400,5.584053,0.6621
"10-Oct-18",14.24,14.406,13.8,13.82,1583995,5.701232,0.6792
"11-Oct-18",13.79,14.225,13.31,13.74,1683271,5.727386,0.6666
"12-Oct-18",14.08,14.58,13.76,14,1691988,5.36086,0.6607
"15-Oct-18",13.97,14.135,13.555,13.88,1361474,5.460865,0.6651
"16-Oct-18",14.07,14.865,13.92,14.79,1467281,5.652203,0.6735
"17-Oct-18",14.67,14.8196,14.17,14.64,1032666,5.552099,0.6646
"18-Oct-18",14.66,14.725,14.04,14.19,1095686,5.531926,0.6519
"19-Oct-18",14.26,14.58,13.86,13.89,1405705,5.363398,0.6421
"22-Oct-18",13.87,13.89,12.95,13.06,2161791,5.313208,0.7279
"23-Oct-18",12.79,13.83,12.66,13.4,1677894,5.271899,0.6954
"24-Oct-18",13.44,13.7,12.32,12.35,2290930,5.238589,0.6919
"25-Oct-18",13,13.35,12.37,12.72,2420940,5.376769,0.7176
"26-Oct-18",12.48,13.35,12.41,13.15,1594633
"29-Oct-18",13.36,13.5,12.26,12.57,1409748
"30-Oct-18",12.49,12.98,12.27,12.35,1810413
"31-Oct-18",12.57,13.06,12.48,12.67,1972740
"01-Nov-18",12.73,14.03,12.7147,13.96,1913786
"02-Nov-18",14.07,14.52,13.65,13.91,1377683
"05-Nov-18",13.93,14.08,13.14,13.87,1322980,4.940721,0.6329
"06-Nov-18",13.82,14.2,13.56,13.84,920470,5.006358,0.6306
"07-Nov-18",13.99,14.35,13.71,14.3,2082110,4.968707,0.6291
"08-Nov-18",14.22,14.53,13.61,13.62,1850118,4.791792,0.6268
"09-Nov-18",12.3,12.52,11.02,11.155,5701019,4.573866,0.6431
"12-Nov-18",11.14,11.16,9.81,10.005,3959434,4.692462,0.6431
"13-Nov-18",10.1,10.84,10.1,10.8,2269964,4.74484,0.6374
"14-Nov-18",10.16,10.49,9,9.51,5989456,4.858937,0.6603
"15-Nov-18",9.5,10.39,9.46,10.36,3106716,4.823676,0.6492
"16-Nov-18",10.29,11.39,10.2,11.21,2978926,4.730031,0.6505
"19-Nov-18",11.02,11.61,10.53,10.74,1943903,4.966169,0.6565
"20-Nov-18",10.25,10.89,10.11,10.55,1897415,5.015552,0.655
"21-Nov-18",10.72,11.19,10.6,11.12,1016278,5.095295,0.6539
"22-Nov-18",,,,,,5.080633,0.6539
"23-Nov-18",11.02,11.43,10.97,11.08,624024,5.039574,0.6541
"26-Nov-18",11.5,11.65,11.27,11.53,1525172,5.051086,0.6517
"27-Nov-18",11.41,11.75,11.0679,11.4,1385366,5.094432,0.6513
"28-Nov-18",11.4,11.93,11.151,11.93,1686433,5.168338,0.6602
"29-Nov-18",11.99,12.2,11.67,11.92,1232205,5.050526,0.6568
"30-Nov-18",11.94,12.39,11.85,12.37,1271491,5.00123,0.6529
"03-Dec-18",12.6,12.8927,12.4,12.79,1954608,5.128242,0.6463
"04-Dec-18",12.75,12.8486,11.75,11.78,1861433
"06-Dec-18",11.52,12.05,11.25,11.93,1320242,5.835712,0.6251
"07-Dec-18",11.9,11.98,11.23,11.31,1564582,6.095977,0.6245
"10-Dec-18",11.26,11.85,11.15,11.68,1505876,6.168154,0.6247
"11-Dec-18",11.95,11.95,11.56,11.74,1172394,6.32881,0.623
"12-Dec-18",11.9,12.45,11.75,12.26,1343530,6.237951,0.6226
"13-Dec-18",12.36,12.4,11.54,11.57,1291523,6.250538,0.621
"14-Dec-18",11.49,11.77,11.332,11.48,870444,6.269712,0.6221
"17-Dec-18",11.44,11.96,11.2,11.41,1442280,6.222587,0.6199
"18-Dec-18",11.47,11.6,10.69,11.07,1424808,6.30037,0.6423
"19-Dec-18",11.06,11.58,10.2137,10.47,1672962
"20-Dec-18",10.44,10.72,9.97,10.37,2055707,6.307468,0.6451
"21-Dec-18",10.41,10.41,9.38,9.9,3654167
"24-Dec-18",9.65,10.41,9.6,9.99,1051954
"25-Dec-18",,,,,,6.237117,0.685
"26-Dec-18",10.1,10.79,9.98,10.76,2130776
"27-Dec-18",10.5,10.6,9.66,10.59,1896347
"28-Dec-18",10.6,11.64,10.45,10.86,1913530
"31-Dec-18",10.99,11.55,10.95,11.48,1526344,6.41672,0.6643
"02-Jan-19",11.35,11.83,11.14,11.78,1320261
"03-Jan-19",11.78,11.78,11,11.04,1813498
"04-Jan-19",11.22,11.94,11.06,11.93,1916706
"07-Jan-19",12.3,12.8,12.08,12.74,2417457
"08-Jan-19",12.87,12.96,12.13,12.81,2587297
"09-Jan-19",12.89,12.94,10.92,10.99,3715991
"10-Jan-19",10.98,11.38,10.13,10.99,4599341
"11-Jan-19",10.97,11.73,10.97,11.38,2147169
"14-Jan-19",11.27,11.39,10.98,11,1592225
"15-Jan-19",11.04,11.46,10.8911,11.33,1235678
"16-Jan-19",11.31,11.85,11.3,11.37,1382889
"17-Jan-19",11.34,11.6,11.18,11.29,1345961
"18-Jan-19",11.35,11.65,11.1,11.62,1090880
"22-Jan-19",11.46,11.48,10.95,11.07,1499176
"23-Jan-19",11.11,11.5,10.8698,11.06,1337847
"24-Jan-19",11.06,11.2903,10.9452,11.1,839729
"25-Jan-19",11.14,11.55,10.83,11.52,1710626,5.944589,0.6145
"28-Jan-19",11.46,11.5,11.02,11.03,1091093,5.88289,0.6191
"29-Jan-19",11.1,11.415,10.99,11.11,968696,5.840912,0.6182
"30-Jan-19",11.15,11.6,11.09,11.59,1299066,6.016519,0.6166
"31-Jan-19",11.52,11.91,11.49,11.69,1167493,5.884018,0.6146
"01-Feb-19",11.76,12.5,11.66,12.48,1440521,5.994345,0.6164
"04-Feb-19",12.54,12.79,12.1,12.3,1960967,5.99048,0.6162
"05-Feb-19",12.3,12.63,11.8,11.83,1555873,6.067564,0.6211
"06-Feb-19",11.87,12.08,11.56,12.02,1543422,6.098185,0.6195
"07-Feb-19",12.5,12.6,6.26,8.31,16599140,5.353532,0.6197
"08-Feb-19",8.12,8.1899,7.48,7.72,5192900,5.228614,0.6215
"11-Feb-19",7.71,8.59,7.6127,8.32,3837410,5.271614,0.6218
"12-Feb-19",8.4,8.97,8.35,8.95,2546961,5.264937,0.6294
"13-Feb-19",9,9.09,8.78,8.8,1878016,5.229475,0.6224
"14-Feb-19",8.73,9.0867,8.7,9,1530133,5.149986,0.6224
"15-Feb-19",9.02,9.12,8.77,8.79,1804259,5.190109,0.6277,16168522
"18-Feb-19",,,,,,5.30685,0.6274
"19-Feb-19",8.87,9.04,8.48,8.72,1838756,5.20834,0.6244
"20-Feb-19",8.73,8.92,8.17,8.46,2496203,5.353622,0.6231
"21-Feb-19",8.4,8.88,8.31,8.54,1546505,5.354368,0.6203
"22-Feb-19",8.5,8.87,8.42,8.83,1422956,5.153764,0.6124
"25-Feb-19",9.27,9.58,8.74,9.03,3189262,5.225636,0.6101
"26-Feb-19",8.93,9.18,8.92,9.17,1949806,5.13414,0.6084
"27-Feb-19",9.17,9.46,9.01,9.32,1709683,5.417917,0.6881
"28-Feb-19",9.3,9.36,8.95,9.01,2054234,5.48759,0.6791,14353680,17327805.0274
"01-Mar-19",9.05,10.42,9.05,10.05,4179741,5.314946,0.6444,,17340739.845
"04-Mar-19",10.3,10.62,9.78,10.09,3065728,5.347058,0.6403,,17596202.4926
"05-Mar-19",10.09,10.56,10,10.08,1839084,5.133278,0.6377,,16889638.0812
"06-Mar-19",10.05,10.2,9.54,9.65,2299838,4.836815,0.608,,15929227.8744
"07-Mar-19",9.64,9.83,9.38,9.5,1485479,4.825107,0.6069,,15911442.5002
"08-Mar-19",9.48,9.76,9.32,9.7,1186534,4.964609,0.6075,,16325356.6634
"11-Mar-19",9.78,10.1,9.5,10.09,1119413,4.81349,0.6046,,15782094.3242
"12-Mar-19",10.08,10.13,9.65,9.93,1186853,4.847345,0.6044,,13165195.296
"13-Mar-19",10.01,10.12,9.83,10.1,798932,4.958098,0.6075,,13410643.224
"14-Mar-19",10.05,10.17,9.69,9.73,1125363,4.988691,0.606,,13476670.152
"15-Mar-19",9.78,10.11,9.665,9.74,2176504,4.881633,0.6046,13626061,13318779.672
"18-Mar-19",9.75,10.03,9.71,9.8,974264,4.999133,0.6027,,13591499.592
"19-Mar-19",9.78,9.891,9.63,9.74,842070,4.855115,0.5981,,13140794.04
"20-Mar-19",9.76,9.81,9.39,9.53,935563,4.91098,0.5942,,13218303.912
"21-Mar-19",9.41,9.835,9.38,9.8,840509,4.812769,0.5925,,12833625.288
"22-Mar-19",9.72,9.84,8.85,8.89,1857793,4.939169,0.593,,12987209.664
"25-Mar-19",8.99,9.275,8.76,9.2,1220109,4.838531,0.5863,,12738891
"26-Mar-19",9.31,9.4,9.17,9.4,676821,4.92608,0.5874,,12827883.816
"27-Mar-19",9.39,9.39,8.9383,9.09,919696,4.979589,0.5874,,13142335.8345
"28-Mar-19",9.09,9.33,9.02,9.32,646453,4.963108,0.5857,,12969284.8598
"29-Mar-19",9.41,9.59,9.35,9.54,1078015,4.95725,0.5808,14911326,12868452.0084
"01-Apr-19",9.55,9.7,9.3,9.53,1169529,4.9119,0.5832,,12714477.5191
"02-Apr-19",13.83,13.91,11.9,12.29,22269420,4.120021,0.5792,,12368375.5697
"03-Apr-19",12.45,13.36,12.25,13.03,7149560,4.014704,0.589,,12529163.0895
"04-Apr-19",12.18,12.6,11.71,12.14,11636150,4.493902,0.6298,,14925987.2194
"05-Apr-19",12.2,12.65,12.06,12.58,3073795,4.241839,0.6249,,14188817.3193
"08-Apr-19",12.45,12.73,12.08,12.61,2594156,3.360281,0.6071,,11252401.1738
"09-Apr-19",12.56,12.8,12.34,12.39,2013538,3.672012,0.6039,,12252554.0512
"10-Apr-19",12.48,12.55,12.13,12.48,1442633,3.786477,0.606,,14437145.8332
"11-Apr-19",12.48,12.66,12.085,12.22,1830896,3.711561,0.5916,,13909284.8928
"12-Apr-19",12.32,12.53,12.01,12.16,1442413,3.587297,0.5837,,13382915.085
"15-Apr-19",12.11,12.35,11.84,12.14,1362948,3.662655,0.5903,15208698,13643863.29
"16-Apr-19",12.18,12.28,11.94,11.99,1678565,3.591039,0.5867,,13415720.0022
"17-Apr-19",12.02,12.07,11.4,11.7,1844987,3.599605,0.5876,,13487294.367
"18-Apr-19",11.67,11.82,11.43,11.7,2073516,3.474422,0.5907,,13077232.902
"19-Apr-19",,,,,,3.421219,0.5786,,12995220.609
"22-Apr-19",11.7,11.82,11.485,11.77,854390,3.408759,0.5989,,12811811.2992
"23-Apr-19",11.75,12.09,11.54,12,1657150,3.507549,0.5774,,13195032.3774
"24-Apr-19",12,12.02,11.7,11.88,1163129,3.458163,0.5774,,14484763.9752
"25-Apr-19",11.84,11.9208,11.58,11.85,777952,3.784185,0.5889,,15844421.5764
"26-Apr-19",11.85,12.14,11.74,12.09,727739,3.511598,0.5838,,14612517.0384
"29-Apr-19",12.1,12.33,12.06,12.08,808321,3.99545,0.595,,16595731.2576
"30-Apr-19",12.07,12.16,11.58,11.69,1315329,3.957316,0.5944,13536304,16474061.6736
"01-May-19",11.7,11.8,11.36,11.38,1201256,4.01802,0.6075,,16860362.6028
"02-May-19",11.32,11.55,10.95,11.35,1554228,3.950437,0.6035,,16588126.9086
"03-May-19",11.39,11.59,11.28,11.57,1340844,4.005971,0.6023,,16696108.6644
"06-May-19",11.25,11.99,11.25,11.93,1145151,3.993547,0.6028,,16659607.7892
"07-May-19",11.76,11.8092,11.21,11.32,1110088,3.714172,0.6033,,15450516.2982
"08-May-19",11.34,11.4699,11.16,11.31,903966,4.091719,0.601,,15301471.0578
"09-May-19",10.56,10.63,9.61,9.64,3720050,4.083026,0.5942,,12414144.3984
"10-May-19",9.69,10.165,9.3301,10.11,1904795,4.094596,0.5991,,12419558.92
"13-May-19",9.75,10.125,9.66,9.79,2389560,4.496177,0.6025,,13463207.9584
"14-May-19",9.74,10.05,9.4,9.97,1826746,4.645299,0.5873,,13904491.4688
"15-May-19",9.89,10.4325,9.88,10.27,1903702,4.695088,0.5926,15397853,14091292.464
"16-May-19",10.37,10.64,10.28,10.39,1564321,4.793207,0.6025,,14360664.9136
"17-May-19",10.28,10.39,9.89,10.19,1781973,4.644478,0.597,,13873357.9696
"20-May-19",10.03,10.055,9.76,9.78,1183194,4.596014,0.5951,,13663545.2576
"21-May-19",9.83,10.12,9.74,10.08,1399178,4.501819,0.6011,,13276406.9632
"22-May-19",10.06,10.13,9.65,9.74,1136245,4.748965,0.5728,,13962697.576
"23-May-19",9.62,9.75,9.25,9.46,1237405,4.920605,0.5881,,14448650.8896
"24-May-19",9.54,10.18,9.51,9.72,1188735,4.943017,0.5812,,15748924.0484
"27-May-19",,,,,,5.034087,0.5863,,15933698.2844
"28-May-19",9.9,9.9,9.62,9.63,926129,5.061564,0.6025,,15924459.5726
"29-May-19",9.51,9.79,9.39,9.65,1020397,5.131733,0.6028,,16013767.12
"30-May-19",9.65,9.77,9.3,9.45,828380,5.313649,0.6012,,16424889.7951
"31-May-19",9.32,9.35,8.69,8.75,1770552,5.341429,0.5973,15477787,16472623.1394
"03-Jun-19",8.79,9,8.74,8.88,1358691,5.457966,0.6098,,16475702.71
"04-Jun-19",8.97,9.32,8.76,9.29,2188641,5.436085,0.6124,,16429509.151
"05-Jun-19",9.32,9.46,9.2,9.3,936952,5.506359,0.6048,,16374076.8802
"06-Jun-19",9.26,9.42,9.03,9.1,955120,5.055493,0.5987,,14929758.2688
"07-Jun-19",9.15,9.6,9.07,9.55,936872,5.050034,0.5909,,14755762.5299
"10-Jun-19",9.64,9.7189,9.34,9.38,871847,5.080859,0.5908,,14865087.2862
"11-Jun-19",9.53,9.6,9.12,9.26,796801,5.194528,0.6064,,14148245.0967
"12-Jun-19",9.18,9.35,9.1,9.33,830137,5.152579,0.5973,,14002753.8989
"13-Jun-19",9.37,9.62,9.28,9.6,984375,5.201407,0.5966,,14112646.1866
"14-Jun-19",9.55,9.6,9.28,9.31,762823,5.175071,0.5959,15734585,14036805.0303
"17-Jun-19",9.43,9.77,9.31,9.76,1577200,5.146292,0.5967,,13982632.7758
"18-Jun-19",9.84,10.2,9.7,9.91,1089936,5.326438,0.6072,,14374220.7869
"19-Jun-19",9.91,9.96,9.67,9.71,579335,5.406413,0.612,,14544476.4439
"20-Jun-19",9.83,9.94,9.62,9.65,937701
"21-Jun-19",9.6,10,9.41,9.95,2780413
"24-Jun-19",10.01,10.25,9.57,9.57,1518606,5.149423,0.6149,,14155983.9902
"25-Jun-19",9.61,9.85,9.57,9.73,948868,5.520166,0.6423,,16873768.954
"26-Jun-19",9.77,9.86,9.56,9.61,812407,5.402201,0.6395,,16459949.3685
"27-Jun-19",9.67,10.56,9.64,10.55,1822258,5.209377,0.6374,,16017807.53
"28-Jun-19",10.6,10.89,10.43,10.77,4198536,5.069255,0.6329,15244931,15987911.8185
"01-Jul-19",10.92,11.07,10.505,10.59,1584988,5.028244,0.6577,,16088613.1625
"02-Jul-19",10.54,11.22,10.45,11.17,1768854,5.226952,0.6503,,16801389.863
"03-Jul-19",11.22,11.7478,11.16,11.61,1791272,6.272294,0.6539,,17010659.8435
"04-Jul-19",,,,,,6.700138,0.6515,,17265560.1205
"05-Jul-19",11.65,11.85,11.35,11.4,2198816,7.210797,0.6281,,16884783.1635
"08-Jul-19",13,13.33,11.22,11.52,20424500,7.361852,0.6618,,20421917.8715
"09-Jul-19",11.31,11.48,10.55,11.35,4509982,5.955952,0.6196,,16806110.2385
"10-Jul-19",11.35,11.57,10.85,11.27,2228666,6.423552,0.6293,,17316717.1229
"11-Jul-19",11.34,11.39,11.02,11.27,1191330
"12-Jul-19",11.23,11.9,11.23,11.72,1986929,6.675193,0.6182,,17979871.6214
"15-Jul-19",11.66,12.075,11.52,12,1824787,6.558039,0.6042,18167969,17723756.7806
"16-Jul-19",12,12,11.51,11.69,1233290,6.43576,0.6154,,17373123.3676
"17-Jul-19",11.72,11.95,11.69,11.82,1138987,6.484444,0.6222,,17421907.1468
"18-Jul-19",11.53,12.18,11.53,12.15,1336505,6.481586,0.6149,,17336535.5332
"19-Jul-19",12.15,12.16,11.59,11.6,1248459,6.370495,0.6029,,16914250.9445
"22-Jul-19",11.7,11.97,11.61,11.84,1273557,6.424401,0.6346,,16981328.6409
"23-Jul-19",11.9,11.9,11.6745,11.89,884261,6.78753,0.6531,,17946332.7732
"24-Jul-19",11.84,11.98,11.71,11.95,867097,6.748939,0.638,,18164335.4062
"25-Jul-19",11.92,11.95,11.67,11.78,998004,6.822991,0.6382,,18335114.3148
"26-Jul-19",11.84,12.23,11.75,12.22,1347661,6.663578,0.6249,,17999006.8883
"29-Jul-19",12.24,12.25,11.93,12.12,1293129,6.726477,0.6297,,18258808.845
"30-Jul-19",12,12.21,11.87,12.2,1200662
"31-Jul-19",12.12,12.49,11.86,12.01,1847401,6.509294,0.6236,17426649,17742838.5254
"01-Aug-19",12,12.095,11.63,11.84,1590607,6.606393,0.6254,,18049877.2015
"02-Aug-19",11.76,11.77,11.23,11.45,1563181,6.133547,0.6085,,16810821.7157
"05-Aug-19",11.2,11.49,11.0044,11.26,1715808,6.146254,0.605,,16934363.9049
"06-Aug-19",11.34,11.87,11.21,11.84,1563909,6.094667,0.6004,,16759951.4025
"07-Aug-19",11.81,12.3,11.5319,12.17,1524718,5.706747,0.6043,,15744361.9354
"08-Aug-19",12.17,12.38,11.35,11.97,2256768,5.553272,0.5962,,15470025.6035
"09-Aug-19",11.99,12.13,11.39,11.77,1333224,5.57316,0.6037,,15305825.8167
"12-Aug-19",11.66,11.78,11.12,11.23,1563400,5.656109,0.5987,,15234376.5558
"13-Aug-19",11.16,11.7,11.11,11.44,1479944,5.803275,0.5991,,15589880.1954
"14-Aug-19",11.2,11.7,11.15,11.56,1895721,5.587683,0.6029,,14946836.8473
"15-Aug-19",11.63,11.6433,10.96,11.05,1484761,5.513451,0.5914,17384799,14704606.4262
"16-Aug-19",11.13,11.37,11.1,11.35,1296863,5.48699,0.5988,,14556479.9097
"19-Aug-19",11.49,11.72,11.39,11.6,1076799,5.62952,0.603,,14866674.2619
"20-Aug-19",11.62,11.73,11.4,11.51,1168822,5.600412,0.594,,14715062.4156
"21-Aug-19",11.62,11.63,11.4055,11.51,767229,5.664037,0.5945,,14826592.9692
"22-Aug-19",11.57,11.59,11.31,11.44,1082110,6.156083,0.6197,,16069113.0429
"23-Aug-19",11.35,11.65,10.96,11.02,1091437,5.752607,0.5786,,15011315.4486
"26-Aug-19",11.31,11.31,10.76,10.97,1171166,5.593912,0.5717,,17330906.1231
"27-Aug-19",10.98,11.09,10.67,10.78,1117211,5.69239,0.5693,,17539523.7111
"28-Aug-19",10.65,11.09,10.6,11.09,900793,5.770195,0.5856,,17650786.4247
"29-Aug-19",11.16,11.29,10.9969,11.14,1114990,5.819917,0.5802,,17831588.3343
"30-Aug-19",11.18,11.24,10.89,10.9,694170,5.942923,0.573,16346959,18156684.0756
"02-Sep-19",,,,,,5.898347,0.573,,18156684.0756
"03-Sep-19",10.83,10.9,10.3,10.47,1375094,5.788573,0.5808,,17762049.1383
"04-Sep-19",10.55,10.56,10.13,10.46,1180671,5.990268,0.5777,,18353132.3043
"05-Sep-19",10.59,10.97,10.43,10.87,976606,6.306537,0.571,,19111109.5407
"06-Sep-19",10.8,10.98,10.61,10.62,771932,6.432536,0.5709,,19464020.9604
"09-Sep-19",10.6,10.64,10.26,10.39,894705,6.234805,0.5577,,18987677.4678
"10-Sep-19",10.3,10.73,10.205,10.73,932272,6.181955,0.557,,18695612.8446
"11-Sep-19",10.73,11.27,10.68,11.25,1032043,6.197118,0.5597,,16897851.5183
"12-Sep-19",11.26,11.3,10.97,11.11,817484,6.192115,0.5629,,16888043.3429
"13-Sep-19",11.11,11.25,10.84,10.85,789245,6.325271,0.5846,16413148,17244407.0491
"16-Sep-19",10.73,11.32,10.68,11.3,807077,6.265464,0.5771,,17200270.2598
"17-Sep-19",11.3,11.39,11.09,11.16,759638,6.319218,0.616,,17198635.5639
"18-Sep-19",11.11,11.1199,10.64,10.77,834229,6.724512,0.5862,,18179453.1039
"19-Sep-19",10.82,10.9,10.58,10.63,719054,6.773359,0.5747,,18249745.0276
"20-Sep-19",10.6,10.97,10.5,10.66,2179078,6.758627,0.5711,,18476967.7577
"23-Sep-19",10.66,10.84,10.61,10.72,774489,6.885818,0.5633,,18609378.1256
"24-Sep-19",10.73,10.8,10.0744,10.13,1668368,6.421748,0.5709,,16516550.8324
"25-Sep-19",10.13,10.295,9.87,10.1,920062,6.462864,0.5642,,16531322.6656
"26-Sep-19",10.08,10.0887,9.43,9.44,1370887,6.272008,0.5636,,16106222.1324
"27-Sep-19",9.44,9.61,9.11,9.19,1296375,6.086167,0.5632,,15697534.7472
"30-Sep-19",9.21,9.26,8.945,9.05,1020692,6.276542,0.5621,17546324,15692610.8028
"01-Oct-19",9.08,9.26,8.55,8.62,1235520,6.216351,0.6533,,15484163.8232
"02-Oct-19",8.55,8.83,8.31,8.65,1332003,7.345373,0.569,,18253061.8908
"03-Oct-19",8.62,8.72,8.3832,8.62,899532,7.518843,0.5689,,18530444.092
"04-Oct-19",8.63,8.7,8.23,8.53,1102754,7.644043,0.5652,,18714271.3496
"07-Oct-19",8.55,8.815,8.53,8.59,957446,7.708505,0.5686,,18646977.4428
"08-Oct-19",8.51,8.57,8.28,8.28,991746,7.75501,0.5689,,18653542.702
"09-Oct-19",8.39,8.4,8,8.12,828912,9.445016,0.5689,,20611666.8028
"10-Oct-19",8.16,8.33,7.7,8.05,1952156,9.701126,0.5688,,20529199.08
"11-Oct-19",8.16,8.36,8.095,8.2,2277597,9.423015,0.5722,,19951925.0204
"14-Oct-19",8.06,8.3,8.01,8.03,1388320,9.499566,0.5675,,19976489.874
"15-Oct-19",8.05,8.45,7.94,8.4,3647706,9.235467,0.5759,16648623,19999300.0952
"16-Oct-19",8.43,8.69,8.31,8.335,1208554,8.808657,0.6668,,18934238.2284
"17-Oct-19",8.38,8.66,8.32,8.63,1034300,7.861217,0.5757,,16858508.0992
"18-Oct-19",8.54,8.66,8.275,8.315,847671,8.018045,0.577,,17133985.386
"21-Oct-19",8.35,8.5,8.3115,8.47,647861,8.13861,0.5765,,17244527.2272
"22-Oct-19",8.56,8.69,8.46,8.63,693785,8.047217,0.5748,,16937466.5572
"23-Oct-19",8.61,8.78,8.49,8.69,950479,7.922001,0.5726,,16607595.666
"24-Oct-19",8.73,8.7401,8.44,8.67,1069558,7.383797,0.5712,,12914336.8611
"25-Oct-19",8.63,9,8.58,8.96,834458,7.456912,0.5719,,13037536.6713
"28-Oct-19",9,9.41,8.97,9.32,838619,7.542528,0.5628,,13140758.1339
"29-Oct-19",9.35,9.54,9.27,9.34,1083917,7.630375,0.569,,13270617.3933
"30-Oct-19",9.35,9.41,9.085,9.25,1060123,7.602123,0.5718,,13184044.5537
"31-Oct-19",9.2,9.3,8.88,9.05,838804,7.826944,0.5725,16796186,13512022.4268
"01-Nov-19",9.14,9.59,9.0601,9.45,1090703,7.749871,0.421,,13253968.7703
"04-Nov-19",9.6,9.62,9.15,9.17,1364027,7.900277,0.5684,,13408800.9642
"05-Nov-19",9.17,9.49,9.07,9.46,833140,7.883779,0.5698,,13320563.2623
"06-Nov-19",9.45,9.575,9.4,9.46,1555381,8.03432,0.5696,,13546984.5351
"07-Nov-19",9.87,10.59,9.25,9.34,2191132,7.994901,0.5691,,13588606.0926
"08-Nov-19",9.3,10.05,9.25,9.85,1237045,8.260655,0.5715,,13988173.0446
"11-Nov-19",9.74,9.91,9.65,9.78,651609,8.451404,0.5715,,13988173.0446
"12-Nov-19",9.76,9.95,9.55,9.62,964519,8.388608,0.5767,,17212731.4128
"13-Nov-19",9.56,9.89,9.45,9.69,701351,8.048798,0.5771,,16330931.6478
"14-Nov-19",9.7,9.71,9.33,9.455,707394
"15-Nov-19",9.53,9.53,9.36,9.41,817980,8.47587,0.5796,18161203,16777710.1954
"18-Nov-19",9.44,9.5,9.19,9.34,1071745,8.477689,0.579,,16645020.326
"19-Nov-19",9.41,10.05,9.41,9.68,1790605,8.229854,0.58,,16307416.9874
"20-Nov-19",9.6,9.96,9.58,9.7,1306481,8.274698,0.5803,,16446825.3312
"21-Nov-19",9.72,9.81,9.49,9.68,1009783,7.777958,0.5814,,15427296.841
"22-Nov-19",9.75,9.88,9.61,9.81,668869,7.918531,0.5802,,15684278.4868
"25-Nov-19",9.92,10.35,9.88,10.35,1362037,7.897376,0.5804,,15709472.7658
"26-Nov-19",10.39,10.545,10.11,10.4,1421657,7.701873,0.5786,,16650190.9104
"27-Nov-19",10.5,10.835,10.3,10.76,1373283,7.76008,0.5773,,16822722.3389
"28-Nov-19",,,,,,7.718868,0.5801,,16735548.5645
"29-Nov-19",10.86,10.9327,10.64,10.8,680024,7.922126,0.5805,17064397,17126014.429
"02-Dec-19",10.88,11,10.44,10.69,1736576,7.925652,0.584,,17383903.5116
"03-Dec-19",11.4,11.6,11.14,11.37,3098151,7.582986,0.5774,,17067898.5794
"04-Dec-19",11.42,11.71,11.135,11.7,1829451,7.429265,0.5734,,16820906.2186
"05-Dec-19",11.66,11.845,11.5,11.595,1995545,7.777284,0.5724,,17796162.8197
"06-Dec-19",11.75,11.92,11.465,11.66,1950297,7.868353,0.5739,,18230215.5714
"09-Dec-19",11.75,12.33,10.255,10.31,5022259,7.024575,0.5651,,17153256.2335
"10-Dec-19",10.13,10.25,9,9.055,5066906,7.085062,0.5717,,18105325.217
"11-Dec-19",9.12,9.23,8.545,8.64,3228137,6.736174,0.5724,,17668476.6538
"12-Dec-19",8.73,8.76,8.45,8.68,2532746,6.900126,0.5724,,18402245.7248
"13-Dec-19",8.68,8.98,8.37,8.51,1939819,6.728815,0.5683,16886084,18166757.0462
"16-Dec-19",8.54,8.6144,8.28,8.37,1917925,6.636033,0.5723,,18136041.1316
"17-Dec-19",8.37,8.42,7.86,8.24,2771942,6.644409,0.574,,18540467.3405
"18-Dec-19",8.27,8.51,8.21,8.41,1735961,6.637143,0.5731,,18711111.3105
"19-Dec-19",8.43,8.69,8.38,8.66,1439742,6.384819,0.5828,,18113857.4155
"20-Dec-19",8.66,8.69,8.345,8.415,2502049,6.293432,0.5814,,18182115.0035
"23-Dec-19",8.42,9.195,8.35,8.95,3104789,6.27261,0.585,,18293033.584
"24-Dec-19",8.98,8.98,8.66,8.84,778957
"25-Dec-19",,,,,,6.015072,0.5763,,16283250.8012
"26-Dec-19",8.83,8.83,8.44,8.53,1336478,5.995064,0.5739,,16298448.2768
"27-Dec-19",8.55,8.61,8.31,8.36,1512693
"30-Dec-19",8.29,8.31,7.945,8.15,1838526,6.131191,0.5638,,16784767.496
"31-Dec-19",8.11,8.475,8.06,8.37,1622945,6.070085,0.5634,17046604,16629415.5232
"01-Jan-20",,,,,,6.022002,0.5633,,16585511.7048
"02-Jan-20",8.43,8.44,8.12,8.21,1398849,6.226908,0.5799,,17178213.2532
"03-Jan-20",8.05,8.3,7.98,8.21,1282651,6.205552,0.5659,,17110668.9172
"06-Jan-20",8.12,8.29,7.97,8.29,1503375,6.156169,0.5663,,17157949.9524
"07-Jan-20",8.3,8.38,8.16,8.19,1359363,6.426057,0.5684,,17872231.3056
"08-Jan-20",8.19,8.395,8.14,8.34,1000985,6.369204,0.5698,,17721945.158
"09-Jan-20",8.45,8.665,8.36,8.495,1201003,6.450585,0.5786,,17985368.0684
"10-Jan-20",8.55,8.68,8.33,8.345,1561131,6.354371,0.578,,18292710.7524
"13-Jan-20",8.35,8.36,8.065,8.28,1441615,6.363017,0.5822,,18096674.8064
"14-Jan-20",8.24,8.655,8.11,8.64,1869841,6.316731,0.5801,,18019965.0884
"15-Jan-20",8.65,9.06,8.63,8.79,1749265,6.211178,0.5821,17384147,17783017.2928
"16-Jan-20",8.9,9.04,8.76,8.845,1233558,6.440153,0.5818,,17997804.5032
"17-Jan-20",8.97,8.98,8.32,8.37,1687307,6.424644,0.5837,,18040421.0132
"20-Jan-20",,,,,,6.372011,0.5838,,18118835.3916
"21-Jan-20",8.37,8.4727,8.22,8.26,1067292,6.61824,0.5902,,18723989.8336
"22-Jan-20",8.29,8.385,8.14,8.19,882825,6.574853,0.5869,,18645575.4552
"23-Jan-20",8.15,8.2172,7.9238,8.01,1686893,6.721289,0.5845,,19254139.218
"24-Jan-20",8.06,8.1,7.39,7.5,2674971,6.465898,0.6032,,18843316.0616
"27-Jan-20",7.33,7.47,7.085,7.18,2156865,5.991506,0.6071,,17387623.8294
"28-Jan-20",7.25,7.47,7.1731,7.26,1843496,5.976107,0.6123,,17378931.7559
"29-Jan-20",7.3,7.5799,7.3,7.38,1135608,5.886217,0.6034,,17166845.1625
"30-Jan-20",7.33,7.39,7.09,7.22,1212024,5.729722,0.6071,,16730503.0728
"31-Jan-20",7.16,7.35,6.9505,7.33,2174685,6.025866,0.6239,18506715,17785720.7957
"03-Feb-20",7.37,7.46,7.22,7.3,1489634,6.012222,0.6323,,17956085.4363
"04-Feb-20",7.44,7.56,7.25,7.39,1616699,5.945261,0.6283,,17743998.8429
"05-Feb-20",7.45,7.76,7.39,7.65,1488564,5.93491,0.6258,,17733568.3547
"06-Feb-20",7.7,7.845,7.57,7.72,1088314,5.554584,0.6227,,16638367.0937
"07-Feb-20",7.69,7.71,7.46,7.54,1382965,5.331421,0.6199,,15943001.2137
"10-Feb-20",7.52,7.77,7.49,7.72,885597,5.400497,0.6201,,16017753.0458
"11-Feb-20",7.77,7.78,7.53,7.6,753275,5.537055,0.6213,,16939196.2395
"12-Feb-20",7.65,7.76,7.595,7.75,770620,5.448717,0.621,,16689355.587
"13-Feb-20",7.69,7.7499,7.45,7.57,1119948,5.441099,0.6198,,16689355.587
"14-Feb-20",7.56,7.64,7.34,7.57,944186,5.40642,0.6192,17681404,16622731.413
"17-Feb-20",,,,,,5.312079,0.6192,,16622731.413
"18-Feb-20",7.54,7.58,7.38,7.48,784796,5.285663,0.6197,,16396949.49
"19-Feb-20",7.52,7.56,7.36,7.47,1039663,5.3178,0.6199,,16491333.7365
"20-Feb-20",7.51,7.61,7.39,7.54,967934,5.30084,0.6225,,16308117.258
"21-Feb-20",7.54,7.55,7.35,7.44,747785,5.464496,0.6193,,16720817.0025
"24-Feb-20",7.24,7.3,6.945,7.07,1848806,5.281933,0.6165,,16454320.3065
"25-Feb-20",7.09,7.16,6.71,6.8,2181972,5.274965,0.6199,,16509840.4515
"26-Feb-20",6.77,7.24,6.68,6.89,1670477,5.407906,0.6241,,18058017.9052
"27-Feb-20",6.67,7.111,6.43,6.665,2712448,5.300189,0.625,,17914798.5328
"28-Feb-20",8.93,9.19,8.02,8.53,10057100,5.15822,0.6225,17530273,18855449.2256
"02-Mar-20",9.09,9.1,8.25,8.5,5547107,4.686491,0.6381,,17854681.7592
"03-Mar-20",8.43,8.73,8.0273,8.25,4044248,4.060015,0.616,,15764739.8064
"04-Mar-20",8.34,8.53,7.97,8.13,3818106,3.787414,0.6201,,14792262.5864
"05-Mar-20",8,8.585,8,8.53,5837251,3.571614,0.6232,,14403271.6984
"06-Mar-20",8.54,8.8799,8.09,8.25,5336848,3.564619,0.6149,,14753363.4976
"09-Mar-20",7.7,7.96,7.26,7.33,3945731,3.435094,0.6124,,14433330.0852
"10-Mar-20",7.58,7.7345,6.8545,7.59,4567808,3.76511,0.602,,14658814.2826
"11-Mar-20",7.35,7.485,6.97,7.02,3097892,3.813627,0.6164,,14625506.7639
"12-Mar-20",6.49,7.2,6.05,6.28,3348578,3.675335,0.6189,,14108363.7104
"13-Mar-20",6.55,6.69,5.5,6.67,4461158,3.733328,0.6233,16566647,14543114.4808
"16-Mar-20",6.04,6.27,5.03,5.05,5522141,3.991471,0.6257,,15970078.703
"17-Mar-20",5.22,5.86,4.81,5.5,5134337,4.094539,0.6783,,16771212.1791
"18-Mar-20",5.1,5.8,5.01,5.56,3759861,3.80192,0.7265,,15682582.2258
"19-Mar-20",5.5,6.32,4.99,6.13,4883059,3.187408,0.6128,,13443966.3637
"20-Mar-20",6.2,6.62,5.9201,6.01,2744433,3.544482,0.5848,,15086552.9438
"23-Mar-20",6.06,6.23,5.71,5.86,2625252,3.490973,0.5922,,14870930.5859
"24-Mar-20",6.16,6.4,5.9,6.21,2852648,3.208265,0.5886,,15541171.5507
"25-Mar-20",6.25,6.525,5.98,6.26,3083012,3.330617,0.5956,,16391040.5418
"26-Mar-20",6.26,6.8037,6.26,6.66,1846107,3.275159,0.5899,,16063020.9312
"27-Mar-20",6.5,6.58,6.28,6.34,1686651,3.251162,0.5884,,15981844.3609
"30-Mar-20",6.39,6.54,6.2,6.49,1694979,3.215438,0.5834,,15826117.8791
"31-Mar-20",6.51,6.5999,6.155,6.37,2403937,3.281325,0.5717,16556078,16212120.7542
"01-Apr-20",6.19,6.43,6.04,6.21,2019446,3.357963,0.5676,,16634570.2527
"02-Apr-20",6.08,6.77,6.08,6.77,1976406,3.349501,0.5702,,16548423.6883
"03-Apr-20",6.74,6.74,6.37,6.47,1216435,3.454912,0.5702,,17048736.4277
"06-Apr-20",6.67,6.79,6.535,6.77,1767071,3.511811,0.5721,,17385039.3618
"07-Apr-20",7.18,7.21,6.7,6.79,2252687,3.511136,0.5717,,17466215.9321
"08-Apr-20",6.88,7.12,6.76,6.98,1647518,3.561551,0.5661,,17751162.2605
"09-Apr-20",7.25,7.54,7.04,7.46,2349676,3.442915,0.5618,,17678580.0884
"10-Apr-20",,,,,,3.415655,0.5618,,17678580.0884
"13-Apr-20",7.44,7.4725,6.97,7.15,1444867,3.544347,0.5605,,18330889.5616
"14-Apr-20",7.3,7.5,7.24,7.49,1300225,3.72268,0.5219,,19234851.4204
"15-Apr-20",7.31,7.48,7.05,7.28,1320453,3.736878,0.5248,16854675,19239818.2438
"16-Apr-20",7.3,7.38,7.03,7.24,1356811,3.733253,0.5247,,19171938.324
"17-Apr-20",7.44,7.59,7.28,7.59,1619179,3.734123,0.5225,,19224917.7736
"20-Apr-20",7.5,8.45,7.4201,8.04,3255655,3.760612,0.5258,,19559350.5492
"21-Apr-20",8.04,8.14,7.52,7.92,2064551,3.713074,0.5275,,19264652.3608
"22-Apr-20",8.08,8.33,7.86,8.15,1614028,3.827462,0.5243,,19928551.0886
"23-Apr-20",8.15,8.32,7.91,7.95,1670636,3.821648,0.5251,,19998086.6162
"24-Apr-20",7.95,8.325,7.8484,8.32,1220965,3.886155,0.5284,,17763141.9825
"27-Apr-20",8.49,8.59,8.23,8.4,1539831,3.893203,0.5311,,17665384.8675
"28-Apr-20",8.55,8.55,8.18,8.2,1248937,3.869599,0.5308,,17456386.8975
"29-Apr-20",8.33,8.68,8.065,8.54,1812996,3.926556,0.5261,,17710892.49
"30-Apr-20",8.44,8.55,8.06,8.15,1680755,3.745048,0.5231,16209611,16950746.6475
"01-May-20",8.01,8.1,7.65,7.95,1845215,3.697873,0.5161,,16834449.39
"04-May-20",7.76,8.39,7.74,8.38,1454743,3.741443,0.5198,,17028278.1525
"05-May-20",8.49,8.95,8.435,8.76,3869963,3.797178,0.5284,,17535603.87
"06-May-20",8.92,9.02,8.57,8.69,2181020,3.827082,0.5251,,17751343.71
"07-May-20",8.8,8.8,8.33,8.4,1691929,3.831621,0.5247,,17840673.4875
"08-May-20",8.4,8.755,8.27,8.7,1507901,3.8404,0.526,,17896293.915
"11-May-20",8.67,9.225,8.55,9.06,2915783,3.816327,0.5265,,17225953.6097
"12-May-20",8.65,10.32,8.5302,9.79,4987996,3.819171,0.5297,,17696032.3287
"13-May-20",9.96,10.25,9.11,9.6,3280477,3.911085,0.5399,,18399529.4461
"14-May-20",9.47,10.14,9.3,9.83,2561960,3.779292,0.5276,,17932692.6493
"15-May-20",9.8,10.141,9.61,10.04,1784914,3.814165,0.5285,16664304,18188804.5031
"18-May-20",10.3,10.64,10.14,10.46,2401277,3.807237,0.5299,,18127207.9813
"19-May-20",10.5,11.09,10.5,10.82,2516380,3.649924,0.5268,,17553387.7519
"20-May-20",10.95,11.31,10.86,10.97,2126539,3.620341,0.5277,,17520968.5299
"21-May-20",10.99,11.19,10.57,11.12,1883228,3.652527,0.525,,17768975.5782
"22-May-20",11.1,11.54,10.8868,11.51,1605466,3.578112,0.5216,,17493412.1912
"25-May-20",,,,,,3.562051,0.5217,,17504758.9189
"26-May-20",11.74,11.7999,10.91,10.93,2149532,3.462439,0.5185,,17011986.7445
"27-May-20",10.95,11.45,10.68,11.435,2903068,3.416365,0.5182,,15487804.1376
"28-May-20",11.51,11.945,11.33,11.44,2789104,3.427485,0.5318,,15544462.7712
"29-May-20",11.48,11.57,10.89,11.19,2136065,3.696114,0.5334,16151783,16006063.992
"01-Jun-20",11.19,12,11.06,11.83,2418554,3.757218,0.5349,,16247696.4
"02-Jun-20",11.83,11.8899,11.35,11.8,1665462,3.759362,0.5316,,16164374.88
"03-Jun-20",11.78,11.88,11.5,11.52,1304228,3.757504,0.5314,,15756099.432
"04-Jun-20",11.5,11.8,11.13,11.23,1704010,3.737959,0.541,,15454475.5296
"05-Jun-20",11.31,11.56,10.88,10.98,1933556,3.769039,0.5425,,15404482.6176
"08-Jun-20",10.91,11.035,10.78,10.87,1564608,3.84743,0.5427,,15027869.3472
"09-Jun-20",10.82,11.39,10.73,11.04,2109333,3.74327,0.547,,14728810.9177
"10-Jun-20",11.09,11.29,10.9782,11.06,1718969,3.738963,0.5449,,14501070.7774
"11-Jun-20",10.8,11.83,10.51,11.27,6228986,3.737987,0.5384,,14654512.7159
"12-Jun-20",11.55,11.775,10.7,10.99,3103429,3.670522,0.5449,,14389623.4747
"15-Jun-20",10.88,10.99,10.465,10.98,2901552,3.50706,0.5849,17098583,13520657.5493
"16-Jun-20",11.13,11.56,11.04,11.35,2210986,3.69877,0.5846,,14247487.7843
"17-Jun-20",11.4,11.47,10.45,10.85,2899748,3.782581,0.5889,,14320170.8078
"18-Jun-20",10.7,11.2564,9.3201,9.42,6456148,3.826499,0.5906,,14614133.2584
"19-Jun-20",9.66,9.66,8.69,8.82,6554376,3.754793,0.5789,,14606057.3669
"22-Jun-20",8.82,9.28,8.52,9.16,2941050,3.523408,0.563,,13494814.6965
"23-Jun-20",9.31,9.77,9.19,9.62,2488933,3.66476,0.5499,,14052051.21
"24-Jun-20",9.55,9.71,8.99,9.12,2523236,3.639439,0.5383,,17635478.5062
"25-Jun-20",9.09,9.22,8.9218,9.16,2267452,3.63576,0.5371,,17548275.7329
"26-Jun-20",9.08,9.12,8.69,8.73,3672416,3.844029,0.541,,18627196.3202
"29-Jun-20",8.8,9.0156,8.51,8.77,1634012,3.991625,0.5692,,19398342.4135
"30-Jun-20",8.73,8.995,8.66,8.96,1389650,3.819013,0.5581,19659716,18442531.6238
"01-Jul-20",8.96,9.435,8.935,9.38,1566744,3.725001,0.5555,,17963771.2998
"02-Jul-20",9.45,9.69,9.3,9.63,1382094,3.782904,0.5538,,18163824.7209
"03-Jul-20",,,,,,3.774335,0.5535,,18163824.7209
"06-Jul-20",9.72,10.03,9.67,9.83,1298239,3.808275,0.554,,18338230.2675
"07-Jul-20",10,10.56,9.79,10.52,1792546,3.803751,0.552,,18319421.8262
"08-Jul-20",10.6,10.805,10.335,10.61,1726720,3.727339,0.5511,,17886827.6763
"09-Jul-20",10.72,10.95,10.49,10.89,1506297,3.717404,0.551,,17821853.0609
"10-Jul-20",10.89,11.0519,10.625,10.69,1195016,3.745517,0.5483,,18987353.7128
"13-Jul-20",10.83,10.92,10.23,10.26,1465198,3.725952,0.5523,,18782892.6664
"14-Jul-20",10.23,10.63,10.16,10.63,1401657,3.709252,0.5547,,18694423.9444
"15-Jul-20",10.84,11.25,10.77,11.22,1685708,3.707274,0.5567,18550165,18733743.3764
"16-Jul-20",11.19,11.2703,10.865,11.22,1221447,3.647551,0.5558,,18419187.9204
"17-Jul-20",11.2442,11.3173,11.1,11.19,1294576,3.554125,0.5578,,17939490.85
"20-Jul-20",11.25,11.6,11.14,11.38,1376160,3.599701,0.5499,,18140019.9532
"21-Jul-20",11.44,11.47,11.025,11.07,1058948,3.551399,0.549,,17624935.394
"22-Jul-20",11.03,11.23,10.88,11.13,822650,3.593628,0.5634,,17679982.5988
"23-Jul-20",11.12,11.42,10.96,11.05,1021301,3.617697,0.5619,,17723233.974
"24-Jul-20",10.96,10.96,10.565,10.75,1388362,3.647885,0.5615,,17661612.0965
"27-Jul-20",10.77,11.15,10.66,11.1,1516583,3.638111,0.5618,,17652337.014
"28-Jul-20",11.05,11.05,10.03,10.03,2447384,3.637625,0.5618,,17761782.9875
"29-Jul-20",10.03,10.2433,9.84,9.9,1499804,3.710324,0.5684,,18149481.436
"30-Jul-20",10.35,11.48,10.16,11.34,3355049,3.920108,0.5676,,19383067.4085
"31-Jul-20",11.38,11.44,10.41,10.83,2456009,4.036069,0.5663,18515390,19984092.7545
"03-Aug-20",10.84,11.605,10.825,11.54,2247507,4.266945,0.5788,,21271474.2055
"04-Aug-20",11.47,11.61,11.28,11.44,1217739,4.207081,0.5723,,20822560.2125
"05-Aug-20",11.45,11.56,11.195,11.5,1108963,4.141737,0.5543,,20451556.9125
"06-Aug-20",11.2,12.91,11.13,11.72,4214276,4.049408,0.544,,20041598.266
"07-Aug-20",11.82,12.59,11.54,12.33,2153850,4.006622,0.5365,,19826416.352
"10-Aug-20",12.33,12.72,12.1,12.48,1765241,4.031922,0.5533,,20065713.4805
"11-Aug-20",12.65,12.71,12.08,12.14,1550478,3.958564,0.5519,,18163597.59
"12-Aug-20",12.19,12.24,11.35,11.68,2198301,3.949248,0.5431,,18032138.321
"13-Aug-20",11.67,11.9099,11.57,11.62,998198,4.073156,0.5431,,18087684.491
"14-Aug-20",11.6,11.65,11.33,11.39,692256,4.166182,0.5395,19343024,18163597.59
"17-Aug-20",11.38,11.78,11.37,11.69,867671,4.190559,0.5409,,18091387.569
"18-Aug-20",11.56,12.04,11.49,11.9,1997434,4.179473,0.5408,,18028435.243
"19-Aug-20",12.71,13.1999,11.87,12.22,3428016,4.113326,0.5406,,17874757.506
"20-Aug-20",12.09,12.16,11.38,11.66,2991387,4.042134,0.5377,,17626651.28
"21-Aug-20",11.62,11.745,11.44,11.53,1135861,4.217683,0.5303,,18259877.618
"24-Aug-20",11.57,11.66,11.17,11.21,1235680,4.24727,0.5257,,18370969.958
"25-Aug-20",11.13,11.39,10.94,11.29,1168232,3.975721,0.5307,,18186311.1648
"26-Aug-20",11.27,11.29,10.96,10.98,771335,3.996124,0.5289,,18105070.464
"27-Aug-20",10.8335,10.9647,10.67,10.79,1212965,4.010762,0.5266,,18047041.392
"28-Aug-20",10.9,11.07,10.72,10.85,1018120,3.98826,0.5254,,17698866.96
"31-Aug-20",10.82,11.28,10.78,11.035,1587256,3.9526,0.5243,18745606,17370035.552
"01-Sep-20",11,11.09,9.34,9.995,4439084,3.950845,0.5295,,17675655.3312
"02-Sep-20",10.15,10.37,9.975,10.12,1386193,3.951627,0.526,,17544122.768
"03-Sep-20",10.03,10.275,9.94,10.08,1981904,3.927524,0.5303,,17478356.4864
"04-Sep-20",10.04,10.17,9.45,10.03,1532851,3.962576,0.5302,,17664049.5168
"07-Sep-20",,,,,,3.905972,0.5295,,17474487.8816
"08-Sep-20",9.88,10.37,9.795,10.195,1643511,3.989134,0.5263,,17791713.4752
"09-Sep-20",10.26,10.44,10.18,10.43,1012684,4.131164,0.5254,,18346858.264
"10-Sep-20",10.49,10.72,10,10.17,1692683,4.24445,0.5275,,20280871.1314
"11-Sep-20",10.28,10.47,9.92,10.095,1396299,4.223637,0.5283,,20130906.2834
"14-Sep-20",10.27,10.83,10.27,10.82,1826370,4.418288,0.5285,,20175895.7378
"15-Sep-20",10.94,10.99,10.625,10.67,2072581,4.404967,0.532,19574763,20134655.4046
"16-Sep-20",10.69,10.84,10.55,10.6,2121070,4.559729,0.5252,,20713894.63
"17-Sep-20",10.58,10.81,10.41,10.78,993129,4.604798,0.5256,,20715769.1906
"18-Sep-20",10.88,11.18,10.52,10.82,2574061,4.694202,0.5253,,21064437.4622
"21-Sep-20",10.62,10.735,10.25,10.31,1179148,5.060828,0.5271,,20875106.8416
"22-Sep-20",10.32,10.54,10.12,10.51,1388402,5.18999,0.5238,,21338123.3098
"23-Sep-20",10.5,10.5,9.88,9.89,1478277,5.505536,0.5291,,22344762.352
"24-Sep-20",9.75,9.93,9.61,9.81,1315005,5.835657,0.5351,,22786981.6083
"25-Sep-20",9.8,10.06,9.74,9.97,1500275,6.091136,0.5351,,23566057.1757
"28-Sep-20",10.07,10.17,9.83,9.91,873184,6.122246,0.5305,,22953367.0938
"29-Sep-20",9.88,9.96,9.5,9.89,1334950,6.065665,0.531,,22675405.4592
"30-Sep-20",9.92,10.03,9.41,9.45,1233394,5.981557,0.5261,21354674,22276080.294
"01-Oct-20",9.605,9.66,9.23,9.36,1228981,5.963009,0.5247,,22174291.5264
"02-Oct-20",9.15,9.365,9.14,9.23,1545956,5.619184,0.5183,,20892144.5499
"05-Oct-20",9.39,9.82,9.39,9.78,992636,5.72552,0.52,,21209255.7105
"06-Oct-20",9.8,9.92,9.65,9.7,1136055,5.612313,0.5213,,20694439.4436
"07-Oct-20",9.52,10.24,9.52,10.18,1870439,5.578217,0.5217,,20678779.6332
"08-Oct-20",10.4,10.435,9.825,9.89,1056901,5.602412,0.5208,,20625927.7731
"09-Oct-20",10.11,11.0148,10.01,10.83,2187121,5.615109,0.5228,,19902556.168
"12-Oct-20",10.91,11.27,10.76,11.16,1849500,5.62621,0.5224,,20088341.8318
"13-Oct-20",11.05,11.4,10.91,11.38,1043907,5.683631,0.5226,,20182302.3974
"14-Oct-20",11.39,11.61,11.135,11.26,1022806,5.630169,0.5184,,19908962.5702
"15-Oct-20",11.12,11.22,10.74,11.16,1079835,5.770186,0.5168,21092133,20342462.4524
"16-Oct-20",11.12,11.52,11.05,11.14,1100773,5.716214,0.5146,,20043497.0164
"19-Oct-20",11.22,11.36,10.825,10.91,1041381,5.712355,0.5126,,20054174.3534
"20-Oct-20",10.8,11,10.6,10.6,726961,5.679604,0.5112,,19774428.124
"21-Oct-20",10.65,10.76,10.33,10.37,1014431,5.604512,0.5114,,19445566.1444
"22-Oct-20",10.5,10.97,10.45,10.65,1027691,5.549471,0.5099,,19249103.1436
"23-Oct-20",10.7,10.86,10.455,10.84,815999,5.548534,0.5096,,19244832.2088
"26-Oct-20",10.8,11.19,10.68,11.19,1387240,5.510837,0.5102,,19925738.0451
"27-Oct-20",11.15,11.3051,10.74,11.19,959064,5.555723,0.5099,,19965813.0978
"28-Oct-20",10.97,11.11,10.75,10.825,1186749,5.85004,0.5153,,20957143.3488
"29-Oct-20",10.8,10.8,10.31,10.61,995381,5.871349,0.5135,,20742003.5922
"30-Oct-20",10.58,10.6,10,10.34,1277377,5.867436,0.5121,20371695,20682945.6198
"02-Nov-20",10.43,10.66,9.91,10.38,1771116,6.06718,0.5183,,20864337.9636
"03-Nov-20",10.45,10.74,10.15,10.65,1760026,6.084635,0.513,,20974017.0552
"04-Nov-20",10.77,12,10.55,11.82,3511160,6.152461,0.5183,,21473900.6073
"05-Nov-20",12.01,12.49,11.75,11.99,2918081,6.675125,0.5245,,23688574.5723
"06-Nov-20",11.91,11.91,11.155,11.185,1395082,6.791989,0.5247,,24169475.2047
"09-Nov-20",11.6,11.76,11.26,11.58,1663132,7.080814,0.5241,,24424690.014
"10-Nov-20",11.63,12.14,11.29,11.86,1856280,6.795227,0.5198,,23162617.215
"11-Nov-20",11.84,11.97,11.09,11.22,1417255,6.819676,0.5202,,23164654.3845
"12-Nov-20",11.143,11.42,11.02,11.11,1265304,6.780167,0.5183,,22965011.7735
"13-Nov-20",11.21,11.63,11.03,11.48,1374474,6.553382,0.5182,19413860,22015690.7865
"16-Nov-20",11.61,11.62,11.19,11.37,1160960,6.47861,0.5187,,21981058.905
"17-Nov-20",11.37,11.54,11.24,11.32,1367497,6.433334,0.5207,,21793639.311
"18-Nov-20",11.4,11.4,10.39,10.48,1598946,6.348262,0.5201,,21661223.2935
"19-Nov-20",10.43,10.58,10.255,10.32,1127835,6.270913,0.5172,,21213046.0035
"20-Nov-20",10.25,10.365,9.9401,10.25,2046925,6.374306,0.5142,,21266012.4105
"23-Nov-20",10.26,10.3,9.86,9.99,1370619,6.474035,0.5109,,21321015.987
"24-Nov-20",9.95,10.21,9.915,9.97,1738880,6.473669,0.5113,,18848916.674
"25-Nov-20",9.97,10,9.75,9.77,1181583,6.392327,0.5163,,18602360.652
"26-Nov-20",,,,,,6.385903,0.5162,,18645071.144
"27-Nov-20",9.81,10.13,9.81,10.12,1103064,6.284187,0.5161,,18410163.438
"30-Nov-20",10.15,10.2,9.795,9.99,1989677,6.129242,0.5146,20184000,18190786.82
"01-Dec-20",10.14,10.32,10.04,10.09,2023895,6.298744,0.5196,,18779026.778
"02-Dec-20",10.05,10.09,9.85,9.98,1171314,6.636279,0.5207,,19120710.714
"03-Dec-20",10,10.03,9.82,9.86,940855,6.464039,0.5186,,18534412.142
"04-Dec-20",9.92,10.02,9.77,9.99,1212781,6.455272,0.5194,,18357746.016
"07-Dec-20",9.93,9.99,9.05,9.28,4178294,6.355528,0.5221,,18590712.336
"08-Dec-20",9.29,9.7,9.21,9.68,2029556,6.40266,0.5218,,18833385.586
"09-Dec-20",9.69,10.255,9.643,10.23,3005071,6.206382,0.52,,20539238.4
"10-Dec-20",10.22,15.69,10.07,15.65,16845360,5.345943,0.5188,,20529146.4
"11-Dec-20",14.93,15.36,12.22,12.28,11839570,4.91087,0.5188,,20529146.4
"14-Dec-20",12.57,13.85,12.57,13.08,4458027,4.802942,0.5406,,20569514.4
"15-Dec-20",13.25,13.26,12.62,12.98,1982131,4.642573,0.5334,17466396,19907479.2
"16-Dec-20",13.21,13.51,12.6853,13.29,2181287,4.51894,0.532,,19394805.6
"17-Dec-20",13.56,13.7,13,13.4,1608025,4.610507,0.5313,,19707657.6
"18-Dec-20",13.5,14.68,13.35,14.32,5043346,4.922166,0.5349,,21707892
"21-Dec-20",14.05,15.99,13.85,15.09,5899341,4.833016,0.537,,21853216.8
"22-Dec-20",16.17,18.64,16.1,17.94,7056693,3.696407,0.5462,,17443012.8
"23-Dec-20",18.25,18.4,16.81,18.18,3178551,3.522545,0.5404,,16835474.4
"24-Dec-20",18.13,18.55,17.58,17.81,1620981,3.435765,0.5308,,14420256.5376
"25-Dec-20",,,,,,3.4155,0.5309,,14425496.4564
"28-Dec-20",17.96,19.43,17.84,18.04,3001774,3.524328,0.5315,,15043806.8748
"29-Dec-20",18.27,18.49,16.42,16.625,3168454,3.526978,0.5348,,15297069.6168
"30-Dec-20",16.56,17.27,16.495,16.86,1730395,3.493701,0.5341,,15194017.8804
"31-Dec-20",16.74,16.84,15.505,15.605,2146800,3.512742,0.5366,17202232,15263883.4644
"01-Jan-21",,,,,,3.490089,0.5344,,15272616.6624
"04-Jan-21",16.1,16.3,15.575,15.92,1822666,3.431599,0.5392,,15155591.8092
"05-Jan-21",15.8,16.13,15.51,16.01,1356297,3.56626,0.5471,,15649890.816
"06-Jan-21",15.83,16.7,15.36,16.24,1920627,3.570677,0.5472,,15768662.3088
"07-Jan-21",16.01,17.2,16.01,17.05,1826221,3.512525,0.5487,,15583518.5112
"08-Jan-21",17,17.53,16.36,16.98,1763856,3.491528,0.5496,,15478720.1352
"11-Jan-21",16.95,16.96,16.02,16.21,1182571,3.420399,0.55,,15190524.6012
"12-Jan-21",16.25,16.67,15.62,15.76,1380131,3.327927,0.5497,,16551987.6304
"13-Jan-21",15.52,16.22,15.37,15.5,1016904,3.333594,0.5508,,16486619.1488
"14-Jan-21",15.84,16.537,15.4582,16.19,1844672,3.257306,0.5504,,16197621.6512
"15-Jan-21",16.16,16.79,15.7318,15.75,1130239,3.206808,0.5503,16768313,15958510.6264
"18-Jan-21",,,,,,3.153108,0.5503,,15958510.6264
"19-Jan-21",15.93,16.26,15.36,15.55,1511075,3.155225,0.5521,,15877660.136
"20-Jan-21",15.74,15.84,15.4,15.42,1391927,3.175141,0.5564,,16016998.2152
"21-Jan-21",15.58,15.7,14.36,14.49,2067833,3.169888,0.5595,,16135693.616
"22-Jan-21",14.41,15.11,14.39,14.95,1225581,3.368872,0.5662,,17172988.2056
"25-Jan-21",14.95,15.19,14.25,15.05,1474832,3.355372,0.57,,17336409.4096
"26-Jan-21",15.39,15.4499,14.305,14.4,1096436,3.300823,0.5748,,16908073.8328
"27-Jan-21",14.25,15,13.97,14.07,2220900,3.206957,0.5661,,17356880.7863
"28-Jan-21",14.21,14.65,13.9,14.19,2140370,3.129107,0.5684,,17070142.634
"29-Jan-21",14.44,15,13.66,13.66,2184720,3.139115,0.5719,15665266,17236148.9327
"01-Feb-21",13.93,14.1,13.48,14.08,1798975,3.142787,0.5723,,17480966.3025
"02-Feb-21",14.26,14.4,13.61,14.11,2135137,3.02238,0.5666,,16776697.1565
"03-Feb-21",14.07,14.83,13.8,13.88,1345861,3.01142,0.5778,,16669379.9533
"04-Feb-21",14.05,14.3,13.59,14.19,1332504,2.94417,0.5787,,16251848.9596
"05-Feb-21",14.7,14.73,14.3,14.64,1155907,3.032127,0.5813,,16481574.8477
"08-Feb-21",14.7,15.4,14.5301,15.32,1857091,3.0754,0.5672,,16711300.7358
"09-Feb-21",15.4543,15.4543,14.46,14.59,1116577,3.143271,0.5682,,15391123.845
"10-Feb-21",14.68,15.025,13.77,14.04,1308615,3.080756,0.5682,,15049621.0462
"11-Feb-21",14.22,14.2306,13.42,13.86,1024271,3.049867,0.5677,,14814642.0562
"12-Feb-21",13.75,13.95,13.48,13.68,1108591,3.026806,0.5677,15557309,14672088.1356
"15-Feb-21",,,,,,2.986542,0.5677,,14686186.875
"16-Feb-21",13.7,13.7052,13.12,13.51,1846173,2.889803,0.5643,,14158267.4108
"17-Feb-21",13.3,13.52,12.94,13.45,1196373,2.961982,0.5616,,14515435.4756
"18-Feb-21",13.21,13.485,12.86,13.42,1251305,3.058006,0.5534,,14974427.7694
"19-Feb-21",13.44,13.73,13,13.21,1309026,3.121227,0.5476,,15254836.0308
"22-Feb-21",13.15,13.16,12.56,12.62,1307829,3.178419,0.5446,,15588506.1966
"23-Feb-21",12.1,12.81,11.64,12.33,1831530,3.169507,0.5521,,15486681.9676
"24-Feb-21",12.58,12.68,12.08,12.52,1085583,3.175654,0.5521,,16420739.6495
"25-Feb-21",12,12.76,11.18,11.19,2204165,3.210435,0.5544,,16652543.5536
"26-Feb-21",11.35,11.78,11.19,11.49,3345489,3.149841,0.5538,15615685,16579424.2013
"01-Mar-21",11.73,12.15,11.51,11.99,1581348,3.15614,0.557,,16713217.0587
"02-Mar-21",11.95,12.24,11.59,11.63,1298075,3.196127,0.5545,,16842342.7234
"03-Mar-21",11.67,11.81,11.19,11.2,1169723,3.259203,0.5516,,17175269.136
"04-Mar-21",11.26,11.62,10.9082,11.23,1780795,3.23837,0.5497,,17162823.2888
"05-Mar-21",11.25,11.39,10.51,11.36,1845948,3.22958,0.5486,,17189270.7141
"08-Mar-21",11.34,11.67,10.84,10.88,1091211,3.335951,0.5483,,17386848.5384
"09-Mar-21",11.265,11.76,11.08,11.52,1418954,3.396915,0.5504,,16605719.429
"10-Mar-21",11.7,11.9,11.37,11.4,1047536,3.432273,0.55,,16552626.1
"11-Mar-21",11.45,11.74,11.35,11.64,1110479,3.983152,0.5501,,17097613.5065
"12-Mar-21",11.51,11.63,11.3,11.54,775619,4.349938,0.5505,,17050766.4515
"15-Mar-21",11.52,11.87,11.28,11.825,927600,4.410342,0.5494,16560817,16763437.8475
"16-Mar-21",11.82,11.97,11.11,11.48,1322132,4.44216,0.5482,,16785299.8065
"17-Mar-21",11.377,11.86,11.2,11.86,1831421,4.4886,0.5491,,16908663.718
"18-Mar-21",12.03,12.52,11.79,11.86,2134738,4.530273,0.5476,,17146022.13
"19-Mar-21",12.445,13.26,12.2,13.23,4287688,4.130602,0.5429,,15528237.164
"22-Mar-21",13.35,13.93,13.21,13.59,1960172,4.455629,0.5457,,16159110.838
"23-Mar-21",13.49,13.5,12.5323,12.59,1886717,4.919731,0.5516,,16985180.5745
"24-Mar-21",12.66,12.79,11.52,11.56,2386146,4.763811,0.5489,,16121955.3495
"25-Mar-21",11.2977,12.3699,11.232,12.27,1513013,4.929013,0.549,,16663494.0654
"26-Mar-21",12.12,12.4,11.795,12,1121540,5.259705,0.5602,,17686952.556
"29-Mar-21",11.98,11.9928,11.55,11.59,1059724,5.282635,0.5608,,17428603.8108
"30-Mar-21",11.55,12,11.43,11.67,730170,5.593244,0.5613,,18006576.3241
"31-Mar-21",11.81,12.68,11.743,12.53,1150653,6.00398,0.5611,16515166,19213859.8834
"01-Apr-21",12.67,12.85,12.11,12.28,1101918,6.065757,0.5535,,19203923.3932
"02-Apr-21",,,,,,6.097909,0.5393,,19306600.4586
"05-Apr-21",12.43,12.65,12.3,12.64,927971,6.248429,0.5575,,19599726.9195
"06-Apr-21",12.56,12.64,11.84,11.85,987162,6.199374,0.5577,,19371187.6449
"07-Apr-21",11.76,11.94,11.2,11.24,1846313,6.083918,0.5671,,18995257.099
"08-Apr-21",11.33,11.5,11.04,11.25,1544174,6.225152,0.5593,,19379468.0534
"09-Apr-21",11.25,11.25,10.8332,11.02,895455,6.235915,0.5628,,16533332.6826
"12-Apr-21",11,11.23,10.6004,11.06,1378397,6.186648,0.5601,,16435893.2032
"13-Apr-21",10.98,11.36,10.95,11.28,1093773,6.208686,0.5601,,16444150.7862
"14-Apr-21",11.33,12.08,11.33,11.64,996831,6.310734,0.5626,,16711696.4754
"15-Apr-21",11.81,12.13,11.68,11.77,894577,6.365251,0.5629,16032022,16685272.2098
"16-Apr-21",11.83,11.85,11.33,11.48,862850,6.40057,0.5633,,16729863.158
"19-Apr-21",11.3,11.53,11.14,11.31,1757652,6.417678,0.562,,16820696.571
"20-Apr-21",11.25,11.58,11.15,11.53,744475,6.758281,0.5643,,17570485.1074
"21-Apr-21",11.55,11.89,11.289,11.87,850474,6.358235,0.5604,,16434241.6866
"22-Apr-21",11.9,12.17,11.6976,11.85,982115,6.477247,0.56,,16548196.332
"23-Apr-21",12.02,12.17,11.7,11.71,907717,6.53515,0.558,,16637378.2284
"26-Apr-21",11.65,12.4,11.65,12.36,1063920,6.700679,0.5599,,16317391.9916
"27-Apr-21",12.45,12.49,11.9401,12.07,821906,6.57922,0.5611,,15974306.7208
"28-Apr-21",11.97,12.43,11.84,12.33,925040,6.804218,0.5579,,16285327.9476
"29-Apr-21",12.493,12.5,11.8,11.9,811997,6.858903,0.557,,16173103.7936
"30-Apr-21",11.88,12.08,11.67,11.78,714366,6.921059,0.557,15178148,16049657.2242
"03-May-21",11.88,11.92,11.57,11.63,782597,7.034952,0.5528,,15975909.923
"04-May-21",11.84,11.84,10.95,11.36,1168082,7.11802,0.555,,16129817.3342
"05-May-21",11.27,11.35,10.35,10.39,1504188,7.085698,0.5544,,16089737.2792
"06-May-21",10.32,10.43,9.87,10.4,1547252,6.9892,0.5541,,15945449.0812
"07-May-21",10.51,10.845,10.47,10.54,916614,6.879548,0.5576,,15613586.2258
"10-May-21",10.39,10.46,10.05,10.17,1017475,6.894233,0.5577,,15533426.1158
"11-May-21",9.85,10.84,9.76,10.65,1348241,6.777515,0.5581,,14449596.896
"12-May-21",10.47,10.61,10.31,10.47,1212001,6.736648,0.5581,,14393437.7484
"13-May-21",10.55,10.68,10.09,10.4,1026483,6.762026,0.5602,,14434418.748
"14-May-21",10.51,10.935,10.38,10.85,850411,6.725713,0.566,15147677,14272012.5644
"17-May-21",10.84,11.1,10.8,10.89,685635,6.857221,0.5646,,14350938.934
"18-May-21",10.91,11.22,10.8,10.82,695782,7.026782,0.5703,,14616556.524
"19-May-21",10.7,10.95,10.54,10.61,612937,6.914477,0.572,,14272012.5644
"20-May-21",10.63,11.16,10.6,10.94,625735,6.694946,0.5736,,13704349.8292
"21-May-21",11.05,11.17,10.8,10.82,524738,6.621479,0.5759,,13428107.5356
"24-May-21",10.93,10.935,10.625,10.68,495357,6.747786,0.5763,,13452392.5724
"25-May-21",10.74,10.83,10.42,10.43,647361,7.120836,0.5774,,14982567.3207
"26-May-21",10.5,10.89,10.44,10.79,605495,7.035064,0.5735,,14500871.1921
"27-May-21",10.78,10.88,10.5629,10.84,731607,7.283063,0.5722,,14503900.7275
"28-May-21",10.88,11.32,10.735,10.78,776003,7.156887,0.5736,14474264,14176710.9043
"31-May-21",,,,,,7.122992,0.5735,,14108546.3578
"01-Jun-21",10.79,11.02,10.62,10.71,775420,6.938367,0.5739,,13670778.4925
"02-Jun-21",10.59,10.87,10.59,10.86,1103152,7.102996,0.5729,,13907082.2537
"03-Jun-21",10.8,10.96,10.7,10.77,691230,7.047271,0.5716,,13687440.9372
"04-Jun-21",10.83,10.945,10.74,10.89,757067,6.893632,0.5721,,13316322.8507
"07-Jun-21",10.93,11.55,10.805,11.4,1289932,7.122343,0.5715,,13534449.3995
"08-Jun-21",11.49,11.57,11.1,11.56,673551,6.908448,0.5779,,13046694.2001
"09-Jun-21",11.65,11.93,11.42,11.53,773854,7.257373,0.5825,,13931479.1
"10-Jun-21",11.52,11.905,11.39,11.76,588984,7.264016,0.5842,,13785289.0336
"11-Jun-21",11.8,11.9,11.62,11.76,564216,7.696926,0.5785,,14509002.2336
"14-Jun-21",11.76,11.85,11.62,11.75,1027502,7.558497,0.5779,,14296230.5528
"15-Jun-21",11.75,11.8,11.2,11.27,1009576,7.764536,0.5821,13727114,14666771.7112
"16-Jun-21",11.25,11.42,10.8801,11.26,749066,7.400182,0.582,,13943058.5112
"17-Jun-21",11.19,11.515,11.19,11.45,668298,7.404801,0.5797,,13824369.5464
"18-Jun-21",11.27,11.46,11.06,11.34,2881108,7.142657,0.5819,,13533436.84
"21-Jun-21",11.37,11.57,11.26,11.57,787054,7.657606,0.5828,,13576859.632
"22-Jun-21",11.55,11.61,11.165,11.45,1064540,7.364093,0.6039,,13061575.8336
"23-Jun-21",11.48,11.745,11.46,11.62,865590,6.853731,0.603,,11958636.9168
"24-Jun-21",11.63,12.01,11.62,11.8,816603,6.806483,0.6008,,10935019.0124
"25-Jun-21",11.78,12.05,11.73,12.02,2408066,7.089833,0.6097,,11394877.3314
"28-Jun-21",12.7956,12.8297,12.04,12.15,2030895,7.065259,0.6072,,11426449.6936
"29-Jun-21",12.04,12.17,11.65,11.72,823245,7.065092,0.6093,,11393504.62
"30-Jun-21",11.65,12.45,11.34,11.97,2061312,6.803313,0.6173,11820824,11139553.011
"01-Jul-21",12.155,12.21,11.81,12.01,1087791,6.812345,0.6115,,11193088.7556
"02-Jul-21",12.01,12.14,11.67,11.71,905506,6.644281,0.6148,,10884228.6906
"06-Jul-21",11.67,11.7,11.19,11.25,893545,6.32285,0.6116,,10352989.3788
"07-Jul-21",11.21,11.25,10.69,10.88,799656,6.499014,0.6114,,10611059.122
"08-Jul-21",10.625,10.87,10.49,10.53,1103661,6.61869,0.6055,,10682440.1148
"09-Jul-21",10.55,10.73,10.41,10.64,603013,6.69242,0.6064,,10642631.4842
"12-Jul-21",10.65,10.71,10.16,10.19,898183,6.618621,0.6058,,11169496.5976
"13-Jul-21",10.14,10.305,9.94,10.14,1294253,6.64896,0.6018,,11206141.152
"14-Jul-21",10.13,10.17,9.79,9.83,1164883,6.431474,0.6042,,10851516.432
"15-Jul-21",9.79,9.94,9.61,9.83,852434,6.415594,0.6039,12350626,10799504.8064
"16-Jul-21",9.89,9.98,9.73,9.82,508375,6.508544,0.6069,,10889343.0688
"19-Jul-21",9.67,10.02,9.56,9.81,653325,6.642603,0.6069,,11076112.088
"20-Jul-21",9.79,10.19,9.71,10.17,1021558,6.636478,0.5968,,10936626.3648
"21-Jul-21",10.252,10.43,10.03,10.38,1564169,6.560623,0.5965,,10954357.6008
"22-Jul-21",10.33,10.37,10.03,10.16,1133667,6.867679,0.5945,,11519392.988
"23-Jul-21",10.16,10.19,9.89,9.94,450048,7.16694,0.595,,11918936.8392
"26-Jul-21",9.88,10.0001,9.65,9.67,647732,7.314369,0.5987,,13853697.1842
"27-Jul-21",9.63,9.695,9.2,9.6,774981,7.08677,0.5984,,13359672.1442
"28-Jul-21",9.57,10,9.5439,9.95,688418,7.157148,0.5984,,13463417.4026
"29-Jul-21",9.96,10.13,9.72,9.72,602205,7.290668,0.5995,,13642501.4796
"30-Jul-21",9.73,9.9462,9.54,9.58,621319,7.814623,0.5956,11979781,14577443.8678
"02-Aug-21",9.63,9.77,9.6,9.63,525840,7.9587,0.5912,,14800990.1984
"03-Aug-21",9.63,9.63,9.38,9.58,570606,8.404394,0.588,,15532147.2576
"04-Aug-21",9.52,9.8,9.348,9.46,787883,8.335914,0.5878,,15407405.935
"05-Aug-21",9.4,9.98,9.39,9.97,920791,8.408639,0.5856,,15479039.5658
"06-Aug-21",9.56,9.87,9.145,9.76,1507124,8.388485,0.5857,,15443222.7504
"09-Aug-21",9.805,10,9.58,9.9,674168,8.778171,0.5853,,15933542.6026
"10-Aug-21",9.95,10.2636,9.8396,10.12,939655,8.773357,0.5869,,13089108.7206
"11-Aug-21",10.15,10.26,9.93,10.13,561664,8.780085,0.5876,,13000458.3412
"12-Aug-21",10.04,10.26,10.01,10.21,555580,9.231213,0.5847,,13488035.4279
"13-Aug-21",10.21,10.31,10.02,10.05,792702,9.265555,0.5851,11823727,13442512.2601
"16-Aug-21",10.05,10.05,9.505,9.53,839665,9.352118,0.584,,13537152.53
"17-Aug-21",9.39,9.74,9.3,9.69,816264,9.109297,0.585,,13166977.2971
"18-Aug-21",9.71,9.81,9.42,9.42,640750,8.950957,0.5875,,12927381.6771
"19-Aug-21",9.38,9.53,9,9.01,802682,8.637755,0.5873,,12497307.5392
"20-Aug-21",8.99,9.45,8.951,9.36,875094,8.817189,0.5879,,12814771.7357
"23-Aug-21",9.46,10.09,9.43,9.94,982517,8.557684,0.5877,,12595541.7434
"24-Aug-21",9.95,9.97,9.62,9.81,607287,8.695302,0.5877,,11198251.8417
"25-Aug-21",9.72,9.98,9.43,9.87,1397598,8.581842,0.5819,,11220716.923
"26-Aug-21",9.83,9.98,9.58,9.66,965173,8.316507,0.5815,,10931035.6115
"27-Aug-21",9.55,10.18,9.55,9.99,927632,8.751123,0.5833,,11563605.006
"30-Aug-21",10.06,10.15,9.76,9.88,1007554,8.565504,0.5808,,11400437.5734
"31-Aug-21",9.88,10.105,9.79,9.91,1924379,8.344197,0.5821,11411813,11283382.6761
"01-Sep-21",9.99,10.345,9.96,10.22,1117732,7.982597,0.58,,10821074.9504
"02-Sep-21",10.29,10.37,10.14,10.34,637024,8.388019,0.5656,,11346048.4292
"03-Sep-21",10.33,10.339,10,10.08,898965,8.212001,0.5576,,11072920.3355
"06-Sep-21",,,,,,8.138192,0.5576,,11056367.1177
"07-Sep-21",10.03,10.26,9.96,10.03,778142,7.157655,0.5759,,9695456.14
"08-Sep-21",10.04,10.04,9.58,9.82,1042630,6.993589,0.577,,9435334.146
"09-Sep-21",9.81,10.14,9.7601,9.95,1084979,6.902216,0.5773,,9373850.7656
"10-Sep-21",10,10.0201,9.66,9.66,539524,6.730282,0.577,,9209333.091
"13-Sep-21",9.68,9.835,9.455,9.52,748513,6.400466,0.5785,,8837307.9872
"14-Sep-21",9.58,9.61,9.11,9.14,771318,6.395148,0.5799,,8803072.5482
"15-Sep-21",9.19,9.3101,9.14,9.16,706998,5.686394,0.5795,10690423,7787421.1912
"16-Sep-21",9.16,9.255,8.9,9.23,899946,5.667726,0.5803,,7748621.027
"17-Sep-21",9.27,9.575,9.105,9.55,2226732,5.533103,0.5804,,7742915.1205
"20-Sep-21",9.28,9.5,9.15,9.28,914663,5.563398,0.5817,,7580867.3759
"21-Sep-21",9.34,9.61,9.31,9.54,873355,5.244132,0.5749,,7135806.6689
"22-Sep-21",9.62,9.66,9.465,9.6,714254,6.495117,0.5425,,8828178.5368
"23-Sep-21",9.62,9.83,9.51,9.83,725722,6.531511,0.534,,8829319.7181
"24-Sep-21",9.7,9.81,9.54,9.6,676611,6.521432,0.5356,,12065211.3978
"27-Sep-21",9.66,9.88,9.525,9.8,778990,6.940272,0.5398,,12520623.4176
"28-Sep-21",9.69,9.74,9.43,9.48,723519,6.935145,0.5403,,12470378.4295
"29-Sep-21",9.665,9.665,9.07,9.12,1309774,6.356844,0.5459,,11291224.7726
"30-Sep-21",9.17,9.3494,9.01,9.01,942787,6.800842,0.533,10459068,12104765.9629
"01-Oct-21",9.01,9.28,8.78,9.26,975663,7.372829,0.5444,,12881959.715
"04-Oct-21",9.2,9.2,8.7871,8.81,781917,7.323416,0.5227,,12723741.4546
"05-Oct-21",8.82,8.93,8.7101,8.85,725835,7.347962,0.5221,,12731224.7507
"06-Oct-21",8.72,8.8128,8.6,8.72,632658,7.207752,0.521,,12434030.9913
"07-Oct-21",8.76,8.97,8.66,8.86,541870,7.412819,0.5216,,12710912.947
"08-Oct-21",8.83,8.85,8.63,8.77,433016,7.591839,0.5195,,12935411.83
"11-Oct-21",8.71,8.93,8.69,8.79,821926,7.593812,0.5195,,11176560.0648
"12-Oct-21",8.86,9.14,8.665,8.71,1233636,7.340761,0.5178,,10873247.0928
"13-Oct-21",8.83,9.075,8.74,8.83,637751,6.313312,0.5392,,9308570.52
"14-Oct-21",8.91,9.035,8.75,8.88,675714,6.467405,0.5343,,9434079.336
"15-Oct-21",9,9,8.675,8.75,793188,5.931361,0.5288,10198395,8595262.0824
"18-Oct-21",8.7,8.728,8.505,8.55,814962,5.800382,0.529,,8451972.8508
"19-Oct-21",8.6,8.75,8.46,8.52,569310,5.855083,0.5297,,8488579.5888
"20-Oct-21",8.48,8.54,8.22,8.23,728945,5.778768,0.5313,,8389218.4428
"21-Oct-21",8.24,8.415,8.24,8.32,690509,6.232578,0.5412,,8994798.48
"22-Oct-21",8.28,8.41,8.13,8.32,861078,5.753426,0.5387,,8199909.312
"25-Oct-21",8.34,8.39,8.12,8.13,994740,5.806765,0.5417,,8313913.1532
"26-Oct-21",8.17,8.22,8.07,8.1,1002104,5.588306,0.5411,,9520201.7325
"27-Oct-21",8.07,8.2,7.96,7.98,764163,5.476806,0.5437,,9349888.536
"28-Oct-21",8,8.345,7.8938,8.33,1652998,5.262389,0.548,,9125523.846
"29-Oct-21",8.34,8.4,8.065,8.12,767777,5.298918,0.5468,,9202011.8085
"01-Nov-21",8.12,8.79,8.12,8.66,1162097,5.354905,0.5535,,9432495.5355
"02-Nov-21",8.5,9.02,8.285,8.77,3380472,6.494703,0.5699,,11935181.6685
"03-Nov-21",8.85,9.21,8.7286,9.14,1668752,,0.5768,,10756247.2065
"19-Nov-21",,,,,,,,,,,0