"Date","open SKY Price in USD","high SKY Price in USD","low SKY Price in USD","close SKY Price in USD","SKY Volume","Days to cover 3m (on loan)","Cost To Borrow","Exchange Reported SI","Estimated Short Interest","Dividends","hidden"
"02-Jan-17",,,,,,
"03-Jan-17",,,,,,
"04-Jan-17",,,,,,
"05-Jan-17",,,,,,
"06-Jan-17",,,,,,
"09-Jan-17",,,,,,
"10-Jan-17",,,,,,
"11-Jan-17",,,,,,
"12-Jan-17",,,,,,
"03-Jul-17",,,,,,
"04-Jul-17",,,,,,
"05-Jul-17",,,,,,
"06-Jul-17",,,,,,
"07-Jul-17",,,,,,
"10-Jul-17",,,,,,
"11-Jul-17",,,,,,
"12-Jul-17",,,,,,
"13-Jul-17",,,,,,
"14-Jul-17",,,,,,
"17-Jul-17",,,,,,
"18-Jul-17",,,,,,
"19-Jul-17",,,,,,
"20-Jul-17",,,,,,
"21-Jul-17",,,,,,
"24-Jul-17",,,,,,
"25-Jul-17",,,,,,
"26-Jul-17",,,,,,
"27-Jul-17",,,,,,
"28-Jul-17",,,,,,
"31-Jul-17",,,,,,
"01-Aug-17",,,,,,
"02-Aug-17",,,,,,
"03-Aug-17",,,,,,
"04-Aug-17",,,,,,
"07-Aug-17",,,,,,
"08-Aug-17",,,,,,
"09-Aug-17",,,,,,
"02-Oct-17",,,,,,,1.1407
"03-Oct-17",,,,,,,1.5645
"04-Oct-17",,,,,,,1.8481
"05-Oct-17",,,,,,,1.8407
"06-Oct-17",,,,,,,1.8173
"09-Oct-17",,,,,,,1.8027
"10-Oct-17",,,,,,,1.771
"11-Oct-17",,,,,,,2.356
"12-Oct-17",,,,,,,2.1584
"13-Oct-17",,,,,,,2.0306
"16-Oct-17",,,,,,,1.8149
"17-Oct-17",,,,,,,1.896
"18-Oct-17",,,,,,,2.4863
"19-Oct-17",,,,,,,2.4535
"20-Oct-17",,,,,,,2.1673
"23-Oct-17",,,,,,,2.2375
"24-Oct-17",,,,,,,2.199
"25-Oct-17",,,,,,,2.2706
"26-Oct-17",,,,,,,2.1626
"27-Oct-17",,,,,,,1.8593
"30-Oct-17",,,,,,,1.6768
"31-Oct-17",,,,,,,1.5612
"01-Nov-17",,,,,,,1.4416
"02-Nov-17",,,,,,,2.0679
"03-Nov-17",,,,,,,1.5622
"06-Nov-17",,,,,,,1.6653
"07-Nov-17",,,,,,,1.9183
"08-Nov-17",,,,,,,1.68
"09-Nov-17",,,,,,,1.3912
"10-Nov-17",,,,,,,1.4826
"13-Nov-17",,,,,,,1.6726
"14-Nov-17",,,,,,,1.8241
"15-Nov-17",,,,,,,1.8309
"16-Nov-17",,,,,,,1.7684
"17-Nov-17",,,,,,,1.7172
"20-Nov-17",,,,,,,1.6019
"21-Nov-17",,,,,,,1.5962
"22-Nov-17",,,,,,,1.6718
"23-Nov-17",,,,,,,1.6718
"24-Nov-17",,,,,,,1.7271
"27-Nov-17",,,,,,,1.2012
"28-Nov-17",,,,,,,1.1299
"29-Nov-17",,,,,,,1.1371
"30-Nov-17",,,,,,,1.1709
"01-Dec-17",,,,,,,1.343
"04-Dec-17",,,,,,,1.8742
"05-Dec-17",,,,,,,1.9409
"06-Dec-17",,,,,,,2.08
"07-Dec-17",,,,,,,2.0722
"08-Dec-17",,,,,,,1.8772
"11-Dec-17",,,,,,,1.814
"12-Dec-17",,,,,,,1.7916
"13-Dec-17",,,,,,,1.7916
"14-Dec-17",,,,,,,1.7876
"15-Dec-17",,,,,,,1.9688
"18-Dec-17",,,,,,,2.0242
"19-Dec-17",,,,,,,2.1118
"20-Dec-17",,,,,,,2.0413
"21-Dec-17",,,,,,,2.1313
"22-Dec-17",,,,,,,1.8957
"25-Dec-17",,,,,,,1.8393
"26-Dec-17",,,,,,,1.8393
"27-Dec-17",,,,,,,1.9351
"28-Dec-17",,,,,,,1.8984
"29-Dec-17",,,,,,,1.9835
"01-Jan-18",,,,,,,1.9342
"02-Jan-18",,,,,,,1.8341
"03-Jan-18",,,,,,,2.019
"04-Jan-18",,,,,,,2.0199
"05-Jan-18",,,,,,,2.0458
"08-Jan-18",,,,,,,1.3652
"09-Jan-18",,,,,,,1.4023
"10-Jan-18",,,,,,,1.4691
"11-Jan-18",,,,,,,1.7975
"12-Jan-18",,,,,,,1.6446
"15-Jan-18",,,,,,,1.6775
"16-Jan-18",,,,,,,1.6465
"17-Jan-18",,,,,,,1.0457
"18-Jan-18",,,,,,,0.962
"19-Jan-18",,,,,,,0.9305
"22-Jan-18",,,,,,,0.9349
"23-Jan-18",,,,,,,0.9379
"24-Jan-18",,,,,,,0.9355
"25-Jan-18",,,,,,,0.8825
"26-Jan-18",,,,,,,0.8878
"29-Jan-18",,,,,,,0.7174
"30-Jan-18",,,,,,,0.7331
"31-Jan-18",,,,,,,0.7135
"01-Feb-18",,,,,,,0.6816
"02-Feb-18",,,,,,,0.644
"05-Feb-18",,,,,,,0.6988
"06-Feb-18",,,,,,,0.7002
"07-Feb-18",,,,,,,0.6692
"08-Feb-18",,,,,,,0.7528
"09-Feb-18",,,,,,,0.7388
"12-Feb-18",,,,,,,0.7416
"13-Feb-18",,,,,,,0.6659
"14-Feb-18",,,,,,,0.6732
"15-Feb-18",,,,,,,0.6752
"16-Feb-18",,,,,,,0.6709
"19-Feb-18",,,,,,,0.6499
"20-Feb-18",,,,,,,0.6344
"21-Feb-18",,,,,,,0.6345
"22-Feb-18",,,,,,,0.6689
"23-Feb-18",,,,,,,0.6683
"26-Feb-18",,,,,,,0.6543
"27-Feb-18",,,,,,,0.6585
"28-Feb-18",,,,,,,0.6994
"01-Mar-18",,,,,,,0.6921
"02-Mar-18",,,,,,,0.9468
"05-Mar-18",,,,,,,0.8539
"06-Mar-18",,,,,,,1.0603
"07-Mar-18",,,,,,,0.8252
"08-Mar-18",,,,,,,0.8338
"09-Mar-18",,,,,,,0.8571
"12-Mar-18",,,,,,,0.8473
"13-Mar-18",,,,,,,0.8727
"14-Mar-18",,,,,,,0.9229
"15-Mar-18",,,,,,,0.9565
"16-Mar-18",,,,,,,0.851
"19-Mar-18",,,,,,,0.7756
"20-Mar-18",,,,,,,0.8748
"21-Mar-18",,,,,,,0.7897
"22-Mar-18",,,,,,,0.8094
"23-Mar-18",,,,,,,0.8582
"26-Mar-18",,,,,,,0.8624
"27-Mar-18",,,,,,,0.9085
"28-Mar-18",,,,,,,0.9717
"29-Mar-18",,,,,,,0.9647
"30-Mar-18",,,,,,,0.9053
"02-Apr-18",,,,,,,0.8655
"03-Apr-18",,,,,,,0.8829
"04-Apr-18",,,,,,,0.9386
"05-Apr-18",,,,,,,0.914
"06-Apr-18",,,,,,,1.0752
"09-Apr-18",,,,,,,1.1121
"10-Apr-18",,,,,,,0.9377
"11-Apr-18",,,,,,,1.0147
"12-Apr-18",,,,,,,0.9931
"13-Apr-18",,,,,,,0.9842
"16-Apr-18",,,,,,,0.8843
"17-Apr-18",,,,,,,0.9135
"18-Apr-18",,,,,,,0.8965
"19-Apr-18",,,,,,,0.8844
"20-Apr-18",,,,,,,0.8849
"23-Apr-18",,,,,,,0.8616
"24-Apr-18",,,,,,,0.8671
"25-Apr-18",,,,,,,0.9913
"26-Apr-18",,,,,,,0.9709
"27-Apr-18",,,,,,,0.9083
"30-Apr-18",,,,,,,0.8698
"01-May-18",,,,,,,0.857
"02-May-18",,,,,,,0.8939
"03-May-18",,,,,,,0.9076
"04-May-18",,,,,,,0.9505
"07-May-18",,,,,,,0.9777
"08-May-18",,,,,,,0.996
"09-May-18",,,,,,,0.9483
"10-May-18",,,,,,,0.8442
"11-May-18",,,,,,,0.8814
"14-May-18",,,,,,,0.9043
"15-May-18",,,,,,,0.9621
"16-May-18",,,,,,,1.0012
"17-May-18",,,,,,,0.9929
"18-May-18",,,,,,,0.9984
"21-May-18",,,,,,,0.9863
"22-May-18",,,,,,,0.9135
"23-May-18",,,,,,,1.2244
"24-May-18",,,,,,,1.2253
"28-May-18",,,,,,,1.2253
"29-May-18",,,,,,,0.8767
"30-May-18",,,,,,,0.8742
"31-May-18",,,,,,,0.894
"01-Jun-18",,,,,,,0.8294
"04-Jun-18",33.5,34.8098,32.2731,33,88235,3.354973,0.8472
"05-Jun-18",33.26,33.4,31.641,32.06,126908
"06-Jun-18",32.25,32.37,31.21,32.21,99799,2.40373,0.8224
"07-Jun-18",32.3,32.385,30.27,31.23,93143,2.655012,0.8521
"08-Jun-18",31.09,33,31.09,32.89,115892,2.477819,0.8556
"11-Jun-18",33,33.19,31.51,32.35,71024,2.648694,0.8535
"12-Jun-18",32.63,34.5,32.581,33.66,88218,2.668125,0.8873
"13-Jun-18",34,34,31.065,32.08,117792,2.610711,0.8855
"14-Jun-18",32.19,32.19,30.47,31.33,130101,2.638777,1.1337
"15-Jun-18",31.24,33.87,31.24,32.93,175549,2.386614,0.9765
"18-Jun-18",32.57,33.99,32.17,33.88,75074,2.380313,1.0414
"19-Jun-18",33.48,33.69,32.22,33.31,68034,2.441904,1.0163
"20-Jun-18",33.44,33.44,32.04,32.49,73409
"21-Jun-18",32.52,33.0097,30.059,31.02,109841,2.595742,1.0514
"22-Jun-18",30.76,31.455,30.16,31.25,779883,1.861205,1.018
"25-Jun-18",31.29,33.58,31.26,33.31,221189,1.850892,1.0234
"26-Jun-18",33.42,35.65,33.24,35.26,306437
"27-Jun-18",35.26,35.52,34.16,34.42,132779,3.612988,1.0115
"28-Jun-18",34.27,35.2995,33.86,34.7,125110,3.641166,0.98
"29-Jun-18",35.04,35.29,34.76,35.04,166543
"02-Jul-18",34.56,34.66,33.11,34.1,92153,3.740292,0.9468
"03-Jul-18",34.16,34.16,33.25,33.35,50502,4.338998,0.9159
"04-Jul-18",,,,,,4.44941,0.8877
"05-Jul-18",33.42,34.45,33.42,34.38,96529,4.833446,0.8631
"06-Jul-18",34.39,34.45,33.17,33.49,101342,4.935582,0.8339
"09-Jul-18",33.62,34.22,33.19,33.43,71685,5.054296,0.794
"10-Jul-18",33.51,34.16,33.01,33.23,161356,5.036289,0.8013
"11-Jul-18",33,33.4088,32.18,32.54,94051,5.180243,0.7938
"12-Jul-18",32.7,32.81,31.61,32.66,63133,5.460222,0.7845
"13-Jul-18",32.4,32.99,32.4,32.58,58134,5.944411,0.8131
"16-Jul-18",32.47,32.47,31.18,31.4,124844
"17-Jul-18",31.21,32.16,31.17,31.68,84849,5.985883,0.8057
"18-Jul-18",31.68,31.79,28.73,29.55,235489
"19-Jul-18",29.69,30.49,29.091,29.57,88128
"20-Jul-18",29.56,29.56,29.11,29.27,95169,6.148701,0.7884
"23-Jul-18",29.27,29.94,28.9,29.44,56427,6.22203,0.7826
"24-Jul-18",29.43,29.89,28.37,28.44,47015,6.369914,0.7769
"25-Jul-18",28.36,28.94,28.2,28.6,52661,6.48051,0.7801
"26-Jul-18",28.72,29.6565,28.25,29.15,60453,6.450026,0.7661
"27-Jul-18",29.11,29.75,28.425,28.76,106879,6.545906,0.7749
"30-Jul-18",28.76,28.93,27.5,27.63,54764,6.575472,0.7644
"31-Jul-18",26.55,26.56,24.8,25.68,264899
"01-Aug-18",25.41,25.63,24.7785,25.57,375169,6.14178,0.772
"02-Aug-18",24.92,25.47,23.26,23.69,790493,5.671399,0.8104
"03-Aug-18",23.15,25.49,23.15,24.24,4486264
"06-Aug-18",24.4,26.69,24.4,26.2,1050957,4.288928,1.2986
"07-Aug-18",26.35,28.06,26,27.4,644926,5.051487,1.3982
"08-Aug-18",28.57,29.5,27.58,27.83,567393,5.192179,1.0828
"09-Aug-18",27.91,28.31,27.1,27.9,395226,4.908815,1.0431
"10-Aug-18",27.26,27.47,25.86,26.46,474105,2.055925,1.0225
"13-Aug-18",26.4,26.4,24.81,24.87,462169,2.191164,0.9022
"14-Aug-18",25,25.38,24.46,25.05,218385,1.300477,0.874
"15-Aug-18",24.7,24.83,23.74,24.31,338358,1.424408,0.8226
"16-Aug-18",24.48,25.565,24.4,25.24,250655,1.314191,0.7703
"17-Aug-18",25.16,25.53,24.54,25.28,259213,1.54254,0.738
"20-Aug-18",25.53,26.17,24.86,25.58,277445,1.460164,0.748
"21-Aug-18",25.6,27.4,25.2,27.03,369276,1.483804,0.7586
"22-Aug-18",27.03,28.87,26.99,27.93,409668,1.610775,0.7395
"23-Aug-18",27.86,28.5,27.8343,28.1,170240,1.442271,0.7374
"24-Aug-18",28.28,28.67,27.71,28.12,174992,1.695042,0.7826
"27-Aug-18",28.23,29.1,27.95,28.97,216013,1.779257,0.7287
"28-Aug-18",30.12,30.29,28.54,29.35,253563,1.647383,0.7219
"29-Aug-18",29.53,29.53,28.6,28.7,159039,1.515524,0.6974
"30-Aug-18",28.52,29.51,28.52,29.02,123785,1.608239,0.7033
"31-Aug-18",29.09,29.09,28.65,28.91,179392,1.194616,0.721
"03-Sep-18",,,,,,1.182083,0.6916
"04-Sep-18",28.64,28.785,27.335,27.45,253405,1.120737,0.7251
"05-Sep-18",27.41,27.63,26.53,27.5,298531,1.208813,0.742
"06-Sep-18",27.63,27.74,27.02,27.58,222310,1.205916,0.6979
"07-Sep-18",27.99,29.11,27.94,28.39,227899,1.029549,0.6762
"10-Sep-18",28.55,28.75,28.191,28.54,150126,1.024136,0.6758
"11-Sep-18",28.31,29.99,28.31,29.83,323417,1.046827,0.6794
"12-Sep-18",29.88,30.25,29.44,29.94,210534
"13-Sep-18",29.96,30.51,29.6486,30.1,276348,1.39461,0.6488
"14-Sep-18",30.03,30.41,29.35,30.16,185075,1.555798,0.667
"17-Sep-18",29.89,30.03,29.28,29.66,250574,1.492518,0.6621
"18-Sep-18",29.61,30.28,29.61,30.13,187900,1.442857,0.6486
"19-Sep-18",30.14,30.75,30.1009,30.61,354494,1.603077,0.641
"20-Sep-18",28.84,30.01,27.26,29.91,1384871,1.483274,0.6444
"21-Sep-18",30.05,30.51,29.9,30.03,6224090,1.233329,0.6572
"24-Sep-18",30.17,31.09,30.1,30.2,1248293,0.956156,0.7021
"25-Sep-18",30.27,31.19,30.27,30.92,2152739,1.065231,0.6734
"26-Sep-18",30.79,31,29.32,29.77,737854,0.626637,1.1367
"27-Sep-18",29.54,29.78,27.9,28.51,543963,0.644609,0.7487
"28-Sep-18",28.32,28.665,28.06,28.57,712756,0.9053,0.7165
"01-Oct-18",28.7,29.99,28.65,29.16,872861,0.709281,0.7811
"02-Oct-18",29.33,30.18,29.28,29.73,811598,0.840377,0.7276
"03-Oct-18",29.85,30.17,29.56,30,869986,0.543804,0.7772
"04-Oct-18",29.73,30.95,29.68,30.02,587171,0.486903,1.1486
"05-Oct-18",29.98,29.98,28.24,29.36,2087341,0.475877,0.7432
"08-Oct-18",29.15,29.58,28.55,29.09,564428,0.458148,0.7046
"09-Oct-18",29,29.63,26.35,27,1055242,0.534329,0.7453
"10-Oct-18",26.97,27.17,24.79,25.13,1019043,1.88395,0.6974
"11-Oct-18",24.96,25.7275,24.24,24.44,887388,2.008484,0.6873
"12-Oct-18",24.93,25.7,24.78,25.53,858202,2.092406,0.6679
"15-Oct-18",25.43,25.62,25.2,25.51,478394,2.166387,0.6652
"16-Oct-18",25.71,27.08,25.49,27.02,491185,2.226883,0.6814
"17-Oct-18",26.79,27.275,26.26,27.11,404497,2.388682,0.659
"18-Oct-18",26.87,27.35,26.28,26.32,392665,2.542749,0.6519
"19-Oct-18",26.32,26.32,24.23,24.23,689973,2.701836,0.6457
"22-Oct-18",24.32,24.55,21.93,22.46,1239159,2.625165,0.6471
"23-Oct-18",22.18,23.07,21.89,22.98,736364,2.945917,0.6383
"24-Oct-18",23.1,23.64,21.75,21.83,592200,2.597339,0.6454
"25-Oct-18",22.15,23.07,22.15,23.01,704097,2.566714,0.646
"26-Oct-18",22.49,23.89,22.24,23.39,568648
"29-Oct-18",23.96,24.37,22.7,23.07,482585
"30-Oct-18",22.95,24.36,22.72,24.29,394983
"31-Oct-18",24.75,25.35,23.14,23.83,592444
"01-Nov-18",24.07,25.77,23.83,25.6,336454
"02-Nov-18",25.81,25.81,24.79,25.2,327633
"05-Nov-18",25.12,25.4,24.22,24.61,499717,3.225636,0.6383
"06-Nov-18",24.97,26.54,24.82,25.35,602062,3.228546,0.6358
"07-Nov-18",25.75,25.75,24.62,25.13,365501,3.173592,0.6335
"08-Nov-18",24.78,25.95,24.26,25.56,205460,3.030084,0.6374
"09-Nov-18",25.31,25.4,23.46,23.63,317236,2.979079,0.6417
"12-Nov-18",23.41,23.42,21.8,22.15,462155,2.929233,0.6325
"13-Nov-18",22.21,23.46,22.07,23.22,404724,1.7843,0.691
"14-Nov-18",23.45,24.1316,22.98,23.03,283673,1.835322,0.6865
"15-Nov-18",22.91,23.55,22.71,23.48,347710,1.910247,0.6629
"16-Nov-18",23.3,23.98,22.91,23.94,220613,1.744599,0.6622
"19-Nov-18",23.85,24.18,22.06,22.14,356894,1.738675,0.6616
"20-Nov-18",21.51,22.6,21.43,22.14,390195,1.710102,0.669
"21-Nov-18",22.37,23.65,22.015,23.46,265307,1.694062,0.6532
"22-Nov-18",,,,,,1.724677,0.6434
"23-Nov-18",23.18,24.16,23.18,23.63,103919,1.766199,0.6527
"26-Nov-18",23.99,24.37,23.45,23.59,331432,1.657801,0.641
"27-Nov-18",23.3,23.97,22.54,22.75,348350,1.648582,0.645
"28-Nov-18",22.04,22.78,21.48,22,2339589,1.596015,0.6359
"29-Nov-18",21.65,22.33,21.65,22.16,662874,2.9816,0.6109
"30-Nov-18",22.21,23.16,22.06,22.52,1254893,3.828435,0.7256
"03-Dec-18",23.02,23.25,21.83,21.94,687085,2.322664,0.6003
"04-Dec-18",21.67,21.9,18.12,18.35,1661178,2.507634,0.6273
"05-Dec-18",,,,,,2.653457,0.6129
"06-Dec-18",18.16,18.3281,17.62,18.3,840476,1.348197,0.6403
"07-Dec-18",18.19,18.89,17.54,17.62,1359103,1.291279,0.6365
"10-Dec-18",17.45,17.88,16.96,17.54,609048,1.233262,0.6523
"11-Dec-18",18,18.15,16.47,16.86,501248,1.14236,0.6515
"12-Dec-18",17.05,17.16,16.37,16.51,595442,0.989231,0.6484
"13-Dec-18",16.68,16.73,15.5,15.73,680135,0.91528,0.6518
"14-Dec-18",15.53,15.88,14.91,15.21,533298,0.807249,0.675
"17-Dec-18",15.13,15.98,14.925,14.97,626570,0.846928,0.6732
"18-Dec-18",15.13,16.05,15.07,16,1118904,0.933961,0.6645
"19-Dec-18",16,16.46,15.6508,15.79,1248688,0.743052,0.6627
"20-Dec-18",15.71,16.03,14.71,14.78,712943,0.797883,0.6448
"21-Dec-18",14.72,14.72,13.31,13.46,1982457,0.91547,0.634
"24-Dec-18",13.23,13.64,12.77,12.8,452822,1.028335,0.6425
"25-Dec-18",,,,,,1.016356,0.6334
"26-Dec-18",13.01,13.86,12.72,13.84,682783,1.743095,0.6241
"27-Dec-18",13.51,14.05,13.23,14.01,573295,1.937486,0.6797
"28-Dec-18",14.03,14.3595,13.735,14.06,508501,1.333725,0.6229
"31-Dec-18",14.24,14.76,14,14.69,592482,1.385932,0.6177
"01-Jan-19",,,,,,1.304471,0.622
"02-Jan-19",14.31,15.36,14.31,14.75,1036156,1.414925,0.6389
"03-Jan-19",14.54,14.73,14.07,14.24,547234,1.513078,0.6302
"04-Jan-19",14.55,15.24,14.32,14.99,677355,1.671713,0.6334
"07-Jan-19",15.1,16.13,14.89,15.97,839478,1.780496,0.6231
"08-Jan-19",16.17,16.2199,15.38,15.76,493022,1.772885,0.629
"09-Jan-19",15.9,16.14,15.31,15.57,401339,1.842418,0.6476
"10-Jan-19",15.42,15.66,14.81,15.43,395564,1.67145,0.6475
"11-Jan-19",15.24,15.42,14.8,15.14,768102,1.828887,0.6234
"14-Jan-19",14.99,15.6,14.92,15.25,632238,1.753721,0.6188
"15-Jan-19",15.26,15.53,14.99,15.44,433076,1.714742,0.6166
"16-Jan-19",15.48,15.79,15.36,15.63,399516,1.863056,0.6255
"17-Jan-19",15.44,15.91,15.42,15.82,244694,1.678315,0.6377
"18-Jan-19",15.93,16.19,15.69,15.99,311571,1.757094,0.6378
"21-Jan-19",,,,,,1.744448,0.6379
"22-Jan-19",15.83,15.83,15.01,15.13,634372,1.75886,0.6451
"23-Jan-19",15.27,15.495,14.65,15.13,421264,1.795956,0.6408
"24-Jan-19",15.26,15.87,15.0501,15.85,158137,1.797747,0.6421
"25-Jan-19",15.9,16.52,15.85,16.2,535624,1.815894,0.6416
"28-Jan-19",15.96,16.58,15.655,16.2,750609,1.60941,0.6892
"29-Jan-19",16.16,16.6225,15.9,16.48,366198,1.450293,0.7078
"30-Jan-19",16.68,17.19,16.22,17.12,378439,1.437038,0.6804
"31-Jan-19",17.83,18.92,17.81,18.06,1199213,1.534875,0.6647
"01-Feb-19",18.04,18.17,17.57,17.79,525201,1.633724,0.6428
"04-Feb-19",17.81,18,17.5,17.69,754843,1.854561,0.6254
"05-Feb-19",17.6,17.71,16.5,16.85,1141399,1.95119,0.6138
"06-Feb-19",19.25,20.785,18.61,19.62,4267591,1.676001,0.6125
"07-Feb-19",19.46,19.68,19.05,19.22,928806,1.712489,0.6205
"08-Feb-19",18.91,19.4,18.91,19.26,678512,2.243348,0.6047
"11-Feb-19",19.4,19.68,19.02,19.2,580804,2.294442,0.6044
"12-Feb-19",19.45,19.73,19.15,19.7,1065930,2.560061,0.5964
"13-Feb-19",19.7,19.96,19.19,19.42,652578,2.602917,0.5956
"14-Feb-19",19.17,19.39,18.77,19.3,367365,3.000356,0.5951
"15-Feb-19",19.33,19.845,19.22,19.73,445615,2.872419,0.6029,2159432
"18-Feb-19",,,,,,2.761421,0.6031
"19-Feb-19",19.7,20.2825,19.59,20.22,751920,2.732804,0.5927
"20-Feb-19",20.27,20.43,19.97,20.31,356982,2.791931,0.5766
"21-Feb-19",20.22,20.72,20.09,20.66,530758,3.074595,0.5711
"22-Feb-19",20.77,21.81,20.77,21.39,1087341,3.140319,0.5712
"25-Feb-19",21.66,21.81,21.26,21.71,759139,3.221951,0.571
"26-Feb-19",21.48,22.16,21.35,21.99,956435,3.489129,0.5739
"27-Feb-19",21.87,22.03,21.46,22,535826,3.604736,0.5796,,2885864.9248
"28-Feb-19",21.01,21.25,19.8,19.86,6326267,3.33882,0.5838,3277158,3002042.3664
"01-Mar-19",20.11,21.13,20.11,21.09,2010582,3.543579,0.5886,,3156657.6976
"04-Mar-19",21.23,21.84,20.7,20.78,837031,4.354299,0.6151,,3890000.8048
"05-Mar-19",20.92,20.97,20.09,20.12,723038,3.242239,0.6273,,2844835.7168
"06-Mar-19",20.09,20.09,19.42,19.49,543647,2.421615,0.5456,,2111924.496
"07-Mar-19",19.47,20.03,19.03,19.99,720331,3.126292,0.5635,,2720236.4904
"08-Mar-19",19.81,20.26,19.68,19.94,447209,2.403586,0.5322,,2054699.548
"11-Mar-19",20.02,20.76,19.8701,20.53,433115,2.305303,0.5309,,2143916.7636
"12-Mar-19",20.52,20.68,20.305,20.52,292223,2.273989,0.529,,2106229.4466
"13-Mar-19",20.67,20.67,19.94,19.95,463122,2.246398,0.5341,,2075096.4456
"14-Mar-19",19.87,20.035,19.2,19.37,510323,2.111763,0.5258,,1944010.1256
"15-Mar-19",19.36,19.72,19.3,19.46,1388796,2.017157,0.5258,2087407,1888626.1554
"18-Mar-19",19.48,19.87,19.21,19.69,279691,1.825515,0.519,,1697567.844
"19-Mar-19",19.77,19.84,19.07,19.08,326591,1.732296,0.5316,,1585816.7562
"20-Mar-19",19.02,19.47,18.39,19.05,467038,1.809193,0.532,,1630386.105
"21-Mar-19",19.01,19.79,19.01,19.55,469125,1.835427,0.5233,,1645788.7476
"22-Mar-19",19.35,19.58,18.53,18.75,600053,1.943878,0.5222,,1693962.9702
"25-Mar-19",18.77,19.17,18.71,18.99,381939,2.061608,0.5254,,1793916.2892
"26-Mar-19",19.18,19.18,18.54,18.99,346294,2.081362,0.5311,,1983662.8721
"27-Mar-19",19.1,19.29,18.9,19.01,418730,2.1111,0.5319,,2000988.3502
"28-Mar-19",19.11,19.38,18.77,18.91,243085,2.204276,0.5295,,2074882.558
"29-Mar-19",19.08,19.46,18.69,19,338820,2.116694,0.5261,2300626,1985332.7977
"01-Apr-19",19.11,19.36,18.95,19.33,386841,2.124006,0.5317,,1983454.1314
"02-Apr-19",19.33,19.89,19.2,19.79,335703,2.22447,0.5227,,2058809.5241
"03-Apr-19",19.99,20.35,19.9,20.16,375033,1.735266,0.5184,,1583715.6909
"04-Apr-19",20.17,20.73,20.15,20.32,1417947,1.704937,0.5151,,1584968.1351
"05-Apr-19",20.42,20.93,20.18,20.77,978132,1.712572,0.5187,,1602084.8725
"08-Apr-19",20.65,21.04,20.45,20.75,751764,2.535785,0.5388,,2367954.5008
"09-Apr-19",20.56,20.68,19.78,19.92,491210,2.098637,0.5271,,2270947.9246
"10-Apr-19",19.96,20.395,19.96,20.1,363331,2.047288,0.5238,,2213662.3372
"11-Apr-19",20.2,20.34,19.96,20,286743,1.933185,0.5209,,2085517.469
"12-Apr-19",20.21,20.21,19.77,19.93,272972,1.776476,0.5109,,1896636.0744
"15-Apr-19",20.04,20.2,19.43,19.79,194773,1.818402,0.518,2530926,1923323.336
"16-Apr-19",19.84,20.13,19.685,20.1,188045,1.817005,0.5174,,1911590.1434
"17-Apr-19",20.16,20.26,19.86,20.16,207100,1.821153,0.5117,,1908139.2044
"18-Apr-19",20.06,20.47,19.92,20.19,199421,1.688229,0.5183,,1767110.8306
"19-Apr-19",,,,,,1.672722,0.5138,,1767110.8306
"22-Apr-19",20.13,20.41,19.47,19.83,256917,1.689819,0.5267,,1766650.7054
"23-Apr-19",20.01,20.59,19.84,20.55,390221,1.785376,0.518,,1856605.182
"24-Apr-19",20.49,20.84,20.13,20.51,173809,1.854343,0.5123,,2524092.4998
"25-Apr-19",20.3,20.34,19.72,20,241198,2.01931,0.4979,,2753647.488
"26-Apr-19",20,20.07,19.41,19.75,442225,1.936826,0.4913,,2635706.3364
"29-Apr-19",19.78,20.269,19.7,20.2,253780,1.780215,0.4805,,2396280.7368
"30-Apr-19",20.18,21.14,20.18,21.11,332306,1.828266,0.4657,2413622,2459047.7016
"01-May-19",21.21,21.97,20.89,21.09,624575,1.814868,0.5082,,2427917.3118
"02-May-19",20.87,21.98,20.79,21.37,364213,1.811934,0.5079,,2415009.5892
"03-May-19",21.57,21.86,20.98,21.78,253469,1.809759,0.4939,,2387675.5884
"06-May-19",21.3,21.71,21.03,21.47,298584,1.877925,0.493,,2426651.8488
"07-May-19",21.19,21.2886,19.95,20.49,679740,1.978503,0.4809,,2341359.6426
"08-May-19",20.35,20.82,20.35,20.6,361222,1.989432,0.4958,,2319846.7716
"09-May-19",20.43,21.05,20.2,21.01,349698,2.013774,0.5208,,2285217.3096
"10-May-19",20.94,21.28,20.75,21.1,415119,2.10708,0.5339,,2378865.8432
"13-May-19",20.44,20.82,20.18,20.63,470631,2.176232,0.5359,,2420380.1416
"14-May-19",20.69,21.4425,20.485,21.31,569187,2.360262,0.5345,,2619262.5944
"15-May-19",21.17,21.69,20.93,21.66,469431,2.373384,0.5525,2443119,2640985.1924
"16-May-19",21.68,21.97,21.54,21.89,295414,2.393325,0.5894,,2652329.2158
"17-May-19",21.67,22.12,21.6,21.95,496794,2.506857,0.5902,,2770596.6938
"20-May-19",21.79,21.85,20.72,20.98,277811,2.507172,0.5878,,2736081.8992
"21-May-19",21.19,21.85,21.16,21.78,475412,2.758457,0.596,,3019923.8464
"22-May-19",22.05,25,21.78,24.8,1802197,2.736992,0.6195,,3098366.5614
"23-May-19",25.43,25.98,24.83,24.95,1012362,2.682698,0.6229,,3031026.5076
"24-May-19",25,25.725,24.76,25.6,835741,3.022354,0.5925,,3177031.9476
"27-May-19",,,,,,3.33766,0.5927,,3464098.4301
"28-May-19",25.32,25.62,24.16,24.48,728078,3.191277,0.559,,3328993.9494
"29-May-19",24.26,25.03,24.19,24.4,637168,3.147905,0.5498,,3285995.055
"30-May-19",24.4,24.42,23.82,24.03,580868,3.403446,0.5594,,3549851.907
"31-May-19",23.7,23.91,23.19,23.39,492222,3.357176,0.5596,2103253,3491217.051
"03-Jun-19",23.39,24.8,22.87,24.56,732474,4.214265,0.5432,,3596271.168
"04-Jun-19",24.81,24.87,23.88,24.59,598032,4.115542,0.5615,,3522488.9742
"05-Jun-19",24.81,25.54,24.41,25.39,491495,4.490848,0.5629,,3802959.0354
"06-Jun-19",25.31,25.93,24.8,24.91,326488,3.807166,0.563,,3184361.3046
"07-Jun-19",25.12,25.45,24.83,25.21,408639,3.066385,0.5563,,2553792.2907
"10-Jun-19",25.37,26.02,25.37,25.46,483827,3.134842,0.555,,2594592.378
"11-Jun-19",25.64,25.69,24.645,24.69,624052,3.160396,0.5572,,1582697.8825
"12-Jun-19",24.73,24.99,23.96,24,540620,2.916779,0.5461,,1465757.0157
"13-Jun-19",24.24,25.46,24.12,25.45,604253,3.403286,0.5507,,1726981.0383
"14-Jun-19",25.29,26.03,25.17,25.91,626302,3.329689,0.5527,2164327,1698376.7975
"17-Jun-19",26.01,26.76,25.085,26.69,753653,3.458125,0.5593,,1727612.0142
"18-Jun-19",26.95,27.46,26.64,26.7,621040,3.433536,0.5602,,1722774.5323
"19-Jun-19",26.65,27.53,26.27,27.35,453731,3.671968,0.5557,,1852545.2424
"20-Jun-19",27.5,28,26.9,27.92,1070628
"21-Jun-19",27.64,28.11,27.4,27.49,740613
"24-Jun-19",27.45,27.79,26.63,26.65,360039,3.351612,0.5651,,1733921.7732
"25-Jun-19",26.91,27.28,26.14,26.28,401642,3.502706,0.5682,,2302194.6299
"26-Jun-19",26.4,26.62,26.04,26.24,292876,3.390127,0.572,,2222114.5309
"27-Jun-19",26.42,27.08,26.42,26.96,381376,3.039124,0.5946,,1994210.8978
"28-Jun-19",27.03,27.76,27.03,27.38,2929256,3.074573,0.5887,2321944,2173200.7407
"01-Jul-19",27.48,27.98,26.82,27.2,441532,2.968808,0.591,,2122555.4889
"02-Jul-19",27.2,27.71,26.71,26.98,212591,4.620144,0.6117,,3286746.9822
"03-Jul-19",27.24,27.32,26.93,27.16,154302,4.812752,0.6295,,3406001.3999
"04-Jul-19",,,,,,4.806311,0.6227,,3417905.1984
"05-Jul-19",26.87,27.14,26.04,26.75,303262,4.467831,0.6128,,3073560.7727
"08-Jul-19",26.59,26.9,26.32,26.75,296865,4.634806,0.6076,,3122690.9956
"09-Jul-19",26.63,26.91,26.31,26.67,223774,4.614968,0.6035,,3058626.9164
"10-Jul-19",26.9,27.35,26.82,27.31,298769,4.221524,0.6008,,2971391.7368
"11-Jul-19",27.37,27.385,27.01,27.19,235271
"12-Jul-19",27.35,27.88,27.2063,27.74,483287,4.138722,0.5877,,2919380.1912
"15-Jul-19",27.79,28.34,27.61,27.87,329035,4.175059,0.5845,2417672,2950262.0464
"16-Jul-19",27.8,28.425,27.8,28.2,322341,4.589855,0.5854,,3256526.46
"17-Jul-19",28.12,28.35,27.66,27.75,315201,4.638077,0.581,,3303661.9232
"18-Jul-19",27.91,28.07,27.375,27.64,461210,4.60802,0.5805,,3308305.8112
"19-Jul-19",27.64,28.01,27.24,27.25,398162,4.544631,0.5802,,3282996.6216
"22-Jul-19",27.34,27.52,26.77,26.78,411350,4.322118,0.5832,,3112333.7376
"23-Jul-19",26.95,27.23,26.35,27.22,256582,3.286026,0.5721,,2366293.1304
"24-Jul-19",27.2,28.25,27.2,28.21,308447,3.229526,0.5688,,1901015.4936
"25-Jul-19",28.27,28.5235,28,28.2,313433,2.816637,0.5614,,1665050.7064
"26-Jul-19",28.36,28.6405,27.82,28.01,290552,2.755823,0.5538,,1631445.0656
"29-Jul-19",27.95,28.07,26.88,27.3,475823,2.676334,0.5605,,1585992.832
"30-Jul-19",27.18,29.68,27.06,29.13,1001428
"31-Jul-19",29.18,29.5,28.47,28.5,562441,2.340767,0.5525,2175291,1419898.7656
"01-Aug-19",30.3,32.435,29.19,30,1487069,2.306017,0.5635,,1446009.6232
"02-Aug-19",30,31.4813,29.81,31.1,860984,2.222768,0.5563,,1402975.0616
"05-Aug-19",30.51,31.14,28.98,29.26,771669,1.934758,0.5515,,1245584.6144
"06-Aug-19",29.37,29.89,28.45,29.03,753301,1.861565,0.5536,,1204725.9576
"07-Aug-19",28.75,29.38,28.535,29.11,624276,1.832106,0.5479,,1196264.1056
"08-Aug-19",29.06,30,28.99,29.64,856646,1.57977,0.5282,,1036455.9864
"09-Aug-19",29.5,30.47,29.34,30.14,711613,1.545727,0.5245,,1568167.2819
"12-Aug-19",29.84,30.06,29.1,29.83,417593,1.113744,0.5024,,1137024.6057
"13-Aug-19",29.85,30.76,29.785,30.63,427509,0.919307,0.4922,,934722.5427
"14-Aug-19",30.11,30.41,29.28,29.52,299170,1.103901,0.5151,,1117229.4576
"15-Aug-19",29.64,29.87,29.34,29.71,250182,0.884835,0.4909,1600102,887953.7862
"16-Aug-19",29.9,30.27,29.64,30.13,257841,0.819019,0.5154,,817256.8287
"19-Aug-19",30.43,30.84,30.28,30.3,441217,0.840454,0.5227,,843577.8498
"20-Aug-19",30.2,30.43,29.9,29.94,415534,0.810918,0.5229,,810513.4266
"21-Aug-19",30.55,30.69,29.96,30.51,307751,0.839591,0.5329,,839879.8551
"22-Aug-19",30.51,30.81,29.69,30.11,259086,0.920374,0.5537,,915144.9237
"23-Aug-19",29.73,29.96,27.92,28.26,550821,0.817369,0.5603,,785062.5219
"26-Aug-19",28.57,28.79,27.97,28.24,829840,0.807745,0.5592,,1379447.9342
"27-Aug-19",28.29,28.69,27.38,27.86,545450,0.777909,0.5728,,1328724.7008
"28-Aug-19",27.77,28.45,27.25,28.33,691181,0.541205,0.6083,,928379.1804
"29-Aug-19",28.55,29.05,27.57,27.65,367309,0.544002,0.618,,923738.8846
"30-Aug-19",27.89,28.26,27.565,28,538007,0.564807,0.6404,1269270,956380.9654
"02-Sep-19",,,,,,0.564875,0.6404,,956380.9654
"03-Sep-19",27.8,27.8,26.77,27.14,540638,0.450413,0.655,,762768.6234
"04-Sep-19",27.44,28.24,27.3479,28.1,522287,0.227067,0.7184,,382264.3678
"05-Sep-19",28.52,28.9,27.84,28.04,448126,0.252634,0.6912,,423386.9892
"06-Sep-19",28.13,28.36,27.7,28.19,257296,0.18308,0.7047,,304659.4208
"09-Sep-19",28.45,30.29,28.293,29.91,619704,0.14787,0.724,,249135.8814
"10-Sep-19",29.8,30.025,28.51,28.53,471805,0.245711,0.6576,,413306.3466
"11-Sep-19",28.82,30.72,28.82,30.55,534544,0.226727,0.6715,,506819.511
"12-Sep-19",30.73,31.75,30.69,31.54,724300,0.146168,0.7,,327725.514
"13-Sep-19",31.66,32.22,30.91,31.33,744283,0.160046,0.7255,1345356,360853.461
"16-Sep-19",31.26,32.04,30.83,31.96,425885,0.257532,0.6234,,576121.653
"17-Sep-19",31.82,32.23,31.17,31.33,360612,0.34551,0.6565,,769177.62
"18-Sep-19",31.38,31.6,30.52,31.09,344462,0.556681,0.6099,,1224591.696
"19-Sep-19",31.15,31.68,30.94,31.01,206638,0.608498,0.6021,,1322198.559
"20-Sep-19",30.92,31.34,30.2199,30.69,437146,0.619059,0.6053,,1344537.711
"23-Sep-19",30.31,30.79,29.94,30,284040,0.636586,0.509,,1340349.12
"24-Sep-19",30.22,30.28,29.33,29.42,523544,0.620973,0.5092,,4877319.1068
"25-Sep-19",29.55,30.67,29.44,30.67,523798,0.536055,0.4977,,4231548.2268
"26-Sep-19",30.64,30.87,29.47,29.9,340001,0.490712,0.4857,,3866284.0728
"27-Sep-19",30,30.11,28.8,29.18,397100,0.489746,0.4856,,3870992.8188
"30-Sep-19",29.21,30.38,29.19,30.09,444340,0.577636,0.4751,1284670,4231548.2268
"01-Oct-19",29.78,30.55,29.27,29.43,364036,0.534091,0.5193,,3899245.2948
"02-Oct-19",29.4,29.67,29.05,29.51,273414,0.682261,0.4936,,4953331.7208
"03-Oct-19",29.47,29.84,29.14,29.6,254808,0.681873,0.4958,,4957502.3244
"04-Oct-19",29.62,30.3,29.07,29.97,401983,0.742201,0.498,,5440350.5928
"07-Oct-19",30.05,30.2,29.14,29.15,692744,0.65488,0.48,,4861847.5128
"08-Oct-19",28.95,29.185,28.23,29.02,333441,0.660375,0.4815,,4880682.4968
"09-Oct-19",29.29,29.46,29.0101,29.1,187422,0.603963,0.4589,,1350445.104
"10-Oct-19",29.06,29.13,28.47,28.86,264787,0.606991,0.438,,1358923.926
"11-Oct-19",29.38,29.95,29.1,29.13,248410,0.584558,0.4655,,1306637.857
"14-Oct-19",28.91,29.46,28.77,29.17,179821,0.578841,0.4632,,1290964.883
"15-Oct-19",29.38,30.16,29.3,29.98,219169,0.578815,0.4511,962401,1280430.589
"16-Oct-19",29.79,30.54,29.79,30.49,279069,0.557997,0.556,,1232383.931
"17-Oct-19",30.56,31,30.3,30.81,249197,0.557821,0.4437,,1229043.789
"18-Oct-19",30.7,31.45,30.36,31.28,339515,0.572782,0.4402,,1262959.077
"21-Oct-19",31.5,31.99,30.84,30.87,341877,0.603218,0.4325,,1327706.445
"22-Oct-19",30.99,31.11,30.19,30.31,294233,0.601779,0.4191,,1317300.618
"23-Oct-19",30.15,30.357,29.5817,29.73,243036,0.604478,0.4371,,1315887.481
"24-Oct-19",29.7,30.82,29.68,30.79,304248,0.634519,0.4334,,1039778.0404
"25-Oct-19",30.73,31.2,30.5971,30.76,176807,0.695826,0.4409,,1135248.2196
"28-Oct-19",30.79,31.07,28.87,29.01,529622,0.705943,0.4327,,1166622.4922
"29-Oct-19",28.93,29.65,28.89,29.06,468193,0.822963,0.4397,,1360257.5734
"30-Oct-19",29.01,29.61,28.39,29.43,442646,0.692366,0.4302,,1143139.9078
"31-Oct-19",30.43,30.98,28.05,28.23,660223,0.807324,0.4378,1004107,1318104.4096
"01-Nov-19",28.53,32.37,28.15,31.79,1306649,0.722654,0.2768,,1208968.1362
"04-Nov-19",32.14,32.37,31.29,31.57,661134,0.753104,0.4329,,1209353.0966
"05-Nov-19",31.4,32.12,31.35,31.46,377502,0.768321,0.449,,1230814.6389
"06-Nov-19",31.32,31.32,29.64,30.75,862454,0.74928,0.429,,1204059.8911
"07-Nov-19",31.26,31.26,29.26,29.45,498067,0.765283,0.4317,,1219169.5868
"08-Nov-19",29.45,30.37,29.28,30.16,187799,0.654302,0.3975,,1026881.867
"11-Nov-19",29.75,30.87,29.75,30.54,423678,0.670906,0.3975,,1026881.867
"12-Nov-19",30.76,31.17,29.76,30.2,445967,0.613699,0.3988,,716028.7017
"13-Nov-19",29.98,31.27,29.975,31.12,391029,0.548862,0.4216,,639816.9804
"14-Nov-19",30.9,31.52,30.48,30.64,226061
"15-Nov-19",30.9,31.28,30.36,30.89,238271,0.590578,0.4063,801461,681989.4744
"18-Nov-19",30.71,31.64,30.71,31.44,291741,0.60396,0.4118,,702774.4893
"19-Nov-19",31.53,32.33,31.19,31.88,340525,0.569878,0.3944,,661003.6381
"20-Nov-19",31.8,32.735,31.75,32.22,422522,0.561794,0.4245,,651263.8002
"21-Nov-19",32.29,32.73,31.22,31.41,307636,0.482529,0.426,,557178.9743
"22-Nov-19",31.51,31.885,30.66,31.82,383626,0.515112,0.4928,,596439.558
"25-Nov-19",31.98,32.92,31.98,32.67,323534,0.517184,0.5607,,597544.0757
"26-Nov-19",32.88,33.54,32.83,33.38,392356,0.498171,0.5587,,675551.4769
"27-Nov-19",33.42,33.92,33.03,33.2,181003,0.388682,0.6145,,514858.5464
"28-Nov-19",,,,,,0.443067,0.6127,,584024.6307
"29-Nov-19",33.11,33.55,32.93,33.18,91405,0.847091,0.5599,646675,1091509.7359
"02-Dec-19",32.6,32.87,31.66,32.03,280427,0.898588,0.5621,,1147852.4442
"03-Dec-19",31.6,32.89,31.51,32.8,409144,0.860901,0.5644,,1100165.5147
"04-Dec-19",33.15,34.21,32.95,33.86,456067,0.922037,0.5642,,1174460.9494
"05-Dec-19",33.97,34.75,33.97,34.63,335330,1.152843,0.5485,,1457857.559
"06-Dec-19",34.91,35.53,34.665,35.2,396813,1.448703,0.5413,,1828292.8332
"09-Dec-19",35.2,35.31,33.315,33.7,366411,1.58581,0.555,,2009903.8958
"10-Dec-19",33.7,34.25,33.46,33.86,208031,1.590028,0.555,,1174814.4725
"11-Dec-19",33.95,34.21,33.59,34.04,166176,1.425115,0.5559,,1040241.405
"12-Dec-19",33.99,34.3,33.13,33.36,240525,1.436547,0.5556,,1036232.02
"13-Dec-19",33.27,33.5513,32.63,32.83,334387,1.445675,0.5547,745552,1026402.56
"16-Dec-19",33.02,33.2,32.35,32.52,194357,1.335527,0.5557,,926749.9425
"17-Dec-19",32.71,32.75,30.615,30.72,515364,1.249903,0.5533,,870618.5525
"18-Dec-19",30.72,31.64,30.25,30.83,577913,1.239705,0.549,,871394.5625
"19-Dec-19",30.7,31.05,30.02,30.59,491217,1.138188,0.5465,,804916.3725
"20-Dec-19",30.69,31.91,30.42,31.77,686333,0.739141,0.5685,,533054.2025
"23-Dec-19",31.77,31.77,30.59,30.9,298724,0.750977,0.5565,,538550.94
"24-Dec-19",31.04,31.15,30.66,31.06,208144
"25-Dec-19",,,,,,0.653475,0.5742,,337287.7248
"26-Dec-19",31.29,31.39,30.56,31.38,170418,0.64316,0.5756,,327073.6624
"27-Dec-19",31.23,31.71,30.97,31.44,246457
"30-Dec-19",31.46,31.56,30.88,31.12,160765,0.606371,0.7121,,304036.1056
"31-Dec-19",31.01,31.95,31.01,31.7,277876,0.685537,0.6813,843447,342506.5888
"01-Jan-20",,,,,,0.68796,0.6813,,342506.5888
"02-Jan-20",31.87,32.12,31.4325,32.11,451434,0.677691,0.6723,,338629.7184
"03-Jan-20",31.64,32.11,30.85,32.06,440076,0.642519,0.6841,,323420.4576
"06-Jan-20",31.67,32.2072,31.32,32.05,270554,0.823652,0.6527,,414154.136
"07-Jan-20",32.18,32.23,31.42,31.72,285146,0.824555,0.6526,,413184.9184
"08-Jan-20",32.07,33.05,31.8,32.05,335189,0.879029,0.6711,,433762.1536
"09-Jan-20",32.23,33.035,32.23,32.84,368246,0.818025,0.6464,,404238.2944
"10-Jan-20",32.7,33.66,32.39,33.49,429564,0.460444,0.5813,,566290.3158
"13-Jan-20",33.27,34.79,33.27,34.77,535570,0.586311,0.5691,,733208.4771
"14-Jan-20",34.89,36.42,34.72,36.16,501306,0.481372,0.5729,,605341.9119
"15-Jan-20",36,36.92,35.59,35.85,812385,0.489898,0.5441,922729,632500.9053
"16-Jan-20",36.3,36.515,35.13,35.47,460122,0.637342,0.4568,,831048.3291
"17-Jan-20",35.58,35.8,34.6,34.89,365861,0.7518,0.5125,,983796.5808
"20-Jan-20",,,,,,0.950454,0.5297,,1253193.5526
"21-Jan-20",34.77,35.04,34.125,34.7,537956,0.964128,0.5669,,1279003.0308
"22-Jan-20",34.97,35.35,34,34.02,498244,0.799176,0.5665,,1066876.1103
"23-Jan-20",34.08,36.24,34.02,36.05,613729,0.770302,0.5836,,1041572.7003
"24-Jan-20",36.28,36.57,35.1,35.97,546889,0.799057,0.5445,,1093529.0355
"27-Jan-20",35.45,36.7,35.365,35.92,631751,0.568047,0.5416,,1159224.4427
"28-Jan-20",36.36,37.03,35.85,36.19,646321,0.529871,0.5304,,1091034.7696
"29-Jan-20",34,34,30.76,30.84,1805047,0.447733,0.5422,,966743.1733
"30-Jan-20",30.03,30.82,29.46,29.51,1079667,0.710245,0.5735,,1567716.571
"31-Jan-20",29.34,29.7,28.34,28.75,831402,0.649009,0.5554,1012862,1452375.446
"03-Feb-20",28.8,29.51,28.39,28.9,390498,0.792738,0.5533,,1702896.3695
"04-Feb-20",29.41,29.44,28.035,28.32,654957,1.127415,0.5317,,2441356.3882
"05-Feb-20",28.58,29.1855,28.05,29.09,422017,1.276333,0.5377,,2739859.2197
"06-Feb-20",29.33,29.37,28.75,29.06,343128,1.104201,0.5287,,2367353.5224
"07-Feb-20",28.88,29.57,28.85,29.5,380722,1.216632,0.5341,,2562418.433
"10-Feb-20",29.38,29.55,28.94,28.99,479513,1.365587,0.5412,,2899952.7012
"11-Feb-20",29.18,29.2711,28.53,28.62,716402,1.53251,0.5482,,2293727.2852
"12-Feb-20",28.7,28.9093,28,28.2,725579,1.514474,0.546,,2291802.8474
"13-Feb-20",28.25,29.22,28.14,28.44,333181,1.597275,0.5429,,2407167.8292
"14-Feb-20",28.48,28.57,27.43,28.09,432189,1.591075,0.5436,1213861,2401394.5158
"17-Feb-20",,,,,,1.566983,0.5436,,2401394.5158
"18-Feb-20",28.13,29.16,28.01,28.99,549352,1.403922,0.5378,,2159826.9288
"19-Feb-20",29.18,29.46,28.39,28.44,403625,1.323167,0.534,,2043752.9436
"20-Feb-20",28.45,29.14,28.12,29.05,379291,0.889685,0.4991,,1376175.5994
"21-Feb-20",28.88,29.31,28.615,29.04,244280,1.059,0.5184,,1627567.9478
"24-Feb-20",28.24,28.84,27.75,28.09,376155,1.288771,0.526,,1990172.5438
"25-Feb-20",28.14,28.27,25.93,26.14,712145,1.348328,0.5303,,2101992.5086
"26-Feb-20",26.24,27.45,26.08,26.62,781991,1.241853,0.5268,,994637.7034
"27-Feb-20",26.04,26.62,25.2,25.44,394234,1.422593,0.532,,1139451.3207
"28-Feb-20",24.44,26.005,24.18,25.48,697258,1.265582,0.5274,1201217,1032024.6222
"02-Mar-20",25.77,25.94,24.64,25.51,512185,0.86695,0.5469,,717270.4649
"03-Mar-20",25.65,26.25,25,25.53,650666,1.136525,0.546,,952152.5684
"04-Mar-20",26.06,27.25,25.9,27.22,668221,0.880107,0.5948,,743732.6347
"05-Mar-20",26.68,26.79,25.65,26.18,444880,0.824514,0.5478,,696513.4418
"06-Mar-20",25.31,26.78,24.95,26.66,656386,0.948553,0.5879,,809888.0592
"09-Mar-20",24.98,25,21.12,21.55,834778,0.780603,0.5488,,676120.577
"10-Mar-20",22.01,22.53,20.89,22.05,522641,1.073461,0.5311,,1087581.8718
"11-Mar-20",21.36,22.01,20.02,20.58,609665,1.276386,0.5522,,1309927.1385
"12-Mar-20",19.01,19.775,18.075,18.3,548217,1.364577,0.559,,1417556.1817
"13-Mar-20",19.44,19.44,17.2,18.67,731835,1.211156,0.5589,1093516,1277614.4012
"16-Mar-20",18.17,18.17,15.7,16.12,698837,1.285446,0.578,,1371429.4489
"17-Mar-20",16.35,17.5,15.02,15.48,935612,1.175356,0.5732,,1282419.2692
"18-Mar-20",14.87,14.87,10.82,13.63,1809299,1.122989,0.641,,1272929.6549
"19-Mar-20",13.57,15.77,13.03,15.22,997578,0.890692,0.5707,,1021875.3019
"20-Mar-20",15.52,15.71,13.34,14.36,1010508,2.316398,0.5647,,2696972.4084
"23-Mar-20",14.3,14.3,13.3,13.87,782269,0.891862,0.5486,,1041214.8956
"24-Mar-20",14.37,15.58,14.28,14.75,778175,0.82551,0.517,,835883.6304
"25-Mar-20",15,16.61,15,15.84,818753,1.004149,0.4033,,1034028.7296
"26-Mar-20",15.96,17.18,15.87,16.74,1022089,0.833513,0.3904,,868142.3524
"27-Mar-20",16.17,16.57,15.31,15.42,640248,0.61146,0.3426,,644846.3852
"30-Mar-20",15.51,16.4,14.94,16.18,542576,0.34782,0.2623,,369608.408
"31-Mar-20",16.02,16.78,15.585,15.68,539353,0.378935,0.3078,821112,406678.6004
"01-Apr-20",14.86,15.18,12.97,12.99,908199,0.351375,0.2881,,383168.0064
"02-Apr-20",13.05,14.22,12.1,12.54,1473346,0.341154,0.2765,,379887.4584
"03-Apr-20",12.3,12.69,11.74,12.21,657583,0.335615,0.2671,,375622.746
"06-Apr-20",12.83,14.9799,12.83,14.39,625222,0.884114,0.4662,,993896.6924
"07-Apr-20",14.43,15.6,14.04,14.49,943878,0.318526,0.2978,,363922.1248
"08-Apr-20",14.74,16.61,14.49,16.21,709759,0.327544,0.3128,,378028.4812
"09-Apr-20",17.1,18.11,16.4,16.95,575517,0.280318,0.2089,,656889.6
"10-Apr-20",,,,,,0.278337,0.2089,,656889.6
"13-Apr-20",16.74,17.11,15.7,16.48,711109,0.302206,0.2364,,717898.2216
"14-Apr-20",16.77,17.15,16.47,17,598884,0.384813,0.2591,,915539.88
"15-Apr-20",16.23,16.23,15.3,15.57,432807,0.542869,0.4193,716357,1289474.2848
"16-Apr-20",15.58,16.04,14.965,15.85,775677,0.496234,0.362,,1177720.9416
"17-Apr-20",16.74,17.15,16.3,16.83,423984,0.573474,0.3402,,1359843.5832
"20-Apr-20",16.32,16.48,15.57,15.74,314739,0.583352,0.3864,,1381603.0512
"21-Apr-20",15.22,15.7,15.02,15.52,304787,0.663427,0.3975,,1557813.6864
"22-Apr-20",16.02,16.175,15.5,15.66,337529,0.446393,0.4274,,1043304.9072
"23-Apr-20",15.74,16.6,15.72,16.05,694347,0.571052,0.2393,,1340793.7848
"24-Apr-20",16.24,16.76,16.07,16.66,355678,0.534962,0.2693,,693576.8474
"27-Apr-20",16.85,18.05,16.71,18.01,512230,0.5509,0.2846,,713634.8434
"28-Apr-20",18.66,20.73,18.66,20.59,1058865,0.413243,0.1373,,540706.2636
"29-Apr-20",21.49,21.83,20.45,20.84,804065,0.450977,0.149,,592212.3319
"30-Apr-20",20.47,20.71,19.49,19.71,537499,0.701898,0.2665,960846,894658.2573
"01-May-20",18.95,19.6,18.56,19.47,668145,0.520093,0.1923,,653460.8554
"04-May-20",18.8,19.545,18.5352,19.39,333307,0.287569,0.1212,,360757.3852
"05-May-20",19.87,20.97,19.6966,19.9,380902,0.250247,0.2577,,311830.2021
"06-May-20",19.84,20.45,19.8,20.07,319902,0.313987,0.2892,,390271.2936
"07-May-20",20.39,20.83,20.2,20.56,391118,0.363279,0.3629,,452092.9027
"08-May-20",21.25,21.87,20.8902,21.82,555090,0.343146,0.402,,428882.9359
"11-May-20",21.47,21.91,20.66,21.38,579581,0.345478,0.4068,,464857.2948
"12-May-20",21.41,21.5345,19.95,19.98,823916,0.521795,0.4139,,704011.8642
"13-May-20",19.74,20.03,18.81,19.06,394196,0.480746,0.4228,,643382.4816
"14-May-20",18.43,19.41,17.58,19.39,683432,0.420788,0.3968,,567956.0706
"15-May-20",19.34,20.49,19.206,20.38,565521,0.403818,0.3818,778331,546913.5432
"18-May-20",22.01,22.98,21.9,22.81,740939,0.394484,0.3622,,535479.4758
"19-May-20",22.41,23.46,22.08,22.33,600755,0.481066,0.3916,,653759.6184
"20-May-20",23.31,25.02,22.91,24,936460,0.572723,0.4277,,788374.143
"21-May-20",24,25,21.3706,24.35,1268885,0.492398,0.4004,,692097.3738
"22-May-20",24.8,25.42,23.97,24.47,560278,0.512657,0.3809,,725919.153
"25-May-20",,,,,,0.494827,0.3748,,705549.2178
"26-May-20",25.91,26.69,25.3,25.35,808062,0.580162,0.4491,,829114.0134
"27-May-20",26.01,27.2,25.21,27,751527,0.528362,0.4587,,1073863.2807
"28-May-20",27.41,27.56,24.02,24.36,693612,0.435023,0.5927,,890332.8309
"29-May-20",23.98,25.68,23.92,24.84,511680,0.480208,0.5058,1041038,978595.5663
"01-Jun-20",24.81,25.68,24.3,24.9,523655,0.462919,0.5105,,939912.5156
"02-Jun-20",25.05,25.43,24.43,24.61,436870,0.379546,0.5002,,766344.7026
"03-Jun-20",25.19,26.41,25.07,26.05,674943,0.354134,0.4701,,717699.0151
"04-Jun-20",25.77,26.2,24.18,24.3,694240,0.318299,0.4616,,645703.3976
"05-Jun-20",25.72,26.82,25.01,26.59,844308,0.336929,0.4677,,686254.4427
"08-Jun-20",27.06,27.37,25.3,25.67,947672,0.306773,0.4793,,632393.9375
"09-Jun-20",25.6,25.76,24.9526,25.32,631273,0.263038,0.5509,,576006.3254
"10-Jun-20",25.25,25.44,24.3,24.71,852463,0.283686,0.5915,,621499.686
"11-Jun-20",23.1,24,21.7,21.71,932323,0.265075,0.5108,,586000.2902
"12-Jun-20",22.8,23.34,21.7,22.4,672721,0.267342,0.4491,,591830.103
"15-Jun-20",21.31,24.29,21.31,24.28,542799,0.253286,0.4902,610954,560286.6516
"16-Jun-20",25.34,25.5,24.13,25.02,426560,0.167219,0.4959,,367694.6216
"17-Jun-20",25,25.59,24.32,24.44,319164,0.235094,0.4504,,512607.1112
"18-Jun-20",23.99,24.675,23.51,23.68,281285,0.212908,0.4472,,457432.0972
"19-Jun-20",24.01,24.15,22.82,23.09,830440,0.263894,0.2783,,554352.735
"22-Jun-20",22.84,23.75,22.58,23.62,396750,0.278805,0.253,,572570.9
"23-Jun-20",23.9,24.02,23.13,23.74,335936,0.24727,0.314,,504070.5996
"24-Jun-20",23.25,23.345,22.1,22.9,560637,0.249952,0.3189,,552668.9884
"25-Jun-20",22.56,23.55,22.31,23.43,486327,0.268128,0.3167,,588654.179
"26-Jun-20",23.18,23.18,22.46,22.69,1668014,0.280229,0.3011,,627877.4258
"29-Jun-20",22.96,24.36,22.59,24.22,422675,0.324826,0.2919,,717443.2822
"30-Jun-20",24.16,24.42,23.63,24.34,480840,0.842627,0.382,1181169,1854001.0084
"01-Jul-20",24.32,24.715,23.605,23.95,508641,0.56025,0.4025,,1234615.8432
"02-Jul-20",24.53,24.9,23.91,24.1,623037,0.553681,0.4127,,1211643.9728
"03-Jul-20",,,,,,0.565602,0.4127,,1211643.9728
"06-Jul-20",24.68,25.09,24.15,24.52,303549,0.450546,0.4507,,956387.3916
"07-Jul-20",24.23,24.66,23.48,23.57,448496,0.528109,0.4681,,1115907.481
"08-Jul-20",23.55,24.52,23.55,24.23,352154,0.453649,0.4654,,943862.8346
"09-Jul-20",24.27,24.27,23.07,23.43,474806,0.3429,0.4704,,709012.117
"10-Jul-20",23.61,24.515,23.51,24.38,301345,0.39965,0.4838,,522667.2825
"13-Jul-20",24.62,24.87,23.5,23.55,515995,0.327218,0.4577,,426992.5935
"14-Jul-20",23.47,24.54,23.47,24.53,481805,0.336681,0.4445,,436678.1793
"15-Jul-20",25.28,26.205,25.15,26,569615,0.372413,0.4627,1064132,482743.7703
"16-Jul-20",26.19,26.5355,25.76,26.44,310689,0.41727,0.47,,539085.5316
"17-Jul-20",26.57,26.9115,26.14,26.46,380245,0.293802,0.4322,,375611.742
"20-Jul-20",26.22,26.74,25.9,26.69,278749,0.277307,0.398,,353051.4141
"21-Jul-20",26.87,26.99,26.42,26.58,599364,0.290983,0.413,,373367.5209
"22-Jul-20",26.5,27.98,26.5,27.24,495773,0.307262,0.4313,,396282.1995
"23-Jul-20",27.41,27.84,25.88,26.35,525509,0.261201,0.4087,,338523.0354
"24-Jul-20",26.24,26.5,25.74,26.17,334096,0.207627,0.4388,,587613.6904
"27-Jul-20",26.15,27.12,26.01,27.04,405133,0.139604,0.4586,,395644.2776
"28-Jul-20",27.08,27.5,25.51,25.62,444917,0.187405,0.4298,,530150.5624
"29-Jul-20",25.94,26.48,25.93,26.41,496760,0.149491,0.5091,,416501.2648
"30-Jul-20",29.03,30.78,27.77,28.37,936044,0.118218,0.5179,,330519.3992
"31-Jul-20",28.19,28.52,26.95,28.23,585034,0.143364,1.17,960839,400964.9376
"03-Aug-20",28.4,29.14,28.22,28.75,451439,0.148771,0.9218,,414053.7612
"04-Aug-20",28.52,28.7514,27.75,27.94,430441,0.192601,0.8597,,533981.4376
"05-Aug-20",28.25,28.94,28.06,28.77,234315,0.188726,0.8673,,521850.3328
"06-Aug-20",28.65,28.84,28.18,28.29,175155,0.157289,0.9259,,432569.658
"07-Aug-20",28.04,28.91,27.8,28.76,253485,0.153859,0.9136,,422353.9908
"10-Aug-20",28.78,30.28,28.75,29.72,459179,0.163235,0.8742,,449063.704
"11-Aug-20",30.24,31.21,29.8,30.49,791672,0.130136,0.9444,,863121.6737
"12-Aug-20",30.96,31.14,30.43,31.13,659415,0.160844,0.8644,,1069029.4714
"13-Aug-20",30.89,31.42,30.61,31.09,347254,0.195707,0.8306,,1284065.2396
"14-Aug-20",30.69,31.26,30.28,30.86,254782,0.23283,0.764,1157695,1521872.8921
"17-Aug-20",30.98,31.85,30.93,31.5,289817,0.188269,0.8227,,1216998.6774
"18-Aug-20",31.72,32.01,30.04,30.14,428471,0.324544,0.7314,,2090497.4123
"19-Aug-20",30.23,30.6,29.85,30.49,290871,0.358291,0.727,,2279014.0241
"20-Aug-20",30.04,30.78,30.04,30.34,255248,0.435753,0.72,,2744732.6874
"21-Aug-20",29.94,30.67,29.88,30.58,278859,0.539495,0.69,,3334687.8334
"24-Aug-20",30.98,31,30.01,30.45,226430,0.398246,0.7221,,2384033.7268
"25-Aug-20",30.63,30.63,29.74,30.24,220154,0.268234,0.7935,,1210717.431
"26-Aug-20",30.18,30.33,28.91,28.96,439085,0.192551,0.7902,,867345.094
"27-Aug-20",29.32,29.41,28.51,28.69,274337,0.155141,0.8356,,687670.83
"28-Aug-20",29,29.3,28.81,29.26,401727,0.082455,0.7867,,361663.918
"31-Aug-20",29.12,29.41,28.375,28.54,364238,0.112099,0.7001,988547,486347.6695
"01-Sep-20",28.49,29.73,28.16,29.72,326846,0.207831,0.6479,,897213.625
"02-Sep-20",29.74,29.97,28.51,28.99,339683,0.251444,0.5821,,1079203.279
"03-Sep-20",29.08,29.08,27.13,27.46,411371,0.229147,0.5833,,982767.2855
"04-Sep-20",28,28,26.14,26.34,408077,0.18591,0.5815,,790705.685
"07-Sep-20",,,,,,0.18947,0.5815,,790705.685
"08-Sep-20",26,26.92,25.68,26.37,400215,0.155661,0.5738,,648077.661
"09-Sep-20",26.66,26.89,25.99,26.24,323289,0.102553,0.5653,,418275.2035
"10-Sep-20",26.32,26.87,26.29,26.5,314428,0.091927,0.5857,,753964.7969
"11-Sep-20",26.82,27.14,24.95,24.97,572939,0.077079,0.599,,626244.5245
"14-Sep-20",25.33,25.8,24.97,25.8,390110,0.081445,0.5643,,644236.0799
"15-Sep-20",26.02,26.16,25.01,25.1,391179,0.079533,0.5637,818558,628023.9091
"16-Sep-20",25.37,26.43,25.12,25.76,506663,0.097657,0.5704,,770176.9677
"17-Sep-20",25.25,25.36,24.45,24.68,259103,0.079646,0.5634,,624366.2852
"18-Sep-20",24.9,25.05,24.225,24.89,909313,0.117441,0.6242,,939910.4876
"21-Sep-20",24.23,24.6,23.69,24.57,514727,0.124066,0.5887,,987657.3077
"22-Sep-20",24.64,26.04,24.49,26.03,434680,0.21322,0.554,,1696840.9255
"23-Sep-20",26.01,26.72,25.92,26.56,1052526,0.094572,0.3852,,769781.5489
"24-Sep-20",26.53,27.48,25.86,27,757123,0.123675,0.3516,,1330893.4522
"25-Sep-20",26.74,27,26.13,26.62,657250,0.327456,0.5125,,3535352.002
"28-Sep-20",27.03,27.91,26.96,27.8,680223,0.331947,0.5119,,3460535.8008
"29-Sep-20",27.89,28.0499,26.56,26.59,335137,0.316946,0.5095,,3291667.2854
"30-Sep-20",26.68,27.34,26.35,26.77,299673,0.236443,0.5832,867747,2445114.6018
"01-Oct-20",26.99,27.73,26.61,27.7,723258,0.176116,0.5452,,1836598.5846
"02-Oct-20",26.96,27.975,26.775,27.76,243710,0.220143,0.5486,,2274690.8262
"05-Oct-20",27.95,28.71,27.45,28.64,332789,0.232815,0.5471,,2381267.0778
"06-Oct-20",28.91,29.28,28.2,28.42,427020,0.222355,0.5203,,2273544.845
"07-Oct-20",28.93,29.06,27.71,28.68,319279,0.28854,0.5133,,2951965.7154
"08-Oct-20",29.19,30.02,29.1,29.49,302539,0.306425,0.5126,,3119033.4032
"09-Oct-20",29.75,29.87,28.87,29.54,221254,0.322357,0.5328,,1159136.4426
"12-Oct-20",29.63,29.805,29.215,29.65,186395,0.332789,0.5381,,1189941.4611
"13-Oct-20",29.31,29.31,28.33,28.37,264425,0.340646,0.54,,1210940.9385
"14-Oct-20",28.51,28.57,27.415,27.49,222054,0.302185,0.5418,,1062990.075
"15-Oct-20",26.97,28.4,26.9,28.22,290152,0.243211,0.5315,708539,849697.8624
"16-Oct-20",28.15,28.44,27.1,27.14,225200,0.293054,0.4304,,1011098.8044
"19-Oct-20",27.18,27.73,26.6,26.68,188330,0.234469,0.5261,,806310.5124
"20-Oct-20",27.1,27.79,26.77,27.22,364303,0.253286,0.4587,,869482.494
"21-Oct-20",27.31,27.4175,26.075,26.24,305602,0.261255,0.463,,897684.2715
"22-Oct-20",26.53,26.53,25.365,25.9,491690,0.217576,0.4269,,744700.4754
"23-Oct-20",26.14,27.26,26,27.09,275603,0.203521,0.3964,,690900.1614
"26-Oct-20",26.67,26.83,24.9,25.01,404138,0.242948,0.4289,,686503.4371
"27-Oct-20",25.03,25.34,24.55,24.76,399629,0.214033,0.4037,,604667.1826
"28-Oct-20",25.01,27.86,23.74,26.78,835059,0.187237,0.3856,,537426.8315
"29-Oct-20",26.84,27.22,26.16,26.95,611184,0.178855,0.3914,,516454.0771
"30-Oct-20",26.76,26.8,25.295,25.65,508498,0.281799,0.4411,668801,814111.311
"02-Nov-20",25.94,27.665,25.94,27.63,485390,0.46626,0.424,,1316182.0464
"03-Nov-20",28.35,29.29,28,29.07,473661,0.4502,0.3831,,1273953.122
"04-Nov-20",28.34,30.42,28.08,29.92,357371,0.520542,0.4468,,1467880.2463
"05-Nov-20",30.09,30.93,29.9,30.59,306510,0.788971,0.5114,,2214538.6445
"06-Nov-20",30.54,30.555,28.37,28.47,330358,0.720303,0.5048,,2029113.9882
"09-Nov-20",31,31,26.28,26.34,664987,0.802257,0.517,,2314938.6208
"10-Nov-20",26.86,27.94,26.5,27.47,721832,0.686532,0.561,,1645651.7406
"11-Nov-20",27.8,28.87,27.47,28.86,549310,0.672218,0.5654,,1616558.8971
"12-Nov-20",28.52,29.07,27.61,28.04,486592,0.680818,0.5617,,1619300.9812
"13-Nov-20",28.36,29,28.02,28.95,227541,0.70081,0.5432,733142,1640702.6132
"16-Nov-20",29.38,29.76,28.73,29.73,335294,0.741661,0.543,,1745704.3702
"17-Nov-20",29.41,31.77,29.15,31.51,549042,0.838997,0.517,,1984666.9675
"18-Nov-20",31.5,32.06,31.24,31.44,705919,0.829247,0.523,,1991421.8576
"19-Nov-20",31.65,32.57,31.19,31.91,449480,0.697008,0.5012,,1675078.9846
"20-Nov-20",31.77,32.34,31.6,32.25,400551,0.658828,0.5132,,1589606.2168
"23-Nov-20",32.58,33.25,31.89,32.92,296659,0.637553,0.4968,,1548675.5956
"24-Nov-20",33.42,33.435,31.9,32.24,373436,1.087113,0.5465,,1177792.623
"25-Nov-20",32.08,32.34,31.68,31.74,293985,1.024726,0.5312,,1112836.2418
"26-Nov-20",,,,,,0.992243,0.5296,,1085563.3594
"27-Nov-20",31.98,32.72,31.76,32.59,137947,0.9481,0.5233,,1026105.5432
"30-Nov-20",32.28,32.58,30.6672,30.73,495568,0.951056,0.5312,1079666,1038568.9572
"01-Dec-20",31.2,31.89,30.89,31.2,492744,0.974013,0.515,,1068627.7792
"02-Dec-20",31.01,31.8516,30.43,30.51,540660,0.714362,0.4986,,789813.8766
"03-Dec-20",30.62,31.85,30.59,31.64,357835,0.59735,0.4883,,660854.1988
"04-Dec-20",31.77,31.825,31.17,31.73,343725,0.591248,0.4802,,652496.38
"07-Dec-20",31.75,31.975,30.83,31.82,404886,0.451098,0.4175,,497803.418
"08-Dec-20",31.33,31.38,30.44,30.91,325967,0.427634,0.404,,470090.6504
"09-Dec-20",30.58,31.51,29.65,30.06,501712,0.446549,0.3941,,512193.5504
"10-Dec-20",29.7,30.55,29.57,30.33,422970,0.480757,0.4032,,553328.825
"11-Dec-20",30.11,30.79,29.625,29.65,336379,0.480384,0.4032,,553328.825
"14-Dec-20",30.09,30.525,29.56,29.59,334392,0.636777,0.4478,,727370.9842
"15-Dec-20",29.94,30.39,29.24,30.09,431465,0.582233,0.4433,1172722,666045.9554
"16-Dec-20",30.37,30.78,29.75,30.05,427237,0.472276,0.4147,,540912.666
"17-Dec-20",30.3,31.28,29.76,31.28,918128,0.45129,0.3921,,524501.7428
"18-Dec-20",31.78,33.14,31.13,31.54,736355,0.544537,0.4191,,643372.9694
"21-Dec-20",30.61,31.22,29.83,31.15,355774,0.556206,0.4205,,644668.5686
"22-Dec-20",31.22,32.4,31.15,31.56,262148,0.446987,0.3697,,513489.1496
"23-Dec-20",31.86,31.95,31.19,31.48,293226,0.440521,0.389,,503556.2224
"24-Dec-20",31.48,32.08,31.09,31.65,83882,0.411016,0.3549,,798623.682
"25-Dec-20",,,,,,0.413171,0.3552,,792525.5276
"28-Dec-20",32.12,32.12,31.18,31.42,364652,0.433549,0.3639,,822429.9386
"29-Dec-20",31.65,31.65,30.34,30.75,318698,0.313915,0.3241,,587181.9054
"30-Dec-20",30.91,31.72,30.81,31.3,225418,0.323772,0.3276,,603013.6524
"31-Dec-20",31.17,31.64,30.87,30.94,209591,0.365143,0.3579,1190855,675136.0554
"01-Jan-21",,,,,,0.355464,0.3601,,659773.3972
"04-Jan-21",31.14,31.14,29.4,30.01,319158,0.328598,0.3903,,603834.5578
"05-Jan-21",29.94,31.28,29.88,30.9,372492,0.29027,0.371,,532884.8768
"06-Jan-21",30.91,32.46,30.31,32.07,448096,0.244884,0.3474,,451615.2422
"07-Jan-21",32.35,33.38,32.22,32.82,349711,0.351647,0.4112,,646521.6386
"08-Jan-21",32.81,33.2799,31.24,31.43,437923,0.38307,0.4337,,707620.4548
"11-Jan-21",30.79,32.22,30.79,31.39,380945,0.45769,0.4703,,854093.4326
"12-Jan-21",31.63,32.02,30.86,31.9,329928,0.475195,0.5041,,1559900.9645
"13-Jan-21",32.06,33.16,31.35,31.4,199933,0.441748,0.5036,,1450818.6465
"14-Jan-21",31.63,32.5,31.51,32.36,319853,0.519657,0.5203,,1710425.0365
"15-Jan-21",31.89,33.14,31.725,32.54,334670,0.543213,0.5358,1078652,1795809.34
"18-Jan-21",,,,,,0.536996,0.5358,,1795809.34
"19-Jan-21",32.99,33.11,32.42,32.48,412749,0.522564,0.552,,1747936.969
"20-Jan-21",32.64,35.16,32.64,34.9,573271,0.549042,0.566,,1864164.417
"21-Jan-21",35.32,36.66,34.94,35.82,586913,0.658996,0.5686,,2256670.225
"22-Jan-21",35.24,35.6459,34.6,35.07,394917,0.785454,0.6067,,2698834.6865
"25-Jan-21",35.02,35.64,33.96,34.29,243073,1.12012,0.6109,,3832885.903
"26-Jan-21",34.71,34.91,33.18,33.39,220175,1.239713,0.6095,,4210386.938
"27-Jan-21",32.55,32.98,31.715,32.11,389128,1.182465,0.6086,,2410787.22
"28-Jan-21",32.28,33.21,31.87,32.77,334846,1.166439,0.609,,2372171.4784
"29-Jan-21",32.67,34.19,31.813,33.63,545451,1.220371,0.6082,1066566,2454149.0304
"01-Feb-21",34.55,36.24,34.33,35.06,641285,1.146543,0.5985,,2299146.738
"02-Feb-21",38.4,40,37.44,39.55,1111282,1.16923,0.6024,,2409384.9724
"03-Feb-21",39.74,41.43,37.5,39.34,669884,1.012434,0.615,,2100890.5004
"04-Feb-21",39.85,39.94,38.9,39.45,428871,1.14453,0.6104,,2370984.9612
"05-Feb-21",40,40.94,39.16,40.93,339148,1.231001,0.603,,2548423.2152
"08-Feb-21",40.95,42.58,40.72,42.52,433304,1.19721,0.5797,,2499020.9536
"09-Feb-21",42.64,42.64,41.27,41.99,312631,1.177934,0.562,,1064112.8982
"10-Feb-21",42.14,43.25,41.2,42.79,335862,1.216267,0.5583,,1085124.2484
"11-Feb-21",43.25,44.99,42.72,44.71,1288763,1.128865,0.5552,,1028916.2202
"12-Feb-21",44.45,44.45,43.32,43.78,303974,1.100196,0.5567,1182489,993612.8856
"15-Feb-21",,,,,,1.094538,0.5567,,993399.5724
"16-Feb-21",44.33,44.33,42.53,42.8,359286,1.146858,0.5491,,1038408.6576
"17-Feb-21",42.15,43.81,41.79,43.79,750224,1.048882,0.5574,,964708.947
"18-Feb-21",43.65,43.91,43.15,43.34,328040,1.062574,0.5571,,969188.5242
"19-Feb-21",43.84,44.95,43.62,44.47,253877,1.288873,0.539,,1155410.9478
"22-Feb-21",43.9,44.99,43.21,44.21,275046,1.312337,0.5414,,1169169.6492
"23-Feb-21",43.64,45.1,43.2689,44.43,420063,1.281677,0.549,,1142078.8728
"24-Feb-21",44.39,46.11,43.2,45.96,323848,1.280323,0.549,,1359152.8566
"25-Feb-21",45.36,45.95,43.215,43.34,399648,1.400844,0.5557,,1488635.4021
"26-Feb-21",44.25,45.2099,43.67,44.25,494786,1.402507,0.5604,1333345,1501997.5278
"01-Mar-21",45.56,47.57,45.36,46.92,734672,1.362943,0.5777,,1489344.8955
"02-Mar-21",46.65,47.28,45.82,45.82,937500,1.163863,0.5726,,1293524.7171
"03-Mar-21",45.52,45.86,43.38,43.66,675940,1.191616,0.5751,,1331127.8673
"04-Mar-21",43.58,44.2858,41.97,43.2,1003687,1.61395,0.5608,,1846574.8224
"05-Mar-21",44.21,44.97,42.17,44.87,876000,1.496529,0.5678,,1745590.2618
"08-Mar-21",44.89,45.99,43.53,43.95,440707,1.498501,0.5728,,1750083.72
"09-Mar-21",44.72,44.87,43.57,44.09,334534,1.729631,0.5694,,1793749.0285
"10-Mar-21",44.63,46.4313,44.25,45.57,511940,1.655142,0.5695,,1717081.691
"11-Mar-21",46.23,46.6416,44.68,45,414714,1.619962,0.5636,,1680148.0345
"12-Mar-21",44.37,44.98,43.73,43.86,381208,1.513613,0.5647,,1572413.7585
"15-Mar-21",43.62,44.7,43.29,44.66,486466,1.800555,0.5305,1446209,1880549.788
"16-Mar-21",44.94,45.49,44.08,44.59,349985,1.461633,0.5544,,1522146.652
"17-Mar-21",44.53,46.03,43.58,45.89,327712,1.316225,0.5599,,1365878.618
"18-Mar-21",45.12,45.465,42.97,43.28,497080,1.301982,0.5554,,1330678.31
"19-Mar-21",43.29,45.65,43.28,45.42,795637,1.318072,0.5598,,1350011.8125
"22-Mar-21",45.58,46.29,44.6,44.78,323042,1.248665,0.5661,,1277477.8445
"23-Mar-21",44.25,44.85,42.01,42.66,401537,0.829159,0.5965,,852540.793
"24-Mar-21",43.5,44.5732,41.695,41.9,550921,0.80036,0.5612,,638790.5153
"25-Mar-21",41.19,44.01,40.85,43.96,310424,0.566285,0.6401,,455555.835
"26-Mar-21",44.29,45.53,43.82,45.34,296839,0.517977,0.6582,,414338.8785
"29-Mar-21",45.28,45.535,43.29,43.63,419278,0.609982,0.6425,,488963.2629
"30-Mar-21",43.44,44.355,43.1,44,426439,0.652864,0.6343,,525263.1088
"31-Mar-21",44.37,45.51,43.98,45.26,342577,0.613471,0.6664,934692,495615.8243
"01-Apr-21",45.79,47.8564,45.58,47.42,449793,0.550774,0.6651,,448614.0318
"02-Apr-21",,,,,,0.567478,0.6522,,462208.3964
"05-Apr-21",47.91,47.915,45.68,47.35,377734,0.643365,0.6343,,525118.4879
"06-Apr-21",47.12,47.745,46.94,47.28,317068,0.896581,0.5993,,730480.1659
"07-Apr-21",47.29,47.29,45.86,46.16,276783,1.307735,0.5219,,1059058.8507
"08-Apr-21",46.43,46.43,44.88,45.6,392729,1.439778,0.5125,,1167669.1466
"09-Apr-21",45.73,46.72,45.17,46.28,372369,1.467791,0.5139,,2240176.3164
"12-Apr-21",46.47,46.82,45.61,46.63,253764,1.554634,0.516,,2362247.0916
"13-Apr-21",46.51,46.635,45.05,45.89,300118,1.502661,0.5074,,2280928.8876
"14-Apr-21",45.85,46.48,44.93,45.87,225158,1.019527,0.5782,,1548878.1132
"15-Apr-21",46.39,47.36,45.24,45.34,562492,0.992291,0.5752,883046,1520276.538
"16-Apr-21",45.81,47.03,45.57,46.79,309700,0.978524,0.5805,,1497937.3992
"19-Apr-21",46.58,46.95,45.45,45.63,414687,0.920654,0.6035,,1406898.3984
"20-Apr-21",45.62,45.75,43.5,44,404203,0.969854,0.615,,1481673.7584
"21-Apr-21",44.64,45.16,44.03,44.65,253263,0.928976,0.6211,,1403720.4456
"22-Apr-21",44.64,45.37,44.0801,44.63,344023,0.910325,0.6383,,1363996.0356
"23-Apr-21",44.41,45.36,44.17,44.6,373219,1.040008,0.6345,,1557103.4028
"26-Apr-21",45.15,45.64,44.85,45.35,289687,1.110065,0.6246,,966935.37
"27-Apr-21",45.5,46.3,45.01,45.03,243473,0.872189,0.6412,,760302.606
"28-Apr-21",44.87,44.93,43.9407,44.64,227755,0.915913,0.6382,,793946.6586
"29-Apr-21",45.31,45.95,44.83,45.62,264527,0.727891,0.6449,,629435.1888
"30-Apr-21",44.81,45.06,43.86,44.43,236681,0.626161,0.6776,851254,535567.399
"03-May-21",45.03,45.33,44.49,45.09,242285,0.665732,0.6738,,547576.8246
"04-May-21",44.62,44.84,43.88,44.27,331303,0.705135,0.6736,,572655.331
"05-May-21",44.63,44.63,43.19,43.41,308279,0.712627,0.6744,,576099.2104
"06-May-21",43.7,43.86,42.8,43.65,316736,0.707558,0.6716,,571507.3712
"07-May-21",43.66,45.09,43.13,44.69,316539,0.685924,0.6768,,551815.4454
"10-May-21",44.5,44.83,42.87,43.01,297069,0.688914,0.6823,,553669.842
"11-May-21",41.92,42.33,41.16,41.53,299086,0.707958,0.6833,,903010.2432
"12-May-21",41.02,41.195,39.12,39.53,485536,0.630737,0.683,,779748.664
"13-May-21",39.8,41.69,39.75,41.38,493683,0.681877,0.6674,,849296.1158
"14-May-21",42.01,42.18,41.0245,42.1,284360,0.619289,0.6666,906870,767575.7318
"17-May-21",41.74,41.74,40.48,41.42,159771,0.597459,0.6639,,734717.3274
"18-May-21",41.47,41.47,40.21,40.27,236118,0.579573,0.6721,,698368.7816
"19-May-21",39.34,41.06,38.96,41.03,570798,0.556962,0.6636,,677683.3094
"20-May-21",41.11,41.93,41,41.56,252846,0.487976,0.6336,,593749.665
"21-May-21",42.25,42.91,41.88,42.04,348432,0.537454,0.5897,,652571.3164
"24-May-21",42.48,43.16,41.87,42.45,311990,0.480697,0.5972,,584045.3694
"25-May-21",42.68,44.86,42.68,43.78,564979,0.569346,0.6013,,825161.013
"26-May-21",46.9,52.2708,46.45,52.04,1309721,0.651287,0.6005,,977605.86
"27-May-21",53.42,53.5125,51.56,51.64,536764,0.788862,0.6198,,1186004.586
"28-May-21",51.67,51.67,49.86,50.65,412213,1.376617,0.5554,1098432,2069205.279
"31-May-21",,,,,,1.802064,0.5074,,2708730.003
"01-Jun-21",51.2,53.1,50.52,53.06,487149,1.875433,0.5231,,2826078.981
"02-Jun-21",53.11,53.5,51.5,53.18,815646,1.108187,0.6465,,1674898.203
"03-Jun-21",52.89,53.07,51.17,51.73,373175,1.112816,0.6599,,1647147.981
"04-Jun-21",52.37,52.85,51.58,52.72,660660,0.949951,0.6474,,1405285.752
"07-Jun-21",52.97,53.9,51.45,52.04,797443,1.036432,0.6531,,1494340.386
"08-Jun-21",52.75,52.75,51.94,52.2,312215,0.986298,0.6573,,1417165.749
"09-Jun-21",52.21,52.5,50.25,50.48,316950,0.779709,0.7646,,591835.1616
"10-Jun-21",49.93,50.1576,48.44,48.45,390120,0.792063,0.7286,,602599.7952
"11-Jun-21",48.72,49.39,48.59,49.24,295325,0.786608,0.7144,,593372.9664
"14-Jun-21",49.14,49.72,48.16,48.7,347930,0.733061,0.7113,,551852.2368
"15-Jun-21",48.95,49.57,48.11,49.24,242737,0.775877,0.7025,1158480,580631.1552
"16-Jun-21",49.3,49.71,48.42,48.7,253156,0.68361,0.6616,,506926.368
"17-Jun-21",48.54,49.74,48.155,49.67,346908,0.644382,0.6701,,477817.92
"18-Jun-21",48.64,51.27,48.46,51.14,748276,0.662404,0.696,,499347.1872
"21-Jun-21",51.58,51.82,50.22,51.53,366256,0.761512,0.7079,,561957.8112
"22-Jun-21",51.36,52.83,50.8,52.81,303980,1.222731,0.6908,,899396.1216
"23-Jun-21",53.19,53.3,51.14,52.21,305413,1.189637,0.6684,,874351.872
"24-Jun-21",52.35,53.14,51.63,52.9,248179,1.475202,0.6819,,2150138.88
"25-Jun-21",52.94,53.81,52.61,53.69,805091,1.470379,0.6753,,2164967.424
"28-Jun-21",53.9,54,52.85,53.3,314529,1.718347,0.6522,,2539735.704
"29-Jun-21",53.48,57.07,53.18,54.58,878353,1.003527,0.7025,,1511932.248
"30-Jun-21",54.28,54.72,53.05,53.3,463509,0.961513,0.7017,1130120,1451112.048
"01-Jul-21",53.7,55.47,53.15,54.94,341633,1.104367,0.6967,,1664735.76
"02-Jul-21",55.09,55.12,53.92,54.55,192752,1.1448,0.6993,,1708178.76
"06-Jul-21",54.6,54.61,52.5,53.95,300383,1.124645,0.6978,,1672960.968
"07-Jul-21",53.88,54.75,53.02,53.61,258713,1.040303,0.7358,,1543906.296
"08-Jul-21",52.3,53.54,49.71,52.52,518681,1.114052,0.7219,,1669369.68
"09-Jul-21",53.36,53.41,52.37,53.02,200994,1.111331,0.7294,,1652571.72
"12-Jul-21",52.65,52.91,51.96,52.86,173001,1.336933,0.6683,,1535946.092
"13-Jul-21",52.32,53.11,52.06,52.18,292420,1.295754,0.6643,,1490967.316
"14-Jul-21",52.21,52.77,51.35,51.43,277756,1.290737,0.6666,,1483847.56
"15-Jul-21",51.43,51.57,50.03,50.84,282910,1.346291,0.6551,957968,1551315.724
"16-Jul-21",51.22,51.5,49.84,50.37,359324,1.243402,0.6329,,1421125.9
"19-Jul-21",49.56,51.73,49.01,51.52,419529,1.191855,0.6229,,1368236.284
"20-Jul-21",52.11,54.46,51.985,53.9,419199,1.227357,0.5998,,1409259.64
"21-Jul-21",54.16,55.4,54,55.01,289460,1.359187,0.5971,,1553462.952
"22-Jul-21",54.73,54.73,53.2,53.31,261837,1.456841,0.5898,,1665570.856
"23-Jul-21",53.75,54.28,53.49,54.07,187132,1.544053,0.5822,,1754059.252
"26-Jul-21",54.5,55,53.49,53.7,327408,1.526509,0.5813,,1068900.6944
"27-Jul-21",53.26,54.7,53.15,53.97,230891,1.474238,0.5724,,1029815.6
"28-Jul-21",54,54.45,53.51,53.95,191903,1.388722,0.5745,,968026.664
"29-Jul-21",54.345,57.4,54.345,56.92,356880,1.366045,0.5787,,957201.6256
"30-Jul-21",56.08,57.29,55.07,56.4,576084,1.33117,0.5726,1090282,944652.2448
"02-Aug-21",56.72,57.8264,56.38,57.4,416165,1.18894,0.601,,849813.4128
"03-Aug-21",57.47,57.74,55.435,57.13,416286,1.317698,0.5782,,942736.3088
"04-Aug-21",56.05,60.38,56.05,59.85,723420,1.32082,0.5727,,962853.6368
"05-Aug-21",60.9,61.96,59.6,60.06,525063,1.374995,0.5736,,1009889.8656
"06-Aug-21",60.55,60.97,59.58,59.62,625615,1.402863,0.5671,,1042843.9648
"09-Aug-21",59.375,61.9,58.01,61.15,459603,1.402847,0.5557,,1052136.2544
"10-Aug-21",61.35,64.23,61.1,62.66,539694,1.13607,0.5416,,988231.6048
"11-Aug-21",62.53,63.66,61.85,63.26,400167,0.952451,0.5301,,831667.1096
"12-Aug-21",63.21,63.41,61.76,62.34,440236,0.965987,0.5363,,847912.3114
"13-Aug-21",62.6,62.65,61.39,61.68,321106,0.972855,0.5345,1238866,848784.537
"16-Aug-21",61.65,63.17,60.69,62.4,330903,0.926884,0.5369,,807680.9056
"17-Aug-21",61.69,61.69,59.52,59.98,435758,0.885942,0.5352,,772573.8252
"18-Aug-21",59.98,61.3755,59.53,59.6,358531,0.866464,0.5385,,761234.8924
"19-Aug-21",58.97,60,58.03,58.94,305926,0.869984,0.5174,,766250.1896
"20-Aug-21",58.74,59.87,58.1,59.59,378549,0.828668,0.5102,,724710.4454
"23-Aug-21",59.96,60.5,58.73,59.84,408863,0.763877,0.4925,,673685.2478
"24-Aug-21",60.06,62.87,59.94,62.3,429902,0.691331,0.4071,,890249.1076
"25-Aug-21",62.42,63.52,61.59,63.24,230745,0.63874,0.4228,,820129.292
"26-Aug-21",63.15,63.52,61.98,62.47,243526,0.700119,0.4186,,888266.922
"27-Aug-21",62.73,66.82,62.15,65.38,564085,0.58239,0.5738,,718294.5068
"30-Aug-21",65.83,66.59,63.0059,63.47,440162,0.605403,0.5384,,743567.3732
"31-Aug-21",63.53,64.02,61.2,62.72,679518,0.710543,0.5983,1138770,882072.592
"01-Sep-21",62.45,63.2,60.81,63.03,333645,0.623375,0.6197,,771813.518
"02-Sep-21",63.385,64.74,62.53,64.15,324438,0.647323,0.6509,,796590.838
"03-Sep-21",64.02,64.87,63.38,64.72,308071,0.655061,0.707,,790644.2812
"06-Sep-21",,,,,,0.661653,0.707,,790644.2812
"07-Sep-21",64.88,65.58,62.83,62.98,339852,0.715795,0.6443,,853702.5606
"08-Sep-21",62.27,63,61.26,61.88,362079,0.69714,0.6562,,817032.127
"09-Sep-21",61.9,63.56,61.775,62.84,257668,0.693413,0.6854,,810837.797
"10-Sep-21",63.3,64.58,62.93,63.35,506653,0.529251,0.8286,,805110.39
"13-Sep-21",63.4,63.43,59.8543,62.87,431898,0.532991,0.8229,,815131.566
"14-Sep-21",63.66,65.25,63.015,63.11,367077,0.569238,0.8022,,869906.403
"15-Sep-21",62.89,64.045,61.785,63.77,625892,0.68768,0.7382,1115856,1062586.287
"16-Sep-21",63.53,64.8131,63.53,63.9,697413,0.716708,0.7273,,1127382.3
"17-Sep-21",64.31,64.4,61.43,62.9,918820,0.774809,0.6705,,1250369.46
"20-Sep-21",60.94,62.57,60.08,60.63,696555,0.779453,0.6715,,1258226.973
"21-Sep-21",60.87,62.62,60.4,61.77,849866,0.697974,0.6285,,1145602.62
"22-Sep-21",62.21,63.67,61.79,62.83,273015,0.774586,0.6103,,1266995.502
"23-Sep-21",63.26,64.08,63.26,63.78,168841,1.282367,0.5974,,2086909.902
"24-Sep-21",63.07,64.23,62.5,63.35,156596,1.193572,0.6136,,2028291.4512
"27-Sep-21",63.15,64.47,62.1,64.27,299410,1.2538,0.6147,,2102272.704
"28-Sep-21",63.49,63.6567,61.57,62.29,224384,1.26019,0.6235,,2098701.9648
"29-Sep-21",63,63.95,62.57,63.31,254465,1.239667,0.6189,,2059647.0048
"30-Sep-21",63.79,64.22,60.01,60.06,415332,1.355123,0.5984,1267984,2211180.2496
"01-Oct-21",60.48,61.05,57.88,60.81,668938,1.197898,0.6029,,1970490.1104
"04-Oct-21",60.47,61.13,60,60.94,327757,1.235413,0.5949,,2047261.0032
"05-Oct-21",61.29,61.64,59.42,59.45,268831,1.034495,0.5752,,1705809.0672
"06-Oct-21",58.64,60.5,58.64,60.14,290673,1.027695,0.6061,,1687843.7856
"07-Oct-21",60.63,61.76,60.545,61.17,319911,0.998982,0.6165,,1641870.5184
"08-Oct-21",61.59,61.79,59.88,61.01,168831,0.673929,0.5725,,1103804.7552
"11-Oct-21",61.11,62.34,60.79,61.75,139309,0.678935,0.5725,,632977.6128
"12-Oct-21",62.23,62.49,60.21,60.35,327176,0.842715,0.583,,783740.9104
"13-Oct-21",60.47,61.63,60.2,60.83,197472,0.914502,0.5964,,851324.4576
"14-Oct-21",61.5,63.119,61.5,62.92,234103,0.877925,0.594,,815440.5104
"15-Oct-21",64.04,64.04,61.13,61.2,284477,0.757533,0.58,1275542,703731.12
"18-Oct-21",61.21,63.16,61.21,62.8,216108,0.985003,0.5886,,913709.2704
"19-Oct-21",63,63.245,61.52,61.94,190159,0.8721,0.5901,,802760.6704
"20-Oct-21",62.05,64.11,62.05,63.58,271184,0.79823,0.5912,,730485.5824
"21-Oct-21",63.75,64.563,62.75,63.81,203635,0.810648,0.593,,735557.5184
"22-Oct-21",63.87,64.74,63.22,63.4,197861,0.777141,0.5803,,702463.136
"25-Oct-21",63.57,65.09,63.445,63.73,270062,0.927454,0.5911,,845238.1344
"26-Oct-21",63.89,64.2,62.63,63.43,284018,0.90124,0.5902,,1482817.575
"27-Oct-21",63.51,64.74,61.11,61.14,244025,0.995529,0.5711,,1632438.6516
"28-Oct-21",61.83,63.13,61.465,63.03,343826,0.925461,0.5837,,1524400.2442
"29-Oct-21",62.92,64.18,62.71,63.32,301857,0.80866,0.5738,,1337916.0038
"01-Nov-21",63.32,66.09,63.02,66.02,558726,0.869718,0.5872,,1439321.5928
"02-Nov-21",66.72,67.13,63.73,64.85,588562,0.859242,0.592,,1433709.208
"03-Nov-21",70,74.0499,69.0586,70.1,944382,,0.5854,,1364957.4942
"19-Nov-21",,,,,,,,,,,0