"Date","open SLP Price in USD","high SLP Price in USD","low SLP Price in USD","close SLP Price in USD","SLP Volume","Days to cover 3m (on loan)","Cost To Borrow","Exchange Reported SI","Estimated Short Interest","Dividends","hidden"
"10-Feb-12",,,,,,,,,,
"16-Feb-12",,,,,,,,,,
"01-Mar-12",,,,,,,,,,
"17-Apr-12",,,,,,,,,,
"25-Apr-12",,,,,,,,,,
"08-May-12",,,,,,,,,,
"27-Jul-12",,,,,,,,,,
"03-Aug-12",,,,,,,,,,
"10-Aug-12",,,,,,,,,,
"26-Oct-12",,,,,,,,,,
"06-Nov-12",,,,,,,,,,
"13-Nov-12",,,,,,,,,,
"13-Dec-12",,,,,,,,,,
"20-Dec-12",,,,,,,,,,
"28-Dec-12",,,,,,,,,,
"26-Apr-13",,,,,,,,,,
"03-May-13",,,,,,,,,,
"10-May-13",,,,,,,,,,
"30-Jul-13",,,,,,,,,,
"08-Aug-13",,,,,,,,,,
"15-Aug-13",,,,,,,,,,
"29-Oct-13",,,,,,,,,,
"06-Nov-13",,,,,,,,,,
"15-Nov-13",,,,,,,,,,
"05-Feb-14",,,,,,,,,,
"12-Feb-14",,,,,,,,,,
"24-Feb-14",,,,,,,,,,
"30-Apr-14",,,,,,,,,,
"07-May-14",,,,,,,,,,
"16-May-14",,,,,,,,,,
"25-Jul-14",,,,,,,,,,
"31-Jul-14",,,,,,,,,,
"11-Aug-14",,,,,,,,,,
"28-Oct-14",,,,,,,,,,
"05-Nov-14",,,,,,,,,,
"14-Nov-14",,,,,,,,,,
"02-Jan-15",6.844,6.89,6.7,6.77,8623
"05-Jan-15",6.7,6.93,6.6,6.93,14636
"06-Jan-15",6.92,6.92,6.62,6.7,8316
"07-Jan-15",6.8999,6.8999,6.6,6.74,4692
"08-Jan-15",6.82,6.82,6.61,6.78,4858
"09-Jan-15",6.65,6.7,6.61,6.7,5863
"12-Jan-15",6.75,6.78,6.71,6.78,9697
"13-Jan-15",6.78,6.78,6.46,6.64,34213
"14-Jan-15",6.65,6.7,6.5172,6.7,8313
"15-Jan-15",6.7,6.7,6.45,6.6,26984,,,,,
"16-Jan-15",6.49,6.62,6.44,6.6,18152
"20-Jan-15",6.6,6.6,6.5,6.58,5571
"21-Jan-15",6.535,6.6,6.5,6.6,23260
"22-Jan-15",6.5,6.55,6.48,6.55,6585,,,,,
"23-Jan-15",6.46,6.59,6.46,6.46,13234
"26-Jan-15",6.51,6.51,6.4601,6.48,4199
"27-Jan-15",6.47,6.51,6.36,6.43,4895
"28-Jan-15",6.48,6.51,6.35,6.363,9307
"29-Jan-15",6.35,6.49,6.35,6.49,5560
"30-Jan-15",6.5,6.5,6.18,6.36,10124
"02-Feb-15",6.42,6.42,5.82,6.27,26971,,,,,
"03-Feb-15",6.34,6.5,6.268,6.5,23088
"04-Feb-15",6.5,6.5001,6.3501,6.48,6621
"05-Feb-15",6.48,6.48,6.426,6.47,3357
"06-Feb-15",6.391,6.5,6.3809,6.4248,15532
"09-Feb-15",6.38,6.49,6.38,6.472,8122
"10-Feb-15",6.45,6.5,6.421,6.421,5775
"11-Feb-15",6.465,6.5,6.43,6.5,2104
"12-Feb-15",6.45,6.5,6.25,6.26,43700
"13-Feb-15",6.318,6.475,6.25,6.3,10351
"17-Feb-15",6.25,6.3,6.25,6.25,7603
"18-Feb-15",6.4899,6.4899,6.24,6.2496,25122
"19-Feb-15",6.24,6.411,6.19,6.19,8741
"20-Feb-15",6.2401,6.2705,6.0201,6.27,28265
"23-Feb-15",6.14,6.38,6.14,6.24,6747
"24-Feb-15",6.18,6.26,6,6.22,19480
"25-Feb-15",6.27,6.39,6.26,6.3,7503
"26-Feb-15",6.3,6.33,6.25,6.25,8812
"27-Feb-15",6.24,6.37,6.24,6.36,5041
"02-Mar-15",6.35,6.351,6.26,6.33,24779
"03-Mar-15",6.39,6.39,6.32,6.35,6794
"04-Mar-15",6.3,6.38,6.09,6.18,54832
"05-Mar-15",6.18,6.37,6.121,6.16,39382
"06-Mar-15",6.18,6.23,5.8796,6.23,62340
"09-Mar-15",6.29,6.35,6.17,6.32,9586
"10-Mar-15",6.33,6.33,6.06,6.21,19418
"11-Mar-15",6.18,6.3,6.14,6.14,3507
"12-Mar-15",6.2,6.36,6.17,6.31,11736
"13-Mar-15",6.3349,6.3349,6.0701,6.26,3296
"16-Mar-15",6.21,6.21,6.06,6.07,23205
"17-Mar-15",6.05,6.2,6.05,6.15,14110
"18-Mar-15",6.096,6.18,6.01,6.12,13425
"19-Mar-15",6.02,6.14,5.99,6.1,34021
"20-Mar-15",6.01,6.13,5.94,5.94,53891
"23-Mar-15",5.93,6.0653,5.92,6.02,13440
"24-Mar-15",6.05,6.06,6,6.01,1822
"25-Mar-15",5.97,6.02,5.95,5.95,3099
"26-Mar-15",5.99,6.03,5.97,6.02,6453
"27-Mar-15",5.95,6.0008,5.94,5.97,4296
"30-Mar-15",5.95,6.03,5.94,5.99,7866
"31-Mar-15",5.94,6.18,5.94,6.14,6546
"01-Apr-15",6.19,6.19,6.0063,6.05,6768
"02-Apr-15",5.99,6.05,5.86,6.01,26160
"06-Apr-15",5.9,6,5.9,5.96,19516
"07-Apr-15",6.045,6.09,6,6,8191
"08-Apr-15",5.988,6.05,5.97,5.99,8900
"09-Apr-15",5.99,5.99,5.84,5.84,22692
"10-Apr-15",5.9,5.99,5.85,5.98,21729
"13-Apr-15",5.99,6.01,5.95,5.95,18663
"14-Apr-15",6,6.15,6,6.04,63084
"15-Apr-15",5.82,6.02,5.75,5.99,60704
"16-Apr-15",5.8001,6.02,5.8001,5.9,27675
"17-Apr-15",5.88,5.9,5.83,5.89,4073
"20-Apr-15",5.84,5.98,5.81,5.84,12971
"21-Apr-15",5.904,5.951,5.82,5.86,17305
"22-Apr-15",5.85,5.96,5.8001,5.84,29294
"23-Apr-15",5.88,5.9756,5.85,5.85,33843
"24-Apr-15",5.85,5.95,5.85,5.9,45928
"27-Apr-15",5.86,5.9165,5.8,5.8,34712
"28-Apr-15",5.822,5.92,5.82,5.82,8367
"29-Apr-15",5.85,5.93,5.8001,5.83,5299,,,,,
"30-Apr-15",5.86,5.9,5.8073,5.85,76619
"01-May-15",5.85,5.9,5.76,5.78,12180
"04-May-15",5.84,5.86,5.7,5.7,22562
"05-May-15",5.69,5.75,5.66,5.71,11447
"06-May-15",5.9,5.9,5.7627,5.8,12317
"07-May-15",5.65,5.95,5.65,5.9,90549,,,,,
"08-May-15",5.8,5.9,5.8,5.83,9527
"11-May-15",5.84,5.9,5.81,5.81,8079
"12-May-15",5.78,5.78,5.7,5.74,7704
"13-May-15",5.77,5.8,5.75,5.78,1813
"14-May-15",5.8,5.85,5.7324,5.8,10356
"15-May-15",5.84,5.89,5.769,5.8,45207
"18-May-15",5.84,5.9248,5.67,5.75,38495,,,,,
"19-May-15",5.75,5.789,5.6,5.71,22786
"20-May-15",5.74,5.85,5.7,5.82,8134
"21-May-15",5.79,5.79,5.79,5.79,2568
"22-May-15",5.74,5.86,5.74,5.8,3702
"26-May-15",5.85,5.86,5.76,5.86,1960
"27-May-15",5.7706,6,5.7706,5.91,14487
"28-May-15",5.87,5.919,5.86,5.9,9614
"29-May-15",5.94,5.94,5.8601,5.9,2515
"01-Jun-15",5.9,5.9,5.8,5.88,12880
"02-Jun-15",5.86,5.86,5.8,5.84,2537
"03-Jun-15",5.825,5.854,5.75,5.76,9923
"04-Jun-15",5.66,5.77,5.52,5.71,18315
"05-Jun-15",5.705,5.79,5.7023,5.77,11007
"08-Jun-15",5.77,5.8599,5.7,5.78,11538
"09-Jun-15",6,6,5.72,5.82,34073
"10-Jun-15",5.73,6,5.73,5.9399,45060
"11-Jun-15",6.01,6.2001,6.008,6.11,48306
"12-Jun-15",6.06,6.27,6.06,6.27,33303
"15-Jun-15",6.27,6.32,6.25,6.3,10699
"16-Jun-15",6.32,6.32,6,6.2001,9660
"17-Jun-15",6.24,6.3,6.19,6.29,10371
"18-Jun-15",6.1,6.28,6.1,6.1,15110
"19-Jun-15",6.11,6.13,6.01,6.12,9096
"22-Jun-15",6.12,6.26,6.12,6.14,5922
"23-Jun-15",6.15,6.15,5.95,6.08,16423
"24-Jun-15",6.17,6.26,6.0801,6.23,7975
"25-Jun-15",6.1899,6.2,6.1899,6.2,1853
"26-Jun-15",6.08,6.15,5.9,6.15,9539
"29-Jun-15",6.15,6.15,5.9,5.91,12674
"30-Jun-15",5.9,6.32,5.9,6.27,24682
"01-Jul-15",6.16,6.2899,6.15,6.19,26418
"02-Jul-15",6.25,6.315,6.21,6.21,16033
"06-Jul-15",6.15,6.2416,6.1449,6.24,9193
"07-Jul-15",6.18,6.18,6.0108,6.09,33426
"08-Jul-15",6.05,6.1,6.01,6.01,16827
"09-Jul-15",6.07,6.09,6.07,6.08,1585
"10-Jul-15",6.09,6.1,6.01,6.1,12217
"13-Jul-15",6.15,6.2907,6.11,6.19,59124,,,,,
"14-Jul-15",6.55,6.88,6.5,6.87,159782
"15-Jul-15",6.79,6.9,6.57,6.75,52188
"16-Jul-15",6.75,6.7599,6.65,6.68,16916
"17-Jul-15",6.62,6.8,6.5801,6.66,54462
"20-Jul-15",6.66,6.85,6.46,6.62,75196
"21-Jul-15",6.43,6.8,6.4299,6.74,47718,,,,,
"22-Jul-15",6.8,6.8,6.61,6.7,26858
"23-Jul-15",6.66,6.779,6.44,6.499,40808
"24-Jul-15",6.55,6.6,6.25,6.33,67363
"27-Jul-15",6.33,6.5,6.11,6.49,9613
"28-Jul-15",6.54,6.54,6.28,6.35,36843
"29-Jul-15",6.34,6.4999,6.21,6.32,37059
"30-Jul-15",6.39,6.49,6.25,6.49,23004,,,,,
"31-Jul-15",6.56,6.5999,6.33,6.46,20916
"03-Aug-15",6.51,6.66,6.46,6.66,23526
"04-Aug-15",6.66,6.66,6.26,6.45,20233
"05-Aug-15",6.44,6.5,6.33,6.33,12236
"06-Aug-15",6.36,6.64,6.26,6.47,17474
"07-Aug-15",6.39,6.54,6.22,6.22,29933
"10-Aug-15",6.25,6.48,6.08,6.25,38702
"11-Aug-15",6.4499,6.4499,6.275,6.3,14575
"12-Aug-15",6.29,6.32,6.22,6.31,20159
"13-Aug-15",6.315,6.37,6.3001,6.36,15245
"14-Aug-15",6.386,6.39,6.3,6.32,13968
"17-Aug-15",6.32,6.57,6.32,6.45,28364
"18-Aug-15",6.4,6.53,6.4,6.445,10715
"19-Aug-15",6.48,6.51,6.34,6.46,7884
"20-Aug-15",6.3367,6.53,6.3367,6.46,10301
"21-Aug-15",6.49,6.5501,6.4509,6.46,23370
"24-Aug-15",6.45,6.45,6.1559,6.26,27785
"25-Aug-15",6.39,6.46,6.31,6.31,23231
"26-Aug-15",6.42,6.54,6.25,6.43,54460
"27-Aug-15",6.49,6.53,6.4,6.5,7733
"28-Aug-15",6.55,6.75,6.55,6.67,35805
"31-Aug-15",6.6,6.77,6.6,6.75,18075
"01-Sep-15",6.59,6.75,6.4919,6.71,12044
"02-Sep-15",6.75,6.75,6.67,6.71,26681
"03-Sep-15",6.81,7.32,6.735,7.296,144646
"04-Sep-15",7.24,7.3101,6.67,7.2215,51904
"08-Sep-15",7.28,7.88,7.22,7.84,212573
"09-Sep-15",8,8.78,7.99,8.23,301648
"10-Sep-15",8.55,8.55,8.1,8.2,94354
"11-Sep-15",8.15,8.49,7.87,8.48,76414
"14-Sep-15",8.52,8.8,8.3,8.69,99335
"15-Sep-15",8.72,8.73,8.06,8.19,89736
"16-Sep-15",8.2,8.34,7.88,8.01,52308
"17-Sep-15",8.1,8.38,7.86,7.94,101546
"18-Sep-15",8.07,8.26,7.97,8.12,229183
"21-Sep-15",8.23,8.77,8.23,8.72,82006
"22-Sep-15",8.65,9.11,8.57,9.105,142659
"23-Sep-15",9.17,9.43,8.78,9.14,160039
"24-Sep-15",9.14,9.57,8.96,9.57,74701
"25-Sep-15",9.6,9.7799,9.4451,9.6,121758
"28-Sep-15",9.6,9.62,8.87,9.47,146147
"29-Sep-15",9.38,9.57,9.2238,9.36,56402
"30-Sep-15",9.48,9.5,9.31,9.44,70716
"01-Oct-15",9.39,9.84,9.1,9.82,158570
"02-Oct-15",9.77,10.268,9.62,10.2,265514
"05-Oct-15",9.9,9.95,9.32,9.39,255657
"06-Oct-15",9.32,9.51,9.1148,9.31,100032
"07-Oct-15",9.32,9.5,9.14,9.34,71555
"08-Oct-15",9.38,9.38,9.2201,9.27,41818
"09-Oct-15",9.24,9.34,8.61,9.31,150772
"12-Oct-15",9.31,9.95,9.16,9.76,96361
"13-Oct-15",9.79,9.83,9.53,9.62,32859
"14-Oct-15",9.58,9.5969,9.12,9.5,67772
"15-Oct-15",9.5,9.695,9.42,9.5,33925
"16-Oct-15",9.23,9.52,8.96,9.17,73138
"19-Oct-15",9.25,9.51,9.114,9.51,32184
"20-Oct-15",9.51,9.51,9.17,9.41,26407
"21-Oct-15",9.47,9.52,9.22,9.3,57872
"22-Oct-15",9.29,9.49,9.17,9.18,36323
"23-Oct-15",9.47,9.7,9.18,9.45,50310
"26-Oct-15",9.56,9.75,9.16,9.16,44709
"27-Oct-15",9.21,9.21,8.67,8.88,36209
"28-Oct-15",9,9.32,8.67,9.07,46005,,,,,
"29-Oct-15",9,9,8.67,8.7,20521
"30-Oct-15",8.84,8.84,8.01,8.19,85246
"02-Nov-15",8.1,8.74,8.09,8.65,40955
"03-Nov-15",8.77,8.95,8.7435,8.85,30182
"04-Nov-15",8.92,9.12,8.92,9.12,20175
"05-Nov-15",9.11,9.19,8.82,8.9,29192,,,,,
"06-Nov-15",8.83,9.1699,8.24,9.08,21917
"09-Nov-15",9.05,9.051,8.81,8.9,16266
"10-Nov-15",8.83,8.99,8.83,8.97,5473
"11-Nov-15",9.05,9.05,8.76,8.96,10832
"12-Nov-15",8.7,8.95,8.7,8.83,31168
"13-Nov-15",8.77,8.77,8.48,8.66,19632
"16-Nov-15",8.68,8.74,8.61,8.67,10954,,,,,
"17-Nov-15",8.64,8.74,8.3,8.7,45558
"18-Nov-15",8.73,9.14,8.27,9.03,46970
"19-Nov-15",9.21,9.45,9.02,9.1,41445
"20-Nov-15",9.1,9.1,8.8684,8.98,13834
"23-Nov-15",9.04,9.04,8.6,8.83,24685
"24-Nov-15",8.79,9.0118,8.67,8.73,10807
"25-Nov-15",8.67,8.9683,8.6399,8.83,20282
"27-Nov-15",8.89,9.04,8.8707,9.03,6603
"30-Nov-15",9.08,9.08,8.645,8.93,31141
"01-Dec-15",9,9,8.85,8.93,15348
"02-Dec-15",8.835,8.99,8.71,8.96,13411
"03-Dec-15",8.96,9,8.815,8.9,18075
"04-Dec-15",8.91,9.05,8.91,8.97,9117
"07-Dec-15",8.97,9.39,8.97,9.28,32123
"08-Dec-15",9.3,9.4899,9.05,9.1999,28525
"09-Dec-15",9.08,9.26,9.08,9.19,15763
"10-Dec-15",9.17,9.5,9.16,9.44,28421
"11-Dec-15",9.5,9.72,9.19,9.53,57748
"14-Dec-15",9.41,9.69,9.31,9.31,18240
"15-Dec-15",9.39,9.399,9.11,9.24,19105
"16-Dec-15",9.32,9.4,9.1,9.27,17256
"17-Dec-15",9.3,9.45,9.1801,9.2001,17670
"18-Dec-15",9.2,9.3399,9.14,9.15,36861
"21-Dec-15",9.1,9.25,9.0001,9.22,14080
"22-Dec-15",9.18,9.32,9.08,9.23,25375
"23-Dec-15",9.2,9.35,9.2,9.26,12900
"24-Dec-15",9.26,9.27,9.24,9.26,2460
"28-Dec-15",9.19,9.5,9.1401,9.42,12608
"29-Dec-15",9.5,9.74,9.49,9.73,36119
"30-Dec-15",9.71,9.83,9.4888,9.67,64289
"31-Dec-15",9.66,9.94,9.51,9.91,32101
"04-Jan-16",9.71,9.91,9.56,9.64,44522
"05-Jan-16",9.56,9.95,9.56,9.9,95390
"06-Jan-16",9.7,9.9,9.7,9.89,24082
"07-Jan-16",9.89,9.92,9.56,9.87,51886
"08-Jan-16",9.95,10.64,9.887,10.13,211444
"11-Jan-16",10.25,10.67,10.224,10.51,252546
"12-Jan-16",10.46,10.65,10.4,10.64,141658
"13-Jan-16",10.81,11.4999,10.27,10.39,272109
"14-Jan-16",10.5,10.95,10.21,10.94,140680
"15-Jan-16",10.5,11,9.82,10.55,179819
"19-Jan-16",11.08,11.5,10.7224,11.39,263781,,,,,
"20-Jan-16",11.82,11.8899,10.7142,11.3,185770
"21-Jan-16",11.59,11.6,10.84,10.87,110434
"22-Jan-16",11.08,11.47,10.9154,11.2,182242
"25-Jan-16",11.31,11.325,10.8,11,142053
"26-Jan-16",11,11.12,10.66,10.94,55574
"27-Jan-16",10.83,10.88,10.3,10.33,122304,,,,,
"28-Jan-16",10.15,10.7288,10.1,10.61,82872
"29-Jan-16",10.75,11.35,10.68,11.11,153693
"01-Feb-16",11.19,11.35,10.94,11.29,159347
"02-Feb-16",11.32,11.33,11.02,11.1,56198
"03-Feb-16",11.25,11.25,11.01,11.22,70385
"04-Feb-16",11.25,11.33,10.991,11.06,69305
"05-Feb-16",11.1,11.1649,10.339,10.64,114452,,,,,
"08-Feb-16",10.57,10.57,7.3,8.92,619369
"09-Feb-16",8.69,9.684,8.69,9.55,114733
"10-Feb-16",9.47,10.71,9.15,10.12,122452
"11-Feb-16",10.27,10.27,9.35,9.99,66615
"12-Feb-16",10.18,10.25,9.71,9.95,83633
"16-Feb-16",9.93,10,9.14,9.84,55448
"17-Feb-16",9.14,9.84,9.1,9.55,120242
"18-Feb-16",9.41,9.81,9.31,9.32,44252
"19-Feb-16",9.4,9.84,9.29,9.76,60585
"22-Feb-16",9.8,10.2,9.26,9.35,370652
"23-Feb-16",9.21,9.31,8.78,8.91,220078
"24-Feb-16",8.89,9.24,8.72,9.22,139064
"25-Feb-16",9.17,9.71,9.15,9.71,65697
"26-Feb-16",9.71,9.935,9.59,9.71,86817
"29-Feb-16",9.72,9.89,9.57,9.57,53601
"01-Mar-16",9.61,9.875,9.59,9.66,25891
"02-Mar-16",9.67,9.72,9.59,9.63,24795
"03-Mar-16",9.62,9.75,9.32,9.37,60023
"04-Mar-16",9.46,9.775,8.84,9.02,99788
"07-Mar-16",9.04,9.17,8.75,8.83,109051
"08-Mar-16",8.84,9.24,8.84,8.99,81493
"09-Mar-16",9,9.265,8.84,8.99,39993
"10-Mar-16",8.85,9.235,8.85,8.98,35973
"11-Mar-16",9.02,9.17,8.87,9,67959
"14-Mar-16",9,9.11,8.95,9,24220
"15-Mar-16",9.02,9.07,8.82,8.93,30186
"16-Mar-16",8.83,9.01,8.83,8.95,25251
"17-Mar-16",8.97,8.97,8.86,8.9,47598
"18-Mar-16",8.92,8.94,8.8,8.82,96249
"21-Mar-16",8.8,8.9,8.8,8.82,25622
"22-Mar-16",8.8,8.82,8.42,8.49,79342
"23-Mar-16",8.51,8.51,8.37,8.48,41504
"24-Mar-16",8.47,8.62,8.47,8.61,34392
"28-Mar-16",8.55,8.83,8.54,8.75,64742
"29-Mar-16",8.7,8.9,8.5,8.81,64337
"30-Mar-16",8.82,8.89,8.68,8.85,34626
"31-Mar-16",8.85,9,8.76,8.83,42981
"01-Apr-16",8.76,8.85,8.75,8.84,29906
"04-Apr-16",8.81,8.85,8.72,8.84,26800
"05-Apr-16",8.75,8.87,8.31,8.42,55144
"06-Apr-16",8.42,8.87,8.42,8.8,62680
"07-Apr-16",8.8,8.91,8.68,8.78,30182
"08-Apr-16",8.925,8.93,8.7,8.77,18653
"11-Apr-16",8.85,8.93,8.61,8.79,27440
"12-Apr-16",8.86,8.9,8.66,8.8,47468
"13-Apr-16",8.89,8.99,8.7,8.82,93895
"14-Apr-16",8.95,8.95,8.6,8.73,72201
"15-Apr-16",8.67,8.772,8.6001,8.66,23348
"18-Apr-16",8.62,8.75,8.45,8.58,33932
"19-Apr-16",8.58,8.62,8.26,8.48,82442
"20-Apr-16",8.48,8.67,8.31,8.6,30508
"21-Apr-16",8.54,8.6106,8.49,8.58,20549
"22-Apr-16",8.54,8.62,8.4386,8.58,19767,,,,,
"25-Apr-16",8.6,8.63,8.41,8.58,38992
"26-Apr-16",8.52,8.64,8.4,8.59,44889
"27-Apr-16",8.58,8.63,8.49,8.5,24246
"28-Apr-16",8.4,8.5,8.18,8.2,58606,,,,,
"29-Apr-16",8.15,8.15,7.96,8.06,132223
"02-May-16",8.12,8.15,7.99,8.09,33642
"03-May-16",8.01,8.1092,8.01,8.09,17642
"04-May-16",8.07,8.13,8.07,8.125,20964
"05-May-16",8.14,8.5596,8.14,8.31,35872
"06-May-16",8.31,8.42,8.1575,8.33,16377
"09-May-16",8.36,8.95,8.36,8.82,72816,,,,,
"10-May-16",8.81,9.24,8.765,9.2,83276
"11-May-16",9.22,9.62,9.07,9.16,72721
"12-May-16",8.981,9.085,8.6663,8.7,31578
"13-May-16",8.72,8.96,8.64,8.66,17173
"16-May-16",8.57,8.77,8.46,8.54,36614
"17-May-16",8.34,8.42,8.0201,8.05,81280
"18-May-16",8.05,8.08,7.76,7.84,206983
"19-May-16",7.78,8.04,7.73,7.77,182874
"20-May-16",7.75,8.18,7.52,7.61,180058
"23-May-16",7.66,7.9,7.655,7.77,86051
"24-May-16",7.82,8.1,7.71,8.05,91189
"25-May-16",8.02,8.02,7.72,7.85,81354
"26-May-16",7.85,7.98,7.8,7.9,28332
"27-May-16",7.91,7.92,7.67,7.73,13559
"31-May-16",7.71,7.76,7.54,7.64,82568
"01-Jun-16",7.6,7.78,7.5,7.56,67720
"02-Jun-16",7.6,7.7401,7.4,7.5,98755
"03-Jun-16",7.49,7.59,7.42,7.52,78964
"06-Jun-16",7.54,7.97,7.45,7.8,92883
"07-Jun-16",7.7,7.875,7.37,7.69,45725
"08-Jun-16",7.67,7.88,7.55,7.79,22808
"09-Jun-16",7.73,7.9,7.53,7.79,35734
"10-Jun-16",7.72,7.79,7.62,7.72,36053
"13-Jun-16",7.62,7.71,7.2,7.38,132056
"14-Jun-16",7.4,7.6499,7.2701,7.52,32810
"15-Jun-16",7.57,7.66,7.3,7.3,28256
"16-Jun-16",7.23,7.6299,7.23,7.32,28887
"17-Jun-16",7.33,7.37,7.175,7.2,32702
"20-Jun-16",7.27,7.53,7.18,7.21,22165
"21-Jun-16",7.21,7.44,7.19,7.36,38104
"22-Jun-16",7.29,7.44,7.22,7.26,14430
"23-Jun-16",7.335,7.37,7.195,7.31,23666
"24-Jun-16",7.2,7.29,6.75,6.77,90688
"27-Jun-16",6.74,7.02,6.74,7,23987
"28-Jun-16",7,7.25,6.93,7.22,23656
"29-Jun-16",7.3,7.508,7.15,7.24,38523
"30-Jun-16",7.18,7.58,7.18,7.56,27667
"01-Jul-16",7.54,7.8,7.47,7.49,19672
"05-Jul-16",7.48,7.55,7.4201,7.55,8186
"06-Jul-16",7.55,7.65,7.5,7.52,8390
"07-Jul-16",7.54,7.56,7.48,7.53,14327
"08-Jul-16",7.61,7.81,7.6,7.71,18296
"11-Jul-16",7.77,7.98,7.63,7.68,14786
"12-Jul-16",7.72,7.99,7.7169,7.96,24922
"13-Jul-16",7.96,7.97,7.74,7.77,47645
"14-Jul-16",8,8.24,7.86,8.23,122911
"15-Jul-16",7.93,7.93,7.44,7.81,106683
"18-Jul-16",7.89,7.93,7.68,7.84,22902
"19-Jul-16",7.79,8.1934,7.7802,8.02,33843
"20-Jul-16",8.08,8.08,7.91,8.04,16748
"21-Jul-16",8,8.02,7.84,7.89,19366
"22-Jul-16",7.85,8.1399,7.85,8.07,21525
"25-Jul-16",8.03,8.06,7.91,7.98,16282
"26-Jul-16",8,8.1,7.94,8.01,10216
"27-Jul-16",8.04,8.058,7.87,7.92,13280
"28-Jul-16",7.97,8,7.92,7.96,18529
"29-Jul-16",7.97,8.07,7.93,8.01,14031
"01-Aug-16",8.03,8.05,7.95,8.05,9228,,,,,
"02-Aug-16",8.08,8.08,7.995,8.03,21249
"03-Aug-16",8,8.24,7.9803,8.17,31665
"04-Aug-16",8.24,8.24,8.06,8.16,34019
"05-Aug-16",8.18,8.24,8.01,8.23,21189
"08-Aug-16",8.24,8.33,8.21,8.26,36689
"09-Aug-16",8.18,8.29,8.17,8.28,12171,,,,,
"10-Aug-16",8.3,8.34,8.18,8.28,29918
"11-Aug-16",8.3,8.32,8.2,8.25,14424
"12-Aug-16",8.2,8.22,8.09,8.19,24518
"15-Aug-16",8.2,8.22,8.01,8.22,17947
"16-Aug-16",8.26,8.27,8.2,8.24,23676
"17-Aug-16",8.2799,8.2799,8.05,8.15,16184
"18-Aug-16",8.19,8.3,8.15,8.2,18969,,,,,
"19-Aug-16",8.218,8.235,8.1,8.17,24389
"22-Aug-16",8.08,8.19,7.9,8,28822
"23-Aug-16",7.97,8.22,7.93,8.19,36291
"24-Aug-16",8.22,8.22,8,8.05,22784
"25-Aug-16",8.04,8.25,8.01,8.12,12342
"26-Aug-16",8.15,8.227,8.03,8.19,5177
"29-Aug-16",8.2,8.33,8.18,8.31,17789
"30-Aug-16",8.272,8.86,8.26,8.68,60243
"31-Aug-16",8.68,8.689,8.248,8.62,13230
"01-Sep-16",8.6,8.85,8.5501,8.85,26992
"02-Sep-16",8.86,9.07,8.7,9.02,36077
"06-Sep-16",9,9.19,8.98,9.14,28846
"07-Sep-16",9.14,9.2,9.09,9.18,24256
"08-Sep-16",9.17,9.2,9.06,9.15,24797
"09-Sep-16",9.08,9.15,8.81,8.92,22927
"12-Sep-16",8.86,9.24,8.63,9.21,25698
"13-Sep-16",9.06,9.15,8.71,8.76,35456
"14-Sep-16",8.88,8.88,8.62,8.64,16104
"15-Sep-16",8.68,8.86,8.6201,8.76,41025
"16-Sep-16",8.73,8.79,8.7,8.79,18655
"19-Sep-16",8.77,8.7825,8.66,8.7,9873
"20-Sep-16",8.75,8.75,8.43,8.53,15025
"21-Sep-16",8.55,8.64,8.21,8.37,28827
"22-Sep-16",8.42,8.9,8.3242,8.87,26888
"23-Sep-16",8.81,8.81,8.6,8.61,2725
"26-Sep-16",8.52,8.62,8.5,8.53,4368
"27-Sep-16",8.718,8.9,8.49,8.86,60030
"28-Sep-16",8.78,9.19,8.58,8.76,109630
"29-Sep-16",8.6,8.93,8.55,8.82,62467
"30-Sep-16",8.98,9.18,8.76,8.82,101113
"03-Oct-16",8.88,8.89,8.57,8.89,37497
"04-Oct-16",8.7836,8.7836,8.58,8.61,15317
"05-Oct-16",8.64,8.66,8.5201,8.64,28493
"06-Oct-16",8.64,8.64,8.4001,8.48,38045
"07-Oct-16",8.48,8.48,8.28,8.41,28798
"10-Oct-16",8.5,8.8,8.35,8.75,49258
"11-Oct-16",8.82,8.83,8.36,8.48,70940
"12-Oct-16",8.45,8.78,8.1011,8.45,12342
"13-Oct-16",8.34,8.455,8.3,8.39,13503
"14-Oct-16",8.39,8.6,8.3698,8.45,22475
"17-Oct-16",8.36,8.79,8.36,8.67,85170
"18-Oct-16",8.77,8.91,8.4592,8.73,31182
"19-Oct-16",8.64,8.77,8.45,8.55,32139
"20-Oct-16",8.52,8.6,8.36,8.47,24333
"21-Oct-16",8.46,8.8199,8.21,8.715,69015
"24-Oct-16",8.85,8.85,8.45,8.55,10227
"25-Oct-16",8.55,8.75,8.4,8.45,36542
"26-Oct-16",8.45,8.8,8.425,8.55,52227
"27-Oct-16",8.6,8.75,8.4,8.6,26794
"28-Oct-16",8.55,8.85,8.45,8.55,34293
"31-Oct-16",8.65,8.75,8.35,8.4,37100,,,,,
"01-Nov-16",8.4,8.65,8.3,8.55,23666
"02-Nov-16",8.5,8.6,8.45,8.5,21557
"03-Nov-16",8.5,8.75,8.4,8.65,91108
"04-Nov-16",8.5,8.75,8.45,8.65,12443
"07-Nov-16",8.9,8.9,8.6,8.85,24456
"08-Nov-16",8.55,8.85,8.55,8.75,18936,,,,,
"09-Nov-16",8.5,8.8,8.45,8.75,18200
"10-Nov-16",8.8,9,8.5,8.7,38650
"11-Nov-16",8.7,9.2,8.45,9.2,82995
"14-Nov-16",8.85,9.5,8.65,8.95,46840
"15-Nov-16",8.9,9.05,8.6,9,16338
"16-Nov-16",8.8,9.15,8.75,9.1,20604
"17-Nov-16",9.1,10.75,9.05,10.55,88983,,,,,
"18-Nov-16",10.3,10.6,9.7,9.9,59834
"21-Nov-16",9.85,9.9,9.45,9.65,20745
"22-Nov-16",9.75,9.85,9.25,9.75,99747
"23-Nov-16",9.85,10.2,9.6196,9.95,84347
"25-Nov-16",9.95,10.15,9.925,10.1,21209
"28-Nov-16",10,10,9.6,9.85,6266
"29-Nov-16",9.95,10,9.6,9.7,13213
"30-Nov-16",9.8,9.8,9.3,9.45,58177
"01-Dec-16",9.4,9.5,9.1,9.1,121852
"02-Dec-16",9,9.1,8.95,9,5861
"05-Dec-16",9.1,9.51,9.05,9.3,18364
"06-Dec-16",9.284,9.3,9.05,9.15,6266
"07-Dec-16",9.2,9.25,9.05,9.1,3650
"08-Dec-16",9.15,9.3,9.005,9.1,34961
"09-Dec-16",9.2,9.9,9.105,9.65,33876
"12-Dec-16",9.5,9.5,9.3,9.35,27254
"13-Dec-16",9.5,9.5,9.4,9.5,10058
"14-Dec-16",9.4,9.545,9.35,9.4,14181
"15-Dec-16",9.35,9.4,9.2,9.25,18540
"16-Dec-16",9.145,9.24,9,9,20634
"19-Dec-16",9.1,9.45,9.05,9.3,16892
"20-Dec-16",9.426,9.45,9.35,9.35,9667
"21-Dec-16",9.3,9.5,9.2878,9.35,11861
"22-Dec-16",9.4,9.5,9.2,9.45,12645
"23-Dec-16",9.55,9.55,9.45,9.5,6857
"27-Dec-16",9.45,9.5259,9.2386,9.5,15874
"28-Dec-16",9.6,9.6,9.4,9.5,19319
"29-Dec-16",9.45,9.5726,9.35,9.35,11369
"30-Dec-16",9.45,9.65,9.4016,9.65,23534
"03-Jan-17",9.7,9.7,8.81,9,31628
"04-Jan-17",9.3,9.65,9.1,9.5,20597
"05-Jan-17",9.6,9.65,9.35,9.65,18638
"06-Jan-17",9.65,9.65,9.45,9.6,14980
"09-Jan-17",9.6,9.6,9.45,9.55,39411
"10-Jan-17",9.55,10.2,9.3,10,83434
"11-Jan-17",10.05,10.05,9.26,9.85,43945
"12-Jan-17",9.6,10.05,9.3283,10.05,32017
"13-Jan-17",10,10.05,9.8908,10.05,39421
"17-Jan-17",9.95,10.1,9.9,10.05,21351
"18-Jan-17",10.05,10.1,10,10.1,35410
"19-Jan-17",10,10.1,9.9751,10.05,15145
"20-Jan-17",10.05,10.1,10.05,10.05,8176,,,,,
"23-Jan-17",10.1,10.1,9.85,9.85,39404
"24-Jan-17",9.9,10,9.8,9.9,31206
"25-Jan-17",9.95,10,9.8,9.9,23009
"26-Jan-17",9.95,9.95,9.8,9.85,8558,,,,,
"27-Jan-17",9.9,10,9.85,9.85,18076
"30-Jan-17",9.8,9.85,9.605,9.8,32872
"31-Jan-17",9.7,10,9.65,10,33347
"01-Feb-17",10,10.5,9.85,10.15,97115
"02-Feb-17",10.05,10.05,9.7,9.95,29139
"03-Feb-17",9.95,10,9.85,9.9,32768
"06-Feb-17",9.95,10,9.8,9.85,32969,,,,,
"07-Feb-17",9.8,9.9,9.75,9.75,21690
"08-Feb-17",9.7,9.85,9.7,9.75,12784
"09-Feb-17",9.75,9.85,9.65,9.85,26234
"10-Feb-17",10,10,9.875,9.9,29567
"13-Feb-17",9.9,10,9.85,9.975,17520
"14-Feb-17",9.95,10.1,9.95,10.05,19418
"15-Feb-17",10.05,10.1,10,10.05,6956
"16-Feb-17",10,10.1,10,10.05,27196
"17-Feb-17",10.05,10.1,10.05,10.1,11753
"21-Feb-17",10.1,10.1,9.9,10,32288
"22-Feb-17",9.955,10,9.95,9.95,22729
"23-Feb-17",9.85,10.05,9.85,10.05,20505
"24-Feb-17",10,10.05,10,10,27776
"27-Feb-17",10.005,10.05,9.7,9.8,89981
"28-Feb-17",9.85,9.85,9.45,9.65,40725
"01-Mar-17",9.75,9.85,9.7,9.85,21460
"02-Mar-17",9.91,10.05,9.9,10.05,36207
"03-Mar-17",9.95,10,9.85,9.9,6363
"06-Mar-17",9.965,10.05,9.9,10.05,31411
"07-Mar-17",10,10.05,9.95,10.05,18943
"08-Mar-17",10.05,10.1,10.005,10.1,30220
"09-Mar-17",10.1,10.25,10.0899,10.15,107560
"10-Mar-17",10.25,10.25,10.1,10.15,36168
"13-Mar-17",10.2,10.25,10.1,10.2,38284
"14-Mar-17",10.15,10.15,10.05,10.1,9625
"15-Mar-17",10.1,10.15,10.1,10.1,12460
"16-Mar-17",10.2,10.2,10.15,10.15,29010
"17-Mar-17",10.15,10.15,10.1,10.1,13393
"20-Mar-17",10.1611,10.35,10.1611,10.35,61551
"21-Mar-17",10.35,10.8,10.35,10.7,98649
"22-Mar-17",10.6,10.7895,10.405,10.55,42400
"23-Mar-17",10.5,10.6,10.45,10.6,21490
"24-Mar-17",10.7,11.1,10.55,10.95,66148
"27-Mar-17",11,11.25,10.775,11.2,58385
"28-Mar-17",11.1267,11.15,10.9125,11,41019
"29-Mar-17",10.9,11.1,10.7,11.1,15591
"30-Mar-17",11.05,11.45,10.95,11.45,87038
"31-Mar-17",11.5,11.75,11.3784,11.75,103299
"03-Apr-17",11.75,11.75,10.9,11.15,57968
"04-Apr-17",11.15,11.15,10.9063,11.05,35462
"05-Apr-17",11,11.15,10.8238,10.95,34432
"06-Apr-17",11,11.2,10.9,11.15,33567
"07-Apr-17",11.1295,11.15,11.0766,11.15,35980
"10-Apr-17",11.25,11.7283,11.25,11.55,135995
"11-Apr-17",10.55,11.129,10.55,10.9,86781
"12-Apr-17",10.95,11.25,10.875,11.15,53966
"13-Apr-17",11.25,11.25,11,11.15,38680
"17-Apr-17",11.1,11.25,11.1,11.25,10812
"18-Apr-17",11.3,11.3,11.05,11.15,14793
"19-Apr-17",11.2,11.3,11,11.3,13428
"20-Apr-17",11.35,11.5,11.15,11.4,21636
"21-Apr-17",11.45,11.7,11.45,11.55,39257
"24-Apr-17",11.65,11.65,11.3,11.6,26715
"25-Apr-17",11.6,12.05,11.6,12.05,40326
"26-Apr-17",12.05,12.25,11.75,11.75,27514,,,,,
"27-Apr-17",11.65,11.9,11.6,11.7,21976
"28-Apr-17",11.784,11.85,11.7,11.7,15711
"01-May-17",11.745,12.45,11.5774,12.1,60613
"02-May-17",12.5,12.6107,12.1,12.55,50465
"03-May-17",12.6,12.65,12.45,12.55,26219
"04-May-17",12.5,12.75,12.4,12.65,54783,,,,,
"05-May-17",12.55,12.6,12.4,12.45,28138
"08-May-17",12.45,12.5,12.4,12.45,25785
"09-May-17",12.55,12.55,12.4,12.4,47603
"10-May-17",12.35,12.35,11.94,12.2,52105
"11-May-17",12.1,12.15,11.95,12.05,25564
"12-May-17",12.05,12.05,11.35,11.7,43426
"15-May-17",11.75,12.05,11.35,11.4,51436,,,,,
"16-May-17",11.25,11.55,11.25,11.35,25123
"17-May-17",11.35,11.4,11,11.3,43135
"18-May-17",11.25,11.55,11.15,11.5,13783
"19-May-17",11.5,11.7,11.45,11.55,139816
"22-May-17",11.45,11.75,11.45,11.725,31143
"23-May-17",11.75,11.925,11.6,11.75,44876
"24-May-17",11.8,11.9,11.55,11.7,36773
"25-May-17",11.55,11.75,11.45,11.65,25442
"26-May-17",11.55,11.9,11.474,11.85,43256
"30-May-17",11.9,12,11.65,11.8,21635
"31-May-17",11.85,12.25,11.85,12.2,29013
"01-Jun-17",12.1,13,12.1,12.95,58808
"02-Jun-17",12.9,12.9,12.5,12.6,36373
"05-Jun-17",12.5,12.7,12.2,12.7,42220
"06-Jun-17",12.6,12.65,12.35,12.35,47538
"07-Jun-17",12.35,12.575,12.3,12.45,42384
"08-Jun-17",12.4,12.55,12.1,12.4,38050
"09-Jun-17",12.45,12.75,12.425,12.6,50531
"12-Jun-17",12.5,12.5,11.75,11.75,30731
"13-Jun-17",11.75,12.025,11.5,11.65,22948
"14-Jun-17",11.5,11.95,11.5,11.7,69733
"15-Jun-17",11.9,12.25,11.5,12.1,42136
"16-Jun-17",12.15,12.15,11.9,11.95,30036
"19-Jun-17",12.1,12.1,11.8,11.95,45644
"20-Jun-17",12,12.25,11.95,11.95,71950
"21-Jun-17",12.05,12.2,11.95,12.05,129792
"22-Jun-17",12.1,12.8,12.05,12.5,100084
"23-Jun-17",12.5,12.65,12.2,12.55,1107361
"26-Jun-17",12.6,12.85,12.425,12.6,62598
"27-Jun-17",12.7,12.7,12.2,12.35,78355
"28-Jun-17",12.35,12.4,12.05,12.4,29690
"29-Jun-17",12.45,12.51,12.05,12.35,40273
"30-Jun-17",12.35,12.4,12.05,12.35,36156
"03-Jul-17",12.35,12.6,12.05,12.55,23412
"05-Jul-17",12.5,12.7,12.3,12.6,38843
"06-Jul-17",12.55,12.75,12.4,12.55,28456
"07-Jul-17",12.55,12.95,12.5,12.95,42999
"10-Jul-17",12.95,13,12.71,12.9,118577
"11-Jul-17",13.25,14.65,13.25,13.7,181619
"12-Jul-17",13.65,14.2,13.4,14.2,100865
"13-Jul-17",14.15,14.15,13.5489,13.85,81289
"14-Jul-17",13.75,14.1,13.6,14.05,52628
"17-Jul-17",14,14,13.55,13.7,72248
"18-Jul-17",13.65,13.95,13.3715,13.8,95942,,,,,
"19-Jul-17",13.75,14.55,13.725,14.45,121421
"20-Jul-17",14.55,15.2,14.5,15.15,179872
"21-Jul-17",15.2,15.65,15.1,15.25,140731
"24-Jul-17",15.15,15.8,15.15,15.7,96896
"25-Jul-17",15.65,15.95,15.3,15.9,77490
"26-Jul-17",15.9,16.15,15.55,15.7,97615,,,,,
"27-Jul-17",15.6,15.6,14.45,14.8,141536
"28-Jul-17",14.75,15.25,14.55,15,72870
"31-Jul-17",15.15,15.15,14.625,14.8,58919
"01-Aug-17",14.8,14.975,14.5,14.65,76106
"02-Aug-17",14.6,15.1,14.1,14.35,71824
"03-Aug-17",14.15,14.8,13.85,14.25,90243
"04-Aug-17",14.35,15.05,14.05,14.6,108954,,,,,
"07-Aug-17",14.65,14.75,14.16,14.65,42961
"08-Aug-17",14.7,15.05,14.35,14.45,113554
"09-Aug-17",14.35,14.4,13.95,14.05,50078
"10-Aug-17",14,14.1,13.375,13.7,211131
"11-Aug-17",13.55,14,13.55,13.95,54632
"14-Aug-17",14.05,14.2,13.8,14,73995
"15-Aug-17",13.9,14.25,13.85,14.2,30687
"16-Aug-17",14.2,14.5,13.99,14.35,44974
"17-Aug-17",14.25,14.65,13.981,14.55,113968
"18-Aug-17",14.4,14.4,14.145,14.2,42803
"21-Aug-17",14.25,14.55,14,14.45,86070
"22-Aug-17",14.5,14.7,14.3,14.4,24169
"23-Aug-17",14.25,14.55,14,14.3,59520
"24-Aug-17",14.35,14.5,14.3,14.35,25788
"25-Aug-17",14.35,14.6,14.05,14.3,49305
"28-Aug-17",14.4,14.4,14.1,14.25,33871
"29-Aug-17",14.293,14.45,14.1,14.2,31300
"30-Aug-17",14.4,14.4,14.1,14.3,59050
"31-Aug-17",14.25,14.5,14.25,14.5,53598
"01-Sep-17",14.5,15.8,14.35,15.65,111846
"05-Sep-17",15.65,15.9,15,15.25,44776
"06-Sep-17",15.3,15.5,14.8,14.95,30424
"07-Sep-17",14.9,15.025,14.25,14.45,72744
"08-Sep-17",14.35,15.2,14.3,15.15,31270
"11-Sep-17",15.35,15.4,15,15.05,34262
"12-Sep-17",15,15.025,14.8,14.95,20656
"13-Sep-17",14.9,14.95,14.55,14.75,65755
"14-Sep-17",14.75,15.2,14.6,14.95,51522
"15-Sep-17",15,15.15,14.7,14.95,82607
"18-Sep-17",15.05,15.6,14.8254,15.25,65751
"19-Sep-17",15.25,15.3,14.75,15.1,34849
"20-Sep-17",15.15,15.15,14.95,15.05,25407
"21-Sep-17",15.05,15.1,14.85,14.9,29306
"22-Sep-17",14.95,15.2,14.95,15.2,41475
"25-Sep-17",15.25,15.25,14.725,14.9,63551
"26-Sep-17",15,15.245,14.95,15.1,45085
"27-Sep-17",15.25,15.65,15.15,15.45,91886
"28-Sep-17",15.45,15.9,15.25,15.6,52380
"29-Sep-17",15.65,15.75,15.45,15.5,35814
"02-Oct-17",15.65,16.2,15.4,16.15,92342
"03-Oct-17",16.25,17.4,16.2,16.95,131318
"04-Oct-17",16.95,17.15,16.5,16.65,56858
"05-Oct-17",16.6,16.8,16.51,16.7,39154
"06-Oct-17",16.65,16.7,16.35,16.45,75577
"09-Oct-17",16.5,16.85,16.4055,16.8,27937
"10-Oct-17",16.9,17.24,16.75,17.1,46271
"11-Oct-17",17.15,17.25,17.075,17.15,33804
"12-Oct-17",17.1,17.2,16.8,17.1,28227
"13-Oct-17",17.15,17.45,17.075,17.4,29678
"16-Oct-17",17.45,17.45,17.15,17.35,71247
"17-Oct-17",17.35,17.35,17.15,17.25,21359
"18-Oct-17",17.3,17.3,16.95,17,31965
"19-Oct-17",17,17,16.6,16.75,34508
"20-Oct-17",16.75,17.3,16.75,17.25,34985
"23-Oct-17",17.2,17.3,16.7,16.85,22244
"24-Oct-17",16.9,17.3,16.75,17.1,46724
"25-Oct-17",17.05,17.1,16.54,16.6,52180
"26-Oct-17",16.6,17,16.35,16.55,49138
"27-Oct-17",16.65,17.2,16,16.65,74382
"30-Oct-17",16.65,16.65,16.05,16.3,44941
"31-Oct-17",16.35,16.45,16.1,16.3,40700
"01-Nov-17",16.4,16.5,15.7,16,69229,,,,,
"02-Nov-17",16,16.575,15.85,16.5,57687
"03-Nov-17",16.5,16.6,16.25,16.45,27491
"06-Nov-17",16.5,16.5,16,16.25,29027
"07-Nov-17",16.3,16.5,16.05,16.45,53441
"08-Nov-17",16.35,16.65,16.3,16.55,28843
"09-Nov-17",16.5,16.65,16.15,16.45,23873
"10-Nov-17",16.4,16.55,16.3,16.5,15806,,,,,
"13-Nov-17",16.4,16.5,16.05,16.5,59345
"14-Nov-17",16.3,16.95,16.05,16.95,56889
"15-Nov-17",17.15,17.15,15.7,15.75,65189
"16-Nov-17",15.75,16.25,15.706,16,29356
"17-Nov-17",15.95,15.99,15.8,15.8,16727
"20-Nov-17",15.95,16.3,15.9,16.25,23282,,,,,
"21-Nov-17",16.25,16.75,16.25,16.7,32304
"22-Nov-17",16.75,16.8,16.4,16.5,23794
"24-Nov-17",16.6,16.6,16.05,16.15,13692
"27-Nov-17",16.2,16.55,15.8,15.85,32318
"28-Nov-17",16,16.05,15.6,15.9,39741
"29-Nov-17",15.75,15.9,15.2,15.3,49996
"30-Nov-17",15.4,15.7,15.3,15.55,27190
"01-Dec-17",15.55,15.65,15.25,15.6,32695
"04-Dec-17",15.75,15.85,15.675,15.7,35951
"05-Dec-17",15.7,15.825,15.6,15.7,28035
"06-Dec-17",15.7,15.9,15.6,15.65,23143
"07-Dec-17",15.65,15.975,15.6412,15.95,105114
"08-Dec-17",15.95,15.95,15.85,15.95,52410
"11-Dec-17",15.95,15.975,15.9,15.9,72667
"12-Dec-17",15.95,15.95,15.9,15.9,32204
"13-Dec-17",15.75,16.05,15.75,16,71345
"14-Dec-17",16,16.25,16,16.15,98783
"15-Dec-17",16.15,16.55,16.1,16.45,150323
"18-Dec-17",16.5,16.6,16.45,16.55,63273
"19-Dec-17",16.55,16.75,16.55,16.75,81366
"20-Dec-17",16.8,16.9,16.7,16.85,65423
"21-Dec-17",16.85,17.05,16.775,16.95,66982
"22-Dec-17",16.9,16.9,16.255,16.6,40480
"26-Dec-17",16.6,16.7,16.5,16.6,26354
"27-Dec-17",16.6,17,16.5,16.9,48187
"28-Dec-17",16.95,16.975,16.3,16.4,29410
"29-Dec-17",16.45,16.65,16.05,16.1,37184
"02-Jan-18",15.95,16.4,15.6,15.65,82008
"03-Jan-18",15.5,16.05,15.5,15.8,35768
"04-Jan-18",15.9,16.1,15.805,15.95,37144
"05-Jan-18",16,16.1,15.55,15.65,54368
"08-Jan-18",15.6,15.7,15.4,15.5,44609
"09-Jan-18",15.6,16.1,15.5285,15.85,95550
"10-Jan-18",15.5,16,15.2,15.8,61828
"11-Jan-18",15.85,16.4,15.6,16.3,36073
"12-Jan-18",16.3,16.4,16.15,16.3,43541
"16-Jan-18",16.4,16.45,16,16.05,58319,,,,,
"17-Jan-18",16.2,16.25,15.56,16,65621
"18-Jan-18",16,16.0798,15.85,15.875,36377
"19-Jan-18",15.9,16.3,15.8,16.3,83030
"22-Jan-18",16.3,16.49,16.15,16.35,35092
"23-Jan-18",16.4,16.5,16.15,16.25,24313
"24-Jan-18",16.3,16.35,16,16.05,23098
"25-Jan-18",16.15,16.15,15.95,16.1,18481,,,,,
"26-Jan-18",16.1,16.6,16.01,16.55,34665
"29-Jan-18",16.55,16.65,16.25,16.65,38159
"30-Jan-18",16.55,16.605,16,16.1,37949
"31-Jan-18",16.1,16.25,16.05,16.15,28026
"01-Feb-18",16.1,16.55,15.94,16.35,26265
"02-Feb-18",16.3,16.65,16.105,16.3,45757,,,,,
"05-Feb-18",16.05,16.6071,16.05,16.35,81704
"06-Feb-18",16.1,16.825,15.95,16.8,125882
"07-Feb-18",16.85,16.975,16.425,16.8,66452
"08-Feb-18",16.8,16.8,15.7,15.7,72904
"09-Feb-18",16.2,16.55,15.3311,15.95,115123
"12-Feb-18",16,16.05,15.155,15.55,59420
"13-Feb-18",15.5,15.85,15.3942,15.85,32525
"14-Feb-18",15.65,16,15.25,15.9,48322
"15-Feb-18",16.35,16.45,15.9,16.4,46985
"16-Feb-18",16.4,16.45,16.05,16.15,34296
"20-Feb-18",16.05,16.3073,16.025,16.1,32122
"21-Feb-18",16.15,16.6,16.05,16.4,119198
"22-Feb-18",16.6,16.65,16.3642,16.5,33804
"23-Feb-18",16.55,16.6502,16.4,16.6,21187
"26-Feb-18",16.55,16.645,16.4,16.55,35135
"27-Feb-18",16.5,16.55,15.65,15.85,75972
"28-Feb-18",15.8,16.0084,15.55,15.55,42684
"01-Mar-18",15.55,15.8,15.3027,15.6,52605
"02-Mar-18",15.45,16.25,15.45,16,59616
"05-Mar-18",16.05,16.2,15.6412,16.075,62197
"06-Mar-18",16.2,16.4,15.85,16,24674
"07-Mar-18",15.8,16.5,15.75,16.4,37497
"08-Mar-18",16.35,16.45,15.9409,16,86515
"09-Mar-18",16.05,16.1,15.1,16,108755
"12-Mar-18",15.85,16.45,15.8,16.4,39582
"13-Mar-18",16.4,16.45,15.83,16,38288
"14-Mar-18",16.1,16.4,15.95,16.25,28972
"15-Mar-18",16.3,16.3,16,16.2,46036
"16-Mar-18",16.15,16.4,15.95,16.2,91291
"19-Mar-18",16.15,16.4,15.75,16.15,45579
"20-Mar-18",16.2,16.3,15.85,15.85,37297
"21-Mar-18",15.8,16.39,15.7716,15.9,32296
"22-Mar-18",15.8,15.95,15.45,15.45,30452
"23-Mar-18",15.35,15.6,14.75,14.95,110702
"26-Mar-18",15.15,15.35,15.0674,15.225,28076
"27-Mar-18",15.25,15.25,14.45,14.55,55329
"28-Mar-18",14.5,14.7,14.25,14.4,60437
"29-Mar-18",14.5,15,14.5,14.75,61622
"02-Apr-18",14.75,14.911,14.35,14.65,36360
"03-Apr-18",14.7,14.75,14.4899,14.65,25199
"04-Apr-18",14.5,14.95,14.5,14.85,23975
"05-Apr-18",14.9,15.35,14.85,15.25,22972
"06-Apr-18",15.25,15.5,15.1,15.3,55603
"09-Apr-18",15.4,16.3,15.3358,15.8,128522,,,,,
"10-Apr-18",16.45,16.8529,15.455,16.8,203192
"11-Apr-18",16.8,16.89,16.3,16.65,41995
"12-Apr-18",16.7,17.1,16.4,17,60038
"13-Apr-18",17,17,16.66,16.85,41316
"16-Apr-18",16.85,17.15,16.8247,17.05,52791
"17-Apr-18",17.15,17.4,17.15,17.35,51948
"18-Apr-18",17.4,17.795,17.25,17.7,78728
"19-Apr-18",17.7,18,17.55,17.95,55591
"20-Apr-18",17.95,18,17.5,17.85,36529
"23-Apr-18",17.85,18,17.65,17.65,45267
"24-Apr-18",17.7,17.8,17.205,17.55,39604,,,,,
"25-Apr-18",17.5,17.85,17.3,17.7,39203
"26-Apr-18",17.75,17.8,17.5,17.65,29078
"27-Apr-18",17.7,17.7,16.6,16.65,83898
"30-Apr-18",16.6,17.05,16.3,16.45,105325
"01-May-18",16.45,17.2,16.26,17.2,40334
"02-May-18",17.25,17.65,17.15,17.4,38450,,,,,
"03-May-18",17.4,17.65,17.25,17.6,34742
"04-May-18",17.55,18.2,17.5,18.2,48184
"07-May-18",18.2,18.55,18.2,18.5,79725
"08-May-18",18.55,19,18.5283,18.9,65781
"09-May-18",19,19.2,18.795,19.05,47938
"10-May-18",19.1,19.34,19.1,19.25,35163
"11-May-18",19.2,19.35,18.95,19.05,21987
"14-May-18",19.1,19.35,18.8,19,38702
"15-May-18",18.9,19.22,18.65,19,26685
"16-May-18",19.05,19.55,19.05,19.4,46923
"17-May-18",19.45,19.45,19.1,19.15,28400
"18-May-18",19.25,19.325,18.85,19,58366
"21-May-18",19.05,19.25,18.8,18.8,63141
"22-May-18",18.8,19.05,18.8,18.95,27543
"23-May-18",19,19.1,18.905,19,108843
"24-May-18",19.05,19.1,18.7,19,20580
"25-May-18",19,19.75,19,19.7,37840
"29-May-18",19.75,19.95,19,19.3,94858
"30-May-18",19.4,19.45,19.25,19.3,37325
"31-May-18",19.35,19.4,19.1,19.2,38930
"01-Jun-18",19.35,19.45,19.2,19.35,27041
"04-Jun-18",19.35,19.4101,19.15,19.3,49568
"05-Jun-18",19.35,19.85,19.25,19.75,52833
"06-Jun-18",19.85,20.1,19.6457,20.05,40595
"07-Jun-18",20.1,20.2,19.25,19.75,40593
"08-Jun-18",19.65,20.2,19.255,20.1,33282
"11-Jun-18",20.2,20.45,20.1012,20.4,49515
"12-Jun-18",20.45,20.6,20.2,20.6,33922
"13-Jun-18",20.7,20.7,20.395,20.45,33599
"14-Jun-18",20.45,21.05,20.4,21,42922
"15-Jun-18",20.9,21.45,20.7,21.3,54771
"18-Jun-18",21.25,22.05,21,21.95,71880
"19-Jun-18",21.85,22.1,21.495,22,62699
"20-Jun-18",22.1,22.5,22,22.4,49861
"21-Jun-18",22.55,22.615,22.15,22.25,55577
"22-Jun-18",22.35,22.6,21.95,22.5,205408
"25-Jun-18",22.7,23.5,22.3,23.5,108632
"26-Jun-18",23.75,23.85,23.55,23.75,140201
"27-Jun-18",23.9,23.9,20.855,20.9,182265
"28-Jun-18",21,22.45,20.9375,22.25,78839
"29-Jun-18",22.35,22.475,21.56,22.25,142987
"02-Jul-18",22,22.3965,21.555,22.3,52721
"03-Jul-18",22.35,22.4,21.8,22.05,25792
"05-Jul-18",22.15,22.25,21.6,21.8,50618
"06-Jul-18",21.7,22.1,21.5917,21.9,60875
"09-Jul-18",21.95,23.55,21.9305,23.55,150171
"10-Jul-18",23.6,23.95,22.25,22.8,283750,,,,,
"11-Jul-18",22.3,22.3,17.75,17.85,495753
"12-Jul-18",17.8,17.85,16.7,17.1,285188
"13-Jul-18",17.1,18.25,16.79,18.05,167967
"16-Jul-18",18.05,18.25,17.3,17.35,191350
"17-Jul-18",17.1,17.6,17.1,17.45,87262
"18-Jul-18",17.45,17.7,17.4,17.6,57893
"19-Jul-18",17.55,17.6101,17.21,17.55,45889
"20-Jul-18",17.6,18.75,17.45,18.15,134318
"23-Jul-18",18.4,18.9,17.81,18.65,106717
"24-Jul-18",18.7,19,18.3182,18.5,83285
"25-Jul-18",18.35,19,18.3,18.9,103883,,,,,
"26-Jul-18",18.9,18.9,18.1,18.55,58779
"27-Jul-18",18.65,18.65,17.494,17.65,103275
"30-Jul-18",17.7,17.95,17.45,17.6,74395
"31-Jul-18",17.7,17.9,17.45,17.75,51209
"01-Aug-18",17.8,18.4,17.755,18.25,79334
"02-Aug-18",18.2,18.975,18.2,18.3,74298,,,,,
"03-Aug-18",18.3,18.574,17.91,18.1,42400
"06-Aug-18",18.05,18.5,17.9,18.25,41116
"07-Aug-18",18.3,18.35,17.85,18.25,52920
"08-Aug-18",18.35,18.55,18,18.45,62743
"09-Aug-18",18.55,18.6,18.15,18.25,42964
"10-Aug-18",18.2,18.6529,18.2,18.5,48940
"13-Aug-18",18.45,18.75,18.2,18.5,36919
"14-Aug-18",18.65,19,18.315,18.95,79038
"15-Aug-18",18.9,19.04,18.45,18.95,28075
"16-Aug-18",19,19.25,18.75,19.05,45850
"17-Aug-18",19,19.5,18.8476,19.25,38633
"20-Aug-18",19.2,19.45,19.1,19.2,45736
"21-Aug-18",19.2,19.5,19.15,19.35,68234
"22-Aug-18",19.432,19.79,19.35,19.6,53705
"23-Aug-18",19.7,20.25,19.6,20.25,51857
"24-Aug-18",19.6,21.1,19.6,20.55,94599
"27-Aug-18",20.65,21,20.2,20.35,58134
"28-Aug-18",20.4,20.5,20.054,20.15,57523
"29-Aug-18",20.15,20.432,19.35,19.95,62706
"30-Aug-18",20,20.45,19.7,20.4,33799
"31-Aug-18",20.3,20.95,20.25,20.85,43511
"04-Sep-18",20.8,20.8,20.35,20.7,36621
"05-Sep-18",20.7,20.85,19.9,20.7,34735
"06-Sep-18",20.663,20.95,20.45,20.75,47457
"07-Sep-18",20.65,20.8,20.25,20.35,24711
"10-Sep-18",20.35,20.75,20.15,20.55,31544
"11-Sep-18",20.45,20.7,20.15,20.45,36258
"12-Sep-18",20.5,20.55,20.15,20.3,20579
"13-Sep-18",20.35,20.65,20,20.2,28789
"14-Sep-18",20.35,20.7265,20,20,53719
"17-Sep-18",20.05,20.1,19.65,19.85,61670
"18-Sep-18",19.75,20.8,19.75,20.45,107832
"19-Sep-18",20.3,20.7,19.9,20.2,57039
"20-Sep-18",20.05,20.495,20.05,20.3,39159
"21-Sep-18",20.35,20.75,20,20.05,77702
"24-Sep-18",19.9,20.3,19.45,20.2,75954
"25-Sep-18",20.2,20.6913,19.8588,20.45,58344
"26-Sep-18",20.55,20.55,19.75,20.05,96530
"27-Sep-18",20.15,20.2,19.95,19.95,30102
"28-Sep-18",19.9,20.75,19.9,20.2,145257
"01-Oct-18",20.27,20.54,19.83,19.92,38146
"02-Oct-18",19.97,20.24,19.86,20.12,42438
"03-Oct-18",20.2,20.63,19.8,20.53,51912
"04-Oct-18",20.52,20.52,19.975,20.29,49446
"05-Oct-18",20.3,20.59,19.58,20,74949
"08-Oct-18",19.95,20.16,19.4,19.91,172939
"09-Oct-18",19.9,20.2506,19.7,19.99,47887
"10-Oct-18",19.99,20.0397,19.23,19.66,72231
"11-Oct-18",19.43,20,19.43,19.61,58362
"12-Oct-18",19.86,20.2,19.6546,19.92,55197
"15-Oct-18",19.9,20.4,19.82,20.12,57452
"16-Oct-18",20.2,21.21,20.2,20.88,87785
"17-Oct-18",20.88,21.245,20.7524,21.18,46967
"18-Oct-18",21.06,21.13,20.28,20.57,50254
"19-Oct-18",20.6,21.0498,19.795,20.12,43614
"22-Oct-18",20.21,20.88,20.12,20.55,32999,,,,,
"23-Oct-18",20.27,20.75,20.15,20.45,38146
"24-Oct-18",20.46,20.78,20.13,20.18,151868
"25-Oct-18",20.32,20.7,20.23,20.63,36103
"26-Oct-18",20.42,20.68,19.64,20.23,36542
"29-Oct-18",20.43,20.59,19.845,20.11,43534
"30-Oct-18",20.1,20.34,19.61,20.3,39116
"31-Oct-18",20.42,20.54,19.81,20.21,48439,,,,,
"01-Nov-18",20.31,20.5,20.11,20.4,27366
"02-Nov-18",20.49,20.5,20.12,20.42,23608
"05-Nov-18",20.43,20.43,20.17,20.3,41737
"06-Nov-18",20.3,21,20.21,20.94,74173
"07-Nov-18",20.94,21.25,20.6,21.2,37400
"08-Nov-18",21.18,21.18,20.74,20.91,19780,,,,,
"09-Nov-18",20.83,21.0572,20.56,20.71,31587
"12-Nov-18",20.66,20.83,20.34,20.67,20181
"13-Nov-18",20.7,20.73,20.16,20.24,22687
"14-Nov-18",20.24,20.39,20.16,20.16,46575
"15-Nov-18",20.16,20.94,20.16,20.3,59479
"16-Nov-18",20.27,20.36,20.16,20.22,123611
"19-Nov-18",20.16,20.4758,20.16,20.19,139117
"20-Nov-18",20.16,20.275,18.4048,18.72,293674
"21-Nov-18",18.72,19.135,18.3,18.76,51359
"23-Nov-18",18.6,19.63,18.43,19.39,18980
"26-Nov-18",19.48,19.76,18.04,18.72,54582
"27-Nov-18",18.7,19.15,18.55,18.97,56622
"28-Nov-18",18.95,20.01,18.87,19.99,95659
"29-Nov-18",19.93,19.96,19.17,19.33,31359
"30-Nov-18",19.43,19.975,19.28,19.82,72206
"03-Dec-18",20.07,20.07,19.23,19.71,42438
"04-Dec-18",19.65,19.95,18.57,18.86,34655
"06-Dec-18",18.98,19.57,18.7201,19.43,43998
"07-Dec-18",19.36,19.52,19.13,19.36,58374
"10-Dec-18",19.06,19.98,19.05,19.7,50953
"11-Dec-18",19.87,20,19.61,19.81,21763
"12-Dec-18",19.86,20.1099,19.4,19.5,27607
"13-Dec-18",19.5,19.88,18.42,18.91,32463
"14-Dec-18",18.82,19.84,18.7601,19.02,45343
"17-Dec-18",19.03,19.1188,18.11,18.41,65959
"18-Dec-18",18.59,19,18.485,18.79,32222
"19-Dec-18",18.79,18.99,18.13,18.5,38820
"20-Dec-18",18.34,18.395,17.18,17.56,76814
"21-Dec-18",17.56,17.96,17.21,17.57,97970
"24-Dec-18",17.51,17.93,17.43,17.64,22320
"26-Dec-18",17.62,18.58,17.5901,18.55,37561
"27-Dec-18",18.27,18.7,17.8,18.7,60392
"28-Dec-18",19.04,19.313,18.6785,18.8,97057
"31-Dec-18",18.5065,20.089,18.5065,19.9,178668
"02-Jan-19",19.9,20.7,19.7449,19.9,104507
"03-Jan-19",19.68,19.86,18.88,18.92,41858
"04-Jan-19",19.18,19.8,18.98,19.35,70008
"07-Jan-19",19.35,19.775,19.01,19.69,59852
"08-Jan-19",19.91,20.57,19.8,20.44,75738
"09-Jan-19",20.5,20.6,20.01,20.38,74314,,,,,
"10-Jan-19",20.07,20.48,18.41,18.98,167477
"11-Jan-19",19.1,21,19.1,20.06,134484
"14-Jan-19",20.1,20.16,19.02,19.35,100302
"15-Jan-19",19.36,20.43,19.36,19.92,54686
"16-Jan-19",20,20.0437,19.16,19.45,48754
"17-Jan-19",19.45,19.69,18.94,19.24,58602
"18-Jan-19",19.27,19.99,19.27,19.6,73480
"22-Jan-19",19.62,19.62,18.62,18.84,58616
"23-Jan-19",19.02,19.35,18.7,18.98,26951
"24-Jan-19",18.94,19.25,18.54,19.24,51347,,,,,
"25-Jan-19",19.37,19.89,19.345,19.49,51773
"28-Jan-19",19.36,19.5,18.68,18.88,37113
"29-Jan-19",18.77,19.04,18.21,18.85,72786
"30-Jan-19",18.86,19.18,18.86,18.95,40237
"31-Jan-19",18.85,19.35,18.73,19.26,50749
"01-Feb-19",19.19,19.43,18.99,19.37,49256,,,,,
"04-Feb-19",19.34,19.75,19.27,19.62,35030
"05-Feb-19",19.748,19.748,19.25,19.34,34553
"06-Feb-19",19.33,19.64,19.115,19.56,22935
"07-Feb-19",19.43,19.66,19.085,19.27,38065
"08-Feb-19",19.12,19.58,19.12,19.52,34598
"11-Feb-19",19.61,20,19.57,19.88,35640
"12-Feb-19",19.97,20,19.52,19.64,39944
"13-Feb-19",19.74,19.88,19.6613,19.84,19103
"14-Feb-19",19.72,19.95,19.72,19.85,18986
"15-Feb-19",19.92,20.62,19.89,20.17,107157
"19-Feb-19",20.17,20.5,20.17,20.49,31031
"20-Feb-19",20.5,20.59,20.26,20.26,40229
"21-Feb-19",20.26,20.5,20.26,20.49,19978
"22-Feb-19",20.5,21.6,20.31,21.36,144498
"25-Feb-19",21.47,21.66,21.11,21.2,47007
"26-Feb-19",21.18,21.25,20.57,20.57,32239
"27-Feb-19",20.54,20.975,20.53,20.91,18352
"28-Feb-19",20.87,20.94,20.46,20.51,39450
"01-Mar-19",20.53,21.3,20.2005,21.05,22019
"04-Mar-19",21,21.06,20.55,20.6,34555
"05-Mar-19",20.54,20.94,20.45,20.74,25345
"06-Mar-19",20.59,20.71,19.94,20.02,24583
"07-Mar-19",20.01,20.38,19.77,19.98,29182
"08-Mar-19",19.87,20.66,19.79,20.06,52686
"11-Mar-19",19.95,20.49,19.85,20.39,37145
"12-Mar-19",20.41,20.65,19.98,20.03,32006
"13-Mar-19",20.11,20.7,20.1,20.39,21234
"14-Mar-19",20.4,20.64,20.3288,20.54,27785
"15-Mar-19",20.55,20.75,20.42,20.51,61280
"18-Mar-19",20.51,20.75,20.35,20.57,25172
"19-Mar-19",20.58,20.7099,20.364,20.49,16898
"20-Mar-19",20.5,21.29,20.49,20.98,39356
"21-Mar-19",20.85,21.1526,20.65,20.79,41567
"22-Mar-19",20.75,21.17,20.11,20.11,41837
"25-Mar-19",20.1,20.745,20.06,20.62,35337
"26-Mar-19",20.74,21.09,20.675,20.97,38560
"27-Mar-19",20.92,20.97,20.1,20.37,31826
"28-Mar-19",20.39,21,20.37,20.96,37418
"29-Mar-19",21,21.25,20.79,21.11,57028
"01-Apr-19",21.09,21.11,20.415,20.49,36911
"02-Apr-19",20.43,20.5089,20.13,20.22,16880
"03-Apr-19",20.32,20.73,20,20.14,41804
"04-Apr-19",20.15,20.465,19.74,19.91,27298
"05-Apr-19",19.93,20.67,19.85,20.46,37088
"08-Apr-19",20.45,20.45,20.084,20.23,28942
"09-Apr-19",20.23,20.38,19.915,19.96,102066,,,,,
"10-Apr-19",21,22.7,20.85,22.61,185532
"11-Apr-19",22.5,23.1836,22.13,22.85,95700
"12-Apr-19",22.97,23.1599,21.84,21.87,75247
"15-Apr-19",22.06,22.35,21.97,22.16,34767
"16-Apr-19",22.17,22.25,21.8,22.19,39177
"17-Apr-19",22.24,22.25,22,22.01,57150
"18-Apr-19",22,22.45,21.95,22.44,73542
"22-Apr-19",22.36,22.7,22.22,22.44,26869
"23-Apr-19",22.22,22.49,22,22.07,42799,,,,,
"24-Apr-19",22.03,22.21,21.645,21.84,82297
"25-Apr-19",21.83,22.14,21.47,21.73,61108
"26-Apr-19",21.72,22.3035,21.55,22.3,44720
"29-Apr-19",22.34,22.6586,22.23,22.38,25387
"30-Apr-19",22.38,22.59,21.75,22.53,55252
"01-May-19",22.62,23,22.07,22.71,33011,,,,,
"02-May-19",22.71,22.9399,22.25,22.33,23634
"03-May-19",22.36,23.3,22.36,23.19,37747
"06-May-19",23.01,23.3,22.8782,23.16,36972
"07-May-19",22.97,23.3,22.47,22.93,37211
"08-May-19",23.08,23.74,22.94,23.62,36606
"09-May-19",23.75,23.91,23.48,23.76,33373
"10-May-19",23.75,24.5,23.66,24.36,91288
"13-May-19",24.14,24.2,23.73,23.75,33529
"14-May-19",23.92,23.98,23.45,23.65,38854
"15-May-19",23.51,24.43,23.3,24.25,38393
"16-May-19",24.3,24.5,24.25,24.5,26715
"17-May-19",24.41,24.9416,24.26,24.68,32765
"20-May-19",24.62,25.08,24.1258,24.61,43452
"21-May-19",24.79,25.5,24.75,25.49,46765
"22-May-19",25.42,26.1,24.9662,25.45,31566
"23-May-19",25.26,25.26,24.51,24.82,31950
"24-May-19",25.01,25.24,24.67,25.04,26457
"28-May-19",25.04,27.33,24.68,25.82,103860
"29-May-19",25.7,26.14,25.1519,25.87,44296
"30-May-19",25.85,27.3,25.4,25.55,109533
"31-May-19",25.2,25.4,24.831,25.07,35040
"03-Jun-19",25.07,25.39,24.08,24.2,63820
"04-Jun-19",24.31,25.39,24.31,24.87,83512
"05-Jun-19",24.99,25.23,24.75,24.89,52524
"06-Jun-19",24.84,25.17,24.84,25.05,27671
"07-Jun-19",25.05,25.39,25,25.2,31843
"10-Jun-19",25.35,26.96,25.35,26.77,49009
"11-Jun-19",26.97,27.14,25.9104,26.29,41368
"12-Jun-19",26.26,27.1411,26.26,27.08,26713
"13-Jun-19",27.11,27.25,26.675,26.94,38380
"14-Jun-19",26.92,27.205,26.32,26.66,43330
"17-Jun-19",26.8,27.25,26.79,27.06,46192
"18-Jun-19",27.1,27.5,26.9,27.45,53793
"19-Jun-19",27.48,27.79,27.2506,27.72,59891
"20-Jun-19",27.9,29.09,27.5011,28.41,87549
"21-Jun-19",28.55,29.49,27.84,28.97,389758
"24-Jun-19",29.4,29.975,28.0664,28.53,121745
"25-Jun-19",28.61,29.08,27.59,28.1,58548
"26-Jun-19",28.07,28.6682,27.75,28.3,78679
"27-Jun-19",28.33,28.45,27.95,28.35,41376
"28-Jun-19",28.32,28.64,27.15,28.56,216342
"01-Jul-19",28.91,29.4,28.36,28.57,72375
"02-Jul-19",28.72,29.345,28.6487,29.03,45928
"03-Jul-19",29.13,29.33,28.91,29.11,42218
"05-Jul-19",29.03,29.13,27.78,29.04,54535
"08-Jul-19",29.1,29.1339,28.1,28.19,80649
"09-Jul-19",28.12,28.53,27.91,28.3,64681
"10-Jul-19",28.46,29.66,28.45,29.36,235383,,,,,
"11-Jul-19",30.15,32.425,29.55,31.24,280206
"12-Jul-19",32.3,32.85,31.35,32.14,242354
"15-Jul-19",32.41,32.41,31.62,31.91,69233
"16-Jul-19",32.03,32.87,31.71,31.89,154099
"17-Jul-19",31.89,32.3363,31.63,32.18,67816
"18-Jul-19",32.22,34.94,32.0624,33.79,158131
"19-Jul-19",34.23,35.1,34,34.23,203296
"22-Jul-19",34.67,36.2,34.35,34.87,221928
"23-Jul-19",35.25,36.08,35,35.69,177976
"24-Jul-19",35.5,37.1,35.2542,36.52,512278,,,,,
"25-Jul-19",36.93,39,36.89,38.99,437933
"26-Jul-19",39,39.63,37.54,38.35,424395
"29-Jul-19",38.5,40.5,38.5,39.93,290105
"30-Jul-19",40.08,40.25,39.0627,39.41,193748
"31-Jul-19",39.63,39.9,38.45,38.82,286824
"01-Aug-19",38.48,41.95,38.401,41.75,347006,,,,,
"02-Aug-19",41.94,41.94,35.86,36.79,569998
"05-Aug-19",35.51,37.4874,33.9,35.57,341057
"06-Aug-19",36,38.25,35.9023,37.51,245979
"07-Aug-19",36.99,38.29,36.076,37.81,165520
"08-Aug-19",37.83,40.8,37.83,39.74,221212
"09-Aug-19",39.63,39.6546,37.51,38.04,171913
"12-Aug-19",37.49,38.8,37.2198,37.66,175359
"13-Aug-19",37.52,38.51,37.2227,38.2,161998
"14-Aug-19",37.54,38.09,35.81,37.06,184967
"15-Aug-19",37.26,37.9499,36.5,36.66,125815
"16-Aug-19",37.21,38,37,37.49,114321
"19-Aug-19",38.14,38.525,37.0231,37.35,93383
"20-Aug-19",37.1,37.65,36.34,37.02,117460
"21-Aug-19",37.19,37.99,37.06,37.65,112795
"22-Aug-19",37.81,37.94,37.02,37.15,100719
"23-Aug-19",37.03,37.5273,35.61,35.85,101077
"26-Aug-19",35.91,36.75,35.55,36.64,122799
"27-Aug-19",36.83,36.83,35.775,36,100110
"28-Aug-19",35.84,36.61,35.3,36.19,70919
"29-Aug-19",36.57,36.63,36.02,36.33,57550
"30-Aug-19",36.42,36.59,35.6,36.11,108128
"03-Sep-19",36,36.1,34.875,35.27,108987
"04-Sep-19",35.33,36.15,35.33,35.77,92983
"05-Sep-19",36.1,36.85,35.8,36.22,132792
"06-Sep-19",36.22,36.255,34.56,34.81,116165
"09-Sep-19",34.68,34.98,31.62,32.29,240635
"10-Sep-19",32.06,33.83,31.53,33.42,197941
"11-Sep-19",33.11,33.84,32,33.84,121578
"12-Sep-19",33.84,35.3,33.7284,34.64,191166
"13-Sep-19",34.76,35.43,33.8612,34.53,127425
"16-Sep-19",34.26,35.78,34.1864,35.06,111338
"17-Sep-19",34.95,36.3524,34.64,36.28,128914
"18-Sep-19",36.25,36.36,34.5922,35.53,146311
"19-Sep-19",35.56,36.85,35.56,36.78,116014
"20-Sep-19",36.74,37.25,35.96,37.2,310086
"23-Sep-19",37.17,38.3199,37.17,37.32,159893
"24-Sep-19",37.47,37.77,35.18,35.68,155024
"25-Sep-19",35.37,35.64,34.23,34.69,102236
"26-Sep-19",34.58,34.9699,34.1873,34.32,82101
"27-Sep-19",34.46,35.11,33.9,34.02,135173
"30-Sep-19",33.9,35.2,33.68,34.7,203861
"01-Oct-19",35,36.33,34.53,34.6,159033
"02-Oct-19",34.5,36,33.15,34.65,141331
"03-Oct-19",34.61,35.73,34.32,35.63,105371
"04-Oct-19",35.73,36,34.76,34.92,166475
"07-Oct-19",34.68,34.88,33.65,33.73,139187
"08-Oct-19",33.64,33.96,33.12,33.47,122602
"09-Oct-19",33.74,34.165,33.28,33.48,67876
"10-Oct-19",33.5,33.6913,32.59,32.65,119775
"11-Oct-19",32.87,34.57,32.51,33.88,114845
"14-Oct-19",33.65,34.62,33.65,34.12,112145,,,,,
"15-Oct-19",34.12,35.2,34.1,34.68,85033
"16-Oct-19",34.41,34.58,33.58,33.9,76504
"17-Oct-19",34.25,35.59,34.25,35.1,129591
"18-Oct-19",34.92,35.07,33.9,34.58,115001
"21-Oct-19",34.79,35.45,34.54,34.88,51586
"22-Oct-19",35.14,35.41,33.73,33.87,86586
"23-Oct-19",33.8,34,33.135,33.3,78606
"24-Oct-19",33.44,33.7437,33.06,33.54,92409,,,,,
"25-Oct-19",33.46,33.875,33.2,33.38,113949
"28-Oct-19",33.52,33.85,33.15,33.56,108011
"29-Oct-19",33.49,34.25,33.43,34.18,68531
"30-Oct-19",34.18,34.84,34.0701,34.78,62733
"31-Oct-19",34.78,35.48,34.4,35.41,105884
"01-Nov-19",35.43,35.97,35.34,35.49,78239,,,,,
"04-Nov-19",35.64,35.94,34.38,34.64,99297
"05-Nov-19",34.64,34.76,33.32,33.8,76114
"06-Nov-19",33.81,33.83,32.355,32.98,92150
"07-Nov-19",33.15,33.54,32.76,33.25,100350
"08-Nov-19",33.09,33.3,32.45,33.22,87802
"11-Nov-19",33.01,33.7994,33.01,33.53,76776
"12-Nov-19",33.56,34.08,33.11,33.38,96320
"13-Nov-19",33.44,33.65,32.5,32.83,102662
"14-Nov-19",34,34.9377,31.67,34.6,264974
"15-Nov-19",34.6,35.31,34.52,34.83,87054
"18-Nov-19",34.73,35.28,34.55,35.21,63590
"19-Nov-19",35.26,35.8,35.075,35.54,73250
"20-Nov-19",35.38,36,34.79,35.41,83327
"21-Nov-19",35.01,35.65,34.98,35.48,82853
"22-Nov-19",35.65,35.65,34.4,34.47,76722
"25-Nov-19",34.57,35.11,34.33,34.67,100937
"26-Nov-19",34.64,35.37,33.95,34.15,276575
"27-Nov-19",34.6,34.86,33.75,34.55,88440
"29-Nov-19",34.42,34.42,33.42,33.42,43022
"02-Dec-19",33.43,33.4599,31.88,32.04,175419
"03-Dec-19",31.71,32.5,31.35,32.37,132440
"04-Dec-19",32.47,32.79,31.99,32.54,96983
"05-Dec-19",32.4,32.69,31.9696,32.51,74010
"06-Dec-19",32.72,33.21,32.1,32.57,118165
"09-Dec-19",32.29,32.71,32.1582,32.24,123910
"10-Dec-19",32.38,32.925,32.26,32.41,80019
"11-Dec-19",32.41,32.45,31.74,32.24,109091
"12-Dec-19",31.96,33.2,31.96,33.1,89374
"13-Dec-19",33.05,33.53,32.57,33.43,53533
"16-Dec-19",33.87,34.35,33.58,33.62,63293
"17-Dec-19",33.8,34.17,33.59,33.83,65196
"18-Dec-19",33.9,34.98,33.81,34.73,102173
"19-Dec-19",34.59,34.8,34.025,34.63,76957
"20-Dec-19",34.87,35.455,34.48,35.3,126265
"23-Dec-19",35.38,35.9,35.03,35.24,62431
"24-Dec-19",35.33,35.49,35,35.32,22647
"26-Dec-19",35.33,35.85,35.28,35.57,48997
"27-Dec-19",35.6,35.6,32.45,32.84,258233
"30-Dec-19",32.78,33.04,30.55,30.66,206094
"31-Dec-19",30.62,30.8091,28.45,29.07,347598
"02-Jan-20",28.51,29.27,28.05,28.55,216751
"03-Jan-20",28.01,29.21,27.71,28.79,185690
"06-Jan-20",28.88,31.05,28.87,31.01,263122
"07-Jan-20",31.03,32.3,30.74,31.05,257958
"08-Jan-20",31.3,31.42,29.88,30.6,172532
"09-Jan-20",30.78,32.655,30.6,31.68,251556,,,,,
"10-Jan-20",32.48,34.95,32.3205,33.37,360048
"13-Jan-20",33.73,34.37,32.97,33.78,204797
"14-Jan-20",33.72,33.83,32.37,32.69,138556
"15-Jan-20",33.01,33.17,32.61,33.15,121368
"16-Jan-20",33.47,33.74,32.95,33.27,65841
"17-Jan-20",33.55,33.93,33.28,33.86,89900
"21-Jan-20",33.49,35.25,33.49,35.17,199193
"22-Jan-20",35.25,35.74,34.98,35.09,128255
"23-Jan-20",34.94,34.94,33.39,33.51,130935
"24-Jan-20",33.57,33.82,33.31,33.71,64926,,,,,
"27-Jan-20",33.06,33.31,32.59,33.01,136644
"28-Jan-20",33,33.98,32.77,33.95,80068
"29-Jan-20",33.99,34.12,33.29,33.35,52217
"30-Jan-20",33.07,33.7,32.69,33.16,46956
"31-Jan-20",33.08,33.25,32.1215,32.58,86052
"03-Feb-20",32.62,32.98,32.38,32.66,78288,,,,,
"04-Feb-20",33.2,34.1641,33.1976,33.7,79480
"05-Feb-20",34.26,34.5,33.39,34.21,122113
"06-Feb-20",34.36,35.25,34.095,35.08,144913
"07-Feb-20",35.12,35.25,33.88,34.11,103613
"10-Feb-20",34.4,36.22,34.34,36.14,148605
"11-Feb-20",36.49,37.68,36.32,37.6,130298
"12-Feb-20",37.94,37.94,36,36.09,99390
"13-Feb-20",36,37.1,36,36.86,55613
"14-Feb-20",36.99,37.0929,36.44,36.65,98639
"18-Feb-20",36.64,37.69,36.64,37.63,112051
"19-Feb-20",37.98,38.75,37.11,38.6,141797
"20-Feb-20",38.46,39.18,38.04,38.99,100882
"21-Feb-20",39.08,40.22,38.42,38.81,222826
"24-Feb-20",37.36,37.45,36.09,37.2,140057
"25-Feb-20",37.57,37.57,36,36.11,142522
"26-Feb-20",36.23,36.75,35.58,36.44,134248
"27-Feb-20",36,37.565,33.5712,35.6,309934
"28-Feb-20",34.61,35.27,31.87,32.56,207967
"02-Mar-20",33,33.285,31.96,32.56,140692
"03-Mar-20",32.62,33.31,32.3,32.7,107168
"04-Mar-20",33.15,34.59,32.86,34.45,123928
"05-Mar-20",33.99,34.24,33.404,33.87,169536
"06-Mar-20",33.16,35.82,33.16,35.68,131621
"09-Mar-20",35.43,36.325,33.1201,34.62,187691
"10-Mar-20",35.24,35.24,32.02,33.76,180114
"11-Mar-20",33.4,34.5118,30.015,30.2,163889
"12-Mar-20",27.64,28.44,26.2873,27.91,231530
"13-Mar-20",28.35,28.937,26,28.74,227663
"16-Mar-20",26.87,28.2,26,26.79,173060
"17-Mar-20",26.68,29.97,26.64,29.97,228404
"18-Mar-20",28.5,29.525,26.1233,29.51,192082
"19-Mar-20",29.11,31.26,27.2813,30.41,157452
"20-Mar-20",30.84,32.21,28.83,29.56,240779
"23-Mar-20",29.79,30,28.0635,29.27,117327
"24-Mar-20",30.22,32.01,29.39,32.01,102569
"25-Mar-20",32.12,32.79,30.466,31.05,115151
"26-Mar-20",31.72,33.49,31.34,32.67,110784
"27-Mar-20",31.91,34.315,31.285,33.07,134979
"30-Mar-20",33.71,36.36,33.4903,35.45,114302
"31-Mar-20",35.45,37.35,34.47,34.92,324916
"01-Apr-20",34.1,34.8,32.23,32.91,123992
"02-Apr-20",32.31,34.86,32.23,34.25,150046
"03-Apr-20",34.21,35.5376,33.1,33.89,108843
"06-Apr-20",34.91,35.7006,33.11,34.28,150530
"07-Apr-20",34.65,34.89,33.57,33.89,120225
"08-Apr-20",34.12,34.71,33.59,34.35,131251
"09-Apr-20",34.28,36.16,33.8486,35.95,169355,,,,,
"13-Apr-20",33.61,36.46,32.181,35.86,209392
"14-Apr-20",36.46,39.99,36.0372,37.85,169913
"15-Apr-20",36.73,39.67,36.56,37.42,154562
"16-Apr-20",38.05,39.5,37.4282,38.51,161039
"17-Apr-20",39.29,39.4722,37.38,38.33,135727
"20-Apr-20",38.2,41.47,37.81,39.06,184593
"21-Apr-20",39,41.5,38.26,40.01,215334
"22-Apr-20",40.96,42.91,40.09,42.14,216924
"23-Apr-20",42.13,43.1,41.713,42.44,157829,,,,,
"24-Apr-20",42.97,43.249,40.35,41.93,147284
"27-Apr-20",42.46,42.57,40.28,41.01,131347
"28-Apr-20",41,41.7,40.2,40.63,87323
"29-Apr-20",41.31,43.625,40.71,41.81,175083
"30-Apr-20",41.46,41.62,38.005,38.05,182683
"01-May-20",37.7,39.7,37.12,39.05,160900,,,,,
"04-May-20",39.03,39.03,36.15,37.64,173752
"05-May-20",38.36,39.36,37.6205,38.47,75956
"06-May-20",38.46,39.0657,36.7353,38.51,181647
"07-May-20",38.75,39.61,37.4927,39.48,107703
"08-May-20",39.82,40.55,39.31,40.12,134043
"11-May-20",40.08,40.61,39.395,40.02,95025
"12-May-20",40.26,40.26,38.43,38.43,84893
"13-May-20",38.38,38.655,36.3632,37.43,77598
"14-May-20",36.99,37.85,36.22,37.7,86061
"15-May-20",37.74,39.04,37.69,39.02,52530
"18-May-20",39.76,39.96,39.08,39.63,99372
"19-May-20",39.47,40.7,39.31,39.59,93691
"20-May-20",40.11,40.81,39.27,39.63,65531
"21-May-20",39.28,40.245,39.21,39.71,63518
"22-May-20",39.83,39.86,38.22,39.12,129131
"26-May-20",39.32,42.25,39.01,41.4,189937
"27-May-20",41.72,41.96,37.34,39.5,173502
"28-May-20",44.5,48.91,43.73,48.43,1301670
"29-May-20",48.22,52.73,47.31,50.67,3166579
"01-Jun-20",50.62,53.76,50.24,52,489377
"02-Jun-20",52.31,52.31,50.195,52.11,210862
"03-Jun-20",52.15,52.26,49.38,49.7,220926
"04-Jun-20",49.35,49.8,46.77,47.76,291738
"05-Jun-20",47.92,50.385,47.6369,48.93,202722
"08-Jun-20",48.8,50.3,48.03,49.73,163114
"09-Jun-20",49.84,52.16,49.06,51.31,132709
"10-Jun-20",51.65,51.9999,49.24,50.26,134277
"11-Jun-20",49.55,49.55,47.36,48.005,139332
"12-Jun-20",48.96,50.5399,48.02,48.78,172478
"15-Jun-20",48.46,54.63,48.45,54.59,248894
"16-Jun-20",55.31,55.8,52.255,52.58,161003
"17-Jun-20",52.89,54.3399,52.615,53.21,152119
"18-Jun-20",53.17,54.35,53.139,53.95,136049
"19-Jun-20",54.03,57.2788,52.7119,56.13,493693
"22-Jun-20",56.23,58.5,55.7501,56.23,258552
"23-Jun-20",56.42,58.88,56.06,58.56,312072
"24-Jun-20",58.5,58.7,54.5006,55.44,296939
"25-Jun-20",55.19,58.6299,54.12,57.85,215472
"26-Jun-20",58.25,58.9409,55.59,58.5,383217
"29-Jun-20",58.68,59.28,57.2026,58.51,210275
"30-Jun-20",58.49,61.36,58.42,59.82,302766
"01-Jul-20",60.06,62.2394,59.9028,61.17,142738
"02-Jul-20",62.98,63.23,60.56,61.8,190083
"06-Jul-20",63,63.4299,61.55,61.86,239161
"07-Jul-20",62.75,62.75,60.81,61.65,235696
"08-Jul-20",61.8,62.95,60.58,61.83,357404
"09-Jul-20",61.83,64.9252,61.089,63.57,299971,,,,,
"10-Jul-20",68.28,68.4,62.1,62.46,471452
"13-Jul-20",63,66.5,62.07,62.46,289836
"14-Jul-20",62.05,63.1633,59.31,62.3,255714
"15-Jul-20",62.27,63.9299,61.895,62.38,177560
"16-Jul-20",61.99,62.84,61.25,62.15,166120
"17-Jul-20",62.15,62.41,61.35,61.84,162447
"20-Jul-20",62.16,65.315,62.05,65.19,245634
"21-Jul-20",65.5,67,65.2,66.47,136209
"22-Jul-20",66.82,67.32,66.1775,67.23,96093
"23-Jul-20",67.74,70.275,65.8272,66.54,254003
"24-Jul-20",66.06,66.115,63.4307,65.76,158732,,,,,
"27-Jul-20",66.08,67.52,65.8,67.52,83948
"28-Jul-20",67.05,68.275,63.46,63.69,249427
"29-Jul-20",64.06,67.45,63.69,66.11,139330
"30-Jul-20",65.83,67.86,65.0001,67.14,111816
"31-Jul-20",67.35,70.729,66.6,70.4,372034
"03-Aug-20",70.58,73.58,70.1,72.09,241488,,,,,
"04-Aug-20",66.03,68.68,63.5,68.44,428845
"05-Aug-20",68.9,68.93,62.48,62.65,508245
"06-Aug-20",59.88,65.78,58.5,65.085,1651265
"07-Aug-20",65.72,66.94,64.36,65.83,295504
"10-Aug-20",65.93,66.02,64.25,64.91,322884
"11-Aug-20",64.4,65.53,62.58,62.84,186841
"12-Aug-20",63.11,64.97,62.81,63.15,166177
"13-Aug-20",63.44,64,62.61,63.42,170618
"14-Aug-20",63.25,63.63,60.7,61.41,165318,,,1043436
"17-Aug-20",62.78,63.8885,60.69,62.06,165591
"18-Aug-20",62.65,63.999,60.745,61.9,120693
"19-Aug-20",62,62.67,61.41,62.16,131988
"20-Aug-20",61.94,62.89,59.13,60.54,288236
"21-Aug-20",60.63,61,59.55,60.42,144198
"24-Aug-20",61.69,61.84,57.2207,57.51,221899
"25-Aug-20",57.01,58.98,56.215,58.76,207040
"26-Aug-20",58.77,60.49,58.77,60.11,117606
"27-Aug-20",59.92,60.68,58.365,59.9,166610
"28-Aug-20",60.3,60.515,58.452,58.81,126313
"31-Aug-20",59.55,59.88,58.8,59.58,157502,,,1058389
"01-Sep-20",59.35,61.31,59.17,61.03,99685
"02-Sep-20",60.88,62.8766,59.619,62.36,208019
"03-Sep-20",61.55,62.1751,60.27,61.3,214789
"04-Sep-20",61,61.015,56.38,59.97,173132
"08-Sep-20",56.72,63.31,56.72,62.46,256685
"09-Sep-20",63.38,68.56,63.25,67.27,262480
"10-Sep-20",67.57,69.48,66,66.14,241350
"11-Sep-20",66.5,67.63,61.77,62.83,220881
"14-Sep-20",63.59,66.19,63.435,64.96,147134
"15-Sep-20",65.77,66.765,65.23,66.11,90848,,,1209983
"16-Sep-20",66.34,68.03,65.36,65.5,185852
"17-Sep-20",64.46,65.965,63.8061,64.85,152001
"18-Sep-20",65.86,67,64.08,64.82,817546
"21-Sep-20",63.86,64.28,62.2,63.95,143857
"22-Sep-20",64.2,65.67,62.505,64.5,207916
"23-Sep-20",64.25,66.21,63.49,65.11,135750
"24-Sep-20",64.85,67.935,63.28,66.04,247819
"25-Sep-20",67,71.27,67,70.98,454310
"28-Sep-20",72.99,74.53,71.03,72.77,403277
"29-Sep-20",72.5,76,71.46,74.8,292286
"30-Sep-20",74.84,76.238,73.25,75.36,391355,,,1595857
"01-Oct-20",76.13,76.44,72.51,73.1,365632
"02-Oct-20",72.01,72.12,67.68,68,378929
"05-Oct-20",68.61,69.28,67.41,68.77,342360
"06-Oct-20",68.48,71.58,67.735,70.49,301930
"07-Oct-20",70.69,72.71,70.69,71.54,164019
"08-Oct-20",72.06,74.88,71.08,72.43,188703
"09-Oct-20",72.57,74.965,72.57,74.59,172299
"12-Oct-20",74.96,77.27,74.96,76.82,180600,,,,,
"13-Oct-20",76.5,77.89,76.11,77.18,201957
"14-Oct-20",77.58,77.7137,75.46,75.73,205555
"15-Oct-20",75,75.26,70.6,71.9,298345,,,1332398
"16-Oct-20",73.38,75,71.78,72.28,156186
"19-Oct-20",73.9,73.92,69.33,69.84,221028
"20-Oct-20",69.85,70.515,68.9,69.5,101582
"21-Oct-20",69.86,70.42,67.5,67.59,142767
"22-Oct-20",67.99,70.405,66.7567,70.01,118410
"23-Oct-20",70.23,70.46,67.77,70.06,138084,,,,,
"26-Oct-20",69.89,70.63,68.32,69.11,99138
"27-Oct-20",69.4,70.19,68.16,68.19,101528
"28-Oct-20",66.74,68.21,65.17,67.82,107459
"29-Oct-20",68.32,68.76,66.28,66.65,90855
"30-Oct-20",66.47,66.47,64.23,64.82,172165,,,1363002
"02-Nov-20",64.94,66.47,63.92,65.3,127958,,,,,
"03-Nov-20",65.57,67.265,65,66.77,91939
"04-Nov-20",68,69.2713,67.41,67.5,209952
"05-Nov-20",69.42,74.91,68.88,73.78,226045
"06-Nov-20",73.43,75.45,71.2109,74.99,91290
"09-Nov-20",74.33,77.82,72.25,74.23,211035
"10-Nov-20",73.49,74.19,66.81,67.05,218737
"11-Nov-20",67.81,72.83,67.725,71.52,187270
"12-Nov-20",71.55,73.639,70.76,71.5,125402
"13-Nov-20",71.94,72.315,67.21,68.09,123442,,,1169187
"16-Nov-20",68.03,68.3634,65.79,67.97,143415
"17-Nov-20",68.53,68.99,60.2,62.36,412146
"18-Nov-20",62.74,63.21,59.66,61.03,247470
"19-Nov-20",60.82,60.885,58.3532,58.5,224825
"20-Nov-20",57.85,59.964,57.33,58.88,125741
"23-Nov-20",59,59.5,55.36,55.65,264948
"24-Nov-20",55.4,55.4,51.24,53.26,398280
"25-Nov-20",54.01,56.595,53.43,55.42,508998
"27-Nov-20",55.31,56.4794,54.6901,56,78873
"30-Nov-20",56.43,56.89,54.18,55.97,275169,,,1353157
"01-Dec-20",56.1,56.62,55.24,56.4,253823
"02-Dec-20",55.72,56.23,53.75,56.07,200730
"03-Dec-20",55.51,56.3,54.87,55.88,172164
"04-Dec-20",55.98,57.85,55.98,57.56,144906
"07-Dec-20",57.41,58.1,56.81,57.67,132435
"08-Dec-20",57.77,57.9589,56.18,57,113811
"09-Dec-20",56.79,58.25,56.51,57.82,173085
"10-Dec-20",57.08,59.92,56.6801,59.66,131661
"11-Dec-20",59.4,60.215,58.5575,59.13,195851
"14-Dec-20",58.98,60.98,58.98,59.34,306432
"15-Dec-20",59.94,60.2,57.52,60.02,120472,,,1534160
"16-Dec-20",60.79,61.75,59.27,60.23,147830
"17-Dec-20",60.82,62.66,60.12,61.91,112374
"18-Dec-20",66.34,67.26,65.13,65.9,680888
"21-Dec-20",66.89,69.2554,66.3,68.2,290036
"22-Dec-20",69.4,73.47,69,73.21,243626
"23-Dec-20",73.26,73.7,71,72.54,191387
"24-Dec-20",72.69,73.49,71.61,72.04,58289
"28-Dec-20",73.22,74.04,70.444,73.69,202798
"29-Dec-20",73.81,74.71,70.02,71.68,183825
"30-Dec-20",72.34,73.72,72.01,72.92,94892
"31-Dec-20",73.09,73.09,71.4707,71.92,97262,,,1571418
"04-Jan-21",73,76.16,72.19,75.06,433844
"05-Jan-21",75.06,76,73.2,75.07,184239
"06-Jan-21",73.62,75.54,73.62,75.14,280794,,,,,
"07-Jan-21",75.9,80.84,75.835,80.11,241737
"08-Jan-21",82.31,82.39,80.07,82.32,217223
"11-Jan-21",82.93,83.78,78.85,79.33,369416
"12-Jan-21",75.01,77.2882,70.6224,71.16,582182
"13-Jan-21",71.27,73.98,71.27,72.25,292905
"14-Jan-21",72.56,75.54,72.1589,72.91,349450
"15-Jan-21",73.33,75,70.53,71.19,209786,,,1610704
"19-Jan-21",71.61,74.25,71.25,72.46,135109
"20-Jan-21",72.46,74.59,71.36,74.55,164935
"21-Jan-21",74.75,75.09,72.05,73.41,138242
"22-Jan-21",73.23,74.79,71.73,74.61,163989,,,,,
"25-Jan-21",75.87,78.5,74.673,76.12,275187
"26-Jan-21",76.13,78.94,74.28,78.49,167408
"27-Jan-21",77.36,83.46,75.55,80.18,310016
"28-Jan-21",80.45,81.715,76.72,76.91,179024
"29-Jan-21",79.1,80.27,77.5,79.14,198301,,,1510838
"01-Feb-21",79.45,79.85,76.69,78.71,142054,,,,,
"02-Feb-21",79.44,82.98,78.82,80.97,187331
"03-Feb-21",81,85.58,80.81,84.71,217675
"04-Feb-21",84.39,85.88,83.27,84.21,134748
"05-Feb-21",84.22,86.3,84.08,85.25,175304
"08-Feb-21",85.84,90.92,85.62,88.04,251212
"09-Feb-21",87.75,89.72,87.1597,89.52,178927
"10-Feb-21",82.78,87,82,82.45,376449
"11-Feb-21",83.13,84.8,81.15,84.75,184237
"12-Feb-21",83.91,85.65,83.672,85.47,96526,,,1265559
"16-Feb-21",84.63,86.64,83.4,84.33,137862
"17-Feb-21",82.82,83.71,78.51,79.32,233753
"18-Feb-21",78.5,78.56,74.682,76.08,214752
"19-Feb-21",76.94,77.42,74.58,75.86,102369
"22-Feb-21",74.98,76.58,71.63,71.92,152478
"23-Feb-21",70.7,74.41,68.94,73.19,274532
"24-Feb-21",73.19,75.06,72,74.61,156058
"25-Feb-21",73.73,76.65,71.55,71.61,159077
"26-Feb-21",71.89,73.99,70.3201,71.72,138761,,,1325159
"01-Mar-21",71.53,74.04,71.25,73.03,126305
"02-Mar-21",73.82,74.01,70.5,70.54,137410
"03-Mar-21",70.42,70.93,65.795,66.14,188409
"04-Mar-21",65.07,65.944,61.6,62.25,274436
"05-Mar-21",62.97,67,61.57,66.46,404320
"08-Mar-21",66.37,68.43,62.23,62.57,211014
"09-Mar-21",63.43,67.88,63.15,66.79,148198
"10-Mar-21",67.72,70.78,67.37,69.76,162157
"11-Mar-21",71.06,72.94,70.78,71.94,135280
"12-Mar-21",70.67,71.65,68.92,71.16,123304
"15-Mar-21",72.02,73.59,70.825,71.73,170203,,,1431586
"16-Mar-21",71.63,73.67,69.08,69.63,123107
"17-Mar-21",69.16,69.2,66.82,67.66,133807
"18-Mar-21",67.12,67.39,65,65.2,106560
"19-Mar-21",65.49,66.98,64,65.45,316501
"22-Mar-21",65.49,67.72,63.14,63.57,253592
"23-Mar-21",63.57,64.99,61.8,62.4,370834
"24-Mar-21",63,63.14,60.085,60.48,312994
"25-Mar-21",59.89,61.59,58.213,61.59,311834
"26-Mar-21",62.05,62.45,57.38,60.06,254970
"29-Mar-21",59.24,61.29,58.55,60.16,171457
"30-Mar-21",59.66,61.58,58.51,60.95,129425
"31-Mar-21",61.64,64.1099,60.94,63.24,169654,,,1562366
"01-Apr-21",64.12,65.2,62.12,63.03,101967
"05-Apr-21",63.17,64.63,62,64.51,130578
"06-Apr-21",64.66,65.45,63.24,64.82,91386
"07-Apr-21",65.13,65.55,63.61,63.98,233308
"08-Apr-21",63.98,65.5,61.06,62.36,191596
"09-Apr-21",62.16,63,61.04,62.5,174903
"12-Apr-21",63.56,65.09,61.7,63.53,311161,,,,,
"13-Apr-21",61.49,62.3215,57.7701,60.95,802626
"14-Apr-21",61.07,63.32,61.07,61.87,206483
"15-Apr-21",62.63,64.1299,61.2,63.67,123500,,,1778956
"16-Apr-21",63.25,63.73,62.06,62.91,193868
"19-Apr-21",63,63.49,61,62.51,264584
"20-Apr-21",62.04,63.236,61.08,62.41,142685
"21-Apr-21",61.86,63.51,61.55,63.35,142234
"22-Apr-21",63.39,66.45,63.35,66.14,189735
"23-Apr-21",66.27,70.5,65.9,68.96,273043,,,,,
"26-Apr-21",68.5,70.02,67.42,68.46,206490
"27-Apr-21",68.57,68.9,66.86,67.09,99298
"28-Apr-21",66.83,67.03,65.625,65.99,59893
"29-Apr-21",66.06,66.06,63.77,64.13,114634
"30-Apr-21",63.81,64.55,62.9,63.14,104721,,,1883203
"03-May-21",62.87,63.5,59.23,59.45,221122,,,,,
"04-May-21",58.88,58.88,56.51,57.53,174021
"05-May-21",57.51,57.51,54.27,55.1,517478
"06-May-21",54.78,56.65,53.68,56.45,396895
"07-May-21",56.74,58.38,56.501,57.09,203389
"10-May-21",56.5,57.41,55.23,56.38,224895
"11-May-21",54.57,57.565,54.45,56.82,164705
"12-May-21",56.21,57.205,54.57,54.71,272115
"13-May-21",55.13,56.28,49.34,49.67,482909
"14-May-21",50.44,52.3,49.36,51.96,193300,9.668268,0.6053,2032221
"17-May-21",51.95,52.41,50.25,51.19,119716,,0.6026
"18-May-21",51.27,53.33,50.73,52.46,176640,,0.5922
"19-May-21",51.74,54.04,51.55,52.85,153845,9.415604,0.5914
"20-May-21",53.16,54.27,52.43,53.03,72834,9.352706,0.5889
"21-May-21",53.38,54.49,52.61,53.54,69137,,0.5906
"24-May-21",53.91,54.15,51.195,51.54,108409,9.618877,0.5905
"25-May-21",51.47,51.855,50.58,51.06,272048,,0.6097,,1953980.4915
"26-May-21",51.25,52.6,50.13,52.28,116883,9.322211,0.6025,,1909271.6295
"27-May-21",52.13,52.9,51.656,52.3,130127,9.438581,0.6072,,1931829.2826
"28-May-21",52.91,53.61,52.565,52.78,84060,9.502796,0.6051,2204399,1926951.9522
"31-May-21",,,,,,,0.6051,,1926951.9522
"01-Jun-21",52.96,53.37,51.57,52.47,138197,9.40209,0.5988,,1897078.3035
"02-Jun-21",52.83,53.11,51.13,51.43,120800,,0.5995,,1900736.3013
"03-Jun-21",51.24,52.06,50.32,51.82,104406,9.4316,0.5892,,1897484.7477
"04-Jun-21",52,53.09,52,52.58,74356,,0.5866,,1887933.309
"07-Jun-21",52.5,54.6999,52.18,53.59,102097,,0.5904,,1881430.2018
"08-Jun-21",54.21,55.11,53.62,54.7,84689,9.987277,0.5894,,1916587.6251
"09-Jun-21",54.88,55.5,54.085,54.3,62307,,0.5891,,2148627.7053
"10-Jun-21",54.19,54.2853,52.69,53.65,76947,,0.5888,,2136503.5108
"11-Jun-21",54.07,54.8499,53.83,54.68,62960,10.007615,0.5862,,2141132.7487
"14-Jun-21",54.46,54.96,54.09,54.12,85711,10.019746,0.5877,,2146423.3063
"15-Jun-21",54.41,54.72,53.43,54.3,56589,10.102424,0.5885,2178224,2140912.3088
"16-Jun-21",54.11,54.58,53.25,53.96,40557,,0.5894,,2153477.3831
"17-Jun-21",53.92,55.12,53.92,55.03,59807,10.331922,0.5892,,2154579.5826
"18-Jun-21",54.49,55.27,53.88,54.52,116704,10.26263,0.5998,,2137164.8305
"21-Jun-21",54.61,54.97,53.49,54.8,62823,,0.6001,,2154138.7028
"22-Jun-21",54.64,54.9,54.06,54.66,48407,10.751767,0.6116,,2180371.0509
"23-Jun-21",54.1,54.355,50.82,53.54,443658,,0.6105,,2185441.1686
"24-Jun-21",54.04,54.69,53.11,53.28,83669,10.837645,0.6057,,2217214.2096
"25-Jun-21",53.07,53.96,51.99,53.53,274491,11.93476,0.6198,,2433511.8528
"28-Jun-21",53.9,55.08,53.83,54.18,75158,,0.6188,,2367947.3104
"29-Jun-21",54.11,56.09,54.11,56,143660,,0.6151,,2324382.8304
"30-Jun-21",55.85,56.87,54.16,54.91,184905,,0.6147,2443657,2325254.12
"01-Jul-21",54.95,57.27,54.816,55.66,158454,11.707753,0.6152,,2323947.1856
"02-Jul-21",56.01,56.295,54.48,55.33,122958,11.740294,0.623,,2334838.3056
"06-Jul-21",55.72,55.72,53.07,54.46,127384,,0.651,,2514541.7856
"07-Jul-21",54.61,55.26,52.11,53.05,81442,11.825641,0.6257,,2348996.7616
"08-Jul-21",52.29,54.91,52.04,53.15,106721,12.085107,0.6246,,2372957.2256
"09-Jul-21",53.39,54.12,52.27,53.31,87228,12.196474,0.6226,,2371650.2912
"12-Jul-21",53.78,55.38,52.8417,53.4,271291,,0.6221,,2522587.1211,
"13-Jul-21",44.96,47.35,43.7,44.03,842504,,0.6249,,2538715.2573
"14-Jul-21",43.74,45.3,43.5921,44.53,230882,,0.6501,,2643792.5083
"15-Jul-21",44.66,44.98,43.21,44.09,188242,13.115261,0.6443,2419981,2689733.2599
"16-Jul-21",44.58,45.4163,43.23,43.37,211669,,0.6613,,2844172.3823
"19-Jul-21",43.15,46.1,42.02,45.78,274063,13.585374,0.6634,,2829510.4403
"20-Jul-21",46.17,47.5299,45.92,46.62,193213,13.54262,0.6623,,2802385.8476
"21-Jul-21",46.82,47.8,46.0201,47.22,84948,13.552191,0.667,,2789434.4655
"22-Jul-21",47.29,48.21,46.3101,47.88,179603,13.651412,0.6832,,2819491.4466
"23-Jul-21",47.7,47.9,47.1601,47.35,144527,,0.6986,,2828532.9775,
"26-Jul-21",47.53,47.97,45.93,46.06,128983,,0.7363,,2459184.6922
"27-Jul-21",46.11,46.14,44.93,45.37,73058,,0.6957,,2229044.4991
"28-Jul-21",45.63,47.58,45.2982,47.19,137411,12.050716,0.6905,,2180644.8791
"29-Jul-21",47.14,47.7299,46.755,47.08,93111,11.987682,0.6916,,2176046.9152
"30-Jul-21",47.07,47.92,46.865,47.19,101198,11.923594,0.6856,2452243,2161769.0273
"02-Aug-21",47.18,47.49,46.71,46.94,57293,,0.6749,,2146039.1508,
"03-Aug-21",47.11,47.28,46.3939,46.93,93637,,0.6695,,2302853.9196
"04-Aug-21",46.52,47.85,46.31,46.66,75318,12.963785,0.6567,,2292448.0013
"05-Aug-21",47.205,48.79,46.97,48.05,145102,12.982454,0.661,,2289302.026
"06-Aug-21",48.11,49.23,47.7,48.27,142559,13.398995,0.6582,,2278170.1134
"09-Aug-21",48.32,48.78,47.76,48.68,102080,13.800028,0.6524,,2265586.2122
"10-Aug-21",48.81,48.89,47.27,47.98,114487,,0.6528,,2601339.3744
"11-Aug-21",48.37,48.37,46.13,46.25,91746,,0.6526,,2598641.9071
"12-Aug-21",46.14,47.455,46.14,46.86,69575,14.402112,0.6513,,2609431.7763
"13-Aug-21",47.07,47.76,46.41,47.29,72311,,0.6499,2156701,2612374.4679
"16-Aug-21",46.88,46.89,44.65,44.93,88050,,0.6484,,2602565.4959
"17-Aug-21",44.32,44.885,43.5924,44.06,61575,,0.6484,,2648422.44
"18-Aug-21",44.12,44.57,43.2801,43.75,40941,15.998622,0.6484,,2652836.4774
"19-Aug-21",42.65,43.15,41.74,42.04,92241,16.049241,0.6473,,2635180.3278
"20-Aug-21",41.9,43.1912,41.75,42.87,69437,16.165363,0.6469,,2628314.0474
"23-Aug-21",43.43,45.36,43.43,45.13,82717,,0.6468,,2633954.2063
"24-Aug-21",45.24,45.875,44.24,45.63,70209,15.9722,0.6457,,2146564.5053
"25-Aug-21",45.74,45.7966,44.78,45.02,64685,16.564265,0.6507,,2214716.2569
"26-Aug-21",44.82,45.37,43.77,43.83,77806,16.744979,0.645,,2187757.4944
"27-Aug-21",44.12,45.41,43.82,45.04,103695,16.790457,0.6451,,2190129.8655
"30-Aug-21",45.36,45.5,44.55,44.59,70699,16.843613,0.642,,2192717.9067
"31-Aug-21",44.8,44.8,43.4,44.3,110023,16.968139,0.6441,2114115,2204364.0921
"01-Sep-21",44.3,46.31,44.3,45.88,73526,,0.6372,,2197462.6489
"02-Sep-21",45.98,47.29,45.96,46.16,88393,17.337482,0.6446,,2224637.0815
"03-Sep-21",46,46.3,45.6782,46,114818,,0.6455,,2219029.6589
"06-Sep-21",,,,,,,0.6454,,2219245.329
"07-Sep-21",46,46.01,44.88,45.83,102093,,0.6495,,2219892.3393
"08-Sep-21",45.97,46.325,45.375,45.52,64399,16.97612,0.647,,2179562.0306
"09-Sep-21",45.34,46.2,45.19,45.19,75661,,0.6468,,2197246.9788
"10-Sep-21",45.5,45.99,44.7,44.84,67425,17.066043,0.6469,,2100373.2525
"13-Sep-21",44.69,44.805,43.9,44.14,91566,16.812892,0.6416,,2088957.0315
"14-Sep-21",44.38,44.42,42.76,42.87,87712,,0.6391,,2076272.3415
"15-Sep-21",44.33,44.33,42.73,43.64,98256,16.657012,0.6385,2064347,2063164.8285
"16-Sep-21",44.325,44.49,43.53,44.11,81100,16.496055,0.6383,,2049211.6695
"17-Sep-21",44.34,44.63,43.32,43.7,192116,15.8463,0.6375,,2004815.2545
"20-Sep-21",43.04,43.04,39.93,40.17,234508,,0.6367,,1994456.091
"21-Sep-21",40.38,40.98,39.801,40.48,458015,14.706558,0.6375,,1975429.056
"22-Sep-21",40.85,41.66,39.78,40.08,97986,14.29964,0.6345,,1928495.703
"23-Sep-21",40.2,40.5,38.17,39.38,147303,13.870671,0.6317,,1891287.279
"24-Sep-21",39.07,39.6,38.02,38.72,177815,13.286405,0.6275,,1759236.5134
"27-Sep-21",38.82,40.07,38.1232,39.22,210532,13.325177,0.6309,,1761713.7298
"28-Sep-21",38.93,39.32,37.6,38.45,155713,12.909637,0.6345,,1710930.7936
"29-Sep-21",38.82,39.6,37.95,39.44,128295,13.395848,0.6285,,1786279.4591
"30-Sep-21",39.995,39.995,39.14,39.5,123449,13.310549,0.6286,2033485,1770796.8566
"01-Oct-21",39.51,39.96,38.39,39.84,106887,13.45971,0.6265,,1774719.1159
"04-Oct-21",39.79,39.79,38.8,39.61,128590,,0.6252,,1808161.5373
"05-Oct-21",39.51,40.949,38.0673,39.66,191854,,0.6275,,1817244.6641
"06-Oct-21",39.53,40.32,39.23,39.36,119109,,0.6281,,1831282.2237
"07-Oct-21",39.71,40.2,38.66,38.78,145281,14.100002,0.6309,,1868027.6003
"08-Oct-21",38.8,38.8,36.91,37.1,95712,,0.6285,,1850067.7814
"11-Oct-21",37.05,38.11,36.9,37.8,99345,,0.6285,,2124788.4765
"12-Oct-21",38.07,38.4667,37.71,37.92,114479,,0.6295,,2124991.825
"13-Oct-21",38,38.81,38,38.78,101577,,0.6372,,2101606.7475,
"14-Oct-21",39.1,41.22,39.1,41,216311,,0.6299,,2084118.7765
"15-Oct-21",41.12,41.4999,39.82,39.85,78076,,0.6252,1997090,2044669.1675
"18-Oct-21",39.38,39.7723,37.32,38.48,195785,14.680645,0.6227,,1982444.5265
"19-Oct-21",38.88,39.9,38.85,39.4,90971,13.62502,0.6415,,1833186.7275
"20-Oct-21",39.44,39.83,38.63,38.82,78943,14.443981,0.6499,,1895208.02
"21-Oct-21",38.91,39.33,37.79,37.89,124763,14.548396,0.6686,,1891751.0955
"22-Oct-21",37.93,39.605,37.6201,39.37,252589,14.015733,0.6674,,1862672.26,
"25-Oct-21",39.48,41.91,38.95,41.57,195071,,0.6924,,2006032.9525
"26-Oct-21",43,47.455,42.4407,46.04,524478,,0.6927,,1987104.55
"27-Oct-21",45.76,46.46,44.09,46.09,208510,14.588804,0.6926,,2009471.958
"28-Oct-21",46.12,48.85,45.41,48.6,246664,13.845512,0.6869,,1947362.459
"29-Oct-21",48.3,50.64,47.9,50.5,212142,,0.6796,,1878462.854
"01-Nov-21",50.07,51.55,49.1051,49.78,167006,,0.6789,,1917605.818,
"02-Nov-21",49.69,51.35,49.28,51.32,111396,13.317311,0.6817,,1908419.204
"03-Nov-21",50.38,53.945,50.38,53.2,177697,,0.6794,,1878662.563
"19-Nov-21",,,,,,,,,,,0