"Date","open SND Price in USD","high SND Price in USD","low SND Price in USD","close SND Price in USD","SND Volume","Days to cover 3m (on loan)","Cost To Borrow","Exchange Reported SI","Estimated Short Interest","Dividends","hidden"
"04-Nov-16",10.3,11.07,10.3,10.99,3419720
"07-Nov-16",11.03,11.75,10.99,11.07,599717
"08-Nov-16",11.1,11.25,10.9,11.07,267382
"09-Nov-16",11,12.05,11,11.58,270679
"10-Nov-16",11.41,11.85,11.27,11.57,287974
"11-Nov-16",11.5,11.5575,11.33,11.36,43952
"14-Nov-16",11.35,11.4,10.93,11.18,80816
"15-Nov-16",11.15,11.7955,11.14,11.2,83626
"16-Nov-16",11.06,11.145,10.89,10.98,232328
"17-Nov-16",10.96,11.1499,10.75,10.97,43369
"18-Nov-16",10.94,11.04,10.56,10.77,151911
"21-Nov-16",10.89,11.4,10.59,11.22,410028
"22-Nov-16",11.34,11.935,11.25,11.82,279016
"23-Nov-16",11.82,12.498,11.53,12.3,270246
"25-Nov-16",12.55,12.89,12.2805,12.45,88951
"28-Nov-16",12.42,12.61,12.07,12.39,97513
"29-Nov-16",12.33,12.54,11.99,12.18,190117
"30-Nov-16",13.3,14.35,12.5,13.67,937678
"01-Dec-16",13.8,14.63,13.36,13.58,635338
"02-Dec-16",13.57,14.11,13.26,13.46,300155
"05-Dec-16",13.52,14,13.423,13.75,283739
"06-Dec-16",13.75,14.1,13.75,13.84,381397
"07-Dec-16",14.18,14.95,13.64,13.94,362382
"08-Dec-16",14.18,14.62,13.599,13.74,282744
"09-Dec-16",13.81,14.12,13.6,13.9,424320
"12-Dec-16",14.25,14.65,12.65,13.9,932114
"13-Dec-16",14.08,14.425,13.52,13.93,725082
"14-Dec-16",13.85,13.99,13.31,13.5,281886
"15-Dec-16",13.45,14.33,13.3,14,427297
"16-Dec-16",14.16,15.14,14.0328,14.63,2510941
"19-Dec-16",14.56,14.95,14.25,14.92,248473
"20-Dec-16",15.02,15.48,15,15.4,370940
"21-Dec-16",15.47,15.99,15.45,15.91,581714
"22-Dec-16",15.99,16.17,15.31,15.54,447595
"23-Dec-16",15.61,16.34,15.41,16.2,423693
"27-Dec-16",16.28,17,16.145,16.29,559655
"28-Dec-16",16.37,16.45,16.16,16.24,314523
"29-Dec-16",16.21,16.34,15.71,16.32,207936
"30-Dec-16",16.33,16.9659,16.3,16.55,182184
"02-Jan-17",,,,,,0.186012
"03-Jan-17",16.75,17.33,16.61,16.82,304659,0.138515
"04-Jan-17",17.01,17.51,16.205,17.5,265272,0.308635
"05-Jan-17",17.5,17.769,16.78,17.31,227372,0.308359
"06-Jan-17",17.38,18.1457,17.145,17.77,586409,0.372814
"09-Jan-17",17.93,19.1,17.8,18.23,961197,0.401543
"10-Jan-17",18.22,18.585,17.73,18.5,382467,0.377413
"11-Jan-17",18.56,19.275,18.39,19.05,421900,0.35025
"12-Jan-17",19.16,19.675,18.65,18.93,486808
"13-Jan-17",19.01,19.07,17.9602,18.15,417660
"17-Jan-17",17.89,17.99,16.5,17.43,626697
"18-Jan-17",17.4,19.18,17.28,18.75,417175
"19-Jan-17",19.74,19.84,18.38,19.09,608283
"20-Jan-17",18.56,19.04,18.135,18.96,409519
"23-Jan-17",18.75,18.75,18.1,18.43,312274
"24-Jan-17",18.54,18.81,18.18,18.43,286055
"25-Jan-17",18.42,18.82,17.94,17.99,292359
"26-Jan-17",18.05,18.7,17.92,17.96,239262
"27-Jan-17",18.01,18.46,17.44,17.71,146320
"30-Jan-17",17.69,18.269,16.48,16.75,449962
"31-Jan-17",16.69,17.5,16.41,17.4,280942
"01-Feb-17",16.89,17.75,16.88,17.65,593701
"02-Feb-17",18.2,18.315,17.42,17.56,5381064
"03-Feb-17",17.48,17.8,17.25,17.51,1232547
"06-Feb-17",17.52,17.56,16.99,17.25,539739
"07-Feb-17",17.19,17.46,16.72,17.33,661499
"08-Feb-17",17.24,17.66,16.95,17.51,947147
"09-Feb-17",17.5,18.25,17.35,17.96,844189
"10-Feb-17",18.08,18.49,17.44,17.8,998484
"13-Feb-17",17.8,18.45,17.8,18.19,350713
"14-Feb-17",18.27,19.21,18.01,19.14,339770
"15-Feb-17",19.05,19.14,18.57,19,307495
"16-Feb-17",18.99,19.14,18.6797,18.86,334768
"17-Feb-17",18.84,19.41,18.75,18.84,278909
"21-Feb-17",18.97,20.24,18.96,19.94,900482
"22-Feb-17",20.16,21.33,20,21,758383
"23-Feb-17",21.27,21.99,19.5,20.06,1107681
"24-Feb-17",19.35,19.98,17.36,18.05,1495893
"27-Feb-17",18.11,18.74,17.77,18.19,1340768
"28-Feb-17",18.01,18.01,16.34,17.17,973761
"01-Mar-17",17.39,18.27,17.11,18.19,976030
"02-Mar-17",18.19,18.719,17.15,17.18,631798
"03-Mar-17",17.28,17.54,16.47,17,1048399
"06-Mar-17",16.86,17.23,16.31,16.72,653236
"07-Mar-17",16.67,16.73,16.17,16.17,801519
"08-Mar-17",16.17,16.17,14.83,15.01,860975
"09-Mar-17",15.09,15.09,13,13.76,1689973
"10-Mar-17",14,14.26,13.08,13.33,778324
"13-Mar-17",13.39,13.48,12.95,13.3,376002
"14-Mar-17",13.18,13.18,12.51,12.96,759697
"15-Mar-17",13.21,13.74,12.74,13.63,706792
"16-Mar-17",14,15.31,14,14.52,1722053
"17-Mar-17",15,16.82,15,15.91,2451104
"20-Mar-17",15.77,16.02,15.2783,15.92,517675
"21-Mar-17",15.91,16.2,14.04,14.14,1513722
"22-Mar-17",14.04,14.76,13.75,14.46,1746954
"23-Mar-17",14.46,14.72,14.03,14.58,529734
"24-Mar-17",14.67,15.66,14.6,15.03,895687
"27-Mar-17",14.76,14.91,14.21,14.6,582187
"28-Mar-17",14.61,15.64,14.43,15.32,449524
"29-Mar-17",15.29,16.68,15.12,16.09,557848
"30-Mar-17",16.18,16.813,15.9,16.01,358331
"31-Mar-17",15.91,16.755,15.6645,16.25,380849
"03-Apr-17",16.29,16.45,15.75,15.93,318943
"04-Apr-17",15.92,16.43,15.59,15.79,454664
"05-Apr-17",16.09,16.38,15.69,15.87,634732
"06-Apr-17",15.98,16.322,15.79,16,478655
"07-Apr-17",16,16.08,15.57,15.9,382375
"10-Apr-17",15.95,16.67,15.89,16.16,511102
"11-Apr-17",16.13,16.3156,15.675,16.06,418486
"12-Apr-17",16.08,16.23,15.45,15.53,393967
"13-Apr-17",15.51,15.51,14.16,14.18,615124
"17-Apr-17",14.28,14.3188,13.41,13.7,423357
"18-Apr-17",13.56,14.23,13.22,13.29,491988
"19-Apr-17",13.52,13.95,12.76,12.9,1035327
"20-Apr-17",13.02,13.32,12.87,12.89,331956
"21-Apr-17",12.93,12.93,12.2,12.61,522967
"24-Apr-17",13.06,13.09,12.5,12.67,296911
"25-Apr-17",12.66,13.11,12.46,13.03,480445
"26-Apr-17",12.94,13.44,12.94,13.16,438436
"27-Apr-17",13.1,13.26,12.32,12.74,461536
"28-Apr-17",12.92,12.92,12.16,12.18,508446
"01-May-17",12.17,12.41,11.81,12.1,491583
"02-May-17",12.15,12.32,11.73,11.96,363921
"03-May-17",12,12.02,11.2,11.38,450525
"04-May-17",11.32,11.32,10.23,11,934310
"05-May-17",11.03,11.44,10.82,10.94,530005
"08-May-17",10.96,11.26,10.93,11.18,376032
"09-May-17",11.18,11.67,11.11,11.45,530260
"10-May-17",11.57,12.55,11.51,12.2,877179
"11-May-17",11.84,12.51,11.68,12.06,675554
"12-May-17",12.06,12.23,11.84,12.19,345273
"15-May-17",12.61,13.7,12.58,13.34,825751
"16-May-17",13.36,13.5,12.93,13.33,376800
"17-May-17",13.05,13.23,12.52,12.53,687296
"18-May-17",12.42,12.68,12,12.52,514151
"19-May-17",12.61,13,12.4,12.7,559303
"22-May-17",12.84,12.87,11.4378,11.55,771988
"23-May-17",11.66,11.67,11.18,11.37,523017
"24-May-17",11.38,11.54,10.685,10.86,446746
"25-May-17",10.88,11.179,10.1,10.2,392382
"26-May-17",10.19,10.34,9.71,10,980185
"30-May-17",9.92,9.92,9.21,9.37,591415
"31-May-17",9.33,9.84,9.04,9.74,1053124
"01-Jun-17",9.86,10.3116,9.52,9.98,869613
"02-Jun-17",10.07,10.41,9.25,9.33,621419
"05-Jun-17",9.35,9.566,9.125,9.37,546647
"06-Jun-17",9.41,9.555,8.76,9.49,884266
"07-Jun-17",9.45,9.53,8.16,8.21,1438431
"08-Jun-17",8.43,8.787,8.36,8.59,613270
"09-Jun-17",8.65,9.17,8.37,8.9,819735
"12-Jun-17",9,9.52,8.8699,9.31,1037091
"13-Jun-17",9.18,9.29,8.91,9.13,789476
"14-Jun-17",9.06,9.12,8.35,8.6,725864
"15-Jun-17",8.9,9.08,8.16,8.28,1187288
"16-Jun-17",8.26,8.32,7.73,7.9,1466193
"19-Jun-17",7.97,8.13,7.84,7.85,986844
"20-Jun-17",7.73,8.21,7.51,8.2,779302
"21-Jun-17",8.12,8.42,7.67,8.04,750685
"22-Jun-17",8.13,8.4,7.8,7.82,905486
"23-Jun-17",7.87,7.98,7.65,7.74,2378911
"26-Jun-17",7.69,8.06,7.52,7.97,919326
"27-Jun-17",8.05,8.4,7.99,8.27,980127
"28-Jun-17",8.31,8.68,8.05,8.49,875598
"29-Jun-17",8.58,9.38,8.53,8.99,1121605
"30-Jun-17",9.12,9.19,8.82,8.91,882669
"03-Jul-17",8.94,9.2,8.86,9.14,306652,4.857699
"04-Jul-17",,,,,,4.814979
"05-Jul-17",9.1,9.1,8.1439,8.58,953689,4.536842
"06-Jul-17",8.65,8.88,8.541,8.71,755294,4.856212
"07-Jul-17",8.6,8.67,7.4,7.42,1646362,4.667798
"10-Jul-17",7.36,7.48,6.92,7.19,3044077,4.762729
"11-Jul-17",7.18,7.36,6.9,7,1294360,5.332823
"12-Jul-17",7.11,7.29,6.91,7.03,1269203,5.479824
"13-Jul-17",7.01,7.46,6.96,7.4,933454,4.555149
"14-Jul-17",7.37,7.93,7.37,7.84,718226,4.29625
"17-Jul-17",7.78,7.9874,7.72,7.8,435625,4.833707
"18-Jul-17",7.84,7.95,7.505,7.62,298812,5.075756
"19-Jul-17",7.64,7.98,7.53,7.87,718594,5.024916
"20-Jul-17",7.06,7.33,6.56,6.82,2884930,4.744588
"21-Jul-17",6.81,6.81,6.34,6.5,1426725,4.570699
"24-Jul-17",6.55,6.75,5.9,5.93,2271503,4.321672
"25-Jul-17",6.07,6.26,6.01,6.23,2311164,4.927311
"26-Jul-17",6.27,6.4,6.03,6.31,1222024,5.008847
"27-Jul-17",6.29,6.53,6.22,6.38,641215,5.271632
"28-Jul-17",6.33,6.62,6.13,6.28,569733,4.028021
"31-Jul-17",6.26,6.64,6.16,6.58,552329,3.348436
"01-Aug-17",6.4,6.92,6.3,6.4,575862,3.289944
"02-Aug-17",6.38,6.38,6.1,6.28,384597,3.493905
"03-Aug-17",6.47,6.51,5.91,5.97,577164,3.524267
"04-Aug-17",6.04,6.51,5.91,6.35,635239,3.522624
"07-Aug-17",6.22,6.31,5.96,6.09,515404,3.632506
"08-Aug-17",6.05,6.22,5.8,5.86,618056,3.645381
"09-Aug-17",5.85,6.1,5.76,6.04,485622
"10-Aug-17",5.6,5.9,5.18,5.19,2154835
"11-Aug-17",5.19,5.29,5.01,5.12,1246367
"14-Aug-17",5.07,5.2188,4.87,5.1,952963
"15-Aug-17",5.1,5.1,4.81,5.03,638280
"16-Aug-17",5.04,5.25,5.01,5.06,754964
"17-Aug-17",5.02,5.07,4.91,4.94,598768
"18-Aug-17",4.92,5.09,4.83,5.02,798104
"21-Aug-17",5.3,5.69,5.25,5.44,1197476
"22-Aug-17",5.35,5.63,5.28,5.61,603608
"23-Aug-17",5.55,5.66,5.44,5.6,442492
"24-Aug-17",5.6,5.72,5.49,5.59,447190
"25-Aug-17",5.61,5.62,5.39,5.54,382208
"28-Aug-17",5.5,5.63,5.28,5.58,400189
"29-Aug-17",5.46,5.88,5.4201,5.74,531186
"30-Aug-17",5.71,6.095,5.69,5.99,507497
"31-Aug-17",6.04,6.1,5.91,5.97,563359
"01-Sep-17",5.98,6.08,5.86,5.99,391251
"05-Sep-17",6.06,6.27,5.935,6.01,405016
"06-Sep-17",6.1,6.3,6.06,6.17,385815
"07-Sep-17",6.15,6.23,5.91,5.95,595832
"08-Sep-17",5.94,5.99,5.66,5.86,492256
"11-Sep-17",5.9,6,5.82,5.99,300781
"12-Sep-17",5.96,6.42,5.94,6.32,705097
"13-Sep-17",6.32,6.69,6.3,6.5,846615
"14-Sep-17",6.54,6.82,6.54,6.8,803217
"15-Sep-17",6.76,6.86,6.27,6.48,846033
"18-Sep-17",6.44,6.55,6.27,6.38,471120
"19-Sep-17",6.44,6.49,6.3,6.42,277300
"20-Sep-17",6.46,6.73,6.41,6.64,341604
"21-Sep-17",6.6,6.73,6.49,6.7,326699
"22-Sep-17",6.62,7.14,6.62,7.1,867587
"25-Sep-17",7.1,7.3174,6.74,7.14,1056836
"26-Sep-17",7.02,7.8,7.02,7.66,1009023
"27-Sep-17",7.73,8,6.74,7.05,1283712
"28-Sep-17",7.06,7.2499,6.75,7.18,749330
"29-Sep-17",7.13,7.13,6.78,6.78,591133
"02-Oct-17",6.63,6.92,6.5,6.89,443641,4.734438,1.1445
"03-Oct-17",6.93,7.22,6.55,7.16,922698,4.657252,1.3047
"04-Oct-17",7.18,7.18,6.92,7.02,557064,4.694263,1.3037
"05-Oct-17",7.06,7.1601,6.99,7.01,255790,4.730318,1.3188
"06-Oct-17",6.99,6.99,6.54,6.74,624625,4.832113,1.2945
"09-Oct-17",6.78,6.96,6.69,6.71,666855,4.915195,1.2945
"10-Oct-17",6.98,7.24,6.8,6.98,585437,4.670598,1.2771
"11-Oct-17",7.04,7.42,6.97,7.39,566129,4.948648,1.2805
"12-Oct-17",7.3,7.36,7.07,7.24,361365,5.086548,1.2782
"13-Oct-17",7.29,7.44,6.9,6.94,475788,5.160656,1.2831
"16-Oct-17",7.05,7.1,6.68,6.81,359896,5.250437,1.2844
"17-Oct-17",6.84,6.96,6.71,6.8,387260,5.317162,1.3012
"18-Oct-17",6.92,7.03,6.635,6.67,411698,5.33538,1.3117
"19-Oct-17",6.62,6.72,6.305,6.46,652049,5.064797,1.3109
"20-Oct-17",6.54,6.82,6.3,6.61,321662,5.096618,1.3056
"23-Oct-17",6.61,6.66,6.46,6.48,267347,5.508408,1.3132
"24-Oct-17",6.52,6.8,6.48,6.61,365842,5.503821,1.3046
"25-Oct-17",6.6,6.72,6.48,6.71,437040,6.124909,1.3253
"26-Oct-17",6.76,6.8,6.535,6.67,175329,6.474122,1.3257
"27-Oct-17",6.66,7.24,6.5142,7.13,512404,6.947567,1.3275
"30-Oct-17",7.18,7.29,6.97,7.07,402153,6.994788,1.3293
"31-Oct-17",7.12,7.25,6.84,7.19,396802,7.059648,1.3441
"01-Nov-17",7.35,7.58,7.05,7.16,500638,7.04138,1.1857
"02-Nov-17",7.18,7.18,6.93,7.05,350401,7.096341,1.3317
"03-Nov-17",6.99,7.13,6.94,7.05,222926,7.045325,1.3301
"06-Nov-17",7.04,7.28,7.03,7.23,697528,6.892846,1.3053
"07-Nov-17",7.3,7.99,7.3,7.57,1082737,6.581176,1.293
"08-Nov-17",7.57,7.59,7.17,7.21,627303,6.802972,1.2954
"09-Nov-17",7.94,8.4,7.65,8.3,1661617,6.807919,1.2888
"10-Nov-17",8.32,9.2,8.295,8.59,1243708,6.745384,1.3008
"13-Nov-17",8.6,8.76,8.3201,8.49,842870,6.953823,1.328
"14-Nov-17",8.46,8.7,8.14,8.42,899459,6.564621,1.3174
"15-Nov-17",7.43,7.92,6.75,7.695,1184210,6.425385,1.3237
"16-Nov-17",7.7,7.89,7.56,7.735,395966,6.267579,1.3464
"17-Nov-17",7.8,8.15,7.76,8.1,589601,6.332471,1.3632
"20-Nov-17",8.11,8.1211,7.87,8.08,361853,6.325563,1.3487
"21-Nov-17",8.15,8.24,7.71,7.89,368088,6.307248,1.3653
"22-Nov-17",7.98,8.01,7.69,7.9,756370,6.430589,1.3632
"23-Nov-17",,,,,,6.425479,1.3629
"24-Nov-17",8.01,8.17,7.85,8.03,397861,6.415216,1.3744
"27-Nov-17",8.03,8.17,7.75,7.8,464113,6.152616,1.3829
"28-Nov-17",7.78,7.94,7.64,7.89,447438,6.235729,1.3893
"29-Nov-17",7.91,8.03,7.78,7.87,421326,6.175494,1.4045
"30-Nov-17",8,8.07,7.73,7.97,627329,6.125172,1.3988
"01-Dec-17",8.04,8.34,7.76,8.25,740534,5.855801,1.2806
"04-Dec-17",8.34,8.79,8.26,8.5,557903,5.661669,1.3995
"05-Dec-17",8.51,8.71,8.1,8.22,377082,5.57576,1.4018
"06-Dec-17",8.16,8.22,7.68,7.84,443077,5.368764,1.3756
"07-Dec-17",7.84,8.16,7.72,7.9,377967,5.192406,1.3627
"08-Dec-17",8.46,8.77,8.1601,8.37,736584,5.354879,1.3666
"11-Dec-17",8.48,9.06,8.4,8.98,521155,5.238322,1.3568
"12-Dec-17",8.88,9.4,8.77,9.2,1627189,4.826784,1.3403
"13-Dec-17",9.31,9.54,9.03,9.26,871564,4.615516,1.3001
"14-Dec-17",9.27,9.56,9.22,9.38,560343,4.78473,1.29
"15-Dec-17",9.39,9.4,9.08,9.14,617618,4.975677,1.4099
"18-Dec-17",9.22,9.61,8.84,9.37,569967,5.22353,1.3168
"19-Dec-17",9.38,9.57,8.77,8.82,738651,5.226489,1.2865
"20-Dec-17",8.94,9.03,8.32,8.43,1115983,5.179901,1.3366
"21-Dec-17",8.51,8.8812,8.4,8.52,875055,5.037512,1.312
"22-Dec-17",8.57,8.63,8.395,8.44,416781,5.023113,1.3167
"25-Dec-17",,,,,,5.094387,1.3193
"26-Dec-17",8.5,8.85,8.46,8.73,611184,5.106768,1.3109
"27-Dec-17",8.75,8.81,8.47,8.6,318298,5.234485,1.2831
"28-Dec-17",8.6,8.68,8.48,8.59,254958,5.437023,1.2786
"29-Dec-17",8.65,8.78,8.33,8.66,318644,5.553458,1.2702
"01-Jan-18",,,,,,5.546826,1.2697
"02-Jan-18",8.25,9.01,7.99,9,942487,5.492595,1.1173
"03-Jan-18",9.02,9.32,8.86,9.09,585631,5.452448,1.2466
"04-Jan-18",9.4,9.82,9.39,9.76,920959,5.659883,1.2661
"05-Jan-18",9.81,10.22,9.78,10.01,805256,5.391752,1.2537
"08-Jan-18",10,10.07,9.67,10.04,631049,5.392797,1.2445
"09-Jan-18",10.03,10.0525,9.5,9.5,656947,5.252835,1.2567
"10-Jan-18",9.53,9.78,9.41,9.66,375224,4.965819,1.2682
"11-Jan-18",9.83,11.06,9.77,10.98,1826944,4.737575,1.2632
"12-Jan-18",10.98,10.98,10.2645,10.6,846909,4.644276,1.2641
"15-Jan-18",,,,,,4.535084,1.2591
"16-Jan-18",10.6,10.83,9.54,9.79,1217358,4.448357,1.2598
"17-Jan-18",9.77,10.13,9.6,10,673110,4.382636,1.2506
"18-Jan-18",10.04,10.25,9.7881,10.05,588238,4.592705,1.2226
"19-Jan-18",10,10.1599,9.92,10.1,483818,4.688782,1.2157
"22-Jan-18",10.07,10.68,10.06,10.65,577067,4.64536,1.2097
"23-Jan-18",10.85,10.92,10.45,10.75,489660,4.590213,1.195
"24-Jan-18",10.79,10.79,10.261,10.37,560593,4.771035,1.1999
"25-Jan-18",10.47,10.5676,9.84,9.87,578460,4.889102,1.2083
"26-Jan-18",10,10.06,9.56,9.8,583294,4.818669,1.1996
"29-Jan-18",9.72,9.729,9.16,9.47,701258,4.857421,1.1956
"30-Jan-18",9.26,9.39,8.91,9.31,597742,4.984806,1.1944
"31-Jan-18",9.4,9.7,9.07,9.19,484997,4.941516,1.1852
"01-Feb-18",9.28,9.97,9.212,9.47,784855,4.797735,1.0471
"02-Feb-18",9.34,9.34,8.76,8.77,1003497,4.789739,1.1702
"05-Feb-18",8.59,9.24,8.54,8.69,855962,4.601949,1.1695
"06-Feb-18",8.55,9.12,8.55,8.96,487868
"07-Feb-18",8.93,9.13,8.54,8.55,558211,4.28905,1.1685
"08-Feb-18",8.66,8.79,8.05,8.09,630759,4.429936,1.1553
"09-Feb-18",8.2,8.3,7.69,7.94,943104,4.521461,1.1565
"12-Feb-18",8.03,8.35,8,8.23,550812
"13-Feb-18",8.14,8.28,8.06,8.24,329880,4.802872,1.1669
"14-Feb-18",8.15,8.6,8.02,8.57,382173,5.029858,1.1326
"15-Feb-18",8.59,8.685,7.995,8.2,729988,4.767436,1.1172
"16-Feb-18",8.12,8.4422,8.09,8.34,561413,4.910227,1.1233
"19-Feb-18",,,,,,4.867738,1.123
"20-Feb-18",8.39,8.42,8.05,8.16,759106,5.077496,1.1073
"21-Feb-18",8.06,8.14,7.03,7.085,1958070,4.871125,1.1078
"22-Feb-18",7.25,7.49,7.085,7.145,685701,4.868591,1.1127
"23-Feb-18",7.23,7.8,7.16,7.79,888531,5.59268,1.1383
"26-Feb-18",7.87,7.877,7.475,7.79,799881,5.53389,1.1084
"27-Feb-18",7.79,8.19,7.72,7.85,845922,5.4432,1.1186
"28-Feb-18",7.9,7.949,7.38,7.42,636348,5.549807,1.1191
"01-Mar-18",7.5,7.69,7.37,7.51,464587,6.087599,1.011
"02-Mar-18",7.44,7.8,7.23,7.74,768551,6.561784,1.1286
"05-Mar-18",7.63,7.8141,7.511,7.73,466747,6.520101,1.1031
"06-Mar-18",7.72,7.95,7.56,7.8,416727,6.548172,1.1017
"07-Mar-18",7.74,8.09,7.6,7.78,684174,6.208987,1.1213
"08-Mar-18",7.78,7.85,7.4,7.47,658448,6.141032,1.1147
"09-Mar-18",7.59,7.79,7.47,7.74,447372,6.547612,1.0968
"12-Mar-18",7.81,7.92,7.45,7.66,662336,6.564079,1.1039
"13-Mar-18",7.7,7.82,7.5,7.55,330823,6.664458,1.0985
"14-Mar-18",7.55,7.72,7.25,7.29,754361,6.865277,1.0953
"15-Mar-18",7.13,7.5,6.02,6.16,3420376,6.507079,1.096
"16-Mar-18",6.2,6.4,5.9801,6.085,1386080,6.464069,1.0943
"19-Mar-18",6.05,6.08,5.52,5.58,2107450,7.000204,1.1308
"20-Mar-18",5.67,5.76,5.34,5.46,2020592,6.779052,1.1282
"21-Mar-18",5.5,6.44,5.4701,5.99,3224294,6.780082,1.1488
"22-Mar-18",5.93,6.18,5.81,5.85,924510,6.677489,1.1713
"23-Mar-18",5.93,6.04,5.62,5.74,1154577,5.507114,1.2167
"26-Mar-18",5.82,5.92,5.35,5.56,899939,5.231556,1.1414
"27-Mar-18",5.63,5.84,5.465,5.58,654551,5.329295,1.1567
"28-Mar-18",5.61,5.64,5.42,5.52,662276,5.659148,1.1855
"29-Mar-18",5.55,5.88,5.55,5.82,825630,5.344994,1.1801
"30-Mar-18",,,,,,5.297009,1.1802
"02-Apr-18",5.77,5.7783,5.37,5.47,966520,5.29608,1.1589
"03-Apr-18",5.54,5.71,5.37,5.69,953596,4.982455,1.1522
"04-Apr-18",5.54,5.88,5.45,5.88,928771,5.165803,1.1657
"05-Apr-18",5.88,6.3886,5.81,6.18,870427,5.214861,1.2036
"06-Apr-18",6.13,6.25,5.98,6.06,597487,5.090753,1.2716
"09-Apr-18",6.12,6.12,5.871,6.02,543646,5.020863,1.2526
"10-Apr-18",6.17,6.67,6.08,6.45,860680,5.076557,1.2659
"11-Apr-18",6.45,6.8596,6.45,6.69,793461,5.148036,1.2735
"12-Apr-18",6.68,6.77,6.31,6.72,787160,5.260467,1.2681
"13-Apr-18",6.72,6.82,6.67,6.77,748982,5.391481,1.2966
"16-Apr-18",6.78,6.78,6.25,6.29,1083811,5.36871,1.2962
"17-Apr-18",6.34,6.5,6.27,6.29,674243,5.474676,1.3229
"18-Apr-18",6.34,6.64,6.26,6.28,897607
"19-Apr-18",6.33,6.66,6.25,6.64,888675,5.939021,1.5092
"20-Apr-18",6.58,6.83,6.47,6.66,545165,6.815634,1.5224
"23-Apr-18",6.64,6.77,6.46,6.47,664805,5.78618,1.5455
"24-Apr-18",6.55,6.77,6.45,6.57,487340,5.522743,1.5374
"25-Apr-18",6.55,7.17,6.53,6.98,1089043,5.12572,1.5246
"26-Apr-18",7.01,7.3,6.97,7.28,779208,5.012744,1.521
"27-Apr-18",7.31,7.38,7.07,7.24,396202,5.126224,1.5659
"30-Apr-18",7.24,7.48,7.18,7.32,557295,5.21664,1.5575
"01-May-18",7.31,7.57,7.12,7.53,601942,5.116527,1.5437
"02-May-18",7.49,7.73,7.4042,7.64,561892,5.171559,1.5574
"03-May-18",7.64,7.64,7.07,7.18,800476,6.028215,1.5508
"04-May-18",7.13,7.56,7.13,7.31,769888,23.077089,2.4985
"07-May-18",7.39,7.83,7.3663,7.52,592464,6.309425,1.5811
"08-May-18",7.51,7.79,7.34,7.74,713522,5.868398,1.5528
"09-May-18",7.84,8.14,7.76,7.95,967240,5.651834,1.5461
"10-May-18",6.98,7.05,6.12,6.315,3993672,4.949663,1.4987
"11-May-18",6.4,6.6,6.35,6.395,1119336,5.247889,1.4892
"14-May-18",6.37,6.64,6.25,6.56,1135431,5.676377,1.5093
"15-May-18",6.53,6.69,6.44,6.6,788291,5.608961,1.4978
"16-May-18",6.67,7,6.66,6.89,1205574,5.851934,1.5425
"17-May-18",6.96,7.24,6.9,7.14,836509,5.797689,1.5377
"18-May-18",7.14,7.14,6.81,6.82,1088318,5.770571,1.4873
"21-May-18",6.89,6.943,6.65,6.84,739478,5.852951,1.5009
"22-May-18",6.84,7.0299,6.73,6.76,791633,6.127474,1.5271
"23-May-18",6.71,6.71,6.41,6.54,797888,6.191121,1.5443
"24-May-18",6.48,6.6,6.31,6.38,615866,6.238551,1.547
"25-May-18",6.27,6.28,5.71,6.085,2939663
"28-May-18",,,,,,6.008752,1.547
"29-May-18",6.04,6.21,5.9114,6.06,1197581
"30-May-18",6.16,6.44,6,6.3,1476627,6.459116,1.5997
"31-May-18",6.32,6.32,6.1,6.12,1743311,6.278295,1.5798
"01-Jun-18",6.16,6.22,5.91,5.96,1139021,6.326473,1.6089
"04-Jun-18",5.98,6.0737,5.83,5.94,674162,6.558945,1.6931
"05-Jun-18",5.87,5.93,5.77,5.92,736220
"06-Jun-18",5.91,5.99,5.78,5.87,647279,6.747294,1.7392
"07-Jun-18",5.86,6.06,5.84,5.92,1518855,6.823785,1.7969
"08-Jun-18",5.85,6.03,5.6199,5.74,1566674,6.630082,1.7754
"11-Jun-18",5.71,5.8,5.65,5.73,1336496,6.709897,1.8514
"12-Jun-18",5.75,5.87,5.64,5.73,1581316,6.85225,1.9198
"13-Jun-18",5.76,5.93,5.73,5.78,969067,6.9439,2.007
"14-Jun-18",5.8,5.95,5.73,5.75,974827,6.922254,2.0755
"15-Jun-18",5.75,5.81,5.53,5.69,847479,6.835737,2.0925
"18-Jun-18",5.66,5.8,5.61,5.71,730164,7.236625,2.2165
"19-Jun-18",5.64,5.96,5.64,5.88,883752,7.124806,2.3247
"20-Jun-18",5.92,6.14,5.8882,6.1,941536
"21-Jun-18",6.08,6.08,5.88,5.88,793671,7.32139,2.8793
"22-Jun-18",6.08,6.15,5.86,5.86,1633993,7.437651,2.838
"25-Jun-18",5.87,5.9,5.56,5.6,679998,7.480787,2.8607
"26-Jun-18",5.48,5.57,5.04,5.21,1805943
"27-Jun-18",5.31,5.399,5.05,5.08,921542,7.517885,2.9843
"28-Jun-18",5.14,5.16,4.84,4.94,1194321,7.699312,3.2805
"29-Jun-18",4.93,5.34,4.9,5.31,868708
"02-Jul-18",5.28,5.31,5.03,5.22,460879,8.171261,3.9846
"03-Jul-18",5.27,5.55,5.27,5.5,513748,8.07933,4.011
"04-Jul-18",,,,,,8.112908,4.0143
"05-Jul-18",5.5,5.57,5.35,5.36,701097,8.072899,4.4311
"06-Jul-18",5.32,5.48,5.21,5.46,411064,8.087942,4.4235
"09-Jul-18",5.5,5.675,5.5,5.63,765182,8.076488,4.6898
"10-Jul-18",5.65,5.91,5.5853,5.66,859408,8.111048,5.1475
"11-Jul-18",5.53,5.58,5.3,5.34,888082,8.069869,5.2367
"12-Jul-18",5.37,5.4,5.17,5.38,562386,8.08722,5.3668
"13-Jul-18",5.39,5.62,5.36,5.52,500150,8.367413,5.6281
"16-Jul-18",5.46,5.51,5.345,5.4,355424
"17-Jul-18",5.36,5.57,5.36,5.5,435081,8.44894,6.162
"18-Jul-18",5.47,5.58,5.36,5.48,567037
"19-Jul-18",5.48,5.62,5.37,5.39,486436
"20-Jul-18",5.4,5.41,5.16,5.17,668765,8.667515,6.5191
"23-Jul-18",5.2,5.27,5.03,5.09,1030445,8.650184,6.6764
"24-Jul-18",5.1,5.25,5.09,5.2,715938,8.458439,6.7253
"25-Jul-18",5.23,5.5,5.14,5.48,421199,8.542924,6.7898
"26-Jul-18",5.48,5.72,5.47,5.7,558114,8.527213,6.8288
"27-Jul-18",5.64,5.975,5.64,5.72,628553,8.204133,6.5935
"30-Jul-18",5.8,5.9,5.65,5.67,513859,8.160602,6.6274
"31-Jul-18",5.71,5.82,5.48,5.8,565663
"01-Aug-18",5.77,5.78,5.54,5.68,393621,8.149402,6.6101
"02-Aug-18",5.62,5.88,5.56,5.7,499666,8.284509,6.6384
"03-Aug-18",5.7,5.78,5.48,5.51,434369
"06-Aug-18",5.54,5.58,5.47,5.51,252601,8.057952,6.5109
"07-Aug-18",5.53,5.61,5.29,5.31,603024,8.066874,6.5403
"08-Aug-18",5.32,5.38,5.2,5.3,633411,8.190408,6.535
"09-Aug-18",6.13,6.19,5.45,5.82,2642149,7.783089,6.5514
"10-Aug-18",5.77,5.9069,5.6901,5.81,801453,8.145007,6.6776
"13-Aug-18",5.85,5.914,5.68,5.81,607774,8.418421,6.6459
"14-Aug-18",5.82,5.91,5.43,5.64,1047356,8.28817,6.6517
"15-Aug-18",5.6,5.615,5.063,5.26,989920,8.20251,6.7706
"16-Aug-18",5.26,5.39,5.21,5.21,467881,8.086859,6.7214
"17-Aug-18",5.22,5.45,5.1,5.41,611241,8.319489,6.7219
"20-Aug-18",5.4,5.44,5.16,5.17,604926,8.284851,6.6844
"21-Aug-18",5.23,5.2998,5.08,5.11,924608,8.228774,6.6812
"22-Aug-18",5.15,5.25,5.04,5.23,554362,8.450183,6.7155
"23-Aug-18",5.21,5.26,5.14,5.22,379011,8.438506,6.7014
"24-Aug-18",5.2,5.39,5.2,5.38,368183,8.508098,6.7053
"27-Aug-18",5.36,5.5613,5.25,5.25,482631,8.824575,6.6895
"28-Aug-18",5.25,5.3,5.06,5.135,606334,8.798715,6.6852
"29-Aug-18",5.14,5.144,5.01,5.04,659641,8.866738,6.7115
"30-Aug-18",5.07,5.109,4.76,4.93,1087373,9.185901,6.7415
"31-Aug-18",4.95,5.07,4.86,4.98,411516,9.248814,6.7427
"03-Sep-18",,,,,,9.484516,6.7433
"04-Sep-18",5.03,5.16,4.95,5.01,563078,9.674095,6.7638
"05-Sep-18",4.98,5.13,4.9532,5.08,497826,9.713085,6.7851
"06-Sep-18",5.1,5.1075,4.79,4.82,565193,9.702598,6.7657
"07-Sep-18",4.8,4.802,4.52,4.67,1052117,9.522719,6.7578
"10-Sep-18",4.73,4.774,4.62,4.64,348629,10.233334,6.815
"11-Sep-18",4.6,4.77,4.48,4.7,451519,10.184298,6.7868
"12-Sep-18",4.72,4.85,4.7105,4.78,430142
"13-Sep-18",4.77,4.8053,4.66,4.8,208907,10.703847,6.8448
"14-Sep-18",4.79,4.94,4.73,4.86,309421,10.53142,6.8014
"17-Sep-18",4.89,4.96,4.81,4.83,310284,10.633457,6.7539
"18-Sep-18",4.86,4.94,4.8,4.82,277128,10.6622,6.7314
"19-Sep-18",4.81,5.06,4.8,4.99,526753,10.575296,6.7184
"20-Sep-18",5.03,5.0558,4.88,4.99,344805,10.511176,6.6284
"21-Sep-18",5.01,5.05,4.87,4.99,441954,10.279738,6.6025
"24-Sep-18",5.01,5.07,4.8972,5,318668,10.470924,6.5858
"25-Sep-18",5.03,5.05,4.925,4.94,249434,10.602671,6.573
"26-Sep-18",4.91,4.92,4.525,4.55,780242,10.375857,6.5345
"27-Sep-18",4.55,4.57,4.15,4.19,979594,10.660809,6.4857
"28-Sep-18",4.18,4.28,4.08,4.11,776930,10.929618,6.7372
"01-Oct-18",4.17,4.43,4.15,4.385,539861,11.526025,6.7029
"02-Oct-18",4.38,4.48,4.36,4.38,267829,10.85465,6.6959
"03-Oct-18",4.39,4.56,4.33,4.5,469406,10.945571,6.6695
"04-Oct-18",4.49,4.53,4.27,4.41,592610,10.952161,6.6561
"05-Oct-18",4.4,4.41,4.17,4.28,285221,10.755833,6.5922
"08-Oct-18",4.26,4.4,4.23,4.34,375630,10.795262,6.5922
"09-Oct-18",4.34,4.49,4.31,4.44,239133,10.473112,6.5825
"10-Oct-18",4.39,4.45,4.22,4.24,406964,10.561969,6.5302
"11-Oct-18",4.2,4.335,3.97,3.99,774213,10.485628,6.5267
"12-Oct-18",4.02,4.08,3.82,3.86,572761,10.705073,6.4637
"15-Oct-18",3.85,4,3.78,3.89,616162,10.582859,6.3959
"16-Oct-18",3.9,3.97,3.8,3.82,583985,10.371004,6.3765
"17-Oct-18",3.36,3.36,2.95,3.065,2921227,9.487305,6.271
"18-Oct-18",3.06,3.34,3.03,3.095,1322271,9.573208,6.1912
"19-Oct-18",3.1,3.17,2.875,2.95,841050,9.953294,6.0036
"22-Oct-18",3,3.03,2.84,2.95,580189,10.750815,6.0567
"23-Oct-18",2.87,2.89,2.73,2.88,890913,10.679894,6.0472
"24-Oct-18",2.89,2.905,2.68,2.69,474181,10.545579,5.9584
"25-Oct-18",2.78,2.78,2.55,2.61,1030758,10.120275,5.914
"26-Oct-18",2.58,2.77,2.56,2.75,903942
"29-Oct-18",2.77,2.86,2.61,2.65,420398
"30-Oct-18",2.65,2.75,2.6,2.75,252938
"31-Oct-18",2.74,2.77,2.6341,2.77,612963
"01-Nov-18",2.8,2.95,2.7415,2.93,833529
"02-Nov-18",2.92,3.23,2.86,3.22,730144
"05-Nov-18",3.19,3.27,2.81,2.92,607138,9.577891,5.8154
"06-Nov-18",2.91,2.91,2.78,2.84,413449,9.553245,5.8101
"07-Nov-18",2.9,2.93,2.69,2.87,790046,9.55649,5.799
"08-Nov-18",3.48,3.88,3.2,3.27,3833569,9.201267,5.8236
"09-Nov-18",3.24,3.3,3.105,3.25,584543,9.063698,5.6711
"12-Nov-18",3.1,3.22,2.92,3.07,573694,9.468303,5.6643
"13-Nov-18",2.92,3.21,2.92,3.14,629151,9.241584,5.6187
"14-Nov-18",3.17,3.49,3.17,3.48,961277,9.25994,5.5943
"15-Nov-18",3.55,3.725,3.48,3.59,826451,8.85531,5.5206
"16-Nov-18",3.59,3.7,3.21,3.36,643206,8.945679,5.4728
"19-Nov-18",3.35,3.58,3.35,3.51,585595,8.778822,5.45
"20-Nov-18",3.45,3.468,3.2761,3.44,553054,8.878076,5.4216
"21-Nov-18",3.4,3.55,3.37,3.46,278686,8.942506,5.422
"22-Nov-18",,,,,,8.950489,5.4134
"23-Nov-18",3.41,3.49,3.22,3.24,292645,9.133258,5.4251
"26-Nov-18",3.31,3.44,3.26,3.35,477418,9.096124,5.4175
"27-Nov-18",3.31,3.45,3.31,3.35,482464,9.115414,5.3956
"28-Nov-18",3.36,3.39,3.2389,3.39,369337,9.74963,5.3593
"29-Nov-18",3.42,3.64,3.22,3.24,644084,9.400125,5.3412
"30-Nov-18",3.23,3.32,3.16,3.26,442549,9.495037,5.3441
"03-Dec-18",3.36,3.39,3.2182,3.27,549746,8.858837,5.2973
"04-Dec-18",3.25,3.34,3.02,3.05,497675
"05-Dec-18",,,,,,8.669059,5.2757
"06-Dec-18",3,3,2.9,3,376906,8.386833,5.2608
"07-Dec-18",3.06,3.15,2.88,2.9,297110,8.569742,5.2077
"10-Dec-18",2.91,2.93,2.64,2.85,567963,8.651061,5.1861
"11-Dec-18",2.89,2.95,2.75,2.85,266857,8.747801,5.0844
"12-Dec-18",2.9,3,2.86,2.91,220719,8.79518,5.0922
"13-Dec-18",2.94,2.95,2.7,2.77,234530,9.113622,5.0808
"14-Dec-18",2.75,2.84,2.68,2.78,420631,8.623443,5.0602
"17-Dec-18",2.78,2.84,2.56,2.59,394496,8.47799,5.0613
"18-Dec-18",2.59,2.6,2.36,2.42,587417,8.412291,5.0564
"19-Dec-18",2.4,2.6,2.4,2.46,404828,8.632578,5.0737
"20-Dec-18",2.46,2.4858,2.2,2.24,502103,8.597269,5.0745
"21-Dec-18",2.26,2.35,2.045,2.05,524893,8.356795,5.2878
"24-Dec-18",2.05,2.1,1.92,1.99,402105,7.990772,5.1706
"25-Dec-18",,,,,,7.81092,5.1753
"26-Dec-18",2.01,2.2,1.96,2.16,651657,7.671846,5.1398
"27-Dec-18",2.13,2.18,1.9748,2.06,416354,7.67559,5.1258
"28-Dec-18",2.06,2.12,2.02,2.06,787538,6.609927,5.0715
"31-Dec-18",2.06,2.25,2.02,2.22,568213,6.509776,5.0345
"01-Jan-19",,,,,,6.509776,5.0345
"02-Jan-19",2.18,2.41,2.15,2.36,321600,6.193594,5.0386
"03-Jan-19",2.32,2.42,2.1667,2.26,245646,6.006674,5.0328
"04-Jan-19",2.34,2.45,2.33,2.42,234416,5.759941,4.9933
"07-Jan-19",2.36,2.49,2.32,2.44,337312,5.91547,4.9932
"08-Jan-19",2.43,2.48,2.35,2.4,170427,6.053958,4.9225
"09-Jan-19",2.43,2.5885,2.36,2.52,256916,6.521093,4.9393
"10-Jan-19",2.51,2.7,2.45,2.67,259704,6.610481,4.7971
"11-Jan-19",2.67,2.75,2.57,2.71,258839,6.472488,4.6463
"14-Jan-19",2.7,2.78,2.7,2.71,355659,6.792076,4.6631
"15-Jan-19",2.73,2.75,2.53,2.57,342478,6.752074,4.635
"16-Jan-19",2.56,2.69,2.525,2.54,170921,6.660755,4.6113
"17-Jan-19",2.51,2.6,2.46,2.47,317655,6.894068,4.64
"18-Jan-19",2.5,2.55,2.39,2.41,765805,7.286349,4.6338
"21-Jan-19",,,,,,7.454318,4.6381
"22-Jan-19",2.39,2.4,2.2,2.3,427939,7.380939,4.6367
"23-Jan-19",2.32,2.43,2.2489,2.37,299872,7.226801,4.591
"24-Jan-19",2.37,2.53,2.34,2.5,204275,7.577929,4.5871
"25-Jan-19",2.5,2.63,2.48,2.5,237841,7.514349,4.5863
"28-Jan-19",2.48,2.54,2.42,2.46,173385,7.803012,4.5841
"29-Jan-19",2.48,2.575,2.45,2.53,201932,7.856625,4.596
"30-Jan-19",2.53,2.58,2.44,2.48,205956,8.107067,4.5211
"31-Jan-19",2.47,2.58,2.41,2.54,154078,7.983551,4.5141
"01-Feb-19",2.55,2.95,2.54,2.82,439508,8.088801,4.5811
"04-Feb-19",2.82,2.96,2.7498,2.93,285272,8.300566,4.6772
"05-Feb-19",2.94,3.05,2.87,2.89,228424,8.287022,4.6808
"06-Feb-19",2.89,3.02,2.82,2.92,255136,8.513933,4.6816
"07-Feb-19",2.91,2.91,2.62,2.71,321273,8.548299,4.6847
"08-Feb-19",2.67,2.75,2.605,2.65,134100,8.827695,4.688
"11-Feb-19",2.65,2.8,2.61,2.77,129005,10.286085,4.6901
"12-Feb-19",2.8,2.95,2.77,2.8,230066,10.308859,4.7001
"13-Feb-19",2.83,2.9201,2.78,2.85,126902,10.425916,4.6975
"14-Feb-19",2.84,2.9,2.8,2.86,253998,10.751777,4.6841
"15-Feb-19",2.88,3,2.87,2.95,290696,10.840132,4.6869,5772419
"18-Feb-19",,,,,,11.209191,4.6869
"19-Feb-19",2.94,3.25,2.9,3.03,313262,11.295238,4.6878
"20-Feb-19",3.06,3.2301,3.04,3.22,346111,11.51573,4.6866
"21-Feb-19",3.26,3.45,2.88,3,727120,11.372328,4.6238
"22-Feb-19",3.03,3.0534,2.968,2.99,175752,11.419719,4.6068
"25-Feb-19",2.97,3.06,2.96,3.04,124000,11.929438,4.6339
"26-Feb-19",3.03,3.12,3.01,3.02,134997,11.788328,4.6445
"27-Feb-19",3.03,3.08,2.98,3.01,148636,11.920266,4.6426
"28-Feb-19",3.01,3.03,2.9,2.99,244761,11.926183,4.6475,5643953,5816866.6263
"01-Mar-19",3,3.03,2.855,2.9,512426,11.830228,4.6358,,5694491.3435
"04-Mar-19",2.93,2.97,2.875,2.91,182150,11.850334,4.6062,,5599246.43
"05-Mar-19",2.92,2.93,2.81,2.91,184143,12.129801,4.6061,,5640230.6049
"06-Mar-19",2.91,2.92,2.83,2.85,205474,13.221572,4.6385,,6111259.9953
"07-Mar-19",2.84,2.84,2.65,2.75,267705,13.651035,4.6416,,6274619.453
"08-Mar-19",2.72,2.75,2.62,2.72,247872,13.747055,4.6418,,6302327.0642
"11-Mar-19",2.73,2.87,2.68,2.84,160273,14.060692,4.6327,,6310985.6927
"12-Mar-19",2.86,2.89,2.8,2.86,201751,13.623513,4.607,,5912605.1628
"13-Mar-19",2.9,2.98,2.84,2.97,517983,13.548381,4.6019,,5972431.0646
"14-Mar-19",3.24,3.7195,3.15,3.48,1878185,12.467563,4.6015,,5965658.321
"15-Mar-19",3.52,3.99,3.52,3.99,1194674,11.747192,4.5987,4982281,5829639.0537
"18-Mar-19",4.07,4.68,4,4.67,1176102,10.645838,4.5986,,5473505.6194
"19-Mar-19",4.68,4.68,3.9,4.26,1313462,9.495023,4.5859,,5040050.029
"20-Mar-19",4.27,4.65,4.21,4.42,544630,9.245347,4.5454,,4937330.0844
"21-Mar-19",4.4,4.68,4.26,4.42,376876,8.85272,4.515,,4701977.2443
"22-Mar-19",4.38,4.43,4.2,4.3,302522,9.279432,4.5326,,4881454.9497
"25-Mar-19",4.27,4.41,4.14,4.29,250300,9.208776,4.5031,,4812034.3278
"26-Mar-19",4.34,4.41,4.26,4.36,218137,9.373496,4.453,,4865087.486
"27-Mar-19",4.41,4.55,4.3,4.35,245439,9.743126,4.4008,,4245899.8682
"28-Mar-19",4.31,4.48,4.3,4.4,344330,10.015874,4.3933,,4351025.9973
"29-Mar-19",4.46,4.53,4.3,4.45,364250,10.714905,4.3351,4195858,4567256.9927
"01-Apr-19",4.5,4.62,4.47,4.57,435011,11.341998,4.3277,,4805410.0245
"02-Apr-19",4.58,4.58,4.35,4.43,471194,11.322109,4.2707,,4821851.5518
"03-Apr-19",4.47,4.511,4.26,4.37,541546,10.249993,4.2114,,4408322.2288
"04-Apr-19",4.35,4.39,3.83,3.88,650097,10.482619,4.1713,,4588680.801
"05-Apr-19",3.86,4.09,3.8246,4.08,462175,9.791764,4.1878,,4328605.7328
"08-Apr-19",4.07,4.22,4.011,4.09,252410,10.383762,4.1778,,4573733.958
"09-Apr-19",4.08,4.11,3.96,4.05,197379,10.68247,4.1691,,4710746.6855
"10-Apr-19",4.06,4.175,4.01,4.04,158797,10.055351,4.1451,,4056135.9286
"11-Apr-19",4.04,4.15,4.04,4.11,109545,10.405579,4.1567,,4170263.2662
"12-Apr-19",4.14,4.19,3.92,3.96,207581,10.509822,4.1165,,4202571.3728
"15-Apr-19",3.94,4.105,3.88,4.03,295181,10.304802,4.1191,4175635,4109842.911
"16-Apr-19",4.04,4.08,3.93,4.05,249906,10.36277,4.1191,,4116136.698
"17-Apr-19",4.1,4.1,3.9707,4,234167,10.202379,4.1234,,4063688.473
"18-Apr-19",4,4.09,3.95,4.06,210038,10.10091,4.1409,,4004526.8752
"19-Apr-19",,,,,,10.22348,4.1376,,3979771.313
"22-Apr-19",4.1,4.43,3.98,4.3,763618,10.207713,4.1717,,4046485.4552
"23-Apr-19",4.3,4.465,4.22,4.28,558419,10.253602,4.1232,,4088024.4494
"24-Apr-19",4.25,4.35,4.12,4.31,340413,10.683351,4.1347,,4335144.257
"25-Apr-19",4.3,4.3,4.04,4.05,333482,10.362013,4.0955,,4228248.001
"26-Apr-19",4.02,4.075,3.94,4.07,201157,10.876572,4.0811,,4431183.862
"29-Apr-19",4.07,4.2,3.98,4.13,153704,12.826808,4.0913,,5221214.004
"30-Apr-19",4.16,4.19,3.905,3.93,240525,13.204382,4.0771,4271279,5384063.769
"01-May-19",3.94,3.99,3.74,3.8,567755,12.912684,4.137,,5398260.928
"02-May-19",3.76,3.805,3.53,3.62,287214,12.314197,4.0913,,5114317.748
"03-May-19",3.66,3.9158,3.66,3.87,224267,13.47846,3.8699,,5562780.947
"06-May-19",3.81,3.92,3.73,3.87,254233,13.447668,3.8674,,5576560.5425
"07-May-19",3.95,4.06,3.9,3.98,319091,14.902435,3.7648,,6197059.9035
"08-May-19",3.98,4.28,3.84,4.08,501580,14.814217,3.7048,,6208334.118
"09-May-19",4.1,4.1,3.7075,3.74,396311,14.587515,3.6615,,4904282.5478
"10-May-19",3.74,3.95,3.72,3.89,404958,14.542348,3.6414,,4894458.6061
"13-May-19",3.82,3.89,3.67,3.79,216484,14.346134,3.6374,,4876946.3622
"14-May-19",3.84,3.97,3.8,3.86,160566,14.247061,3.6048,,4850037.3045
"15-May-19",3.8,3.96,3.8,3.94,120872,13.946591,3.601,4240406,4721471.8066
"16-May-19",3.93,4.03,3.89,3.98,170018,14.488042,3.6349,,4879936.2575
"17-May-19",3.93,3.93,3.72,3.78,380876,14.741177,3.6213,,4964934.7096
"20-May-19",3.74,3.75,3.57,3.66,169565,15.349823,3.5912,,5139202.8928
"21-May-19",3.67,3.7975,3.63,3.68,254719,15.665563,3.6076,,5224628.4728
"22-May-19",3.65,3.66,3.4075,3.43,195409,15.014624,3.5645,,4895312.8619
"23-May-19",3.33,3.37,3.1701,3.28,278304,12.567712,3.4822,,4115804.4444
"24-May-19",3.31,3.44,3.2501,3.36,67053,12.78269,3.485,,3711627.3718
"27-May-19",,,,,,12.521973,3.485,,3711627.3718
"28-May-19",3.35,3.36,3.27,3.3,119235,12.749114,3.4866,,3773961.34
"29-May-19",3.25,3.53,3.21,3.47,155785,12.531286,3.4374,,3675159.8802
"30-May-19",3.45,3.575,3.3,3.32,122391,12.470845,3.3832,,3619610.5616
"31-May-19",3.25,3.37,3.25,3.33,69074,12.462852,3.3109,4397014,3572118.0144
"03-Jun-19",3.28,3.47,3.271,3.35,182043,12.641271,3.2906,,3589503.679
"04-Jun-19",3.4,3.4332,3.28,3.29,134446,14.249662,3.388,,4007183.67
"05-Jun-19",3.29,3.38,2.85,2.85,245800,14.668941,3.436,,4136516.053
"06-Jun-19",2.87,2.94,2.78,2.91,222369,14.738381,3.4315,,4163230.6108
"07-Jun-19",2.92,2.97,2.78,2.96,156272,14.503896,3.4085,,4088175.4246
"10-Jun-19",3,3.13,2.97,3,192814,13.754913,3.333,,3882515.7336
"11-Jun-19",3.04,3.13,2.95,2.96,160546,14.218029,3.355,,4898273.596
"12-Jun-19",2.94,3.04,2.76,2.81,118825,14.357516,3.339,,4937407.0206
"13-Jun-19",2.86,2.96,2.75,2.88,175086,14.511025,3.3179,,4984455.0704
"14-Jun-19",2.87,2.95,2.75,2.78,108480,14.768961,3.3163,4348990,4982256.5634
"17-Jun-19",2.78,2.81,2.67,2.69,283111,16.328102,3.2893,,4897833.8946
"18-Jun-19",2.75,2.93,2.729,2.76,631130,15.549691,3.2978,,4739981.092
"19-Jun-19",2.75,2.84,2.71,2.76,227097,15.414726,3.2587,,4478798.4604
"20-Jun-19",2.8,2.95,2.8,2.89,165965
"21-Jun-19",2.87,2.93,2.65,2.68,222992
"24-Jun-19",2.67,2.68,2.432,2.48,341078,16.933441,3.2002,,4528924.42
"25-Jun-19",2.45,2.57,2.38,2.4,280062,17.127252,3.1939,,4000201.002
"26-Jun-19",2.42,2.55,2.325,2.33,357329,17.003355,3.2062,,3994982.214
"27-Jun-19",2.36,2.44,2.31,2.37,420593,16.602311,3.199,,3944968.829
"28-Jun-19",2.37,2.505,2.36,2.44,373327,18.106473,3.0763,4097600,4332898.737
"01-Jul-19",2.54,2.57,2.46,2.5,205895,18.221445,3.0844,,4306369.898
"02-Jul-19",2.49,2.51,2.29,2.33,358256,18.114793,3.0656,,4262445.099
"03-Jul-19",2.37,2.3897,2.17,2.23,304698,18.187359,3.0923,,4239395.452
"04-Jul-19",,,,,,18.432952,3.0901,,4229392.775
"05-Jul-19",2.24,2.36,2.16,2.24,316238,18.712399,3.1075,,4208952.522
"08-Jul-19",2.25,2.32,2.2,2.28,327627,18.805036,3.1036,,4195470.653
"09-Jul-19",2.24,2.34,2.225,2.34,161848,18.554909,3.0877,,4116753.934
"10-Jul-19",2.37,2.505,2.33,2.5,332750,19.204973,3.0702,,4062770.4
"11-Jul-19",2.5,2.565,2.41,2.51,212012,19.085733,3.069,,4050477.6
"12-Jul-19",2.49,2.54,2.41,2.44,122092,18.774615,3.0393,,3987784.32
"15-Jul-19",2.47,2.48,2.38,2.39,159631,18.51405,3.0169,3756354,3920993.44
"16-Jul-19",2.4,2.495,2.33,2.34,365281,18.876996,3.0344,,4014828.48
"17-Jul-19",2.51,2.53,2.38,2.47,549051,18.460408,3.0517,,3996799.04
"18-Jul-19",2.47,2.5,2.35,2.44,445461,17.517042,3.0002,,3840270.72
"19-Jul-19",2.42,2.46,2.38,2.46,137245,17.973027,2.9745,,3923452
"22-Jul-19",2.46,2.54,2.41,2.46,144696,18.233411,2.9899,,3951315.68
"23-Jul-19",2.46,2.52,2.36,2.42,232301,19.355068,2.9783,,4064409.44
"24-Jul-19",2.42,2.45,2.35,2.43,248544,19.645505,2.9597,,3878811.1404
"25-Jul-19",2.44,2.44,2.3,2.34,200453,20.379004,2.926,,3989247.948
"26-Jul-19",2.34,2.36,2.23,2.24,261029,20.047207,2.9017,,3906608.16
"29-Jul-19",2.24,2.3,2.16,2.19,221840,20.222445,2.9027,,3945674.2416
"30-Jul-19",2.19,2.53,2.19,2.48,467704
"31-Jul-19",2.52,2.55,2.34,2.35,482987,18.607611,2.8639,3917711,3751470.7398
"01-Aug-19",2.34,2.35,2.16,2.27,326402,18.201067,2.8625,,3687988.3572
"02-Aug-19",2.27,2.29,2.185,2.25,190813,18.64052,2.802,,3693622.8882
"05-Aug-19",2.19,2.3384,2.07,2.16,291542,19.077873,2.8456,,3788283.009
"06-Aug-19",2.15,2.25,2.01,2.02,419966,18.449358,2.8218,,3699633.0546
"07-Aug-19",2.38,2.6,2.13,2.35,2340121,18.051109,2.7892,,4068131.382
"08-Aug-19",2.38,2.4,2.24,2.34,411350,16.932989,2.7082,,3834486.1632
"09-Aug-19",2.37,2.37,2.17,2.27,364132,16.938783,2.6969,,3976868.4361
"12-Aug-19",2.3,2.51,2.23,2.45,426686,16.94912,2.6869,,3961589.3632
"13-Aug-19",2.45,2.59,2.36,2.47,362219,16.658249,2.6825,,3908700.2647
"14-Aug-19",2.38,2.45,2.31,2.38,295155,16.504039,2.6941,,3888328.1675
"15-Aug-19",2.42,2.45,2.3,2.42,196521,16.761096,2.671,4904447,3956496.3389
"16-Aug-19",2.42,2.57,2.42,2.51,224328,16.660359,2.6694,,3954145.7123
"19-Aug-19",2.52,2.7,2.517,2.56,282027,16.045015,2.8048,,3813108.1163
"20-Aug-19",2.5,2.67,2.5,2.58,302988,15.733957,2.7775,,3741022.2339
"21-Aug-19",2.62,2.66,2.43,2.48,235132,14.942826,2.7365,,3565117.01
"22-Aug-19",2.47,2.52,2.44,2.49,188687,16.035647,2.7101,,3812716.3452
"23-Aug-19",2.46,2.56,2.38,2.51,358465,15.832196,2.693,,3796261.959
"26-Aug-19",2.49,2.56,2.49,2.49,312155,15.397902,2.6846,,4640097.3067
"27-Aug-19",2.49,2.51,2.25,2.26,353922,15.032934,2.6467,,4542498.8114
"28-Aug-19",2.24,2.35,2.2145,2.27,316932,15.893959,2.6682,,4806358.06
"29-Aug-19",2.28,2.4,2.2688,2.37,134847,15.848892,2.6669,,4796549.166
"30-Aug-19",2.37,2.41,2.31,2.37,127311,14.476787,2.6388,4926897,4375257.1687
"02-Sep-19",,,,,,14.174382,2.6388,,4375257.1687
"03-Sep-19",2.28,2.33,2.13,2.13,229934,19.08187,2.7128,,5866699.5014
"04-Sep-19",2.2,2.2,2.075,2.12,294168,13.953627,2.6445,,4314442.0259
"05-Sep-19",2.24,2.38,2.1608,2.38,503269,13.678102,2.6271,,4306594.9107
"06-Sep-19",2.37,2.3915,2.31,2.35,364765,13.892165,2.6228,,4399779.4037
"09-Sep-19",2.38,2.47,2.36,2.47,406321,13.787645,2.6517,,4440976.7585
"10-Sep-19",2.47,2.72,2.4572,2.66,630151,13.332111,2.6577,,4357601.1595
"11-Sep-19",2.7,2.79,2.56,2.65,308829,13.643668,2.6567,,5049084.0456
"12-Sep-19",2.61,2.74,2.555,2.73,212114,14.446337,2.6991,,5358985.8669
"13-Sep-19",2.7,2.82,2.61,2.65,279807,14.446791,2.7212,4972593,5399879.112
"16-Sep-19",2.84,2.96,2.78,2.94,607828,13.64501,2.731,,5257491.7887
"17-Sep-19",3.03,3.05,2.82,2.96,458204,13.659983,2.7864,,5290994.6883
"18-Sep-19",2.99,2.99,2.7899,2.88,326591,13.350872,2.8594,,5181617.5749
"19-Sep-19",2.96,2.99,2.9,2.99,226086,13.531766,2.7434,,5156490.4002
"20-Sep-19",2.99,3.305,2.95,3.09,843533,13.003539,2.6077,,5094411.498
"23-Sep-19",3.18,3.31,3.13,3.24,608196,13.008854,2.6178,,5226452.3376
"24-Sep-19",3.26,3.26,2.94,3.025,455046,12.680508,2.5844,,4711531.8675
"25-Sep-19",3.02,3.13,2.94,3.11,176185,12.71985,2.5834,,4692636.0141
"26-Sep-19",3.1,3.12,2.965,2.99,184857,12.632613,2.5759,,4641418.3062
"27-Sep-19",2.98,2.9909,2.7871,2.83,410042,12.713347,2.544,,4681696.3095
"30-Sep-19",2.84,2.92,2.78,2.83,284279,13.162304,2.5295,5077447,4813967.2833
"01-Oct-19",2.84,2.92,2.64,2.66,238885,12.968888,2.6153,,4719488.0163
"02-Oct-19",2.66,2.66,2.485,2.61,281503,12.713516,2.5202,,4641915.5655
"03-Oct-19",2.59,2.64,2.48,2.57,392572,12.496663,2.4442,,4569812.967
"04-Oct-19",2.57,2.6,2.35,2.54,447949,12.531392,2.4116,,4611085.4889
"07-Oct-19",2.51,2.575,2.43,2.52,222401,12.502992,2.4123,,4581747.1902
"08-Oct-19",2.52,2.58,2.45,2.53,105829,12.937755,2.3604,,4691144.2362
"09-Oct-19",2.56,2.6,2.5,2.54,205778,12.756804,2.353,,4853023.8426
"10-Oct-19",2.56,2.6,2.49,2.5,215070,12.625517,2.3502,,4813927.5007
"11-Oct-19",2.53,2.67,2.46,2.62,244355,12.816234,2.336,,4867748.4389
"14-Oct-19",2.62,2.62,2.36,2.43,378247,12.612476,2.3362,,4873841.3753
"15-Oct-19",2.42,2.51,2.385,2.42,144489,13.033336,2.3283,5224095,4991130.401
"16-Oct-19",2.41,2.54,2.41,2.46,208201,13.172417,2.4581,,5055106.2332
"17-Oct-19",2.45,2.54,2.45,2.52,229626,13.194771,2.4307,,5033780.9558
"18-Oct-19",2.51,2.58,2.45,2.45,112411,13.259137,2.3829,,4962188.9531
"21-Oct-19",2.46,2.57,2.46,2.56,158327,12.795981,2.3539,,4771276.9459
"22-Oct-19",2.55,2.68,2.51,2.65,160961,13.463051,2.3078,,4979960.0176
"23-Oct-19",2.65,2.75,2.58,2.62,215948,13.210607,2.3118,,4902275.0785
"24-Oct-19",2.65,2.69,2.475,2.57,196217,13.785222,2.2933,,5345294.004
"25-Oct-19",2.56,2.7,2.51,2.67,182338,14.669175,2.2072,,5671277.532
"28-Oct-19",2.67,2.86,2.64,2.65,288249,14.171079,2.2204,,5519778.777
"29-Oct-19",2.58,2.65,2.46,2.53,447880,12.711379,2.1692,,4974905.6685
"30-Oct-19",2.53,2.53,2.33,2.39,316332,12.779642,2.1548,,5022444.933
"31-Oct-19",2.37,2.3816,2.17,2.33,440400,13.305246,2.1463,5211121,5223050.181
"01-Nov-19",2.34,2.47,2.33,2.44,246538,13.12849,2.0479,,5099761.539
"04-Nov-19",2.46,2.597,2.44,2.53,251620,14.543286,2.1603,,5668143.075
"05-Nov-19",2.53,2.64,2.47,2.48,333229,14.843172,2.1308,,5783073.165
"06-Nov-19",2.54,2.92,2.54,2.62,736649,14.112296,2.1214,,5607543.573
"07-Nov-19",2.65,2.74,2.57,2.63,293183,13.22639,2.1102,,5226184.638
"08-Nov-19",2.59,2.795,2.59,2.76,405615,14.212331,2.0825,,5137897.4325
"11-Nov-19",2.71,2.75,2.52,2.57,216733,14.38331,2.0825,,5137897.4325
"12-Nov-19",2.59,2.59,2.42,2.495,338495,15.473901,2.1249,,5522746.0358
"13-Nov-19",2.46,2.52,2.35,2.44,251623,16.174723,2.1183,,5723374.1943
"14-Nov-19",2.43,2.48,2.36,2.37,149178
"15-Nov-19",2.38,2.42,2.3,2.36,169631,16.658987,2.1027,5263505,5796851.0004
"18-Nov-19",2.34,2.34,2.22,2.23,279575,15.777127,2.0844,,5535252.7262
"19-Nov-19",2.23,2.2431,2.15,2.2,175877,15.861675,2.0694,,5528999.381
"20-Nov-19",2.3,2.305,2.17,2.23,170731,15.907371,2.0623,,5514408.2422
"21-Nov-19",2.25,2.25,2.1687,2.23,142647,16.505013,2.0424,,5675431.8811
"22-Nov-19",2.23,2.3,2.22,2.3,141136,16.821667,2.0472,,5757246.4808
"25-Nov-19",2.28,2.45,2.27,2.44,239619,16.959444,1.9731,,5801541.0093
"26-Nov-19",2.45,2.5,2.38,2.42,304664,16.949159,1.9727,,5266136.7525
"27-Nov-19",2.42,2.45,2.32,2.36,117600,17.091829,1.9683,,5258241.495
"28-Nov-19",,,,,,17.14336,1.9683,,5258241.495
"29-Nov-19",2.34,2.35,2.26,2.32,125352,17.159666,1.9556,5274406,5210343.5995
"02-Dec-19",2.32,2.42,2.31,2.38,135628,18.121468,1.9839,,5551418.7235
"03-Dec-19",2.38,2.38,2.25,2.28,100342,17.771162,1.948,,5388776.419
"04-Dec-19",2.3,2.365,2.28,2.3,175938,17.843557,1.9482,,5395092.625
"05-Dec-19",2.32,2.385,2.32,2.33,110111,18.697822,1.9521,,5598790.2685
"06-Dec-19",2.34,2.5,2.34,2.43,240120,18.836876,1.9514,,5560893.0325
"09-Dec-19",2.43,2.56,2.43,2.46,225175,19.174346,1.9513,,5617738.8865
"10-Dec-19",2.47,2.55,2.44,2.47,117718,18.372077,1.9248,,5363016.0208
"11-Dec-19",2.48,2.5,2.36,2.48,221033,18.676716,1.9455,,5328204.9412
"12-Dec-19",2.48,2.65,2.44,2.6,588102,18.353376,1.9092,,5318711.0104
"13-Dec-19",2.63,2.63,2.5232,2.62,316737,19.063895,1.9202,5020796,5557114.1616
"16-Dec-19",2.6,2.68,2.45,2.47,343680,19.194837,1.9051,,5615132.6276
"17-Dec-19",2.47,2.545,2.47,2.52,114067,19.080412,1.8577,,5429473.5364
"18-Dec-19",2.52,2.57,2.48,2.52,125110,19.365788,1.8355,,5406266.15
"19-Dec-19",2.53,2.63,2.45,2.46,186786,19.615092,1.8229,,5431055.8582
"20-Dec-19",2.46,2.49,2.39,2.395,367558,20.165857,1.8341,,5629900.9644
"23-Dec-19",2.38,2.49,2.37,2.45,176386,20.643367,1.834,,5540236.0624
"24-Dec-19",2.45,2.48,2.415,2.43,83158
"25-Dec-19",,,,,,21.548681,1.832,,4993181.622
"26-Dec-19",2.44,2.49,2.38,2.4,181371,23.780171,1.8728,,5512331.9284
"27-Dec-19",2.45,2.525,2.4208,2.465,198597
"30-Dec-19",2.49,2.56,2.48,2.5,269003,23.671753,1.8738,,5442542.864
"31-Dec-19",2.5,2.66,2.47,2.52,344896,23.108007,1.8556,4851833,5347649.8196
"01-Jan-20",,,,,,23.168609,1.8556,,5347649.8196
"02-Jan-20",2.53,2.56,2.42,2.46,191635,23.629052,1.8691,,5437019.9884
"03-Jan-20",2.48,2.52,2.41,2.49,185946,23.759019,1.8499,,5433505.4312
"06-Jan-20",2.51,2.53,2.45,2.5,202140
"07-Jan-20",2.48,2.52,2.41,2.43,177495,23.955911,1.8196,,5314512.566
"08-Jan-20",2.43,2.43,2.3,2.34,296313,23.979912,1.8216,,5346143.5808
"09-Jan-20",2.34,2.3452,2.25,2.25,268655,22.382906,1.8217,,5044393.7412
"10-Jan-20",2.25,2.31,2.15,2.25,301697,23.428488,1.7985,,4820781.2688
"13-Jan-20",2.28,2.29,2.2,2.24,135956,23.738277,1.8019,,4856684.833
"14-Jan-20",2.24,2.335,2.215,2.26,145338,24.340591,1.8118,,4949840.0266
"15-Jan-20",2.25,2.31,2.21,2.24,174218,24.926777,1.8156,5012333,5000784.2731
"16-Jan-20",2.26,2.28,2.17,2.24,272064,24.457613,1.8115,,4948384.4767
"17-Jan-20",2.26,2.27,2.22,2.22,129222,24.834575,1.8186,,4998358.3566
"20-Jan-20",,,,,,24.622259,1.8186,,4998358.3566
"21-Jan-20",2.2,2.22,2.15,2.19,262074,24.89945,1.821,,5063858.1021
"22-Jan-20",2.19,2.19,2.1,2.11,240148,24.668217,1.8197,,5044450.7701
"23-Jan-20",2.09,2.125,2.03,2.08,135799,24.935096,1.8266,,5090543.1836
"24-Jan-20",2.07,2.17,2.05,2.09,243294,24.929524,1.8269,,5098791.2997
"27-Jan-20",2.08,2.08,2,2.05,349185,24.612822,1.8276,,5117090.7597
"28-Jan-20",2.06,2.0651,2.01,2.06,146884,25.018119,1.8328,,5168717.7896
"29-Jan-20",2.09,2.09,2.02,2.08,196887,25.455778,1.8424,,5227362.0857
"30-Jan-20",2.05,2.08,2.015,2.08,225518,25.774304,1.842,,5214330.0199
"31-Jan-20",2.08,2.08,2.02,2.03,173553,25.135105,1.8842,5160698,5035890.9651
"03-Feb-20",2.03,2.05,1.95,1.96,426096,24.909223,1.8797,,4980254.0688
"04-Feb-20",2,2.0136,1.87,1.91,370649,23.771061,1.8856,,4798306.3809
"05-Feb-20",1.94,2,1.91,2,226433,25.449106,1.9131,,5128117.8923
"06-Feb-20",2,2.02,1.88,1.95,348688,24.967034,1.9072,,5036392.1984
"07-Feb-20",1.96,1.97,1.9,1.92,132307,26.481162,1.9063,,5122103.0927
"10-Feb-20",1.92,1.92,1.8,1.82,318220,25.532139,1.8778,,4883014.8086
"11-Feb-20",1.84,1.85,1.7,1.73,245688,25.477644,1.877,,5002264.5714
"12-Feb-20",1.75,1.89,1.73,1.88,195914,26.082531,1.8916,,5113219.5784
"13-Feb-20",1.86,1.8779,1.83,1.85,131865,26.109359,1.8853,,5042518.0158
"14-Feb-20",1.85,1.89,1.79,1.82,97490,26.000635,1.8792,5312724,4965107.5458
"17-Feb-20",,,,,,25.780174,1.8792,,4965107.5458
"18-Feb-20",1.81,1.89,1.77,1.88,233881,25.874296,1.8788,,4989362.8264
"19-Feb-20",1.9,1.97,1.865,1.94,174256,26.367876,1.9056,,5045098.3648
"20-Feb-20",1.95,2.03,1.9196,2.02,110253,26.884861,1.8754,,5118896.3462
"21-Feb-20",2.02,2.03,1.89,2,228910,26.874381,1.8811,,5139023.0684
"24-Feb-20",1.9,1.95,1.8,1.88,98443,26.875009,1.8737,,5150892.6738
"25-Feb-20",1.91,1.91,1.77,1.78,259812,27.814507,1.8836,,5348547.4072
"26-Feb-20",1.71,1.89,1.7,1.72,596458,27.078356,1.8826,,5718616.1136
"27-Feb-20",1.71,1.7556,1.55,1.57,593837,27.916178,1.8995,,6019316.292
"28-Feb-20",1.55,1.64,1.51,1.63,403433,27.654622,1.8966,5533068,6083600.2524
"02-Mar-20",1.66,1.695,1.58,1.62,393810,27.831291,1.8903,,6236606.7036
"03-Mar-20",1.63,1.63,1.55,1.57,237713,28.142422,1.8911,,6350298.9972
"04-Mar-20",1.6,1.63,1.5,1.6,264626,27.543288,1.8913,,6284421.2196
"05-Mar-20",1.59,1.6,1.4,1.42,379405,27.452881,1.9499,,6349236.4524
"06-Mar-20",1.42,1.49,1.39,1.4,290706,26.722266,1.9094,,6253607.4204
"09-Mar-20",1.21,1.34,1.07,1.08,755754,26.549745,1.9189,,6422552.0436
"10-Mar-20",1.13,1.18,0.9501,1.06,550006,26.678962,1.9069,,5990099.4168
"11-Mar-20",1.07,1.07,0.96,1.01,432411,27.337858,1.9338,,6257899.908
"12-Mar-20",0.9286,1.01,0.883,0.9301,632890,26.528748,1.9288,,6224701.5
"13-Mar-20",0.9868,1.04,0.88245,1.03,616141,26.019432,1.9383,5407870,6115146.7536
"16-Mar-20",0.98,1.09,0.92,0.9366,453150,26.438412,1.9477,,6263986.2828
"17-Mar-20",0.8852,0.9199,0.6,0.7289,534064,24.709845,1.9028,,5919829.4532
"18-Mar-20",0.72,0.72,0.5501,0.6002,426732,24.781178,2.0359,,6044323.4832
"19-Mar-20",0.6,0.77,0.6,0.7271,278848,22.995674,2.0352,,5658115.3368
"20-Mar-20",0.73,1.09,0.72,0.9485,386229,22.564845,1.9272,,5614404.0996
"23-Mar-20",0.93,0.93,0.7201,0.7301,157595,22.420685,2.0045,,5513148.9552
"24-Mar-20",0.77,1.02,0.77,0.8347,162120,22.814627,1.951,,4957394.429
"25-Mar-20",0.8521,0.932,0.76,0.808,230165,23.000727,1.9574,,5039053.266
"26-Mar-20",0.8307,0.9563,0.7901,0.93,277920,22.893754,1.9472,,5013095.49
"27-Mar-20",0.93,0.9424,0.8001,0.8301,126439,23.379923,1.908,,5103947.706
"30-Mar-20",0.91,0.9494,0.8079,0.93,214088,23.265983,1.9049,,5083397.8
"31-Mar-20",0.9562,1.1,0.9401,1.04,297741,23.199478,1.8921,4830626,5076908.356
"01-Apr-20",1,1,0.7946,0.8048,256303,22.483327,1.8462,,4896285.498
"02-Apr-20",0.85,0.970599,0.81,0.8452,326511,22.411317,1.8398,,4891418.415
"03-Apr-20",0.85,0.875,0.73,0.7301,354271,22.294282,1.8394,,4909264.386
"06-Apr-20",0.7642,0.8198,0.7642,0.8025,267658,22.643055,1.8407,,5008228.407
"07-Apr-20",0.79,0.8581,0.7196,0.76,535837,22.485083,1.848,,5062307.107
"08-Apr-20",0.7869,0.80125,0.74,0.79,280391,22.348663,1.8037,,5059062.385
"09-Apr-20",0.78,0.85,0.71,0.76,658392,22.046027,1.8026,,4838838.0642
"10-Apr-20",,,,,,22.006837,1.8026,,4838838.0642
"13-Apr-20",0.8,0.81075,0.73,0.8067,325134,21.812052,1.7946,,4801642.244
"14-Apr-20",0.8,0.84,0.731,0.7499,510391,21.327925,1.7885,,4787150.366
"15-Apr-20",0.731,0.7592,0.67,0.6953,572981,21.180048,1.804,4765646,4858160.5682
"16-Apr-20",0.7,0.748,0.68,0.6983,367871,20.831861,1.7923,,4824829.2488
"17-Apr-20",0.7113,0.75,0.682,0.7152,271642,21.185611,1.7941,,4906466.8282
"20-Apr-20",0.7161,0.72,0.64,0.6601,452962,20.819618,1.7902,,4899220.8892
"21-Apr-20",0.6404,0.7,0.64,0.6667,249484,20.670999,1.7678,,4847050.1284
"22-Apr-20",0.7,0.7,0.642,0.6619,269693,20.680089,1.7542,,4850914.6292
"23-Apr-20",0.66,0.7751,0.66,0.7422,468880,20.476107,1.757,,4855745.2552
"24-Apr-20",0.78,0.8097,0.74,0.7637,444502,20.169427,1.7577,,4761356.9186
"27-Apr-20",0.75,0.8,0.72,0.7493,484569,19.630129,1.753,,4686536.2764
"28-Apr-20",0.74,0.795,0.7231,0.7831,240134,19.873142,1.7546,,4720848.9276
"29-Apr-20",0.7687,0.8796,0.75,0.8538,576480,19.471877,1.7535,,4718466.1046
"30-Apr-20",0.87,0.87,0.8001,0.83,471370,19.008932,1.7468,4701032,4664137.7402
"01-May-20",0.823,0.95,0.77,0.88,574868,18.135408,1.7342,,4556434.1406
"04-May-20",0.92,0.9368,0.8192,0.8637,286013,18.111304,1.7193,,4521644.9248
"05-May-20",0.9,0.9142,0.84,0.88,337069,17.984802,1.7278,,4483043.1922
"06-May-20",0.8295,0.862,0.75,0.7668,448688,18.407758,1.7349,,4635067.2996
"07-May-20",0.7611,0.8181,0.7522,0.8097,121811,18.858101,1.7437,,4699880.0852
"08-May-20",0.82,0.82,0.78685,0.7999,235662,18.698084,1.7369,,4681770.6304
"11-May-20",0.81,0.88,0.8,0.8708,261326,18.810257,1.7391,,4735349.5336
"12-May-20",0.86,0.865,0.84,0.84,195448,19.084277,1.7479,,4793172.2272
"13-May-20",0.8315,0.859,0.761,0.7795,328078,18.792175,1.7419,,4748042.32
"14-May-20",0.7756,0.7963,0.7474,0.7845,159259,18.82631,1.7448,,4762615.5192
"15-May-20",0.798,0.798,0.75,0.7733,118149,19.082032,1.7877,4659568,4831720.6896
"18-May-20",0.7989,0.8463,0.7801,0.84,381677,19.191528,1.7937,,4865568.12
"19-May-20",0.84,0.8951,0.8208,0.8701,258105,19.533118,1.8174,,4957708.3472
"20-May-20",0.8915,0.9465,0.8438,0.9109,167672,19.09102,1.7777,,4843943.3728
"21-May-20",0.911,0.9366,0.8703,0.8741,168571,18.144844,1.8109,,4615943.3208
"22-May-20",0.89,0.9,0.84,0.87,117265,18.201897,1.8094,,4607481.4632
"25-May-20",,,,,,17.942663,1.8067,,4593848.4704
"26-May-20",0.85,0.9265,0.85,0.8765,399585,17.774575,1.8023,,4579275.2712
"27-May-20",0.9079,1,0.88,0.99,432863,18.176362,1.8092,,4482970.3728
"28-May-20",1.01,1.2899,0.99,1.17,619065,18.175789,2.0073,,4488095.8976
"29-May-20",1.22,1.22,0.97,1.06,707033,17.98234,2.0062,4498645,4500210.7744
"01-Jun-20",1.03,1.1,1,1.05,193047,17.997526,1.9167,,4470855.496
"02-Jun-20",1.04,1.07,1,1.04,240968,17.669962,1.8411,,4367413.0864
"03-Jun-20",1.05,1.07,1.02,1.04,190651,18.051172,1.7552,,4422861.9456
"04-Jun-20",1.04,1.08,1.025,1.08,193620,17.786336,1.7616,,4349240.7712
"05-Jun-20",1.16,1.27,1.06,1.24,854660,17.536829,1.7651,,4398632.192
"08-Jun-20",1.39,1.73,1.32,1.58,1326501,16.532619,1.7579,,4328738.672
"09-Jun-20",1.58,1.655,1.45,1.63,591880,16.847625,1.7753,,4447810.3115
"10-Jun-20",1.59,1.6099,1.4,1.46,398428,16.777355,1.7908,,4365485.108
"11-Jun-20",1.25,1.29,1.0992,1.14,758438,16.668263,1.8074,,4374032.5335
"12-Jun-20",1.27,1.27,1.15,1.15,390276,16.576955,1.8288,,4342542.0185
"15-Jun-20",1.15,1.19,1.07,1.17,283582,16.657783,1.8442,4148279,4258417.357
"16-Jun-20",1.26,1.4,1.1786,1.38,557989,16.465901,1.8601,,4242222.235
"17-Jun-20",1.37,1.41,1.23,1.24,278078,17.627233,1.9332,,4508542.019
"18-Jun-20",1.23,1.28,1.17,1.22,258689,19.224891,2.2695,,4861235.787
"19-Jun-20",1.28,1.28,1.16,1.2,290794,20.569435,2.2664,,5171192.4275
"22-Jun-20",1.19,1.25,1.14,1.17,224152,21.212555,2.2962,,5315149.0675
"23-Jun-20",1.18,1.1894,1.12,1.17,201153,21.112318,2.3032,,5253967.4955
"24-Jun-20",1.15,1.15,1.05,1.125,314759,21.596709,2.3382,,5270803.2974
"25-Jun-20",1.09,1.13,1.07,1.07,218152,21.534401,2.3612,,5267899.5021
"26-Jun-20",1.09,1.095,0.9675,1.01,2633209,19.795888,2.3764,,5335516.4498
"29-Jun-20",1.01,1.1,0.99,1.08,234910,19.650297,2.5013,,5343813.0078
"30-Jun-20",1.1,1.1,1.05,1.05,155268,18.740189,2.5664,3831885,5048040.7151
"01-Jul-20",1.09,1.12,1.04,1.05,220445,16.445123,2.6558,,4448614.3996
"02-Jul-20",1.06,1.19,1.06,1.16,464570,15.728637,2.984,,4289320.486
"03-Jul-20",,,,,,15.680398,2.984,,4289320.486
"06-Jul-20",1.19,1.25,1.18,1.25,268789,15.422181,3.1455,,4204695.5944
"07-Jul-20",1.19,1.218,1.15,1.19,132316,15.460235,2.97,,4192665.5853
"08-Jul-20",1.25,1.25,1.13,1.16,175374,15.245305,2.6375,,4075684.1175
"09-Jul-20",1.2,1.2,1.07,1.12,175876,14.990344,2.5643,,3990644.398
"10-Jul-20",1.11,1.17,1.0801,1.16,145607,14.886292,2.4931,,2946336.3765
"13-Jul-20",1.17,1.17,1.06,1.09,188919,15.019919,2.4948,,2949018.696
"14-Jul-20",1.09,1.09,1.0599,1.07,86619,15.171276,2.502,,2949785.073
"15-Jul-20",1.07,1.14,1.07,1.11,200519,15.264358,2.4913,3603975,2930242.4595
"16-Jul-20",1.11,1.15,1.06,1.12,82219,14.909638,2.5573,,2803407.066
"17-Jul-20",1.12,1.15,1.0719,1.12,117657,14.914258,2.5319,,2774667.9285
"20-Jul-20",1.11,1.1199,1.06,1.08,279544,14.70819,2.4728,,2737115.4555
"21-Jul-20",1.06,1.11,1.06,1.11,222531,12.794025,2.366,,2357375.652
"22-Jul-20",1.13,1.14,1.1,1.12,75963,12.656795,2.3342,,2314458.54
"23-Jul-20",1.11,1.15,1.1,1.14,90415,12.457135,2.2625,,2260428.9615
"24-Jul-20",1.13,1.16,1.13,1.15,99206,12.594597,2.2507,,2764969.62
"27-Jul-20",1.17,1.17,1.09,1.1,105061,12.750261,2.2429,,2756680.4775
"28-Jul-20",1.12,1.12,1.08,1.1,127366,12.871464,2.2293,,2737939.8075
"29-Jul-20",1.08,1.14,1.075,1.13,108718,13.257951,2.1964,,2802811.3575
"30-Jul-20",1.11,1.2,1.08,1.18,189549,13.133332,2.1476,,2726767.485
"31-Jul-20",1.18,1.18,1.11,1.17,162286,12.894524,2.1301,3216983,2656129.575
"03-Aug-20",1.18,1.2155,1.165,1.18,97784,13.043508,2.1262,,2607115.515
"04-Aug-20",1.18,1.23,1.17,1.22,460802,13.013109,2.1202,,2619008.6325
"05-Aug-20",1.22,1.4,1.22,1.3,462038,12.885146,2.1179,,2615404.6575
"06-Aug-20",1.3,1.3299,1.18,1.19,230261,12.271756,1.9826,,2478093.21
"07-Aug-20",1.19,1.3,1.1851,1.28,103716,12.316043,1.9697,,2446017.8325
"10-Aug-20",1.3,1.4129,1.2999,1.37,225027,12.192249,1.9615,,2443495.05
"11-Aug-20",1.4,1.45,1.37,1.37,250434,12.319469,1.95,,2980213.0512
"12-Aug-20",1.4,1.52,1.4,1.45,359112,11.840763,1.9347,,2878234.6901
"13-Aug-20",1.48,1.5698,1.4401,1.5,392834,11.672578,1.9382,,2864079.9649
"14-Aug-20",1.49,1.6,1.47,1.51,213154,11.614143,1.9323,2835143,2834162.023
"17-Aug-20",1.6,1.7,1.5177,1.69,289632,11.400615,1.9335,,2827406.3587
"18-Aug-20",1.72,1.8278,1.598,1.64,462165,11.28247,1.934,,2816146.9182
"19-Aug-20",1.65,1.745,1.47,1.49,525914,11.373015,1.9452,,2857967.6972
"20-Aug-20",1.47,1.53,1.4,1.46,218882,11.26743,1.9249,,2826119.5655
"21-Aug-20",1.44,1.5,1.32,1.32,294695,10.620989,1.8968,,2679746.839
"24-Aug-20",1.3,1.42,1.3,1.39,190781,10.481555,1.8972,,2673956.2696
"25-Aug-20",1.4,1.4672,1.36,1.44,113073,10.726101,1.8943,,2709546.1651
"26-Aug-20",1.46,1.47,1.4,1.41,149491,10.902461,1.8946,,2731093.2519
"27-Aug-20",1.43,1.49,1.4,1.45,136171,11.039461,1.8722,,2731660.2805
"28-Aug-20",1.46,1.53,1.43,1.45,149535,11.149228,1.8709,,2722587.8229
"31-Aug-20",1.47,1.4752,1.38,1.38,145767,11.659206,1.8715,2832444,2729675.6804
"01-Sep-20",1.37,1.4,1.36,1.36,70040,11.735991,1.8684,,2715499.9654
"02-Sep-20",1.36,1.36,1.18,1.23,428429,11.399408,1.8622,,2668436.5916
"03-Sep-20",1.23,1.3,1.195,1.23,151926,11.619592,1.8693,,2708128.5936
"04-Sep-20",1.26,1.28,1.205,1.27,110074,11.437295,1.8612,,2655111.4195
"07-Sep-20",,,,,,11.700453,1.8612,,2655111.4195
"08-Sep-20",1.27,1.27,1.15,1.23,164899,11.914183,1.8615,,2684880.421
"09-Sep-20",1.26,1.29,1.19,1.25,93409,12.645427,1.8603,,2667019.0201
"10-Sep-20",1.25,1.25,1.1892,1.22,81319,13.058831,1.8609,,2776928.0976
"11-Sep-20",1.24,1.25,1.2,1.21,60238,13.286021,1.8593,,2770696.7208
"14-Sep-20",1.25,1.25,1.2,1.22,59762,13.956571,1.8592,,2768147.5212
"15-Sep-20",1.25,1.2868,1.21,1.23,113129,14.116061,1.8586,2830256,2776078.3644
"16-Sep-20",1.23,1.34,1.22,1.27,147661,14.241761,1.8726,,2777494.5864
"17-Sep-20",1.3,1.37,1.3,1.37,187235,14.668377,1.857,,2794489.2504
"18-Sep-20",1.39,1.4,1.33,1.37,146502,14.789719,1.8569,,2793922.7616
"21-Sep-20",1.36,1.36,1.24,1.26,122434,15.037245,1.8711,,2805819.0264
"22-Sep-20",1.26,1.2888,1.2,1.225,251236,14.528172,1.8573,,2713481.352
"23-Sep-20",1.25,1.25,1.1838,1.2,100913,14.746774,1.8608,,2732175.4824
"24-Sep-20",1.17,1.1989,1.11,1.18,111013,15.124243,1.8711,,2839878.8704
"25-Sep-20",1.18,1.24,1.18,1.24,78628,15.235995,1.869,,2816104.72
"28-Sep-20",1.23,1.29,1.23,1.29,105580,18.809917,1.8662,,2880917.5824
"29-Sep-20",1.29,1.32,1.25,1.31,125231,18.662933,1.8593,,2843275.1776
"30-Sep-20",1.3,1.34,1.28,1.31,117087,18.683416,1.8549,2806377,2819218.0016
"01-Oct-20",1.32,1.32,1.24,1.29,89184,18.749471,1.8556,,2813840.5152
"02-Oct-20",1.24,1.3,1.23,1.26,52782,19.035513,1.8564,,2817236.8224
"05-Oct-20",1.24,1.35,1.24,1.34,175197,19.235875,1.8502,,2777896.264
"06-Oct-20",1.35,1.43,1.35,1.38,252756,18.910136,1.8443,,2747612.5248
"07-Oct-20",1.3638,1.43,1.3638,1.43,140015,19.077712,1.8443,,2741952.0128
"08-Oct-20",1.47,1.53,1.42,1.53,199699,19.02817,1.8451,,2750725.8064
"09-Oct-20",1.55,1.5599,1.4316,1.47,129474,19.215757,1.8469,,2754459.0255
"12-Oct-20",1.48,1.48,1.36,1.36,179742,19.15756,1.8469,,2754739.6632
"13-Oct-20",1.44,1.44,1.31,1.33,229174,18.976527,1.8464,,2740427.1405
"14-Oct-20",1.34,1.38,1.34,1.34,17909,20.33398,1.8526,,2893935.9624
"15-Oct-20",1.34,1.34,1.29,1.31,44328,20.77031,1.8455,2843223,2945573.2992
"16-Oct-20",1.31,1.37,1.3,1.33,43237,21.167184,1.844,,2961289.0104
"19-Oct-20",1.33,1.37,1.31,1.31,203478,20.860225,1.8431,,2964095.3874
"20-Oct-20",1.31,1.36,1.29,1.33,61787,20.948317,1.8381,,2947257.1254
"21-Oct-20",1.33,1.35,1.3,1.33,90037,21.448465,1.8406,,2968304.9529
"22-Oct-20",1.35,1.36,1.29,1.35,126750,21.501961,1.8377,,2950624.7778
"23-Oct-20",1.35,1.36,1.27,1.28,1871608,18.756934,1.8436,,2983178.751
"26-Oct-20",1.53,1.53,1.36,1.41,3332426,14.873689,2.1948,,2875351.4199
"27-Oct-20",1.402,1.42,1.33,1.405,345774,14.244564,2.4221,,2769867.8466
"28-Oct-20",1.35,1.4,1.25,1.26,237690,13.045148,1.8491,,2556910.4439
"29-Oct-20",1.25,1.2793,1.22,1.26,221576,12.990302,1.8261,,2560606.6338
"30-Oct-20",1.23,1.32,1.23,1.28,262825,12.877172,1.8469,2788846,2561459.6007
"02-Nov-20",1.35,1.35,1.27,1.33,149267,12.867472,1.8517,,2567999.0136
"03-Nov-20",1.35,1.42,1.35,1.41,157588,12.923663,1.8422,,2564018.5014
"04-Nov-20",1.42,1.43,1.32,1.34,93917,12.923147,1.8318,,2563165.5345
"05-Nov-20",1.34,1.4,1.34,1.38,315499,13.050936,1.8416,,2566293.0798
"06-Nov-20",1.32,1.4,1.3,1.37,209583,13.760195,1.8564,,2664952.9179
"09-Nov-20",1.39,1.48,1.35,1.44,936787,13.087312,1.8571,,2667796.1409
"10-Nov-20",1.5,1.7,1.4625,1.54,1671230,11.848727,1.8447,,2842670.7278
"11-Nov-20",1.54,1.57,1.45,1.52,307060,11.838134,1.8463,,2852431.6888
"12-Nov-20",1.51,1.525,1.4,1.41,247580,11.685621,1.8392,,2815340.037
"13-Nov-20",1.42,1.51,1.4163,1.5,161112,11.681579,1.8453,2673370,2784941.6156
"16-Nov-20",1.51,1.54,1.475,1.48,231170,11.629841,1.8279,,2758726.4632
"17-Nov-20",1.47,1.53,1.4499,1.52,435796,11.419037,1.8191,,2731116.8878
"18-Nov-20",1.54,1.8,1.51,1.7,761119,11.07778,1.8162,,2716336.004
"19-Nov-20",1.76,1.76,1.58,1.72,370090,11.207849,1.817,,2735021.2722
"20-Nov-20",1.7,1.83,1.68,1.78,194499,11.234476,1.8141,,2693746.3514
"23-Nov-20",1.82,2,1.7996,1.92,501520,11.786741,1.9082,,2868049.2264
"24-Nov-20",1.98,2.08,1.86,1.9,710081,10.831659,1.9109,,2585950.801
"25-Nov-20",1.89,2.06,1.81,2.05,337563,11.286502,1.9174,,2714807.235
"26-Nov-20",,,,,,11.190915,1.9178,,2717480.605
"27-Nov-20",2.05,2.05,1.9324,1.97,115394,10.218204,1.847,,2477144.642
"30-Nov-20",1.93,2,1.88,1.945,223858,9.913677,1.8331,2689234,2433034.037
"01-Dec-20",1.98,1.99,1.8,1.88,404365,9.826276,1.8082,,2443727.517
"02-Dec-20",1.88,1.99,1.86,1.93,168418,9.686693,1.8061,,2421003.872
"03-Dec-20",1.96,2,1.91,1.93,201945,9.602461,1.8188,,2372615.875
"04-Dec-20",1.96,2.01,1.93,2,305711,9.493033,1.8157,,2363793.754
"07-Dec-20",2,2.03,1.92,1.97,190181,9.48858,1.8224,,2372348.538
"08-Dec-20",1.99,2.02,1.97,1.99,163176,9.209463,1.8154,,2285998.687
"09-Dec-20",2.01,2.0502,1.88,1.97,361045,9.262103,1.8198,,2566067.0828
"10-Dec-20",1.98,2.19,1.9681,2.19,793997,8.922901,1.823,,2557999.3808
"11-Dec-20",2.18,2.28,2.04,2.16,399544,8.788661,1.823,,2557999.3808
"14-Dec-20",2.17,2.1985,2.01,2.05,369199,8.622172,1.8198,,2546166.7512
"15-Dec-20",2.06,2.1,2.03,2.08,174065,8.479203,1.7868,2571039,2517391.9474
"16-Dec-20",2.08,2.16,1.97,2.08,301094,8.250737,1.7842,,2470868.1992
"17-Dec-20",2.11,2.11,2.005,2.02,186427
"18-Dec-20",2.06,2.06,1.91,1.91,205030,7.916165,1.7911,,2377013.9326
"21-Dec-20",1.87,1.91,1.81,1.88,193109,7.958098,1.7927,,2394493.9536
"22-Dec-20",1.9,1.96,1.86,1.87,124601,8.211411,1.7967,,2471137.1226
"23-Dec-20",1.89,1.934,1.85,1.85,134790,8.217432,1.7935,,2459573.4164
"24-Dec-20",1.84,1.88,1.81,1.82,88867,8.143945,1.7779,,2488251.5442
"25-Dec-20",,,,,,8.068973,1.7791,,2491079.6871
"28-Dec-20",1.82,1.85,1.74,1.75,201637,7.94538,1.7519,,2466911.9205
"29-Dec-20",1.73,1.775,1.705,1.74,138662,7.604888,1.714,,2364841.6722
"30-Dec-20",1.74,1.84,1.72,1.74,295389,7.100869,1.6601,,2225234.2545
"31-Dec-20",1.72,1.75,1.71,1.72,130572,7.161824,1.6597,2412655,2222920.3194
"01-Jan-21",,,,,,7.085434,1.6587,,2221891.9038
"04-Jan-21",1.74,2.04,1.74,1.93,575771,6.818296,1.6571,,2214950.0985
"05-Jan-21",1.96,2.1,1.785,1.82,847486,6.728016,1.6718,,2232690.2676
"06-Jan-21",1.86,1.95,1.7702,1.92,406392,6.689292,1.6559,,2241946.008
"07-Jan-21",1.94,2.08,1.92,2.04,437580,6.471846,1.6498,,2186154.4617
"08-Jan-21",2.08,2.08,1.8802,1.93,223072,6.750476,1.6365,,2288224.71
"11-Jan-21",1.91,1.99,1.89,1.97,181499,6.483173,1.6483,,2218806.657
"12-Jan-21",1.99,2.07,1.95,2.03,308424,6.570992,1.6296,,2433886.364
"13-Jan-21",2.05,2.07,1.97,2.03,181840,6.454526,1.647,,2390941.105
"14-Jan-21",2.03,2.06,2,2,215306,6.299478,1.6403,,2332072.323
"15-Jan-21",2,2.02,1.88,1.95,261361,6.272536,1.641,2359888,2345824.4565
"18-Jan-21",,,,,,6.113336,1.6406,,2351373.563
"19-Jan-21",1.99,2.01,1.85,1.9,489665,6.04874,1.6385,,2336415.102
"20-Jan-21",1.95,1.95,1.85,1.91,259680,6.126089,1.6373,,2371639.865
"21-Jan-21",1.93,1.95,1.85,1.88,188519,6.099018,1.6155,,2373328.7235
"22-Jan-21",1.8,1.88,1.8,1.85,169395,6.151255,1.6143,,2401315.5215
"25-Jan-21",1.86,1.89,1.8,1.87,287141,6.533621,1.6138,,2412896.2655
"26-Jan-21",1.89,1.91,1.805,1.82,362637,6.525885,1.6097,,2409036.0175
"27-Jan-21",1.8,1.875,1.76,1.81,317700,7.647846,1.6057,,2475050.5344
"28-Jan-21",1.84,1.87,1.8,1.86,252794,7.571656,1.5915,,2439416.2256
"29-Jan-21",1.86,1.89,1.8,1.82,272977,7.653117,1.5943,2257337,2469858.7808
"01-Feb-21",1.83,1.87,1.77,1.86,310363,7.598947,1.59,,2470566.7472
"02-Feb-21",1.92,1.9842,1.8603,1.93,373000,7.573029,1.5897,,2467970.8704
"03-Feb-21",1.93,2.07,1.92,2.05,485065,7.399382,1.604,,2450507.6992
"04-Feb-21",2.09,2.1,1.98,2.02,248530,7.430011,1.6075,,2471510.7024
"05-Feb-21",2.08,2.09,2.02,2.03,261291,7.361769,1.6069,,2468206.8592
"08-Feb-21",2.07,2.5,2.07,2.34,1044617,7.05518,1.5898,,2462543.128
"09-Feb-21",2.48,3.12,2.425,2.76,1972995,6.567979,1.5893,,2249436.3205
"10-Feb-21",2.8,2.99,2.56,2.74,871153,6.62761,1.5957,,2263657.5436
"11-Feb-21",2.76,2.9499,2.6,2.61,711040,6.613454,1.576,,2166817.7863
"12-Feb-21",2.644,2.97,2.61,2.87,639640,6.52596,1.5794,2118961,2169752.3244
"15-Feb-21",,,,,,6.424301,1.579,,2166592.0526
"16-Feb-21",3.09,3.3999,3.03,3.24,927543,6.099559,1.564,,2107224.0895
"17-Feb-21",3.254,3.3,2.89,3.08,585183,5.89803,1.5551,,2068172.1594
"18-Feb-21",3.03,3.08,2.81,2.9,299709,6.778139,1.5189,,2363206.1053
"19-Feb-21",2.92,3.1576,2.8501,3.01,386070,6.986665,1.5182,,2397517.6277
"22-Feb-21",3.02,3.17,2.96,3.1,480621,7.46535,1.4718,,2594357.4141
"23-Feb-21",3.08,3.08,2.7,2.98,323389,7.466573,1.4394,,2588488.3379
"24-Feb-21",3.03,3.23,3.03,3.2,457776,7.480459,1.4394,,2527920.473
"25-Feb-21",3.23,3.25,3.03,3.09,524250,7.10028,1.407,,2380440.7874
"26-Feb-21",3.05,3.33,2.9249,3.26,379612,6.942011,1.4042,2047715,2331704.6844
"01-Mar-21",3.31,3.4114,3.07,3.2,567951,5.773544,1.2126,,1990340.0673
"02-Mar-21",3.07,3.67,3.07,3.66,729141,5.569809,1.1735,,1946477.5746
"03-Mar-21",3.37,3.45,2.91,2.99,1326563,5.542962,1.1697,,2030600.3263
"04-Mar-21",2.85,3.02,2.76,2.78,883852,4.32568,1.1637,,1627785.8402
"05-Mar-21",2.9,2.99,2.56,2.84,758234,4.84321,1.0471,,1854514.6672
"08-Mar-21",2.86,3.08,2.7944,3,654105,4.914639,1.03,,1915116.9518
"09-Mar-21",3.07,3.07,2.85,2.88,319666,5.877932,1.0123,,2023347.1915
"10-Mar-21",2.91,3.03,2.87,3.03,315622,5.973537,1.0105,,2052834.2875
"11-Mar-21",3.09,3.1,2.9839,3.05,339201,6.065817,1.0097,,2049148.4005
"12-Mar-21",3,3.23,3,3.18,404657,6.062355,1.0093,,2048329.3145
"15-Mar-21",3.2,3.2019,3.05,3.1,208793,6.120624,1.0057,2066441,2055496.317
"16-Mar-21",3.1,3.13,2.9301,2.95,279575,6.197517,1.004,,2089693.1575
"17-Mar-21",2.91,3.06,2.86,3.05,395950,6.184378,0.9779,,2092764.73
"18-Mar-21",3.06,3.06,2.75,2.8,334106,6.303615,0.9845,,2145186.234
"19-Mar-21",2.82,2.9,2.7,2.75,419365,6.347909,0.9819,,2177540.131
"22-Mar-21",2.75,2.789,2.68,2.72,191530,6.101221,1.007,,2092969.5015
"23-Mar-21",2.68,2.71,2.43,2.5,470279,5.945344,1.0078,,2065734.892
"24-Mar-21",2.5,2.63,2.45,2.47,318068,6.115083,1.0099,,2150338.5046
"25-Mar-21",2.42,2.555,2.34,2.54,177180,6.151943,1.013,,2170382.9823
"26-Mar-21",2.59,2.66,2.5234,2.59,229505,6.122113,1.009,,2142899.317
"29-Mar-21",2.56,2.61,2.42,2.43,183643,6.137097,1.0097,,2146618.9108
"30-Mar-21",2.43,2.55,2.42,2.51,102218,6.130128,1.0093,,2141452.8083
"31-Mar-21",2.64,2.65,2.5,2.53,150922,6.193872,1.0108,2010461,2152404.9456
"01-Apr-21",2.6,2.63,2.53,2.62,122872
"02-Apr-21",,,,,,6.141099,0.9671,,2133393.6884
"05-Apr-21",2.62,2.68,2.46,2.54,261429,6.073838,0.9959,,2085865.5454
"06-Apr-21",2.56,2.6501,2.5,2.51,197211,6.274407,0.9969,,2103017.0057
"07-Apr-21",2.56,2.62,2.51,2.54,121014,6.658394,1.0078,,2207578.9203
"08-Apr-21",2.54,2.59,2.46,2.55,100704,6.513764,0.9835,,2131740.5356
"09-Apr-21",2.57,2.57,2.51,2.53,82061,6.30518,0.9817,,1916974.5635
"12-Apr-21",2.56,2.6,2.41,2.43,269327,6.277664,0.9815,,1915165.1486
"13-Apr-21",2.43,2.43,2.315,2.38,200923,6.306144,0.9814,,1915768.2869
"14-Apr-21",2.35,2.57,2.35,2.53,156178,6.286093,0.9806,,1907927.489
"15-Apr-21",2.56,2.56,2.41,2.46,172165,6.258492,0.9793,2002770,1896266.8152
"16-Apr-21",2.46,2.51,2.42,2.49,137961,6.274207,0.9784,,1891843.801
"19-Apr-21",2.5,2.55,2.4538,2.52,124061,6.351387,0.9791,,1893854.262
"20-Apr-21",2.51,2.539,2.36,2.41,277100,6.472247,0.9783,,1913958.872
"21-Apr-21",2.41,2.45,2.38,2.43,57770,6.651792,0.9828,,1951353.4466
"22-Apr-21",2.49,2.49,2.33,2.36,136672,6.907519,0.9922,,2022121.6738
"23-Apr-21",2.38,2.45,2.35,2.44,87304,6.929173,0.9789,,2021920.6277
"26-Apr-21",2.46,2.6,2.46,2.51,255633,6.843685,0.9765,,2106513.486
"27-Apr-21",2.55,2.5968,2.44,2.52,214358,6.820887,0.9732,,2087086.617
"28-Apr-21",2.51,2.58,2.5,2.55,298245,6.766927,0.9723,,2068861.41
"29-Apr-21",2.58,2.59,2.48,2.54,166491,6.909428,0.9587,,2105111.547
"30-Apr-21",2.5,2.54,2.41,2.42,129556,6.949082,0.9572,2151772,2104911.27
"03-May-21",2.43,2.49,2.3841,2.44,262661,6.851356,0.9213,,2072666.673
"04-May-21",2.46,2.53,2.3945,2.41,171641,6.987507,0.9549,,2086485.786
"05-May-21",2.42,2.47,2.3,2.33,274999,7.092598,0.9553,,2120332.599
"06-May-21",2.32,2.38,2.23,2.3,175650,6.97128,0.9556,,2076471.936
"07-May-21",2.31,2.42,2.3,2.38,214352,6.965255,0.9577,,2060249.499
"10-May-21",2.38,2.38,2.29,2.31,109047,7.657346,0.9796,,2022997.977
"11-May-21",2.25,2.3642,2.25,2.31,104285,7.94886,0.9741,,2068713.6008
"12-May-21",2.3,2.38,2.2,2.22,179272,8.153245,0.9736,,2066561.8288
"13-May-21",2.2,2.3131,2.16,2.2,142704,8.368963,0.9737,,2068068.0692
"14-May-21",2.21,2.29,2.18,2.2,114521,8.343599,0.9731,2224243,2040955.742
"17-May-21",2.21,2.39,2.1979,2.36,197043,8.54106,0.9866,,2010830.934
"18-May-21",2.32,2.38,2.3,2.35,235660,8.773854,0.9875,,2026969.224
"19-May-21",2.32,2.3699,2.25,2.31,103055,9.473303,0.9845,,2165112.9864
"20-May-21",2.32,2.35,2.25,2.34,73904,10.23035,0.9976,,2298092.496
"21-May-21",2.35,2.4578,2.34,2.41,374762,10.240185,0.9985,,2311863.8368
"24-May-21",2.43,2.46,2.35,2.39,128810,10.47975,0.9984,,2314445.9632
"25-May-21",2.38,2.48,2.37,2.4,151193,10.718022,0.9973,,2534524.8985
"26-May-21",2.4,2.47,2.34,2.45,563623,10.729689,0.9807,,2542977.0219
"27-May-21",2.47,2.61,2.46,2.58,182148,10.526109,0.972,,2466240.6384
"28-May-21",2.61,2.6499,2.53,2.56,140001,10.55653,0.9703,2339084,2454674.5748
"31-May-21",,,,,,10.547614,0.9703,,2452672.7561
"01-Jun-21",2.64,2.66,2.51,2.55,279985,10.409321,0.9529,,2421978.2027
"02-Jun-21",2.58,2.75,2.53,2.7,365105,10.615103,0.9705,,2441329.1168
"03-Jun-21",2.74,2.87,2.725,2.75,344372,10.753896,0.9814,,2418196.9896
"04-Jun-21",2.76,4.16,2.7378,3.3,6347254,8.143289,0.9637,,2374601.8268
"07-Jun-21",3.21,3.2591,2.92,2.96,822076,8.388072,0.9643,,2391283.6493
"08-Jun-21",2.98,3.29,2.96,3.18,418135,8.35918,0.967,,2392840.6194
"09-Jun-21",3.19,3.24,3,3.01,396790,8.164305,0.9642,,2200376.3188
"10-Jun-21",3.05,3.09,2.94,2.98,199988,8.017277,0.9643,,2148448.654
"11-Jun-21",2.95,3.06,2.95,3.01,208748,8.088212,0.9653,,2156635.448
"14-Jun-21",3,3.03,2.8,2.8,302626,8.296921,0.9675,,2199674.5936
"15-Jun-21",2.84,2.98,2.84,2.97,131600,8.137503,0.9637,1962067,2137922.776
"16-Jun-21",2.95,3.03,2.91,3.01,213059,8.250468,0.9705,,2167863.0512
"17-Jun-21",3,3.02,2.81,2.88,174919,8.249408,0.9695,,2156635.448
"18-Jun-21",2.86,2.885,2.73,2.8,217059,8.350104,1.0371,,2164120.5168
"21-Jun-21",2.75,2.87,2.7101,2.84,113269,8.648187,1.039,,2205288.3952
"22-Jun-21",2.86,2.92,2.7801,2.87,126240,8.444004,1.0384,,2133478.5164
"23-Jun-21",2.92,2.98,2.8971,2.91,75681,8.351101,1.0364,,2097924.4396
"24-Jun-21",2.95,3.08,2.9001,3.03,184753,8.360171,1.0343,,1899673.2694
"25-Jun-21",3.08,3.11,3.03,3.1,312691,8.302925,1.0347,,1886135.0071
"28-Jun-21",3.15,3.15,2.98,3.05,256191,8.310888,1.0414,,1902616.3699
"29-Jun-21",3.17,3.55,3.13,3.3,934215,8.153209,1.0493,,1926357.3806
"30-Jun-21",3.34,3.48,3.28,3.33,232744,8.319846,1.0524,1998580,1970503.8881
"01-Jul-21",3.41,3.4499,3.2701,3.42,355704,7.851146,1.0075,,1898103.6158
"02-Jul-21",3.45,3.49,3.3501,3.46,145156,7.772471,1.0372,,1881033.6329
"06-Jul-21",3.42,3.46,2.95,3.06,540259,7.622325,1.035,,1869849.851
"07-Jul-21",3.04,3.17,2.9301,3.06,201987,7.766278,1.0398,,1905559.4704
"08-Jul-21",3.01,3.14,3,3.11,107818,7.81064,1.0384,,1915369.8054
"09-Jul-21",3.18,3.19,3.09,3.18,86408,7.827474,1.0383,,1918116.6992
"12-Jul-21",3.19,3.2,3.1,3.14,105966,7.791946,1.0381,,1938822.458
"13-Jul-21",3.15,3.17,3.03,3.08,143776,7.796556,1.0386,,1928229.984
"14-Jul-21",3.06,3.1499,2.91,2.91,143267,7.754381,1.0384,,1912441.202
"15-Jul-21",2.91,2.97,2.82,2.83,121032,7.821137,1.0379,1931070,1925631.83
"16-Jul-21",2.86,2.9,2.73,2.75,135456,7.798322,1.0384,,1916638.22
"19-Jul-21",2.6,2.69,2.54,2.645,149224,7.813675,1.0382,,1921434.812
"20-Jul-21",2.64,2.89,2.64,2.76,198477,7.650746,1.0379,,1888058.526
"21-Jul-21",2.8,2.9356,2.8,2.85,58726,7.799494,1.0387,,1904446.882
"22-Jul-21",2.89,2.9236,2.7801,2.87,82678,7.624697,1.0374,,1864075.566
"23-Jul-21",2.86,2.87,2.78,2.82,57491,7.743636,1.0388,,1885860.088
"26-Jul-21",2.85,3,2.85,2.94,156597,7.776718,1.0412,,1905772.983
"27-Jul-21",2.91,2.93,2.78,2.81,86378,7.857673,1.0405,,1909635.123
"28-Jul-21",2.84,2.88,2.76,2.82,44869,7.850627,1.0401,,1891869.279
"29-Jul-21",2.86,2.91,2.77,2.88,66537,8.156972,1.0411,,1943042.634
"30-Jul-21",2.86,2.92,2.77,2.83,78506,8.042212,1.0403,1921267,1907124.732
"02-Aug-21",2.8,2.89,2.75,2.76,154992,8.046108,1.0078,,1910600.658
"03-Aug-21",2.94,2.94,2.75,2.88,149922,8.133819,1.0405,,1916007.654
"04-Aug-21",2.78,2.825,2.41,2.41,425875,8.179469,1.0463,,1942656.42
"05-Aug-21",2.55,2.63,2.51,2.53,108418,8.15176,1.0455,,1929911.358
"06-Aug-21",2.55,2.65,2.53,2.55,110184,8.100374,1.0405,,1901910.843
"09-Aug-21",2.51,2.5399,2.43,2.47,96033,8.122376,1.0411,,1908283.374
"10-Aug-21",2.47,2.59,2.47,2.56,80368,8.127862,1.0416,,1901862.2033
"11-Aug-21",2.59,2.63,2.53,2.59,52588,8.176839,1.0443,,1907818.131
"12-Aug-21",2.59,2.59,2.5267,2.54,29773,8.163843,1.042,,1897635.4159
"13-Aug-21",2.52,2.55,2.4,2.42,52981,8.184646,1.0422,1857563,1890142.4746
"16-Aug-21",2.41,2.43,2.25,2.31,121084,8.152533,1.0427,,1898596.0494
"17-Aug-21",2.33,2.39,2.21,2.25,121531,8.25518,1.0436,,1904936.2305
"18-Aug-21",2.29,2.35,2.23,2.27,64220,8.245268,1.0425,,1889566.0945
"19-Aug-21",2.22,2.25,2.08,2.1,145170,8.312433,1.0437,,1896098.4023
"20-Aug-21",2.09,2.2,2.06,2.17,94798,8.34759,1.044,,1903207.0902
"23-Aug-21",2.21,2.2986,2.17,2.22,93954,8.531124,1.0454,,1938942.6564
"24-Aug-21",2.22,2.3,2.2,2.26,207919,8.731551,1.0443,,1941524.8476
"25-Aug-21",2.27,2.35,2.22,2.31,66658,8.83264,1.0434,,1957499.8894
"26-Aug-21",2.21,2.37,2.21,2.36,44018,8.91772,1.0268,,1965301.654
"27-Aug-21",2.37,2.48,2.37,2.4,48191,9.019988,1.0265,,1933351.5704
"30-Aug-21",2.44,2.48,2.39,2.43,88753,8.260301,1.0062,,1775272.9591
"31-Aug-21",2.43,2.45,2.38,2.44,124565,8.333337,1.0059,1821908,1775644.4717
"01-Sep-21",2.43,2.48,2.35,2.36,67434,8.424536,0.9748,,1774344.1776
"02-Sep-21",2.37,2.46,2.37,2.4,33418,7.82839,1.0067,,1626482.1628
"03-Sep-21",2.39,2.44,2.38,2.38,44500,8.044298,1.0194,,1641714.1794
"06-Sep-21",,,,,,12.53959,1.0194,,1641714.1794
"07-Sep-21",2.34,2.48,2.34,2.36,95648,12.41395,1.0235,,1614222.247
"08-Sep-21",2.36,2.38,2.34,2.35,86216,13.291622,1.0242,,1613850.7344
"09-Sep-21",2.33,2.36,2.33,2.35,82760,13.485069,1.0198,,1584315.4827
"10-Sep-21",2.37,2.38,2.3001,2.32,48059,13.79743,1.0199,,1605647.5204
"13-Sep-21",2.33,2.3999,2.33,2.35,76386,13.665616,1.0091,,1559735.4388
"14-Sep-21",2.36,2.4,2.27,2.28,48432,13.67773,1.0064,,1544977.984
"15-Sep-21",2.3,2.3799,2.28,2.34,50729,13.915604,1.0044,1617143,1529856.1476
"16-Sep-21",2.32,2.325,2.24,2.27,61860,13.934453,1.0033,,1520200.0352
"17-Sep-21",2.22,2.26,2.21,2.22,96052,14.042707,1.003,,1512183.64
"20-Sep-21",2.15,2.19,2.08,2.11,147009,16.225385,0.843,,1726075.6392
"21-Sep-21",2.13,2.2,2.08,2.1,28856,16.690489,0.845,,1754133.0224
"22-Sep-21",2.04,2.17,1.92,2.14,111068,16.850643,0.847,,1770530.1944
"23-Sep-21",2.13,2.23,2.1,2.21,135359,12.300095,0.8026,,1293736.8708
"24-Sep-21",2.21,2.27,2.1937,2.23,79944,12.286381,0.8024,,1366647.5493
"27-Sep-21",2.21,2.57,2.21,2.52,311277,12.378659,0.802,,1368749.8352
"28-Sep-21",2.53,2.5799,2.35,2.4,143311,12.060932,0.7943,,1335113.2608
"29-Sep-21",2.38,2.42,2.35,2.38,46308,12.469695,0.7957,,1347080.119
"30-Sep-21",2.38,2.52,2.34,2.45,52231,14.250315,0.8091,1597261,1379908.1219
"01-Oct-21",2.49,2.5422,2.39,2.5,110335,14.076531,0.7846,,1341258.4042
"04-Oct-21",2.55,2.68,2.53,2.56,161576,14.466331,0.7987,,1336568.6895
"05-Oct-21",2.63,2.65,2.5101,2.56,57791,14.2291,0.7919,,1304872.6867
"06-Oct-21",2.53,2.5599,2.43,2.43,65986,14.062035,0.7879,,1281585.8275
"07-Oct-21",2.44,2.63,2.44,2.59,136536,14.750961,0.7849,,1269942.3979
"08-Oct-21",2.59,2.64,2.53,2.62,96277,14.821737,0.7828,,1256520.111
"11-Oct-21",2.64,2.8499,2.61,2.61,231419,14.517638,0.7828,,1454465.8666
"12-Oct-21",2.65,2.7091,2.61,2.64,64506,14.592154,0.7864,,1453347.7839
"13-Oct-21",2.62,2.69,2.6,2.65,40269,14.544301,0.7795,,1434819.5563
"14-Oct-21",2.68,2.7,2.62,2.63,26228,16.127586,0.8058,,1563558.7929
"15-Oct-21",2.68,2.68,2.55,2.565,58846,16.127857,0.7993,1538233,1543752.7565
"18-Oct-21",2.58,2.65,2.58,2.59,67504,16.300892,0.7968,,1539120.6996
"19-Oct-21",2.6,2.64,2.5424,2.6,104457,18.083091,0.977,,1708909.5439
"20-Oct-21",2.6,2.64,2.57,2.63,114901,22.541425,1.0752,,2118926.4426
"21-Oct-21",2.61,2.61,2.55,2.58,25952,12.315638,1.1975,,1127027.3616
"22-Oct-21",2.5,2.541,2.48,2.51,86604,12.414137,1.1929,,1140923.5323
"25-Oct-21",2.45,2.5,2.4,2.46,113449,12.293521,1.1932,,1142520.7933
"26-Oct-21",2.47,2.48,2.4001,2.45,78280,12.318678,1.1939,,1137215.6569
"27-Oct-21",2.4,2.49,2.36,2.36,127878,12.198136,1.1941,,1121064.2104
"28-Oct-21",2.38,2.46,2.35,2.41,32380,11.818823,1.1975,,1077070.7466
"29-Oct-21",2.39,2.4127,2.28,2.28,175942,11.190929,1.1868,,1040922.2711
"01-Nov-21",2.28,2.4,2.27,2.35,48506,11.101922,1.1717,,1032923.4595
"02-Nov-21",2.34,2.37,2.3,2.32,33086,11.58218,1.1942,,1066764.5855
"03-Nov-21",2.31,2.36,2.28,2.34,37444,,1.1901,,1068918.1117
"19-Nov-21",,,,,,,,,,,0