"Date","open SNEX Price in USD","high SNEX Price in USD","low SNEX Price in USD","close SNEX Price in USD","SNEX Volume","Days to cover 3m (on loan)","Exchange Reported SI","Dividends","hidden"
"02-Jan-15",20.64,20.91,19.9901,20.23,67219
"05-Jan-15",20.25,20.65,20.21,20.49,96149
"06-Jan-15",20.7,20.88,20.25,20.51,169689
"07-Jan-15",20.76,20.7999,20.38,20.54,71519
"08-Jan-15",20.47,20.79,20.2305,20.41,92338
"09-Jan-15",20.37,20.3899,19.9648,20.04,37639
"12-Jan-15",19.74,20,19.2301,19.83,98482
"13-Jan-15",19.84,20.5,19.69,19.96,74235
"14-Jan-15",19.81,19.97,19.57,19.88,36521
"15-Jan-15",19.96,20.0765,19.5,19.77,43978
"16-Jan-15",19.51,19.91,19.01,19.26,124069
"20-Jan-15",19.16,19.5,18.73,19.25,95428
"21-Jan-15",19.14,19.52,19.14,19.44,30892
"22-Jan-15",19.54,19.58,19.07,19.44,46661
"23-Jan-15",19.44,19.5,19.331,19.44,19053
"26-Jan-15",19.29,19.47,19.16,19.44,42112
"27-Jan-15",19.25,19.48,19.1552,19.41,33469
"28-Jan-15",19.53,19.59,19.32,19.4,92312
"29-Jan-15",19.44,19.6,19.2208,19.6,33364
"30-Jan-15",19.39,19.75,19.26,19.28,55872
"02-Feb-15",19.44,19.84,19.14,19.76,54163
"03-Feb-15",19.45,20.2486,19.45,20.07,93677
"04-Feb-15",20.07,20.25,19.84,19.99,74572
"05-Feb-15",20,20.12,19.73,19.97,61511
"06-Feb-15",20.17,20.17,19.84,19.9,66896
"09-Feb-15",19.85,20.1,19.74,19.88,55104
"10-Feb-15",20.25,20.6,19.91,20.53,348905
"11-Feb-15",20.6,20.9,20.6,20.77,135334
"12-Feb-15",20.86,23,20.83,22.97,243338
"13-Feb-15",23,23.54,22.78,23.43,123431
"17-Feb-15",23.75,24.5,23.5801,24.32,151133
"18-Feb-15",24.36,25,24.36,25,132681
"19-Feb-15",25,25.5,24.7,25.33,139676
"20-Feb-15",25.43,25.7,25.045,25.2,152940
"23-Feb-15",25.19,26.08,24.78,26.08,141963
"24-Feb-15",26.66,27.54,26.32,26.55,238143
"25-Feb-15",26.92,27.8675,26.88,27.49,272016
"26-Feb-15",27.37,27.63,27.16,27.405,100786
"27-Feb-15",27.5,27.97,27.2,27.23,208458
"02-Mar-15",27.3,28.35,27.26,28.3,274089
"03-Mar-15",28.11,28.2799,27.17,27.39,134572
"04-Mar-15",27.39,27.85,27.0501,27.75,165897
"05-Mar-15",27.63,29.27,27.3801,29.26,444229
"06-Mar-15",29.47,29.74,28.47,29.43,309225
"09-Mar-15",29.59,29.75,29.34,29.52,228828
"10-Mar-15",29.43,29.7,29.37,29.47,174206
"11-Mar-15",29.55,29.95,29.52,29.93,198663
"12-Mar-15",29.98,30.56,29.85,30.26,291030
"13-Mar-15",30.36,30.73,29.59,29.83,170993
"16-Mar-15",30,30.245,29.04,29.535,151205
"17-Mar-15",29.52,29.67,29.35,29.56,184315
"18-Mar-15",29.36,29.59,29.16,29.46,117459
"19-Mar-15",29.45,29.73,29.11,29.56,245597
"20-Mar-15",29.79,30.48,29.64,30.44,200651
"23-Mar-15",30.39,30.56,29.62,29.66,111819
"24-Mar-15",29.54,29.8499,29.36,29.53,139526
"25-Mar-15",29.5,29.92,28.91,28.97,100243
"26-Mar-15",28.85,29.68,28.77,29.43,139448
"27-Mar-15",29.23,29.23,28.7501,28.9,88037
"30-Mar-15",28.8,29.79,28.77,29.5,190499
"31-Mar-15",29.53,29.82,29.33,29.73,76326
"01-Apr-15",29.81,29.964,29.62,29.77,122622
"02-Apr-15",29.69,29.9599,29.557,29.82,57643
"06-Apr-15",29.76,30,29.5301,29.74,119394
"07-Apr-15",29.65,30.59,29.62,30.415,281548
"08-Apr-15",30.42,31.13,30.42,30.87,360232
"09-Apr-15",30.95,31.22,30.72,30.76,173470
"10-Apr-15",30.85,31.07,30.7,31.01,142455
"13-Apr-15",31.04,31.24,30.87,30.98,129499
"14-Apr-15",31.1,31.2,30.1401,30.94,104027
"15-Apr-15",31.1,31.3,30.6802,30.95,148404
"16-Apr-15",30.94,31.192,30.3,31.03,170107
"17-Apr-15",30.84,31.44,30.7215,31.18,179848
"20-Apr-15",31.25,31.57,31.25,31.46,81309
"21-Apr-15",31.48,31.7,31.33,31.63,152679
"22-Apr-15",31.7,32.98,31.6408,32.56,222930
"23-Apr-15",32.48,32.54,31.8,31.96,121879
"24-Apr-15",31.88,32.26,31.73,32.16,79377
"27-Apr-15",32.33,32.33,31.88,32.15,138969
"28-Apr-15",32.15,33.43,32.15,33.31,158853
"29-Apr-15",33.25,33.52,32.52,33.26,145085
"30-Apr-15",33.21,33.52,31.91,32.1,151357
"01-May-15",32.32,32.57,31.34,31.77,137231
"04-May-15",31.88,32.21,30.57,31.03,218583
"05-May-15",31.05,31.49,31.05,31.38,91201
"06-May-15",31.52,31.91,31.469,31.87,79966
"07-May-15",31.56,33.27,31.1316,33.07,189463
"08-May-15",33.45,34.2,33.14,34.1,235253
"11-May-15",34,37.12,33.73,36.41,529700
"12-May-15",36.36,36.63,35.19,35.24,195874
"13-May-15",35.22,35.77,34.9501,35.03,141865
"14-May-15",35.3,35.795,34.85,35.28,157890
"15-May-15",35.39,35.752,35,35.24,196639
"18-May-15",35.49,36.18,35.3,36.05,242421
"19-May-15",36.25,37.32,36.05,37.15,217433
"20-May-15",37.47,37.49,35.79,36.17,187962
"21-May-15",36.28,36.29,35.21,35.35,196413
"22-May-15",35.33,35.4218,34.76,35.07,91378
"26-May-15",35.04,35.67,34.2801,35.08,222984
"27-May-15",35.22,35.25,34.64,35.22,143434
"28-May-15",35.29,35.49,34.95,35.14,69827
"29-May-15",35.06,35.3,34.81,35.07,181886
"01-Jun-15",35.04,35.2298,33.88,34.04,237991
"02-Jun-15",33.93,35.32,33.84,35.26,149219
"03-Jun-15",35.22,36.59,35.16,36.33,128586
"04-Jun-15",36.18,36.5,35.64,36.06,98861
"05-Jun-15",36.13,36.485,35.97,36.44,66605
"08-Jun-15",36.5,36.78,36.19,36.75,200830
"09-Jun-15",36.75,36.75,35.66,35.98,115775
"10-Jun-15",36.16,36.8,36.16,36.7,164274
"11-Jun-15",36.98,36.98,36.43,36.66,104356
"12-Jun-15",36.44,36.766,35.94,36.62,65734
"15-Jun-15",36.59,36.71,35.94,36.65,114295
"16-Jun-15",36.69,36.9,35.91,36.62,130304
"17-Jun-15",36.88,37.24,36.52,36.62,86724
"18-Jun-15",36.64,37.07,36.64,36.76,104184
"19-Jun-15",36.86,37.28,35.33,36.97,528290
"22-Jun-15",37.63,37.74,36.74,36.98,123474
"23-Jun-15",37.09,37.09,36.2,36.3,108684
"24-Jun-15",36.21,36.21,35.35,35.41,109254
"25-Jun-15",35.4,35.72,34.7,34.98,131056
"26-Jun-15",34.9,35.3199,34.09,34.42,316864
"29-Jun-15",34.04,34.32,32.86,32.89,181145
"30-Jun-15",33.09,33.58,32.77,33.24,186993
"01-Jul-15",33.42,34.94,33.15,34.67,136966
"02-Jul-15",34.56,34.68,33.98,34.35,66944
"06-Jul-15",34.07,35.23,34.07,35.22,152003
"07-Jul-15",35.18,35.18,33.09,34.16,108329
"08-Jul-15",33.63,33.69,32.44,32.61,88907
"09-Jul-15",33,33.48,32.725,32.84,136721
"10-Jul-15",33.41,33.53,33.02,33.22,84323
"13-Jul-15",33.36,33.6,33.0337,33.12,60683
"14-Jul-15",33.09,33.57,32.7702,33.33,84351
"15-Jul-15",33.38,33.38,32.76,33.13,64539
"16-Jul-15",33.43,33.84,33,33.09,70527
"17-Jul-15",33.1,33.31,32.29,32.43,76800
"20-Jul-15",32.4,32.475,31.41,32.05,132433
"21-Jul-15",31.86,32.52,31.45,31.98,83457
"22-Jul-15",31.84,32.16,31.6201,32.02,66636
"23-Jul-15",32.18,32.24,30.83,31.32,102086
"24-Jul-15",31.24,31.31,30.18,30.37,79169
"27-Jul-15",30.01,30.35,29.33,30.14,71250
"28-Jul-15",30.18,30.33,29.16,29.41,128853
"29-Jul-15",29.29,29.88,29.13,29.6,90158
"30-Jul-15",29.52,29.55,28.89,29.54,62655
"31-Jul-15",29.6,29.88,29.03,29.16,58083
"03-Aug-15",29.05,29.52,28.68,29.15,77907
"04-Aug-15",29.26,29.315,28.055,28.17,146523
"05-Aug-15",28.09,28.09,26.85,26.88,262216
"06-Aug-15",26.77,27.69,26.525,26.74,317682
"07-Aug-15",26.6,27.16,26.348,27.08,215217
"10-Aug-15",27.12,28.8,27.12,28.78,272618
"11-Aug-15",28.49,28.62,27.945,28.05,122901
"12-Aug-15",28.15,28.15,27.1,27.95,112004
"13-Aug-15",28.13,28.83,28,28.67,162376
"14-Aug-15",28.58,29.43,28.31,29.26,125393
"17-Aug-15",29.15,29.15,28.14,28.4,94184
"18-Aug-15",28.43,28.56,28.07,28.42,106853
"19-Aug-15",28.25,28.25,27.29,27.32,95603
"20-Aug-15",27.18,27.68,26.7,26.74,81516
"21-Aug-15",26.23,26.75,25.87,25.88,152795
"24-Aug-15",25.5,26.66,25.5,25.92,184591
"25-Aug-15",26.91,26.91,25.59,25.6,139856
"26-Aug-15",25.81,26.476,25.5,26.08,140898
"27-Aug-15",26.34,26.44,25.53,25.83,108606
"28-Aug-15",25.8,25.95,25.52,25.81,96235
"31-Aug-15",25.69,26.8,25.6187,26.46,106253
"01-Sep-15",26.02,26.26,25.72,25.86,141462
"02-Sep-15",26.1,26.5799,24.95,25.45,142504
"03-Sep-15",25.55,26.31,25.52,26.01,136049
"04-Sep-15",25.67,25.9696,25.43,25.56,74948
"08-Sep-15",26.06,26.06,25.485,25.49,51999
"09-Sep-15",25.7,26.04,25.52,25.59,72582
"10-Sep-15",25.59,25.95,25.55,25.71,39086
"11-Sep-15",25.61,25.93,25.26,25.57,73960
"14-Sep-15",25.67,26.02,25.47,25.87,63607
"15-Sep-15",25.92,26.32,25.89,26.26,103423
"16-Sep-15",26.13,26.38,25.914,25.99,47616
"17-Sep-15",26.16,26.23,25.85,25.9,102251
"18-Sep-15",25.59,25.7,25.11,25.55,220470
"21-Sep-15",25.74,26.07,25.31,25.41,91558
"22-Sep-15",25.22,25.602,25.045,25.15,52314
"23-Sep-15",25.07,25.27,24.94,24.97,69031
"24-Sep-15",24.9,25.69,24.73,25.11,98634
"25-Sep-15",25.32,25.42,24.66,24.77,135082
"28-Sep-15",24.68,24.76,24.35,24.5,95145
"29-Sep-15",24.43,24.895,24.43,24.71,81805
"30-Sep-15",24.87,24.87,24.46,24.69,87225
"01-Oct-15",24.57,25.2,24.57,25.15,50986
"02-Oct-15",24.95,25.25,24.816,25.2,56618
"05-Oct-15",25.49,26.1,25.38,25.99,36269
"06-Oct-15",25.85,26.0299,25.53,25.63,72325
"07-Oct-15",25.65,25.99,25.43,25.54,90594
"08-Oct-15",27.35,28.86,26.84,28.69,260211
"09-Oct-15",28.82,28.82,27.71,28.01,162493
"12-Oct-15",28.1,29.79,28,29.75,309257
"13-Oct-15",29.53,30.33,29.32,29.51,329102
"14-Oct-15",29.42,29.95,28.94,29.21,1759539
"15-Oct-15",29.24,29.92,28.95,29.74,293981
"16-Oct-15",29.86,30.23,29.445,29.98,240981
"19-Oct-15",30.03,30.65,29.841,30.46,111454
"20-Oct-15",30.49,31.15,30.25,31.12,102457
"21-Oct-15",31.17,31.55,30.32,30.36,209804
"22-Oct-15",30.45,31.6999,30.29,31.02,144784
"23-Oct-15",31.29,32.12,31.08,32.07,102217
"26-Oct-15",32.23,32.2886,31.46,31.65,83707
"27-Oct-15",31.64,31.92,30.7983,31.42,160242
"28-Oct-15",31.56,32.96,31.49,32.96,119483
"29-Oct-15",32.77,32.77,31.69,31.83,105251
"30-Oct-15",31.8,32.05,31.31,31.99,163460
"02-Nov-15",32.14,32.75,31.785,32.68,112662
"03-Nov-15",32.55,32.66,31.97,32.03,84014
"04-Nov-15",32.19,32.88,31.7801,32.03,100619
"05-Nov-15",32.17,32.6699,32.15,32.49,103989
"06-Nov-15",32.59,34.22,32.365,34.07,174342
"09-Nov-15",34.07,34.07,32.67,32.91,81868
"10-Nov-15",32.91,34.08,32.91,33.84,91951
"11-Nov-15",34.07,34.61,33.5621,34.53,84099
"12-Nov-15",34.17,34.27,33.31,33.46,102832
"13-Nov-15",33.21,33.98,33.21,33.61,93062
"16-Nov-15",33.6,34.22,33.1,34.18,77936
"17-Nov-15",34.27,34.67,33.5,33.93,128985
"18-Nov-15",34,34.41,33.855,34.14,104008
"19-Nov-15",33.99,34.22,33.02,33.08,88122
"20-Nov-15",33.3,33.8,33.3,33.61,68843
"23-Nov-15",33.69,34.64,33.54,34.58,173013
"24-Nov-15",34.41,34.64,34.07,34.61,61176
"25-Nov-15",34.5,35.5,34.5,35.38,93321
"27-Nov-15",35.55,36.18,35.33,36.02,57532
"30-Nov-15",36.05,36.1,35.45,35.58,71579
"01-Dec-15",35.82,36.03,35.2,35.77,63822
"02-Dec-15",35.87,36.108,35.39,35.59,59942
"03-Dec-15",35.71,35.71,34.33,34.38,83687
"04-Dec-15",34.4,35.1,33,34.75,84935
"07-Dec-15",35.75,36.32,35.105,35.24,180396
"08-Dec-15",35.1,35.8,34.65,35.74,93692
"09-Dec-15",35.75,35.75,33.95,34.09,136242
"10-Dec-15",36.97,36.97,33.7,34.26,215301
"11-Dec-15",33.64,33.98,32.5,32.82,121687
"14-Dec-15",32.74,33.02,31.41,32.72,184742
"15-Dec-15",32.9,34.34,32.83,33.86,126849
"16-Dec-15",33.92,33.9565,32.8,33.14,141269
"17-Dec-15",32.92,33.4,31.57,31.71,189473
"18-Dec-15",31.51,32.4,31.16,31.26,335442
"21-Dec-15",31.75,32.49,31.25,32.06,139917
"22-Dec-15",32.11,33.3,31.75,33.28,123175
"23-Dec-15",33.5,33.84,32.87,33.18,81581
"24-Dec-15",32.87,33.55,32.7701,33.19,35184
"28-Dec-15",33.25,33.35,32.66,33.18,44604
"29-Dec-15",33.26,33.93,33.26,33.77,61163
"30-Dec-15",33.91,34.23,33.63,33.67,62664
"31-Dec-15",33.6,34.0899,33.25,33.46,95022
"04-Jan-16",33.4,33.4,32.01,32.45,187171
"05-Jan-16",32.45,32.81,32.1,32.67,148854
"06-Jan-16",32.32,33.29,32.04,32.65,136124
"07-Jan-16",32,32.34,31.02,31.18,211106
"08-Jan-16",31.5,31.89,31.04,31.37,212073
"11-Jan-16",31.65,31.91,30.05,30.27,159121
"12-Jan-16",30.83,30.83,29.92,30.24,129223
"13-Jan-16",30.35,30.35,28.25,28.34,121251
"14-Jan-16",28.31,28.83,27.95,28.27,223769
"15-Jan-16",27.6,29.62,26.64,27.51,353821
"19-Jan-16",28,29.28,26.3,26.41,185602
"20-Jan-16",25.79,26.51,25.11,26.14,281077
"21-Jan-16",26.22,26.75,25.85,25.91,93023
"22-Jan-16",26.2,27.31,26.17,27.13,121863
"25-Jan-16",27.1,27.2199,26.45,26.51,87045
"26-Jan-16",26.58,28.2899,26.58,28,166305
"27-Jan-16",27.79,28.13,27.35,27.7,113617
"28-Jan-16",28,28.12,26.9,26.94,94124
"29-Jan-16",27.15,28.34,27.15,28.19,148826
"01-Feb-16",28,28.46,27.7,28.14,75159
"02-Feb-16",27.89,27.89,27.09,27.25,158324
"03-Feb-16",27.14,27.63,26.3,26.59,114001
"04-Feb-16",26.71,27.35,26.61,27.24,72950
"05-Feb-16",27.13,27.4699,26.66,26.69,128022
"08-Feb-16",26.53,26.79,25.74,26.31,151325
"09-Feb-16",25.99,26.43,25.75,26.2,99267
"10-Feb-16",24.89,27.33,24.6,25.44,251046
"11-Feb-16",24.84,25.18,24.27,24.87,172219
"12-Feb-16",25.17,25.9,24.76,25.36,145297
"16-Feb-16",25.4,26.038,25.21,25.77,117171
"17-Feb-16",25.91,26.43,25.52,25.88,174365
"18-Feb-16",25.81,26.24,24.97,25.88,90452
"19-Feb-16",25.73,26.18,25.73,26.11,78570
"22-Feb-16",26.25,26.84,25.97,26.37,105585
"23-Feb-16",26.2,26.63,26.05,26.38,103106
"24-Feb-16",25.97,26.26,25.39,26.13,91127
"25-Feb-16",26.13,26.57,25.68,26.51,101013
"26-Feb-16",26.65,27.17,26.4,27.02,134749
"29-Feb-16",27.09,27.14,25.5,25.53,199898
"01-Mar-16",25.71,26.88,25.58,26.69,71167
"02-Mar-16",26.62,26.945,26.3,26.43,79102
"03-Mar-16",26.37,27.09,26.36,26.59,70959
"04-Mar-16",26.47,27.47,26.47,27.41,145274
"07-Mar-16",27.41,27.7,27.105,27.68,76540
"08-Mar-16",27.42,27.66,26.38,26.42,149620
"09-Mar-16",26.44,27.465,26.15,27.21,291481
"10-Mar-16",27.49,27.49,26.33,26.72,51524
"11-Mar-16",27.12,27.13,26.6,26.94,92203
"14-Mar-16",26.76,26.88,26.48,26.5,67992
"15-Mar-16",26.41,26.655,26.21,26.3,63675
"16-Mar-16",26.26,26.75,26.15,26.47,89969
"17-Mar-16",26.32,27.4699,26.21,27.38,69336
"18-Mar-16",27.52,27.92,27.26,27.7,163478
"21-Mar-16",27.9,27.99,27.17,27.21,85983
"22-Mar-16",27.05,27.17,26.45,26.55,138918
"23-Mar-16",26.54,26.54,26.03,26.03,107564
"24-Mar-16",25.87,26.83,25.6,26.52,96259
"28-Mar-16",26.69,27.155,26.4715,26.79,72154
"29-Mar-16",26.64,27.36,26.38,27.21,78551
"30-Mar-16",27.28,27.5,26.7,27.3,79896
"31-Mar-16",27.31,27.61,26.66,26.73,65720
"01-Apr-16",26.41,26.859,26.17,26.79,81321
"04-Apr-16",26.76,27.27,26.5,26.81,143388
"05-Apr-16",26.47,26.72,26.35,26.46,95900
"06-Apr-16",26.54,26.75,25.57,25.78,154053
"07-Apr-16",25.6,25.6,25,25.17,171488
"08-Apr-16",25.4,25.53,24.91,25.44,80590
"11-Apr-16",25.49,26.26,25.49,25.71,103012
"12-Apr-16",25.7,26.565,25.57,26.4,122966
"13-Apr-16",26.55,27,26.47,26.73,82247
"14-Apr-16",26.72,27.19,26.5401,27.03,43577
"15-Apr-16",26.93,27.07,26.71,26.71,29048
"18-Apr-16",26.53,27.26,25.98,27.07,69494
"19-Apr-16",27.07,27.59,26.8,27.34,103052
"20-Apr-16",27.27,28.24,27.27,28,120021
"21-Apr-16",28.06,28.5,27.77,27.96,79701
"22-Apr-16",27.93,28.87,27.93,28.64,83043
"25-Apr-16",28.62,28.72,27.55,27.85,76136
"26-Apr-16",27.85,28.23,27.74,27.97,62580
"27-Apr-16",27.78,27.99,27.35,27.66,84723
"28-Apr-16",27.47,28.2099,27.16,27.48,159682
"29-Apr-16",27.36,27.71,27.17,27.3,96583
"02-May-16",27.26,27.53,26.88,26.95,100191
"03-May-16",26.65,27.05,26.27,26.95,67732
"04-May-16",26.65,27.06,26.245,26.86,136350
"05-May-16",27.27,27.4,26.3,26.46,94181
"06-May-16",26.37,26.83,26.26,26.78,110292
"09-May-16",25.81,26.46,25.23,26.25,136556
"10-May-16",26.26,26.95,26.05,26.83,71755
"11-May-16",26.86,27.09,26.25,26.26,47324
"12-May-16",26.3,26.7,25.7,25.98,119730
"13-May-16",25.94,26.58,25.76,26.14,95564
"16-May-16",26.16,26.87,26.07,26.53,94381
"17-May-16",26.44,26.68,25.92,26.06,110705
"18-May-16",25.98,27,25.89,27,111774
"19-May-16",26.87,26.9113,26.0899,26.49,82019
"20-May-16",26.64,26.97,26.55,26.86,72833
"23-May-16",26.95,27.01,26.63,26.76,98285
"24-May-16",27.02,27.42,26.99,27.29,122794
"25-May-16",27.36,27.81,27.22,27.26,74468
"26-May-16",27.23,27.56,27.04,27.4,49620
"27-May-16",27.55,28.44,27.4,28.4,81912
"31-May-16",28.48,28.8,27.835,27.89,79546
"01-Jun-16",27.77,28.12,27.562,28.09,64011
"02-Jun-16",28.06,28.07,27.56,27.92,80144
"03-Jun-16",27.73,27.73,27.25,27.29,88906
"06-Jun-16",27.22,28.42,27.05,28.18,93964
"07-Jun-16",28.32,28.4,27.7,27.71,46182
"08-Jun-16",27.68,28.1,27.37,27.84,66011
"09-Jun-16",27.74,27.74,27.09,27.32,50719
"10-Jun-16",26.96,27.3,26.7101,27.08,68030
"13-Jun-16",26.91,27.2227,26.37,26.86,66764
"14-Jun-16",26.7,27.16,26.31,26.41,94503
"15-Jun-16",26.745,27.04,26.44,26.5,36368
"16-Jun-16",26.21,26.83,26.01,26.82,63347
"17-Jun-16",26.81,27.23,26.5,26.71,140173
"20-Jun-16",26.93,27.35,26.9,26.93,31170
"21-Jun-16",27.02,27.02,26.44,26.74,63083
"22-Jun-16",26.75,27,26.545,26.74,50332
"23-Jun-16",27.12,27.18,26.77,26.87,73188
"24-Jun-16",25.67,26.08,25.1,26.08,252626
"27-Jun-16",25.5,25.77,25.2301,25.56,93237
"28-Jun-16",25.94,26.15,25.59,25.86,101727
"29-Jun-16",26.13,26.64,25.93,26.34,64779
"30-Jun-16",26.45,27.35,26.365,27.29,80641
"01-Jul-16",27.19,27.83,26.948,27.46,83818
"05-Jul-16",27.18,27.18,26.15,26.58,76114
"06-Jul-16",26.49,26.66,26.1,26.38,116891
"07-Jul-16",26.5,26.71,26.23,26.46,45498
"08-Jul-16",26.84,27.62,26.84,27.31,77590
"11-Jul-16",27.53,28.33,27.53,28,65155
"12-Jul-16",28.14,28.41,27.95,28.26,67187
"13-Jul-16",28.31,29.29,27.98,29.12,113244
"14-Jul-16",29.39,29.57,29.2,29.51,37955
"15-Jul-16",29.73,29.82,29.38,29.74,49473
"18-Jul-16",29.74,30.26,29.72,30.02,83695
"19-Jul-16",30.04,30.13,29.64,29.69,56841
"20-Jul-16",29.94,29.94,29.15,29.77,49236
"21-Jul-16",29.85,29.905,29.22,29.29,72051
"22-Jul-16",29.28,29.6,28.98,29.32,29358
"25-Jul-16",29.17,29.38,28.95,29.1,40137
"26-Jul-16",29.05,29.4321,28.963,29.12,50363
"27-Jul-16",29.07,29.69,29.07,29.54,39322
"28-Jul-16",29.54,29.89,28.98,29.01,42163
"29-Jul-16",29.02,29.45,28.95,29.14,112386
"01-Aug-16",29.17,29.32,28.98,29.18,33097
"02-Aug-16",29.22,29.33,28.63,28.66,51897
"03-Aug-16",28.77,29.57,28.77,29.53,66314
"04-Aug-16",29.8,31.74,29.72,31.31,123211
"05-Aug-16",31.49,31.93,31.4,31.49,75928
"08-Aug-16",31.56,31.72,31.24,31.58,33977
"09-Aug-16",31.51,32.16,31.51,32.11,46631
"10-Aug-16",32.11,32.92,31.76,32.85,66498
"11-Aug-16",32.84,32.84,32.5,32.55,88548
"12-Aug-16",32.29,32.91,32.2,32.8,45133
"15-Aug-16",32.92,34.23,32.92,34.12,75625
"16-Aug-16",33.92,34.51,33.56,34.43,84882
"17-Aug-16",34.35,34.8,34.265,34.76,75376
"18-Aug-16",34.75,35,34.5545,35,55856
"19-Aug-16",34.99,35.49,34.7501,35.4,111733
"22-Aug-16",35.24,35.77,35,35.49,61289
"23-Aug-16",35.73,36.2599,35.32,36.14,59467
"24-Aug-16",36.27,36.41,35.37,35.48,69783
"25-Aug-16",35.33,35.73,34.89,35.36,73872
"26-Aug-16",35.52,35.92,35.14,35.81,52874
"29-Aug-16",35.77,36,34.8759,35.95,58383
"30-Aug-16",36,37.26,35.97,36.79,208944
"31-Aug-16",36.8,36.82,35.75,36.02,95484
"01-Sep-16",36.2,36.635,35.96,36.3,57413
"02-Sep-16",36.42,36.97,36.23,36.84,83927
"06-Sep-16",36.76,37.21,36.557,37.21,91920
"07-Sep-16",37.1,37.594,37,37.32,64986
"08-Sep-16",37.39,38.21,37.16,38.05,142712
"09-Sep-16",37.76,37.85,37.31,37.7,96423
"12-Sep-16",37.35,38.2,37.13,38.05,73614
"13-Sep-16",37.63,37.72,36.565,37.11,88816
"14-Sep-16",37.13,37.7,36.742,36.9,59941
"15-Sep-16",37.01,37.351,36.62,37.06,55326
"16-Sep-16",37.12,37.43,36.88,37.09,103378
"19-Sep-16",37.16,38.96,37.001,38.95,297600
"20-Sep-16",38.9,38.9,37.46,37.46,134571
"21-Sep-16",37.47,38.145,37.47,37.77,107224
"22-Sep-16",38.06,39.43,37.79,39.33,183168
"23-Sep-16",39.1,39.67,38.88,39.48,117207
"26-Sep-16",39.29,39.32,38.6,38.86,140064
"27-Sep-16",38.88,39.47,38.17,39.36,84819
"28-Sep-16",39.56,39.56,38.87,39,57297
"29-Sep-16",39.04,39.1,38.14,38.17,62884
"30-Sep-16",38.46,39.1,38.43,38.85,79575
"03-Oct-16",38.9,39.02,38.23,38.57,42529
"04-Oct-16",38.61,38.97,38.34,38.65,55726
"05-Oct-16",38.92,39.31,38.81,39.04,42015
"06-Oct-16",39.04,39.27,38.582,39.23,30927
"07-Oct-16",39.01,39.3,38.6,38.97,76057
"10-Oct-16",39.31,39.48,38.64,38.78,55512
"11-Oct-16",38.84,39,38.09,38.4,56067
"12-Oct-16",38.4,38.79,37.05,38.12,32532
"13-Oct-16",37.82,37.82,37.06,37.23,47586
"14-Oct-16",37.6,37.85,37.21,37.43,40670
"17-Oct-16",37.44,37.5705,37.12,37.14,35342
"18-Oct-16",37.34,37.4,37.07,37.13,48219
"19-Oct-16",37.3,37.87,37.18,37.7,52409
"20-Oct-16",37.69,37.912,37.06,37.57,39176
"21-Oct-16",37.3,37.57,37.18,37.34,30079
"24-Oct-16",37.66,37.97,37.27,37.7,36701
"25-Oct-16",37.7,37.945,37.27,37.52,36737
"26-Oct-16",37.27,37.81,37.16,37.21,30327
"27-Oct-16",37.33,37.69,37.075,37.13,42972
"28-Oct-16",37.07,37.07,36.04,36.29,56226
"31-Oct-16",36.3,36.3,35.535,35.9,83604
"01-Nov-16",35.9,36.12,35.01,35.12,51686
"02-Nov-16",34.97,35.46,34.61,34.71,42450
"03-Nov-16",34.81,35.234,34.81,34.99,32991
"04-Nov-16",34.96,35.1079,34.64,34.86,65177
"07-Nov-16",35.41,35.72,35.14,35.33,93932
"08-Nov-16",35.23,35.645,34.645,35.08,88411
"09-Nov-16",34.87,37,34.87,36.7,125564
"10-Nov-16",37,37.95,36.82,37.85,121697
"11-Nov-16",37.93,38.82,37.85,38.47,140372
"14-Nov-16",38.89,39.61,38.5788,39.43,153024
"15-Nov-16",39.4,39.63,39,39.37,89132
"16-Nov-16",39.19,39.65,39.01,39.48,94260
"17-Nov-16",39.64,39.91,39.15,39.19,73752
"18-Nov-16",39.21,39.86,39.11,39.39,107382
"21-Nov-16",39.52,40,39.25,40,148297
"22-Nov-16",40,40,39.77,40,94172
"23-Nov-16",39.89,40.7,39.84,40.64,98679
"25-Nov-16",40.75,41.68,40.0187,41.35,65661
"28-Nov-16",41.48,41.75,40.83,41.43,78098
"29-Nov-16",41.5,41.75,40.92,41.39,66087
"30-Nov-16",41.68,42.34,41.01,41.11,74991
"01-Dec-16",41.43,42.17,40.99,41.91,58370
"02-Dec-16",41.87,41.87,40.87,40.95,33393
"05-Dec-16",41.4,42.17,41.4,41.9,54956
"06-Dec-16",42,42.32,41.9,41.97,84513
"07-Dec-16",42.04,42.21,41.75,41.96,81306
"08-Dec-16",42.04,43.245,41.84,43.11,103487
"09-Dec-16",43.34,44,41.1943,43.9,77009
"12-Dec-16",44,44.12,43.3894,43.71,72008
"13-Dec-16",43.95,44.7072,43.69,44.13,126487
"14-Dec-16",43.96,44.01,43.321,43.61,74444
"15-Dec-16",42.99,42.99,39.5428,41.12,247191
"16-Dec-16",41.27,41.9,40.7001,41.55,278746
"19-Dec-16",41.51,42.05,40.9394,41.69,100363
"20-Dec-16",42.07,42.07,41.31,41.42,107668
"21-Dec-16",41.59,41.9,40.51,41.22,62697
"22-Dec-16",41.27,41.3599,40.3301,40.6,59602
"23-Dec-16",40.6,40.71,40.3001,40.69,29005
"27-Dec-16",40.42,41.26,40.28,40.67,39429
"28-Dec-16",40.89,40.89,39.7,40.01,75921
"29-Dec-16",40.13,40.21,39.33,39.99,77193
"30-Dec-16",39.95,40,39.51,39.6,96281
"03-Jan-17",39.99,40.68,39.65,40.41,115344
"04-Jan-17",40.47,41.095,40.19,40.86,80552
"05-Jan-17",40.8,40.8,38.64,38.77,127119
"06-Jan-17",38.53,39.1832,38.39,38.71,101832
"09-Jan-17",38.58,38.84,38,38.33,117103
"10-Jan-17",38.27,39.02,38.25,38.46,92813
"11-Jan-17",38.48,38.86,38.01,38.81,66306
"12-Jan-17",38.67,38.67,37.95,37.98,74969
"13-Jan-17",38.2,38.97,38.2,38.33,46796
"17-Jan-17",38.01,38.01,36.75,36.83,119571
"18-Jan-17",37,37.13,36.44,36.89,152230
"19-Jan-17",36.99,37.095,36.325,36.57,120434
"20-Jan-17",36.56,37.11,36.02,36.57,76827
"23-Jan-17",36.51,36.5647,36.11,36.15,125540
"24-Jan-17",36.35,36.665,36.19,36.5,118385
"25-Jan-17",37.28,37.5497,36.7248,37.08,143528
"26-Jan-17",36.95,37.422,36.75,36.8,108647
"27-Jan-17",36.9,37.64,36.88,37.45,105083
"30-Jan-17",37.22,37.22,36.68,37.02,49297
"31-Jan-17",36.94,37.15,36.59,36.88,68084
"01-Feb-17",37.22,37.39,36.825,37.17,63615
"02-Feb-17",37.16,37.16,36.49,36.53,55643
"03-Feb-17",36.95,37.11,36.41,37.1,60990
"06-Feb-17",36.83,37.25,36.6101,36.96,61372
"07-Feb-17",37.07,37.44,36.89,37.02,42988
"08-Feb-17",36.81,37.46,36.44,37.29,91769
"09-Feb-17",36.76,37.3294,36.066,36.65,132605
"10-Feb-17",36.75,37.47,36.0757,37.4,147640
"13-Feb-17",37.31,38.33,37.31,37.7,119009
"14-Feb-17",37.9,37.9,36.55,37.09,154483
"15-Feb-17",37.15,37.32,36.605,36.92,59488
"16-Feb-17",36.77,37.01,36.53,36.96,54140
"17-Feb-17",36.95,37.04,36.54,36.91,77904
"21-Feb-17",37,37,36.5,36.61,42032
"22-Feb-17",36.63,36.63,36.1701,36.52,51101
"23-Feb-17",36.68,37.33,36.05,37.28,117498
"24-Feb-17",37.1,38.04,37.01,37.39,149717
"27-Feb-17",37.49,38.91,37.285,38.6,112478
"28-Feb-17",38.53,38.53,37.35,37.75,102630
"01-Mar-17",38.49,39.21,38.33,39.17,120840
"02-Mar-17",39.05,39.08,38.34,38.49,81504
"03-Mar-17",38.49,38.675,37.97,38.25,64306
"06-Mar-17",37.97,38.31,37.83,38.01,74623
"07-Mar-17",38.16,38.32,37.756,37.91,38137
"08-Mar-17",38.16,38.77,38.03,38.13,96916
"09-Mar-17",38.35,38.585,38,38.21,55513
"10-Mar-17",38.4,38.53,37.6401,37.78,59100
"13-Mar-17",38.02,39.47,38.02,38.42,116351
"14-Mar-17",38.64,38.64,37.7914,38.23,55944
"15-Mar-17",38.55,38.9,38.466,38.75,64910
"16-Mar-17",38.85,39.87,38.85,39.82,77940
"17-Mar-17",39.69,39.85,36.71,36.81,583640
"20-Mar-17",36.85,37.33,36.3,36.9,281756
"21-Mar-17",37,37.24,36.24,36.42,111876
"22-Mar-17",36.39,36.7333,35.9,36.27,67308
"23-Mar-17",36.22,36.8,36.22,36.53,36575
"24-Mar-17",36.58,36.78,36.125,36.16,56646
"27-Mar-17",35.87,36.311,35.75,36.24,72486
"28-Mar-17",36.17,36.77,36.03,36.55,57485
"29-Mar-17",36.5,36.7897,36.26,36.64,52846
"30-Mar-17",36.63,37.83,36.58,37.66,87676
"31-Mar-17",37.61,38.18,37.41,37.96,92450
"03-Apr-17",38.14,38.39,37.24,37.53,94223
"04-Apr-17",37.43,37.8264,36.93,37.21,115185
"05-Apr-17",37.47,37.88,36.65,36.69,113986
"06-Apr-17",36.61,37.45,36.31,36.71,66233
"07-Apr-17",36.6,36.84,36.44,36.56,67507
"10-Apr-17",36.79,36.86,36.23,36.46,62952
"11-Apr-17",36.39,36.8108,35.4,36.48,79268
"12-Apr-17",36.3,36.3,35.41,35.5,52090
"13-Apr-17",35.45,35.51,34.87,35.22,52191
"17-Apr-17",35.19,35.57,34.89,35.26,106242
"18-Apr-17",35.13,35.85,35.13,35.72,37987
"19-Apr-17",35.91,36.465,35.74,35.81,49793
"20-Apr-17",36.04,36.68,35.54,36.65,45463
"21-Apr-17",36.54,36.62,36.11,36.47,72238
"24-Apr-17",37.38,37.38,36.72,36.8,54589
"25-Apr-17",37.13,37.61,37.05,37.11,51125
"26-Apr-17",37.1,37.87,37.05,37.68,78059
"27-Apr-17",37.69,37.7397,37.05,37.54,64313
"28-Apr-17",37.5,37.58,37.145,37.35,64187
"01-May-17",37.37,38.24,37.231,37.81,62870
"02-May-17",37.74,38.44,37.7219,38.37,106337
"03-May-17",38.2,38.38,37.46,37.69,57616
"04-May-17",37.92,37.92,36.77,37.38,54048
"05-May-17",37.54,37.54,36.5606,36.99,56008
"08-May-17",36.99,37.17,36.5,36.86,122615
"09-May-17",36.97,37.38,36.66,37.13,49876
"10-May-17",36.991,37.27,36.61,36.85,106306
"11-May-17",36.23,36.23,33.45,34.52,198452
"12-May-17",34.18,35.33,33.57,35.04,102435
"15-May-17",35.36,35.66,34.98,35.41,63007
"16-May-17",35.41,35.86,35.07,35.54,70044
"17-May-17",34.93,35.05,33.99,34.46,90386
"18-May-17",34.33,34.65,34.145,34.34,64041
"19-May-17",34.27,34.65,34.03,34.12,64823
"22-May-17",34.11,34.7,34.11,34.41,49334
"23-May-17",34.55,34.97,34.08,34.79,53027
"24-May-17",34.73,35.16,34.56,34.615,36280
"25-May-17",34.67,35.15,34.51,34.81,43805
"26-May-17",34.87,35.13,34.54,34.95,42328
"30-May-17",34.95,35.2,34.71,34.79,62917
"31-May-17",34.75,34.94,34.42,34.56,49095
"01-Jun-17",34.63,34.96,34.39,34.6,58846
"02-Jun-17",34.6,35.15,34.32,34.34,78702
"05-Jun-17",34.33,34.659,34.148,34.59,64944
"06-Jun-17",34.34,34.9419,34.17,34.8,58996
"07-Jun-17",35,35.49,34.9,35.33,62418
"08-Jun-17",35.41,36.615,35.16,36.01,61751
"09-Jun-17",36.63,36.92,36.1051,36.78,94002
"12-Jun-17",36.77,37.24,36.095,36.34,56648
"13-Jun-17",36.32,36.52,36.07,36.45,28405
"14-Jun-17",36.36,36.42,35.73,36.38,55499
"15-Jun-17",36.01,36.59,36.01,36.24,42924
"16-Jun-17",35.97,38.29,35.47,37.9,405178
"19-Jun-17",37.97,39.37,37.67,38.86,174102
"20-Jun-17",38.83,38.89,37.745,37.83,87068
"21-Jun-17",38.12,38.3,37.59,37.8,63507
"22-Jun-17",37.89,38.01,37.44,37.85,55790
"23-Jun-17",37.99,38.18,37.71,38.1,98396
"26-Jun-17",38.14,38.39,37.66,37.97,73833
"27-Jun-17",37.8,38.1,37.58,38.05,65772
"28-Jun-17",38.23,38.83,38.23,38.35,50787
"29-Jun-17",38.62,38.7,37.99,38.37,53023
"30-Jun-17",38.51,38.51,37.69,37.76,64503
"03-Jul-17",37.95,38.71,37.88,38.33,29101
"05-Jul-17",38.33,38.35,37.81,38.2,49771
"06-Jul-17",38.01,38.24,37.57,37.64,42972
"07-Jul-17",37.79,38.26,37.65,38.08,29170
"10-Jul-17",37.88,38.34,37.8,37.87,27455
"11-Jul-17",37.9,38.08,37.455,38.05,61165
"12-Jul-17",38.08,38.48,38.05,38.06,39191
"13-Jul-17",38.23,38.29,37.93,38.07,54492
"14-Jul-17",37.9,37.965,37.58,37.66,55364
"17-Jul-17",37.55,38.05,37.31,37.85,50028
"18-Jul-17",37.84,38.23,37.725,38.08,67985
"19-Jul-17",38.13,38.48,37.57,38.04,45037
"20-Jul-17",38.06,38.3699,37.86,38.16,28499
"21-Jul-17",38.32,38.32,37.67,37.79,39890
"24-Jul-17",37.8,38.11,37.7,37.82,46731
"25-Jul-17",38.03,39.09,38.03,39.02,80889
"26-Jul-17",39.01,39.44,38.71,39.11,57890
"27-Jul-17",39.2,39.32,37.041,38.86,82370
"28-Jul-17",38.72,38.99,38.5831,38.91,47293
"31-Jul-17",39,39.71,38.6,39.13,71613
"01-Aug-17",39.52,39.69,39.08,39.19,49265
"02-Aug-17",39.32,39.41,38.405,38.97,37502
"03-Aug-17",38.85,39.08,38.31,38.47,46712
"04-Aug-17",38.62,39.07,38.495,38.83,56304
"07-Aug-17",38.84,39.19,38.68,38.89,56439
"08-Aug-17",38.83,39.56,38.64,38.71,65400
"09-Aug-17",38.6,38.79,37.12,38.04,132137
"10-Aug-17",37.9,37.92,37.065,37.18,86273
"11-Aug-17",36.86,37.25,36.42,36.66,169808
"14-Aug-17",37.03,37.5,36.94,37.22,74861
"15-Aug-17",37.35,37.393,36.98,37.05,50774
"16-Aug-17",37.06,37.58,36.85,36.9,59323
"17-Aug-17",36.71,36.8453,35.76,35.78,93798
"18-Aug-17",35.59,36.17,35.55,36.08,73480
"21-Aug-17",35.91,36.22,35.82,35.99,64310
"22-Aug-17",36.22,36.86,36.22,36.62,100633
"23-Aug-17",36.45,36.925,36.45,36.72,43577
"24-Aug-17",36.69,36.81,36.02,36.06,49507
"25-Aug-17",36.01,36.54,36.01,36.21,47675
"28-Aug-17",36.34,36.4056,35.68,35.78,58227
"29-Aug-17",35.35,35.73,35.25,35.37,60948
"30-Aug-17",35.47,35.6336,35.22,35.39,33622
"31-Aug-17",35.51,35.654,35.18,35.49,46141
"01-Sep-17",35.49,35.915,35.35,35.43,34943
"05-Sep-17",35.41,35.55,34.5,34.55,77364
"06-Sep-17",34.58,34.91,34.38,34.61,37558
"07-Sep-17",34.6,34.6,34,34.18,55480
"08-Sep-17",34.17,34.5,33.111,34.28,58451
"11-Sep-17",34.45,35.71,34.45,35.34,75549
"12-Sep-17",35.63,36.4099,35.46,35.82,57824
"13-Sep-17",35.85,35.99,35.5,35.75,48386
"14-Sep-17",35.57,35.59,34.91,35.22,42173
"15-Sep-17",35.26,35.7,34.92,35.6,156608
"18-Sep-17",35.59,35.9574,35.24,35.32,48662
"19-Sep-17",35.49,35.54,35.171,35.46,51422
"20-Sep-17",35.5,36.079,35.48,35.73,145078
"21-Sep-17",35.73,36.12,35.3,36,39603
"22-Sep-17",35.8,36.38,35.8,36.21,66766
"25-Sep-17",36.01,36.83,36.01,36.6,65691
"26-Sep-17",36.61,36.89,36.446,36.74,99993
"27-Sep-17",37,37.94,36.89,37.86,131366
"28-Sep-17",37.85,38.6,37.55,38.15,67675
"29-Sep-17",38.14,38.43,37.99,38.32,55519
"02-Oct-17",38.31,39.55,38.14,39.52,113410
"03-Oct-17",39.7,39.87,39.04,39.18,104673
"04-Oct-17",39.25,39.5099,38.927,39.31,57315
"05-Oct-17",39.3,39.56,39.2401,39.33,84400
"06-Oct-17",39.46,39.51,39.005,39.25,88281
"09-Oct-17",39.35,39.5,39.081,39.35,55530
"10-Oct-17",39.44,39.44,39.01,39.29,78845
"11-Oct-17",39.28,39.7,39.28,39.42,55428
"12-Oct-17",39.35,39.48,39.0712,39.31,92109
"13-Oct-17",39.42,39.74,39.25,39.53,56655
"16-Oct-17",39.66,39.81,39.32,39.5,63542
"17-Oct-17",39.68,39.68,39.0629,39.39,53107
"18-Oct-17",39.27,39.75,39.27,39.5,54787
"19-Oct-17",39.14,39.645,39.02,39.53,50637
"20-Oct-17",39.81,39.99,39.3748,39.75,129450
"23-Oct-17",39.62,39.72,39.35,39.7,60780
"24-Oct-17",39.77,40.22,39.63,39.79,63449
"25-Oct-17",39.78,40.15,39.22,40,85057
"26-Oct-17",40.07,40.45,39.9,40.4,92311
"27-Oct-17",40.54,40.87,39.961,40.71,111312
"30-Oct-17",40.95,41.05,40.49,41,101334
"31-Oct-17",41.01,41.7187,40.7901,41.51,113814
"01-Nov-17",41.53,41.9,41.44,41.82,116416
"02-Nov-17",41.82,42.45,41.5,42.04,125742
"03-Nov-17",42.08,42.1241,41.44,41.81,90608
"06-Nov-17",41.63,42.56,41.46,42.22,102437
"07-Nov-17",42.2,42.3,41.4,41.91,137534
"08-Nov-17",41.86,42.06,41.635,41.99,75390
"09-Nov-17",41.81,42.26,41.56,42.18,68689
"10-Nov-17",42.25,42.28,41.85,42.07,47624
"13-Nov-17",41.9,42.705,41.6525,42.36,113063
"14-Nov-17",42.13,42.725,42.13,42.45,65627
"15-Nov-17",42.17,42.81,42.12,42.27,61348
"16-Nov-17",42.46,42.97,42.46,42.58,67973
"17-Nov-17",42.45,42.9,42.14,42.58,294146
"20-Nov-17",42.57,42.98,42.31,42.82,53682
"21-Nov-17",42.95,43.49,42.92,43.13,75948
"22-Nov-17",43.17,43.79,43.08,43.3,63711
"24-Nov-17",43.53,43.56,42.841,43.41,27342
"27-Nov-17",43.42,43.72,43.16,43.53,61869
"28-Nov-17",43.62,44.36,43.18,44.1,94370
"29-Nov-17",44.23,44.88,43.9,44.34,71041
"30-Nov-17",44.74,44.9,43.41,43.88,93475
"01-Dec-17",43.8,43.919,42.01,43.53,80149
"04-Dec-17",44.05,44.91,43.19,43.65,80896
"05-Dec-17",43.79,43.79,43.26,43.32,72730
"06-Dec-17",43.19,43.62,42.89,43.19,38418
"07-Dec-17",43.05,43.4944,42.6,43.04,53696
"08-Dec-17",43.11,43.34,42.73,43.13,58980
"11-Dec-17",43.22,43.83,42.8,43.01,77183
"12-Dec-17",42.94,43.54,42.81,43.17,90907
"13-Dec-17",43.26,43.82,42.564,43.21,77186
"14-Dec-17",41.95,42.4588,40,41,319530
"15-Dec-17",40.91,42.19,40.12,41.89,470154
"18-Dec-17",42.25,43.26,41.44,42.02,178134
"19-Dec-17",42.18,42.28,41.695,42.05,186841
"20-Dec-17",42.48,42.6059,41.74,42.04,132159
"21-Dec-17",42.24,42.2533,41.545,42,109108
"22-Dec-17",41.9,42.05,41.35,41.75,120214
"26-Dec-17",41.43,42.03,41.42,42,190474
"27-Dec-17",42.02,42.645,41.84,42.25,147545
"28-Dec-17",42.42,42.99,42.04,42.87,152362
"29-Dec-17",43.03,43.49,42.43,42.53,86071
"02-Jan-18",42.58,43.055,42.17,42.61,136474
"03-Jan-18",42.56,43.0563,42.36,42.92,220700
"04-Jan-18",43.11,44.08,42.96,43.62,196249
"05-Jan-18",43.62,43.715,43.21,43.55,138559
"08-Jan-18",43.45,43.45,42.48,42.56,109196
"09-Jan-18",42.57,42.83,42.36,42.54,97469
"10-Jan-18",42.48,42.91,42.29,42.67,65094
"11-Jan-18",42.76,43.65,42.72,43.23,75470
"12-Jan-18",43.29,43.93,43.2,43.35,66922
"16-Jan-18",43.5,43.95,43.35,43.51,162141
"17-Jan-18",43.65,44.21,43.06,43.95,110946
"18-Jan-18",44.09,44.14,43.4,43.88,117947
"19-Jan-18",43.82,44.44,43.82,44.37,90154
"22-Jan-18",44.4,44.577,43.57,44.09,76217
"23-Jan-18",44.03,44.4848,43.9,44.24,80798
"24-Jan-18",44.36,44.4571,43.83,44.1,109637
"25-Jan-18",44.34,44.3906,43.81,44.03,117987
"26-Jan-18",44.57,44.65,43.9,44.23,111944
"29-Jan-18",44.17,44.28,43.43,43.7,152771
"30-Jan-18",43.58,43.82,42.9345,43.47,112569
"31-Jan-18",43.51,43.73,43.07,43.5,144510
"01-Feb-18",43.23,43.75,43.07,43.74,88202
"02-Feb-18",43.36,43.65,42.17,42.5,122428
"05-Feb-18",41.98,42.28,40.44,40.68,127016
"06-Feb-18",39.98,41.1687,39.48,40.49,118304
"07-Feb-18",40.23,40.9,40.14,40.27,69529
"08-Feb-18",40.35,40.46,39,39.71,194536
"09-Feb-18",40.09,40.41,38.58,39.73,184999
"12-Feb-18",39.9,40.36,39.75,40.03,103955
"13-Feb-18",40,40.23,39.52,39.65,80544
"14-Feb-18",39.32,40.21,39.17,40,95876
"15-Feb-18",40.07,40.15,39.57,39.88,69367
"16-Feb-18",39.82,39.9,39,39.06,89218
"20-Feb-18",38.83,39.39,38.66,39.08,78990
"21-Feb-18",39.11,39.63,38.88,38.99,47323
"22-Feb-18",39.1,39.73,38.73,39,117110
"23-Feb-18",39.17,39.31,39,39.1,56674
"26-Feb-18",39.23,39.94,38.98,39.44,99376
"27-Feb-18",39.54,39.97,39.16,39.17,102741
"28-Feb-18",39.25,40.22,39.25,39.65,108476
"01-Mar-18",39.66,40.41,39.5,40.22,150652
"02-Mar-18",39.8,41.79,39.4751,41.68,134434
"05-Mar-18",41.45,42.25,41.271,42.05,74290
"06-Mar-18",42.25,42.8,42,42.74,136399
"07-Mar-18",42.33,43.32,42,43.12,131760
"08-Mar-18",43.33,44.31,42.945,44.15,84360
"09-Mar-18",44.28,45.62,44.15,45.54,141922
"12-Mar-18",45.59,46.31,45.37,45.95,106864
"13-Mar-18",46,46.96,45.675,45.88,154810
"14-Mar-18",46.01,46.01,45.14,45.64,95326
"15-Mar-18",45.64,46.02,45.2515,45.64,103690
"16-Mar-18",45.64,46.94,45.131,46.88,473994
"19-Mar-18",46.7,46.7,45.041,46.11,110592
"20-Mar-18",46.07,46.27,45.54,45.64,56834
"21-Mar-18",45.72,45.84,45.3,45.43,51843
"22-Mar-18",45.22,46.73,43.87,43.98,104918
"23-Mar-18",44.14,44.97,42.23,42.25,133246
"26-Mar-18",42.78,43.72,42.43,42.95,92633
"27-Mar-18",43.22,44,42.11,42.33,165287
"28-Mar-18",42.32,43.895,41.85,42,77530
"29-Mar-18",42.07,43.6048,41.99,42.68,90287
"02-Apr-18",42.42,42.92,42.11,42.63,89909
"03-Apr-18",42.83,43.63,42.6,43.09,103205
"04-Apr-18",42.55,43.81,42.04,43.57,60894
"05-Apr-18",43.87,43.87,41.1441,43.55,88296
"06-Apr-18",43.26,43.68,42.1142,42.37,115161
"09-Apr-18",42.67,43.1,41.88,42.49,63528
"10-Apr-18",42.95,43.83,42.828,43.3,59918
"11-Apr-18",43.07,43.58,42.885,43.57,57477
"12-Apr-18",43.75,44.43,43.32,43.74,103451
"13-Apr-18",44.19,44.4,43.63,44.01,76850
"16-Apr-18",44.18,44.34,43.4572,44.07,40794
"17-Apr-18",44.36,44.82,44.11,44.62,72660
"18-Apr-18",44.77,45.62,44.17,45.34,137545
"19-Apr-18",45.31,45.99,45.31,45.71,69671
"20-Apr-18",45.55,45.93,42.6,45.73,50930
"23-Apr-18",45.53,45.9023,45.3,45.57,39854
"24-Apr-18",45.71,45.96,44.6345,45.54,47963
"25-Apr-18",45.61,46.04,45.14,45.43,58045
"26-Apr-18",45.52,45.745,44.92,45.03,73418
"27-Apr-18",45.25,45.915,44.88,45.17,42944
"30-Apr-18",45.17,45.68,44.82,44.82,36706
"01-May-18",44.82,45.24,44.281,45.2,54918
"02-May-18",45.13,46.28,44.35,45.85,122482
"03-May-18",45.58,45.58,44.57,44.94,36186
"04-May-18",44.78,45.71,44.77,45.35,35015
"07-May-18",45.39,46.11,44.7336,45.97,65957
"08-May-18",45.91,46.59,45.58,46.39,42538
"09-May-18",46.69,47.05,44.4694,46.88,91778
"10-May-18",47,47.18,46.7633,47.08,73646
"11-May-18",47.08,47.29,46.5,46.79,72370
"14-May-18",46.77,46.77,46.03,46.12,45344
"15-May-18",45.98,46.73,45.76,46.24,41402
"16-May-18",46.22,46.71,45.9107,46.34,54576
"17-May-18",46.43,46.99,46.24,46.4,59510
"18-May-18",46.54,47.04,46.21,46.98,58607
"21-May-18",47.24,48.16,47.0049,48.15,80099
"22-May-18",48.25,49.14,46.3025,48.2,55419
"23-May-18",48.12,48.64,47.315,48.6,32907
"24-May-18",48.35,48.67,47.335,48.57,28814
"25-May-18",48.31,49.485,48.31,49.28,45138
"29-May-18",49.02,49.2319,48.31,48.7,39428
"30-May-18",48.96,49.51,48.55,49.5,54451
"31-May-18",49.51,50.1299,49.21,50,91927
"01-Jun-18",50.23,50.68,49.29,49.65,94908
"04-Jun-18",49.52,50.3,49.1722,50.09,136137
"05-Jun-18",50.05,50.1495,47.4768,50.07,81674
"06-Jun-18",50.12,52,49.74,51.61,117441
"07-Jun-18",51.73,51.87,51.27,51.44,38760
"08-Jun-18",51.2,51.61,51.09,51.41,32318
"11-Jun-18",51.46,51.77,51.025,51.45,63986
"12-Jun-18",51.51,51.51,50.35,50.81,32667
"13-Jun-18",50.93,50.94,50.04,50.25,42138
"14-Jun-18",50.28,52,50.2129,51.99,83043
"15-Jun-18",51.82,51.89,50.1,51.85,176771
"18-Jun-18",51.78,53.1934,51.34,53.06,159810
"19-Jun-18",52.93,53.27,52.36,52.74,63634
"20-Jun-18",52.87,53.38,52.3,52.91,80209
"21-Jun-18",53.23,53.5657,52.21,52.39,92389
"22-Jun-18",52.94,52.98,52.26,52.49,135244
"25-Jun-18",52.24,52.24,50.935,51.73,63027
"26-Jun-18",51.7,52.08,50.97,51.98,39431
"27-Jun-18",51.88,52.015,51.04,51.19,58635
"28-Jun-18",51.19,51.5,50.92,51.37,49144
"29-Jun-18",51.6,51.8799,51.47,51.71,72704
"02-Jul-18",51.66,52.1,51.12,52.03,51379
"03-Jul-18",52.17,52.21,51.55,51.99,78108
"05-Jul-18",52,52,50.8701,51.91,81343
"06-Jul-18",52,52.06,51.685,51.86,61218
"09-Jul-18",51.95,52.58,51.69,52.565,84220
"10-Jul-18",52.75,53.19,52.14,53.09,46474
"11-Jul-18",52.8,53.51,52.775,53.22,43713
"12-Jul-18",53.42,53.6,52.88,53.3,42724
"13-Jul-18",53.44,53.87,53.15,53.52,37195
"16-Jul-18",53.7,54.46,53.33,54.28,39983
"17-Jul-18",54.27,54.999,54.27,54.46,40383
"18-Jul-18",54.65,55.61,54.49,55.48,78690
"19-Jul-18",55.48,55.7,54.41,54.83,134806
"20-Jul-18",54.82,54.99,53.1,53.2,113990
"23-Jul-18",53.15,54.9,53.15,54.64,38479
"24-Jul-18",54.92,55.72,54.65,54.9,39495
"25-Jul-18",54.89,55.27,54.21,54.65,30442
"26-Jul-18",54.51,55.48,54.51,55.27,48408
"27-Jul-18",55.16,55.5,53.68,54.08,31465
"30-Jul-18",54.19,54.86,53.255,53.46,34396
"31-Jul-18",53.59,53.78,52.73,53.59,52590
"01-Aug-18",53.5,54.54,53.1546,54.43,58560
"02-Aug-18",54.24,56.7,54.06,56.45,84922
"03-Aug-18",56.61,56.73,54.83,55.34,43473
"06-Aug-18",55.32,56.04,54.8,55.5,38233
"07-Aug-18",57,57,54.51,55.36,45068
"08-Aug-18",55.32,56.145,53.312,55.47,61556
"09-Aug-18",55.31,56.4032,55.31,55.4,22890
"10-Aug-18",55.11,55.86,54.74,54.85,35943
"13-Aug-18",54.84,55.4799,54.8041,55.1,26658
"14-Aug-18",55.15,55.91,55.15,55.57,24547
"15-Aug-18",55.41,55.99,54.5,54.59,29172
"16-Aug-18",54.39,55.41,54.39,55.09,34784
"17-Aug-18",54.91,55.835,54.91,55.28,75290
"20-Aug-18",55.42,55.42,54.661,54.8,43786
"21-Aug-18",54.7,55.4,54.4382,55.25,59822
"22-Aug-18",55.13,55.88,55.13,55.73,43552
"23-Aug-18",55.74,56.12,55.3,55.94,47625
"24-Aug-18",55.98,56.81,55.98,56.5,51595
"27-Aug-18",56.82,57,55.97,56.09,26833
"28-Aug-18",56.09,56.41,55.76,56.2,23440
"29-Aug-18",56.22,56.39,55.86,56.05,24072
"30-Aug-18",55.97,56.66,55.52,56.26,37639
"31-Aug-18",56.1,56.4,55.31,55.76,34184
"04-Sep-18",55.57,56.03,54.6551,55.96,25682
"05-Sep-18",55.81,56.21,54.3526,56.1,36621
"06-Sep-18",56.17,56.18,54.0701,54.08,35034
"07-Sep-18",54.07,55.01,53.79,54.9,79027
"10-Sep-18",55.18,56.26,54.35,55.98,72938
"11-Sep-18",55.98,56.06,55.015,55.31,31243
"12-Sep-18",55.16,55.7132,53.49,53.615,38076
"13-Sep-18",53.63,54.55,53.13,53.52,40756
"14-Sep-18",53.48,55.44,53.25,55.07,60088
"17-Sep-18",55.06,55.06,51.94,52.06,62092
"18-Sep-18",52.15,52.64,51.02,51.53,86013
"19-Sep-18",51.77,53.9159,51.24,51.96,142566
"20-Sep-18",52.12,52.585,51.1,51.55,173202
"21-Sep-18",51.57,52.99,48.34,48.47,559517
"24-Sep-18",48.96,49.24,48.055,48.79,294815
"25-Sep-18",48.91,49.59,48.26,49.06,111726
"26-Sep-18",49.05,49.34,48.53,48.83,83174
"27-Sep-18",48.79,49.03,48.39,48.41,60258
"28-Sep-18",48.27,48.705,48.06,48.32,57900
"01-Oct-18",48.48,49.28,48.2843,48.51,99060
"02-Oct-18",48.37,48.58,47.63,47.68,65000
"03-Oct-18",47.78,49.09,47.77,48.8,105918
"04-Oct-18",47.99,49.12,47.99,48.62,67778
"05-Oct-18",48.62,49.1102,47.57,48,57747
"08-Oct-18",48,48.5145,46.58,46.58,73180
"09-Oct-18",46.37,46.73,46.0102,46.46,59163
"10-Oct-18",46.44,46.64,45.195,45.96,114370
"11-Oct-18",45.51,46.92,45.51,45.65,138725
"12-Oct-18",45.97,46.29,44.79,44.79,94952
"15-Oct-18",44.78,45.57,44.07,44.89,62953
"16-Oct-18",45.07,46.604,44.86,46.52,48942
"17-Oct-18",46.39,46.98,45.3472,46.85,91076
"18-Oct-18",46.64,47.05,45.78,46.16,43681
"19-Oct-18",46.08,46.5,44.3036,45.48,63743
"22-Oct-18",45.67,46.18,45.2848,45.51,50204
"23-Oct-18",45.02,45.15,43.89,44.11,69345
"24-Oct-18",44.04,44.56,42,42.07,72253
"25-Oct-18",42.23,44.17,42.23,43.76,92405
"26-Oct-18",43.11,44.58,43,44.24,75248
"29-Oct-18",44.69,45.585,44.4217,45.3,64311
"30-Oct-18",45.36,46.86,45.36,46.57,45795
"31-Oct-18",47.03,47.89,45.17,45.28,51559
"01-Nov-18",45.32,47.5624,45.31,46.09,46965
"02-Nov-18",46.32,47.38,46.32,47.22,66392
"05-Nov-18",47.23,47.47,46.76,47.24,62540
"06-Nov-18",47.13,48.22,46.83,47.9,23226
"07-Nov-18",48.35,49.44,47.91,49.23,49780
"08-Nov-18",49.01,49.74,49.01,49.55,29559
"09-Nov-18",49.46,49.46,48.59,48.59,38380
"12-Nov-18",48.47,48.47,47.46,47.62,36295
"13-Nov-18",47.63,47.835,46.01,46.1,50702
"14-Nov-18",46.36,46.692,44.65,44.99,42614
"15-Nov-18",44.91,45.96,44.56,45.96,36177
"16-Nov-18",45.66,46.1355,44.88,45.54,146963
"19-Nov-18",45.4,45.5,43.85,43.92,71848
"20-Nov-18",43.4,43.4,41.39,41.46,90611
"21-Nov-18",41.5,42,40.66,41.22,102667
"23-Nov-18",41,41.0101,39.97,40.57,35642
"26-Nov-18",40.65,41.1362,38.96,39.41,110540
"27-Nov-18",39.34,39.79,38.7629,39.29,72228
"28-Nov-18",38.84,39.4625,38.07,39.3,108542
"29-Nov-18",39.17,39.7,39.17,39.41,96463
"30-Nov-18",39.33,39.73,38.93,38.96,127571
"03-Dec-18",39.44,40.695,39.12,40.58,78895
"04-Dec-18",40.4,40.86,39.6,39.65,92316
"06-Dec-18",39.33,39.87,38.3348,39.83,92943
"07-Dec-18",39.93,40.465,39.27,39.54,77167
"10-Dec-18",39.47,39.78,38.715,39.38,72905
"11-Dec-18",39.99,39.99,38.62,39.65,55976
"12-Dec-18",40.02,41.89,39.23,39.68,102777
"13-Dec-18",39.64,40.7222,37.68,37.77,67188
"14-Dec-18",37.22,38.25,37.185,37.94,72075
"17-Dec-18",37.7,38.82,37.52,37.56,78526
"18-Dec-18",37.7,38.52,37.02,37.27,53628
"19-Dec-18",37.26,37.98,36.38,36.52,44061
"20-Dec-18",36.26,37.25,35.46,35.92,54485
"21-Dec-18",36.06,36.35,35.14,35.38,156746
"24-Dec-18",35.08,35.87,35.07,35.07,21624
"26-Dec-18",35.19,36.66,35.07,36.59,45013
"27-Dec-18",36.13,38.02,35.47,36.15,52015
"28-Dec-18",35.92,37.51,35.92,36.4,60923
"31-Dec-18",36.76,37.07,35.79,36.58,45859
"02-Jan-19",36.01,37.16,35.77,36.8,34287
"03-Jan-19",36.79,36.85,35.73,35.73,37991
"04-Jan-19",36.14,37.91,35.97,37.57,58913
"07-Jan-19",37.64,38.5069,37.01,37.65,58249
"08-Jan-19",38.1,38.26,37.01,37.11,60745
"09-Jan-19",37.04,37.7,36.14,37.14,77341
"10-Jan-19",36.82,37.5,36.57,37.15,100621
"11-Jan-19",37.12,38.6,37.12,38.25,58054
"14-Jan-19",38.09,38.72,37.6976,37.99,39528
"15-Jan-19",38,39.23,37.99,38.57,54506
"16-Jan-19",38.72,39.99,38.584,39.53,52450
"17-Jan-19",39.22,39.99,38.71,39.08,90211
"18-Jan-19",39.12,39.43,38.55,38.63,52895
"22-Jan-19",38.35,38.59,37.29,37.85,59882
"23-Jan-19",37.86,38.0183,37.11,37.4,43448
"24-Jan-19",37.4,38.75,37.3,38.59,104038
"25-Jan-19",38.66,39.74,38.19,38.68,95143
"28-Jan-19",38.25,39.06,37.82,37.9,42430
"29-Jan-19",37.9,38.1963,37.39,37.51,46242
"30-Jan-19",37.52,37.89,36.96,37.7,52814
"31-Jan-19",37.53,38.29,37.4,38.23,64100
"01-Feb-19",38.36,38.91,38.21,38.72,53492
"04-Feb-19",38.7,39.38,38.41,39.24,61758
"05-Feb-19",39.53,40.08,39.03,39.96,55109
"06-Feb-19",39.81,40.3131,39.535,39.68,34112
"07-Feb-19",39.05,39.22,36.93,38.54,122828
"08-Feb-19",38.36,38.9,37.855,38.83,88840
"11-Feb-19",38.99,39.91,38.355,39.79,101777
"12-Feb-19",39.8,40.3602,38.82,38.94,82184
"13-Feb-19",39.26,39.615,38.56,39.05,111770
"14-Feb-19",38.99,39.685,38.77,39.51,104697
"15-Feb-19",39.89,40.95,39.78,40.07,385302
"19-Feb-19",40.02,42.72,40.02,42.62,151203
"20-Feb-19",42.63,43.31,42.04,43.17,105656
"21-Feb-19",43.05,43.05,42.09,42.14,64809
"22-Feb-19",42.29,42.9142,42.04,42.44,77604
"25-Feb-19",42.76,44.4,42.76,43.32,79036
"26-Feb-19",42.97,43.57,42.54,43.07,94583
"27-Feb-19",43.06,43.67,42.96,43.67,56821
"28-Feb-19",43.55,43.95,43.28,43.5,67351
"01-Mar-19",43.67,44.09,43.59,44.04,81024
"04-Mar-19",43.97,44.57,43.54,44.05,88802
"05-Mar-19",43.97,43.97,43.07,43.57,89479
"06-Mar-19",43.65,43.7653,43.44,43.64,82979
"07-Mar-19",43.57,43.6,42.25,42.76,88554
"08-Mar-19",42.5,42.5,40.43,40.66,78216
"11-Mar-19",40.75,41.2361,39.61,40.15,82010
"12-Mar-19",40.03,40.6,39.445,40.24,70829
"13-Mar-19",40.57,42.41,40.4884,42.09,86477
"14-Mar-19",42.1,42.77,42,42.65,42924
"15-Mar-19",42.67,42.96,41.22,41.32,141453
"18-Mar-19",41.41,42.5,41.39,42.22,60295
"19-Mar-19",42.58,43.35,41.95,41.97,84454
"20-Mar-19",41.98,42.84,41.25,41.45,79954
"21-Mar-19",41.26,41.97,41.01,41.02,74221
"22-Mar-19",40.77,41.22,39.06,39.06,74904
"25-Mar-19",39.05,39.635,38.3953,39.31,51395
"26-Mar-19",40.48,40.48,39.04,39.54,67346
"27-Mar-19",39.52,39.7176,38.8135,38.96,43767
"28-Mar-19",38.94,39.28,37.8862,38.5,51316
"29-Mar-19",38.8,39.33,38.07,38.76,127381
"01-Apr-19",39.27,41.3,39.245,40.54,115768
"02-Apr-19",40.5,40.6689,39.4311,39.98,44370
"03-Apr-19",40.31,40.47,39.49,39.8,49095
"04-Apr-19",39.68,40.4148,39.615,39.8,41967
"05-Apr-19",39.93,40.33,39.755,40.29,55738
"08-Apr-19",40.22,40.22,39.65,39.81,35957
"09-Apr-19",39.8,39.98,38.98,39.05,56287
"10-Apr-19",39.11,40.08,39,39.87,70056
"11-Apr-19",39.67,39.8111,39.1,39.21,30222
"12-Apr-19",39.61,39.95,39.03,39.18,28001
"15-Apr-19",39.27,39.5192,38.74,39.16,29802
"16-Apr-19",39.4,39.91,39.24,39.9,30456
"17-Apr-19",39.89,40.16,39.5001,39.93,59164
"18-Apr-19",39.87,40.25,39.3,39.7,47071
"22-Apr-19",39.62,39.965,39.435,39.71,29386
"23-Apr-19",39.86,40.93,39.62,40.55,36548
"24-Apr-19",40.5,40.88,40.46,40.68,33618
"25-Apr-19",40.52,40.58,39.96,40.51,40058
"26-Apr-19",40.51,41.31,40.2601,41.15,47601
"29-Apr-19",41.18,42.39,40.85,42.09,57933
"30-Apr-19",41.73,41.99,40.32,40.56,85112
"01-May-19",40.61,41.09,39.01,39.2,176552
"02-May-19",39,39.79,38.63,39.1,56644
"03-May-19",39.4,40,39.35,39.98,42725
"06-May-19",39.2,40.745,39.2,39.93,65016
"07-May-19",39.46,40.196,39.295,39.48,75921
"08-May-19",39.01,40.6,37.21,37.53,164084
"09-May-19",36.98,39.2561,36.2,37.57,63287
"10-May-19",37.34,37.34,36.81,37.25,42906
"13-May-19",36.5,37.455,36,37.07,72140
"14-May-19",37.23,37.23,36.755,37.05,41746
"15-May-19",36.7,37.075,36.4281,36.86,43416
"16-May-19",36.77,37.16,36.64,36.73,31712
"17-May-19",36.41,36.41,35.605,36,79742
"20-May-19",35.74,36.36,35.51,36.02,66539
"21-May-19",36.31,36.92,36.24,36.84,92891
"22-May-19",36.81,36.84,36.21,36.5,48825
"23-May-19",36.35,36.55,35.96,36.52,88465
"24-May-19",36.74,36.9107,36.27,36.46,33337
"28-May-19",36.7,36.7,35.8,35.84,62689
"29-May-19",35.75,36.44,35.28,36.07,84133
"30-May-19",36.08,36.33,35.2897,35.6,69040
"31-May-19",35.1,35.3096,34.24,34.76,92471
"03-Jun-19",34.67,34.895,34.18,34.78,74345
"04-Jun-19",35.05,35.94,34.8835,35.74,48074
"05-Jun-19",35.88,35.88,34.5,34.77,50904
"06-Jun-19",34.75,34.84,34.1,34.77,43802
"07-Jun-19",34.65,34.98,34.25,34.25,49873
"10-Jun-19",34.44,35.49,34.44,35.22,44838
"11-Jun-19",35.8237,35.8237,35.085,35.27,47596
"12-Jun-19",35.24,35.55,35.1,35.35,40959
"13-Jun-19",35.29,35.41,35.09,35.34,45553
"14-Jun-19",35.33,35.422,35.158,35.17,47466
"17-Jun-19",35.14,35.56,34.81,35.03,51987
"18-Jun-19",35.22,35.92,34.93,35.85,80844
"19-Jun-19",35.9,36.24,35.52,36.11,59288
"20-Jun-19",36.34,36.63,35.89,36.62,50934
"21-Jun-19",36.38,37.1,36.14,36.99,136105
"24-Jun-19",37.05,37.16,36.36,36.75,81844
"25-Jun-19",36.59,36.86,36.2,36.54,68250
"26-Jun-19",36.825,37.4011,36.2293,37.2,64148
"27-Jun-19",37.34,38.35,37.34,38.35,87948
"28-Jun-19",38.24,39.89,38.24,39.59,175843
"01-Jul-19",40.03,40.47,39.37,39.61,55472
"02-Jul-19",39.65,39.71,39.35,39.43,43420
"03-Jul-19",39.49,39.63,39.1971,39.57,23488
"05-Jul-19",39.48,39.91,39.2011,39.82,28887
"08-Jul-19",39.5,39.8,38.78,39.14,39371
"09-Jul-19",39.02,39.51,38.83,39.5,30908
"10-Jul-19",39.55,39.92,39.19,39.27,28237
"11-Jul-19",39.28,39.49,38.241,38.91,36631
"12-Jul-19",38.93,39.09,38.48,38.86,37206
"15-Jul-19",38.71,38.88,38.1,38.64,41417,,434381
"16-Jul-19",38.68,39.52,38.4001,38.82,69820
"17-Jul-19",38.77,38.97,38.33,38.95,73580
"18-Jul-19",38.78,39.46,38.565,39.13,37018
"19-Jul-19",38.93,39.5499,38.764,38.95,52807
"22-Jul-19",38.97,39.0072,38.31,38.59,23959
"23-Jul-19",38.93,39.455,38.76,39.24,54848
"24-Jul-19",39.23,40.95,39.23,40.8,64717
"25-Jul-19",40.9,40.9862,39.15,39.25,34877
"26-Jul-19",39.49,40.21,39.35,39.97,59201
"29-Jul-19",40.0324,40.0324,39.1801,39.88,31558
"30-Jul-19",39.88,41.01,39.83,40.67,74372
"31-Jul-19",40.74,41.59,40.3859,40.78,67282,,435519
"01-Aug-19",40.91,41.37,39.7779,40.15,69485
"02-Aug-19",40.14,40.14,38.16,39,70758
"05-Aug-19",38.19,38.538,36.89,37.6,61792
"06-Aug-19",37.59,38.2,36.7,37.34,53367
"07-Aug-19",36.61,36.91,35.32,36.13,67434
"08-Aug-19",36.39,36.89,36.28,36.68,45093
"09-Aug-19",36.33,37.03,35.0179,36.6,121982
"12-Aug-19",36.36,36.9,36.36,36.75,42041
"13-Aug-19",36.74,37.79,36.7,37,54031
"14-Aug-19",36.57,36.99,36.25,36.26,132053
"15-Aug-19",36.45,37.21,36.29,37.09,61353,,419449
"16-Aug-19",37.13,38.5,37.13,38.36,61385
"19-Aug-19",38.5,39.55,38.01,38.24,61484
"20-Aug-19",38.16,38.62,37.6,37.92,81223
"21-Aug-19",38.33,39.035,38.02,38.76,53798
"22-Aug-19",39.135,39.14,38.47,38.74,42121
"23-Aug-19",38.67,39.06,37.21,37.28,63344
"26-Aug-19",37.68,38.23,37.03,37.19,41416
"27-Aug-19",37.36,37.36,36.39,36.83,71254
"28-Aug-19",36.86,38.6608,36.79,38.55,60572
"29-Aug-19",38.97,39.59,38.74,39.28,56340
"30-Aug-19",39.5,39.745,38.87,39.21,48242,,403818
"03-Sep-19",38.92,39.09,38.415,38.64,56669
"04-Sep-19",39.04,39.37,38.52,38.54,59544
"05-Sep-19",39.05,40.16,38.81,39.45,66199
"06-Sep-19",39.69,40.3,39.35,39.66,48125
"09-Sep-19",39.84,40.8,39.7446,40.39,70755
"10-Sep-19",40.43,41.05,40.3,41.04,83450
"11-Sep-19",41.22,43.06,41.1,42.9,72590
"12-Sep-19",42.6,44.98,42.6,44.36,94699
"13-Sep-19",44.3,45.02,44.02,44.13,108531,,349664
"16-Sep-19",43.93,44.65,43.4023,44.41,55291
"17-Sep-19",44.11,44.205,43.305,43.94,52841
"18-Sep-19",43.84,43.84,42.59,43.02,83633
"19-Sep-19",43.16,43.7,42.67,42.93,72542
"20-Sep-19",42.88,43.49,42.6,43.02,119100
"23-Sep-19",42.72,43.06,42.6,42.77,52336
"24-Sep-19",42.68,43.62,42.62,42.88,82278
"25-Sep-19",42.75,43.53,42.585,42.79,51714
"26-Sep-19",42.64,43.32,42.64,43.18,90630
"27-Sep-19",43.04,43.22,42.2,42.29,57351
"30-Sep-19",42.33,42.7,41.01,41.06,81311,,350529
"01-Oct-19",41.2,41.28,39.82,40.13,61324
"02-Oct-19",39.75,39.99,39.0168,39.57,49485
"03-Oct-19",39.46,39.65,38.57,39.24,43236
"04-Oct-19",39.29,39.76,38.93,39.74,41999
"07-Oct-19",39.71,40.14,39.45,39.62,57301
"08-Oct-19",39.3,39.77,38.77,39.4,50980
"09-Oct-19",39.63,40.38,39.63,39.99,39337
"10-Oct-19",40.1,40.29,39.73,39.85,64094
"11-Oct-19",40.12,40.8,39.98,40.32,59964
"14-Oct-19",40.15,41.875,40.04,41.28,63523
"15-Oct-19",41.57,43.155,41.4763,41.83,69807,,212402
"16-Oct-19",42.02,43.12,41.35,41.64,67777
"17-Oct-19",41.86,41.94,40.24,40.37,64568
"18-Oct-19",40.13,40.37,39.24,39.86,44763
"21-Oct-19",40.33,40.6595,40.0401,40.29,31392
"22-Oct-19",40.27,40.35,39.38,39.51,19724
"23-Oct-19",39.49,39.69,39.37,39.65,27574
"24-Oct-19",39.73,39.73,39.04,39.36,36005
"25-Oct-19",39.53,40.5,39.46,40.27,41495
"28-Oct-19",40.4,41.48,40.4,41.39,52900
"29-Oct-19",41.39,41.5,41.18,41.33,46048
"30-Oct-19",41.27,41.27,40.74,40.77,44859
"31-Oct-19",40.68,40.68,39.7,40,39426,,307487
"01-Nov-19",40.38,40.75,40.15,40.75,48856
"04-Nov-19",41.04,41.73,40.74,41.67,62373
"05-Nov-19",41.75,42.12,41.44,41.56,38611
"06-Nov-19",41.68,41.79,41.07,41.16,34601
"07-Nov-19",41.65,41.78,41.2739,41.5,26806
"08-Nov-19",41.42,41.5081,40.26,40.49,57718
"11-Nov-19",40.14,40.47,39.74,39.94,59209
"12-Nov-19",39.94,40.04,39.09,39.64,60118
"13-Nov-19",39.33,39.33,38.43,38.67,59761
"14-Nov-19",38.57,38.93,38.04,38.67,50395
"15-Nov-19",39.05,39.49,38.87,39.16,28938,,249796
"18-Nov-19",38.95,39.13,38.7261,38.87,23707
"19-Nov-19",39.03,39.78,39.03,39.44,31994
"20-Nov-19",39.26,39.965,39.08,39.42,57034
"21-Nov-19",39.66,39.66,38.8,39.3,43674
"22-Nov-19",39.32,39.68,38.851,39.44,25609
"25-Nov-19",39.76,40.97,39.45,40.82,39740
"26-Nov-19",40.8,40.92,40.01,40.11,40634
"27-Nov-19",40.23,40.45,39.46,39.87,32281
"29-Nov-19",39.69,40.18,39.69,40,37326,,247294
"02-Dec-19",40,41.06,39.91,40.99,69122
"03-Dec-19",40.58,41.6291,40.15,40.66,186621
"04-Dec-19",41.07,41.63,40.39,40.84,119599
"05-Dec-19",40.62,41.36,40.62,41.27,74904
"06-Dec-19",41.5,42.56,41.5,42.45,72731
"09-Dec-19",42.1,42.82,41.36,41.46,127042
"10-Dec-19",41.23,41.26,40.2,40.69,78063
"11-Dec-19",40.89,40.89,40.06,40.08,96513
"12-Dec-19",41.49,42.51,40.79,42.39,199958
"13-Dec-19",42.34,44.83,42.18,44.83,147924,,236736
"16-Dec-19",45,49.37,44.06,48.52,227218
"17-Dec-19",48.08,50.54,48.048,49.68,112269
"18-Dec-19",49.8,50.25,49.0801,49.55,80435
"19-Dec-19",49.9,50.755,49.8183,50.27,128823
"20-Dec-19",50.25,50.56,48.56,49.29,268830
"23-Dec-19",49.46,49.58,48.37,48.46,50762
"24-Dec-19",48.58,49.03,48.37,48.68,46892
"26-Dec-19",48.73,49.37,48.655,48.9,104169
"27-Dec-19",49,49.1,48.36,48.55,58809
"30-Dec-19",48.79,49.42,48.4425,49,71830
"31-Dec-19",48.94,49.37,48.56,48.83,67103,,253017
"02-Jan-20",48.93,48.93,47.48,48.57,79115
"03-Jan-20",48.13,48.68,47.8319,48.44,85448
"06-Jan-20",47.7,48.73,47.32,48.52,58026
"07-Jan-20",48.47,48.91,48.03,48.88,49448
"08-Jan-20",48.82,49.92,48.45,49.82,98067
"09-Jan-20",49.92,50.2276,49.29,49.41,68877
"10-Jan-20",49.29,49.47,48.75,49.11,80764
"13-Jan-20",49.31,51.11,49.06,50.58,107447
"14-Jan-20",50.58,50.67,49.7,49.77,75323
"15-Jan-20",49.67,50.84,49.26,50.6,98350,,268061
"16-Jan-20",50.46,50.96,49.524,50.95,84069
"17-Jan-20",51.33,51.33,50.27,50.41,51165
"21-Jan-20",50.38,51.94,49.55,51.6,122791
"22-Jan-20",51.87,52.23,51.36,51.65,60252
"23-Jan-20",51.68,51.68,50.35,51.22,82848
"24-Jan-20",51.5,51.5,49.7118,50.1,57662
"27-Jan-20",49.1,49.9322,47.157,48.94,51154
"28-Jan-20",49.41,49.41,48.48,48.62,46181
"29-Jan-20",48.82,49.49,48.12,48.21,58548
"30-Jan-20",47.88,48.94,47.36,48.86,64957
"31-Jan-20",48.74,48.74,47.59,47.66,60757,,233597
"03-Feb-20",48.16,48.71,47.42,47.79,85233
"04-Feb-20",48.44,49.31,47.92,49.03,54241
"05-Feb-20",49.69,49.69,48.225,49.11,54143
"06-Feb-20",49.29,51.5,48.89,49.88,100184
"07-Feb-20",50.08,50.08,48.37,48.76,44461
"10-Feb-20",48.73,49.06,48.37,48.59,44518
"11-Feb-20",48.69,51.745,48.29,51.68,79474
"12-Feb-20",51.67,52.02,51.31,51.44,64068
"13-Feb-20",51.19,51.66,50.01,50.08,75034
"14-Feb-20",50.04,51.78,49.98,51.71,58164,,232331
"18-Feb-20",51.76,51.95,51.3,51.52,40818
"19-Feb-20",51.55,52.19,51.53,51.87,36836
"20-Feb-20",51.69,51.995,51.167,51.71,36050
"21-Feb-20",51.57,51.57,50.195,50.4,39043
"24-Feb-20",48.91,49.05,48.0395,48.19,49765
"25-Feb-20",48.2,48.2,45.02,45.25,66232
"26-Feb-20",45.25,45.96,44.95,45.23,73599
"27-Feb-20",44,46.9899,42.96,45.96,114457
"28-Feb-20",44.52,46.345,44.14,45.55,157661,,228354
"02-Mar-20",46.45,46.45,44.71,45.67,119627
"03-Mar-20",45.22,46.56,44.91,45.87,94268
"04-Mar-20",46.54,46.99,45.41,46.92,47391
"05-Mar-20",45.95,46.13,43.58,43.58,123620
"06-Mar-20",42.76,42.83,40.2,40.48,147183
"09-Mar-20",38.16,38.57,35.83,37.46,90659
"10-Mar-20",38.51,39.6521,36.93,38.45,164668
"11-Mar-20",37.46,37.97,36.78,37.81,99727
"12-Mar-20",35.29,36.0432,32.33,32.43,145336
"13-Mar-20",33.87,35.0077,31,33,126388,,332402
"16-Mar-20",30.11,32.845,28.62,29.01,97928
"17-Mar-20",29.06,33.8,28.79,32.4,273967
"18-Mar-20",30.24,32.455,28.01,29.2,192337
"19-Mar-20",28.79,32.9,28.79,32.6,159366
"20-Mar-20",32.98,35.44,30.81,31.42,170956
"23-Mar-20",32.55,33.93,28.1,31.35,108371
"24-Mar-20",33.57,39.68,33.57,39.39,171687
"25-Mar-20",39.71,40.68,37.01,38.04,197142
"26-Mar-20",38.85,41,36.2312,37.35,102085
"27-Mar-20",35.72,37.03,34.24,34.49,123187
"30-Mar-20",34.89,36.43,33.89,35.98,93171
"31-Mar-20",35.74,36.28,35.12,36.26,83359,,429503
"01-Apr-20",35.07,35.61,33.14,33.28,62912
"02-Apr-20",32.55,35.38,32.55,34.61,68907
"03-Apr-20",34.05,34.779,32,33.35,97100
"06-Apr-20",34.99,36.74,34.81,36.25,108951
"07-Apr-20",38.78,40.1999,34.7,35.02,152567
"08-Apr-20",35.47,36.8813,35.0452,36.09,78385
"09-Apr-20",37.41,37.41,35.32,36.16,95050
"13-Apr-20",36.91,37.595,35.1301,37.48,78356
"14-Apr-20",37.89,38.82,37.1807,38.65,95665
"15-Apr-20",37.72,37.81,36.06,37.29,80440,,402446
"16-Apr-20",37,37.71,35.02,35.76,86022
"17-Apr-20",37,37.37,36.23,36.79,63594
"20-Apr-20",35.57,36.78,33.7289,34.22,132353
"21-Apr-20",33.18,34.31,32.11,34.1,61932
"22-Apr-20",35.16,35.28,34.15,34.54,92747
"23-Apr-20",35.25,36.22,34.84,35.16,83863
"24-Apr-20",35.22,35.4999,34.21,35,56769
"27-Apr-20",35.05,36.9,35.05,36.75,44137
"28-Apr-20",37.79,38.42,37.19,38.22,51736
"29-Apr-20",39.1,42.63,39,41.8,116293
"30-Apr-20",40.62,41.8,39.87,39.96,86363,,473358
"01-May-20",38.63,39.36,37.75,39.17,106266
"04-May-20",39,39.82,38.59,39.06,84284
"05-May-20",39.79,40.36,39.52,39.55,62521
"06-May-20",39.44,39.5091,37.05,37.21,76786
"07-May-20",38.81,41.99,38.81,41.19,182323
"08-May-20",42.66,42.98,41.27,42.22,64762
"11-May-20",41.5,41.76,39.89,40.1,65038
"12-May-20",40,40.19,38.5,38.69,89051
"13-May-20",37.83,38.66,36.905,37.93,101126
"14-May-20",36.79,38.51,35.67,38.22,64769
"15-May-20",38.17,39.91,38.14,38.99,71591,,461278
"18-May-20",41.28,42.78,40.65,42.71,139233
"19-May-20",42.71,42.72,40.7,40.8,77809
"20-May-20",41.61,43.52,41.47,42.81,95483
"21-May-20",42.81,43.535,42.11,42.41,75071
"22-May-20",42.41,42.41,41.616,42.21,44921
"26-May-20",43.93,47.5,43.665,46.86,127163
"27-May-20",47.5,51.59,47.5,50.8,160936
"28-May-20",51.85,52.07,50.71,51.7,124762
"29-May-20",51.7,51.7,49.72,51.01,149226,,462842
"01-Jun-20",51.18,52,48.78,49.13,152745
"02-Jun-20",49.43,49.85,48.011,49.08,98483
"03-Jun-20",50.16,53.775,49.26,53.33,164264
"04-Jun-20",52.33,53.14,51.42,53.08,90454
"05-Jun-20",54.91,56.9384,54.0625,56.09,114520
"08-Jun-20",57,57.98,56.25,57.73,233921
"09-Jun-20",57.28,57.35,55.5,56.78,206924
"10-Jun-20",56.39,57,53.87,54.04,86649
"11-Jun-20",51.85,52.28,48.89,49.17,126594
"12-Jun-20",51.56,51.56,50,50.78,72578
"15-Jun-20",48.87,52.12,48.36,51.74,81169,,375105
"16-Jun-20",54.1,54.315,52.57,53.07,120190
"17-Jun-20",53.19,54.42,53.03,53.5,77318
"18-Jun-20",52.88,54.25,52.66,53.06,75686
"19-Jun-20",53.8,53.8,52.04,52.8,138126
"22-Jun-20",52.24,53.1,51.5201,52.58,46865
"23-Jun-20",53.52,53.639,51.89,51.93,70515
"24-Jun-20",51.33,51.73,50.62,51.08,93221
"25-Jun-20",50.91,52.95,50.475,52.84,117934
"26-Jun-20",52.32,52.89,50.74,52.02,182839
"29-Jun-20",52.54,53.79,51.96,53.57,63221
"30-Jun-20",53.48,55.25,53.48,55,55058,,379844
"01-Jul-20",55.33,55.6,54.45,54.99,80087
"02-Jul-20",55.26,56.1,55.125,55.63,55498
"06-Jul-20",59.17,61.6876,56.08,59.22,33169
"07-Jul-20",57.99,59.4,57.55,58.61,72078
"08-Jul-20",58.61,59.25,55.7,56.73,128636
"09-Jul-20",55.86,57.06,54.17,54.97,57198
"10-Jul-20",54.32,56.66,53.73,56.32,43881,2.86706
"13-Jul-20",57.12,57.12,55.2,55.43,44153,3.019787
"14-Jul-20",55.39,56.95,55.015,56.78,50306,2.715545
"15-Jul-20",58.24,59.32,57.69,58.64,65320,2.399464,339326
"16-Jul-20",58.24,58.7625,57.24,57.95,36435,2.464251
"17-Jul-20",56.78,58.45,56.78,57.51,51925,2.390149
"20-Jul-20",57.46,57.54,56.37,56.83,47338,2.398555
"21-Jul-20",57.88,57.99,56.68,56.84,55176,2.377613
"22-Jul-20",56.41,57.015,55.97,56.54,55461,2.316781
"23-Jul-20",56.08,56.74,55.74,56.09,54033,2.161185
"24-Jul-20",55.61,56.66,54.98,55.25,41495
"27-Jul-20",54.92,55.21,54.29,54.55,60774,1.89768
"28-Jul-20",54.04,54.95,53.8983,53.99,35953,1.806634
"29-Jul-20",54.09,54.71,53.53,54.27,49728,1.672684
"30-Jul-20",53.45,54.68,53.13,53.41,26075,1.603264
"31-Jul-20",53,53,51.34,52.48,75849,1.540075,312958
"03-Aug-20",52.71,54.525,52.41,53.73,49854,1.556115
"04-Aug-20",53.35,55.375,53,55.21,49799,1.582603
"05-Aug-20",55.39,57.13,55.02,56.53,43380,1.547438
"06-Aug-20",56.16,58.08,56.16,57.15,32769,1.636139
"07-Aug-20",57.01,58.81,56.5,58.29,48695,1.658246
"10-Aug-20",58.74,58.74,56.205,57.75,44993,1.772185
"11-Aug-20",58.48,60.16,58.09,59.14,55585,1.770525
"12-Aug-20",59.37,59.96,57.45,58.25,41083,1.947658
"13-Aug-20",57.84,58.67,57.48,57.82,28751,2.115749
"14-Aug-20",57.33,58.225,57.33,58.14,26016,2.038652,324439
"17-Aug-20",58.18,58.18,56.7801,57.36,39714,2.02611
"18-Aug-20",57,58.6,56.4,57.9,51125,2.014998
"19-Aug-20",58.26,59.28,58.17,58.6,52563,2.031778
"20-Aug-20",57.74,58.495,57.3846,58.16,31469,2.047808
"21-Aug-20",57.83,57.98,57.39,57.98,36238,2.04097
"24-Aug-20",58.57,59.11,57.98,58.96,56363,2.070317
"25-Aug-20",59.49,60.4,58.38,58.98,128497,2.339181
"26-Aug-20",58.9,58.9,56,57.74,78348,1.94676
"27-Aug-20",58.2,58.435,57.25,57.31,30520,1.964298
"28-Aug-20",57.47,58.53,56.03,58.1,80657,1.893874
"31-Aug-20",57.71,57.82,56.52,56.7,53870,1.978954,291331
"01-Sep-20",56.02,56.89,56,56.73,80273,2.127781
"02-Sep-20",56.77,58.01,56.13,57.85,31222,2.014549
"03-Sep-20",57.84,57.84,55.71,55.92,39437,1.678348
"04-Sep-20",56.85,56.95,55.36,55.77,50164,1.610101
"07-Sep-20",,,,,,1.635204
"08-Sep-20",55.18,56.49,52.02,52.26,103772,1.572042
"09-Sep-20",52.29,53.78,52.19,53.2,74986,1.582915
"10-Sep-20",53.32,53.32,52.375,52.82,43734,1.714247
"11-Sep-20",52.75,53.85,52.635,52.88,49098,1.73018
"14-Sep-20",52.91,53.18,51.11,52.42,54229,2.281964
"15-Sep-20",51.92,51.92,50.7,51.62,43916,1.91146,253178
"16-Sep-20",51.96,52.92,51.235,52.4,48198,2.255637
"17-Sep-20",51.79,52.27,51.1,51.58,73649,2.080233
"18-Sep-20",51.58,53.19,51.1,53.12,224551,2.484078
"21-Sep-20",51.77,52.38,49.8,50.24,53268,2.741462
"22-Sep-20",50.39,51.585,49.37,50.33,52989,2.284305
"23-Sep-20",50.62,53,48.8,48.99,50977,2.174644
"24-Sep-20",48.29,50.18,48.29,49.58,33753,2.166375
"25-Sep-20",49.25,49.7,49.09,49.45,30601,2.197927
"28-Sep-20",50.1,51.9,50.1,51.53,43687,2.265747
"29-Sep-20",51.27,51.675,50.58,51,35912,2.3908
"30-Sep-20",51.41,52.19,50.965,51.16,82550,2.256577,224809
"01-Oct-20",51.25,51.57,50.57,50.71,46230,2.512308
"02-Oct-20",49.57,50.835,49.26,50.66,45717,2.055691
"05-Oct-20",50.75,52.68,50.75,52.42,86300,1.973422
"06-Oct-20",51.95,54.165,49.38,52.48,81072,2.016885
"07-Oct-20",53.36,54,52.75,53.34,95501,1.880713
"08-Oct-20",54.05,54.52,53.23,53.66,69041,1.641849
"09-Oct-20",54.05,54.67,53.83,54.14,44622,1.739268
"12-Oct-20",54.01,54.66,54.01,54.35,36467,1.74352
"13-Oct-20",54.2,55,54.2,54.47,29157,1.928883
"14-Oct-20",54.54,55.22,53.46,53.52,29173,1.807621
"15-Oct-20",53.07,56.24,53.02,54.87,45516,1.95653,204582
"16-Oct-20",54.5,55.425,54.115,55.05,55105,1.819694
"19-Oct-20",55.02,56.49,55.02,55.78,47591,1.84591
"20-Oct-20",56.15,56.57,55.3,56.08,37388,1.842092
"21-Oct-20",56.16,56.16,55.055,56.05,30849,1.905613
"22-Oct-20",56.35,57.24,55.25,57.2,37820,2.008927
"23-Oct-20",57.73,57.915,56.4552,56.89,28488,1.947515
"26-Oct-20",56.28,56.6773,54.54,56.4,42919,2.017371
"27-Oct-20",55.9,57.6399,54.94,55.51,29999,1.981258
"28-Oct-20",54.64,55.17,53.33,53.78,38505,1.869518
"29-Oct-20",53.42,55.365,52.705,54.75,24658,1.720706
"30-Oct-20",54.7,54.7,52.02,52.98,44788,1.700605,142205
"02-Nov-20",53.16,55.16,51.5,53.8,38824,1.790869
"03-Nov-20",54.5,55.47,54.36,55,38905,1.668539
"04-Nov-20",54.03,56.2005,53.31,55.27,27592,1.635235
"05-Nov-20",54.89,56.55,54.717,56.05,32379,1.670519
"06-Nov-20",56.6,56.6,54.5224,55.1,24500,1.557897
"09-Nov-20",58.5,59.98,57,58.54,67642,1.557616
"10-Nov-20",58.88,61.14,56.6215,60.54,83629,1.570059
"11-Nov-20",61.5,62,60.35,60.47,66397,1.560463
"12-Nov-20",60.36,61,57.59,58.81,69751,1.480882
"13-Nov-20",58.78,60.47,57.53,59.67,50896,1.139514,155916
"16-Nov-20",61.11,62,60.06,61.24,57610,1.288535
"17-Nov-20",60.9,62,59.76,61.71,49635,1.249562
"18-Nov-20",62,62,60.64,60.74,49680,1.270536
"19-Nov-20",60.38,60.88,59.21,60.2,49448,1.046637
"20-Nov-20",59.3,61.87,58.93,60.34,42902,0.920345
"23-Nov-20",60.93,61.92,60.51,61.71,42364,0.839455
"24-Nov-20",62.1,62.6,61.67,62.41,77394,0.734736
"25-Nov-20",61.94,62.62,60.93,62.55,50991,0.955317
"26-Nov-20",,,,,,0.975465
"27-Nov-20",62.27,62.99,61.78,62.39,16913,0.955452
"30-Nov-20",62.39,63,61.14,61.62,61860,1.094399,151310
"01-Dec-20",62.37,62.84,61.77,62.07,42526,1.085581
"02-Dec-20",61.88,62.85,61.82,62.41,42343,1.135135
"03-Dec-20",62.69,63,61.76,62.83,78174,1.133389
"04-Dec-20",63.22,64.2,62.225,64.2,83463,0.998785
"07-Dec-20",63.8,64.64,63.31,64.12,58254,1.020389
"08-Dec-20",64.2,64.62,63.665,64.32,61820,1.036607
"09-Dec-20",65,65.02,63.13,63.13,95233,0.960057
"10-Dec-20",53.71,57.99,52,54.96,363863,0.849654
"11-Dec-20",54.36,56.23,53.96,54.22,99778,0.837221
"14-Dec-20",54.22,54.29,50.02,50.59,197501,0.717855
"15-Dec-20",50.83,53.96,50.31,53.46,181801,1.75479,151386
"16-Dec-20",53.29,53.52,52.595,53.21,63301,2.369145
"17-Dec-20",54.01,54.74,53.42,54.59,86071
"18-Dec-20",54.47,56.84,54.325,56,702688,2.96622
"21-Dec-20",56,57.72,55.265,57.72,128250,4.074109
"22-Dec-20",57.84,57.84,53.89,53.89,75145,2.873856
"23-Dec-20",54.62,56.56,54.33,56.08,64384,2.996687
"24-Dec-20",56.51,57.67,55.94,56.83,33881,2.172848
"25-Dec-20",,,,,,1.372881
"28-Dec-20",57.06,57.92,55.59,57.67,80560,1.216324
"29-Dec-20",57.9,59.39,57.78,59.03,92274,1.168616
"30-Dec-20",58.9,59.39,57.26,57.28,44914,1.047695
"31-Dec-20",57.38,58.18,57.3025,57.9,32935,1.163015,228526
"01-Jan-21",,,,,,1.515137
"04-Jan-21",57.95,58.84,56.9,58.17,61769,1.572999
"05-Jan-21",57.52,60.8,57.52,59.54,87244,1.281002
"06-Jan-21",60.08,65.41,59.43,63.06,218992,1.664388
"07-Jan-21",63.02,64.87,62.08,62.95,101510,1.647014
"08-Jan-21",62.95,62.95,61.51,61.61,71590,1.576703
"11-Jan-21",61.18,63.49,60.58,63.49,66927,1.568054
"12-Jan-21",63.73,64.82,63.3,63.93,100349,1.426028
"13-Jan-21",64.24,65.24,63.395,63.6,75360,1.382827
"14-Jan-21",63.7,65.44,63.49,63.6,78392,1.191478
"15-Jan-21",62.58,62.58,58.95,59.76,122783,1.400122,231533
"18-Jan-21",,,,,,1.415229
"19-Jan-21",59.82,60,58.5,59.07,85545,2.045554
"20-Jan-21",58.99,60.1,58.19,58.64,46666,2.130657
"21-Jan-21",58.97,59.1299,56.7,57.01,68080,2.073747
"22-Jan-21",56.19,57.4,55.5,57.12,79203,2.140614
"25-Jan-21",56.44,56.958,54.03,56,63240,2.255797
"26-Jan-21",56.32,57.24,55.15,56.74,45449,2.201243
"27-Jan-21",55.76,58.9399,53.84,54.25,81461,2.401341
"28-Jan-21",54.065,55.36,54.065,54.76,63829,2.422626
"29-Jan-21",54.46,54.82,53.51,53.52,90032,2.429091,282038
"01-Feb-21",53.52,56.53,53.52,56.39,99894,2.307023
"02-Feb-21",57.2,59.27,57.1,58.71,64148,2.49842
"03-Feb-21",58.94,59.97,58.8,59.85,91330,2.272236
"04-Feb-21",60,62.37,59.5099,61.8,116408,2.276759
"05-Feb-21",62.31,62.31,60.57,61.92,56833,1.971193
"08-Feb-21",62.23,64.06,61.97,63.61,75006,2.027733
"09-Feb-21",64.04,64.04,60.36,60.63,85534,1.934585
"10-Feb-21",60.65,61.11,57.62,58.46,75170,2.015544
"11-Feb-21",58.77,59.58,57.53,58.15,78357,1.957098
"12-Feb-21",57.5,58.51,57.23,57.92,65160,1.942339,207474
"15-Feb-21",,,,,,1.891735
"16-Feb-21",58.08,60.35,57.86,60.24,49381,1.641285
"17-Feb-21",60.8,60.8,59.06,59.87,39765,1.663151
"18-Feb-21",59.82,60.77,59.01,60.37,71057,1.683838
"19-Feb-21",60.62,60.94,59.5,59.93,45075,1.659646
"22-Feb-21",59.33,61.3,59.29,59.64,87895,1.58135
"23-Feb-21",59.87,59.87,57.96,58.43,50638,1.570188
"24-Feb-21",58.96,61.6,58.01,61.09,98997,1.554798
"25-Feb-21",61.03,62.34,58.9035,59.07,66358,1.389737
"26-Feb-21",59.22,59.88,57.69,57.69,67861,1.287522,202293
"01-Mar-21",58.67,60.94,58.18,60.57,46536,1.14546
"02-Mar-21",61.01,61.42,59.87,59.87,54509,1.05308
"03-Mar-21",60.09,61.82,60.01,60.04,56165,1.015697
"04-Mar-21",60.04,61.3,58.85,60.11,75233,1.002484
"05-Mar-21",61.51,61.74,60.37,61.67,68977,0.971096
"08-Mar-21",61.98,63.35,61.82,62.67,73849,1.035313
"09-Mar-21",62.54,63.3,61.4616,62.37,71605,1.128925
"10-Mar-21",63.215,64,62.1,63.83,56387,0.959177
"11-Mar-21",63.75,64.13,62.6801,63.94,59520,0.836778
"12-Mar-21",64.5,65,63.85,65,71190,0.697364
"15-Mar-21",64.97,64.97,63.1,63.66,64430,0.747686,183545
"16-Mar-21",63.51,64.94,62.27,63.33,61535,0.659862
"17-Mar-21",63.89,65,63.74,64.51,57297,0.911655
"18-Mar-21",64.38,65.8,64.115,65.18,107229,0.884717
"19-Mar-21",65.26,66.11,64.86,65.38,210685,0.821435
"22-Mar-21",64.8,66.29,64.5001,65,43832,0.861632
"23-Mar-21",64.3,65,63.6301,63.75,104134,0.785269
"24-Mar-21",64.58,65.77,63.92,64.42,73606,0.984745
"25-Mar-21",64.33,64.88,63.51,64.14,74240,1.414873
"26-Mar-21",64.93,66.36,64.595,66.27,68009,1.693369
"29-Mar-21",65.93,66.495,65.4458,65.65,51830,1.874362
"30-Mar-21",66.02,66.87,65.715,65.96,49638,1.899413
"31-Mar-21",65.46,66.48,65.01,65.38,148680,1.88254,182041
"01-Apr-21",65.16,65.95,64.225,65.8,65482
"02-Apr-21",,,,,,1.927076
"05-Apr-21",66.1,66.39,65.31,65.8,44159,1.949627
"06-Apr-21",65.87,66.3506,64.75,65.79,75438,1.780491
"07-Apr-21",65.79,65.95,64.54,65.3,132100,1.879928
"08-Apr-21",65,65.85,64.6,65.73,126230,2.022098
"09-Apr-21",65.94,66.395,65.37,66.23,52901,2.25458
"12-Apr-21",66.42,66.67,65.62,65.9,47687,1.222746
"13-Apr-21",65.74,66.4175,65.1,65.59,65619,1.173839
"14-Apr-21",65.62,66.71,65.42,65.47,32770,1.29116
"15-Apr-21",65.9,65.95,64.93,65.34,35138,1.420388,165600
"16-Apr-21",65.7,66.12,64.1875,66,76334,1.365029
"19-Apr-21",65.92,66.12,64.92,65.61,65233,1.254763
"20-Apr-21",65.52,65.52,63.53,63.83,56843,1.30977
"21-Apr-21",63.75,65.99,63.655,65.38,64834,1.409426
"22-Apr-21",65.14,65.29,59.36,60.66,230421,1.581435
"23-Apr-21",60.41,61.67,59.31,61.03,179004,1.60774
"26-Apr-21",61.07,62.74,58.26,60.34,176556,1.285082
"27-Apr-21",60.34,63.1141,60.12,60.81,146330,0.891164
"28-Apr-21",60.88,63.97,60.53,63.11,85335,0.565413
"29-Apr-21",63.65,64.12,63.4,63.8,42125,0.535227
"30-Apr-21",63.57,64.18,62.63,63.52,64392,0.490145,175311
"03-May-21",63.84,64.77,62.85,63.12,83857,0.928782
"04-May-21",62.78,63.18,61.62,61.87,51563,0.599723
"05-May-21",62.52,62.87,61.17,61.96,104355,0.678263
"06-May-21",62.21,63.93,61.92,63.78,51051,0.599133
"07-May-21",63.03,63.8,62.405,62.97,50637,0.622395
"10-May-21",62.75,65,62.75,63.12,79515,0.580338
"11-May-21",65.19,69.89,63,69.69,93999,0.609775
"12-May-21",70,70.08,66.72,66.95,84239,0.650101
"13-May-21",67.13,69.46,67.05,69.21,90709,0.674644
"14-May-21",69.8,69.98,68.84,69.76,42480,0.929034,155806
"17-May-21",69.35,69.73,67.58,69.43,84790,0.908846
"18-May-21",69.6,70.39,69.2301,69.24,97040,0.838788
"19-May-21",68.81,70.25,67.34,69.6,56975,0.809781
"20-May-21",69.46,70.25,69.39,70.08,58323,1.31228
"21-May-21",70.25,70.47,69.03,69.4,57999,1.040431
"24-May-21",69.49,70.04,68.37,68.92,46600,1.015708
"25-May-21",69.18,69.27,66.49,66.54,36097,0.913822
"26-May-21",66.98,67.95,66.52,67.29,33914,1.028199
"27-May-21",68.04,68.48,66.35,66.36,55958,0.974976
"28-May-21",66.48,67.9,66.045,67.7,34645,1.051343,181181
"31-May-21",,,,,,1.051343
"01-Jun-21",68.04,68.68,67.645,67.75,74818,1.102972
"02-Jun-21",68,68,66.21,67.52,84489,1.091852
"03-Jun-21",66.98,67.885,66.11,67.81,55481,1.236586
"04-Jun-21",67.75,68,66.14,67.54,46022,1.244106
"07-Jun-21",67.61,67.61,66.975,67.22,41461,1.425156
"08-Jun-21",67.13,67.61,66.555,67.32,50396,1.336361
"09-Jun-21",67.07,67.22,66.7047,67,52039,1.277164
"10-Jun-21",67.41,67.77,66.74,66.79,46759,1.23344
"11-Jun-21",67.24,67.26,66.6,66.82,23712,1.318493
"14-Jun-21",66.42,66.78,65.31,65.74,46817,1.272702
"15-Jun-21",65.82,66.89,65.34,66.52,40128,1.254949,162782
"16-Jun-21",66.55,66.55,64.7649,65.51,49236,1.272603
"17-Jun-21",65.79,65.79,62.8101,64.31,44691,1.317997
"18-Jun-21",63.28,63.57,62.49,62.92,151396,1.154812
"21-Jun-21",63.44,64.05,62.98,63.49,36666,1.150751
"22-Jun-21",63.47,63.9099,62.41,63.66,43011,1.425792
"23-Jun-21",63.16,63.69,63.05,63.28,38392,1.332435
"24-Jun-21",63.41,63.55,62.4,63.48,82908,1.380411
"25-Jun-21",63.54,64.6393,62.28,62.62,255385,1.37167
"28-Jun-21",62.64,62.73,60.57,62.13,140984,1.287007
"29-Jun-21",62.5,63.15,62.13,62.76,38844,0.713737
"30-Jun-21",62.68,62.68,60.61,60.67,42748,0.740624,128715
"01-Jul-21",61.14,62.58,61,62.11,40296,0.724298
"02-Jul-21",62.16,62.16,61.21,61.73,43255,0.766401
"06-Jul-21",61.7,62.45,61.2,62.26,64312,0.753429
"07-Jul-21",62.19,63.63,61.99,62.98,57678,0.929108
"08-Jul-21",61.89,63.02,61.18,62.52,65958,0.962563
"09-Jul-21",63.4,63.64,62.18,62.41,42339,1.11417
"12-Jul-21",62.75,63.905,62.75,62.91,57789,1.233159
"13-Jul-21",62.36,63.16,61.835,62.66,62905,1.309449
"14-Jul-21",62.975,63.71,61.23,61.73,45722,1.294036
"15-Jul-21",61.815,62.26,60.72,61.57,42867,1.154006,124918
"16-Jul-21",61.8,63.23,61.49,62.66,77033,1.185555
"19-Jul-21",62.65,63.131,60.96,61.61,98361,1.299651
"20-Jul-21",61.88,63.7,61.88,62.48,79139,1.430553
"21-Jul-21",63.07,64.39,62.74,63.93,36495,1.699507
"22-Jul-21",63.59,63.775,62.92,63.29,27705,1.657757
"23-Jul-21",63.59,64.36,63.08,63.64,22999,1.826363
"26-Jul-21",63.69,64.27,63.56,63.82,22140,1.886317
"27-Jul-21",63.72,63.72,63,63.09,22965,1.948505
"28-Jul-21",63.4,64.24,63.01,63.99,27104,1.991407
"29-Jul-21",64.29,65.25,63.61,64.5,28554,2.076885
"30-Jul-21",64.64,65.34,64.455,64.53,33225,2.023956,126906
"02-Aug-21",64.71,65.87,64.22,64.78,38353,1.50797
"03-Aug-21",64.84,65.53,64.3901,64.96,56026,2.61213
"04-Aug-21",64.58,65.15,63.55,64.04,32481,2.524441
"05-Aug-21",64.26,66.26,64.26,66.22,31511,2.441083
"06-Aug-21",66.7,67.2,65.19,66.81,25572,1.356495
"09-Aug-21",66.51,67.18,65.13,66.73,23301,1.523936
"10-Aug-21",66.61,67.7599,64.985,66.05,44009,1.517405
"11-Aug-21",66.42,67.53,64.36,65.23,82762,1.549485
"12-Aug-21",65.1,66.47,64.75,66.39,43096,1.369467
"13-Aug-21",66.61,66.61,65.29,65.6,22023,1.164358,127768
"16-Aug-21",65.25,65.61,64.75,65.31,34806,1.11309
"17-Aug-21",64.88,66.36,64.88,66.05,36430,1.122483
"18-Aug-21",66.01,66.34,65.24,65.24,29056,1.105379
"19-Aug-21",64.74,65.62,64.74,64.96,54896,1.069675
"20-Aug-21",64.86,67.26,64.86,66.33,54909,1.047657
"23-Aug-21",66.76,67.3,65.01,67,32874,1.378872
"24-Aug-21",66.99,66.99,65.48,65.71,16774,1.398495
"25-Aug-21",65.71,66.895,65.71,66.53,29932,1.45813
"26-Aug-21",66.43,67.08,65.99,66,26597,1.48876
"27-Aug-21",66.29,68.49,66.29,68.43,49572,1.522793
"30-Aug-21",68.6,68.6,67.15,67.29,29608,1.501727
"31-Aug-21",67.79,70,67.79,69.69,81677,1.667969,144074
"01-Sep-21",69.64,69.64,68.5,69,29581,1.883223
"02-Sep-21",68.99,69.3462,67.77,68.34,24817,1.956699
"03-Sep-21",68.04,68.57,67.51,68.57,22431,1.970975
"06-Sep-21",,,,,,1.92596
"07-Sep-21",68.58,68.63,67.6,67.77,22963,2.053577
"08-Sep-21",67.52,68.57,67,68.41,46301,2.010119
"09-Sep-21",68.57,69.22,67.5,67.77,52941,2.069095
"10-Sep-21",68,68,65.77,66.09,32974,2.203759
"13-Sep-21",66.45,66.52,65.28,66.22,21339,2.538496
"14-Sep-21",66.4,66.4,64.8,64.94,29234,2.181757
"15-Sep-21",64.97,66.3,64.68,66.3,27415,2.339683,144442
"16-Sep-21",66.23,66.6,64.46,64.89,23770,2.461848
"17-Sep-21",65.27,66.98,64.09,65.35,142185,2.632898
"20-Sep-21",64.1,66.52,62.43,64.11,47226,2.842769
"21-Sep-21",64.3,65.2896,63.2,63.29,152626,1.171443
"22-Sep-21",64.01,64.65,63.54,64.3,18222,1.046695
"23-Sep-21",64.45,65.82,64.37,65.65,22624,1.169393
"24-Sep-21",64.98,66.36,64.54,65.36,39108,1.017371
"27-Sep-21",65.47,67.9,65.47,67.29,29106,1.13115
"28-Sep-21",67.51,67.51,65.35,65.71,54465,1.173133
"29-Sep-21",65.48,66.81,65.08,65.86,28361,1.324381
"30-Sep-21",66.02,67.89,65.75,65.9,31479,1.32645,117972
"01-Oct-21",65.86,66.98,65.47,65.87,83569,1.291582
"04-Oct-21",65.87,66,64.86,65.87,82944,1.310075
"05-Oct-21",66,67.33,65.97,67.19,50214,1.171183
"06-Oct-21",66.58,68.15,66.41,67.87,32499,1.177506
"07-Oct-21",68.34,69.79,68.16,69.34,48686,1.847477
"08-Oct-21",69.41,70,68.88,69.4,36432,1.91029
"11-Oct-21",69.51,69.95,67.88,68.15,31692,1.932343
"12-Oct-21",68.38,68.93,67.6,68.25,29188,0.929694
"13-Oct-21",68.69,68.69,67.51,68.12,33545,0.865408
"14-Oct-21",68.98,69.45,68.16,69.25,34552,0.890631
"15-Oct-21",69,69.975,68.78,69.28,69261,0.862213,122679
"18-Oct-21",69.1,70.11,67.57,69.01,53016,0.962621
"19-Oct-21",69.46,69.9,68.95,69.09,11083,1.109642
"20-Oct-21",69.11,69.91,68.32,69.51,21963,1.055335
"21-Oct-21",69.67,70.42,69.67,70.29,49328,1.018304
"22-Oct-21",70.4,71.24,69.56,71.1,57570
"25-Oct-21",71.36,71.83,71.01,71.46,34080,0.967123
"26-Oct-21",71.48,71.48,69.8,70.09,30737,1.017699
"27-Oct-21",69.8,70.41,67.945,68.14,27641
"12-Nov-21",,,,,,,,,0