"Date","open TORC Price in USD","high TORC Price in USD","low TORC Price in USD","close TORC Price in USD","TORC Volume","Days to cover 3m (on loan)","Cost To Borrow","Exchange Reported SI","Estimated Short Interest","Dividends","hidden"
"26-Jan-18",130.340039,143.500043,113.470034,118.160035,339565
"29-Jan-18",120.470036,120.470036,110.810033,113.610034,41347
"30-Jan-18",113.960034,115.785634,106.960032,110.180033,21791
"31-Jan-18",109.970032,115.920034,109.060032,113.540034,25789,,10.2989
"01-Feb-18",113.540034,121.805636,112.162433,117.250035,11816,,8.3418
"02-Feb-18",116.200034,120.750036,112.350033,119.280035,21045,,9.3227
"05-Feb-18",118.650035,120.743036,110.460033,118.580035,28580,,9.1663
"06-Feb-18",117.040035,119.000035,108.500032,112.560033,15079
"07-Feb-18",112.140033,117.310235,112.000033,113.540034,6564,,9.3083
"08-Feb-18",115.430034,118.160035,106.225031,115.500034,8226,,9.7115
"09-Feb-18",115.150034,119.000035,108.787032,119.000035,4088,,9.7316
"12-Feb-18",119.000035,128.520038,117.600035,126.700038,28637
"13-Feb-18",127.190038,132.020039,121.485036,127.750038,11493,,9.7797
"14-Feb-18",126.000037,129.500038,122.275336,126.630037,2516,,9.8232
"15-Feb-18",125.650037,127.750038,115.430034,127.540038,4335,,9.5616
"16-Feb-18",127.680038,131.320039,124.670037,131.320039,14226,,9.5625
"19-Feb-18",,,,,,,9.5625
"20-Feb-18",132.790039,140.000042,132.300039,136.50004,28523,,9.5105
"21-Feb-18",135.24004,139.580041,134.60234,137.830041,11240,,9.3104
"22-Feb-18",138.320041,145.180043,135.45004,137.550041,11238,,9.5048
"23-Feb-18",139.160041,146.860044,138.600041,145.950043,15916,,9.504
"26-Feb-18",147.000044,147.681844,141.330042,144.200043,7569,,9.3289
"27-Feb-18",143.850043,144.480043,135.10004,138.250041,21259,,9.3199
"28-Feb-18",137.410041,139.300041,134.89004,136.50004,10671,,9.3669
"01-Mar-18",135.80004,136.850041,128.590038,128.590038,8234,,9.2829
"02-Mar-18",127.470038,132.160039,123.952537,124.110037,15887,,9.0649
"05-Mar-18",124.880037,132.230039,121.800036,123.410037,6804,,8.9259
"06-Mar-18",123.970037,129.500038,115.507034,120.400036,23325,,8.8155
"07-Mar-18",119.490035,123.200036,117.537035,119.070035,15131,,8.7601
"08-Mar-18",119.000035,124.040037,112.539033,113.260033,13109,,8.5955
"09-Mar-18",114.100034,120.680036,108.920032,111.300033,14766,,8.6255
"12-Mar-18",111.300033,115.569334,108.570032,111.300033,25167,,8.6875
"13-Mar-18",112.140033,115.360034,106.610031,108.150032,17949,,8.688
"14-Mar-18",114.800034,114.800034,101.92003,105.560031,35400,,8.7117
"15-Mar-18",106.190031,111.580033,103.18003,104.440031,18185,,8.7466
"16-Mar-18",103.740031,107.450032,98.805029,104.650031,110492,1.556582,8.7251
"19-Mar-18",104.230031,114.310034,99.400029,105.490031,23468,,8.7783
"20-Mar-18",105.770031,110.545433,102.76003,104.160031,21342,,8.7915
"21-Mar-18",104.090031,107.380032,101.50003,102.90003,17356,,8.7329
"22-Mar-18",101.99003,105.000031,91.280027,92.260027,30140,,8.7225
"23-Mar-18",92.540027,96.810029,82.047024,82.460024,19225,,9.0364
"26-Mar-18",83.930025,85.990825,75.320022,76.650022,14355,,8.7845
"27-Mar-18",76.790023,81.900024,73.955022,78.680023,14375,,8.7613
"28-Mar-18",78.540023,78.540023,71.120021,73.920022,12688,,8.9184
"29-Mar-18",74.200022,77.280023,65.450019,67.06002,14918,,8.9267
"30-Mar-18",,,,,,,8.9267
"02-Apr-18",66.85002,69.93002,59.896917,59.990017,13882,,8.8114
"03-Apr-18",60.480018,65.100019,59.080017,61.950018,30374,,8.8276
"04-Apr-18",60.130018,62.300018,58.940017,61.530018,7966,,8.83
"05-Apr-18",61.950018,72.660021,61.950018,66.99002,39989,,8.7894
"06-Apr-18",66.430019,67.68932,57.789917,59.430017,31611,,8.7687
"09-Apr-18",60.200018,65.933019,54.740016,56.210016,20510,,8.7834
"10-Apr-18",56.840017,65.940019,52.822715,65.660019,20164,,8.522
"11-Apr-18",65.520019,69.93002,61.320018,66.500019,18510,,8.5543
"12-Apr-18",67.27002,71.820021,63.490019,64.260019,16416,,8.5379
"13-Apr-18",64.680019,66.430019,61.600018,62.790018,19505,,8.5236
"16-Apr-18",63.210018,64.050019,59.990017,60.060018,17023,,8.516
"17-Apr-18",60.760018,62.993018,57.400017,58.870017,17694,,8.474
"18-Apr-18",59.150017,64.400019,58.905017,63.630019,14647
"19-Apr-18",63.700019,66.85002,60.410018,61.530018,16824,,8.4921
"20-Apr-18",61.530018,63.210018,59.500017,61.390018,9931,,8.2815
"23-Apr-18",61.810018,62.860018,58.100017,62.440018,15616,,8.4773
"24-Apr-18",62.720018,63.350019,58.450017,59.710017,9109,,8.4797
"25-Apr-18",59.500017,63.350019,57.400017,59.990017,6078,,8.4873
"26-Apr-18",60.340018,64.399319,59.430017,60.410018,35919,,8.5328
"27-Apr-18",60.830018,63.700019,59.570017,62.230018,14148,,8.5162
"30-Apr-18",62.650018,63.630019,61.670018,63.000018,12584,,8.4722
"01-May-18",63.280018,70.000021,62.860018,67.62002,19285,,8.5498
"02-May-18",67.62002,74.480022,67.51502,71.260021,20802,,8.5514
"03-May-18",71.050021,74.130022,67.27002,68.25002,21714,,8.4948
"04-May-18",67.83002,68.04002,64.610019,67.13002,9911,,6.4881
"07-May-18",67.20002,71.715021,65.520019,68.04002,14795,,8.335
"08-May-18",68.11002,69.72002,66.150019,67.55002,4213,,8.367
"09-May-18",69.09002,77.000023,67.76002,75.950022,46851,,8.3772
"10-May-18",77.000023,86.240025,75.950022,78.610023,32834,,8.4709
"11-May-18",78.400023,84.560025,76.797023,83.720025,19891,,8.4727
"14-May-18",83.650025,89.565026,78.330023,79.590023,28122,,8.4518
"15-May-18",79.660023,82.460024,76.300022,79.800023,10867,,8.3769
"16-May-18",80.290024,80.360024,70.840021,70.945021,32740,,8.3265
"17-May-18",69.02002,71.890021,62.160018,64.260019,46756,,8.3187
"18-May-18",63.630019,66.570019,62.475018,64.680019,11084,,8.3047
"21-May-18",65.450019,65.450019,58.520017,61.530018,21262,,7.9838
"22-May-18",61.390018,62.370018,60.550018,61.250018,12966,,7.9581
"23-May-18",61.600018,64.680019,61.600018,63.910019,14041,,7.9944
"24-May-18",63.700019,67.78662,61.810018,63.210018,16713,,7.9323
"25-May-18",64.050019,64.960019,62.510018,63.980019,10436
"28-May-18",,,,,,,7.9323
"29-May-18",63.980019,67.97002,63.980019,67.20002,10799
"30-May-18",68.32002,70.700021,67.55002,68.53002,11806,,7.696
"31-May-18",68.60002,70.070021,66.430019,68.53002,13385,,7.6082
"01-Jun-18",68.95002,70.560021,67.62002,69.37002,11519,,7.944
"04-Jun-18",69.09002,69.93002,67.97002,68.60002,10763,,7.9526
"05-Jun-18",68.46002,69.99932,66.85002,69.37002,16540
"06-Jun-18",69.30002,70.455021,67.41002,69.02002,9489,,7.9627
"07-Jun-18",68.53002,69.82502,67.09222,67.69002,15643,,7.9814
"08-Jun-18",67.41002,70.070021,66.290019,68.60002,18044
"11-Jun-18",69.09002,71.400021,68.60002,70.980021,22012,,7.9769
"12-Jun-18",71.400021,73.429322,70.350021,71.400021,22324,,7.9753
"13-Jun-18",71.820021,74.683022,70.490021,73.780022,18451,,7.9652
"14-Jun-18",74.830022,78.680023,72.380021,76.020022,21871,,7.9937
"15-Jun-18",76.930023,87.535026,72.450021,83.790025,41674,,8.2772
"18-Jun-18",83.160024,83.160024,76.510022,78.610023,16854,,8.3375
"19-Jun-18",77.840023,81.550024,75.670022,76.790023,18618
"20-Jun-18",76.790023,80.710024,75.880022,76.020022,17184
"21-Jun-18",76.090022,80.745024,71.750021,73.710022,18405,,8.354
"22-Jun-18",74.060022,74.620022,66.290019,69.09002,43998,,8.4471
"25-Jun-18",69.16002,70.000021,66.500019,67.34002,20033,,8.4492
"26-Jun-18",67.06002,68.95002,64.400019,65.310019,11987
"27-Jun-18",65.030019,70.700021,59.500017,60.060018,20676,,8.4065
"28-Jun-18",59.990017,64.400019,59.990017,63.000018,14466,,8.41
"29-Jun-18",63.350019,69.30002,63.350019,64.050019,23723
"02-Jul-18",64.750019,68.11002,62.160018,63.210018,15730,,8.4283
"03-Jul-18",63.350019,64.539319,62.580018,63.070018,6619,,8.4586
"04-Jul-18",,,,,,,8.4613
"05-Jul-18",63.560019,65.240019,61.600018,62.300018,26492,,8.4723
"06-Jul-18",62.440018,63.016818,61.670018,62.510018,20539
"09-Jul-18",63.000018,63.938019,58.737017,60.060018,25464,,8.497
"10-Jul-18",60.130018,60.130018,57.400017,58.660017,36050,,8.4797
"11-Jul-18",58.660017,73.570022,57.400017,65.100019,186218,,8.5718
"12-Jul-18",65.660019,65.695019,60.625618,63.910019,43896,,8.6132
"13-Jul-18",63.980019,64.699619,61.460018,64.050019,16540,,8.6823
"16-Jul-18",63.700019,64.330019,60.620018,62.650018,26164
"17-Jul-18",62.930018,62.930018,59.500017,60.690018,20483,,8.7683
"18-Jul-18",60.690018,61.250018,59.080017,60.550018,10368
"19-Jul-18",60.620018,62.580018,59.430017,61.040018,10242
"20-Jul-18",60.690018,62.720018,60.627018,61.040018,39321,,8.9064
"23-Jul-18",61.320018,63.350019,61.180018,63.070018,25898,,9.0546
"24-Jul-18",63.840019,64.260019,62.650018,63.070018,8961,,9.0512
"25-Jul-18",139.020041,144.165043,89.670026,94.290028,1022857,,9.9974
"26-Jul-18",95.060028,95.570328,82.530024,90.300027,212078,,9.4859
"27-Jul-18",88.830026,104.440031,87.500026,101.99003,81476,,10.0437
"30-Jul-18",102.41003,109.900032,91.794527,105.070031,150235,,19.4457
"31-Jul-18",105.420031,110.460033,99.260029,107.730032,93474
"01-Aug-18",94.500028,98.700029,89.250026,92.680027,136113,,24.8204
"02-Aug-18",91.070027,97.160029,90.266427,95.620028,54119,,27.3671
"03-Aug-18",95.060028,97.300029,85.120025,86.170025,39900
"06-Aug-18",87.430026,89.390026,82.600724,83.020024,17539,,22.7841
"07-Aug-18",82.810024,85.750025,79.310023,82.390024,16543,,21.2771
"08-Aug-18",82.460024,85.750025,81.270024,83.580025,14923
"09-Aug-18",82.880024,84.469025,79.170023,79.310023,19824
"10-Aug-18",79.030023,83.720025,78.750023,79.240023,23741,,19.7877
"13-Aug-18",79.870023,81.385524,78.470023,79.590023,14524,,19.1497
"14-Aug-18",79.800023,80.150024,72.800021,72.940021,30488,,18.8616
"15-Aug-18",72.450021,74.032022,69.65002,70.420021,46334,,18.9696
"16-Aug-18",70.700021,73.290021,70.350021,72.310021,11527,,18.1731
"17-Aug-18",71.890021,79.170023,70.700021,74.270022,23827,,18.1749
"20-Aug-18",74.830022,78.743723,70.910021,71.680021,12019,,18.1095
"21-Aug-18",71.470021,76.930023,70.560021,74.900022,17563,,17.8293
"22-Aug-18",75.180022,76.370022,70.840021,74.900022,21253,,17.8382
"23-Aug-18",74.340022,74.900022,70.280021,71.400021,23507,,17.4477
"24-Aug-18",70.910021,73.640022,68.60002,70.000021,32152,,17.4993
"27-Aug-18",70.630021,74.620022,70.630021,74.340022,7436,,17.3257
"28-Aug-18",74.550022,76.147422,72.310021,74.970022,8536,,17.403
"29-Aug-18",74.830022,76.789323,72.870021,76.230022,28132,,17.3955
"30-Aug-18",76.440022,82.810024,75.922022,80.780024,26940,,17.0531
"31-Aug-18",81.340024,83.990925,80.290024,82.810024,8862
"03-Sep-18",,,,,,,16.5069
"04-Sep-18",83.720025,93.800028,83.580025,93.450028,25823,,16.3952
"05-Sep-18",92.750027,93.729328,80.500024,85.190025,21811,,16.8654
"06-Sep-18",84.980025,84.980025,80.500024,80.570024,9536,,16.6797
"07-Sep-18",79.450023,83.615025,77.280023,82.390024,7855,,16.6468
"10-Sep-18",82.600024,86.898026,82.600024,85.960025,8973,,16.6653
"11-Sep-18",84.700025,86.837826,83.657025,85.540025,15394,,16.6864
"12-Sep-18",85.120025,91.000027,85.120025,89.530026,12988
"13-Sep-18",90.300027,94.850028,87.220026,90.300027,47850,,16.6269
"14-Sep-18",90.790027,96.600028,89.390026,95.620028,14933,,16.6096
"17-Sep-18",94.920028,100.80003,91.560027,97.580029,16657,,16.6091
"18-Sep-18",98.000029,103.950031,96.390028,99.330029,30801,6.362032,16.5916
"19-Sep-18",99.820029,104.860031,94.360028,98.420029,21182,,16.5246
"20-Sep-18",100.66003,108.500032,100.66003,105.840031,31765,,16.3844
"21-Sep-18",105.280031,106.260031,100.10003,105.280031,56187,,16.3017
"24-Sep-18",105.490031,110.250033,102.45693,109.340032,18262,,16.3838
"25-Sep-18",109.340032,114.800034,108.220032,109.970032,18408,,16.259
"26-Sep-18",109.900032,116.620034,109.900032,110.600033,23007,,16.2268
"27-Sep-18",111.580033,115.150034,104.580031,106.540031,18540,,16.1991
"28-Sep-18",106.540031,110.390033,105.140031,105.980031,17816,,16.407
"01-Oct-18",107.310032,108.220032,95.676028,97.650029,15526,,16.3933
"02-Oct-18",96.880029,96.880029,89.950026,93.450028,21085,,16.382
"03-Oct-18",94.150028,97.790029,92.400027,95.060028,9040,,16.2689
"04-Oct-18",95.900028,103.390031,91.875027,101.29003,11519,,16.2369
"05-Oct-18",101.15003,102.78523,92.750027,94.570028,10796,,16.2511
"08-Oct-18",93.450028,93.450028,87.150026,89.530026,18316,,16.2513
"09-Oct-18",88.830026,89.950026,84.560025,87.150026,26974,,15.9381
"10-Oct-18",87.080026,89.705026,78.890023,79.940023,23452,,15.7815
"11-Oct-18",79.730023,81.465324,74.900022,77.700023,28085,,15.7455
"12-Oct-18",78.960023,81.970024,78.330023,79.450023,11219,,15.3948
"15-Oct-18",79.240023,82.390024,77.910023,78.960023,17311,,15.3615
"16-Oct-18",80.500024,91.105027,80.430024,87.220026,21185,,15.2851
"17-Oct-18",87.150026,89.845026,81.060024,88.690026,10011,,15.1075
"18-Oct-18",88.830026,91.669927,81.200024,84.700025,17074,,15.0028
"19-Oct-18",84.000025,87.525926,82.390024,83.370025,6900,,15.0035
"22-Oct-18",83.580025,84.455025,74.270022,77.210023,17753,,14.9572
"23-Oct-18",77.210023,81.620024,77.210023,80.500024,8726,,14.6886
"24-Oct-18",80.150024,80.150024,77.210023,78.400023,14670,,14.6752
"25-Oct-18",79.030023,85.890025,78.540023,80.500024,13221,,14.6245
"26-Oct-18",77.630023,83.440025,77.280023,81.760024,9281
"29-Oct-18",82.460024,83.720025,73.990022,76.300022,13896
"30-Oct-18",75.880022,80.920024,73.570022,78.190023,6131
"31-Oct-18",78.820023,79.617323,75.950022,77.420023,4028
"01-Nov-18",77.840023,86.765026,77.840023,82.110024,12236
"02-Nov-18",81.900024,81.900024,77.715423,79.870023,9240
"05-Nov-18",80.220024,84.490725,79.450023,82.740024,6269,,14.3179
"06-Nov-18",82.110024,84.280025,80.920024,83.930025,24814,,14.2946
"07-Nov-18",84.140025,84.560025,80.500024,83.370025,6594,,14.1653
"08-Nov-18",82.460024,89.028126,81.620024,85.260025,11524,,14.167
"09-Nov-18",84.420025,84.490025,76.370022,79.520023,7329,,14.1284
"12-Nov-18",78.120023,85.400025,75.390022,79.100023,7759,,14.1284
"13-Nov-18",80.920024,90.229327,75.600022,77.280023,12715,,14.0419
"14-Nov-18",77.000023,85.422425,77.000023,82.110024,6521,,14.0378
"15-Nov-18",81.970024,92.330027,79.870023,88.970026,10288,,14.0354
"16-Nov-18",87.990026,93.030027,86.870026,92.050027,12017,,14.0369
"19-Nov-18",90.300027,94.990028,86.240025,87.780026,5759,,13.9967
"20-Nov-18",85.960025,91.000027,80.920024,85.470025,8273,,13.9882
"21-Nov-18",86.310025,93.590028,82.740024,88.060026,11139,,13.9674
"22-Nov-18",,,,,,,13.9674
"23-Nov-18",87.150026,94.290028,85.120025,90.790027,4300,,13.9376
"26-Nov-18",91.280027,95.900028,80.920024,94.290028,7655,,13.5269
"27-Nov-18",91.490027,95.340028,88.900026,93.590028,3854,,13.4936
"28-Nov-18",93.800028,98.350029,89.320026,93.940028,10680,,13.5135
"29-Nov-18",92.260027,95.410028,87.955026,91.910027,8613,,13.4888
"30-Nov-18",91.490027,93.800028,88.900026,91.420027,7263,,13.6166
"03-Dec-18",93.170027,93.170027,89.250026,91.280027,6675
"04-Dec-18",91.210027,91.210027,82.040024,82.810024,7544
"06-Dec-18",80.220024,90.160027,79.870023,88.130026,6128,,13.6022
"07-Dec-18",88.060026,92.540027,82.600024,84.420025,3187,,13.5617
"10-Dec-18",83.020024,92.120027,82.769424,88.200026,6878,,13.5484
"11-Dec-18",88.970026,91.665027,85.249525,88.410026,8003,,13.5172
"12-Dec-18",88.900026,94.150028,86.202225,91.980027,14491,,13.4972
"13-Dec-18",93.100027,94.990028,88.450626,93.800028,15665,,13.3163
"14-Dec-18",93.800028,94.500028,84.070025,86.240025,14662,,13.2767
"17-Dec-18",86.660025,88.270026,74.550022,75.950022,15064,,13.2343
"18-Dec-18",76.090022,76.440022,69.58002,70.420021,18301,,13.2284
"19-Dec-18",70.630021,78.470023,64.120019,67.34002,28747
"20-Dec-18",67.20002,69.44002,61.670018,63.000018,38515,,13.1902
"21-Dec-18",62.720018,63.000018,53.760016,56.210016,85374
"24-Dec-18",55.090016,59.570017,53.270015,56.280016,7321
"25-Dec-18",,,,,,,13.2651
"26-Dec-18",56.630016,56.630016,51.030015,55.790016,32644
"27-Dec-18",54.040016,60.340018,52.710015,59.920017,19912
"28-Dec-18",59.430017,62.720018,58.520017,61.600018,9612
"31-Dec-18",63.910019,63.910019,56.448016,60.340018,12899,,13.3932
"02-Jan-19",58.520017,63.140018,56.350016,62.300018,9467
"03-Jan-19",62.230018,62.230018,56.630016,58.030017,5774
"04-Jan-19",59.220017,62.160018,58.100017,61.460018,5240
"07-Jan-19",62.160018,64.330019,59.570717,62.370018,6439
"08-Jan-19",63.210018,63.210018,55.650016,59.360017,6172
"09-Jan-19",60.060018,63.000018,59.010017,60.550018,3914
"10-Jan-19",60.130018,62.159318,56.210016,57.960017,9479
"11-Jan-19",58.030017,59.080017,56.070016,56.910017,5295
"14-Jan-19",56.280016,59.360017,55.160016,56.140016,12379
"15-Jan-19",56.350016,58.730017,55.370016,56.560016,22455
"16-Jan-19",57.260017,57.605817,56.000016,56.630016,2808
"17-Jan-19",56.280016,58.094417,56.000016,56.350016,4931
"18-Jan-19",56.630016,61.810018,56.140016,60.410018,7683
"22-Jan-19",60.410018,61.040018,57.435017,58.170017,6863
"23-Jan-19",58.940017,61.250018,56.700017,57.750017,12082
"24-Jan-19",59.220017,59.360017,53.130015,55.020016,8399
"25-Jan-19",54.740016,58.800017,54.250016,57.960017,14212,,12.6905
"28-Jan-19",57.960017,59.710017,55.895016,59.430017,5022,,12.6501
"29-Jan-19",56.910017,60.900018,56.140016,57.190017,5208,,12.6437
"30-Jan-19",57.400017,63.000018,56.350016,62.370018,12148,,12.635
"31-Jan-19",62.930018,65.519319,60.620018,62.160018,22784,,12.6329
"01-Feb-19",63.210018,64.442019,59.710017,60.340018,7659,,12.6449
"04-Feb-19",59.850017,60.480018,56.000016,56.070016,13672,,12.6324
"05-Feb-19",56.770017,58.870017,51.170015,54.530016,15163,,12.6189
"06-Feb-19",54.950016,55.300016,53.550016,54.320016,7357,,12.5995
"07-Feb-19",54.250016,59.325017,54.250016,58.520017,6227,,12.5749
"08-Feb-19",58.940017,62.027718,58.590017,59.290017,5084,,12.5722
"11-Feb-19",59.920017,61.180018,55.580016,56.560016,7655,,12.6008
"12-Feb-19",57.330017,61.945818,55.370016,56.420016,8120,,12.56
"13-Feb-19",56.700017,58.730017,56.490016,58.730017,3000,,12.5802
"14-Feb-19",58.380017,58.870017,54.250016,55.860016,7020,,12.5454
"15-Feb-19",56.210016,58.660017,55.160016,56.140016,3708,,12.5454,2654794
"18-Feb-19",,,,,,,12.5468
"19-Feb-19",56.350016,58.800017,56.350016,58.240017,2517,,12.5452
"20-Feb-19",59.010017,59.010017,55.440016,56.210016,7212,,12.5429
"21-Feb-19",56.420016,58.800017,54.110016,56.210016,13925,,12.5367
"22-Feb-19",56.000016,57.540017,54.600016,56.420016,12205,,12.5387
"25-Feb-19",57.260017,60.200018,55.790016,56.070016,8122,,12.5364
"26-Feb-19",55.860016,58.450017,55.860016,57.890017,2696,,12.5339
"27-Feb-19",58.100017,60.480018,57.120017,59.710017,3124,,12.5319
"28-Feb-19",59.570017,61.180018,58.310017,59.920017,4510,,12.5305,2708026,2670457.2846
"01-Mar-19",60.480018,61.740018,59.640017,61.390018,6870,,12.5261,,2697270.704
"04-Mar-19",62.020018,62.622718,59.780017,61.390018,5074,,12.5212,,2664616.7378
"05-Mar-19",61.880018,62.265018,60.060018,60.060018,3617,,12.5212,,2654528.5206
"06-Mar-19",58.380017,59.500017,55.300016,57.050017,7657,,12.5014,,2651342.7678
"07-Mar-19",57.330017,57.960017,55.300016,55.930016,2115,,12.5007,,2698863.5804
"08-Mar-19",57.750017,59.920017,55.720016,57.540017,10994,,12.5032,,2669129.8876
"11-Mar-19",58.170017,62.790018,56.000016,61.950018,5540,,12.5012,,2724615.0822
"12-Mar-19",62.300018,62.440018,57.050017,57.750017,6580,,12.4995,,2775185.0448
"13-Mar-19",58.520017,60.620018,58.100017,60.270018,2364,,12.4973,,2772206.2162
"14-Mar-19",59.430017,61.670018,59.430017,60.690018,2248,,12.4966,,2790891.5956
"15-Mar-19",61.110018,63.630019,58.849017,61.320018,8341,,12.4562,2672060,2803077.7126
"18-Mar-19",64.820019,69.99932,57.750717,63.350019,17623,,12.4558,,2800911.2918
"19-Mar-19",58.100017,58.100017,46.900014,48.860014,86010,,12.4544,,2820138.2764
"20-Mar-19",51.450015,52.640015,43.470013,44.310013,265011,,12.4566,,2804160.923
"21-Mar-19",44.380013,46.200013,44.310013,45.080013,58005,,12.4625,,2842614.8922
"22-Mar-19",45.850013,47.950014,44.730013,45.290013,43619,,12.4067,,2451575.9378
"25-Mar-19",44.800013,47.269614,44.537513,45.430013,43055,,12.4094,,2459158.4106
"26-Mar-19",47.390014,48.580014,45.500013,47.950014,31727,,12.1266,,2414746.7842
"27-Mar-19",50.330015,50.330015,47.460014,49.140014,72214,,12.0905,,3201929.498
"28-Mar-19",49.350014,49.700014,47.040014,49.140014,32672,,12.0127,,3332593.232
"29-Mar-19",49.210014,50.085015,46.690014,47.740014,74299,,12.0089,2738873,3373742.956
"01-Apr-19",45.920013,48.930014,45.535013,48.650014,45734,,11.9515,,3333127.644
"02-Apr-19",48.650014,48.860014,47.250014,48.650014,23536,,11.603,,3162650.216
"03-Apr-19",48.930014,48.930014,47.040014,48.580014,17265,,11.3646,,2953962.33
"04-Apr-19",48.370014,48.623414,47.250014,48.440014,20444,,11.2154,,2694772.51
"05-Apr-19",48.580014,48.790014,48.090014,48.720014,18251,,10.4913,,3172804.044
"08-Apr-19",48.860014,48.930014,48.300014,48.720014,24095,,10.3183,,3228382.892
"09-Apr-19",48.720014,48.860014,47.530014,48.790014,59453,,10.1426,,3114285.93
"10-Apr-19",48.860014,52.640015,47.600014,52.290015,34343,,9.9898,,2635069.7133
"11-Apr-19",52.850015,53.305015,48.860014,51.100015,24772,,9.9795,,2679439.4559
"12-Apr-19",51.450015,55.300016,50.050015,54.670016,14702,,9.7437,,2734490.8032
"15-Apr-19",55.090016,55.090016,49.560014,50.190015,19551,,9.1355,2846612,2300105.5454
"16-Apr-19",51.170015,51.800015,49.000014,50.820015,17525,,8.9686,,2185346.7667
"17-Apr-19",51.310015,51.520015,48.747314,49.140014,27788,,8.8371,,2187811.7524
"18-Apr-19",49.280014,49.420014,46.200013,47.040014,19879,,8.6188,,1926249.3809
"19-Apr-19",,,,,,,8.6019,,1922688.846
"22-Apr-19",47.320014,47.460014,44.310013,45.500013,25369,,8.5109,,1846548.1766
"23-Apr-19",45.500013,50.050015,45.500013,49.280014,18583,,8.3277,,1933096.5634
"24-Apr-19",49.280014,54.040016,49.280014,53.760016,33845,,7.9588,,2305755.72
"25-Apr-19",52.920015,53.265815,52.010015,52.780015,20446,,7.9313,,2413642.3148
"26-Apr-19",52.920015,54.460016,51.170015,54.390016,21556,,7.8577,,2450932.932
"29-Apr-19",54.250016,59.605017,53.202115,58.170017,31217,,7.8761,,2447232.3364
"30-Apr-19",58.520017,58.716017,54.040016,56.350016,18889,,7.8136,2881918,2340199.7252
"01-May-19",56.420016,57.680017,54.250016,56.280016,9361,,7.7476,,2639093.9852
"02-May-19",56.000016,56.560016,54.031616,56.560016,7784,,7.5317,,2681223.8428
"03-May-19",56.840017,58.450017,56.210016,57.120017,10914,,7.413,,2658735.608
"06-May-19",54.950016,58.030017,54.950016,56.980017,17764,,7.1854,,2798219.596
"07-May-19",56.140016,57.190017,54.250016,56.000016,12343,,7.0996,,2780570.6016
"08-May-19",55.930016,59.360017,55.790016,55.930016,12445,,7.0765,,2936564.9392
"09-May-19",55.300016,62.300018,54.397716,60.970018,17942,,7.0726,,3704705.589
"10-May-19",61.110018,62.160018,56.700017,61.530018,21336,,6.4721,,3660900.4354
"13-May-19",60.200018,60.550018,55.268516,56.560016,13691,,7.0307,,4526340.4108
"14-May-19",55.580016,58.310017,55.580016,56.910017,10197,,7.0036,,4524899.4518
"15-May-19",56.280016,58.310017,53.760016,55.510016,18939,,6.896,2813240,4367546.729
"16-May-19",55.300016,57.540017,53.900016,56.560016,10222,,6.9226,,4386279.196
"17-May-19",55.860016,57.050017,53.900016,55.160016,6218,,6.8761,,4395789.5254
"20-May-19",55.160016,59.220017,53.900016,56.840017,23762,,6.8174,,4120854.5482
"21-May-19",56.770017,58.100017,54.880016,56.560016,9794,,6.5047,,3914797.4112
"22-May-19",56.210016,57.820017,50.540015,53.200015,15941,,6.0359,,4212499.5406
"23-May-19",52.430015,52.430015,50.610015,52.080015,5763,,5.9582,,4464955.5574
"24-May-19",52.290015,55.370016,52.150015,53.480016,4810,,5.9241,,2893136.016
"27-May-19",,,,,,,5.9241,,2893136.016
"28-May-19",53.690016,56.770017,51.380015,52.500015,8774,,5.9277,,2903545.004
"29-May-19",52.010015,55.860016,52.010015,54.950016,8306,,5.8954,,2836027.244
"30-May-19",55.300016,55.930016,51.100015,52.990015,16374,,5.8494,,2807613.52
"31-May-19",51.940015,52.080015,48.510014,50.470015,13339,,5.787,2822349,2886384.24
"03-Jun-19",49.980014,50.470015,47.950014,48.790014,12575,,5.8022,,2884133.648
"04-Jun-19",49.910014,50.750015,48.160014,49.490014,9328,,5.7846,,2907202.216
"05-Jun-19",52.080015,52.500015,49.247814,52.010015,12525,,5.7675,,2891729.396
"06-Jun-19",52.220015,57.960017,52.150015,56.000016,10681,,5.7615,,2915360.612
"07-Jun-19",56.910017,62.930018,56.490016,61.530018,40136,,5.7143,,2872036.716
"10-Jun-19",61.600018,65.170019,59.080017,61.740018,43909,,5.3079,,2958965.832
"11-Jun-19",62.790018,64.925019,57.330017,58.380017,14920,,4.6947,,2823760.1745
"12-Jun-19",58.590017,62.720018,58.100017,62.300018,10030,,4.6892,,2907583.9398
"13-Jun-19",63.490019,64.400019,60.690018,63.350019,12293,,4.6124,,2923106.8593
"14-Jun-19",60.970018,64.260019,60.970018,62.650018,9557,,5.1873,2763560,2813599.7181
"17-Jun-19",63.070018,67.73202,63.070018,66.150019,21321,,5.1838,,2806261.6107
"18-Jun-19",66.78002,69.30002,62.300018,65.100019,22091,,5.1991,,2708608.3353
"19-Jun-19",66.010019,72.450021,66.010019,71.470021,31902,,5.1574,,2702399.1675
"20-Jun-19",73.430022,77.000023,71.190021,73.640022,22461
"21-Jun-19",73.570022,74.130022,69.30002,72.450021,43729
"24-Jun-19",72.100021,74.783822,69.86002,70.700021,16481,,4.4848,,2823760.1745
"25-Jun-19",70.770021,73.010021,69.37002,69.86002,17515,,4.4513,,2791471.956
"26-Jun-19",70.140021,73.132521,68.25002,69.37002,15177,,4.4479,,2778206.868
"27-Jun-19",70.000021,73.780022,69.16002,71.750021,20799,,4.3374,,2739793.384
"28-Jun-19",72.800021,73.815022,70.630021,71.400021,129824,,4.3248,2784244,2677889.64
"01-Jul-19",73.150021,75.040022,71.120021,72.030021,15255,,4.3596,,2748636.776
"02-Jul-19",73.290021,73.290021,70.210021,71.960021,9174,,4.612,,3124757.292
"03-Jul-19",72.170021,72.935821,71.190021,71.960021,5460,,5.1698,,3269844.192
"04-Jul-19",,,,,,,5.167,,3312679.372
"05-Jul-19",72.030021,73.010021,71.050021,71.890021,13484,29.721943,5.0258,,3057326.428
"08-Jul-19",72.520021,73.080021,69.93002,71.050021,17772,,4.9748,,3208216.804
"09-Jul-19",70.630021,71.330021,66.92002,68.18002,16985,29.094589,4.9692,,2974695.984
"10-Jul-19",69.02002,69.93002,66.86052,68.25002,19557,27.485903,4.9345,,2829627.1772
"11-Jul-19",68.74002,70.210021,65.590019,67.20002,22324,27.248685,4.9258,,2777561.8144
"12-Jul-19",67.76002,71.260021,66.640019,68.95002,18766,26.764823,4.8911,,2714637.9
"15-Jul-19",70.070021,73.850022,69.23002,72.730021,29834,28.720667,4.8271,2945492,2949628.0936
"16-Jul-19",73.360022,73.850022,70.140021,71.820021,21425,26.948224,4.8481,,2771714.902
"17-Jul-19",71.260021,75.624522,70.770021,72.730021,43337,,4.8587,,3035939.6576
"18-Jul-19",73.290021,76.300022,71.960021,72.590021,27610,21.913129,4.7204,,2301456.0904
"19-Jul-19",72.660021,75.450922,68.18002,70.070021,26105,21.853398,4.53,,2306467.7296
"22-Jul-19",71.330021,79.170023,71.330021,78.540023,36852,,4.441,,2293938.6316
"23-Jul-19",81.270024,83.720025,73.500022,80.150024,57866,,4.3726,,2253288.6692
"24-Jul-19",80.220024,80.359324,73.640022,75.390022,47956,,4.2942,,2275687.1192
"25-Jul-19",76.090022,76.090022,69.09002,69.23002,49543,21.569664,3.7672,,2442696.5156
"26-Jul-19",69.51002,72.520021,64.750019,66.500019,30039,20.381637,3.5644,,2324287.7372
"29-Jul-19",66.92002,74.433822,66.92002,73.710022,37087,20.715659,3.5604,,2389383.1104
"30-Jul-19",73.850022,77.385023,73.850022,76.930023,39935
"31-Jul-19",77.630023,79.520023,75.600022,76.160022,33945,19.886399,3.4067,3268669,2327527.7784
"01-Aug-19",77.000023,77.896023,71.680021,74.620022,22058,18.387335,3.3168,,2156983.7916
"02-Aug-19",74.550022,76.720023,70.560021,72.240021,25094,19.613549,3.1691,,2326055.0324
"05-Aug-19",72.520021,73.360022,66.105219,68.53002,35438,18.972973,3.1553,,2311622.1216
"06-Aug-19",69.02002,69.02002,64.610019,68.46002,15643,19.000988,3.1521,,2303669.2932
"07-Aug-19",67.55002,71.680021,66.640019,69.37002,13141,22.925752,3.2391,,2770824.3244
"08-Aug-19",69.79002,71.330021,67.62002,69.23002,10136,22.166017,3.2505,,2674801.2852
"09-Aug-19",69.37002,69.65002,66.500019,67.06002,19020,20.804976,3.7102,,3541275.9946
"12-Aug-19",66.85002,67.78032,64.680019,64.890019,16336,20.940762,3.6885,,3564156.6776
"13-Aug-19",64.820019,69.37002,64.610019,68.25002,12189,21.726059,3.692,,3671369.0208
"14-Aug-19",66.85002,71.810921,65.240019,65.380019,26248,21.651253,3.6995,,3690000.4341
"15-Aug-19",66.430019,71.750021,65.660019,68.95002,16060,21.05385,3.5621,3276431,3602400.1049
"16-Aug-19",69.51002,72.030021,67.62002,70.070021,23598,20.747656,3.5562,,3560888.0086
"19-Aug-19",71.050021,71.960021,70.000021,70.700021,17490,20.332131,3.568,,3546832.7319
"20-Aug-19",70.350021,71.820021,69.27342,70.700021,11863,20.285605,3.5503,,3511857.9736
"21-Aug-19",71.400021,76.930023,71.260021,75.600022,20443,20.252776,3.5451,,3498456.4307
"22-Aug-19",76.370022,77.000023,71.400021,74.340022,18530,20.224766,3.5454,,3513819.175
"23-Aug-19",74.340022,74.550022,68.95002,70.000021,12109,20.44619,3.5146,,3543237.196
"26-Aug-19",70.560021,70.560021,67.90002,69.37002,10186,20.0084,3.5097,,3202056.0163
"27-Aug-19",69.30002,70.315021,66.500019,67.20002,8717,20.86201,3.501,,3306246.5221
"28-Aug-19",66.78002,70.070021,66.280219,67.69002,11731,20.408761,3.4978,,3210247.0938
"29-Aug-19",69.23002,71.131221,67.20002,67.90002,11070,20.482212,3.4972,,3226629.2488
"30-Aug-19",68.11002,68.11002,65.276419,67.34002,14351,20.775983,3.477,3242484,3285605.0068
"02-Sep-19",,,,,,20.542972,3.477,,3285605.0068
"03-Sep-19",65.940019,67.19652,64.750019,65.520019,11003,18.461835,3.3739,,2928474.0278
"04-Sep-19",66.220019,68.04002,64.750019,67.76002,38327,18.666697,3.4147,,3011367.7321
"05-Sep-19",68.60002,70.245021,67.90002,69.79002,19533,18.09091,3.3718,,2936665.1053
"06-Sep-19",70.000021,70.279321,68.04002,68.67002,9917,19.877102,3.3265,,3221059.3161
"09-Sep-19",70.000021,70.350021,68.27172,69.23002,18974,20.520378,2.9509,,3307884.7376
"10-Sep-19",68.95002,70.070021,68.67002,69.51002,17636,20.581003,2.938,,3304608.3066
"11-Sep-19",69.86002,70.700021,68.32002,69.79002,29577,19.502634,2.8981,,3061553.3928
"12-Sep-19",69.72002,72.100021,68.74002,70.980021,15609,19.308485,2.8805,,3032371.0368
"13-Sep-19",71.400021,73.325021,70.770021,71.820021,18323,18.789014,2.8357,3116930,2966872.86
"16-Sep-19",70.980021,73.500022,70.350721,73.080021,33443,18.222673,2.7667,,2944499.7204
"17-Sep-19",73.010021,73.430022,69.93002,70.560021,9558,18.058505,2.806,,2890674.486
"18-Sep-19",70.280021,70.322021,67.27002,67.76002,10093,18.525426,2.905,,2944175.472
"19-Sep-19",68.04002,69.44002,66.99002,68.39002,8670,18.742028,2.8039,,2952605.9304
"20-Sep-19",68.11002,69.44002,66.85002,67.76002,14797,19.126146,2.6942,,2979518.5476
"23-Sep-19",67.34002,67.80972,64.750019,65.800019,16665,19.507948,2.7006,,2985355.0188
"24-Sep-19",65.800019,66.220019,63.000018,63.350019,20537,19.271294,2.7287,,3093553.025
"25-Sep-19",63.420019,65.030019,63.000018,64.400019,9083,20.26443,2.7407,,3236931.805
"26-Sep-19",64.470019,66.010019,63.000018,63.280018,10594,21.530882,2.6998,,3423012.526
"27-Sep-19",63.700019,65.450019,59.850017,60.900018,13542,21.425843,2.6727,,3402440.788
"30-Sep-19",60.900018,62.930018,60.270018,61.880018,14687,22.989763,2.6519,3148520,3364725.935
"01-Oct-19",63.280018,64.260019,58.520017,58.660017,12052,24.768833,2.7221,,3601612.615
"02-Oct-19",58.520017,59.150017,54.740016,57.260017,20065,23.974221,2.5983,,3498442.232
"03-Oct-19",57.540017,59.080017,56.070016,58.730017,6553,27.228915,2.5768,,3965670.039
"04-Oct-19",59.360017,62.160018,56.350016,57.470017,14184,25.796761,2.5729,,3781459.476
"07-Oct-19",57.540017,59.080017,56.700017,57.330017,16337,25.15169,2.5696,,3694497.129
"08-Oct-19",56.560016,57.120017,53.340016,54.180016,21038,25.028053,2.5542,,3676730.628
"09-Oct-19",54.600016,55.440016,48.650014,49.770014,17729,24.307255,2.5151,,3341524.276
"10-Oct-19",49.770014,51.590015,49.770014,51.240015,9051,23.689394,2.6846,,3237937.968
"11-Oct-19",51.940015,55.440016,50.610015,50.960015,15137,24.823423,2.6528,,3381825.332
"14-Oct-19",51.100015,53.760016,48.860014,49.000014,19277,24.893518,2.6529,,3388752.076
"15-Oct-19",49.280014,52.150015,47.180014,48.370014,30640,25.312511,2.6328,3170288,3470928.448
"16-Oct-19",48.510014,49.280014,47.250014,48.440014,15692,25.157186,2.7699,,3413940.236
"17-Oct-19",48.650014,50.330015,47.600014,47.950014,30672,24.314665,2.743,,3322003.452
"18-Oct-19",47.740014,50.960015,47.040014,48.930014,14114,25.405148,2.7019,,3396938.228
"21-Oct-19",49.910014,51.403115,48.510014,49.490014,24422,25.414,2.6627,,3375213.44
"22-Oct-19",49.490014,50.470015,44.870013,47.040014,32659,23.147708,2.5079,,3102866.46
"23-Oct-19",47.110014,49.980014,46.270013,49.280014,32170,24.577657,2.4638,,3283276.656
"24-Oct-19",50.470015,50.750015,46.130013,47.740014,42167,25.269047,2.449,,3047280.8256
"25-Oct-19",47.320014,49.840014,46.410013,47.810014,42736,25.290214,2.4347,,3037769.9616
"28-Oct-19",48.650014,49.700014,46.690014,48.790014,32074,24.982084,2.417,,2937271.832
"29-Oct-19",49.000014,50.960015,48.160014,49.210014,50822,23.377611,2.3435,,2815215.744
"30-Oct-19",49.210014,52.227715,49.000014,49.980014,42253,23.277825,2.3407,,2813630.6
"31-Oct-19",50.190015,51.730015,49.560014,50.750015,34535,23.389325,2.3554,3772286,2815849.8016
"01-Nov-19",51.170015,55.580016,51.170015,54.950016,19491,22.913358,2.2873,,2728349.8528
"04-Nov-19",56.350016,58.939317,54.495016,57.050017,42403,22.056968,2.3211,,2657018.3728
"05-Nov-19",57.260017,58.114017,51.524215,52.990015,33373,21.539321,2.254,,2620877.0896
"06-Nov-19",52.920015,54.880016,52.500015,54.040016,23792,20.99124,2.2351,,2531791.9968
"07-Nov-19",55.090016,58.729317,54.880016,57.400017,26711,20.80204,2.2386,,2529889.824
"08-Nov-19",58.100017,62.160018,57.400017,60.900018,34031,20.444778,2.2456,,2525451.4208
"11-Nov-19",62.440018,62.650018,58.800017,62.160018,39644,20.009018,2.2456,,2528938.7376
"12-Nov-19",62.930018,68.11002,62.160018,64.890019,92527,20.085432,2.2207,,3576127.128
"13-Nov-19",65.520019,69.16002,56.910017,58.870017,74556,19.198191,2.2225,,3554625.0978
"14-Nov-19",58.100017,58.366017,54.539816,55.650016,33535
"15-Nov-19",11.340003,13.440004,6.580001,7.630002,3761481,5.656654,2.2285,4019303,3639124.3042
"18-Nov-19",8.050002,8.750002,7.630002,7.980002,893764,4.792329,2.2561,,3637238.1612
"19-Nov-19",7.700002,7.840002,7.210002,7.770002,427613,5.301952,2.2718,,4239672.2354
"20-Nov-19",7.560002,7.770002,7.140002,7.490002,254029,4.851668,2.5195,,4019370.733
"21-Nov-19",7.490002,7.840002,7.280002,7.560002,216781,3.818768,2.5596,,3259255.104
"22-Nov-19",7.560002,8.610002,7.420002,8.470002,615387,3.486016,2.6075,,3228322.3588
"25-Nov-19",8.540002,9.590002,8.400002,8.960002,528990,3.054486,2.6639,,3060455.6318
"26-Nov-19",9.030002,9.100002,8.260002,8.610002,234469,2.821725,2.6903,,3164799.1822
"27-Nov-19",8.680002,8.820002,7.770002,8.470002,193220,2.87086,2.7226,,3290603.3661
"28-Nov-19",,,,,,2.830262,2.7226,,3290603.3661
"29-Nov-19",8.330002,8.610002,8.190002,8.400002,86746,2.968879,2.7814,1408688,3482324.1192
"02-Dec-19",8.330002,8.890002,8.120002,8.750002,152847,2.761051,2.7698,,3338031.1415
"03-Dec-19",8.400002,8.750002,8.260002,8.330002,131873,2.789812,2.8241,,3370989.4261
"04-Dec-19",8.330002,8.610002,7.980002,8.260002,153372,2.713466,2.8906,,3331600.2567
"05-Dec-19",8.190002,8.540002,7.980002,8.470002,213598,2.480158,2.7784,,3104509.6372
"06-Dec-19",8.540002,9.158102,8.400002,8.890002,212771,2.406316,2.8052,,3075972.5859
"09-Dec-19",8.960002,9.100002,8.680002,9.030002,120519,2.108225,2.8712,,2726695.1552
"10-Dec-19",8.960002,9.170002,8.680002,8.680002,172861,1.985586,2.8172,,1055811.656
"11-Dec-19",8.680002,8.820002,8.540002,8.750002,74178,1.978438,2.8031,,1058206.4256
"12-Dec-19",8.750002,8.890002,8.540002,8.680002,139838,1.943303,2.7946,,1051303.8544
"13-Dec-19",8.680002,8.820002,8.470002,8.610002,111449,1.765757,2.7989,1351273,964528.6736
"16-Dec-19",8.610002,8.845902,8.120002,8.155002,175420,1.70718,2.7922,,947483.5488
"17-Dec-19",8.190002,8.190002,7.770002,7.980002,211550,1.689042,2.8202,,953963.5136
"18-Dec-19",7.910002,8.400002,7.910002,8.260002,1929212,1.659424,2.8637,,1113567.864
"19-Dec-19",8.260002,8.680002,8.050002,8.680002,176060,1.766842,2.8419,,1201892.6016
"20-Dec-19",8.680002,9.100002,8.260002,9.100002,275279,1.947732,2.8685,,1353608.2992
"23-Dec-19",9.170002,10.360003,8.890002,9.660002,499404,1.928959,2.8899,,1392347.2192
"24-Dec-19",9.940002,9.940002,9.380002,9.800002,199804
"25-Dec-19",,,,,,1.850164,2.8944,,1923672.2428
"26-Dec-19",10.080003,10.080003,9.100002,9.310002,202108,1.289656,2.7719,,1360461.6564
"27-Dec-19",9.310002,9.520002,9.170002,9.240002,103537
"30-Dec-19",9.170002,9.450002,8.890002,9.380002,210966,,2.5954,,1324112.4127
"31-Dec-19",10.640003,10.675003,9.590002,10.430003,701327,1.283452,2.5758,1240432,1395054.2452
"01-Jan-20",,,,,,1.232211,2.5742,,1394648.8633
"02-Jan-20",10.430003,10.500003,9.870002,9.870002,292501,1.222525,2.6434,,1410729.012
"03-Jan-20",10.010003,10.290003,9.870002,10.220003,221563,0.925026,2.7998,,1082099.4184
"06-Jan-20",10.220003,10.290003,9.940002,10.220003,162921
"07-Jan-20",10.220003,10.220003,9.940002,10.150003,151204,0.715053,2.725,,852923.5176
"08-Jan-20",10.080003,10.150003,9.590002,9.870002,136390,0.709073,2.7335,,852518.1357
"09-Jan-20",9.870002,10.430003,9.590002,10.360003,187059,0.758005,2.7206,,921297.9314
"10-Jan-20",10.360003,12.320003,10.080003,11.900003,775972,0.780266,2.7355,,884676.1024
"13-Jan-20",11.760003,11.830003,10.640003,10.990003,418740,0.666108,2.7138,,785937.7152
"14-Jan-20",10.990003,11.060003,9.800002,10.430003,258803,0.647134,2.631,,763361.8528
"15-Jan-20",10.360003,11.200003,10.360003,10.640003,145405,0.644639,2.6492,1859357,766090.8032
"16-Jan-20",10.710003,10.850003,10.430003,10.500003,147537,0.542399,2.6602,,648994.0224
"17-Jan-20",10.710003,10.780003,10.220003,10.220003,444740,0.46358,2.6987,,568614.0288
"20-Jan-20",,,,,,0.443338,2.6972,,559931.0048
"21-Jan-20",10.430003,11.060003,10.290003,10.430003,336850,0.367937,2.6003,,466154.3456
"22-Jan-20",10.640003,10.924203,10.150003,10.360003,364714,0.442888,2.6039,,571839.152
"23-Jan-20",10.500003,10.546203,10.150003,10.220003,250029,0.370583,2.5739,,484140.6096
"24-Jan-20",10.430003,10.430003,9.730002,9.870002,400120,0.421048,2.5753,,561171.4368
"27-Jan-20",9.800002,10.220003,9.310002,9.590002,399843,0.440788,2.5551,,1473168.5511
"28-Jan-20",9.870002,10.010003,9.520002,9.870002,181372,0.72117,2.6524,,2394479.9446
"29-Jan-20",9.730002,9.870002,9.240002,9.240002,195514,1.035438,2.5691,,3467142.9979
"30-Jan-20",9.310002,9.380002,8.820002,8.960002,214340,1.05503,2.5534,,3562528.012
"31-Jan-20",9.100002,9.800002,9.030002,9.660002,191410,1.071976,2.6343,2480452,3647314.6912
"03-Feb-20",9.520002,10.010003,9.450002,9.800002,123045,1.072369,2.6414,,3720387.4213
"04-Feb-20",9.800002,9.940002,9.240002,9.450002,129963,1.037261,2.6146,,3564759.2404
"05-Feb-20",9.380002,9.800002,9.380002,9.590002,72778,1.049176,2.6156,,3611243.1654
"06-Feb-20",9.730002,10.430003,9.730002,9.765002,336289,1.105808,2.6093,,3863929.7817
"07-Feb-20",9.870002,10.010003,9.590002,9.800002,128473,1.025542,2.6019,,3601946.3804
"10-Feb-20",9.800002,9.914802,9.590002,9.660002,70272,0.913775,2.6482,,3262799.6636
"11-Feb-20",9.660002,9.870002,9.590002,9.730002,58244,0.962892,2.6484,,2307812.5408
"12-Feb-20",9.800002,10.150003,9.730002,9.800002,72166,0.930069,2.6439,,2232654.8452
"13-Feb-20",9.800002,9.940002,9.590002,9.660002,76939,0.918094,2.631,,2202145.2856
"14-Feb-20",9.590002,9.660002,9.310002,9.450002,107279,0.88989,2.5913,1965374,2137901.5788
"17-Feb-20",,,,,,1.057779,2.5913,,2137901.5788
"18-Feb-20",9.450002,9.450002,9.240002,9.310002,72718,0.969958,2.5604,,1937233.012
"19-Feb-20",9.730002,10.710003,9.520002,10.290003,565553,1.021238,2.5448,,1999740.4024
"20-Feb-20",10.290003,10.430003,9.870002,10.220003,144489,0.961953,2.5094,,1851161.3276
"21-Feb-20",10.150003,10.850003,10.080003,10.640003,233560,0.801401,2.4624,,1540112.6468
"24-Feb-20",10.220003,11.340003,10.010003,10.570003,192606,0.844214,2.4229,,1583520.5568
"25-Feb-20",10.640003,11.095003,10.010003,10.290003,145276,0.730594,2.4063,,1361024.0124
"26-Feb-20",10.220003,10.552503,9.940002,10.150003,118043,0.786098,2.3983,,1310904.458
"27-Feb-20",10.010003,10.080003,9.170002,9.520002,260143,0.848767,2.4087,,1417624.2662
"28-Feb-20",9.450002,9.870002,9.310002,9.730002,146431,0.946159,2.4145,1905993,1575443.7984
"02-Mar-20",9.730002,10.360003,9.450002,9.940002,81028,1.049088,2.3751,,1746234.799
"03-Mar-20",10.080003,10.290003,9.870002,10.010003,60029,0.999361,2.3814,,1653272.6088
"04-Mar-20",10.080003,10.290003,9.905002,10.080003,74483,1.064261,2.4841,,1753899.7576
"05-Mar-20",9.870002,10.290003,9.590002,9.660002,105547,0.948452,2.369,,1558148.5072
"06-Mar-20",9.590002,9.800002,9.240002,9.450002,184921,0.955191,2.3866,,1566206.5406
"09-Mar-20",9.170002,9.170002,8.260002,8.820002,276827,0.916909,2.3903,,1509800.3068
"10-Mar-20",9.030002,9.170002,8.400002,8.680002,151973,1.103034,2.4263,,2201993.7129
"11-Mar-20",8.610002,8.680002,7.910002,8.190002,133184,1.183431,2.4573,,2356188.5466
"12-Mar-20",7.070002,8.050002,7.070002,7.420002,146178,1.21356,2.4707,,2427853.8834
"13-Mar-20",7.420002,7.840002,6.964302,7.490002,118670,1.178467,2.4898,2203711,2354282.5536
"16-Mar-20",6.936302,7.490002,6.668902,6.720702,88280,1.172339,2.4829,,2338462.8117
"17-Mar-20",6.790002,7.350002,6.654201,6.792802,69148
"18-Mar-20",6.790002,6.790002,6.090708,6.120801,105254,1.108919,2.6211,,2180646.5913
"19-Mar-20",6.110301,7.000002,6.020001,6.694802,61834,1.245913,2.6324,,2141383.1355
"20-Mar-20",6.763402,7.350002,6.720702,6.790002,65719,1.266129,2.5179,,2157584.076
"23-Mar-20",6.846002,7.280002,6.657001,6.790002,27567,1.148653,2.5108,,1919716.1496
"24-Mar-20",7.140002,7.420002,7.000002,7.350002,159961,1.141878,2.4291,,1738287.2368
"25-Mar-20",7.280002,7.980002,7.210002,7.630002,57451,1.035123,2.3961,,1557362.5637
"26-Mar-20",7.630002,7.910002,7.070702,7.350002,44143,1.171944,2.2089,,1741592.8033
"27-Mar-20",7.000002,7.840002,6.930702,7.280002,42993,1.188753,2.2174,,1743355.7721
"30-Mar-20",7.420002,7.630002,7.210002,7.630002,26453,1.2703,2.2543,,1851117.24
"31-Mar-20",7.490002,7.840002,7.070002,7.210002,85276,1.160644,2.2276,1383566,1673498.1334
"01-Apr-20",7.210002,7.560002,7.070002,7.070002,41848,1.290413,2.2819,,1756578.0381
"02-Apr-20",7.210002,7.420002,6.923702,7.420002,49308,1.247968,2.383,,1679668.5242
"03-Apr-20",7.210002,7.490002,6.790002,7.210002,60912,1.210765,2.3814,,1595927.5062
"06-Apr-20",7.210002,7.560002,7.210002,7.420002,54148,1.327172,2.3996,,1722640.8887
"07-Apr-20",7.420002,7.490002,7.105002,7.140002,38676,1.395011,2.4071,,1789854.0742
"08-Apr-20",7.210002,7.770002,7.070002,7.700002,60280,1.457926,2.4179,,1854643.1776
"09-Apr-20",7.630002,7.840002,7.420002,7.700002,32756,1.450112,2.3965,,1510162.289
"10-Apr-20",,,,,,1.453416,2.3965,,1510162.289
"13-Apr-20",7.700002,8.050002,7.490002,7.945002,57417,1.422972,2.3835,,1375126.2474
"14-Apr-20",8.050002,8.540002,8.050002,8.400002,100633,1.469777,2.375,,1373189.255
"15-Apr-20",8.050002,8.400002,7.700002,8.120002,31198,1.209333,2.4334,1009904,1102010.319
"16-Apr-20",8.190002,8.260002,7.840002,8.050002,29828,1.144844,2.403,,1029926.5304
"17-Apr-20",8.260002,8.540002,7.840002,8.260002,53219,1.121601,2.3781,,998381.2256
"20-Apr-20",8.330002,9.310002,8.120002,8.400002,91890,1.197207,2.3851,,1022870.3438
"21-Apr-20",8.540002,8.610002,7.840002,8.050002,57657,1.111448,2.3935,,941239.9498
"22-Apr-20",8.050002,8.330002,7.770002,8.050002,30638,1.147562,2.374,,936812.5386
"23-Apr-20",8.190002,8.365702,8.050002,8.190002,25289,1.384804,2.486,,1083747.2478
"24-Apr-20",8.330002,8.470002,7.910002,8.050002,53970,1.465859,2.4887,,1025052.56
"27-Apr-20",8.050002,8.680002,7.980702,8.680002,45442,1.425156,2.4978,,950521.6448
"28-Apr-20",8.680002,8.750002,8.260002,8.540002,32433,1.173178,2.399,,743188.3536
"29-Apr-20",10.990003,11.060003,9.520002,10.780003,2037506,0.893601,4.7588,,717233.8208
"30-Apr-20",10.500003,11.060003,9.590002,10.710003,408115,0.882168,4.7422,726380,725212.0624
"01-May-20",10.500003,10.850003,9.919702,10.500003,160925,1.502538,7.2248,,1220670.9648
"04-May-20",10.150003,10.850003,9.870002,10.640003,106670,0.886079,7.1022,,718546.696
"05-May-20",11.060003,12.740003,10.920003,11.970003,771844,0.856979,7.1664,,745814.104
"06-May-20",12.110003,12.460003,11.410003,12.250003,174496,0.922723,7.0602,,811760.8352
"07-May-20",12.250003,12.250003,11.480003,12.110003,170122,1.071716,6.9908,,926384.9392
"08-May-20",11.830003,13.860004,11.621403,13.370004,647589,1.073253,5.8215,,979202.9184
"11-May-20",13.370004,13.598904,12.880003,13.440004,217809,1.105442,5.9887,,1025430.646
"12-May-20",13.580004,15.610004,13.160003,13.510004,655355,1.187026,5.7456,,1166856.832
"13-May-20",13.580004,14.175004,11.900003,12.810003,327995,1.133269,5.6348,,1140852.428
"14-May-20",12.880003,13.650004,12.460003,13.440004,122705,1.034646,5.9677,,1045987.2
"15-May-20",13.370004,13.580004,12.950003,13.580004,89932,1.080368,5.9661,897731,1090441.656
"18-May-20",13.720004,14.107804,13.300003,13.510004,96524,1.205767,5.9844,,1208623.682
"19-May-20",13.370004,13.790004,13.230003,13.720004,92119,1.326608,5.7991,,1332108.282
"20-May-20",13.650004,13.895704,13.440004,13.720004,116453,1.258051,5.6876,,1211747.116
"21-May-20",13.720004,14.840004,13.300003,14.210004,166918,1.329054,5.6539,,1282787.08
"22-May-20",14.210004,14.910004,13.370004,14.700004,163747,1.225776,5.6153,,1175355.478
"25-May-20",,,,,,1.269138,5.5616,,1213563.066
"26-May-20",15.190004,16.590004,14.910004,15.960004,326530,1.099342,5.4079,,1069739.826
"27-May-20",16.240004,16.380004,14.279304,14.700004,178449,0.995256,5.326,,801853.3292
"28-May-20",15.820004,17.430005,14.700004,15.470004,927104,0.923083,5.3191,,790721.4648
"29-May-20",15.470004,15.905404,13.720004,15.190004,402573,0.925882,4.9939,693015,811189.7316
"01-Jun-20",15.260004,15.260004,13.930004,14.140004,112044,0.946409,4.9261,,824206.8311
"02-Jun-20",14.000004,14.560004,13.447004,14.000004,156418,1.215775,4.7551,,1056629.387
"03-Jun-20",14.420004,16.100004,14.280004,15.610004,279051,1.417746,4.7704,,1252873.3836
"04-Jun-20",15.890004,16.450004,14.560004,14.945004,195869,1.375511,4.7792,,1229442.6045
"05-Jun-20",15.050004,15.470004,14.350004,15.260004,112909,1.548549,4.6896,,1388430.7646
"08-Jun-20",15.260004,16.310004,14.840004,15.610004,109807,1.515631,4.6724,,1359613.5995
"09-Jun-20",15.820004,17.150005,15.680004,16.800005,222243,1.392169,4.6538,,1070084.4615
"10-Jun-20",17.080005,17.430005,15.610004,15.750004,118842,1.303301,4.7709,,988793.802
"11-Jun-20",15.260004,15.579904,13.869104,14.280004,198939,1.336014,4.7737,,1017623.226
"12-Jun-20",14.490004,15.085004,13.930004,14.630004,117536,1.340761,4.7666,,1019910.1755
"15-Jun-20",14.350004,15.750004,13.440004,15.260004,104996,1.419525,5.7969,744667,1082142.9225
"16-Jun-20",15.750004,15.960004,14.665004,15.120004,98316,1.415189,5.4726,,1070985.381
"17-Jun-20",15.470004,15.470004,14.770004,15.225004,49620,1.531665,5.6618,,1155394.608
"18-Jun-20",15.120004,15.120004,14.280004,14.910004,79993,1.486168,5.035,,1122129.888
"19-Jun-20",14.840004,15.400004,14.630004,14.700004,108367,1.428544,4.9606,,1078885.752
"22-Jun-20",14.840004,15.610004,14.247356,15.400004,82492,1.419596,4.9557,,1084776.3795
"23-Jun-20",15.610004,16.940005,15.568004,16.240004,191124,1.482039,5.0803,,1132940.922
"24-Jun-20",16.030004,16.590004,14.490004,14.840004,124447,1.477573,5.3458,,783538.6174
"25-Jun-20",14.980004,15.260004,14.420004,14.980004,121664,1.548631,5.4273,,818612.4331
"26-Jun-20",14.840004,15.400004,14.409504,15.260004,348470,1.7921,5.5013,,970003.2342
"29-Jun-20",15.400004,16.100004,14.560004,14.910004,80486,1.612445,5.835,,885930.3299
"30-Jun-20",14.770004,15.120004,14.420004,15.050004,66451,1.089236,4.468,560879,592382.5985
"01-Jul-20",14.980004,15.260004,14.105004,14.420004,117116,0.700411,3.8417,,387077.9066
"02-Jul-20",14.980004,16.450004,14.350004,16.170004,365496,0.676333,3.8873,,383429.0383
"03-Jul-20",,,,,,0.668333,3.8873,,383429.0383
"06-Jul-20",17.920005,18.340005,16.170004,17.430005,411566,0.585732,3.8107,,345227.6212
"07-Jul-20",16.800005,17.220005,15.540004,16.170004,158565,0.60681,4.0234,,360493.2947
"08-Jul-20",15.750004,16.730005,15.680004,16.170004,97442,0.488656,4.2967,,291611.5972
"09-Jul-20",16.310004,16.828705,15.959304,16.170004,85686,0.501709,4.3267,,299951.8676
"10-Jul-20",16.170004,17.570005,15.855004,17.150005,178845,0.502147,4.4246,,287394.3996
"13-Jul-20",17.360005,17.430005,15.890004,16.100004,136430,0.566158,4.6648,,322168.8976
"14-Jul-20",16.240004,16.450004,15.330004,15.890004,80602,0.561639,4.5197,,320149.7332
"15-Jul-20",15.960004,16.798605,15.750004,16.450004,60242,0.718073,4.64,480049,408095.5604
"16-Jul-20",16.450004,17.640005,16.170004,17.430005,127244,0.685505,4.6252,,392334.8605
"17-Jul-20",17.640005,21.700006,17.500005,20.930006,628725,0.567395,4.2776,,338939.1797
"20-Jul-20",21.280006,21.343006,18.060705,18.410005,297994,0.539016,4.1898,,327497.2481
"21-Jul-20",18.907005,20.230006,18.620005,19.600005,124381,0.741084,4.6315,,451339.3313
"22-Jul-20",19.180005,19.530005,18.060005,18.095005,81940,0.752953,4.6298,,459303.8131
"23-Jul-20",18.410005,18.970005,16.870005,17.220005,115704,0.654783,4.4691,,401757.6277
"24-Jul-20",17.150005,17.780005,16.590004,17.570005,62313,0.66799,4.5129,,483313.3332
"27-Jul-20",18.130005,18.165705,17.500005,17.640005,95239,0.663021,4.4803,,481105.1078
"28-Jul-20",19.180005,19.250005,15.750004,16.590004,464634,0.638128,4.4571,,476160.6031
"29-Jul-20",16.660004,17.430005,16.310004,17.360005,127801,0.516543,4.9473,,387879.592
"30-Jul-20",16.800005,19.425005,16.380004,19.040005,169394,0.563164,4.9516,,371125.8819
"31-Jul-20",19.250005,19.950005,17.150005,17.430005,146592,0.616968,5.1589,450172,404681.307
"03-Aug-20",17.570005,18.060005,17.430005,17.780005,63563,0.632891,5.1466,,405881.4295
"04-Aug-20",17.850005,18.830005,17.570005,18.130005,67547,0.694533,5.2312,,440828.9967
"05-Aug-20",18.200005,18.900005,17.920005,18.130005,79105,0.521998,5.1482,,330657.7512
"06-Aug-20",18.270005,18.475805,17.500005,17.570005,56715,0.550623,5.109,,329697.6532
"07-Aug-20",17.500005,17.780005,16.940005,17.150005,44550,0.489465,5.2489,,289997.6009
"10-Aug-20",17.360005,18.620005,17.150005,18.130005,101915,0.554378,5.3648,,314048.0558
"11-Aug-20",18.130005,18.130005,16.660004,16.660004,87814,0.51884,5.2095,,324393.9432
"12-Aug-20",16.800005,17.010005,15.505004,16.170004,115784,0.498008,5.1867,,308592.906
"13-Aug-20",16.170004,16.660004,15.820004,15.960004,40092,0.644505,5.2214,,378009.4284
"14-Aug-20",16.030004,16.240004,15.610004,16.170004,41770,0.660086,5.2661,355160,376974.0328
"17-Aug-20",16.450004,16.450004,15.540004,15.750004,46118,0.640585,5.2448,,365719.7328
"18-Aug-20",15.960004,16.520004,15.610004,15.610004,35713,0.627528,5.227,,353970.2436
"19-Aug-20",15.610004,16.030004,15.120004,15.190004,55583,0.560661,4.9674,,315030.3656
"20-Aug-20",15.050004,16.100004,15.050004,15.890004,35760,0.568812,4.9504,,317866.4492
"21-Aug-20",16.100004,16.380004,14.980004,15.330004,44775,0.58341,4.9483,,323763.7024
"24-Aug-20",15.190004,15.260004,14.140004,14.560004,73003,0.472137,5.3635,,259434.1236
"25-Aug-20",14.210004,14.770004,14.140004,14.350004,45397,0.615174,5.1235,,314991.404
"26-Aug-20",14.420004,15.470004,14.140004,15.050004,30366,0.621366,5.234,,314281.084
"27-Aug-20",15.120004,15.254404,14.140004,14.350004,21685,0.700978,5.2327,,343865.912
"28-Aug-20",14.210004,14.910004,14.210004,14.350004,34908,0.809305,5.1598,,391173.224
"31-Aug-20",14.350004,16.100004,14.350004,15.960004,86963,0.649425,4.9961,352583,277770.636
"01-Sep-20",16.030004,16.100004,14.700004,14.910004,39759,0.737522,4.9694,,312114.608
"02-Sep-20",14.840004,15.400004,14.630004,15.190004,26896,0.719473,4.8941,,301424.292
"03-Sep-20",15.260004,15.400004,14.315004,14.560004,34333,0.722347,4.8859,,298227.852
"04-Sep-20",14.420004,14.560004,13.174003,14.000004,64807,0.736313,4.8861,,296096.892
"07-Sep-20",,,,,,0.742506,4.8861,,296096.892
"08-Sep-20",14.000004,14.420004,13.440004,13.790004,31646,0.730827,4.8678,,288141.308
"09-Sep-20",14.000004,15.050004,14.000004,14.630004,32889,0.77332,4.8247,,301850.484
"10-Sep-20",14.770004,15.260004,14.210004,14.770004,24689,0.768838,4.7644,,371128.8658
"11-Sep-20",14.910004,15.330004,14.420004,15.050004,30236,4.765925,4.6345,,324728.943
"14-Sep-20",14.980004,16.730005,14.980004,16.590004,102188,4.678457,4.5805,,314398.2611
"15-Sep-20",16.660004,17.220005,15.470004,15.960004,121479,3.736066,4.5048,,251356.4207
"16-Sep-20",16,16.09,14.56,15.4,101717,3.735948,4.5193,,251250.6458
"17-Sep-20",,,,,,0.467111,4.5155,,31485.6619
"19-Nov-21",,,,,,,,,,,0