"Date","open TWIN Price in USD","high TWIN Price in USD","low TWIN Price in USD","close TWIN Price in USD","TWIN Volume","Days to cover 3m (on loan)","Cost To Borrow","Exchange Reported SI","Estimated Short Interest","Dividends","hidden"
"08-Nov-11",,,,,,,,,,
"01-Dec-11",,,,,,,,,,
"20-Jan-12",,,,,,,,,,
"08-Feb-12",,,,,,,,,,
"01-Mar-12",,,,,,,,,,
"23-Apr-12",,,,,,,,,,
"09-May-12",,,,,,,,,,
"01-Jun-12",,,,,,,,,,
"31-Jul-12",,,,,,,,,,
"08-Aug-12",,,,,,,,,,
"04-Sep-12",,,,,,,,,,
"23-Oct-12",,,,,,,,,,
"07-Nov-12",,,,,,,,,,
"03-Dec-12",,,,,,,,,,
"18-Jan-13",,,,,,,,,,
"06-Feb-13",,,,,,,,,,
"01-Mar-13",,,,,,,,,,
"23-Apr-13",,,,,,,,,,
"08-May-13",,,,,,,,,,
"03-Jun-13",,,,,,,,,,
"30-Jul-13",,,,,,,,,,
"07-Aug-13",,,,,,,,,,
"03-Sep-13",,,,,,,,,,
"22-Oct-13",,,,,,,,,,
"06-Nov-13",,,,,,,,,,
"02-Dec-13",,,,,,,,,,
"28-Jan-14",,,,,,,,,,
"12-Feb-14",,,,,,,,,,
"03-Mar-14",,,,,,,,,,
"29-Apr-14",,,,,,,,,,
"07-May-14",,,,,,,,,,
"02-Jun-14",,,,,,,,,,
"05-Aug-14",,,,,,,,,,
"13-Aug-14",,,,,,,,,,
"02-Sep-14",,,,,,,,,,
"28-Oct-14",,,,,,,,,,
"12-Nov-14",,,,,,,,,,
"01-Dec-14",,,,,,,,,,
"02-Jan-15",19.9,20,18.91,19.21,32763
"05-Jan-15",18.95,19.4,18.22,18.52,37189
"06-Jan-15",18.53,18.68,17.63,17.93,39984
"07-Jan-15",18.02,18.39,17.68,18.26,24010
"08-Jan-15",18.5,18.59,18.23,18.39,20104
"09-Jan-15",18.38,18.86,18.312,18.4,13604
"12-Jan-15",18.23,18.23,17.92,17.95,23978
"13-Jan-15",18.08,18.08,17.3,17.59,45051
"14-Jan-15",17.38,17.72,17.3201,17.38,19710
"15-Jan-15",17.51,17.51,16.7,16.72,32716
"16-Jan-15",16.66,17.07,16.66,17,26554
"20-Jan-15",17.11,17.13,16.73,16.97,26632
"21-Jan-15",16.94,18.08,16.515,16.67,38516
"22-Jan-15",16.85,17.56,16.3,17.53,25774
"23-Jan-15",17.48,17.54,17.08,17.35,15737
"26-Jan-15",17.43,17.725,17.26,17.43,25067
"27-Jan-15",17.14,17.14,16.44,16.68,23423
"28-Jan-15",16.41,16.635,16,16.08,19344
"29-Jan-15",16.04,16.18,15.66,15.95,68515
"30-Jan-15",15.8,17.52,15.76,16.1,61547,,,,,
"02-Feb-15",16.31,16.66,15.93,16.28,51791
"03-Feb-15",18.94,19.02,18.03,18.55,101400
"04-Feb-15",18.35,18.64,18,18.14,117462
"05-Feb-15",18.32,19.94,18.13,19.87,31231
"06-Feb-15",19.89,20.01,19.54,19.9,32165
"09-Feb-15",19.87,20.9,19.631,20.03,27743
"10-Feb-15",20.15,20.4,19.39,19.51,28227
"11-Feb-15",19.31,19.31,18.57,18.71,34798,,,,,
"12-Feb-15",19.06,19.06,18.66,18.74,37312
"13-Feb-15",18.86,19.52,18.86,19.14,31647
"17-Feb-15",19.13,19.29,18.35,18.64,50521
"18-Feb-15",18.64,18.72,18.37,18.57,22391
"19-Feb-15",18.48,18.55,17.815,17.97,48985
"20-Feb-15",17.9,17.9,17.02,17.43,65953
"23-Feb-15",17.43,18.21,17.28,17.97,31956
"24-Feb-15",18.13,18.57,18.02,18.38,17734
"25-Feb-15",18.18,18.85,18.18,18.7,18262
"26-Feb-15",18.77,19.06,18.5,18.58,20276
"27-Feb-15",18.43,18.88,18.35,18.39,24585
"02-Mar-15",18.49,18.645,18.16,18.56,18922,,,,,
"03-Mar-15",18.55,18.55,18.33,18.49,13374
"04-Mar-15",18.45,18.45,17.89,18.07,26261
"05-Mar-15",18.03,18.42,18,18.4,15236
"06-Mar-15",18.23,18.59,18.015,18.07,40187
"09-Mar-15",18.24,18.45,18.11,18.33,16039
"10-Mar-15",18.18,18.28,17.85,17.91,34148
"11-Mar-15",17.95,18.15,17.77,17.89,34336
"12-Mar-15",18.12,19.24,18.02,19.2,31607
"13-Mar-15",19.11,19.11,18.13,18.65,18785
"16-Mar-15",18.77,18.77,17.83,17.89,20074
"17-Mar-15",17.77,18.18,17.77,18.01,24316
"18-Mar-15",18.02,18.64,17.77,18.46,13289
"19-Mar-15",18.25,18.25,17.732,17.98,11908
"20-Mar-15",18.12,19.14,18.12,18.77,31905
"23-Mar-15",18.8,18.8,18.24,18.3,13110
"24-Mar-15",18.22,18.92,18.11,18.47,21565
"25-Mar-15",18.49,18.49,17.82,17.83,29976
"26-Mar-15",17.84,18.24,17.8101,18.21,10870
"27-Mar-15",18.14,18.16,17.52,17.94,21910
"30-Mar-15",18,18.43,17.82,17.97,30136
"31-Mar-15",17.87,17.87,17.51,17.67,24609
"01-Apr-15",17.5,17.9,17.34,17.78,22190
"02-Apr-15",17.63,18.03,17.63,17.78,18564
"06-Apr-15",17.69,17.91,17.69,17.84,42221
"07-Apr-15",17.83,17.87,17.71,17.78,25313
"08-Apr-15",17.99,17.99,17.5,17.87,19329
"09-Apr-15",17.88,17.88,17.3795,17.69,18175
"10-Apr-15",17.8,17.85,17.33,17.6,19878
"13-Apr-15",17.6,17.6,17.25,17.45,14549
"14-Apr-15",17.29,18.03,17.03,17.83,28566
"15-Apr-15",18.07,18.88,17.88,18.41,69619
"16-Apr-15",18.34,19.25,18.315,18.59,28145
"17-Apr-15",18.35,18.36,18.01,18.11,17099
"20-Apr-15",18.25,18.66,18.25,18.58,21874
"21-Apr-15",18.61,18.61,18.26,18.4,14074
"22-Apr-15",18.34,18.52,18,18.45,22858
"23-Apr-15",18.51,18.55,18.37,18.55,19267
"24-Apr-15",18.8,18.8,18.11,18.12,13572,,,,,
"27-Apr-15",18.28,18.68,18.22,18.36,28816
"28-Apr-15",17.77,19.67,17.77,19.4,34728
"29-Apr-15",19.13,19.49,19.13,19.17,13489
"30-Apr-15",19.02,19.09,17.94,17.99,35208
"01-May-15",18.12,18.25,17.7,17.8,22555
"04-May-15",17.92,17.93,17.5,17.66,19050
"05-May-15",17.72,17.75,17.44,17.67,40484
"06-May-15",17.71,18.03,17.57,17.83,27966,,,,,
"07-May-15",17.8,18.061,17.77,17.97,12676
"08-May-15",18.15,18.15,17.78,18.11,15306
"11-May-15",18.12,18.31,17.86,18.02,43768
"12-May-15",17.75,17.75,17.55,17.72,17004
"13-May-15",17.94,17.95,17.64,17.9,28344
"14-May-15",18,18.54,17.95,18.46,16895
"15-May-15",18.43,18.515,18.02,18.44,12166
"18-May-15",18.51,18.59,18.16,18.47,22501
"19-May-15",18.35,18.37,17.931,17.97,27207
"20-May-15",17.97,18.08,17.61,18,15985
"21-May-15",18,18.28,17.82,17.89,17217
"22-May-15",17.91,18.1,17.82,18.03,56748
"26-May-15",18.21,18.36,17.77,17.83,29416
"27-May-15",18,18.2,17.79,18,19912
"28-May-15",18.11,18.27,17.98,17.98,19011
"29-May-15",18.06,18.225,17.64,17.83,79770
"01-Jun-15",18.03,18.3,17.65,18.27,23655,,,,,
"02-Jun-15",18.22,18.81,18.22,18.74,14812
"03-Jun-15",18.82,19.24,18.68,18.97,57863
"04-Jun-15",18.85,18.98,18.36,18.68,11965
"05-Jun-15",18.49,18.49,18.01,18.34,11708
"08-Jun-15",18.31,18.33,18.02,18.12,10060
"09-Jun-15",18.11,18.28,18.03,18.06,14103
"10-Jun-15",18.25,19.13,18.14,19.02,86584
"11-Jun-15",19,19.25,18.88,19.08,49042
"12-Jun-15",18.97,19.31,18.85,19.04,25184
"15-Jun-15",18.76,18.76,18,18.26,31230
"16-Jun-15",18.26,18.51,18.12,18.2,19660
"17-Jun-15",18.4,18.4,18.14,18.21,24483
"18-Jun-15",18.37,18.68,18.19,18.46,34261
"19-Jun-15",18.52,19.115,18.34,18.55,58700
"22-Jun-15",18.72,18.87,18.29,18.43,36211
"23-Jun-15",18.4,18.8,18.21,18.76,21636
"24-Jun-15",18.56,18.65,18.19,18.24,20343
"25-Jun-15",18.27,18.3,18.02,18.19,25969
"26-Jun-15",18.2,18.68,18.2,18.44,181739
"29-Jun-15",18.24,18.535,18.05,18.28,18154
"30-Jun-15",18.62,18.71,18.3,18.64,17173
"01-Jul-15",18.75,18.8,18.21,18.29,16887
"02-Jul-15",18.24,18.46,18,18.28,15180
"06-Jul-15",17.98,18.34,17.98,18.12,16834
"07-Jul-15",18.15,18.15,17.19,17.76,27723
"08-Jul-15",17.65,17.87,17.41,17.51,25299
"09-Jul-15",17.79,17.895,17.52,17.71,18489
"10-Jul-15",18.07,18.07,17.555,17.88,14537
"13-Jul-15",17.96,18.03,17.9,17.95,16685
"14-Jul-15",17.78,18.0361,17.78,17.91,14697
"15-Jul-15",17.79,17.93,17.53,17.81,18769
"16-Jul-15",18,18.09,17.55,17.68,8848
"17-Jul-15",17.6,17.825,17.06,17.12,25233
"20-Jul-15",16.99,16.99,16.5,16.58,29221
"21-Jul-15",16.5,16.65,16.02,16.08,34133
"22-Jul-15",15.86,16.162,15.8,16,52250
"23-Jul-15",15.98,15.98,15.51,15.52,33085
"24-Jul-15",15.55,15.64,15.33,15.38,48999
"27-Jul-15",15.19,15.5,15.19,15.23,19750
"28-Jul-15",15.29,15.38,15,15.08,22616
"29-Jul-15",15.19,15.3,14.98,15.29,31751
"30-Jul-15",15.12,15.79,14.99,15.71,16734
"31-Jul-15",15.6,16.2,15.6,16.1,40276,,,,,
"03-Aug-15",16.26,16.3,15.76,15.84,36653
"04-Aug-15",14.92,15.38,14.83,14.88,33441
"05-Aug-15",15,15.17,14.82,14.92,43207
"06-Aug-15",17.1599,17.1599,14.82,14.84,28007
"07-Aug-15",14.82,14.95,14.62,14.77,40339
"10-Aug-15",14.8,15.28,14.76,15,14756
"11-Aug-15",14.92,15,14.68,14.9,11015
"12-Aug-15",14.71,15.03,14.7,14.79,15493,,,,,
"13-Aug-15",14.8,14.92,14.6,14.61,47976
"14-Aug-15",14.65,14.7975,14.52,14.69,44757
"17-Aug-15",14.64,14.64,14.415,14.49,74536
"18-Aug-15",14.38,14.56,14.38,14.44,25272
"19-Aug-15",14.39,14.61,14.36,14.37,22911
"20-Aug-15",14.35,14.46,14.2,14.3,38877
"21-Aug-15",14.12,14.41,14.09,14.16,41842
"24-Aug-15",13.71,14.1511,13.25,13.75,49734
"25-Aug-15",14.24,14.24,13.2,13.2,58354
"26-Aug-15",13.48,13.82,13.13,13.34,37852
"27-Aug-15",13.4,13.93,13.11,13.47,38377
"28-Aug-15",13.4,13.77,13.385,13.52,41113
"31-Aug-15",13.46,14.05,13.42,13.99,23617
"01-Sep-15",13.77,13.9,13.5,13.52,24427,,,,,
"02-Sep-15",13.5,13.55,13.36,13.5,30454
"03-Sep-15",13.45,13.51,13.35,13.41,22605
"04-Sep-15",13.2,13.49,13.2,13.38,34993
"08-Sep-15",13.63,14.105,13.3,13.33,42169
"09-Sep-15",13.43,13.54,13.3,13.32,39520
"10-Sep-15",13.32,13.62,13.32,13.53,13976
"11-Sep-15",13.43,13.51,13.4,13.46,11563
"14-Sep-15",13.41,13.47,13.18,13.24,30994
"15-Sep-15",13.21,13.51,13.21,13.41,21339
"16-Sep-15",13.46,13.67,13.4,13.42,20451
"17-Sep-15",13.4,13.56,13.27,13.45,20468
"18-Sep-15",13.21,13.3,13.06,13.12,80567
"21-Sep-15",13.18,13.32,13.12,13.17,22354
"22-Sep-15",13.15,13.15,12.9,12.93,61928
"23-Sep-15",13,13,12.82,12.86,41928
"24-Sep-15",12.83,12.83,12.47,12.51,67466
"25-Sep-15",12.64,12.64,12.11,12.13,69329
"28-Sep-15",12.12,12.3,12.12,12.25,30067
"29-Sep-15",12.21,12.55,12.21,12.42,17924
"30-Sep-15",12.5,12.53,12.12,12.41,25172
"01-Oct-15",12.45,12.54,12.12,12.23,22202
"02-Oct-15",12.17,12.3,12.11,12.16,52839
"05-Oct-15",12.2,12.77,12.18,12.58,53431
"06-Oct-15",12.56,13.2,12.56,13.1,53478
"07-Oct-15",13.2,13.44,13.04,13.17,55249
"08-Oct-15",13.25,13.38,13.15,13.2,72731
"09-Oct-15",13.25,13.44,13.2,13.37,78751
"12-Oct-15",13.4,13.4,13.1,13.24,21624
"13-Oct-15",13.16,13.36,13.16,13.28,29942
"14-Oct-15",13.33,14.71,13.33,13.68,15128
"15-Oct-15",13.58,13.74,13.25,13.33,19342
"16-Oct-15",13.39,13.53,12.99,13.02,30596
"19-Oct-15",13.1,14,12.99,13.02,11826
"20-Oct-15",13.09,13.28,12.96,13.03,32282
"21-Oct-15",13.068,13.11,12.95,12.95,16258
"22-Oct-15",13,13.6,13,13.46,23142
"23-Oct-15",13.57,13.98,13.54,13.72,24003,,,,,
"26-Oct-15",13.65,13.91,13.5,13.62,14576
"27-Oct-15",12.7,12.7,11.31,11.46,225995
"28-Oct-15",11.5,11.97,11.4,11.53,116396
"29-Oct-15",11.44,12.65,11.44,11.6,31083
"30-Oct-15",11.6,11.9997,11.52,11.78,42938
"02-Nov-15",11.78,12,11.55,11.56,25225
"03-Nov-15",11.57,11.94,11.44,11.48,38614
"04-Nov-15",11.54,11.63,11.3,11.36,34047
"05-Nov-15",11.046,11.37,10.94,11.33,20959
"06-Nov-15",11.22,11.56,10.95,11.34,50753
"09-Nov-15",11.35,11.365,11.05,11.06,38584
"10-Nov-15",10.97,11.11,10.81,11.04,51325,,,,,
"11-Nov-15",11,11.46,10.76,10.85,50963
"12-Nov-15",10.74,10.77,10.55,10.56,40488
"13-Nov-15",10.53,10.92,10.49,10.68,76288
"16-Nov-15",10.6,10.63,10.385,10.53,44816
"17-Nov-15",10.46,10.77,10.44,10.5,44536
"18-Nov-15",10.55,11.07,10.5,11.03,34166
"19-Nov-15",10.96,10.96,10.63,10.9,41455
"20-Nov-15",10.98,12.05,10.83,11.68,42378
"23-Nov-15",11.63,11.66,11.3901,11.58,39192
"24-Nov-15",11.49,11.59,11.335,11.57,62616
"25-Nov-15",11.62,11.8997,11.54,11.86,20283
"27-Nov-15",11.89,12,11.765,11.84,21816
"30-Nov-15",11.84,11.95,11.54,11.55,72585
"01-Dec-15",11.55,11.65,11.18,11.23,47426,,,,,
"02-Dec-15",11.24,11.335,11.15,11.15,39333
"03-Dec-15",11.16,11.2,10.76,10.8,42141
"04-Dec-15",10.79,10.79,10.55,10.59,32719
"07-Dec-15",10.61,10.61,10.35,10.46,58688
"08-Dec-15",10.45,10.55,10.3,10.49,39758
"09-Dec-15",10.45,10.74,10.2,10.21,49192
"10-Dec-15",10.2,10.39,10.2,10.37,39025
"11-Dec-15",10.27,10.42,10.25,10.3,46635
"14-Dec-15",10.33,10.54,10.3,10.52,45114
"15-Dec-15",10.53,10.53,10.3,10.4,48568
"16-Dec-15",10.49,10.68,10.31,10.53,38577
"17-Dec-15",10.76,10.76,10.5,10.51,44565
"18-Dec-15",10.45,10.5899,10.41,10.54,87373
"21-Dec-15",10.83,10.84,10.52,10.79,28265
"22-Dec-15",10.82,10.935,10.65,10.87,37308
"23-Dec-15",11.01,11.26,10.84,11.14,43932
"24-Dec-15",11.8,11.8,11.28,11.4,11810
"28-Dec-15",11.35,11.37,11.06,11.17,32729
"29-Dec-15",11.34,11.401,10.85,10.9,24207
"30-Dec-15",11.24,11.24,10.63,10.7,32666
"31-Dec-15",10.74,11,10.52,10.52,36921
"04-Jan-16",10.22,10.47,10.11,10.41,44582
"05-Jan-16",10.38,10.4499,10.28,10.34,27682
"06-Jan-16",10.3,10.36,9.93,9.96,51181
"07-Jan-16",9.78,9.83,9.51,9.56,81997
"08-Jan-16",9.57,9.62,9.3,9.31,31812
"11-Jan-16",9.4,9.47,9,9,48155
"12-Jan-16",9.09,9.52,8.7,8.84,67212
"13-Jan-16",8.91,9.39,8.63,8.71,61305
"14-Jan-16",8.71,9.16,8.695,9.08,34437
"15-Jan-16",8.84,9.06,8.55,8.99,38650
"19-Jan-16",9.13,9.21,8.83,9.01,28966
"20-Jan-16",8.88,9.68,8.88,9.47,52378
"21-Jan-16",9.41,10.18,9.41,10.11,44557
"22-Jan-16",10.21,10.78,10.03,10.51,37745
"25-Jan-16",10.44,10.44,10.02,10.22,28394
"26-Jan-16",10.33,10.765,10.18,10.45,46366
"27-Jan-16",10.47,11,10.36,10.84,31555
"28-Jan-16",11.31,11.46,10.84,11.05,28761
"29-Jan-16",11.02,11.5,10.85,11.44,66557
"01-Feb-16",11.29,11.4699,10.86,11.18,33280
"02-Feb-16",9.77,10.68,9.77,10.1,105329
"03-Feb-16",10.12,10.12,9.59,9.68,49033
"04-Feb-16",9.88,10.47,9.79,9.88,60240
"05-Feb-16",9.89,10.05,9.51,9.54,41282
"08-Feb-16",9.51,9.5618,9.09,9.15,41694
"09-Feb-16",9.02,9.6775,8.5,8.61,81243
"10-Feb-16",8.66,8.96,8.38,8.39,46258
"11-Feb-16",8.39,8.625,8.187,8.24,29245
"12-Feb-16",8.22,8.85,8.22,8.58,27047
"16-Feb-16",8.76,8.8294,8.55,8.73,38340
"17-Feb-16",8.83,9.13,8.74,8.98,177694
"18-Feb-16",8.98,9.674,8.66,8.82,24143
"19-Feb-16",8.82,9.0299,8.82,8.97,35436
"22-Feb-16",10.0333,10.0333,9.09,9.12,25603
"23-Feb-16",9.04,9.19,8.9,8.91,47413
"24-Feb-16",8.81,8.81,8.45,8.72,18678
"25-Feb-16",8.81,8.87,8.57,8.73,26848
"26-Feb-16",8.75,8.89,8.58,8.73,30749
"29-Feb-16",8.8,9.02,8.62,8.69,43283
"01-Mar-16",8.76,9,8.62,8.89,29137
"02-Mar-16",8.78,9,8.78,9,23311
"03-Mar-16",9,9.15,8.87,8.99,80039
"04-Mar-16",9.08,9.43,8.97,9,108012
"07-Mar-16",9.05,9.63,9.05,9.55,101954
"08-Mar-16",9.51,9.51,9.25,9.34,110202
"09-Mar-16",9.44,9.44,9.25,9.28,23764
"10-Mar-16",9.33,9.33,8.66,8.98,45251
"11-Mar-16",9.15,9.46,8.68,9.45,92010
"14-Mar-16",9.48,10.54,9.38,10.49,49825
"15-Mar-16",10.62,10.62,10.04,10.29,88294
"16-Mar-16",10.25,10.52,10.06,10.36,21144
"17-Mar-16",10.39,10.81,10.22,10.64,49213
"18-Mar-16",10.75,10.97,10.63,10.84,64913
"21-Mar-16",10.77,11.01,10.75,10.95,18460
"22-Mar-16",10.85,10.98,10.67,10.72,21271
"23-Mar-16",10.71,10.71,10.11,10.12,33298
"24-Mar-16",10.08,10.2,9.76,10.06,32153
"28-Mar-16",10.19,10.445,10.01,10.16,31008
"29-Mar-16",10.15,10.47,10.06,10.36,17745
"30-Mar-16",10.49,10.7,10,10.05,29596
"31-Mar-16",10.09,10.3,10.07,10.13,26156
"01-Apr-16",10.06,10.095,9.85,9.98,35930
"04-Apr-16",9.97,10.07,9.68,10.05,89804
"05-Apr-16",9.97,10.34,9.96,10.21,38086
"06-Apr-16",10.26,10.49,9.99,10.31,79780
"07-Apr-16",10.03,10.21,9.5,10.18,68577
"08-Apr-16",10.33,10.65,10.33,10.46,41848
"11-Apr-16",10.53,10.86,10.16,10.58,99189
"12-Apr-16",10.53,10.655,10.44,10.59,135617
"13-Apr-16",10.66,11.2,10.26,11.1,42189
"14-Apr-16",11.18,11.5,11,11.5,21402
"15-Apr-16",11.41,11.83,11.2,11.82,21218
"18-Apr-16",11.55,12.18,11.5,12.15,34545
"19-Apr-16",12.23,12.75,12.1,12.68,80269
"20-Apr-16",12.6,12.72,12.37,12.64,42027
"21-Apr-16",12.63,12.72,12.52,12.63,59990
"22-Apr-16",12.93,12.97,12.6901,12.89,35795
"25-Apr-16",12.76,12.94,12.63,12.87,73433
"26-Apr-16",12.02,13,12.01,12.96,161573
"27-Apr-16",12.93,13.07,12.28,13.04,90067
"28-Apr-16",12.96,13.43,12.96,13.16,60182
"29-Apr-16",13.09,13.4,13.07,13.25,44108
"02-May-16",13.25,13.41,12.94,13.02,49189
"03-May-16",12.82,13.0945,12.06,12.32,58288
"04-May-16",12.29,12.29,11.27,11.29,47555
"05-May-16",11.43,11.5427,10,10.04,63775
"06-May-16",10,10.52,9.9,10.47,57499
"09-May-16",10.44,10.47,10,10.05,32431
"10-May-16",10.01,10.19,9.94,10.15,39588
"11-May-16",10.08,10.26,9.65,9.67,38344
"12-May-16",9.78,9.84,9.06,9.21,34349
"13-May-16",9.21,9.65,9.21,9.51,35233
"16-May-16",9.51,9.68,9.28,9.5,31299
"17-May-16",9.5,9.65,8.9,9.01,38748
"18-May-16",8.97,9.19,8.51,8.56,60662
"19-May-16",8.52,8.92,8.5,8.89,46330
"20-May-16",9,9.11,8.61,9.04,30701
"23-May-16",9.161,9.46,9,9.23,39484
"24-May-16",9.28,9.45,9.25,9.35,34939
"25-May-16",9.44,9.44,9.32,9.37,18459
"26-May-16",9.44,9.6,9.44,9.52,36054
"27-May-16",9.52,9.8,9.5,9.59,37139
"31-May-16",9.7,9.85,9.59,9.6,28342
"01-Jun-16",9.55,9.81,9.51,9.74,38156
"02-Jun-16",9.66,9.744,9.43,9.57,31366
"03-Jun-16",9.51,9.81,9.51,9.77,30856
"06-Jun-16",9.85,10.37,9.85,10.28,44519
"07-Jun-16",10.34,10.41,9.99,10.05,25491
"08-Jun-16",10.45,10.55,10.25,10.46,30932
"09-Jun-16",10.46,10.46,9.99,10.05,24813
"10-Jun-16",9.9,10.22,9.77,9.93,30717
"13-Jun-16",9.795,10.12,9.7425,9.95,25922
"14-Jun-16",9.89,10.03,9.83,9.97,37416
"15-Jun-16",9.83,10.16,9.74,9.75,21793
"16-Jun-16",9.67,9.86,9.67,9.74,42163
"17-Jun-16",9.78,10.15,9.78,10.1,41019
"20-Jun-16",10.22,10.52,10.1,10.16,37206
"21-Jun-16",10.05,10.11,9.96,10.05,32540
"22-Jun-16",10.14,10.14,9.84,9.95,43057
"23-Jun-16",10.02,10.69,10.02,10.6,51088
"24-Jun-16",10,10.16,9.68,9.85,869217
"27-Jun-16",9.85,10.01,9.53,9.79,74231
"28-Jun-16",10.09,11.51,9.998,10.36,87357
"29-Jun-16",10.47,10.58,10.055,10.31,56021
"30-Jun-16",10.42,10.81,10.14,10.74,35410
"01-Jul-16",10.75,11.32,10.72,11.22,27982
"05-Jul-16",11.11,11.11,10.35,10.5,23474
"06-Jul-16",10.5338,11.0999,10.37,10.58,43236
"07-Jul-16",10.55,11.8199,10.55,10.64,27720
"08-Jul-16",10.75,11.21,10.72,11.17,34320
"11-Jul-16",11.2,11.56,11.01,11.12,28517
"12-Jul-16",11.16,11.52,10.91,11.19,40176
"13-Jul-16",11.2,11.54,10.98,11.05,46269
"14-Jul-16",11.21,11.34,10.8,10.84,19761
"15-Jul-16",10.81,10.9093,10.58,10.63,17586
"18-Jul-16",10.62,10.62,10.51,10.51,14966
"19-Jul-16",10.5,10.58,10.14,10.51,50177
"20-Jul-16",10.5,11.21,10.4,11.21,32240
"21-Jul-16",11.1,11.44,10.23,11.25,48649
"22-Jul-16",11.14,11.43,10.85,11.34,51500
"25-Jul-16",11.22,11.22,10.67,10.76,11621
"26-Jul-16",10.73,11.19,10.72,10.76,24649
"27-Jul-16",10.85,11.1,9.85,9.93,44547
"28-Jul-16",10.08,10.59,9.68,9.74,22899
"29-Jul-16",9.75,9.98,9.43,9.43,37484
"01-Aug-16",9.46,10.21,9.35,9.47,32915
"02-Aug-16",9.73,9.84,9.44,9.77,21120
"03-Aug-16",10.26,10.26,9.52,10.02,18331
"04-Aug-16",10.15,10.18,9.78,9.88,12077
"05-Aug-16",9.9,10.19,9.87,10,14031
"08-Aug-16",10.05,10.41,10.05,10.33,17787
"09-Aug-16",10.15,10.34,10.06,10.11,8918
"10-Aug-16",10.2,10.37,9.89,10.03,11170
"11-Aug-16",10.01,10.32,9.91,10.22,15081
"12-Aug-16",10.11,10.3522,10.09,10.2,13301
"15-Aug-16",10.31,10.52,10.31,10.42,8270
"16-Aug-16",10.37,11.4576,10.37,10.65,16885
"17-Aug-16",10.65,11.41,10.43,10.78,25688
"18-Aug-16",11.2,12.24,10.8606,11.9,56776
"19-Aug-16",11.89,12.42,11.5201,12.3,48720
"22-Aug-16",12.1,13.15,12.1,13.03,73846
"23-Aug-16",13.07,13.07,12.84,12.91,24546
"24-Aug-16",12.72,12.95,12.64,12.73,23598
"25-Aug-16",12.73,13.25,12.73,13.24,23554
"26-Aug-16",13.25,13.34,12.77,12.78,17586
"29-Aug-16",12.85,12.85,12.67,12.74,20322
"30-Aug-16",12.68,12.75,12.6601,12.72,8572
"31-Aug-16",12.87,12.99,12.58,12.99,11752
"01-Sep-16",12.95,12.95,12.64,12.78,11765
"02-Sep-16",12.83,12.83,12.525,12.6,14203
"06-Sep-16",12.49,12.49,11.84,11.97,28626
"07-Sep-16",12.3,12.3,11.91,12.09,16451
"08-Sep-16",12.05,12.0699,11.88,11.95,13134
"09-Sep-16",11.83,11.9,11.51,11.58,13501
"12-Sep-16",11.16,11.39,10.75,10.97,27522
"13-Sep-16",10.88,10.9324,10.2,10.28,27853
"14-Sep-16",10.36,10.39,10.07,10.11,12496
"15-Sep-16",10.32,10.41,9.95,10.38,12156
"16-Sep-16",10.3,11.17,10.0301,10.76,41909
"19-Sep-16",10.68,11.0399,10.43,10.63,19894
"20-Sep-16",10.65,10.65,10.25,10.415,22357
"21-Sep-16",10.88,10.88,10.4,10.59,19373
"22-Sep-16",10.69,11.04,10.6369,10.97,11429
"23-Sep-16",10.92,11.22,10.83,11.21,16810
"26-Sep-16",11.06,11.95,10.67,11.88,14204
"27-Sep-16",11.74,11.74,11.34,11.56,22016
"28-Sep-16",11.83,12.25,11.6,12.2,9881
"29-Sep-16",12.04,12.23,11.835,12.1,13407
"30-Sep-16",12.26,12.26,11.85,11.98,12813
"03-Oct-16",11.92,12.34,11.87,12.34,13369
"04-Oct-16",12.23,12.45,12.23,12.27,21826
"05-Oct-16",12.4,12.49,12.31,12.4,23422
"06-Oct-16",12.32,12.45,12.12,12.3,26863
"07-Oct-16",12.24,12.24,12.03,12.11,19604
"10-Oct-16",12.16,12.21,12.14,12.15,19791
"11-Oct-16",12.06,12.135,11.57,11.67,17703
"12-Oct-16",11.73,12.01,11.55,11.91,5077
"13-Oct-16",11.85,11.85,11.59,11.67,10850
"14-Oct-16",11.7,11.87,11.6207,11.81,4953
"17-Oct-16",11.84,12.0404,11.84,11.94,3678
"18-Oct-16",11.94,11.94,11.81,11.94,5381
"19-Oct-16",11.95,11.95,11.54,11.56,12816
"20-Oct-16",11.6,11.62,11.55,11.6,6448
"21-Oct-16",11.5,11.86,10.69,10.75,22548
"24-Oct-16",10.96,11.11,10.41,10.51,19643
"25-Oct-16",10.6,10.75,10.5,10.58,15512
"26-Oct-16",10.51,10.59,10.5001,10.52,14988
"27-Oct-16",10.57,10.7825,10.235,10.35,55555
"28-Oct-16",10.43,10.535,10.28,10.28,21442
"31-Oct-16",10.28,10.9,10.28,10.81,17355
"01-Nov-16",10.71,10.71,10.05,10.05,56702
"02-Nov-16",10.05,10.3599,10.01,10.11,23933
"03-Nov-16",10.08,11.085,10.08,10.49,16002
"04-Nov-16",10.35,11.28,10.35,11.05,27024
"07-Nov-16",11.36,11.36,10.74,10.75,9757
"08-Nov-16",10.72,10.75,10.58,10.73,16792
"09-Nov-16",10.72,12.21,10.72,12.06,21527
"10-Nov-16",12.3,13.07,12.205,12.7,35705
"11-Nov-16",12.522,13.33,12.5,13.09,16924
"14-Nov-16",13.23,13.53,12.9601,13.45,33098
"15-Nov-16",13.33,13.33,12.99,13,9412
"16-Nov-16",12.75,13.27,12.7,13.02,16154
"17-Nov-16",12.58,13.29,12.58,13.23,9155
"18-Nov-16",12.8,13.37,12.58,13.16,7850
"21-Nov-16",13.04,13.1,12.87,12.94,8468
"22-Nov-16",12.99,13.09,12.88,12.99,6208
"23-Nov-16",12.88,13.69,12.88,13.69,17348
"25-Nov-16",13.74,13.74,12.83,13.65,25611
"28-Nov-16",13.58,14.2499,13.15,14.05,81188
"29-Nov-16",14.09,14.25,13.69,14.16,108868
"30-Nov-16",14.3,14.63,14.3,14.51,12133
"01-Dec-16",14.594,14.65,14.48,14.48,16472
"02-Dec-16",14.54,14.54,13.65,13.82,8346
"05-Dec-16",13.86,14.25,13.52,14.24,10088
"06-Dec-16",13.99,14.195,13.95,14.07,5852
"07-Dec-16",14.07,14.535,14.0091,14.49,23351
"08-Dec-16",14.35,14.8472,14.35,14.62,12824
"09-Dec-16",14.53,14.6,14.19,14.39,12884
"12-Dec-16",14.399,15.08,13.99,14.89,82733
"13-Dec-16",14.99,15.52,14.47,15,86624
"14-Dec-16",14.5,15.14,14.43,14.45,33767
"15-Dec-16",14.55,14.95,14.19,14.54,32993
"16-Dec-16",14.64,15.16,14.64,14.94,29242
"19-Dec-16",14.94,15.13,14.85,15.02,11734
"20-Dec-16",14.9884,15.17,14.9884,15.12,21688
"21-Dec-16",15.09,15.35,14.886,15.07,33120
"22-Dec-16",14.99,15.193,14.85,15.07,10018
"23-Dec-16",15,15.04,14.79,14.9,36247
"27-Dec-16",14.9,15.33,14.86,15.33,13969
"28-Dec-16",14.8999,15.28,14.8999,15.03,11170
"29-Dec-16",14.78,15.19,14.66,14.95,12187
"30-Dec-16",14.65,14.96,14.54,14.6,14834
"02-Jan-17",,,,,,9.308945
"03-Jan-17",14.77,15.52,14.72,15.39,39114,9.137531
"04-Jan-17",15.52,15.89,14.38,15.51,35328,9.080602
"05-Jan-17",15.61,15.81,15.56,15.62,15966,8.996444
"06-Jan-17",15.75,15.81,15.495,15.74,18708,9.874479
"09-Jan-17",15.76,16.08,15.21,15.95,24832,8.974932
"10-Jan-17",16.13,16.89,15.85,16.74,36124,8.727072
"11-Jan-17",16.87,17.2,16.37,17.05,20123,8.841333
"12-Jan-17",17.02,17.42,16.801,17.31,47397,8.862096
"13-Jan-17",17.38,17.85,17.37,17.85,20754
"17-Jan-17",17.82,17.82,17.5,17.61,20907
"18-Jan-17",17.62,18.13,17.5,17.83,20327
"19-Jan-17",17.96,18.13,17.93,18.13,15040
"20-Jan-17",18.23,18.45,17.89,18.41,18260
"23-Jan-17",18.45,18.86,18.4,18.75,32431
"24-Jan-17",18.93,18.95,18.61,18.61,45562
"25-Jan-17",18.96,20.24,18.45,19.54,70171
"26-Jan-17",19.37,19.5324,17.565,17.86,54911
"27-Jan-17",17.951,18.22,17.87,18.04,5739
"30-Jan-17",17.9,17.95,17.23,17.39,17112
"31-Jan-17",16.05,17.05,16.05,16.64,39706
"01-Feb-17",16.74,17.05,16.65,16.7,18344
"02-Feb-17",16.73,17.07,16.72,17.07,20363
"03-Feb-17",17.29,17.8519,17.0216,17.4,21619
"06-Feb-17",17.38,17.38,17.05,17.05,23621
"07-Feb-17",17.2,17.38,17.12,17.34,21689
"08-Feb-17",17.29,17.5,17.06,17.15,32361
"09-Feb-17",17.26,18.27,17.17,17.8,35713
"10-Feb-17",17.94,18.21,17.61,17.89,20770
"13-Feb-17",18.52,18.8074,18.35,18.59,45323
"14-Feb-17",18.59,19.61,18.59,19.47,29458
"15-Feb-17",19.44,19.5,19.24,19.43,18527
"16-Feb-17",19.49,19.49,19.09,19.42,33956
"17-Feb-17",19.15,19.5,19.13,19.5,21271
"21-Feb-17",19.5,19.689,19.075,19.42,22180
"22-Feb-17",19.34,19.5,18.93,19.22,25250
"23-Feb-17",19.24,19.52,18.75,19.03,17905
"24-Feb-17",18.7,21.75,18.7,20.03,63210
"27-Feb-17",20.16,20.62,19.635,20.4,29639
"28-Feb-17",20.16,20.58,18.26,18.3,37970
"01-Mar-17",18.82,19.44,18.82,19.38,20677
"02-Mar-17",19.03,19.54,17.25,19.06,31347
"03-Mar-17",18.96,19.36,18.65,18.83,15401
"06-Mar-17",18.46,18.75,18.185,18.41,19699
"07-Mar-17",18.081,18.4,17.85,17.93,15123
"08-Mar-17",18.01,18.26,17.86,17.91,29058
"09-Mar-17",18.59,19.892,18.31,18.61,56437
"10-Mar-17",18.81,18.81,18.5,18.51,23665
"13-Mar-17",18.65,18.676,17.6101,17.94,22227
"14-Mar-17",17.94,18.3893,17.32,17.83,19800
"15-Mar-17",18.06,18.24,17.75,18.08,15047
"16-Mar-17",18.3,18.495,17.81,17.93,15290
"17-Mar-17",18.14,18.54,17.3,18.11,54193
"20-Mar-17",18.05,18.41,17.87,18.34,51450
"21-Mar-17",18.43,19.29,18.04,19.25,26689
"22-Mar-17",19.21,19.285,18.69,18.9,23969
"23-Mar-17",19,19.275,18.75,18.87,26228
"24-Mar-17",19.03,19.68,18.75,19.05,24634
"27-Mar-17",18.83,19.18,18.75,19.02,16379
"28-Mar-17",19.016,19.46,18.96,19.22,22212
"29-Mar-17",19.225,19.37,19.03,19.05,14941
"30-Mar-17",19.23,19.845,19.1475,19.57,31182
"31-Mar-17",19.42,20.77,19.42,20.57,34469
"03-Apr-17",20.74,20.84,20.3,20.41,25103
"04-Apr-17",20.36,20.549,18.97,19.09,39058
"05-Apr-17",19.34,19.5,18.51,18.54,29456
"06-Apr-17",18.6,19.02,18.3724,18.93,58191
"07-Apr-17",18.84,19.19,18.7944,19.02,17804
"10-Apr-17",18.94,19.35,18.94,19.07,10724
"11-Apr-17",18.81,19.44,18.81,19.13,12324
"12-Apr-17",19.24,19.24,18.79,19.1,11561
"13-Apr-17",18.962,18.985,18.54,18.89,21074
"17-Apr-17",18.81,18.81,18.5,18.56,9161
"18-Apr-17",18.5,18.7186,18.5,18.61,10300
"19-Apr-17",18.78,18.9,18.58,18.61,11125
"20-Apr-17",18.8,18.9,18.59,18.81,7422
"21-Apr-17",18.88,19.08,18.62,18.9,36512
"24-Apr-17",19.23,19.47,18.9,19.26,25497
"25-Apr-17",19.36,19.8175,19.36,19.64,25540
"26-Apr-17",19.9418,19.9799,19.73,19.73,10629
"27-Apr-17",19.78,19.85,19.34,19.7,14207
"28-Apr-17",19.0041,19.7016,19,19.6,10038
"01-May-17",19.7,19.94,19.53,19.62,16073
"02-May-17",19.73,19.94,19.655,19.94,16354
"03-May-17",19.91,19.94,19.54,19.84,14693
"04-May-17",19.88,19.94,19.5129,19.92,29155
"05-May-17",19.5,20.35,19.01,20.35,45276
"08-May-17",20.35,20.68,19.8177,20.37,33408
"09-May-17",20.32,21.27,19.745,20.97,32929
"10-May-17",21,21.16,19.51,20.04,21854
"11-May-17",19.84,20.02,19.37,19.62,24269
"12-May-17",19.36,19.47,18.5,18.6,22598
"15-May-17",18.58,18.66,17.865,17.96,22030
"16-May-17",17.95,17.95,17.5463,17.64,15189
"17-May-17",17.37,17.37,16.24,16.94,47161
"18-May-17",15.16,16.43,14.81,14.92,53569
"19-May-17",15.16,15.86,15.1,15.76,50359
"22-May-17",15.59,15.73,15.26,15.49,38104
"23-May-17",15.55,15.965,15.55,15.94,44852
"24-May-17",15.94,16.69,15.77,16.68,51248
"25-May-17",16.67,17.54,16.6007,17.15,29459
"26-May-17",17.26,17.48,17.17,17.33,21877
"30-May-17",17.25,17.5,17.03,17.32,19172
"31-May-17",17.25,17.91,17.15,17.9,17552
"01-Jun-17",17.95,18.38,17.75,18.23,29056
"02-Jun-17",18.34,18.39,17.99,18.31,20476
"05-Jun-17",18.49,18.49,17.93,18.1,18515
"06-Jun-17",18,18.01,17.005,17.61,23638
"07-Jun-17",17.55,18.03,16.79,17.72,24263
"08-Jun-17",17.39,18.18,17.39,17.86,16212
"09-Jun-17",17.86,18.76,17.74,18.16,11190
"12-Jun-17",18,18.45,16.48,16.56,34171
"13-Jun-17",16.58,17.75,16.58,16.92,16048
"14-Jun-17",16.26,17.82,16.26,17.32,30075
"15-Jun-17",17.6,18.2,16.98,17.15,20139
"16-Jun-17",16.89,17.1,16.34,16.91,13850
"19-Jun-17",16.91,17.25,16.59,16.77,20840
"20-Jun-17",16.7,17.23,16.4857,16.77,18610
"21-Jun-17",16.35,16.6,14.96,15.73,59331
"22-Jun-17",15.68,16.4,15.68,15.8,38550
"23-Jun-17",15.27,15.96,15.16,15.75,903789
"26-Jun-17",15.62,16.81,15.28,16.53,76268
"27-Jun-17",16.55,16.55,15.11,15.44,36620
"28-Jun-17",15.845,16.14,15.38,15.77,20656
"29-Jun-17",15.8,16.17,15.47,15.85,35163
"30-Jun-17",15.9,16.51,15.51,16.14,46874
"03-Jul-17",16.14,16.8,15.58,16.66,20522,9.951847
"04-Jul-17",,,,,,9.880104
"05-Jul-17",16.61,16.81,16.08,16.8,30083,10.130529
"06-Jul-17",16.62,16.99,16.47,16.76,26243,10.382892
"07-Jul-17",16.73,16.985,16.401,16.66,33065,10.528652
"10-Jul-17",16.57,17.09,16.07,16.82,38824,10.924936
"11-Jul-17",16.385,17.05,16.385,17.05,18451,10.852594
"12-Jul-17",17.11,17.3724,16.77,17.17,37663,10.459419
"13-Jul-17",17.24,17.24,16.52,16.89,18707,10.580291
"14-Jul-17",17.15,17.48,16.96,17.31,38204,10.62196
"17-Jul-17",17.3,17.52,17,17.19,34031,11.963969
"18-Jul-17",17.07,17.5,17,17.05,37516,11.723919
"19-Jul-17",17.15,17.45,16.51,17.09,39728,11.840425
"20-Jul-17",17.05,17.4319,16.86,17.38,51937,11.847994
"21-Jul-17",17.5,17.51,17,17.1,42366,11.700145
"24-Jul-17",17.09,17.57,17.06,17.43,43053,11.873142
"25-Jul-17",18.1358,18.1358,17.37,17.57,25295,12.081636
"26-Jul-17",17.59,17.59,17.1701,17.25,28321,11.855331
"27-Jul-17",17.94,17.94,16.8,16.96,19248,11.679678
"28-Jul-17",16.95,17.35,16.65,16.86,20031,11.665071
"31-Jul-17",16.91,17.29,16.85,16.92,34213,11.550435
"01-Aug-17",17.24,17.42,17.2,17.3,28648,11.552773
"02-Aug-17",17.22,17.27,16.6,17,48022,11.480904
"03-Aug-17",16.89,17.385,16.57,16.85,23298,11.582404
"04-Aug-17",18,18,17.2,17.47,35183,11.383664
"07-Aug-17",17.45,17.74,17.258,17.26,35774,11.263281
"08-Aug-17",17.3,17.74,17.202,17.47,62576,11.148585
"09-Aug-17",17.37,17.67,17.22,17.58,33933,11.129645
"10-Aug-17",17.55,17.57,17.36,17.37,30735
"11-Aug-17",17.48,17.48,17.1,17.34,38333
"14-Aug-17",17.52,17.7,17.16,17.4,47305
"15-Aug-17",17.53,17.85,17.3925,17.55,79685
"16-Aug-17",17.53,17.8,17.42,17.47,21134
"17-Aug-17",17.1,17.37,16.805,16.93,29274
"18-Aug-17",16.75,17.49,16.62,17.3,48196
"21-Aug-17",17.15,17.3499,17.1,17.31,23415
"22-Aug-17",17.325,17.4,16.95,17.07,15890
"23-Aug-17",16.87,16.98,16.77,16.78,18465
"24-Aug-17",16.78,16.89,16.32,16.83,24756
"25-Aug-17",16.7,17.15,16.7,16.98,18688
"28-Aug-17",17.02,17.03,16.73,16.96,21303
"29-Aug-17",16.75,17.27,16.49,17.04,25563
"30-Aug-17",17.03,17.37,16.95,17.08,28405
"31-Aug-17",17.24,17.39,16.92,17.36,29603
"01-Sep-17",17.32,17.49,17.3,17.36,30110
"05-Sep-17",17.31,17.65,17.145,17.52,31072
"06-Sep-17",17.31,17.54,17.01,17.08,31226
"07-Sep-17",17.4799,17.4799,16.85,17.1,22600
"08-Sep-17",17.09,17.5799,16.93,17.53,15171
"11-Sep-17",17.59,18,17.47,17.66,35003
"12-Sep-17",17.78,17.78,17.32,17.44,28788
"13-Sep-17",17.49,18.09,17.4,17.44,38186
"14-Sep-17",17.281,17.55,17.23,17.33,29320
"15-Sep-17",17.38,17.7,17.26,17.55,60948
"18-Sep-17",17.56,18.18,17.56,17.89,42647
"19-Sep-17",17.84,18.13,17.78,17.98,48098
"20-Sep-17",18,18.14,17.9,17.94,50769
"21-Sep-17",18,18.1799,17.79,17.85,41083
"22-Sep-17",17.92,17.99,17.78,17.8,32833
"25-Sep-17",18.18,18.25,17.79,17.98,30600
"26-Sep-17",17.93,18.42,17.93,18.16,39078
"27-Sep-17",18.315,18.91,18.2101,18.51,59545
"28-Sep-17",18.52,18.79,18.44,18.75,32480
"29-Sep-17",18.74,18.9,18.57,18.61,27429
"02-Oct-17",18.73,19.13,18.6,19.1,17167,8.435474,0.5922
"03-Oct-17",19.2,19.74,19.1,19.68,21352,8.458133,0.5933
"04-Oct-17",19.67,19.67,19.11,19.31,13133,8.429391,0.5932
"05-Oct-17",19.32,19.68,19.17,19.36,20409,8.482081,0.5956
"06-Oct-17",19.32,19.5499,18.98,19.09,19730,8.50126,0.5926
"09-Oct-17",19.18,19.435,19.09,19.28,10639,8.548891,0.5919
"10-Oct-17",19.35,19.42,19.02,19.4,13730,8.476888,0.5879
"11-Oct-17",19.16,19.57,18.6,19.46,40011,8.440696,0.587
"12-Oct-17",19.59,20.32,19.51,20.16,34716,8.441418,0.5881
"13-Oct-17",20.34,20.73,20.18,20.5,56852,11.41768,0.5766
"16-Oct-17",20.49,22,20.49,21.91,164278,7.589687,0.5863
"17-Oct-17",21.72,21.9,21.24,21.3,32621,7.468647,0.5844
"18-Oct-17",21.03,22.25,20.99,22.03,45073,7.572324,0.5892
"19-Oct-17",21.81,22.68,21.5254,22.51,43396,7.557357,0.5931
"20-Oct-17",22.6,23.78,22.53,23.14,69013,7.430025,0.5887
"23-Oct-17",23.4,23.43,21.75,22.3,21741,7.240474,0.5795
"24-Oct-17",22.28,22.66,22.22,22.26,21343,7.034706,0.5997
"25-Oct-17",22.3336,22.4,21.3838,22.01,39933,6.852407,0.5802
"26-Oct-17",22.05,22.4724,22,22.45,16120,6.932514,0.5734
"27-Oct-17",23.29,23.37,22.25,22.64,20183,7.208104,0.5696
"30-Oct-17",22.79,22.96,21.49,21.57,36962,6.607296,0.5762
"31-Oct-17",21.69,22.33,21.225,21.35,39415,6.419472,0.5663
"01-Nov-17",21.66,22.83,21.3937,22.25,43797,6.435548,0.5649
"02-Nov-17",22.46,23.33,22.16,23.29,19316,6.106993,0.5912
"03-Nov-17",23.32,23.39,22.51,22.69,43574,6.093019,0.5562
"06-Nov-17",24.01,25.76,23.97,25.49,181364,5.725823,0.5736
"07-Nov-17",25.94,25.94,24.65,25.01,68192,5.661687,0.5716
"08-Nov-17",25.1,25.67,24.595,25.28,37153,5.728911,0.6363
"09-Nov-17",25.15,25.3,24.3893,24.75,42900,6.100516,0.6289
"10-Nov-17",24.89,25.15,24.76,25,16057,6.168522,0.6263
"13-Nov-17",25.03,25.5709,24.87,24.98,88868,6.01499,0.6226
"14-Nov-17",25,25.8,24.98,25.61,57321,5.987937,0.6134
"15-Nov-17",25.21,25.7229,24.5,24.65,47401,5.961952,0.6134
"16-Nov-17",24.77,25.52,24.7,24.89,45362,5.731502,0.5832
"17-Nov-17",24.89,25.51,24.89,25,23051,5.646051,0.5711
"20-Nov-17",25.19,26.7,25.19,26.65,96290,5.309557,0.5626
"21-Nov-17",27,28.31,27,28.14,51560,4.899819,0.5587
"22-Nov-17",28.3,29.3484,27.95,28.03,73586,4.833258,0.5846
"23-Nov-17",,,,,,4.623141,0.5843
"24-Nov-17",28.37,28.37,27.7,27.86,22231,4.441118,0.5701
"27-Nov-17",28.01,28.1,27.67,27.7,40146,4.16152,0.5644
"28-Nov-17",27.75,28.54,27.69,28.45,30101,4.370619,0.5764
"29-Nov-17",28.1,28.979,28.1,28.71,41676,4.075209,0.5827
"30-Nov-17",28.77,28.8601,27.6,28.1,38819,3.938975,0.5961
"01-Dec-17",27.66,27.97,26.7,27.4,59793,3.730111,0.5623
"04-Dec-17",27.85,28.8227,27.04,27.27,37951,3.449225,0.5314
"05-Dec-17",27.28,27.5,26.8526,27.1,35121,3.420149,0.5383
"06-Dec-17",27,27.0912,26.577,26.82,20870,3.580782,0.5426
"07-Dec-17",26.78,26.96,26.38,26.69,31604,3.55643,0.5566
"08-Dec-17",26.7,27,26.14,26.41,20213,3.456704,0.5446
"11-Dec-17",26.4,26.645,26.1041,26.28,22381,3.445193,0.5451
"12-Dec-17",26.3,26.53,26,26.01,19103,3.43659,0.5305
"13-Dec-17",26,26.98,26,26.35,34224,3.41635,0.5302
"14-Dec-17",26.27,27.38,26.27,26.27,22427,3.39777,0.5296
"15-Dec-17",26.27,27.06,26.27,26.74,57014,3.339652,0.531
"18-Dec-17",27,27.5,27,27.5,22478,3.336687,0.5307
"19-Dec-17",27.5,27.75,26.57,26.82,33865,3.430463,0.5306
"20-Dec-17",27.03,27.36,26.31,27,9124,3.407113,0.5331
"21-Dec-17",27.18,28,26.33,27.79,69170,3.371317,0.5359
"22-Dec-17",27.83,28,27.3643,27.63,20664,3.370382,0.5252
"25-Dec-17",,,,,,3.34552,0.5241
"26-Dec-17",27.7,28.31,27.69,27.99,53482,3.316426,0.5241
"27-Dec-17",28.01,28.34,27,27.26,32490,3.310352,0.5242
"28-Dec-17",27.38,27.5,26.84,27.05,34997,3.246737,0.5382
"29-Dec-17",27.12,27.38,26.341,26.57,68570,3.214461,0.5231
"01-Jan-18",,,,,,3.197482,0.5221
"02-Jan-18",26.64,26.98,26,26.27,30319,3.237599,0.511
"03-Jan-18",26.27,26.91,25.44,26.28,69049,3.326279,0.5263
"04-Jan-18",26.43,27.465,26.43,27.26,27954,3.332378,0.5269
"05-Jan-18",27.5,28.15,27.21,27.91,19723,3.149344,0.529
"08-Jan-18",27.8,28.25,27.577,27.99,12304,3.080592,0.535
"09-Jan-18",28.04,28.1102,27.56,27.58,18501,3.067744,0.526
"10-Jan-18",27.46,27.46,26.21,27.23,39862,3.041674,0.5292
"11-Jan-18",27.29,28.24,27.12,28.24,26605,3.0671,0.53
"12-Jan-18",28.27,28.27,27.25,27.62,23305,3.08826,0.5291
"15-Jan-18",,,,,,3.039291,0.5275
"16-Jan-18",27.93,28.69,27,27.12,24713,3.033531,0.5281
"17-Jan-18",27.25,27.25,26.69,26.96,22841,2.991209,0.5331
"18-Jan-18",26.95,27.25,26.48,26.73,26545,2.892967,0.5579
"19-Jan-18",26.72,27.77,26.36,27.56,31842,2.900729,0.5432
"22-Jan-18",27.4,27.51,26.63,26.98,22644,2.925122,0.5375
"23-Jan-18",26.89,27.85,26.7,27,67190,2.756597,0.5325
"24-Jan-18",27.19,27.58,26.7,27.39,23736,2.795073,0.5352
"25-Jan-18",27.49,27.82,26.79,27.41,24705,2.720142,0.5334
"26-Jan-18",27.41,27.41,26.58,27.09,23413,2.640688,0.558
"29-Jan-18",27.1,31.954,27,31.34,384565,2.175244,0.5735
"30-Jan-18",30.93,31,29.4,30.6,98921,2.050757,0.5772
"31-Jan-18",30.42,31.18,29.02,29.48,71477,2.551007,0.6595
"01-Feb-18",29.14,29.91,29.0268,29.57,38810,2.814769,0.6262
"02-Feb-18",29.12,31.25,29,31.03,54911,2.627218,0.6074
"05-Feb-18",30.95,31.2499,28.99,28.99,82514,2.550689,0.5979
"06-Feb-18",28.5,29.779,27.75,28.19,57917,2.430112,0.6011
"07-Feb-18",28.15,28.53,26.94,27.05,50134,2.618235,0.6187
"08-Feb-18",26.97,27.96,26.69,26.69,36348,2.601827,0.6231
"09-Feb-18",27,27.6,25.871,26.65,36329,2.534783,0.6079
"12-Feb-18",26.84,26.97,25.77,26.32,36666,2.453704,0.589
"13-Feb-18",26.05,26.6067,25.96,26.08,42998,2.529986,0.5839
"14-Feb-18",25.78,26.39,25.78,26.16,70235,2.583783,0.5829
"15-Feb-18",26.26,26.27,25.461,26.02,54774,2.537348,0.5891
"16-Feb-18",25.95,26.1,25.191,25.97,62104,2.592861,0.6024
"19-Feb-18",,,,,,2.517364,0.6076
"20-Feb-18",25.9,26.25,25.22,25.53,44166,2.500325,0.5903
"21-Feb-18",25.54,26.356,25.5,25.81,31188,2.659252,0.586
"22-Feb-18",25.83,25.96,25.335,25.51,20372,2.66196,0.5821
"23-Feb-18",25.58,26.47,25.58,26.17,40289,2.789879,0.6197
"26-Feb-18",26.2,26.467,25.795,26.1,50803,2.933189,0.604
"27-Feb-18",26.09,26.46,25.53,25.6,31917,2.901263,0.6028
"28-Feb-18",25.71,25.71,23.85,23.92,62247,2.862416,0.5881
"01-Mar-18",23.67,24.26,23.1362,23.56,77395,2.87727,0.631
"02-Mar-18",23.3,23.82,22.89,23.47,50445,2.915282,0.638
"05-Mar-18",23.23,23.98,22.84,23.39,67348,2.894284,0.6803
"06-Mar-18",23.38,23.65,22.86,23.13,54061,2.733856,0.6251
"07-Mar-18",22.96,24.75,22.96,24.39,47587,2.691115,0.6042
"08-Mar-18",24.48,24.97,24.05,24.89,34805,2.652532,0.5982
"09-Mar-18",25.02,25.54,24.58,25.22,40091,2.610461,0.5881
"12-Mar-18",25.26,25.42,24.2,24.67,39641,2.734564,0.7336
"13-Mar-18",24.73,25.9,24.73,25.21,41762,2.627379,0.5967
"14-Mar-18",25.33,25.33,24.6862,24.92,30867,1.911375,0.6263
"15-Mar-18",25.04,25.06,24.36,24.8,35818,2.293728,0.6996
"16-Mar-18",24.76,25.32,24.5,24.94,43917,2.150129,0.6702
"19-Mar-18",24.86,24.86,24.3186,24.61,18653,1.958158,0.6248
"20-Mar-18",24.6,24.74,24.25,24.35,14259,1.976554,0.623
"21-Mar-18",24.34,24.73,23.8,24.05,31929,2.003236,0.6244
"22-Mar-18",23.76,24.5,23.09,23.19,14585,2.054655,0.6256
"23-Mar-18",23.17,23.42,22.71,22.78,39621,2.224151,0.7884
"26-Mar-18",23.11,23.11,22.03,22.6,30293,2.168353,0.6352
"27-Mar-18",22.63,23.19,21.08,22.18,36667,2.212616,0.6115
"28-Mar-18",22.24,22.37,21.13,21.77,41432,2.289907,0.617
"29-Mar-18",21.89,22.755,21.38,21.74,137698,2.192234,0.6104
"30-Mar-18",,,,,,2.19912,0.6093
"02-Apr-18",21.74,22.1799,21.3703,22.03,52552,2.127484,0.6486
"03-Apr-18",22.11,22.84,22.04,22.36,25810,1.640707,0.6215
"04-Apr-18",22.1,22.59,21.79,22.52,18307,1.655524,0.6194
"05-Apr-18",22.62,23.4,22.11,23.19,15511,1.55184,0.6226
"06-Apr-18",23.07,23.09,22.4,22.75,23495,1.570942,0.6518
"09-Apr-18",22.2,22.2,19.3,21.1,145674,1.451635,0.6919
"10-Apr-18",21.25,22.37,21.25,22.28,37731,1.43794,0.6689
"11-Apr-18",22.1,22.5652,21.45,21.65,18210,1.446941,0.7563
"12-Apr-18",21.82,22,21.6,21.84,24188,1.414818,0.7223
"13-Apr-18",21.85,22.59,21.45,21.99,79843,1.297738,0.6267
"16-Apr-18",22,22.59,21.695,21.94,64324,1.222224,0.6286
"17-Apr-18",22,22.74,22,22.35,24495,1.261657,0.5712
"18-Apr-18",22.45,22.65,22.16,22.46,35270,1.145548,0.6325
"19-Apr-18",22.53,22.7,21.9,22.24,28686,1.146243,0.6659
"20-Apr-18",22.17,22.5,22.17,22.31,20324,1.387315,0.7524
"23-Apr-18",22.36,22.36,21.9,22.02,14102,1.243368,0.9203
"24-Apr-18",22.08,22.18,21.21,21.43,49269,1.296148,0.8962
"25-Apr-18",21.42,22.35,21.42,22.02,29910,1.285588,0.9037
"26-Apr-18",22.04,22.1,21.35,21.71,35617,1.456333,1.0091
"27-Apr-18",21.58,21.9,21.5,21.82,30225,1.312938,1.0931
"30-Apr-18",21.92,22.48,21.83,22.08,29658,1.475235,0.9784
"01-May-18",22.02,22.03,21.34,21.98,24545,1.486407,0.9021
"02-May-18",21.92,22.92,21.92,22.41,34909,1.364589,0.8086
"03-May-18",22.34,22.73,22.06,22.32,25222,1.429134,0.9108
"04-May-18",22.25,23.42,22.25,23.21,42315,1.48648,0.8052
"07-May-18",25.6,29.31,24.32,28.86,251921,1.201765,0.7537
"08-May-18",28.9,28.9,27.26,28.24,72461,1.674133,0.7328
"09-May-18",28.34,29,27.8,28.41,50271,1.159787,0.6285
"10-May-18",28.41,28.4668,27.3,27.63,38301,1.64215,0.6372
"11-May-18",27.63,28.49,27.63,28.26,42909,1.378926,0.6625
"14-May-18",28.43,28.89,28.27,28.29,34218,1.325403,0.6433
"15-May-18",28.25,28.8,28.02,28.51,20750,1.764454,0.6262
"16-May-18",28.45,29.5,28.36,28.58,37443,1.777941,0.6282
"17-May-18",28.59,29.15,28.59,28.84,30935,1.742311,0.6399
"18-May-18",28.85,29.23,28.61,28.86,37564,1.655408,0.6634
"21-May-18",28.86,29.79,28.86,29.41,58020,1.659792,0.6457
"22-May-18",29.42,30.29,29.26,29.56,53593,1.354754,0.6453
"23-May-18",29.49,30.23,28.09,28.88,40489,1.31126,0.6253
"24-May-18",28.7,29.3036,28,28.72,79109,1.348619,0.6199
"25-May-18",28.62,28.96,28.13,28.85,44881
"28-May-18",,,,,,1.345054,0.6199
"29-May-18",28.79,29.56,28.3601,29.08,48920,1.503081,0.6289
"30-May-18",29.1,29.56,28.4066,28.62,24008,1.372659,0.6351
"31-May-18",28.63,29.01,27.5513,27.72,41484,1.406614,0.6024
"01-Jun-18",27.8,28.29,27.62,28.06,17250,1.455199,0.5981
"04-Jun-18",28.19,28.6,27.18,27.58,60285,1.460899,0.5948
"05-Jun-18",27.51,28.08,27.36,27.98,32666
"06-Jun-18",28.01,28.88,27.7841,28.63,28977,1.475414,0.593
"07-Jun-18",28.64,28.805,28.1772,28.45,19075,1.547496,0.5956
"08-Jun-18",28.51,28.86,27.91,27.94,19848,1.562679,0.5921
"11-Jun-18",27.9,28.17,27.16,27.78,28207,1.678428,0.5755
"12-Jun-18",27.77,27.77,26.24,26.45,69068,1.653056,0.5783
"13-Jun-18",26.6,27.14,26.49,26.9,47248,1.631634,0.5769
"14-Jun-18",27.04,27.04,25.86,26.35,24387,1.990816,0.6018
"15-Jun-18",26.16,26.199,25.48,25.82,43052,2.008487,0.5962
"18-Jun-18",25.79,26.5299,25.05,25.69,43198,1.989052,0.6046
"19-Jun-18",25.4,25.72,24.935,25.41,34863,1.952917,0.5986
"20-Jun-18",25.55,26.14,25.05,25.82,33154
"21-Jun-18",25.8,25.95,24.81,24.97,26438,1.990032,0.6191
"22-Jun-18",25.13,25.55,24.66,25.4,87454,2.033333,0.6289
"25-Jun-18",25.29,25.29,24.48,24.64,33167,2.036273,0.6186
"26-Jun-18",24.77,25.15,24.51,24.83,26136
"27-Jun-18",25.01,25.2,24.4,24.61,25346,2.134346,0.6626
"28-Jun-18",24.54,24.84,24.27,24.63,30243,2.03642,0.6794
"29-Jun-18",24.7,25.03,24.65,24.82,29306
"02-Jul-18",24.57,24.98,24.36,24.52,18576,2.323391,0.735
"03-Jul-18",24.66,25.5838,24.42,24.7,14906,2.305806,0.674
"04-Jul-18",,,,,,2.282742,0.6732
"05-Jul-18",24.82,25.48,24.65,25.39,14436,2.278857,0.6785
"06-Jul-18",25.45,26.2,25.45,25.61,30783,2.247315,0.7362
"09-Jul-18",25.63,26.38,25.488,26.05,17137,2.24935,0.737
"10-Jul-18",26.1,26.34,26.03,26.12,20750,2.418916,0.747
"11-Jul-18",25.99,25.99,24.93,25,11551,2.372673,0.7213
"12-Jul-18",25.12,25.59,24.595,25.29,27305,2.337125,0.6897
"13-Jul-18",25.4,25.92,25.135,25.59,18829,2.32683,0.6983
"16-Jul-18",25.57,25.6553,25.13,25.34,11719
"17-Jul-18",25.33,25.7897,24.8,25.09,11390,2.261033,0.7821
"18-Jul-18",25.05,25.435,24.73,25.4,24629
"19-Jul-18",25.38,25.38,24.9938,25.19,5901
"20-Jul-18",25.09,25.7781,25.08,25.52,9726,2.166949,0.6462
"23-Jul-18",24.84,25.55,24.84,25.33,11597,2.144241,0.6446
"24-Jul-18",25.44,25.96,25.02,25.69,35119,2.161561,0.6676
"25-Jul-18",25.678,26.0699,25.5435,25.92,23243,2.273725,0.6906
"26-Jul-18",25.92,26.54,25.83,26.42,24859,2.200303,0.6987
"27-Jul-18",26.48,26.5078,25.86,26.24,38409,2.071728,0.6799
"30-Jul-18",26.17,26.57,25.52,25.52,18596,2.002131,0.6767
"31-Jul-18",25.75,26.63,25.75,26.21,12262
"01-Aug-18",26.14,26.14,25.01,25.1,12573,1.595939,0.5574
"02-Aug-18",25.01,25.2872,24.86,25.05,14470,1.585964,0.5601
"03-Aug-18",25.096,26.05,24.75,25.68,41641
"06-Aug-18",26.2,27.97,26.2,26.94,57510,1.451873,0.5966
"07-Aug-18",26.94,27.03,26.24,26.39,27513,1.692532,0.8861
"08-Aug-18",26.56,26.925,26.13,26.32,33525,1.707144,0.6424
"09-Aug-18",26.47,26.5,25.85,26.12,25192,1.733856,0.6498
"10-Aug-18",26.15,26.7436,26.02,26.61,7883,1.802614,0.6081
"13-Aug-18",26.58,26.58,25.94,26.12,15417,1.828718,0.6163
"14-Aug-18",26.15,26.45,25.94,26.11,7135,1.898315,0.6482
"15-Aug-18",25.96,26.07,25.08,25.26,16947,1.890331,0.6585
"16-Aug-18",25.47,26,24.97,25.71,15960,1.868137,0.6582
"17-Aug-18",25.58,26.08,25.58,25.99,18035,1.88178,0.6466
"20-Aug-18",26.1,26.2102,25.36,25.71,15953,1.85982,0.6462
"21-Aug-18",25.75,26.61,25.13,26.23,17863,1.972986,0.738
"22-Aug-18",26.24,26.65,26.24,26.35,5859,2.06137,0.7587
"23-Aug-18",26.34,26.34,25.8597,26.12,5010,2.021783,0.6984
"24-Aug-18",26.29,26.49,25.46,25.53,15300,2.070586,0.7476
"27-Aug-18",25.67,26.3699,25.46,25.47,9733,2.201874,0.7528
"28-Aug-18",25.5,25.6102,24.87,25.15,14672,2.162179,0.6902
"29-Aug-18",25.16,25.5,24.8,25.23,19308,2.115626,0.6692
"30-Aug-18",25.29,25.45,24.96,24.97,17176,2.109176,0.6718
"31-Aug-18",24.9,25.59,24.9,25.55,15032,2.100558,0.6723
"03-Sep-18",,,,,,2.09261,0.6709
"04-Sep-18",25.67,25.91,25.36,25.84,25699,2.692286,0.6571
"05-Sep-18",25.8,26.42,25.75,26.14,13587,2.350052,0.7357
"06-Sep-18",25.81,26.26,25.7601,26.08,21140,2.386283,0.8498
"07-Sep-18",26.03,26.25,25.65,26.16,8586,2.469608,0.8803
"10-Sep-18",26.37,26.94,26.25,26.79,21194,2.899417,1.0241
"11-Sep-18",26.72,26.82,26.45,26.59,16416,2.626294,1.0932
"12-Sep-18",26.56,26.9,26.1011,26.68,13694
"13-Sep-18",26.83,26.91,26.11,26.25,8499,2.503668,0.8854
"14-Sep-18",26.2,26.62,25.77,26.15,8610,2.528647,0.8364
"17-Sep-18",26.19,26.58,25.92,25.97,4516,2.582678,0.8487
"18-Sep-18",23.52,23.87,22.31,23.3,100060,2.387007,0.7612
"19-Sep-18",23.2,23.54,22.71,23.05,102457,2.292236,0.7593
"20-Sep-18",23.14,23.706,22.41,23.37,142305,2.69456,0.7449
"21-Sep-18",23.16,23.4,22.75,22.81,573600,2.673288,0.7223
"24-Sep-18",22.9,23.48,22.9,23.03,98539,4.873471,0.8471
"25-Sep-18",23.23,23.23,22.86,23.08,78501,3.98925,0.9978
"26-Sep-18",23.1,23.36,22.93,23.14,108513,2.789922,1.3455
"27-Sep-18",23.13,23.47,22.826,23.21,24107,2.229481,1.2729
"28-Sep-18",23.15,23.41,22.95,23.04,27980,0.997586,0.6559
"01-Oct-18",23.01,23.48,23,23.21,28032,0.757803,0.6465
"02-Oct-18",23.21,23.21,22.16,22.65,79807,0.609878,0.7908
"03-Oct-18",22.73,23.38,22.61,23.32,43272,0.644202,0.7523
"04-Oct-18",23.26,23.6537,22.76,22.88,21054,0.547169,0.7146
"05-Oct-18",22.87,22.98,22.07,22.75,101966,0.539693,0.9106
"08-Oct-18",22.7,23.09,22.3434,23.04,37258,0.522664,0.9107
"09-Oct-18",23,23.23,22.51,22.52,31104,0.411875,0.6092
"10-Oct-18",22.49,22.6,21.2,21.26,58282,0.446849,0.9413
"11-Oct-18",21.11,21.68,20.11,20.25,49515,0.392919,0.668
"12-Oct-18",20.4,20.835,20.16,20.67,51081,0.366156,0.6194
"15-Oct-18",20.66,21.05,20.56,20.78,18457,0.350347,0.608
"16-Oct-18",20.87,21.13,20.2,21.01,36082,0.365983,0.6333
"17-Oct-18",20.89,20.98,20.54,20.81,16540,0.384988,0.5751
"18-Oct-18",20.74,20.77,19.75,19.82,57890,0.561714,0.6838
"19-Oct-18",19.78,21.1,19.7595,19.99,44508,0.660015,0.5919
"22-Oct-18",20.02,20.23,19.8801,20.07,118444,0.420636,0.5969
"23-Oct-18",19.62,20.095,19.07,19.43,124736,0.536949,1.2194
"24-Oct-18",19.45,20,18.67,18.68,43668,0.488469,0.662
"25-Oct-18",19.1453,19.2503,18.735,19.15,43496,0.536095,0.6108
"26-Oct-18",18.83,19.55,18.7601,19.38,33006
"29-Oct-18",21.1,21.9474,19.88,20.22,72639
"30-Oct-18",19.47,20.1877,18.6,18.92,87687
"31-Oct-18",19.13,19.42,18.51,19.13,51764
"01-Nov-18",19.22,20.57,19.22,19.85,28285
"02-Nov-18",19.89,20.03,19.29,19.31,22494
"05-Nov-18",19.3,20.25,18.46,18.77,39940,0.646112,1.0262
"06-Nov-18",18.72,19.67,18.1101,19.67,25004,0.638261,0.9462
"07-Nov-18",19.88,19.88,19.27,19.46,19865,0.633211,0.9415
"08-Nov-18",19.45,19.72,19.16,19.44,21434,0.694433,1.1732
"09-Nov-18",19.34,19.34,18.4,18.93,24766,0.434828,1.2908
"12-Nov-18",19,19.0108,18.3501,18.54,36029,0.419372,1.2985
"13-Nov-18",18.57,19.13,18.1024,18.28,17360,0.468482,1.3845
"14-Nov-18",18.42,18.75,18,18.39,40493,0.38851,1.1117
"15-Nov-18",18.29,18.77,18.1,18.52,33311,0.409883,0.9773
"16-Nov-18",18.44,19.07,18.44,18.96,16758,0.460292,0.7048
"19-Nov-18",18.87,18.8793,18.07,18.19,27612,0.387943,0.9458
"20-Nov-18",17.82,18.382,17.59,17.73,28100,0.402552,0.8045
"21-Nov-18",17.84,18.17,17.61,17.98,21950,0.366413,0.8118
"22-Nov-18",,,,,,0.354658,0.8094
"23-Nov-18",17.81,18.3119,17.26,17.75,20887,0.377592,0.8719
"26-Nov-18",17.76,18.14,17.49,17.92,32584,0.398519,0.8567
"27-Nov-18",17.79,17.92,17.34,17.52,15701,0.409609,0.8171
"28-Nov-18",17.53,18.05,17.4101,17.97,33199,0.361269,0.7055
"29-Nov-18",17.89,18.13,17.81,18,41820,0.322218,0.6987
"30-Nov-18",17.86,18.06,17.37,17.45,25101,0.279686,0.607
"03-Dec-18",17.96,18.13,17.46,17.62,36513,0.31015,0.6442
"04-Dec-18",17.52,17.63,16.18,16.26,68503,0.283101,0.5893
"05-Dec-18",,,,,,0.28813,0.6772
"06-Dec-18",16.17,16.3,15.3665,16.03,38537,0.411186,0.7609
"07-Dec-18",16.03,16.31,15.71,15.81,36550,0.407793,0.7624
"10-Dec-18",15.85,16.05,15.23,15.53,41341,0.367255,0.7492
"11-Dec-18",15.81,15.83,15.29,15.58,28172,0.408149,0.796
"12-Dec-18",15.75,15.9688,15.63,15.73,32405,0.391667,0.7847
"13-Dec-18",15.8,16.015,15.515,15.74,23669,0.486341,0.7196
"14-Dec-18",15.56,15.77,15.3,15.53,18277,0.453772,0.7603
"17-Dec-18",15.62,15.85,14.88,15.11,38254,0.401579,0.7041
"18-Dec-18",15.25,16.1,15.25,15.45,35675,0.377621,0.6913
"19-Dec-18",15.53,15.87,14.37,14.48,39998,0.359906,0.6794
"20-Dec-18",14.46,14.5575,14.15,14.36,34335,0.33283,0.6512
"21-Dec-18",14.36,14.63,13.95,14.16,149883,0.32727,0.7392
"24-Dec-18",14.13,14.41,13.4,13.95,22462,0.380165,0.7769
"25-Dec-18",,,,,,0.387845,0.774
"26-Dec-18",14.01,15.03,14.01,14.97,27764,1.345257,0.6355
"27-Dec-18",14.7,15.28,14.54,15.28,34066,2.052714,0.5528
"28-Dec-18",15.17,16.28,15.06,15.06,38382,1.941459,0.5305
"31-Dec-18",15.07,15.27,14.4,14.75,41150,1.921011,0.5105
"01-Jan-19",,,,,,1.911352,0.5088
"02-Jan-19",14.49,15.67,13.925,15.5,27822,1.616861,0.5128
"03-Jan-19",15.49,15.9439,15.22,15.34,27086,1.552611,0.4578
"04-Jan-19",15.55,16.5,15.55,16.39,24331,1.548434,0.4631
"07-Jan-19",16.44,16.64,16.1,16.45,17370,1.64109,0.4649
"08-Jan-19",16.68,17.1,16.39,17.1,20306,1.576652,0.474
"09-Jan-19",17.12,17.81,17.03,17.18,31294,1.628036,0.5631
"10-Jan-19",17.07,17.62,17,17.5,19418,1.498654,0.4676
"11-Jan-19",17.5,18.055,17.35,17.63,30450,1.787951,0.5003
"14-Jan-19",17.64,18.14,17.54,18.1,29979,1.758382,0.4924
"15-Jan-19",18.11,18.46,17.8102,18.33,36085,1.698242,0.5107
"16-Jan-19",18.31,18.78,18.175,18.22,15286,1.644687,0.4902
"17-Jan-19",18.11,18.79,17.92,18.55,11985,1.857738,0.5693
"18-Jan-19",18.69,19.11,17.6,17.83,57363,1.794247,0.5398
"21-Jan-19",,,,,,1.815199,0.5398
"22-Jan-19",17.75,18.17,17.75,17.86,28543,1.82846,0.5054
"23-Jan-19",17.86,18.675,17.165,17.69,26297,1.882438,0.4793
"24-Jan-19",17.69,17.71,17.34,17.66,18121,1.783155,0.5025
"25-Jan-19",17.97,18.09,17.7,17.98,15849,1.896182,0.5191
"28-Jan-19",17.73,17.93,17.32,17.41,14154,1.865812,0.5204
"29-Jan-19",17.41,17.5452,17.25,17.47,14445,1.930996,0.5279
"30-Jan-19",17.62,17.93,17.34,17.87,17404,1.98711,0.5294
"31-Jan-19",17.88,18.4512,17.76,18.12,39216,2.024053,0.525
"01-Feb-19",18.5,18.79,17.3363,17.78,43947,2.157656,0.515
"04-Feb-19",17.78,17.78,16.44,16.44,72097,1.950396,0.5041
"05-Feb-19",16.45,17.0699,15.48,15.78,46053,1.968545,0.5069
"06-Feb-19",15.59,16.18,15.59,15.79,37398,2.09109,0.5278
"07-Feb-19",15.66,15.8555,14.66,15.61,18063,2.125985,0.5187
"08-Feb-19",15.4,16.14,15.31,15.58,23320,2.161091,0.6559
"11-Feb-19",15.58,15.9,15.16,15.62,22482,2.157738,0.5444
"12-Feb-19",15.87,16.856,15.7082,16.51,63818,2.311125,0.6251
"13-Feb-19",16.59,17.19,16.59,17.18,14644,2.255426,0.6123
"14-Feb-19",17.1,17.26,16.9,16.96,19286,1.84177,0.6143
"15-Feb-19",17.01,17.64,17.01,17.5,32343,1.901876,0.6206,104369
"18-Feb-19",,,,,,1.87256,0.6189
"19-Feb-19",17.26,17.9,17.26,17.52,19416,1.93629,0.5434
"20-Feb-19",17.52,17.869,17.3239,17.74,26454,1.803956,0.5057
"21-Feb-19",18.08,18.21,17.3463,18.15,26494,1.855582,0.5059
"22-Feb-19",18.15,18.39,17.875,18.22,10240,1.679403,0.4723
"25-Feb-19",18.29,18.61,18.13,18.53,30955,1.793223,0.4883
"26-Feb-19",18.47,18.56,17.94,18.15,21702,1.858882,0.5058
"27-Feb-19",18.06,18.36,17.95,18.21,10208,1.858189,0.4937
"28-Feb-19",18.08,18.24,17.65,17.69,14106,1.970325,0.4807,99190,106101.5254
"01-Mar-19",17.69,18.23,17.69,18,13996,1.79906,0.4823,,95716.8099
"04-Mar-19",17.98,18.2,17.31,18.11,49056,1.771225,0.4814,,94871.421
"05-Mar-19",18.41,18.41,17.3,17.39,16301,1.833769,0.4852,,95508.0719
"06-Mar-19",17.3,17.4174,16.25,16.38,30379,1.847049,0.4829,,96186.4704
"07-Mar-19",16.38,16.985,15.6,15.63,16559,1.8697,0.4874,,96217.7811
"08-Mar-19",15.64,16.19,15.22,15.49,23814,1.86936,0.4948,,95539.3826
"11-Mar-19",15.53,16.726,15.44,15.77,30003,2.025098,0.508,,102855.6495
"12-Mar-19",15.8,16.25,15.65,15.74,11617,2.273603,0.5325,,106966.496
"13-Mar-19",15.75,15.75,15.43,15.65,19314,2.2395,0.5071,,104595.855
"14-Mar-19",15.58,16.165,15.51,16.09,16582,2.244485,0.5044,,104417.313
"15-Mar-19",16.12,16.8499,15.95,16.45,61262,2.228378,0.5043,94876,106163.057
"18-Mar-19",16.45,16.89,16.45,16.88,15355,2.339466,0.5099,,110061.224
"19-Mar-19",18.15,18.15,16.85,17.11,22251,3.515434,0.5326,,164149.531
"20-Mar-19",17.09,17.09,16.31,16.85,14360,3.681749,0.5423,,169456.196
"21-Mar-19",16.75,17.2499,16.26,16.76,19842,3.747142,0.5553,,171043.236
"22-Mar-19",16.61,17.08,16.265,16.78,59671,4.197001,0.5515,,181706.161
"25-Mar-19",16.45,17.17,16.32,17.16,25934,4.250715,0.5414,,184414.048
"26-Mar-19",17.15,17.29,16.86,17.29,10851,4.895982,0.5578,,210342.314
"27-Mar-19",17.02,17.15,16.6601,16.89,29721,4.901283,0.5517,,188404.7608
"28-Mar-19",17,17.34,16.02,16.02,123097,4.68219,0.5591,,189543.2728
"29-Mar-19",16.19,16.7,16.19,16.65,46680,4.504107,0.5532,125207,183196.0684
"01-Apr-19",16.81,17.3,16.81,17.01,14625,3.918698,0.5575,,157000.8048
"02-Apr-19",17.325,17.325,16.58,16.69,10514,3.628266,0.5478,,143917.4044
"03-Apr-19",16.82,16.99,16.23,16.57,15379,3.582687,0.5459,,141099.5872
"04-Apr-19",16.64,16.8,16.18,16.8,15895,3.366057,0.5559,,131716.3508
"05-Apr-19",16.8,17.17,16.8,16.99,19724,3.472277,0.5644,,135511.3908
"08-Apr-19",17,17.2,16.95,17.12,13162,3.597502,0.5703,,140065.4388
"09-Apr-19",16.876,17.09,16.876,17.01,7568,3.3111,0.5716,,127959.2612
"10-Apr-19",17.16,17.16,16.33,16.5,22105,3.360149,0.5778,,88270.935
"11-Apr-19",16.52,16.7,16.24,16.46,19248,3.401213,0.5832,,89347.7152
"12-Apr-19",16.47,17,16.35,16.97,27872,3.132669,0.5714,,82160.8334
"15-Apr-19",16.891,17,16.6,16.79,7807,3.020195,0.57,101647,78179.2508
"16-Apr-19",16.9,16.91,16.64,16.73,11515,3.521752,0.5952,,89836.0225
"17-Apr-19",16.67,16.67,16.34,16.4,14464,3.50486,0.5851,,89360.2359
"18-Apr-19",16.34,16.89,16.2,16.65,11520,3.228098,0.5757,,82273.5197
"19-Apr-19",,,,,,3.291212,0.5681,,82273.5197
"22-Apr-19",16.54,16.91,16.52,16.76,11327,3.210832,0.6045,,79556.5278
"23-Apr-19",16.9,18.01,16.8384,17.98,20199,2.756367,0.5855,,67937.3182
"24-Apr-19",17.95,18.54,17.88,18.33,27481,2.61946,0.5762,,84011.2455
"25-Apr-19",18.32,18.55,17.58,17.96,19392,2.770911,0.5835,,88930.9603
"26-Apr-19",18.04,18.06,17.8632,18.03,9479,2.687125,0.5777,,85901.8797
"29-Apr-19",17.535,18.92,17.52,18.92,18831,2.817559,0.5805,,90333.6889
"30-Apr-19",18.72,18.94,18.3375,18.94,25147,2.717943,0.5835,98683,87721.361
"01-May-19",18.91,19.05,18.5,18.96,36405,2.678864,0.5786,,86755.7145
"02-May-19",18.74,18.81,17.86,17.96,10309,2.824087,0.5734,,89520.5129
"03-May-19",18,19.15,17,19.15,21214,2.771954,0.5683,,87650.2081
"06-May-19",17.98,17.98,16.76,16.76,39949,2.86609,0.5648,,87528.2317
"07-May-19",16.7,16.7,15.27,15.35,44171,2.898526,0.5865,,88920.7956
"08-May-19",15.53,15.6,15.02,15.17,42539,2.664222,0.5693,,83055.7637
"09-May-19",15.18,15.5,14.24,14.45,27854,2.749495,0.5734,,96709.34
"10-May-19",14.45,15.1096,14.2007,14.73,32470,3.2578,0.5842,,115153.1927
"13-May-19",14.44,14.57,14.01,14.18,30262,3.133156,0.5698,,108511.8268
"14-May-19",14.38,14.5,14.01,14.44,22964,3.543136,0.5825,,123383.3549
"15-May-19",14.31,15.16,14.31,15.06,21151,2.821676,0.5887,106541,98386.951
"16-May-19",15.25,15.25,14.57,14.63,15349,3.138129,0.5814,,108196.0412
"17-May-19",14.43,14.63,14.1,14.14,22292,3.215238,0.5765,,110712.4577
"20-May-19",14.14,14.25,13.6378,13.91,31535,3.124647,0.576,,108442.7487
"21-May-19",14.1,14.3988,14.1,14.1,24391,3.153477,0.577,,109301.2908
"22-May-19",14.1,14.425,13.745,14.37,20933,3.320576,0.5675,,114669.646
"23-May-19",14.1,14.86,13.8,14.71,32003,3.53378,0.5803,,123768.2186
"24-May-19",15.5,15.62,15.12,15.36,22091,3.749167,0.5798,,141976.5366
"27-May-19",,,,,,3.757719,0.5804,,141976.5366
"28-May-19",15.05,15.3199,14.54,14.63,11390,4.288005,0.6136,,162134.0938
"29-May-19",14.7,14.7,14.07,14.19,11030,4.361583,0.601,,163476.5104
"30-May-19",14.5,14.75,14.12,14.31,26515,4.649418,0.5894,,174503.5039
"31-May-19",13.9,14.87,13.9,14.42,27431,4.439943,0.5869,128038,166971.0552
"03-Jun-19",14.42,15.3,14.32,14.4,27697,4.599557,0.5931,,175622.1844
"04-Jun-19",14.75,14.9,14.22,14.49,29340,4.976487,0.6042,,190548.5785
"05-Jun-19",14.66,14.66,14.1952,14.43,15232,5.089782,0.591,,190804.2769
"06-Jun-19",13.77,15.11,13.77,14.58,19581,5.464441,0.5923,,205283.1988
"07-Jun-19",14.955,15.21,14.53,14.84,39215,5.417706,0.592,,204665.261
"10-Jun-19",15.02,15.255,14.21,14.47,33206,5.472579,0.6005,,209022.7879
"11-Jun-19",14.5,14.94,13.37,13.59,72020,5.516716,0.597,,166308.5582
"12-Jun-19",13.59,14,13.49,13.86,24704,5.226102,0.5842,,157038.607
"13-Jun-19",13.85,14.3,13.33,13.9,36081,4.501238,0.5918,,137256.736
"14-Jun-19",13.95,14.66,13.76,13.91,17671,4.534692,0.5933,141141,138140.1982
"17-Jun-19",14,14.5758,13.5,14.46,59337,5.881089,0.6012,,179957.409
"18-Jun-19",14.6,14.9,14.37,14.46,58422,5.299807,0.6046,,165297.058
"19-Jun-19",14.3,14.84,14.24,14.3,34074,5.614149,0.6029,,176999.7312
"20-Jun-19",14.35,14.68,14.21,14.21,13328
"21-Jun-19",14.08,14.545,13.88,13.995,44971
"24-Jun-19",14.08,14.435,13.59,13.74,22795,5.35994,0.6054,,168165.1092
"25-Jun-19",14.02,14.525,13.6,13.75,23418,5.186042,0.6047,,165939.4737
"26-Jun-19",13.75,13.98,13.53,13.61,21772,4.631436,0.6058,,147831.0834
"27-Jun-19",13.65,14.72,13.62,14.72,27136,4.559331,0.6162,,146913.6669
"28-Jun-19",14.8,15.48,14.7129,15.1,144961,4.134194,0.6128,141767,142044.3024
"01-Jul-19",15.18,15.18,14.47,14.69,18055,3.983892,0.6202,,127633.8063
"02-Jul-19",14.51,15.16,14.42,14.43,10457,6.410489,0.6289,,204880.2756
"03-Jul-19",14.5,14.6532,14.0101,14.44,4979,6.419244,0.6227,,204485.0808
"04-Jul-19",,,,,,6.377002,0.6219,,204485.0808
"05-Jul-19",14.61,14.8881,14.09,14.22,13103,6.405499,0.6176,,205063.7589
"08-Jul-19",14.22,14.35,13.88,14.35,13245,6.41154,0.6169,,204456.8526
"09-Jul-19",14.4318,14.4318,13.91,14.08,10002,6.531954,0.6164,,207900.693
"10-Jul-19",14.08,14.32,13.5,14.24,26879,6.633112,0.6213,,213146.6845
"11-Jul-19",14.555,14.555,13.94,14.1,13315
"12-Jul-19",14.4,14.62,13.44,14.43,25965,6.332383,0.6094,,203237.1712
"15-Jul-19",14.4,14.4,13.89,14.18,16528,6.391997,0.5993,143050,203761.7091
"16-Jul-19",14.19,14.28,13.83,13.86,21943,6.090174,0.6103,,195794.4037
"17-Jul-19",14.67,14.67,13.6205,13.75,67313,5.819173,0.6095,,193285.1278
"18-Jul-19",13.785,13.8,13.41,13.48,32766,5.4936,0.6104,,184382.1602
"19-Jul-19",13.41,14.29,13.1,13.22,12307,5.535909,0.6086,,185884.8904
"22-Jul-19",13.22,13.2542,12.75,12.8,66128,5.305673,0.6134,,181972.1212
"23-Jul-19",12.84,12.9899,12.68,12.69,29953,5.338045,0.6078,,184949.2282
"24-Jul-19",12.75,12.88,12.74,12.8,35758,5.230825,0.6085,,128315.85
"25-Jul-19",12.795,12.795,12.5,12.57,24508,5.132365,0.6076,,125698.035
"26-Jul-19",12.64,13.02,12.56,12.88,27617,4.91383,0.6042,,120877.25
"29-Jul-19",12.91,12.91,12.463,12.5,50874,4.782523,0.6015,,120262.135
"30-Jul-19",12.45,12.645,12.4,12.45,129001
"31-Jul-19",12.41,12.815,12.05,12.07,99481,4.344963,0.5992,128665,119418.14
"01-Aug-19",12.18,12.21,11.29,11.43,67240,3.756804,0.5921,,105299.105
"02-Aug-19",11.38,12.39,11.38,12.22,28049,4.19059,0.6017,,117014.9
"05-Aug-19",12.2108,12.2108,11.45,11.57,20493,4.488651,0.5899,,126642.165
"06-Aug-19",11.62,11.6562,11.055,11.27,26041,4.332652,0.6036,,121821.38
"07-Aug-19",11.07,11.99,11.07,11.79,38449,4.284533,0.6096,,120390.88
"08-Aug-19",11.95,12.46,11.95,12.18,44509,5.500496,0.6065,,154565.525
"09-Aug-19",11.85,12.49,11,11.29,85916,4.926557,0.6113,,152172.0955
"12-Aug-19",11.19,11.19,10.4,10.52,26499,5.995373,0.5729,,185187.5345
"13-Aug-19",10.5,11.115,10.5,10.79,34261,5.594248,0.5822,,172822.828
"14-Aug-19",10.75,10.8,10.3,10.35,45443,6.414796,0.5728,,199533.682
"15-Aug-19",10.75,10.75,9.72,9.97,52632,6.669535,0.5741,141960,210225.7435
"16-Aug-19",10.1,10.59,9.77,9.85,73518,6.494511,0.5967,,209479.4865
"19-Aug-19",10.08,10.25,9.94,10.03,35860,7.035568,0.5988,,230297.4835
"20-Aug-19",9.98,10.055,9.91,10,28047,6.787203,0.5915,,221406.732
"21-Aug-19",10.05,10.115,9.95,9.98,54264,6.686738,0.5953,,220261.6135
"22-Aug-19",10.49,10.6001,9.99,10.02,38177,6.584604,0.5937,,218164.374
"23-Aug-19",10,10.23,9.595,9.75,53843,6.496301,0.5937,,218241.573
"26-Aug-19",10,10.11,9.9,10.06,34914,6.552794,0.5952,,149767.8
"27-Aug-19",10.05,10.3,9.68,9.7,34490,6.812444,0.596,,155531.376
"28-Aug-19",9.81,10.08,9.81,9.99,19689,6.926266,0.6015,,156993.564
"29-Aug-19",10.21,10.56,9.9,10.02,49599,7.11088,0.6064,,163708.272
"30-Aug-19",10.05,10.2,9.86,10.11,28539,7.042178,0.596,181030,163282.392
"02-Sep-19",,,,,,6.980187,0.596,,163282.392
"03-Sep-19",10.1,10.11,9.8,9.92,32490,6.877301,0.6027,,160514.172
"04-Sep-19",10,10.11,9.9,9.97,21179,7.22432,0.6112,,168165.816
"05-Sep-19",10.05,10.19,9.9,9.99,59662,7.124032,0.6128,,167881.896
"06-Sep-19",10.03,10.2,9.9,9.96,55169,7.087726,0.6063,,169698.984
"09-Sep-19",9.87,10.1625,9.85,9.93,25110,7.016883,0.6048,,168364.56
"10-Sep-19",9.93,10.37,9.93,10.25,153775,6.291502,0.6038,,157788.54
"11-Sep-19",10.29,11.54,10.29,11.43,74664,6.116949,0.6041,,172738.826
"12-Sep-19",11.53,12.35,11.3,12.28,31514,5.210222,0.6063,,144914.515
"13-Sep-19",12.37,13.41,11.9,12.93,44694,4.855183,0.649,174459,136062.148
"16-Sep-19",12.93,13.99,12.42,13.64,33486,4.843535,0.628,,136804.371
"17-Sep-19",13.29,13.49,12.96,13.19,42433,4.967078,0.6681,,140352.559
"18-Sep-19",13.22,13.22,12.32,12.73,24211,5.245296,0.6157,,146272.24
"19-Sep-19",13.52,13.52,12.63,12.65,24847,5.436233,0.6136,,149693.707
"20-Sep-19",12.72,12.8391,11.56,11.76,109471,5.298713,0.6122,,150091.973
"23-Sep-19",11.61,12.03,11.61,11.93,17234,5.229235,0.6256,,148154.952
"24-Sep-19",11.927,12.08,11.311,11.38,62224,4.891361,0.6098,,179047.2717
"25-Sep-19",11.44,11.44,11.16,11.2,24458,4.840968,0.6082,,177302.6817
"26-Sep-19",11.14,11.17,10.8,10.81,33293,4.792574,0.6088,,176168.6982
"27-Sep-19",10.98,10.99,10.75,10.76,16980,4.640615,0.607,,170289.4299
"30-Sep-19",10.72,10.85,10.41,10.59,24177,4.790798,0.6002,159036,168876.312
"01-Oct-19",10.5,10.6,10.13,10.28,19537,4.789125,0.6985,,167480.64
"02-Oct-19",10.2,10.37,10.2,10.33,49187,4.588128,0.5998,,162368.9913
"03-Oct-19",10.34,10.81,10.2175,10.78,159223,4.326314,0.5983,,161758.3848
"04-Oct-19",10.79,11.45,10.79,11.38,16763,4.428528,0.594,,166276.8729
"07-Oct-19",11.38,11.55,11.18,11.27,13119,4.899253,0.6068,,183949.5696
"08-Oct-19",11.08,11.08,10.55,10.63,10251,4.715207,0.6021,,174999.8229
"09-Oct-19",10.7,10.767,10.2364,10.54,11511,4.661554,0.6008,,162836.9604
"10-Oct-19",10.63,11.03,10.36,10.91,17339,4.590653,0.5986,,160769.4924
"11-Oct-19",11.18,11.67,10.9497,11.28,44043,4.709094,0.6022,,165938.1624
"14-Oct-19",11.36,11.45,10.72,10.77,8594,4.877081,0.6048,,172601.7708
"15-Oct-19",10.89,11.14,10.28,10.34,22300,4.868333,0.5991,158863,171027.3144
"16-Oct-19",10.41,10.858,9.75,9.81,22242,4.863221,0.7225,,171202.254
"17-Oct-19",9.971,10.26,9.83,10.14,30151,4.755816,0.5987,,167910.2088
"18-Oct-19",10.03,10.12,9.82,9.98,10524,4.779477,0.595,,165349.7292
"21-Oct-19",10.06,10.39,9.94,10.07,30382,4.663794,0.6021,,162964.1892
"22-Oct-19",10.261,10.44,9.9,10.03,24650,4.624905,0.6128,,160578.6492
"23-Oct-19",10.005,10.43,9.7988,10.13,34832,4.822858,0.6129,,165572.3796
"24-Oct-19",10.095,10.31,10.095,10.26,20100,4.763165,0.6105,,151348.7801
"25-Oct-19",10.05,10.65,9.97,10.25,20845,4.789203,0.6094,,151348.7801
"28-Oct-19",10.39,10.93,10.31,10.52,26941,4.796711,0.6074,,152492.5937
"29-Oct-19",10.46,10.65,10.43,10.61,23239,4.933992,0.6355,,155812.8304
"30-Oct-19",10.45,11.28,10.28,10.93,20486,4.891636,0.6419,,152746.7745
"31-Oct-19",10.78,10.89,10.445,10.76,24886,5.077989,0.642,155256,152444.9348
"01-Nov-19",9.97,11.4163,9.59,10.6,32861,5.251085,0.4738,,153588.7484
"04-Nov-19",10.28,10.84,10.24,10.74,20998,5.44755,0.6434,,157036.0755
"05-Nov-19",10.33,11.77,10.2483,11.49,30178,5.506091,0.6354,,158243.4343
"06-Nov-19",11.54,11.6998,11.3401,11.62,16682,5.375067,0.6331,,154240.0867
"07-Nov-19",11.87,12.57,11.83,11.94,37874,5.496381,0.6359,,158465.8425
"08-Nov-19",11.89,12.59,11.88,12.29,23445,5.607009,0.637,,160689.9245
"11-Nov-19",12.19,12.2,11.35,11.62,22162,5.774744,0.637,,160689.9245
"12-Nov-19",11.6,11.72,10.9,11.04,25179,5.876356,0.6383,,165751.3056
"13-Nov-19",11.21,11.21,10.55,10.84,12280,5.761668,0.5975,,161543.868
"14-Nov-19",10.71,10.85,10.38,10.56,13781
"15-Nov-19",10.68,10.88,10.34,10.6,22514,5.642619,0.595,160208,155318.1024
"18-Nov-19",10.51,10.75,10.04,10.5,31672,5.664122,0.5946,,151902.4704
"19-Nov-19",10.45,10.8,10.21,10.51,34488,5.582538,0.6086,,149713.3608
"20-Nov-19",10.32,10.61,10.05,10.07,28337,5.502053,0.6089,,147074.0088
"21-Nov-19",10.07,10.24,9.96,10.01,15543,5.556096,0.6148,,147695.0328
"22-Nov-19",9.92,10.25,9.91,10.04,33098,5.372158,0.5956,,141469.2672
"25-Nov-19",10.1,10.44,10.09,10.19,33529,5.492989,0.5956,,143021.8272
"26-Nov-19",10.22,10.73,10.22,10.66,26040,5.550442,0.6101,,148560.8784
"27-Nov-19",10.65,10.785,9.98,10.13,20663,5.589662,0.6185,,148640.9824
"28-Nov-19",,,,,,5.593208,0.6185,,148640.9824
"29-Nov-19",10.02,10.18,9.96,10.18,5852,5.782332,0.6274,167510,152678.224
"02-Dec-19",10.04,10.05,9.83,9.99,29864,5.754388,0.6112,,150835.832
"03-Dec-19",9.95,10.195,9.78,10.01,41180,5.642909,0.5995,,148512.816
"04-Dec-19",10.13,10.13,9.83,9.94,21840,5.714216,0.5986,,149634.272
"05-Dec-19",9.92,10.04,9.857,9.96,14305,5.643912,0.598,,147311.256
"06-Dec-19",9.96,10.245,9.96,10.03,44697,5.52302,0.5951,,143129.8272
"09-Dec-19",10.03,10.17,9.84,10.08,46823,5.467245,0.5971,,141127.2272
"10-Dec-19",10.15,10.15,9.5,9.6,71704,5.074121,0.6056,,146906.27
"11-Dec-19",9.59,10.3,9.59,10.27,31630,5.146781,0.5917,,140490.637
"12-Dec-19",10.17,10.45,10.15,10.26,33121,5.3699,0.5916,,143556.07
"13-Dec-19",10.17,10.2,9.65,9.96,37403,5.268423,0.5992,163030,141261.183
"16-Dec-19",9.95,10.05,9.73,9.84,48304,5.131018,0.5924,,137827.228
"17-Dec-19",9.85,10,9.82,9.87,37206,5.032897,0.5924,,135448.586
"18-Dec-19",9.94,10.03,9.88,9.92,28956,4.939688,0.576,,132031.382
"19-Dec-19",9.9,10.05,9.61,9.89,48059,4.820704,0.5823,,130406.535
"20-Dec-19",9.98,10.04,9.825,9.88,86829,4.609134,0.5821,,128563.925
"23-Dec-19",9.84,9.975,9.65,9.85,44718,4.782763,0.5822,,129200.463
"24-Dec-19",9.9,10.42,9.9,10,44598
"25-Dec-19",,,,,,4.418254,0.5923,,137450.593
"26-Dec-19",9.99,10.06,9.88,10,36171,4.340599,0.5793,,135852.899
"27-Dec-19",10,10.65,9.97,10.42,57597
"30-Dec-19",10.42,10.85,10.33,10.76,75664,4.080951,0.5799,,133097.692
"31-Dec-19",11.044,11.16,10.65,11.02,38843,4.098648,0.5943,149011,134108.478
"01-Jan-20",,,,,,4.082792,0.5943,,134108.478
"02-Jan-20",11.2,11.41,10.73,11.17,48581,4.08726,0.5989,,136146.353
"03-Jan-20",11.12,11.46,11,11.2,35138,4.222437,0.5696,,139700.407
"06-Jan-20",11.19,11.61,11.11,11.42,26175,4.674087,0.5676,,145814.032
"07-Jan-20",11.35,11.45,11.155,11.27,22331,4.683981,0.5666,,145487.972
"08-Jan-20",11.3,11.58,11.18,11.42,34970,4.586813,0.5663,,144069.611
"09-Jan-20",11.55,11.55,11.23,11.4,38857,4.390575,0.5944,,139896.043
"10-Jan-20",11.37,11.37,11.2,11.31,33331,4.172874,0.5979,,149338.8242
"13-Jan-20",11.35,11.42,10.68,10.78,48643,4.127478,0.5998,,149115.3077
"14-Jan-20",10.72,10.87,10.66,10.68,27868,4.189016,0.5984,,151037.5496
"15-Jan-20",10.68,10.81,10.39,10.59,38840,3.878083,0.6035,151971,141888.2742
"16-Jan-20",10.59,10.98,10.47,10.86,23174,3.846408,0.6061,,140785.5928
"17-Jan-20",10.97,10.97,10.52,10.56,23381,3.937049,0.5746,,144183.0436
"20-Jan-20",,,,,,3.890254,0.5746,,144183.0436
"21-Jan-20",10.46,10.54,10.29,10.46,45694,3.963139,0.6139,,147804.0109
"22-Jan-20",10.5,10.59,10.01,10.2,46116,3.79207,0.6107,,142499.2193
"23-Jan-20",10.03,10.1577,9.95,10.01,50702,3.694982,0.6089,,140576.9774
"24-Jan-20",10,10.26,9.78,9.94,45032,3.733438,0.6322,,142722.7358
"27-Jan-20",9.76,10.095,9.76,9.95,24685,3.361758,0.6321,,138795.1143
"28-Jan-20",10.11,10.11,9.88,9.89,26531,3.532422,0.6259,,145329.8673
"29-Jan-20",9.94,10.01,9.7387,9.89,28277,3.597514,0.6321,,148095.7395
"30-Jan-20",9.92,9.92,9.54,9.6,37383,3.625664,0.6322,,150238.5306
"31-Jan-20",9.51,10,9.1,9.75,103032,3.798825,0.6375,184885,163429.6134
"03-Feb-20",10.07,10.5,9.56,9.77,40588,3.781409,0.6518,,164037.4974
"04-Feb-20",9.84,9.92,9.46,9.84,48113,4.681294,0.6694,,204173.0385
"05-Feb-20",10,10.13,9.91,10.11,22134,4.504852,0.6611,,196589.6856
"06-Feb-20",10.09,10.12,9.77,9.92,17733,4.579895,0.6428,,198762.8709
"07-Feb-20",9.95,9.95,9.25,9.66,49241,4.459864,0.6493,,196346.532
"10-Feb-20",9.56,9.83,9.56,9.75,33980,4.240318,0.6462,,187425.8343
"11-Feb-20",9.89,9.95,9.74,9.91,9320,4.323519,0.6558,,213634.6175
"12-Feb-20",9.96,10.48,9.95,10.32,52930,4.45704,0.6204,,223211.6605
"13-Feb-20",10.2,10.53,10.19,10.53,36854,4.472687,0.6118,,225115.976
"14-Feb-20",10.43,10.43,10.14,10.14,11675,4.433378,0.6323,216590,223082.241
"17-Feb-20",,,,,,4.360907,0.6323,,223082.241
"18-Feb-20",10.1,10.22,9.635,9.75,40633,4.589687,0.6368,,235118.2545
"19-Feb-20",9.85,9.94,9.65,9.85,23077,4.421914,0.6127,,225689.1195
"20-Feb-20",9.8,10.13,9.74,10.06,13385,4.549322,0.6123,,230070.894
"21-Feb-20",10.09,10.1349,9.97,10.05,27591,4.556214,0.6247,,230348.2215
"24-Feb-20",9.71,9.88,9.3339,9.44,37622,4.448185,0.6215,,227464.0155
"25-Feb-20",9.55,9.78,8.7393,8.95,43190,4.314219,0.6234,,221177.9255
"26-Feb-20",8.94,8.95,8.32,8.64,26392,4.522722,0.6229,,224408.899
"27-Feb-20",8.6,8.6,8.05,8.05,46128,4.775852,0.6303,,239028.724
"28-Feb-20",7.96,8.24,7.81,8.06,47321,4.706197,0.6286,247044,238227.341
"02-Mar-20",8.27,8.83,8.17,8.65,59069,5.126479,0.6578,,265366.068
"03-Mar-20",8.645,8.82,7.935,8.03,29415,5.150508,0.6479,,266557.313
"04-Mar-20",8.16,8.9,7.85,8.9,29904,5.206392,0.6559,,268181.738
"05-Mar-20",8.69,8.84,8.01,8.44,33469,5.498845,0.6106,,284620.919
"06-Mar-20",8.16,8.41,7.71,8.31,53712,5.459244,0.6361,,287176.681
"09-Mar-20",7.65,7.8,7.27,7.74,73632,5.622778,0.6274,,299262.403
"10-Mar-20",8.13,8.14,7.7,8.05,70313,5.62112,0.6304,,313177.6788
"11-Mar-20",7.77,8.06,7.39,7.74,51469,6.574559,0.6407,,363352.3152
"12-Mar-20",7.11,7.545,6.87,7.11,52218,7.2608,0.6271,,404583.9588
"13-Mar-20",7.72,7.85,6.97,7.18,47051,7.536825,0.6166,306581,422297.0136
"16-Mar-20",7,7.1857,6.06,6.19,76771,7.794286,0.6059,,443542.7976
"17-Mar-20",6.17,7.32,6.17,7.32,60750,7.70126,0.6443,,440380.6344
"18-Mar-20",7.01,7.285,6.5,6.98,44493,7.756001,0.6702,,444778.0176
"19-Mar-20",6.8967,9.88,6.8967,9.88,37447,7.875392,0.6577,,453103.4004
"20-Mar-20",9.46,9.46,7.471,8.25,105682,7.414174,0.6239,,436057.3644
"23-Mar-20",8.17,8.44,7.2,7.62,37882,7.231746,0.6185,,417454.9512
"24-Mar-20",7.99,8.54,7.43,8.54,49932,7.385827,0.6093,,310167.9977
"25-Mar-20",8.4,9.085,7.84,8.6,52452,7.529948,0.6208,,317158.0445
"26-Mar-20",8.59,9.8,8.52,9.72,73519,8.122357,0.616,,346160.6071
"27-Mar-20",9.65,9.65,8.3301,8.35,44314,7.723429,0.6009,,330157.0789
"30-Mar-20",8.35,8.35,6.9,7.17,48873,7.801742,0.6098,,332425.7783
"31-Mar-20",7.12,7.18,6.53,6.98,48349,7.854964,0.5978,247510,331291.4286
"01-Apr-20",6.525,6.79,6.17,6.18,43492,7.953855,0.5927,,336043.4341
"02-Apr-20",6.34,6.48,5.7,5.71,58724,7.611583,0.5946,,323534.9293
"03-Apr-20",5.64,5.91,5,5.13,53554,7.856029,0.5939,,334541.1872
"06-Apr-20",5.3,6.25,5.3,6.07,45221,7.749655,0.591,,331230.1124
"07-Apr-20",6.22,6.62,5.98,6.15,56982,7.753599,0.5914,,335123.6911
"08-Apr-20",6.36,6.36,6.105,6.2,48332,7.518594,0.6029,,328041.67
"09-Apr-20",6.48,6.86,6.28,6.77,52232,7.409652,0.6091,,243030.069
"10-Apr-20",,,,,,7.39617,0.6091,,243030.069
"13-Apr-20",6.67,6.94,6.4,6.49,35048,7.165913,0.6267,,235604.769
"14-Apr-20",6.78,7.09,6.13,6.13,75967,6.820357,0.6183,,226446.899
"15-Apr-20",5.88,6.1567,5.5,5.79,33447,6.869572,0.6109,226044,228550.734
"16-Apr-20",5.74,5.74,5.055,5.23,28695,6.83909,0.6104,,226694.409
"17-Apr-20",5.4,6.35,5.4,6.29,33707,6.688042,0.5949,,222536.241
"20-Apr-20",6.25,6.25,5.63,5.7,40846,6.767227,0.5975,,226570.654
"21-Apr-20",5.47,6.02,5.25,5.39,30274,7.166225,0.595,,238723.395
"22-Apr-20",5.6,5.6,5.15,5.21,77507,7.235861,0.5886,,243723.097
"23-Apr-20",5.3,5.73,5.15,5.4,49507,7.176388,0.5925,,242015.278
"24-Apr-20",6.04,6.29,5.34,5.84,44458,7.13344,0.5678,,237414.0132
"27-Apr-20",5.84,6.23,5.51,6.09,61545,7.300384,0.5695,,244353.564
"28-Apr-20",6.29,6.305,5.76,5.89,49721,7.415094,0.5716,,250343.73
"29-Apr-20",6.16,6.64,6,6.35,50394,7.220497,0.5781,,245755.0368
"30-Apr-20",6.12,6.19,5.71,6.01,34058,7.562434,0.5784,241481,257916.204
"01-May-20",5.51,6.2,5.51,6.2,60282,7.425686,0.5826,,250275.9168
"04-May-20",6.06,6.1523,5.95,6.1,29455,7.494936,0.5953,,251632.1808
"05-May-20",6.2,6.62,6.17,6.37,52935,7.689342,0.6068,,258594.336
"06-May-20",6.295,6.5,6.13,6.32,49297,7.811771,0.5803,,265217.4252
"07-May-20",6.55,6.55,6.19,6.29,24286,8.294665,0.5828,,282238.5384
"08-May-20",6.79,6.79,6.27,6.47,31667,8.909842,0.5848,,301339.2564
"11-May-20",6.31,6.62,6.09,6.49,52338,8.747747,0.5822,,278765.6664
"12-May-20",6.46,6.48,5.82,6.05,53362,8.730746,0.5956,,282460.3257
"13-May-20",6,6.32,5.88,6,66328,8.682809,0.6067,,282170.5485
"14-May-20",5.8,5.93,5.34,5.5,29006,8.683229,0.6023,,281446.1055
"15-May-20",5.53,5.84,5.25,5.74,38296,8.583824,0.6027,256299,280721.6625
"18-May-20",5.9,6.22,5.66,5.73,52365,8.551654,0.611,,280142.1081
"19-May-20",5.63,5.67,5.02,5.02,122582,8.369474,0.6251,,281615.1422
"20-May-20",5.12,5.52,5.12,5.48,81781,8.435133,0.6342,,289173.4975
"21-May-20",5.57,5.57,5.1,5.14,76702,8.34548,0.658,,291805.6404
"22-May-20",5.29,5.43,5.05,5.43,64245,8.162563,0.6531,,288642.2393
"25-May-20",,,,,,8.08564,0.6479,,287120.909
"26-May-20",5.68,5.76,4.84,5.29,126292,7.442016,0.6556,,271062.4225
"27-May-20",5.36,5.63,5.31,5.59,85734,7.331684,0.6632,,248174.3217
"28-May-20",5.65,5.65,5.36,5.48,53624,7.002887,0.6675,,237563.5431
"29-May-20",5.4,5.79,5.3,5.49,66074,6.216282,0.6671,249625,212036.1627
"01-Jun-20",5.62,5.76,5.33,5.4,61533,6.162061,0.6643,,210652.1481
"02-Jun-20",5.46,5.49,5.165,5.26,91149,5.942348,0.6839,,205295.499
"03-Jun-20",5.29,5.56,5.22,5.26,69825,5.977242,0.6893,,207115.2219
"04-Jun-20",5.28,5.48,5.16,5.42,75772,5.929327,0.7337,,208140.4179
"05-Jun-20",5.49,6.1986,5.44,6.02,132190,5.930504,0.7703,,214060.9248
"08-Jun-20",6.09,6.3599,6.0517,6.27,159158,6.186463,0.8112,,231181.698
"09-Jun-20",6.24,7.04,6.2,6.87,92263,6.261249,0.8007,,277832.625
"10-Jun-20",6.99,7.0528,6.64,6.83,102097,6.323764,0.8202,,282650.3875
"11-Jun-20",6.69,6.69,6.25,6.26,113018,6.022799,0.8222,,272141.175
"12-Jun-20",6.55,6.55,5.63,5.88,71681,5.943431,0.8209,,269944.475
"15-Jun-20",5.7,5.88,5.61,5.81,72856,6.036916,0.9098,278791,276609.4625
"16-Jun-20",5.95,6.2691,5.67,5.8,55302,6.467554,0.9124,,295880.5125
"17-Jun-20",5.82,5.92,5.6,5.6,59548,7.029524,0.901,,320218.95
"18-Jun-20",5.63,5.63,5.4,5.53,58796,7.242975,0.9095,,329779.5875
"19-Jun-20",5.59,5.59,5.4,5.46,100030,7.141697,0.8996,,329704.7
"22-Jun-20",5.44,5.74,5.325,5.58,107463,7.186093,0.905,,333948.325
"23-Jun-20",5.63,5.71,5.4,5.48,95115,7.752735,0.906,,363179.4125
"24-Jun-20",5.41,5.45,4.9,5,150848,8.093085,0.8942,,392649.2444
"25-Jun-20",5.05,5.64,5,5.54,153347,8.317241,0.8935,,413447.053
"26-Jun-20",5.56,5.605,5.12,5.33,1185169,7.175106,0.9212,,450414.7396
"29-Jun-20",5.43,5.63,5.3014,5.62,80151,6.944619,0.925,,439681.2861
"30-Jun-20",5.59,5.7,5.23,5.54,54612,1.677672,1.0112,202981,105633.9099
"01-Jul-20",5.48,5.48,5.24,5.27,29563,1.345421,1.0045,,84975.4968
"02-Jul-20",5.37,5.45,5.1,5.35,71736,1.412651,0.9992,,89687.0647
"03-Jul-20",,,,,,1.405812,0.9992,,89687.0647
"06-Jul-20",5.45,5.57,5.36,5.36,57868,1.372619,0.9805,,87651.8904
"07-Jul-20",5.45,5.8,5.445,5.54,75426,1.315859,1,,84501.5521
"08-Jul-20",5.5,6.24,5.5,6.18,119170,1.2824,0.973,,83302.7508
"09-Jul-20",6.15,6.36,5.8,6.35,55654,1.252559,0.9723,,81462.7302
"10-Jul-20",6.35,6.57,6.3,6.37,47610,1.290013,0.9213,,161065.4235
"13-Jul-20",6.43,6.43,5.85,5.88,46458,1.311513,0.9103,,162567.4829
"14-Jul-20",5.86,6.08,5.79,5.89,49239,1.247369,0.9177,,155016.5897
"15-Jul-20",6.05,6.19,5.86,5.91,62696,1.252693,0.8861,178056,155300.7631
"16-Jul-20",5.91,6,5.73,5.8,37195,1.231831,0.8746,,152824.3949
"17-Jul-20",5.72,6.05,5.65,5.91,22086,1.140932,0.8292,,141376.2665
"20-Jul-20",5.91,5.91,5.66,5.85,24490,1.130036,0.8203,,139793.0147
"21-Jul-20",5.98,6.4599,5.98,6.28,70689,1.110039,0.8136,,138067.6762
"22-Jul-20",6.27,6.36,5.86,6.06,36856,1.094835,0.7995,,136342.3377
"23-Jul-20",6.08,6.255,5.84,6.06,48830,1.434271,0.864,,177669.2693
"24-Jul-20",6.01,6.07,5.94,5.94,29120,1.336885,0.8522,,189166.6944
"27-Jul-20",5.93,6.3,5.93,6.28,36137,1.326059,0.8442,,187350.5232
"28-Jul-20",6.25,6.39,5.82,5.95,43743,1.376118,0.8362,,193796.1504
"29-Jul-20",5.89,6.09,5.81,6.01,46451,1.270374,0.8251,,178786.0296
"30-Jul-20",6,6.07,6,6.04,13439,1.237683,0.8012,,173017.0152
"31-Jul-20",6,6.02,5.67,5.86,30516,1.226121,0.7924,148905,169705.1736
"03-Aug-20",5.85,5.96,5.7335,5.88,9617,1.23468,0.8075,,170862.5376
"04-Aug-20",5.81,5.95,5.65,5.79,23453,1.246178,0.7935,,170542.0368
"05-Aug-20",5.87,5.87,5.67,5.73,15694,1.19977,0.7704,,163775.9088
"06-Aug-20",5.83,5.89,5.65,5.66,11079,1.196998,0.767,,162119.988
"07-Aug-20",5.81,6.28,5.81,6.06,80628,1.105148,0.7743,,150564.1536
"10-Aug-20",6.0751,6.63,6.0751,6.62,39338,1.090335,0.7695,,150403.9032
"11-Aug-20",6.65,7.76,6.65,7.23,95037,1.154922,0.8138,,140074.9335
"12-Aug-20",7.25,7.25,6.45,6.68,78844,1.132688,0.794,,138049.8255
"13-Aug-20",6.64,6.78,6.395,6.5,42909,1.125317,0.7959,,136888.3665
"14-Aug-20",6.42,6.85,6.27,6.82,36213,1.02549,0.8016,134066,124052.7555
"17-Aug-20",6.74,6.85,6.62,6.82,14859,0.988603,0.8057,,120285.459
"18-Aug-20",6.7871,6.8084,6.33,6.45,36032,0.986543,0.8504,,118989.9855
"19-Aug-20",6.4599,6.83,6.4138,6.82,30564,0.989336,0.8489,,118841.0805
"20-Aug-20",6.98,7.18,6.39,6.45,25765,0.946011,0.8279,,111589.407
"21-Aug-20",6.44,6.51,6.11,6.39,47608,0.832233,0.8288,,97532.775
"24-Aug-20",6.5,6.8258,6.17,6.57,49031,0.79064,0.8514,,92470.005
"25-Aug-20",6.59,6.59,6.195,6.48,27001,0.840137,0.8446,,105094.3374
"26-Aug-20",6.5,6.58,6.2,6.25,75465,0.874909,0.8405,,109357.6362
"27-Aug-20",6.25,6.34,6.14,6.26,99277,0.97111,0.8783,,120753.2462
"28-Aug-20",6.25,6.41,6.24,6.24,21406,0.948999,0.836,,116556.9804
"31-Aug-20",6.3,6.3,6,6.05,50899,0.891205,0.8294,131481,109665.988
"01-Sep-20",6,6.17,5.9363,6.17,21905,0.889475,0.8286,,108258.295
"02-Sep-20",6.22,6.44,6.09,6.44,14654,0.897676,0.8247,,108258.295
"03-Sep-20",6.35,6.56,6.06,6.19,26160,0.92196,0.8277,,109759.8342
"04-Sep-20",6.14,6.45,5.92,6.45,30350,0.87356,0.8125,,103177.1936
"07-Sep-20",,,,,,0.884014,0.8125,,103177.1936
"08-Sep-20",6.28,6.53,5.9,6.24,29882,0.865155,0.7994,,100053.4558
"09-Sep-20",6.28,6.41,6.06,6.41,29776,0.89422,0.8051,,100629.9396
"10-Sep-20",6.35,6.8,6.2,6.45,43158,0.891058,0.8183,,118950.8607
"11-Sep-20",6.36,6.36,5.85,6,48821,0.933696,0.8153,,123210.8451
"14-Sep-20",6.01,6.01,5.6,5.66,47994,0.975131,0.8101,,126773.9802
"15-Sep-20",5.71,5.71,5.33,5.44,40634,0.930498,0.7992,135055,120199.9302
"16-Sep-20",5.54,5.91,5.54,5.71,28145,0.887046,0.7992,,113441.8068
"17-Sep-20",5.66,5.74,5.58,5.68,20140,0.874406,0.8036,,110943.6678
"18-Sep-20",5.63,5.63,5.445,5.58,30143,0.855832,0.7894,,107853.8643
"21-Sep-20",5.46,5.575,5.265,5.46,23994,0.873988,0.851,,108406.0845
"22-Sep-20",5.42,5.52,5.12,5.22,44206,0.896712,0.8812,,110654.4096
"23-Sep-20",5.22,5.22,5,5,36403,0.913437,0.8826,,110851.6311
"24-Sep-20",5.04,5.23,4.66,4.75,98193,0.956666,0.8412,,130530.6575
"25-Sep-20",4.74,5.05,4.7,4.86,62885,1.067773,0.8815,,142645.091
"28-Sep-20",5.01,5.35,5.01,5.33,48305,1.335039,0.8035,,124358.644
"29-Sep-20",5.17,5.24,4.87,5.23,65129,1.172474,0.7849,,110015.803
"30-Sep-20",5.16,5.25,5.01,5.06,52044,1.121998,0.7666,102816,104262.46
"01-Oct-20",5.06,5.19,4.96,5.18,46069,1.088255,0.7375,,100818.5575
"02-Oct-20",4.99,5.14,4.96,5.09,21218,1.124092,0.8112,,103843.7895
"05-Oct-20",5.15,5.84,5.15,5.71,50256,1.098138,0.7634,,100669.997
"06-Oct-20",5.61,5.81,5.35,5.4,15231,1.168665,0.8608,,106085.7025
"07-Oct-20",5.43,5.64,5.21,5.51,21363,1.128934,0.7584,,101169.7005
"08-Oct-20",5.425,5.99,5.425,5.92,39362,1.137938,0.7587,,100656.4915
"09-Oct-20",5.87,6.12,5.59,6.07,26165,1.162698,0.7608,,98014.4928
"12-Oct-20",5.915,6.1,5.88,5.99,20837,1.181504,0.7608,,98014.4928
"13-Oct-20",5.99,6.13,5.82,6.13,13560,1.296031,0.8037,,106435.1232
"14-Oct-20",6.03,6.22,5.95,6.06,11458,1.343706,0.7824,,108871.8624
"15-Oct-20",6,6,5.7,5.9,12654,1.357416,0.7752,102503,108419.472
"16-Oct-20",5.85,5.85,5.25,5.71,21585,1.472466,0.7844,,115698.8448
"19-Oct-20",5.6,5.61,5.48,5.49,12366,1.413941,0.7958,,110691.7056
"20-Oct-20",5.935,5.935,5.4,5.53,13420,1.403446,0.793,,108799.8912
"21-Oct-20",5.5,5.59,5.4,5.59,19751,1.405318,0.7927,,108727.92
"22-Oct-20",5.45,5.52,5.4,5.4,14893,1.538999,0.8023,,116367.1488
"23-Oct-20",5.59,5.59,5.25,5.39,25877,1.484702,0.7945,,111750.7104
"26-Oct-20",5.26,5.3278,5.12,5.21,20901,1.490128,0.8,,105096.3259
"27-Oct-20",5.31,5.31,4.9753,5.12,80130,1.46221,0.7927,,105055.3247
"28-Oct-20",4.97,5.26,4.97,5.25,16895,1.289108,0.7531,,91883.6892
"29-Oct-20",5.25,5.39,5.165,5.39,21938,1.283689,0.7362,,90663.9035
"30-Oct-20",5.39,5.39,5.01,5.06,23083,1.153031,0.6968,93128,80628.8598
"02-Nov-20",5.09,5.16,4.93,4.98,51149,1.308019,0.7568,,93154.7264
"03-Nov-20",5.1,5.4,5.1,5.31,12935,1.008533,0.6659
"04-Nov-20",5.3,5.3,5.02,5.02,23630,0.977656,0.6581
"05-Nov-20",5.29,5.45,5.1,5.1,24517,0.9908,0.6631
"06-Nov-20",5.2,5.48,5.07,5.08,16350,1.023298,0.6604
"09-Nov-20",5.47,5.5,5.05,5.12,44803,0.977652,0.6513
"10-Nov-20",5.13,5.38,4.95,5.26,62826,0.966702,0.6513
"11-Nov-20",5.36,5.58,5.31,5.41,36009,0.968034,0.6513
"12-Nov-20",5.4,5.6,5.31,5.45,19577,1.024584,0.6556
"13-Nov-20",5.45,5.78,5.45,5.64,36113,0.988724,0.655,84831
"16-Nov-20",5.74,6,5.6739,5.93,86591,0.964005,0.65
"17-Nov-20",5.92,6,5.71,5.8,49304,0.958171,0.6437
"18-Nov-20",5.77,5.95,5.65,5.71,27551,0.916121,0.6335
"19-Nov-20",5.63,5.78,5.48,5.68,26984,0.919691,0.6335
"20-Nov-20",5.61,5.89,5.58,5.87,26017,0.923723,0.6357
"23-Nov-20",5.85,5.86,5.62,5.79,33238,0.869723,0.6471
"24-Nov-20",5.85,6.92,5.85,6.85,90511,0.837931,0.6398
"25-Nov-20",6.75,6.75,6.2,6.74,43925,0.823092,0.6314
"26-Nov-20",,,,,,0.819929,0.6314
"27-Nov-20",6.76,6.76,6.25,6.31,24150,0.922442,0.6804
"30-Nov-20",6.35,6.35,5.91,6.15,64310,0.88828,0.6671,77508
"01-Dec-20",6.14,6.49,6.0625,6.45,37796,0.996815,0.697
"02-Dec-20",6.45,7.29,6.4001,7.29,35856,0.952973,0.7191
"03-Dec-20",7.17,7.3365,6.85,7.12,30418,0.943502,0.7187
"04-Dec-20",7.13,7.362,7.0661,7.21,38003,0.938276,0.7185
"07-Dec-20",7.27,7.27,7.15,7.17,25698,0.934564,0.6754
"08-Dec-20",7.18,7.4,7.15,7.24,22285,0.942479,0.6802
"09-Dec-20",7.3,7.31,7.15,7.21,24015,0.956306,0.703
"10-Dec-20",7.22,7.64,7.15,7.55,72918,0.92376,0.6309
"11-Dec-20",7.45,7.54,7.39,7.51,20307,0.932908,0.6309
"14-Dec-20",7.49,7.54,7.39,7.46,11057,0.948169,0.6307
"15-Dec-20",7.68,7.68,7.5,7.5,19281,0.960344,0.6307,71246
"16-Dec-20",7.563,7.69,7.48,7.61,49565,0.956537,0.6307
"17-Dec-20",7.7,7.76,7.49,7.75,51817,0.94084,0.6309
"18-Dec-20",7.75,7.97,7.72,7.81,80630,0.921987,0.6361
"21-Dec-20",7.69,7.8688,7.6,7.67,20476,0.934237,0.6378
"22-Dec-20",7.72,7.9,7.21,7.35,65625,0.909506,0.6361
"23-Dec-20",7.22,7.41,7.22,7.35,21792,0.918222,0.6361
"24-Dec-20",7.38,7.46,7.35,7.46,7979,1.131963,0.7107
"25-Dec-20",,,,,,1.164006,0.7107
"28-Dec-20",7.5,7.53,7.35,7.46,20908,1.159986,0.7028
"29-Dec-20",7.48,7.74,7.35,7.63,17135,1.251637,0.9237
"30-Dec-20",7.54,7.71,7.48,7.71,36282,1.102031,0.6739
"31-Dec-20",7.64,8.12,7.64,7.85,45518,1.095621,0.707,76583
"01-Jan-21",,,,,,1.105449,0.707
"04-Jan-21",7.99,7.99,7.61,7.65,23846,1.398368,0.7484
"05-Jan-21",7.7,8.95,7.7,8.85,53843,1.363227,0.7579
"06-Jan-21",8.93,9.35,8.85,8.85,46413,1.643084,0.7259
"07-Jan-21",9.077,9.08,8.27,8.32,36494,1.512679,0.7265
"08-Jan-21",8.46,8.66,8.18,8.58,42903,1.556952,0.7416
"11-Jan-21",8.57,8.94,8.57,8.94,13537,1.589859,0.7698
"12-Jan-21",8.89,9.17,8.512,9.04,26870,1.525596,0.7362
"13-Jan-21",8.39,9.68,8.39,9.65,42197,1.513407,0.7393
"14-Jan-21",9.59,9.8529,9.23,9.71,50352,1.397238,0.7301
"15-Jan-21",9.5,9.5,8.8801,9.11,51758,1.475378,0.7527,77940
"18-Jan-21",,,,,,1.451606,0.7527
"19-Jan-21",9.23,9.45,9.15,9.32,19367,1.439326,0.748
"20-Jan-21",9.35,9.37,9.16,9.22,17709,1.387565,0.7365
"21-Jan-21",9.32,9.32,8.793,8.99,32567,1.426375,0.7864
"22-Jan-21",8.79,8.99,8.62,8.95,16007,1.451355,0.803
"25-Jan-21",8.92,8.95,8.6,8.8,9815,1.355478,0.8102
"26-Jan-21",8.79,9.2,8.61,9.2,12220,1.355521,0.7986
"27-Jan-21",8.94,8.9851,8.23,8.45,27200,1.323311,0.7606
"28-Jan-21",8.61,9.24,8.52,9.01,22110,1.352984,0.7494
"29-Jan-21",8.26,8.66,8.23,8.3,30659,1.327082,0.7428,67721
"01-Feb-21",8.31,8.4955,7.86,7.86,54877,1.370988,0.8042
"02-Feb-21",8,8.19,7.95,8.19,18555,1.388549,0.8114
"03-Feb-21",8.19,8.94,8.11,8.64,43076,1.319092,0.7944
"04-Feb-21",8.72,8.86,8.6,8.62,8691,1.425058,0.8253
"05-Feb-21",8.67,8.6748,8.52,8.58,7691,1.415234,0.812
"08-Feb-21",8.6,8.8,8.6,8.76,27498,1.45008,0.8182
"09-Feb-21",8.65,8.79,8.64,8.7,5756,1.46377,0.809
"10-Feb-21",8.71,8.78,8.6,8.7,15345,1.422111,0.7748
"11-Feb-21",8.705,8.86,8.62,8.74,16339,1.438606,0.7677
"12-Feb-21",8.665,8.85,8.6026,8.75,10789,1.492735,0.7708,72184
"15-Feb-21",,,,,,1.485314,0.7708
"16-Feb-21",8.95,8.95,8.61,8.88,7573,1.52724,0.7919
"17-Feb-21",8.84,8.92,8.5,8.5,5345,1.59127,0.7889
"18-Feb-21",8.51,8.79,8.3,8.36,21746,1.617433,0.7941
"19-Feb-21",8.35,8.54,8.34,8.45,6775,1.625365,0.7893
"22-Feb-21",8.6,8.66,8.5171,8.55,10130,1.580131,0.7925
"23-Feb-21",8.58,8.58,8.06,8.13,39783,1.575474,0.7926
"24-Feb-21",8.31,8.52,8.13,8.15,10804,1.594435,0.7926
"25-Feb-21",8.23,8.45,8.125,8.25,15714,1.67835,0.7906
"26-Feb-21",8.28,8.43,8.2,8.27,4901,1.715788,0.7954,72882
"01-Mar-21",8.39,8.61,8.35,8.55,22684,1.728645,0.7949
"02-Mar-21",8.56,8.78,8.54,8.7,26660,1.736528,0.7989
"03-Mar-21",8.72,8.73,8.6,8.65,10415,1.76332,0.7926
"04-Mar-21",8.59,8.59,8.21,8.4,92709,1.71696,0.8068
"05-Mar-21",8.55,8.6913,8.13,8.23,18688,1.76537,0.8156
"08-Mar-21",8.3,8.629,8.3,8.56,9075,1.735579,0.8008
"09-Mar-21",9,9.1,8.5601,9,32544,1.804655,0.8134
"10-Mar-21",9.02,9.1,9.01,9.05,17042,1.810169,0.8068
"11-Mar-21",9.1,9.84,9.086,9.73,55612,1.684135,0.7931
"12-Mar-21",9.82,9.82,9.41,9.5,17438,1.73855,0.7875
"15-Mar-21",9.592,9.7,9.25,9.55,33144,1.96257,0.8273,84958
"16-Mar-21",9.575,9.99,9.52,9.84,35754,1.92907,0.8175
"17-Mar-21",9.69,10.09,9.69,9.9,34593,1.928147,0.7716
"18-Mar-21",9.9,10.35,9.76,9.9,348449,1.626707,0.767
"19-Mar-21",9.99,10.05,9.69,9.82,60404,1.525155,0.7604
"22-Mar-21",9.79,10.3225,9.79,10.13,14580,1.351633,0.6859
"23-Mar-21",10.13,10.13,9.4,9.49,22192,1.149107,0.7012
"24-Mar-21",9.59,9.99,8.91,8.96,23448,1.029662,0.6625
"25-Mar-21",8.85,8.9599,8.65,8.83,25674,0.941316,0.6473
"26-Mar-21",9.475,9.475,8.66,9.03,59659,0.924927,0.646
"29-Mar-21",9.11,9.38,8.79,9.04,20264,0.925215,0.646
"30-Mar-21",9.15,9.35,8.83,9.16,14073,1.123488,0.661
"31-Mar-21",9.1,9.62,9.03,9.56,30495,1.107995,0.6611,65296
"01-Apr-21",9.56,9.79,9.29,9.77,5853,1.009146,0.6509
"02-Apr-21",,,,,,1.009146,0.6462
"05-Apr-21",9.79,10.42,9.7,10.36,42243,0.901255,0.6664
"06-Apr-21",10.39,10.44,10.1,10.23,30752,0.912002,0.663
"07-Apr-21",10.09,10.29,9.9,10.15,21703,0.933561,0.6653
"08-Apr-21",10.02,10.25,9.9754,10.2,18299,0.935971,0.6494
"09-Apr-21",9.91,10.17,9.83,9.99,40908,0.966492,0.6608
"12-Apr-21",10.08,10.08,9.87,9.87,12595,0.970283,0.662
"13-Apr-21",9.94,10.12,9.6,9.89,33261,0.996466,0.6697
"14-Apr-21",9.925,10.2,9.925,10.19,8979,1.037539,0.6866
"15-Apr-21",10.266,10.478,10.2,10.25,47583,1.009074,0.6668,65180
"16-Apr-21",10.43,10.43,10.08,10.25,10740,1.021627,0.6611
"19-Apr-21",10.25,10.25,9.7742,10.01,9467,1.315483,0.7321
"20-Apr-21",9.9,10.13,9.79,9.79,12216,1.318205,0.7205
"21-Apr-21",9.94,9.95,9.53,9.95,23549,1.300173,0.718
"22-Apr-21",9.9,10.48,9.65,10.04,17017,1.269585,0.7093
"23-Apr-21",10.23,10.25,9.87,10.09,2769,1.205308,0.7013
"26-Apr-21",10.4,10.4,9.94,10,13476,1.213359,0.7066
"27-Apr-21",10.01,10.25,10,10.09,6770,1.23812,0.7058
"28-Apr-21",9.98,10.1069,9.662,9.82,6382,1.405305,0.742
"29-Apr-21",9.72,10.1,9.72,10.02,13428,1.251659,0.73
"30-Apr-21",10.51,10.88,10.097,10.55,28752,1.249428,0.7315,69321
"03-May-21",11,12,10.4,11.87,65506,1.274021,0.7085
"04-May-21",12.14,12.36,10.94,11.83,41092,1.319511,0.7333
"05-May-21",12.3,12.35,11.5765,12.16,12289,1.175692,0.6668
"06-May-21",12,12.77,11.95,12.32,23193,1.056443,0.6458
"07-May-21",12.92,12.92,12.4,12.75,22746,1.033189,0.6383
"10-May-21",12.51,12.93,12.51,12.55,22597,1.061098,0.6462
"11-May-21",12.55,12.93,12.37,12.92,20438,1.078828,0.653
"12-May-21",12.91,12.99,12.5701,12.81,24013,1.05011,0.6464
"13-May-21",13.25,13.6999,12.9,13.09,51626,1.016658,0.6449
"14-May-21",13.1,13.51,13.09,13.38,20534,1.163978,0.7349,71535
"17-May-21",13.38,14.21,13.25,14.19,29408,1.257628,0.7768
"18-May-21",14.32,14.84,14.25,14.6,32077,1.329183,0.7999
"19-May-21",14.61,14.61,13.94,14.14,19772,1.323934,0.7978
"20-May-21",14.03,14.03,13.72,13.86,10414,1.327999,0.7999
"21-May-21",13.88,14.11,13.73,13.76,11256,1.39117,0.803
"24-May-21",13.77,14.22,13.5,13.76,16214,1.263697,0.763
"25-May-21",13.76,13.97,12.9002,12.91,53744,1.098456,0.6808
"26-May-21",12.89,14.13,12.49,13.45,32282,1.095579,0.6764
"27-May-21",13.37,14.25,13.37,13.82,10449,1.518493,0.8082
"28-May-21",13.868,13.8745,13.55,13.78,4792,0.865053,0.6087,70894
"31-May-21",,,,,,0.865053,0.6087
"01-Jun-21",13.92,14.4,13.92,14.2,13269,0.89577,0.6234
"02-Jun-21",14.23,14.73,14.23,14.71,23862,0.862235,0.6074
"03-Jun-21",14.5001,14.73,14.5001,14.73,4107,0.888893,0.6343
"04-Jun-21",14.74,14.74,14.06,14.08,7873,0.91012,0.644
"07-Jun-21",13.89,14.22,12.78,13.96,7004,0.950377,0.6423
"08-Jun-21",13.92,14.15,13.75,13.87,23820,1.367513,0.6203
"09-Jun-21",13.9,14.14,13.8,13.85,12981,1.343799,0.609
"10-Jun-21",13.89,14.13,13.46,13.6,12223,1.351554,0.6065
"11-Jun-21",13.6,14.14,13.6,14.01,30630,1.345186,0.6075
"14-Jun-21",13.91,14.01,13.8284,13.95,19218,1.353276,0.6034
"15-Jun-21",13.899,13.98,13.85,13.86,10075,1.416845,0.6107,76078
"16-Jun-21",13.86,13.86,13.38,13.85,25730,1.401112,0.6067
"17-Jun-21",13.66,13.85,12.91,13.08,18133,1.42574,0.6162
"18-Jun-21",12.91,13.6,12.3,12.82,35628,1.47199,0.6195
"21-Jun-21",12.8,13.65,11.81,13.51,21296,1.86208,0.6253
"22-Jun-21",13.58,14.23,13.16,14.23,17362,1.941104,0.7009
"23-Jun-21",14.14,14.7,13.29,14.45,29168,1.921469,0.7009
"24-Jun-21",14.64,14.98,14.375,14.98,30572,1.91034,0.7009
"25-Jun-21",14.9,15.02,14.55,14.64,24098,1.918458,0.7045
"28-Jun-21",14.53,14.53,13.73,13.91,26365,1.923031,0.678
"29-Jun-21",14.51,14.51,13.47,13.89,32658,1.793994,0.6139
"30-Jun-21",14.48,14.49,13.91,14.23,24600,1.788517,0.6139,71891
"01-Jul-21",14.25,14.49,13.905,14.37,16767,1.837231,0.6193
"02-Jul-21",14.42,15,14.36,14.75,50647,1.925597,0.6602
"06-Jul-21",14.94,15.4643,14.3535,15,83155,1.867719,0.6601
"07-Jul-21",15.1,15.18,14.4628,14.88,21016,1.914327,0.6607
"08-Jul-21",14.48,15,14.48,14.94,27765,1.928161,0.6682
"09-Jul-21",14.99,14.99,14.45,14.45,10059,1.933322,0.6649
"12-Jul-21",14.51,14.75,14.14,14.74,21532,2.085888,0.7031
"13-Jul-21",15,15,14.11,14.39,16846,1.500132,0.685
"14-Jul-21",14.37,14.65,14.14,14.26,14891,1.514833,0.684
"15-Jul-21",14.22,14.72,14.02,14.03,11787,1.511653,0.6839,54864
"16-Jul-21",14.23,14.63,13.81,13.84,19515,1.546224,0.6845
"19-Jul-21",13.76,13.76,13.05,13.11,26723,1.569209,0.6976
"20-Jul-21",13,14.87,13,13.91,44459,1.605986,0.6743
"21-Jul-21",14.09,14.8,14.09,14.51,12930,1.61395,0.6795
"22-Jul-21",14.53,14.85,14.17,14.7,13061,1.506819,0.6993
"23-Jul-21",14.5528,14.7735,14.27,14.53,6791,1.592814,0.7136
"26-Jul-21",14.45,14.98,13.975,14.54,19318,1.574745,0.7124
"27-Jul-21",14.53,14.65,14.45,14.45,14848,1.656441,0.7063
"28-Jul-21",14.59,14.72,13.95,14.38,14824,1.516799,0.7027
"29-Jul-21",14.6,14.85,14.54,14.7,9898,1.487127,0.6928
"30-Jul-21",14.59,14.85,14.4501,14.72,12573,1.487967,0.6954,46923
"02-Aug-21",14.65,14.835,14,14.64,3945,1.504639,0.6922
"03-Aug-21",14.58,14.79,14.5,14.65,32895,1.494208,0.697
"04-Aug-21",14.53,16.2,14.53,15.7,70288,1.520163,0.7093
"05-Aug-21",15.8,15.98,15.3,15.61,31662,1.503455,0.707
"06-Aug-21",15.53,15.53,13.1227,14.55,43210,1.4856,0.6994
"09-Aug-21",14.61,15.98,14.57,14.83,18126,1.390753,0.6627
"10-Aug-21",14.745,15,14.55,14.8,10155,1.37229,0.6908
"11-Aug-21",14.71,15.035,14.65,14.83,27338,1.324448,0.683
"12-Aug-21",14.795,14.795,14.2,14.2,21211,1.310718,0.68
"13-Aug-21",13.45,13.73,13.45,13.6,35763,1.283293,0.6742,45887
"16-Aug-21",13.67,13.74,13.35,13.53,12072,1.320405,0.6758
"17-Aug-21",13.5,13.99,13.2,13.35,28819,1.314881,0.6758
"18-Aug-21",13.35,13.79,13.35,13.6,27710,1.316388,0.676
"19-Aug-21",13.5,13.57,12.95,13.09,18760,1.51971,0.8713
"20-Aug-21",12.95,13.09,12,12.55,7508,1.375494,0.7234
"23-Aug-21",12.5,13.41,12.43,13.09,18800,1.272941,0.6819
"24-Aug-21",13.08,13.18,12.61,13.01,15768,1.26999,0.6688
"25-Aug-21",13.1,13.96,12.11,12.11,11115,1.265486,0.6676
"26-Aug-21",12.29,12.86,12.29,12.56,35882,1.299282,0.6718
"27-Aug-21",12.41,12.62,11.16,11.41,25789,1.30064,0.6698
"30-Aug-21",11.87,12.49,11.0001,12.21,17045,1.292435,0.7274
"31-Aug-21",12.35,12.74,12.14,12.5,24807,1.187817,0.6647,33923
"01-Sep-21",12.33,12.65,11.84,12.61,19293,1.150123,0.6591
"02-Sep-21",12.53,12.72,11.75,12.05,10878,1.205698,0.6754
"03-Sep-21",12.2,12.44,11.83,12.06,23628,1.187967,0.6721
"06-Sep-21",,,,,,1.161419,0.6721
"07-Sep-21",12.31,12.3799,11.79,12.15,13879,1.17727,0.6762
"08-Sep-21",12.01,12.0689,11.2144,11.37,25775,1.158144,0.6748
"09-Sep-21",11.48,11.48,11.07,11.35,6734,1.413246,0.663
"10-Sep-21",11.455,11.72,11.27,11.72,22307,1.216622,0.6713
"13-Sep-21",11.72,11.72,11.13,11.37,7358,1.227181,0.6713
"14-Sep-21",11.45,11.45,10.895,11.3,12909,1.346208,0.7868
"15-Sep-21",11.45,12,11.26,11.39,6171,1.505973,0.6406,39759
"16-Sep-21",11.25,11.25,10.67,10.94,10685,1.250425,0.6634
"17-Sep-21",10.6,11,10.1,10.42,47048,1.302874,0.6626
"20-Sep-21",9.63,10.31,9.4,10.29,18494,1.234193,0.6527
"21-Sep-21",10.36,10.38,10.06,10.2,1824,1.220323,0.651
"22-Sep-21",10.465,10.5,10.29,10.5,3197,1.240442,0.6517
"23-Sep-21",10.77,10.9468,10.29,10.62,21369,1.246049,0.6513
"24-Sep-21",10.65,11.11,10.61,10.9,43206,0.773713,0.6479
"27-Sep-21",10.83,10.925,10.5,10.66,15473,0.878977,0.6934
"28-Sep-21",10.66,10.67,10.01,10.23,12182,0.760929,0.6381
"29-Sep-21",10.34,10.59,10.17,10.24,4142,0.773046,0.6461
"30-Sep-21",10.4,10.88,10.2,10.66,20539,0.878786,0.8063,32385
"01-Oct-21",10.6,10.83,10.6,10.83,3083,0.926206,0.806
"04-Oct-21",10.83,10.9988,10.6802,10.78,9866,1.075333,0.9875
"05-Oct-21",11,11.1555,10.48,10.77,18299,1.047408,0.9543
"06-Oct-21",10.64,10.99,10.52,10.96,9710,1.085535,1.0253
"07-Oct-21",10.98,11.16,10.9,10.95,29953,1.053193,0.9176
"08-Oct-21",11,11.2,11,11.175,7621,1.069602,0.9285
"11-Oct-21",11.15,11.22,11.15,11.19,8391,1.089116,0.948
"12-Oct-21",11.155,11.23,11.11,11.16,3340,1.332443,1.3137
"13-Oct-21",11.13,11.2,11.0168,11.1,4325,1.150918,1.1121
"14-Oct-21",11.15,11.23,11,11.23,7928,1.159393,1.1121
"15-Oct-21",11.21,11.3315,11.16,11.26,2608,1.154745,1.0854,35289
"18-Oct-21",11.25,11.5694,11.1,11.11,24915,1.132428,1.1042
"19-Oct-21",11.11,11.478,11.04,11.39,16365,1.188938,1.2097
"20-Oct-21",11.35,11.65,11.35,11.56,2983,1.184925,1.1567
"21-Oct-21",11.63,12.2,11.62,12.2,14302,1.210183,1.1527
"22-Oct-21",11.5519,12.2,11.5519,11.99,6066,1.297997,1.2297
"25-Oct-21",11.88,12.2,11.7,11.97,4280,1.370604,1.3298
"26-Oct-21",11.975,12.95,11.9,12.5,6328,1.401369,1.3462
"27-Oct-21",12.266,12.45,12.26,12.32,5043,1.495535,1.3121
"28-Oct-21",12.27,13.23,12.22,12.6,45459,1.307138,1.2562
"29-Oct-21",12.8,14,12.8,13.58,43175,1.337241,1.2138
"01-Nov-21",13.75,14.01,13.38,13.55,21823,1.125144,0.8764
"02-Nov-21",13.21,13.94,13.04,13.38,13719,1.090001,0.8334
"03-Nov-21",13.46,13.46,12.0006,12.35,33071,,0.8509
"19-Nov-21",,,,,,,,,,,0