"Date","open UMH Price in USD","high UMH Price in USD","low UMH Price in USD","close UMH Price in USD","UMH Volume","Days to cover 3m (on loan)","Cost To Borrow","Exchange Reported SI","Estimated Short Interest","Dividends","hidden"
"10-Nov-11",,,,,,,,,,
"15-Dec-11",,,,,,,,,,
"18-Jan-12",,,,,,,,,,
"13-Feb-12",,,,,,,,,,
"15-Mar-12",,,,,,,,,,
"17-Apr-12",,,,,,,,,,
"11-May-12",,,,,,,,,,
"15-Jun-12",,,,,,,,,,
"09-Jul-12",,,,,,,,,,
"13-Aug-12",,,,,,,,,,
"17-Sep-12",,,,,,,,,,
"01-Oct-12",,,,,,,,,,
"13-Nov-12",,,,,,,,,,
"17-Dec-12",,,,,,,,,,
"16-Jan-13",,,,,,,,,,
"13-Feb-13",,,,,,,,,,
"15-Mar-13",,,,,,,,,,
"08-Apr-13",,,,,,,,,,
"13-May-13",,,,,,,,,,
"17-Jun-13",,,,,,,,,,
"01-Jul-13",,,,,,,,,,
"13-Aug-13",,,,,,,,,,
"16-Sep-13",,,,,,,,,,
"01-Oct-13",,,,,,,,,,
"13-Nov-13",,,,,,,,,,
"16-Dec-13",,,,,,,,,,
"15-Jan-14",,,,,,,,,,
"13-Feb-14",,,,,,,,,,
"17-Mar-14",,,,,,,,,,
"01-Apr-14",,,,,,,,,,
"13-May-14",,,,,,,,,,
"16-Jun-14",,,,,,,,,,
"01-Jul-14",,,,,,,,,,
"13-Aug-14",,,,,,,,,,
"15-Sep-14",,,,,,,,,,
"01-Oct-14",,,,,,,,,,
"13-Nov-14",,,,,,,,,,
"15-Dec-14",,,,,,,,,,
"02-Jan-15",9.56,9.6,9.52,9.6,52090
"05-Jan-15",9.6,9.7,9.6,9.63,46980
"06-Jan-15",9.65,9.73,9.57,9.57,58236
"07-Jan-15",9.62,9.74,9.56,9.72,45949
"08-Jan-15",9.75,9.8,9.74,9.79,49081
"09-Jan-15",9.74,9.83,9.73,9.79,24345
"12-Jan-15",9.8,9.8,9.64,9.71,42038
"13-Jan-15",9.73,9.78,9.7,9.74,60197
"14-Jan-15",9.65,9.77,9.65,9.77,61932
"15-Jan-15",9.72,9.74,9.48,9.48,84989
"16-Jan-15",9.49,9.65,9.49,9.64,40519
"20-Jan-15",9.64,9.6544,9.5,9.51,56080
"21-Jan-15",9.51,9.53,9.47,9.48,47600,,,,,
"22-Jan-15",9.55,9.788,9.49,9.78,84236
"23-Jan-15",9.77,9.77,9.6101,9.64,33737
"26-Jan-15",9.6,9.73,9.57,9.7,57899
"27-Jan-15",9.65,9.73,9.58,9.64,58676
"28-Jan-15",9.67,9.67,9.57,9.59,72234
"29-Jan-15",9.57,9.67,9.54,9.6,88204
"30-Jan-15",9.57,9.7,9.57,9.63,115772
"02-Feb-15",9.63,9.63,9.47,9.53,88948
"03-Feb-15",9.58,9.69,9.55,9.65,39840
"04-Feb-15",9.6,9.69,9.6,9.65,52825
"05-Feb-15",9.65,9.76,9.65,9.73,53144
"06-Feb-15",9.71,9.71,9.571,9.65,82035
"09-Feb-15",9.61,9.73,9.562,9.58,52606
"10-Feb-15",9.63,9.7,9.52,9.68,63559
"11-Feb-15",9.62,9.7,9.6,9.67,90901
"12-Feb-15",9.49,9.59,9.49,9.52,67063,,,,,
"13-Feb-15",9.49,9.56,9.42,9.54,59274
"17-Feb-15",9.52,9.59,9.47,9.47,61521
"18-Feb-15",9.5,9.55,9.44,9.51,95779
"19-Feb-15",9.51,9.54,9.48,9.5,66366
"20-Feb-15",9.51,9.55,9.48,9.52,41897
"23-Feb-15",9.5,9.58,9.48,9.55,44678
"24-Feb-15",9.51,9.52,9.48,9.51,42639
"25-Feb-15",9.5,9.57,9.48,9.53,60226
"26-Feb-15",9.51,9.56,9.4,9.44,112558
"27-Feb-15",9.49,9.54,9.44,9.46,120780
"02-Mar-15",9.43,9.6,9.43,9.58,69993
"03-Mar-15",9.59,9.59,9.41,9.52,119081
"04-Mar-15",9.47,9.55,9.43,9.44,62734
"05-Mar-15",9.43,9.5,9.42,9.44,47370
"06-Mar-15",9.44,9.44,9.3,9.33,110507
"09-Mar-15",9.28,9.36,9.27,9.34,84309
"10-Mar-15",9.32,9.44,9.27,9.42,84272
"11-Mar-15",9.44,9.44,9.36,9.4,105396
"12-Mar-15",9.44,9.6,9.397,9.54,121337
"13-Mar-15",9.5,9.52,9.43,9.52,97585
"16-Mar-15",9.54,9.6,9.402,9.6,127880,,,,,
"17-Mar-15",9.59,9.69,9.57,9.67,69664
"18-Mar-15",9.67,9.98,9.62,9.92,115207
"19-Mar-15",9.86,10,9.86,9.99,213835
"20-Mar-15",10.01,10.28,9.98,10.24,171067
"23-Mar-15",10.27,10.4,10.22,10.38,151604
"24-Mar-15",10.37,10.4,10.34,10.37,73191
"25-Mar-15",10.37,10.38,10.03,10.04,111278
"26-Mar-15",9.98,10.14,9.97,10.08,104931
"27-Mar-15",10.08,10.08,10,10,80736
"30-Mar-15",10,10.28,9.98,10.26,68151
"31-Mar-15",10.22,10.26,10,10.07,132897
"01-Apr-15",10.07,10.37,10.004,10.35,88169,,,,,
"02-Apr-15",10.33,10.35,10.21,10.24,73906
"06-Apr-15",10.23,10.4,10.21,10.39,45117
"07-Apr-15",10.4,10.5,10.35,10.44,93260
"08-Apr-15",10.48,10.63,10.45,10.62,111074
"09-Apr-15",10.64,10.64,10.31,10.47,82133
"10-Apr-15",10.49,10.54,10.356,10.44,78218
"13-Apr-15",10.38,10.45,10.35,10.42,38493
"14-Apr-15",10.38,10.41,10.31,10.33,53513
"15-Apr-15",10.31,10.33,10.15,10.23,94663
"16-Apr-15",10.25,10.27,10.182,10.27,41774
"17-Apr-15",10.2,10.25,10.14,10.17,55223
"20-Apr-15",10.2,10.3,10.17,10.26,42455
"21-Apr-15",10.26,10.3,10.17,10.22,40221
"22-Apr-15",10.2,10.28,10.172,10.24,56798
"23-Apr-15",10.2,10.29,10.2,10.24,50796
"24-Apr-15",10.24,10.33,10.22,10.33,44545
"27-Apr-15",10.33,10.47,10.24,10.39,99903
"28-Apr-15",10.4,10.42,10.28,10.42,115668
"29-Apr-15",10.38,10.38,10.26,10.32,47658
"30-Apr-15",10.27,10.313,10.03,10.07,91484
"01-May-15",10.07,10.25,10.07,10.14,57095
"04-May-15",10.18,10.18,10.12,10.13,47066
"05-May-15",10.1,10.1105,9.95,9.97,80828
"06-May-15",10.03,10.06,9.9161,10,61842
"07-May-15",10.1,10.12,10.01,10.07,46101
"08-May-15",10.21,10.27,10.09,10.24,47617
"11-May-15",10.26,10.29,10.2,10.22,71765
"12-May-15",10.12,10.18,9.98,10.16,61191
"13-May-15",9.98,10.06,9.91,9.96,93168,,,,,
"14-May-15",9.98,10.01,9.95,10,46226
"15-May-15",9.95,10,9.9,9.96,91303
"18-May-15",10,10,9.91,9.92,51611
"19-May-15",9.92,9.92,9.82,9.87,35637
"20-May-15",9.87,9.89,9.8,9.87,42509
"21-May-15",9.88,9.88,9.8,9.85,38288
"22-May-15",9.85,9.93,9.78,9.89,68837
"26-May-15",9.87,9.89,9.79,9.84,54846
"27-May-15",9.81,9.9,9.81,9.85,59590
"28-May-15",9.85,9.91,9.85,9.9,46827
"29-May-15",9.88,9.91,9.85,9.87,62322
"01-Jun-15",9.89,9.9,9.73,9.76,97448
"02-Jun-15",9.71,9.75,9.68,9.72,45798
"03-Jun-15",9.71,9.71,9.61,9.64,81941
"04-Jun-15",9.62,9.69,9.62,9.67,40134
"05-Jun-15",9.62,9.65,9.57,9.63,49451
"08-Jun-15",9.6,9.67,9.57,9.64,48579
"09-Jun-15",9.66,9.68,9.56,9.59,56137
"10-Jun-15",9.58,9.65,9.5,9.55,109135
"11-Jun-15",9.55,9.59,9.47,9.51,122829
"12-Jun-15",9.46,9.53,9.42,9.47,116055
"15-Jun-15",9.53,9.537,9.39,9.4,171082,,,,,
"16-Jun-15",9.4,9.53,9.4,9.53,164926
"17-Jun-15",9.54,9.57,9.52,9.57,61645
"18-Jun-15",9.57,9.73,9.57,9.73,83460
"19-Jun-15",9.74,10.04,9.72,9.97,200956
"22-Jun-15",10,10.11,10,10.02,54487
"23-Jun-15",10,10,9.8,9.9,77176
"24-Jun-15",9.9,9.91,9.82,9.82,36083
"25-Jun-15",9.89,9.89,9.78,9.78,61766
"26-Jun-15",9.76,9.99,9.735,9.97,236494
"29-Jun-15",9.94,10.098,9.87,9.87,80706
"30-Jun-15",9.91,9.91,9.79,9.8,52454
"01-Jul-15",9.83,9.92,9.82,9.85,64011,,,,,
"02-Jul-15",9.88,9.95,9.83,9.84,30431
"06-Jul-15",9.8,10.01,9.8,9.97,65446
"07-Jul-15",9.97,10.06,9.97,10,99715
"08-Jul-15",9.94,10.0599,9.92,10,56648
"09-Jul-15",10.07,10.08,9.92,9.94,44748
"10-Jul-15",9.95,10.03,9.92,10,62754
"13-Jul-15",9.97,10.09,9.94,9.97,100556
"14-Jul-15",9.93,9.96,9.84,9.94,89373
"15-Jul-15",9.85,9.92,9.82,9.87,34923
"16-Jul-15",9.87,9.89,9.74,9.76,137924
"17-Jul-15",9.75,9.9,9.75,9.84,83831
"20-Jul-15",9.88,9.88,9.73,9.79,83514
"21-Jul-15",9.85,9.91,9.752,9.82,46974
"22-Jul-15",9.82,9.88,9.74,9.75,19439
"23-Jul-15",9.78,9.78,9.59,9.59,66016
"24-Jul-15",9.56,9.6,9.5,9.54,77696
"27-Jul-15",9.55,9.605,9.5,9.52,61422
"28-Jul-15",9.54,9.55,9.44,9.5,71863
"29-Jul-15",9.5,9.64,9.48,9.59,79299
"30-Jul-15",9.6,9.61,9.53,9.54,23651
"31-Jul-15",9.54,9.64,9.52,9.6,107584
"03-Aug-15",9.52,9.59,9.465,9.56,50000
"04-Aug-15",9.55,9.64,9.5,9.51,34397
"05-Aug-15",9.31,9.56,9.31,9.49,120057
"06-Aug-15",9.5,9.59,9.5,9.54,33574
"07-Aug-15",9.47,9.57,9.4399,9.5,50263
"10-Aug-15",9.51,9.57,9.44,9.54,85780
"11-Aug-15",9.48,9.5299,9.46,9.51,58234
"12-Aug-15",9.45,9.56,9.42,9.49,83962
"13-Aug-15",9.31,9.52,9.31,9.49,85853,,,,,
"14-Aug-15",9.43,9.52,9.33,9.52,74385
"17-Aug-15",9.47,9.55,9.45,9.55,91808
"18-Aug-15",9.5,9.69,9.5,9.65,63179
"19-Aug-15",9.67,9.69,9.5236,9.59,28013
"20-Aug-15",9.57,9.606,9.47,9.49,41117
"21-Aug-15",9.46,9.54,9.32,9.48,74364
"24-Aug-15",9.42,9.55,9.27,9.31,147853
"25-Aug-15",9.52,9.52,9.24,9.25,166042
"26-Aug-15",9.4,9.5,9.25,9.5,166813
"27-Aug-15",9.49,9.53,9.31,9.44,83382
"28-Aug-15",9.37,9.49,9.37,9.42,58942
"31-Aug-15",9.38,9.45,9.27,9.35,80860
"01-Sep-15",9.28,9.33,9.24,9.29,106184
"02-Sep-15",9.35,9.38,9.25,9.32,48624
"03-Sep-15",9.39,9.39,9.29,9.29,92638
"04-Sep-15",9.23,9.28,9.163,9.2,70522
"08-Sep-15",9.26,9.28,9.16,9.2,107030
"09-Sep-15",9.3,9.3,9.13,9.13,60754
"10-Sep-15",9.14,9.19,9.0248,9.08,73694
"11-Sep-15",9.04,9.14,9.04,9.12,59776
"14-Sep-15",9.05,9.19,9.05,9.19,74612
"15-Sep-15",9.2,9.23,9.16,9.17,76132,,,,,
"16-Sep-15",9.2,9.21,9.09,9.12,100978
"17-Sep-15",9.14,9.21,9.02,9.11,192430
"18-Sep-15",9.01,9.27,9.01,9.26,101949
"21-Sep-15",9.22,9.65,9.1832,9.59,86321
"22-Sep-15",9.54,9.63,9.54,9.59,51768
"23-Sep-15",9.63,9.71,9.44,9.65,48817
"24-Sep-15",9.57,9.6025,9.42,9.55,66138
"25-Sep-15",9.59,9.59,9.4,9.4,50588
"28-Sep-15",9.39,9.39,9.15,9.19,86608
"29-Sep-15",9.18,9.31,9.1,9.19,67717
"30-Sep-15",9.25,9.34,9.11,9.3,71716
"01-Oct-15",9.34,9.44,9.25,9.31,59377,,,,,
"02-Oct-15",9.27,9.42,9.2692,9.42,80870
"05-Oct-15",9.4,9.66,9.4,9.65,62912
"06-Oct-15",9.65,9.6899,9.6,9.6,39275
"07-Oct-15",9.69,9.86,9.65,9.84,65547
"08-Oct-15",9.83,9.94,9.83,9.93,91153
"09-Oct-15",9.9,10,9.9,9.99,33018
"12-Oct-15",9.99,9.99,9.8601,9.97,40835
"13-Oct-15",9.97,9.99,9.8897,9.95,62846
"14-Oct-15",9.91,9.95,9.83,9.86,41223
"15-Oct-15",9.85,9.97,9.765,9.97,73417
"16-Oct-15",9.97,9.99,9.9,9.97,70761
"19-Oct-15",9.97,10.25,9.953,10.25,68143
"20-Oct-15",10.23,10.37,10.21,10.34,90566
"21-Oct-15",10.33,10.37,10.27,10.27,52918
"22-Oct-15",10.25,10.55,10.16,10.51,106840
"23-Oct-15",10.5,10.5,10.21,10.33,77764
"26-Oct-15",10.34,10.34,10.16,10.32,38449
"27-Oct-15",10.33,10.33,10.02,10.06,53559
"28-Oct-15",10.04,10.2,9.92,10.16,65896
"29-Oct-15",10.19,10.2,10.13,10.14,29234
"30-Oct-15",10.18,10.18,9.76,9.89,111368
"02-Nov-15",9.91,10.05,9.88,10,43545
"03-Nov-15",10.04,10.04,9.79,9.95,36578
"04-Nov-15",9.99,9.99,9.85,9.9,34048
"05-Nov-15",9.92,10.05,9.85,10.03,53697
"06-Nov-15",9.96,9.97,9.85,9.93,66944
"09-Nov-15",9.88,9.89,9.62,9.65,55893
"10-Nov-15",9.64,9.67,9.63,9.65,71646
"11-Nov-15",9.68,9.72,9.66,9.69,23724
"12-Nov-15",9.54,9.54,9.4,9.42,40113,,,,,
"13-Nov-15",9.38,9.44,9.35,9.35,50814
"16-Nov-15",9.37,9.4,9.35,9.37,87858
"17-Nov-15",9.34,9.43,9.34,9.35,30177
"18-Nov-15",9.44,9.44,9.34,9.38,31349
"19-Nov-15",9.39,9.43,9.35,9.37,34018
"20-Nov-15",9.4,9.45,9.3716,9.4,67529
"23-Nov-15",9.35,9.45,9.35,9.41,39051
"24-Nov-15",9.35,9.49,9.33,9.48,48941
"25-Nov-15",9.47,9.695,9.47,9.64,56935
"27-Nov-15",9.62,9.75,9.62,9.7,19195
"30-Nov-15",9.7,9.88,9.7,9.8,94960
"01-Dec-15",9.84,9.89,9.8108,9.87,44705
"02-Dec-15",9.84,9.85,9.67,9.69,31992
"03-Dec-15",9.69,9.72,9.5,9.58,37125
"04-Dec-15",9.57,9.73,9.57,9.67,25474
"07-Dec-15",9.62,9.66,9.59,9.6,41131
"08-Dec-15",9.6,9.64,9.56,9.63,21551
"09-Dec-15",9.58,9.71,9.52,9.67,27679
"10-Dec-15",9.66,9.68,9.51,9.53,25423
"11-Dec-15",9.4,9.57,9.36,9.44,42648
"14-Dec-15",9.48,9.67,9.46,9.54,65990
"15-Dec-15",9.74,9.97,9.5891,9.95,82525,,,,,
"16-Dec-15",10,10.19,9.966,10.18,93434
"17-Dec-15",10.23,10.24,10.135,10.23,38744
"18-Dec-15",10.17,10.35,10.1048,10.34,263004
"21-Dec-15",10.46,10.46,10.11,10.19,59498
"22-Dec-15",10.14,10.27,10.1,10.14,40916
"23-Dec-15",10.13,10.21,10.12,10.17,51475
"24-Dec-15",10.2,10.25,10.15,10.17,17659
"28-Dec-15",10.13,10.18,10.01,10.16,30006
"29-Dec-15",10.19,10.28,10.19,10.22,27719
"30-Dec-15",10.2,10.29,10.1577,10.22,41172
"31-Dec-15",10.23,10.29,10.09,10.12,45775
"04-Jan-16",9.96,10.095,9.7,9.78,93389
"05-Jan-16",9.81,10.075,9.8,9.99,38245
"06-Jan-16",9.85,10.1,9.78,10.05,51655
"07-Jan-16",9.87,9.96,9.8525,9.86,40044
"08-Jan-16",9.87,9.92,9.75,9.75,47014
"11-Jan-16",9.78,9.86,9.75,9.81,27501
"12-Jan-16",9.88,9.88,9.59,9.67,70997
"13-Jan-16",9.64,9.68,9.39,9.4,81836
"14-Jan-16",9.45,9.5,9.3,9.37,67855
"15-Jan-16",9.25,9.383,9.15,9.29,77132
"19-Jan-16",9.38,9.45,9.27,9.42,45646
"20-Jan-16",9.32,9.62,9.1,9.51,109266,,,,,
"21-Jan-16",9.6,9.7,9.46,9.61,54131
"22-Jan-16",9.4,9.88,9.4,9.76,95513
"25-Jan-16",9.76,9.76,9.48,9.49,55555
"26-Jan-16",9.6,9.67,9.4502,9.5,55629
"27-Jan-16",9.44,9.44,9.22,9.25,68392
"28-Jan-16",9.31,9.44,9.22,9.22,43626
"29-Jan-16",9.3,9.45,9.3,9.43,171829
"01-Feb-16",9.38,9.43,9.31,9.39,58265
"02-Feb-16",9.43,9.43,9.2,9.24,68734
"03-Feb-16",9.32,9.33,9.09,9.2,110463
"04-Feb-16",9.21,9.39,9.13,9.22,67823
"05-Feb-16",9.22,9.26,9.12,9.15,81196
"08-Feb-16",9.16,9.28,9.06,9.24,77365
"09-Feb-16",9.2,9.36,9.1,9.3,60786
"10-Feb-16",9.33,9.39,9.2,9.23,40770
"11-Feb-16",9,9.2995,9,9.22,67546,,,,,
"12-Feb-16",9.29,9.29,9.05,9.21,31961
"16-Feb-16",9.25,9.4,9.23,9.32,58551
"17-Feb-16",9.33,9.4,9.22,9.28,60619
"18-Feb-16",9.28,9.4,9.23,9.35,66223
"19-Feb-16",9.35,9.62,9.3463,9.42,59612
"22-Feb-16",9.42,9.57,9.38,9.45,71353
"23-Feb-16",9.49,9.55,9.32,9.34,46771
"24-Feb-16",9.27,9.57,9.24,9.41,49074
"25-Feb-16",9.49,9.57,9.49,9.53,23887
"26-Feb-16",9.56,9.58,9.43,9.54,44231
"29-Feb-16",9.58,9.63,9.35,9.39,51467
"01-Mar-16",9.4,9.58,9.37,9.53,35284
"02-Mar-16",9.47,9.59,9.46,9.58,27990
"03-Mar-16",9.59,9.61,9.5301,9.61,31903
"04-Mar-16",9.61,9.7,9.46,9.67,42627
"07-Mar-16",9.67,9.81,9.67,9.78,29307
"08-Mar-16",9.72,9.79,9.61,9.64,53262
"09-Mar-16",9.64,9.86,9.49,9.64,34039
"10-Mar-16",9.63,10.06,9.63,9.9,98402
"11-Mar-16",10.1,10.44,9.81,10.32,159381
"14-Mar-16",10.38,10.38,10.3,10.34,52947
"15-Mar-16",10.4,10.45,10.34,10.38,81701,,,,,
"16-Mar-16",10.38,10.48,10.3,10.44,69049
"17-Mar-16",10.38,10.7,10.38,10.65,130998
"18-Mar-16",10.7,10.79,9.95,9.96,535444
"21-Mar-16",10.05,10.2724,10.01,10.03,91747
"22-Mar-16",10.03,10.04,9.79,9.82,88074
"23-Mar-16",9.8,9.9613,9.69,9.7,56489
"24-Mar-16",9.68,9.95,9.65,9.87,72683
"28-Mar-16",9.85,9.93,9.74,9.76,33894
"29-Mar-16",9.72,10.09,9.72,10.04,83685
"30-Mar-16",10.07,10.14,10,10,45920
"31-Mar-16",10.1,10.1,9.9,9.92,42693
"01-Apr-16",9.85,9.995,9.7312,9.93,74775
"04-Apr-16",9.92,9.96,9.81,9.88,36092,,,,,
"05-Apr-16",9.83,9.88,9.76,9.77,51164
"06-Apr-16",9.78,9.8,9.71,9.78,53478
"07-Apr-16",9.73,9.84,9.55,9.61,81621
"08-Apr-16",9.65,9.7,9.55,9.64,73037
"11-Apr-16",9.72,9.79,9.68,9.75,66650
"12-Apr-16",9.8,9.83,9.63,9.7,94908
"13-Apr-16",9.8,9.8,9.65,9.78,83939
"14-Apr-16",9.79,9.79,9.57,9.7,65810
"15-Apr-16",9.67,9.9,9.65,9.83,63627
"18-Apr-16",9.88,10,9.77,9.97,59108
"19-Apr-16",9.96,10,9.9001,9.94,32037
"20-Apr-16",9.94,9.95,9.84,9.88,40445
"21-Apr-16",9.88,9.92,9.75,9.78,55866
"22-Apr-16",9.81,9.92,9.78,9.9,65680
"25-Apr-16",9.91,9.9599,9.78,9.82,43724
"26-Apr-16",9.86,9.95,9.79,9.92,69200
"27-Apr-16",9.93,9.9599,9.86,9.95,42244
"28-Apr-16",9.84,9.98,9.8,9.82,66736
"29-Apr-16",9.82,9.84,9.72,9.8,67923
"02-May-16",9.9,9.98,9.8,9.89,73973
"03-May-16",9.81,9.83,9.65,9.72,83281
"04-May-16",9.73,9.88,9.71,9.83,76512
"05-May-16",9.84,9.88,9.7,9.8,61345
"06-May-16",9.81,9.92,9.76,9.84,70612
"09-May-16",9.79,9.99,9.76,9.89,90716
"10-May-16",9.87,10.06,9.87,9.97,208389
"11-May-16",10,10.09,9.84,10.01,152690
"12-May-16",9.81,9.92,9.71,9.84,129447,,,,,
"13-May-16",9.88,9.99,9.76,9.89,124814
"16-May-16",9.88,9.95,9.88,9.9,64280
"17-May-16",9.9,9.9,9.66,9.68,121856
"18-May-16",9.68,9.75,9.6,9.68,110543
"19-May-16",9.69,9.715,9.53,9.6,57212
"20-May-16",9.65,9.7,9.56,9.69,52095
"23-May-16",9.72,9.85,9.61,9.74,86017
"24-May-16",9.76,9.93,9.76,9.88,84015
"25-May-16",9.83,9.83,9.74,9.78,38379
"26-May-16",9.79,9.84,9.74,9.81,35937
"27-May-16",9.85,10.01,9.84,9.98,72446
"31-May-16",10.01,10.01,9.82,9.94,87895
"01-Jun-16",9.96,10,9.92,9.95,30817
"02-Jun-16",9.93,10.1,9.92,10.09,39586
"03-Jun-16",10.07,10.18,10.06,10.15,48523
"06-Jun-16",10.15,10.19,10.08,10.13,29354
"07-Jun-16",10.17,10.28,10.15,10.19,84195
"08-Jun-16",10.24,10.5601,10.17,10.54,151526
"09-Jun-16",10.46,10.5699,10.45,10.5,44529
"10-Jun-16",10.4,10.49,10.39,10.48,65925
"13-Jun-16",10.45,10.58,10.43,10.57,103633
"14-Jun-16",10.55,10.6,10.46,10.56,62584
"15-Jun-16",10.56,10.6,10.43,10.56,136860,,,,,
"16-Jun-16",10.57,10.73,10.49,10.68,157251
"17-Jun-16",10.7,10.82,10.52,10.78,327646
"20-Jun-16",10.81,11.085,10.81,10.93,189845
"21-Jun-16",10.94,11.03,10.88,10.97,90038
"22-Jun-16",10.94,11,10.87,10.96,53267
"23-Jun-16",11.04,11.2,10.97,11.16,104868
"24-Jun-16",10.89,11.14,10.81,10.97,367237
"27-Jun-16",10.87,11.04,10.8,10.91,164463
"28-Jun-16",10.95,11.19,10.82,11.06,151367
"29-Jun-16",11.1,11.16,11.06,11.08,75581
"30-Jun-16",11.09,11.26,10.9645,11.25,186838
"01-Jul-16",11.25,12.03,11.25,11.75,219632,,,,,
"05-Jul-16",11.7,12.17,11.6,12.15,185176
"06-Jul-16",12.06,12.3,12.06,12.29,142988
"07-Jul-16",12.26,12.4,12.21,12.31,183977
"08-Jul-16",12.28,12.65,12.24,12.64,184492
"11-Jul-16",12.64,12.64,12.43,12.57,116051
"12-Jul-16",12.62,12.62,12.4,12.49,153244
"13-Jul-16",12.5,12.5,12.2,12.32,169962
"14-Jul-16",12.38,12.38,12.05,12.07,117108
"15-Jul-16",12.13,12.23,11.96,12.22,81830
"18-Jul-16",12.22,12.33,12.19,12.33,63618
"19-Jul-16",12.21,12.44,12.21,12.4,73362
"20-Jul-16",12.42,12.42,12.241,12.34,56123
"21-Jul-16",12.35,12.42,12.24,12.31,51947
"22-Jul-16",12.27,12.42,12.24,12.31,59777
"25-Jul-16",12.37,12.42,12.11,12.21,65574
"26-Jul-16",12.13,12.21,12.03,12.15,75712
"27-Jul-16",12.13,12.23,12.08,12.2,59086
"28-Jul-16",12.21,12.35,12.08,12.28,33110
"29-Jul-16",12.22,12.4,12.21,12.36,81079
"01-Aug-16",12.4,12.41,12.26,12.34,57799
"02-Aug-16",12.36,12.372,12.08,12.1,61297
"03-Aug-16",12.13,12.13,11.851,11.99,50320
"04-Aug-16",11.96,12.05,11.88,11.98,56968
"05-Aug-16",12.25,12.37,12.1,12.25,116838
"08-Aug-16",12.25,12.57,12.16,12.55,95177
"09-Aug-16",12.55,12.7,12.37,12.69,106859
"10-Aug-16",12.69,12.7,12.41,12.45,103333
"11-Aug-16",12.23,12.25,12.03,12.1,92857,,,,,
"12-Aug-16",12.02,12.143,12.02,12.11,82778
"15-Aug-16",12.07,12.11,12.01,12.03,100537
"16-Aug-16",11.97,11.97,11.8,11.86,78186
"17-Aug-16",11.82,11.93,11.8,11.93,47843
"18-Aug-16",11.93,12.04,11.88,12.03,59662
"19-Aug-16",11.98,11.98,11.75,11.77,57700
"22-Aug-16",11.87,11.89,11.72,11.85,54384
"23-Aug-16",11.84,12,11.82,11.99,76799
"24-Aug-16",11.94,12.14,11.77,11.91,149653
"25-Aug-16",11.85,12.02,11.79,11.99,170922
"26-Aug-16",11.98,12.0239,11.71,11.74,58902
"29-Aug-16",11.75,11.92,11.75,11.78,63418
"30-Aug-16",11.76,11.9,11.7,11.73,80965
"31-Aug-16",11.72,11.89,11.7,11.84,92528
"01-Sep-16",11.78,12.01,11.71,11.99,79049
"02-Sep-16",12.01,12.25,11.98,12.09,118953
"06-Sep-16",12.06,12.125,11.97,11.98,73100
"07-Sep-16",12,12.19,11.98,12.17,163900
"08-Sep-16",12.16,12.29,12.08,12.17,81047
"09-Sep-16",12.03,12.16,11.7,11.7,142715
"12-Sep-16",11.71,11.9,11.7,11.86,121561
"13-Sep-16",11.71,11.8,11.49,11.5,104824
"14-Sep-16",11.48,11.6349,11.41,11.57,94062
"15-Sep-16",11.61,11.69,11.51,11.6,86334,,,,,
"16-Sep-16",11.62,11.8,11.43,11.8,226031
"19-Sep-16",11.87,11.98,11.75,11.97,83625
"20-Sep-16",11.99,12,11.89,11.91,62705
"21-Sep-16",11.96,12.0904,11.71,12.05,102749
"22-Sep-16",12.04,12.0995,11.95,12,145702
"23-Sep-16",11.91,12.25,11.8801,12.25,171809
"26-Sep-16",12.1,12.14,12.04,12.06,95404
"27-Sep-16",12.1,12.2,12.05,12.07,80501
"28-Sep-16",12.05,12.09,11.85,11.95,76807
"29-Sep-16",11.86,11.93,11.73,11.92,65890
"30-Sep-16",11.91,12.02,11.81,11.92,127394
"03-Oct-16",11.9,11.9,11.76,11.85,62178,,,,,
"04-Oct-16",11.83,11.91,11.6,11.65,65439
"05-Oct-16",11.67,11.67,11.48,11.52,99721
"06-Oct-16",11.5,11.6,11.28,11.51,61308
"07-Oct-16",11.51,11.6,11.51,11.53,40228
"10-Oct-16",11.51,11.63,11.419,11.59,59732
"11-Oct-16",11.55,11.57,11.45,11.48,51330
"12-Oct-16",11.48,11.75,11.48,11.74,71731
"13-Oct-16",11.68,11.77,11.59,11.71,58605
"14-Oct-16",11.67,11.83,11.55,11.74,66283
"17-Oct-16",11.62,11.77,11.62,11.73,72159
"18-Oct-16",11.77,12.07,11.71,11.95,91817
"19-Oct-16",11.97,12.29,11.92,12.2,164006
"20-Oct-16",12.22,12.43,12.2,12.4,122294
"21-Oct-16",12.28,12.535,12.28,12.44,113771
"24-Oct-16",12.54,12.7,12.26,12.44,83629
"25-Oct-16",12.41,12.47,12.279,12.44,87256
"26-Oct-16",12.33,12.34,12.14,12.14,108869
"27-Oct-16",12.16,12.18,11.97,12.02,81969
"28-Oct-16",12.01,12.1,11.91,11.96,46895
"31-Oct-16",12.06,12.16,11.97,12.12,58088
"01-Nov-16",12.13,12.13,11.75,11.76,84248
"02-Nov-16",11.8,11.8,11.5978,11.62,77453
"03-Nov-16",11.67,11.76,11.59,11.67,115343
"04-Nov-16",11.74,11.82,11.63,11.75,71633
"07-Nov-16",11.82,12.15,11.77,12.09,111059
"08-Nov-16",12.05,12.2455,12,12.23,93860
"09-Nov-16",12.14,12.27,11.75,12.27,147286
"10-Nov-16",11.97,12.27,11.47,12.22,159452,,,,,
"11-Nov-16",12.18,13.5,12.18,13.24,342712
"14-Nov-16",13.2,13.48,13.01,13.38,206837
"15-Nov-16",13.29,13.37,13.02,13.06,106846
"16-Nov-16",13.04,13.12,12.96,13,130475
"17-Nov-16",13.05,13.09,12.86,12.88,66420
"18-Nov-16",12.86,12.94,12.79,12.92,160288
"21-Nov-16",12.87,13.05,12.87,12.98,96691
"22-Nov-16",12.97,13.28,12.97,13.2,80529
"23-Nov-16",13.14,13.22,12.921,13.08,120115
"25-Nov-16",13.07,13.23,13.07,13.2,47449
"28-Nov-16",13.19,13.3,13.15,13.24,86622
"29-Nov-16",13.29,13.4,13.25,13.31,132901
"30-Nov-16",13.29,13.29,13.08,13.12,92455
"01-Dec-16",13.07,13.08,12.67,12.83,89192
"02-Dec-16",12.9,13.07,12.87,12.96,69640
"05-Dec-16",13.03,13.12,12.96,13.12,52640
"06-Dec-16",13.12,13.31,13.03,13.22,73885
"07-Dec-16",13.24,13.42,13.19,13.28,90069
"08-Dec-16",13.2,13.67,13.2,13.63,137859
"09-Dec-16",13.59,13.71,13.24,13.26,118163
"12-Dec-16",13.14,13.32,12.99,13.23,245066
"13-Dec-16",13.22,13.53,13.11,13.5,124790
"14-Dec-16",13.5,13.52,13.27,13.36,96478
"15-Dec-16",13.31,13.62,13.16,13.42,149739,,,,,
"16-Dec-16",13.43,13.85,13.43,13.77,350109
"19-Dec-16",13.8,14.59,13.77,14.49,206922
"20-Dec-16",14.55,14.75,14.34,14.64,169179
"21-Dec-16",14.64,14.87,14.32,14.38,223255
"22-Dec-16",14.38,14.43,14.2701,14.4,40557
"23-Dec-16",14.47,14.53,14.32,14.46,98458
"27-Dec-16",14.39,14.74,14.29,14.52,100237
"28-Dec-16",14.51,14.6,14.46,14.52,71364
"29-Dec-16",14.61,14.89,14.59,14.83,101066
"30-Dec-16",14.82,15.5,14.8,15.05,121489
"02-Jan-17",,,,,,2.320906
"03-Jan-17",15.12,15.17,14.82,14.97,152460,2.53385
"04-Jan-17",15.03,15.16,14.94,15.03,117265,2.238934
"05-Jan-17",14.95,14.95,14.66,14.74,107434,2.230297
"06-Jan-17",14.6,14.7081,14.5001,14.53,69494,2.21286
"09-Jan-17",14.58,14.66,14.3,14.35,81355,2.301138
"10-Jan-17",14.36,14.52,14.231,14.5,55408,2.36062
"11-Jan-17",14.4,14.49,14.2724,14.46,49180,2.349065
"12-Jan-17",14.4,14.4,14.07,14.22,65468,2.376729
"13-Jan-17",14.23,14.44,14.2,14.36,87138
"17-Jan-17",14.22,14.31,13.97,14.12,70973
"18-Jan-17",14.21,14.3,14.1199,14.23,62056
"19-Jan-17",14.22,14.27,14,14.25,86237
"20-Jan-17",14.2,14.29,14.07,14.25,54073,,,,,
"23-Jan-17",14.05,14.71,14.05,14.6,108617
"24-Jan-17",14.61,15.02,14.5,14.89,86032
"25-Jan-17",14.88,15,14.82,14.96,78146
"26-Jan-17",14.96,15,14.9,14.93,100655
"27-Jan-17",14.9,15,14.67,14.96,156103
"30-Jan-17",14.96,14.97,14.68,14.72,154823
"31-Jan-17",14.78,14.86,14.61,14.65,137611
"01-Feb-17",14.66,14.82,14.55,14.68,94642
"02-Feb-17",14.7,14.76,14.57,14.71,55097
"03-Feb-17",14.8,14.89,14.7001,14.87,72976
"06-Feb-17",14.92,14.92,14.665,14.69,73317
"07-Feb-17",14.77,14.92,14.67,14.82,91794
"08-Feb-17",14.88,14.94,14.63,14.81,78834
"09-Feb-17",14.87,15,14.82,14.95,72679
"10-Feb-17",14.86,15.1,14.808,15.01,176876
"13-Feb-17",14.86,14.9,14.585,14.64,67003,,,,,
"14-Feb-17",14.54,14.588,14.35,14.4,70168
"15-Feb-17",14.24,14.38,14.03,14.21,97370
"16-Feb-17",14.25,14.38,14.18,14.22,82969
"17-Feb-17",14.27,14.37,14.1012,14.3,86386
"21-Feb-17",14.36,14.57,14.3,14.57,141155
"22-Feb-17",14.57,14.58,14.46,14.52,43098
"23-Feb-17",14.53,14.67,14.41,14.64,95973
"24-Feb-17",14.63,14.685,14.56,14.64,101134
"27-Feb-17",14.64,14.81,14.6,14.79,154004
"28-Feb-17",14.73,14.92,14.71,14.85,205254
"01-Mar-17",14.85,15.01,14.79,14.91,125653
"02-Mar-17",14.86,14.9,14.74,14.81,62254
"03-Mar-17",14.73,14.74,14.36,14.65,76432
"06-Mar-17",14.65,14.65,14.38,14.49,49307
"07-Mar-17",14.49,14.54,14.31,14.33,40455
"08-Mar-17",14.23,14.27,13.94,13.95,80442
"09-Mar-17",14.01,14.35,13.821,13.91,151278
"10-Mar-17",13.97,13.99,13.65,13.91,153867
"13-Mar-17",13.89,14.11,13.89,13.99,87277
"14-Mar-17",13.92,14,13.76,13.84,80193
"15-Mar-17",13.85,14.33,13.82,14.24,249839,,,,,
"16-Mar-17",14.15,14.47,14.08,14.3,127537
"17-Mar-17",14.3,14.44,14.225,14.37,179618
"20-Mar-17",14.39,14.4,14.16,14.19,60625
"21-Mar-17",14.27,14.3,13.99,14.01,99386
"22-Mar-17",14.06,14.466,13.81,14.31,192215
"23-Mar-17",14.3,14.97,14.2,14.92,197627
"24-Mar-17",14.9,15.35,14.79,14.85,124513
"27-Mar-17",14.8,14.99,14.66,14.93,98756
"28-Mar-17",14.9,14.99,14.75,14.96,85168
"29-Mar-17",14.84,15.08,14.84,14.92,73260
"30-Mar-17",14.94,15,14.8,14.98,71163
"31-Mar-17",14.98,15.26,14.93,15.21,179652
"03-Apr-17",15.21,15.21,15.1,15.12,71930,,,,,
"04-Apr-17",15.13,15.15,14.9301,15.04,117881
"05-Apr-17",15.09,15.15,14.95,14.96,113478
"06-Apr-17",14.98,15.27,14.84,15.26,102060
"07-Apr-17",15.26,15.46,15.26,15.38,152901
"10-Apr-17",15.39,15.54,15.06,15.45,109150
"11-Apr-17",15.42,15.57,15.42,15.49,134463
"12-Apr-17",15.45,15.45,15.29,15.34,91078
"13-Apr-17",15.32,15.38,15.11,15.3,100568
"17-Apr-17",15.31,15.46,15.31,15.46,109482
"18-Apr-17",15.44,15.52,15.44,15.49,136794
"19-Apr-17",15.5,15.6792,15.46,15.56,318695
"20-Apr-17",15.58,15.64,15.4267,15.6,155946
"21-Apr-17",15.6,15.74,15.58,15.62,210696
"24-Apr-17",15.75,15.75,15.4,15.54,127555
"25-Apr-17",15.58,15.7,15.5448,15.65,290219
"26-Apr-17",15.66,16.15,15.6,16.06,340667
"27-Apr-17",16.1,16.26,16.1,16.14,150318
"28-Apr-17",16.1,16.13,15.9,16.02,127178
"01-May-17",16.02,16.3,16,16.28,92705
"02-May-17",16.29,16.3,15.98,16.01,102038
"03-May-17",16.01,16.01,15.72,15.82,119715
"04-May-17",15.83,16.02,15.44,15.74,99715
"05-May-17",15.78,16.21,15.65,16.14,120815
"08-May-17",16.14,16.3,16.03,16.25,127876
"09-May-17",16.19,16.38,16.145,16.36,196166
"10-May-17",15.86,17.14,15.67,16.98,374518
"11-May-17",16.77,17.16,16.76,17.01,332766,,,,,
"12-May-17",17.01,17.04,16.3,16.36,395062
"15-May-17",16.4,16.435,16.07,16.14,291422
"16-May-17",16.26,16.56,16.24,16.41,351684
"17-May-17",16.42,16.48,16.33,16.33,185078
"18-May-17",16.31,16.52,16.05,16.44,207492
"19-May-17",16.48,16.59,16.35,16.5,160153
"22-May-17",16.54,16.56,16.389,16.46,224188
"23-May-17",16.46,16.58,16.28,16.35,201700
"24-May-17",16.4,17.1701,16.4,17.05,378092
"25-May-17",17.05,17.25,16.9,17.09,417229
"26-May-17",17.13,17.31,16.99,17.24,314105
"30-May-17",17.24,17.42,17.1912,17.27,341716
"31-May-17",17.36,17.6,16.68,16.7,1826611
"01-Jun-17",16.68,17.07,16.56,17.04,369893
"02-Jun-17",17.07,17.9,17.07,17.89,408953
"05-Jun-17",17.85,17.85,17.53,17.72,196789
"06-Jun-17",17.7,17.71,17.4,17.46,230083
"07-Jun-17",17.49,17.54,17.3,17.53,137689
"08-Jun-17",17.58,17.77,17.28,17.45,248880
"09-Jun-17",17.37,17.58,17.29,17.4,166791
"12-Jun-17",17.36,17.41,17.225,17.31,169474
"13-Jun-17",17.3,17.3,17.105,17.25,138656
"14-Jun-17",17.15,17.41,17.13,17.32,175501
"15-Jun-17",17.21,17.48,17.17,17.42,228211,,,,,
"16-Jun-17",17.35,17.42,17.18,17.4,332269
"19-Jun-17",17.4,17.5,17.34,17.42,209767
"20-Jun-17",17.44,17.48,17.2,17.29,133082
"21-Jun-17",17.24,17.35,17.06,17.2,164239
"22-Jun-17",17.27,17.33,17.02,17.12,119334
"23-Jun-17",17.12,17.32,17.11,17.21,614142
"26-Jun-17",17.32,17.32,17.17,17.27,115687
"27-Jun-17",17.21,17.21,16.92,17.18,181741
"28-Jun-17",17.24,17.3,17.0324,17.22,111557
"29-Jun-17",17.15,17.15,16.73,17.05,182578
"30-Jun-17",17.04,17.09,16.89,17.05,156797
"03-Jul-17",17.04,17.29,16.9,17.29,110168,2.585748,,,,
"04-Jul-17",,,,,,2.557842
"05-Jul-17",17.29,17.29,16.89,17.03,87031,2.568276
"06-Jul-17",17.01,17.01,16.666,16.72,85965,2.581013
"07-Jul-17",16.75,16.95,16.62,16.72,106835,2.654776
"10-Jul-17",16.71,16.79,16.56,16.79,190359,2.59488
"11-Jul-17",16.8,16.91,16.57,16.89,119280,2.512775
"12-Jul-17",16.93,17.12,16.84,16.98,117298,2.44958
"13-Jul-17",16.93,16.97,16.64,16.81,98078,2.192296
"14-Jul-17",16.78,16.91,16.03,16.53,274311,1.782314
"17-Jul-17",16.52,16.6,16.43,16.52,138680,1.774112
"18-Jul-17",16.5,16.65,16.5,16.58,116231,1.674964
"19-Jul-17",16.61,16.75,16.57,16.62,142969,1.549796
"20-Jul-17",16.72,16.77,16.48,16.54,92001,1.408657
"21-Jul-17",16.67,16.68,16.45,16.58,181709,1.401694
"24-Jul-17",16.48,16.7,16.47,16.66,146769,1.371378
"25-Jul-17",16.66,16.66,16.39,16.4,96445,1.297122
"26-Jul-17",16.4,16.59,16.35,16.54,179923,1.160963
"27-Jul-17",16.53,16.79,16.5,16.61,246482,1.125367
"28-Jul-17",16.61,16.68,16.51,16.58,134424,1.099289
"31-Jul-17",16.62,16.63,16.38,16.54,63070,1.079269
"01-Aug-17",16.59,16.62,16.26,16.49,86203,1.185302
"02-Aug-17",16.37,16.43,16.08,16.24,112584,1.196237
"03-Aug-17",16.25,16.29,16.19,16.25,205184,1.205154
"04-Aug-17",16.27,16.8,16.26,16.58,236367,1.225211
"07-Aug-17",16.58,16.58,16.05,16.17,118481,1.21071
"08-Aug-17",16.08,16.1275,15.66,15.74,176339,1.258494
"09-Aug-17",15.77,15.77,15.44,15.62,192987,1.207877
"10-Aug-17",15.54,15.5818,15.45,15.54,179775
"11-Aug-17",14.96,15.39,14.96,15.33,178427,,,,,
"14-Aug-17",15.35,15.46,14.25,15.43,184217
"15-Aug-17",15.43,15.47,15.2444,15.34,111448
"16-Aug-17",15.34,15.46,15.14,15.19,142577
"17-Aug-17",15.21,15.31,15.05,15.06,126275
"18-Aug-17",14.96,15.17,14.86,15.14,158254
"21-Aug-17",15.13,15.61,15.13,15.58,198213
"22-Aug-17",15.69,15.73,15.58,15.63,177724
"23-Aug-17",15.57,15.82,15.52,15.77,148972
"24-Aug-17",15.8,15.87,15.7116,15.73,105901
"25-Aug-17",15.75,15.82,15.6,15.72,102005
"28-Aug-17",15.75,15.81,15.62,15.7,86368
"29-Aug-17",15.56,15.81,15.45,15.49,130715
"30-Aug-17",15.48,15.78,15.39,15.74,122320
"31-Aug-17",15.7,15.87,15.69,15.82,321204
"01-Sep-17",15.89,16.26,15.89,16.14,227764
"05-Sep-17",16.16,16.2,15.94,16.11,132750
"06-Sep-17",16.15,16.24,16,16.06,143619
"07-Sep-17",16.08,16.16,15.97,16.03,167704
"08-Sep-17",16.09,16.17,16.03,16.12,168050
"11-Sep-17",16.13,16.19,16.1,16.12,210214
"12-Sep-17",16.11,16.11,15.71,16,210471
"13-Sep-17",16.01,16.03,15.89,15.91,121038
"14-Sep-17",15.9,15.93,15.79,15.89,102016
"15-Sep-17",15.9,15.92,15.725,15.82,499080,,,,,
"18-Sep-17",15.82,15.87,15.68,15.68,135156
"19-Sep-17",15.7,15.7,15.28,15.35,300572
"20-Sep-17",15.4,15.43,15.19,15.2,166075
"21-Sep-17",15.24,15.33,14.99,15.05,157500
"22-Sep-17",15.1,15.24,14.95,15.01,129803
"25-Sep-17",15.1,15.3,15.1,15.15,159562
"26-Sep-17",15.18,15.35,15.14,15.22,108591
"27-Sep-17",15.2,15.43,15.12,15.37,159359
"28-Sep-17",15.36,15.51,15.31,15.51,97545
"29-Sep-17",15.52,15.67,15.48,15.55,142003
"02-Oct-17",15.57,15.64,15.5,15.59,150281,2.631957,0.5639,,,
"03-Oct-17",15.57,15.7,15.56,15.68,132402,2.660977,0.5591
"04-Oct-17",15.7,15.7,15.34,15.46,113936,2.588419,0.5583
"05-Oct-17",15.48,15.66,15.47,15.58,103243,1.884741,0.5426
"06-Oct-17",15.56,15.62,15.34,15.62,74890,2.14874,0.5493
"09-Oct-17",15.65,15.92,15.65,15.79,75846,2.140606,0.5493
"10-Oct-17",15.88,15.96,15.71,15.93,104867,2.116635,0.5497
"11-Oct-17",15.89,16.064,15.88,15.91,141112,2.155319,0.5519
"12-Oct-17",15.88,16.03,15.78,15.95,78031,2.175794,0.5612
"13-Oct-17",15.94,15.96,15.83,15.92,92195,2.216758,0.5817
"16-Oct-17",15.89,15.98,15.75,15.78,138221,2.267769,0.6227
"17-Oct-17",15.78,15.82,15.6099,15.64,86311,2.36235,0.6269
"18-Oct-17",15.62,15.82,15.59,15.73,80351,2.630184,0.6373
"19-Oct-17",15.78,15.78,15.55,15.6,61728,3.020968,0.6109
"20-Oct-17",15.69,15.69,15.52,15.62,70829,3.156825,0.6219
"23-Oct-17",15.63,15.63,15.36,15.39,70518,3.078496,0.5791
"24-Oct-17",15.41,15.49,15.11,15.19,109985,2.417668,0.5445
"25-Oct-17",15.17,15.2,15.03,15.04,71498,2.451008,0.5476
"26-Oct-17",15.1,15.1,14.9,14.98,83750,2.473481,0.5478
"27-Oct-17",15.02,15.1,14.92,15.02,114875,2.507759,0.5518
"30-Oct-17",15,15,14.74,14.8,130166,2.641405,0.5799
"31-Oct-17",14.85,15.03,14.77,14.94,191236,2.594899,0.5725
"01-Nov-17",15.04,15.14,14.87,14.93,99399,2.55507,0.5763
"02-Nov-17",14.95,15.13,14.88,15.08,79989,2.492894,0.5918
"03-Nov-17",14.95,15.4136,14.835,15.37,104652,2.476831,0.5829
"06-Nov-17",15.37,15.37,15.22,15.31,94086,2.446139,0.5804
"07-Nov-17",15.29,15.52,15.25,15.3,91870,2.544026,0.5998
"08-Nov-17",15.21,15.3602,15.1395,15.27,66518,2.562703,0.6094
"09-Nov-17",15.18,15.42,15.18,15.35,89786,2.552735,0.5944
"10-Nov-17",15.25,15.39,15.21,15.23,103574,2.598077,0.595
"13-Nov-17",15.26,15.29,15.0801,15.11,105990,2.644818,0.5984
"14-Nov-17",14.87,15.11,14.85,15.07,81373,2.843558,0.6501,,,
"15-Nov-17",15.04,15.06,14.77,14.88,592852,2.518398,0.6132
"16-Nov-17",14.88,15.28,14.88,15.2,195025,2.39112,0.6244
"17-Nov-17",15.13,15.27,15.08,15.2,68242,2.45073,0.6314
"20-Nov-17",15.17,15.24,15.03,15.04,94010,2.506811,0.6382
"21-Nov-17",15.18,15.61,15.15,15.59,135447,2.391886,0.6401
"22-Nov-17",15.55,15.74,15.39,15.44,120143,2.21171,0.5474
"23-Nov-17",,,,,,2.221421,0.5474
"24-Nov-17",15.46,15.59,15.41,15.44,30246,2.256458,0.5598
"27-Nov-17",15.44,15.83,15.42,15.71,324050,2.078497,0.545
"28-Nov-17",15.77,15.8,15.45,15.53,163722,2.033781,0.5441
"29-Nov-17",15.53,15.7,15.476,15.6,138706,2.186641,0.6042
"30-Nov-17",15.6,15.66,15.15,15.39,205452,2.075697,0.5861
"01-Dec-17",15.39,15.41,15.15,15.35,109992,2.115951,0.5793
"04-Dec-17",15.42,15.58,15.22,15.23,152868,2.346121,0.5843
"05-Dec-17",15.33,15.49,15.1,15.1,126770,2.32007,0.566
"06-Dec-17",15.15,15.28,14.99,15.01,143571,2.246838,0.5529
"07-Dec-17",15,15.18,14.85,14.98,211703,2.253888,0.5544
"08-Dec-17",14.97,15.21,14.91,15.03,149839,2.307215,0.5438
"11-Dec-17",15.05,15.21,15.05,15.11,103535,2.265705,0.5438
"12-Dec-17",15.12,15.13,14.78,14.85,160209,2.27167,0.5355
"13-Dec-17",14.83,15.18,14.83,15.06,155412,2.259153,0.535
"14-Dec-17",15.02,15.06,14.83,14.83,82291,2.246105,0.5383
"15-Dec-17",14.8,14.96,14.72,14.77,265757,2.383097,0.584,,,
"18-Dec-17",14.77,15.03,14.77,14.81,351965,2.303557,0.5646
"19-Dec-17",14.81,14.83,14.1,14.12,163114,2.347567,0.5747
"20-Dec-17",14.14,14.45,14.02,14.35,220578,2.313768,0.575
"21-Dec-17",14.45,14.45,14.13,14.25,158841,2.342124,0.5712
"22-Dec-17",14.3,14.3,14.15,14.19,100797,2.433889,0.5701
"25-Dec-17",,,,,,2.432673,0.5701
"26-Dec-17",14.31,14.72,14.31,14.65,349108,2.347071,0.5694
"27-Dec-17",14.74,14.99,14.66,14.9,652688,2.097408,0.5398
"28-Dec-17",14.93,15.04,14.8648,14.97,161765,2.07855,0.5442
"29-Dec-17",15,15.1,14.85,14.9,257095,2.113078,0.5481
"01-Jan-18",,,,,,2.111681,0.5481
"02-Jan-18",14.96,14.96,14.54,14.54,195486,2.145683,0.5576
"03-Jan-18",14.52,14.665,14.21,14.29,176362,2.243023,0.5745
"04-Jan-18",14.3,14.363,14.16,14.19,135454,2.26764,0.5458
"05-Jan-18",14.3,14.34,14.19,14.27,101688,2.220912,0.5418
"08-Jan-18",14.22,14.268,14.1,14.18,113623,2.191713,0.5426
"09-Jan-18",14.18,14.22,14.05,14.05,129484,2.216638,0.5432
"10-Jan-18",14,14,13.78,13.91,189775,2.086109,0.3839
"11-Jan-18",13.8,14.12,13.8,14,117167,2.122234,0.3919
"12-Jan-18",13.99,14.12,13.9,13.98,114958,2.143502,0.3993
"15-Jan-18",,,,,,2.110296,0.399
"16-Jan-18",14,14.26,13.98,14,178050,2.155606,0.4071
"17-Jan-18",14,14.415,13.975,14.35,224877,2.116571,0.4086
"18-Jan-18",14.31,14.4,14.03,14.03,201146,2.246027,0.4517
"19-Jan-18",14.01,14.21,14,14.14,116556,2.187983,0.4435
"22-Jan-18",14.14,14.41,14.14,14.34,133262,2.061415,0.4157
"23-Jan-18",14.33,14.61,14.21,14.38,201745,1.854925,0.3725
"24-Jan-18",14.32,14.355,14.1,14.13,194019,1.850433,0.3785
"25-Jan-18",14.15,14.19,14.03,14.16,117114,1.846541,0.381,,,
"26-Jan-18",14.17,14.17,13.85,13.89,175700,1.818346,0.4004
"29-Jan-18",13.81,13.83,13.27,13.4,272614,1.783943,0.3988
"30-Jan-18",13.36,13.51,13.27,13.4,146307,2.569618,0.4648
"31-Jan-18",13.4,13.5,13.25,13.38,249800,2.515076,0.4513
"01-Feb-18",13.37,13.37,12.865,12.91,361355,2.411081,0.4415
"02-Feb-18",12.77,13.02,12.608,12.86,205228,2.581436,0.4772
"05-Feb-18",12.79,12.99,12.31,12.36,285347,2.537018,0.4696
"06-Feb-18",12.3,12.61,12.2477,12.55,324801,3.101959,0.5774
"07-Feb-18",12.52,12.7,12.43,12.49,223162,2.368884,0.5928
"08-Feb-18",12.52,12.88,12.35,12.41,262978,2.320411,0.5927
"09-Feb-18",12.51,12.69,12.271,12.62,217317,2.392276,0.5921
"12-Feb-18",12.63,12.63,11.93,12.34,271487,2.458063,0.5888
"13-Feb-18",12.28,12.49,12.1,12.42,147990,2.566824,0.5866
"14-Feb-18",12.14,12.28,11.95,12.26,281481,3.442796,0.6131,,,
"15-Feb-18",12.25,12.2882,12.08,12.13,307015,3.087416,0.6167
"16-Feb-18",12.09,12.295,12.09,12.16,241580,2.469698,0.6005
"19-Feb-18",,,,,,2.263306,0.6005
"20-Feb-18",12.17,12.41,12.17,12.18,181270,2.333109,0.6092
"21-Feb-18",12.22,12.36,11.98,12.03,265646,2.31763,0.6102
"22-Feb-18",12.04,12.26,11.92,12.2,166949,1.923717,0.6138
"23-Feb-18",12.22,12.35,12.15,12.26,172484,1.710089,0.6355
"26-Feb-18",12.29,12.37,12.21,12.34,115828,1.725256,0.6778
"27-Feb-18",12.34,12.41,11.73,11.76,232035,1.664709,0.6307
"28-Feb-18",11.83,11.96,11.67,11.67,191526,1.629552,0.6189
"01-Mar-18",11.7,12.07,11.65,11.89,183483,1.588765,0.5985
"02-Mar-18",11.83,11.98,11.711,11.88,116191,1.609449,0.6108
"05-Mar-18",11.89,11.96,11.78,11.8,121500,1.927072,0.5534
"06-Mar-18",11.86,11.93,11.7,11.86,188411,1.909396,0.5513
"07-Mar-18",11.82,12.2,11.82,12.2,180461,1.568343,0.5937
"08-Mar-18",12.2,12.2,11.93,12.09,99188,1.617954,0.596
"09-Mar-18",12.09,12.23,11.38,12.22,303271,1.668129,0.5987
"12-Mar-18",12.28,12.98,12.245,12.87,423383,1.586324,0.602
"13-Mar-18",12.92,13.11,12.81,12.87,343315,1.570325,0.6193
"14-Mar-18",12.91,12.94,12.7,12.76,214080,1.619064,0.6167
"15-Mar-18",12.76,12.82,12.58,12.68,152574,1.525477,0.6147,,,
"16-Mar-18",12.7,13.01,12.65,12.9,299852,1.568458,0.6257
"19-Mar-18",12.9,12.9,12.55,12.87,159454,1.588251,0.6383
"20-Mar-18",12.92,12.9401,12.5724,12.75,225253,1.626609,0.6295
"21-Mar-18",12.76,12.93,12.7,12.84,216782,1.636583,0.6292
"22-Mar-18",12.77,13.1,12.77,12.83,215744,1.568397,0.575
"23-Mar-18",12.8,12.923,12.71,12.85,299343,1.629822,0.777
"26-Mar-18",12.92,13.05,12.8052,12.99,209711,1.679809,0.633
"27-Mar-18",13.01,13.41,12.81,13.18,256980,1.833136,0.6325
"28-Mar-18",13.25,13.6,13.24,13.44,179490,2.060215,0.6113
"29-Mar-18",13.5,13.56,13.32,13.41,175712,2.08857,0.5871
"30-Mar-18",,,,,,2.085918,0.5864
"02-Apr-18",13.39,13.44,12.97,13.09,163659,1.957642,0.5613,,,
"03-Apr-18",13.09,13.3,12.89,13.23,177717,1.907956,0.5785
"04-Apr-18",13.14,13.38,13.09,13.2,180902,1.844075,0.5843
"05-Apr-18",13.24,13.24,13.01,13.1,131468,1.696652,0.5836
"06-Apr-18",13.1,13.27,13.0693,13.12,369366,1.546321,0.5891
"09-Apr-18",13.18,13.27,13.05,13.15,121038,1.780608,0.6105
"10-Apr-18",13.17,13.18,13.02,13.1,210040,1.798655,0.6183
"11-Apr-18",13.04,13.29,12.91,13.18,143407,1.887668,0.623
"12-Apr-18",13.27,13.27,13,13.15,209867,1.95776,0.6263
"13-Apr-18",13.17,13.23,13.04,13.19,142432,1.957441,0.6384
"16-Apr-18",13.2,13.34,13.15,13.25,178716,1.946704,0.6575
"17-Apr-18",13.25,13.52,13.2,13.42,233312,1.868296,0.6624
"18-Apr-18",13.44,13.47,13.33,13.35,95386
"19-Apr-18",13.34,13.34,13.14,13.25,96291,1.825089,0.6655
"20-Apr-18",13.24,13.24,12.94,12.98,100344,2.483117,0.6493
"23-Apr-18",13.01,13.11,12.92,12.97,88267,1.855207,0.6651
"24-Apr-18",13,13,12.81,12.84,170184,1.802961,0.6268
"25-Apr-18",12.85,12.99,12.77,12.93,109449,1.807021,0.6267
"26-Apr-18",12.93,13.12,12.9,13.06,153261,1.80757,0.6265
"27-Apr-18",13.05,13.5,13.05,13.47,155747,1.832152,0.6259
"30-Apr-18",13.45,13.6,13.4,13.53,149534,1.8446,0.6262
"01-May-18",13.55,13.76,13.43,13.68,157796,1.870652,0.6279
"02-May-18",13.7,13.87,13.6,13.73,97723,1.922675,0.6305
"03-May-18",13.74,13.85,13.695,13.77,86038,1.906814,0.6267
"04-May-18",13.77,14.05,13.765,13.99,81375,1.959028,0.6336
"07-May-18",14.09,14.19,14.02,14.14,149016,2.024384,0.6344
"08-May-18",14.13,14.25,14.11,14.16,299924,1.988793,0.6346
"09-May-18",14.17,14.32,13.97,14.3,128336,1.982452,0.6275
"10-May-18",14.05,14.39,14,14.35,175465,2.004432,0.6307
"11-May-18",14.29,14.34,14.1,14.16,129713,1.982302,0.6346
"14-May-18",13.97,14.045,13.641,13.89,142824,2.067891,0.6356,,,
"15-May-18",13.79,13.96,13.76,13.92,242736,8.374768,4.9459
"16-May-18",13.92,14.05,13.885,13.93,147814,2.119181,0.6509
"17-May-18",13.93,14.03,13.76,13.84,132303,2.244341,0.7008
"18-May-18",13.92,14.05,13.79,13.93,166363,2.337877,0.7265
"21-May-18",13.92,14.33,13.82,14.26,150947,2.225057,0.7169
"22-May-18",14.25,14.355,14.09,14.34,178767,2.21578,0.6819
"23-May-18",14.34,14.91,14.326,14.89,269093,2.230994,0.6887
"24-May-18",14.89,15.02,14.72,14.94,216156,2.271995,0.7208
"25-May-18",14.95,14.99,14.84,14.95,183159
"28-May-18",,,,,,2.268596,0.7208
"29-May-18",14.9,15.08,14.88,15.07,285311,2.517678,0.7259
"30-May-18",15,15.33,14.96,15.15,462938,2.427185,0.7185
"31-May-18",15.14,15.23,14.71,14.71,877475,2.25462,0.7035
"01-Jun-18",14.81,14.87,14.2,14.45,302509,2.022266,0.6304
"04-Jun-18",14.49,14.86,14.39,14.66,255709,1.928434,0.6084
"05-Jun-18",14.69,14.93,14.67,14.91,430284
"06-Jun-18",14.85,14.94,14.74,14.85,193778,1.76239,0.5954
"07-Jun-18",14.86,14.94,14.76,14.91,179966,1.945092,0.5823
"08-Jun-18",14.9,14.95,14.655,14.67,142372,1.923489,0.5897
"11-Jun-18",14.66,14.72,14.57,14.67,180186,1.935976,0.593
"12-Jun-18",14.67,14.81,14.59,14.7,212948,1.91573,0.5953
"13-Jun-18",14.69,14.75,14.61,14.69,208272,1.975884,0.6275
"14-Jun-18",14.69,14.885,14.69,14.76,154704,1.977238,0.647
"15-Jun-18",14.74,14.9986,14.71,14.71,428684,2.023032,0.6686,,,
"18-Jun-18",14.71,14.77,14.54,14.69,169559,2.098223,0.6833
"19-Jun-18",14.65,14.795,14.63,14.7,332168,2.091638,0.7074
"20-Jun-18",14.72,14.83,14.68,14.77,138558
"21-Jun-18",14.77,14.79,14.63,14.69,129228,2.167802,0.6751
"22-Jun-18",14.65,14.98,14.64,14.93,468682,2.140844,0.6707
"25-Jun-18",14.86,14.93,14.76,14.89,296262,1.950668,0.6304
"26-Jun-18",14.91,14.99,14.89,14.95,337068
"27-Jun-18",14.95,14.975,14.88,14.91,132589,2.07074,0.6348
"28-Jun-18",14.9,15.06,14.9,15.04,424361,1.969984,0.6271
"29-Jun-18",15.02,15.4,14.98,15.35,436106
"02-Jul-18",15.39,15.51,15.28,15.47,166083,1.793634,0.6023,,,
"03-Jul-18",15.45,15.82,15.45,15.75,94702,1.770204,0.606
"04-Jul-18",,,,,,1.754916,0.6054
"05-Jul-18",15.73,15.97,15.7,15.96,153325,1.784856,0.6088
"06-Jul-18",16,16.06,15.88,16.03,146767,1.744268,0.5966
"09-Jul-18",16.03,16.03,15.68,15.75,227178,1.722811,0.5945
"10-Jul-18",15.75,15.86,15.65,15.84,286122,1.692683,0.5908
"11-Jul-18",15.82,16,15.68,15.9,149370,1.689351,0.6098
"12-Jul-18",15.88,15.88,15.685,15.82,152159,1.654543,0.5874
"13-Jul-18",15.8,15.86,15.65,15.65,95711,1.677836,0.6034
"16-Jul-18",15.63,15.71,15.54,15.7,116551
"17-Jul-18",15.78,16.04,15.7,15.87,365233,1.631734,0.605
"18-Jul-18",15.85,15.969,15.4,15.54,176439
"19-Jul-18",15.57,15.93,15.5,15.82,142248
"20-Jul-18",15.82,15.82,15.56,15.6,86312,1.44401,0.6162
"23-Jul-18",15.6,15.62,15.41,15.55,73897,1.482647,0.5975
"24-Jul-18",15.57,15.61,15.37,15.57,204372,1.450335,0.5993
"25-Jul-18",15.56,15.74,15.4709,15.57,84992,1.483521,0.5908
"26-Jul-18",15.56,15.73,15.49,15.51,56474,1.421656,0.5919
"27-Jul-18",15.5,15.5,14.99,15.01,121054,1.479954,0.586
"30-Jul-18",15,15.136,14.89,14.92,94780,1.532222,0.5834
"31-Jul-18",14.96,15.51,14.96,15.44,160881
"01-Aug-18",15.28,15.48,15.05,15.32,140958,1.576548,0.5823
"02-Aug-18",15.28,15.44,15.18,15.3,83070,1.617427,0.5814
"03-Aug-18",15.34,15.41,15.16,15.23,67797
"06-Aug-18",15.27,15.3,15.09,15.22,53295,1.604491,0.5792
"07-Aug-18",15.22,15.54,15.1664,15.52,130338,1.614301,0.583
"08-Aug-18",15.55,16.25,15.505,15.63,204348,1.562342,0.5799
"09-Aug-18",15.73,15.75,15.5,15.61,170036,1.651411,0.5782
"10-Aug-18",15.54,15.62,15.35,15.37,83625,2.161642,0.5796
"13-Aug-18",15.38,15.58,15.31,15.57,135450,1.657823,0.5862
"14-Aug-18",15.4,16.11,15.32,15.85,200735,1.600024,0.5848,,,
"15-Aug-18",15.73,16.15,15.71,16.06,217570,19.720642,2.0748
"16-Aug-18",16.06,16.25,16.03,16.24,120809,1.686299,0.5791
"17-Aug-18",16.25,16.5,16.245,16.43,151885,1.644639,0.5845
"20-Aug-18",16.5,16.65,16.4,16.56,128129,1.622793,0.5843
"21-Aug-18",16.57,16.69,16.47,16.5,114066,1.626894,0.5819
"22-Aug-18",16.51,16.53,16.33,16.41,111269,1.621223,0.5763
"23-Aug-18",16.37,16.48,16.15,16.24,139812,1.590557,0.5675
"24-Aug-18",16.25,16.2834,16.09,16.12,106413,1.541167,0.5665
"27-Aug-18",16.2,16.2,15.94,16.05,131034,1.518247,0.5766
"28-Aug-18",16.02,16.15,15.91,16.14,99852,1.545156,0.5768
"29-Aug-18",16.17,16.32,16.01,16.09,138007,1.468144,0.5721
"30-Aug-18",16.16,16.2,15.935,15.97,103697,1.48965,0.5713
"31-Aug-18",15.94,16.05,15.84,15.96,134913,1.524054,0.5696
"03-Sep-18",,,,,,1.613752,0.5685
"04-Sep-18",15.97,15.97,15.63,15.69,118722,1.621847,0.5696
"05-Sep-18",15.64,15.97,15.5489,15.95,117371,1.601582,0.5666
"06-Sep-18",15.97,16.11,15.89,15.91,130370,1.458911,0.5622
"07-Sep-18",15.87,15.87,15.59,15.65,78882,1.541117,0.5688
"10-Sep-18",15.69,15.7457,15.5,15.57,84264,1.615955,0.5743
"11-Sep-18",15.6,15.6,15.43,15.48,89504,1.511855,0.5779
"12-Sep-18",15.48,15.56,15.2,15.55,252911
"13-Sep-18",15.6,15.7,15.53,15.63,94168,1.539841,0.58
"14-Sep-18",15.58,15.66,15.36,15.6,206478,1.636729,0.6415
"17-Sep-18",15.76,15.9951,15.57,15.81,280483,1.638928,0.6878,,,
"18-Sep-18",15.81,15.88,15.59,15.59,114953,1.722631,0.69
"19-Sep-18",15.55,15.65,15.44,15.45,169416,1.847937,0.6894
"20-Sep-18",15.5,15.63,15.42,15.6,139435,1.864048,0.6991
"21-Sep-18",15.6,15.69,15.52,15.64,312212,1.868929,0.7081
"24-Sep-18",15.61,15.66,15.36,15.42,144761,1.565244,0.6105
"25-Sep-18",15.47,15.54,15.4,15.43,164709,1.657454,0.55
"26-Sep-18",15.42,15.55,15.4,15.43,134965,1.649164,0.5758
"27-Sep-18",15.48,15.65,15.41,15.49,112346,1.638935,0.5872
"28-Sep-18",15.49,15.68,15.48,15.64,136651,1.660657,0.6284
"01-Oct-18",15.69,15.7,15.51,15.55,107214,1.773271,0.5924,,,
"02-Oct-18",15.55,15.55,15.415,15.45,81441,1.676924,0.5773
"03-Oct-18",15.45,15.455,15.26,15.32,123332,1.693997,0.574
"04-Oct-18",15.27,15.32,15.05,15.12,187749,1.730382,0.5759
"05-Oct-18",15.17,15.29,15.16,15.23,119442,1.822452,0.5982
"08-Oct-18",15.24,15.49,15.24,15.35,102828,1.811479,0.597
"09-Oct-18",15.32,15.5,15.32,15.44,96487,2.226825,0.6018
"10-Oct-18",15.39,15.53,15.25,15.3,184743,2.289942,0.6476
"11-Oct-18",15.29,15.425,14.92,14.93,197818,2.26215,0.6406
"12-Oct-18",15.03,15.1,14.41,14.42,258932,2.272869,0.6885
"15-Oct-18",14.39,14.92,14.39,14.73,280986,2.310851,0.6991
"16-Oct-18",14.73,15.07,14.59,14.98,170850,2.31407,0.7168
"17-Oct-18",14.97,15.01,14.72,14.81,117073,2.269282,0.7336
"18-Oct-18",14.81,14.83,14.59,14.65,142300,2.308975,0.7394
"19-Oct-18",14.64,14.85,14.62,14.66,134178,2.349193,0.7393
"22-Oct-18",14.64,14.74,14.305,14.37,137409,2.375813,0.7381
"23-Oct-18",14.31,14.51,14.1,14.4,118916,2.318551,0.7335
"24-Oct-18",14.36,14.6604,14.31,14.46,139132,2.331165,0.7332
"25-Oct-18",14.5,14.82,14.42,14.76,229457,2.306741,0.7325
"26-Oct-18",14.8,14.84,14.39,14.52,147864
"29-Oct-18",14.58,14.8,14.54,14.66,95269
"30-Oct-18",14.68,14.88,14.62,14.68,167375
"31-Oct-18",14.68,14.68,14.3,14.33,138429
"01-Nov-18",14.38,14.5599,14.23,14.24,100493
"02-Nov-18",14,14.08,12.85,13.29,455737
"05-Nov-18",13.29,13.45,13.09,13.42,262506,2.150612,0.5442
"06-Nov-18",13.31,13.46,13.24,13.35,218607,2.316765,0.5614
"07-Nov-18",13.43,13.515,13.335,13.48,174969,2.248597,0.5602
"08-Nov-18",13.48,13.49,13.13,13.41,147971,2.318124,0.5628
"09-Nov-18",13.36,13.48,13.16,13.25,173846,2.66404,0.5732
"12-Nov-18",13.23,13.36,13.08,13.28,184587,2.621672,0.5723
"13-Nov-18",13.3,13.32,12.915,12.94,293705,2.560284,0.6844
"14-Nov-18",12.73,12.94,12.73,12.84,158897,3.248913,0.8569,,,
"15-Nov-18",12.73,12.745,12.38,12.45,153489,65.981149,5.4781
"16-Nov-18",12.4,12.8,12.36,12.68,204135,2.364938,0.6298
"19-Nov-18",12.68,13.12,12.5375,13.08,253660,2.5578,0.6251
"20-Nov-18",13.1,13.49,13.09,13.31,301472,2.55867,0.6215
"21-Nov-18",13.32,13.52,13.23,13.24,88515,2.420216,0.6298
"22-Nov-18",,,,,,2.390252,0.6294
"23-Nov-18",13.2,13.2336,13.12,13.16,57804,2.238701,0.583
"26-Nov-18",13.11,13.23,12.755,12.82,199899,2.482399,0.5882
"27-Nov-18",12.83,12.94,12.76,12.79,111187,2.542748,0.595
"28-Nov-18",12.75,12.78,12.48,12.73,165966,2.532482,0.5914
"29-Nov-18",12.75,12.9732,12.67,12.84,209738,2.469759,0.5974
"30-Nov-18",12.84,13.04,12.73,13.03,153413,2.384571,0.6051
"03-Dec-18",13.08,13.13,12.93,13.12,169087,2.312571,0.6074
"04-Dec-18",13.11,13.26,12.7718,12.84,153858,2.307711,0.6125
"05-Dec-18",,,,,,2.266423,0.6137
"06-Dec-18",12.77,13.16,12.7,13.14,343337,2.227535,0.6235
"07-Dec-18",13.2,13.21,13,13.05,266781,2.199901,0.6235
"10-Dec-18",13.08,13.1499,12.8,12.94,166828,2.07304,0.6304
"11-Dec-18",12.99,13.13,12.87,12.92,167904,2.024287,0.636
"12-Dec-18",12.96,13.14,12.71,12.8,196456,1.936991,0.629
"13-Dec-18",12.8,13.01,12.76,12.94,202527,1.959932,0.6418
"14-Dec-18",12.84,13.08,12.84,13.04,194605,2.10584,0.6368
"17-Dec-18",13.01,13.05,12.242,12.35,399745,2.299382,0.6891,,,
"18-Dec-18",12.35,12.72,12.35,12.46,383937,2.491444,0.7124
"19-Dec-18",12.49,12.505,12.09,12.12,180176
"20-Dec-18",12.13,12.27,11.75,11.91,408023,2.687147,0.7375
"21-Dec-18",11.97,12.22,11.83,11.92,316091,2.076394,0.8107
"24-Dec-18",11.92,11.92,11.28,11.28,134461
"25-Dec-18",,,,,,1.981195,0.8312
"26-Dec-18",11.32,11.7,11.14,11.67,251426
"27-Dec-18",11.57,11.6,11.25,11.59,205349
"28-Dec-18",11.52,11.85,11.49,11.71,196068
"31-Dec-18",11.76,11.88,11.52,11.84,178173,2.238227,0.6427
"02-Jan-19",11.73,11.77,11.37,11.42,181987
"03-Jan-19",11.38,11.77,11.38,11.64,131790
"04-Jan-19",11.72,12.12,11.66,12,177354
"07-Jan-19",11.99,12.38,11.98,12.22,265741,2.199962,0.6626
"08-Jan-19",12.28,12.545,12.24,12.53,135918,2.162317,0.6933
"09-Jan-19",12.53,12.6,12.37,12.55,88376,2.19501,0.6369
"10-Jan-19",12.51,12.73,12.43,12.64,76364,2.275637,0.6447
"11-Jan-19",12.61,12.75,12.46,12.61,147378,2.289244,0.6423
"14-Jan-19",12.57,12.6,12.24,12.28,116598,2.282614,0.6533
"15-Jan-19",12.3,12.48,12.2666,12.42,405043,2.306319,0.6624,,,
"16-Jan-19",12.39,12.56,12.3601,12.51,109642,2.309895,0.6971
"17-Jan-19",12.49,12.84,12.435,12.83,163791,2.334045,0.7056
"18-Jan-19",12.86,12.9,12.65,12.74,97168,2.144299,0.6834
"21-Jan-19",,,,,,2.12464,0.6834
"22-Jan-19",12.71,12.774,12.5,12.74,94243,2.182923,0.6416
"23-Jan-19",12.74,12.74,12.51,12.64,96245,2.233678,0.649
"24-Jan-19",12.62,12.71,12.59,12.66,69788,2.258097,0.6524
"25-Jan-19",12.68,12.94,12.6338,12.85,168195,2.260397,0.6527
"28-Jan-19",12.93,13.31,12.87,13.3,265818,2.281043,0.6559
"29-Jan-19",13.36,13.82,13.27,13.76,358784,2.30711,0.6587
"30-Jan-19",13.75,14,13.685,13.94,161368,2.383645,0.6577
"31-Jan-19",13.9,14.09,13.68,14.03,209286,2.582579,0.6694
"01-Feb-19",14.03,14.12,13.6,13.7,236199,2.630357,0.6867
"04-Feb-19",13.6,13.85,13.53,13.83,84847,2.464835,0.6775
"05-Feb-19",13.92,13.97,13.71,13.97,107745,2.387712,0.6709
"06-Feb-19",13.94,13.94,13.8001,13.89,68753,2.429609,0.6732
"07-Feb-19",13.85,14.08,13.78,14.04,104058,2.426355,0.676
"08-Feb-19",14.03,14.21,13.99,14.2,86398,2.509154,0.6788
"11-Feb-19",14.2,14.31,14.198,14.3,145354,2.586562,0.6878
"12-Feb-19",14.29,14.3,13.99,14.18,142588,4.272576,0.8294
"13-Feb-19",14.1,14.16,13.94,14,119812,4.454018,0.9213
"14-Feb-19",13.82,13.85,13.6,13.6,109594,4.894,0.9384,,,
"15-Feb-19",13.63,13.83,13.58,13.69,129969,13.212868,2.1487,471652
"18-Feb-19",,,,,,40.843983,2.4538
"19-Feb-19",13.69,13.81,13.6,13.8,128264,2.756518,0.7084
"20-Feb-19",13.83,13.95,13.76,13.81,111494,2.829695,0.7252
"21-Feb-19",13.56,13.88,13.56,13.87,94394,2.778381,0.7105
"22-Feb-19",13.94,14.09,13.88,14,107144,2.67958,0.6975
"25-Feb-19",13.97,14.05,13.831,13.9,133040,2.648962,0.6929
"26-Feb-19",13.97,13.97,13.703,13.77,76974,2.714415,0.6977
"27-Feb-19",13.75,13.77,13.57,13.61,68900,2.666553,0.6929,,90651.5144
"28-Feb-19",13.62,13.85,13.57,13.68,269744,2.643353,0.6927,414449,91170.3316
"01-Mar-19",13.68,13.68,13.36,13.61,159851,2.658141,0.6827,,91547.6532
"04-Mar-19",13.63,13.67,13.25,13.35,183676,2.609471,0.6864,,89991.2016
"05-Mar-19",13.34,14.02,13.34,13.95,191323,2.559527,0.6853,,88576.2456
"06-Mar-19",13.95,14.01,13.62,13.67,150561,2.437199,0.6851,,84142.7168
"07-Mar-19",13.72,13.812,13.54,13.56,90979,2.491661,0.688,,84001.2212
"08-Mar-19",13.32,13.5805,13.14,13.24,287006,2.485153,0.6913,,83954.056
"11-Mar-19",13.31,13.53,13.245,13.48,411854,2.429002,0.6914,,381624.6392
"12-Mar-19",13.47,13.57,13.29,13.48,244340,2.472879,0.6943,,391281.3009
"13-Mar-19",13.41,13.56,13.41,13.48,97991,2.353977,0.6874,,369066.8345
"14-Mar-19",13.45,13.58,13.38,13.53,131852,2.419082,0.8555,,376775.5859
"15-Mar-19",13.58,13.81,13.51,13.56,379741,2.513663,0.891,418277,398326.9339,
"18-Mar-19",13.56,13.735,13.54,13.58,133588,2.732839,0.9414,,422406.4208
"19-Mar-19",13.73,13.89,13.6,13.75,127795,2.428169,0.9416,,366207.1364
"20-Mar-19",13.83,14.105,13.6,13.85,149389,2.382947,1.0156,,358332.6054
"21-Mar-19",13.82,14.18,13.82,14.03,124863,2.433967,0.9669,,355887.3563
"22-Mar-19",14.04,14.14,13.68,13.76,132095,2.487344,0.9527,,357006.3686
"25-Mar-19",13.66,13.9,13.44,13.75,182442,1.85179,0.6244,,267112.3805
"26-Mar-19",13.82,14.05,13.7,14.04,136007,1.879053,0.6264,,283884.5999
"27-Mar-19",14.06,14.1197,13.98,14.02,292975,1.88868,0.6319,,286519.745
"28-Mar-19",14.02,14.16,13.95,14.08,89215,1.912745,0.6251,,286812.5389
"29-Mar-19",14.13,14.28,13.93,14.08,167264,1.90723,0.618,409798,285139.4309
"01-Apr-19",14.02,14.1,13.7,14.1,406657,1.83924,0.6082,,281333.1102,
"02-Apr-19",14.13,14.13,13.82,13.9,96346,1.936765,0.6169,,294341.5249
"03-Apr-19",13.9,14,13.7268,13.91,106985,1.975698,0.6575,,298064.1902
"04-Apr-19",13.92,13.96,13.77,13.94,110796,2.012173,0.6452,,302916.2034
"05-Apr-19",13.92,13.97,13.7758,13.85,317790,1.991384,0.6463,,303961.8959
"08-Apr-19",13.83,13.9,13.575,13.59,149248,1.957896,0.6463,,295429.0451
"09-Apr-19",13.57,13.63,13.44,13.44,89160,1.892018,0.6262,,408404.6868
"10-Apr-19",13.42,13.64,13.4,13.63,174782,1.802156,0.6056,,392340.6052
"11-Apr-19",13.62,13.9561,13.62,13.93,148449,1.762055,0.5909,,386316.5746
"12-Apr-19",13.87,14,13.75,13.99,114748,1.806161,0.6295,,394758.4134
"15-Apr-19",13.94,14,13.69,13.73,157868,1.776191,0.6346,354373,389758.8778
"16-Apr-19",13.73,13.78,13.62,13.64,189451,1.805099,0.6309,,387791.8474
"17-Apr-19",13.66,13.75,13.49,13.68,187538,1.968763,0.5888,,426230.8998
"18-Apr-19",13.65,13.83,13.65,13.82,109259,2.045733,0.6156,,440491.8702
"19-Apr-19",,,,,,2.037848,0.6126,,441557.345
"22-Apr-19",13.73,13.861,13.53,13.67,151471,2.042924,0.6312,,442254.0016
"23-Apr-19",13.74,13.924,13.705,13.86,129726,1.826009,0.5623,,396684.464
"24-Apr-19",13.9,14.14,13.9,14,165408,1.873969,0.5618,,372658.6468
"25-Apr-19",13.86,13.9493,13.75,13.85,155562,1.695322,0.5555,,339985.4562
"26-Apr-19",13.93,14.18,13.89,14.18,134793,1.838954,0.5709,,367591.1129
"29-Apr-19",14.08,14.38,14.08,14.15,149761,2.124608,0.6018,,419896.5677
"30-Apr-19",14.08,14.21,13.94,14.05,147034,2.053275,0.567,381332,397323.0076
"01-May-19",14.05,14.12,13.86,13.97,132471,1.792176,0.581,,343954.4338
"02-May-19",13.93,14.04,13.84,13.89,110208,1.776282,0.5675,,336512.6008
"03-May-19",14.08,14.19,13.63,13.95,149023,1.839466,0.5794,,348277.7844
"06-May-19",13.88,13.94,13.62,13.65,125984,1.798714,0.5769,,343670.9354
"07-May-19",13.59,13.75,13.04,13.15,200746,1.78691,0.5668,,346080.6718
"08-May-19",13.15,13.3,13.15,13.22,231542,1.808655,0.565,,354833.6849
"09-May-19",13.29,13.4,13.1279,13.3,126102,1.891383,0.5795,,357536.8832
"10-May-19",13.21,13.3599,13.21,13.31,161971,1.886689,0.5725,,356697.9528
"13-May-19",13.3,13.34,13.12,13.2,136507,2.026958,0.5656,,383581.8588
"14-May-19",13.17,13.23,13.08,13.17,175488,2.201575,0.7396,,418969.4684,
"15-May-19",13.2,13.24,13.15,13.17,287330,46.561682,6.1879,424105,9017586.6032
"16-May-19",13.13,13.24,13.09,13.2,181854,5.251688,2.6453,,1022274.8256
"17-May-19",13.12,13.24,13.05,13.15,132232,2.178743,0.6853,,422744.6552
"20-May-19",13.1,13.31,13.01,13.25,158090,2.210048,0.6492,,430066.2296
"21-May-19",13.25,13.3509,13.24,13.3,133995,2.157588,0.6174,,420761.7288
"22-May-19",13.3,13.3,13.02,13.23,164278,2.213216,0.599,,434489.6808
"23-May-19",13.2,13.34,13.14,13.34,109968,2.270819,0.5978,,445891.5076
"24-May-19",13.38,13.51,13.33,13.39,84518,2.305751,0.576,,21120.429
"27-May-19",,,,,,2.278806,0.576,,21120.429
"28-May-19",13.45,13.61,13.37,13.6,171183,2.254503,0.5764,,21120.429
"29-May-19",13.59,13.59,13.355,13.43,212306,2.025281,0.5723,,19042.3145
"30-May-19",13.43,13.62,13.28,13.39,122086,2.49399,0.5849,,23325.775
"31-May-19",13.31,13.36,13.15,13.31,93834,2.454074,0.5519,494634,22816.849
"03-Jun-19",13.38,13.42,13.167,13.26,210676,2.370117,0.547,,21926.2285
"04-Jun-19",13.32,13.39,13.07,13.19,102903,2.372072,0.5409,,21798.997
"05-Jun-19",13.26,13.29,13.12,13.22,69432,2.308291,0.534,,20993.1975
"06-Jun-19",13.37,13.51,13.26,13.49,119538,2.270146,0.5263,,20526.682
"07-Jun-19",13.55,13.83,13.53,13.69,92118,2.262402,0.5294,,20357.04
"10-Jun-19",13.64,13.68,13.53,13.62,79674,2.307884,0.5323,,20484.2715
"11-Jun-19",13.62,13.66,13.4,13.55,117388,2.640075,0.5595,,505763.265
"12-Jun-19",13.52,13.61,13.26,13.3,181473,2.451717,0.5538,,459267.669
"13-Jun-19",13.29,13.41,13.23,13.38,183972,2.600182,0.5898,,484197.2226
"14-Jun-19",13.33,13.57,13.27,13.34,235359,2.33472,0.8129,386166,440669.4306
"17-Jun-19",13.35,13.43,13.23,13.35,163587,2.302474,0.9167,,426374.508,
"18-Jun-19",13.35,13.515,13.155,13.25,184701,2.264932,0.9856,,420686.217
"19-Jun-19",13.28,13.43,13.15,13.4,96459,2.593054,0.7599,,479844.4434
"20-Jun-19",13.4,13.48,13.27,13.35,160892
"21-Jun-19",13.29,13.3,13.08,13.09,198443
"24-Jun-19",13.09,13.14,12.72,12.72,137469,1.85748,0.8064,,347777.1654
"25-Jun-19",12.71,12.87,12.6,12.6,160024,1.906384,0.8332,,312910.3098
"26-Jun-19",12.63,12.63,12.24,12.24,193541,1.920243,0.7861,,315536.2386
"27-Jun-19",12.26,12.61,12.26,12.49,257070,1.960806,0.7697,,326039.9538
"28-Jun-19",12.43,12.66,12.41,12.41,520023,1.886043,0.7625,379079,320517.78
"01-Jul-19",12.49,12.65,12.32,12.35,133409,2.038125,0.7028,,347665.2498,
"02-Jul-19",12.37,12.535,12.3,12.44,96579,2.285716,0.6671,,378288.2136
"03-Jul-19",12.48,12.78,12.48,12.68,97305,2.348435,0.6782,,388676.079
"04-Jul-19",,,,,,2.363049,0.6758,,393116.988
"05-Jul-19",12.62,12.7799,12.45,12.75,109779,2.307914,0.668,,383887.6206
"08-Jul-19",12.7,12.755,12.6,12.63,135661,2.364338,0.6659,,386088.7668
"09-Jul-19",12.6,12.68,12.56,12.64,80246,2.333366,0.6657,,378365.4468
"10-Jul-19",12.68,12.73,12.57,12.65,316914,2.179362,0.6735,,427714.8357
"11-Jul-19",12.63,12.72,12.51,12.54,126297
"12-Jul-19",12.5,12.62,12.455,12.54,131895,2.209489,0.6518,,430785.3756
"15-Jul-19",12.52,12.559,12.25,12.34,166709,2.138111,0.7182,384701,419071.8345
"16-Jul-19",12.3,12.58,12.3,12.45,109072,2.21111,0.7258,,431240.2704
"17-Jul-19",12.45,12.515,12.29,12.46,120225,2.19288,0.7289,,424720.1116
"18-Jul-19",12.46,12.55,12.31,12.44,190408,2.308287,0.7588,,447199.4963
"19-Jul-19",12.41,12.5,12.19,12.19,153195,2.241526,0.7495,,436206.2053
"22-Jul-19",12.49,12.49,12.22,12.4,237798,2.250744,0.699,,441551.2192
"23-Jul-19",12.42,12.94,12.42,12.92,364585,2.518638,0.6788,,504516.2411
"24-Jul-19",12.92,13.01,12.83,12.95,139592,3.504548,0.6534,,645028.1667
"25-Jul-19",12.92,12.95,12.755,12.84,132566,3.993243,0.6407,,732663.0545
"26-Jul-19",12.85,13.02,12.8097,12.97,139935,4.077153,0.6352,,746896.9915
"29-Jul-19",12.99,13.26,12.99,13.16,153489,4.067269,0.6407,,746435.3503
"30-Jul-19",13.12,13.3,13.12,13.2,155957
"31-Jul-19",13.2,13.45,13.04,13.15,191759,4.302465,0.6371,555089,792407.1198
"01-Aug-19",13.13,13.27,13.11,13.15,98332,4.329412,0.6354,,793676.6331
"02-Aug-19",13.1,13.19,13.02,13.06,76377,4.41354,0.635,,804756.0219
"05-Aug-19",13.02,13.03,12.485,12.68,127558,4.424479,0.6355,,808987.7329
"06-Aug-19",12.69,12.9,12.645,12.76,98436,4.472406,0.6334,,812873.213
"07-Aug-19",12.69,12.94,12.56,12.83,120512,4.382736,0.6351,,796138.7195
"08-Aug-19",12.9,13.09,12.8,12.98,130878,4.359426,0.6347,,786598.1347
"09-Aug-19",12.89,12.89,11.97,12.35,397841,4.252373,1.4482,,546152.0671
"12-Aug-19",12.26,12.6,12.21,12.39,317043,2.158113,0.6804,,282318.2654
"13-Aug-19",12.27,12.4,12.24,12.35,291882,4.354262,0.7789,,576404.4176
"14-Aug-19",12.05,12.15,11.72,11.77,204073,5.551751,0.9148,,739545.0747,
"15-Aug-19",11.86,12.08,11.66,12.06,269791,51.463628,5.9735,707140,6915243.2531
"16-Aug-19",12.11,12.72,12.09,12.66,301559,4.845153,0.8509,,651896.5216
"19-Aug-19",12.6,12.81,12.36,12.75,166838,2.785181,0.8978,,375462.1996
"20-Aug-19",12.8,12.81,12.46,12.48,149507,2.909401,0.7836,,391504.2717
"21-Aug-19",12.56,12.56,12.2901,12.47,220993,2.733995,0.7215,,370022.3274
"22-Aug-19",12.42,12.46,12.22,12.41,155028,2.888004,0.7163,,391615.2895
"23-Aug-19",12.44,12.5,12.19,12.27,201550,2.871065,0.7111,,390671.6382
"26-Aug-19",12.31,12.7,12.31,12.67,233354,2.845817,0.7063,,40377.694
"27-Aug-19",12.77,12.83,12.57,12.6,383919,2.817046,0.6957,,40660.55
"28-Aug-19",12.66,12.89,12.6429,12.7,148309,2.958652,0.7017,,42640.542
"29-Aug-19",12.69,13.0369,12.69,12.82,126527,3.81587,0.6852,,54803.35
"30-Aug-19",12.81,12.91,12.68,12.86,184390,3.375493,0.6821,867464,48368.376
"02-Sep-19",,,,,,3.335457,0.6821,,48368.376
"03-Sep-19",12.85,12.92,12.76,12.91,169683,3.381612,0.6927,,49004.802
"04-Sep-19",12.93,13.28,12.93,13.18,174411,3.550741,0.7065,,51267.65
"05-Sep-19",13.17,13.43,13.12,13.15,163023,3.566828,0.7243,,51762.648
"06-Sep-19",13.18,13.24,13.1,13.2,90587,3.652122,0.6914,,53106.214
"09-Sep-19",13.12,13.33,13.07,13.3,101568,3.733195,0.6843,,54591.208
"10-Sep-19",13.23,13.68,13.16,13.68,178172,3.651906,0.6859,,53389.07
"11-Sep-19",13.6,13.9499,13.39,13.91,286383,3.76475,0.7017,,1005651.0152
"12-Sep-19",13.97,13.97,13.6,13.64,296070,3.62714,0.6938,,983443.9368
"13-Sep-19",13.65,13.82,13.52,13.7,246169,3.330381,0.7451,705391,907887.8224
"16-Sep-19",13.8,13.94,13.65,13.83,165063,3.399387,0.7214,,921333.5144,
"17-Sep-19",13.8,13.89,13.63,13.88,106148,3.547581,0.7451,,955251.3568
"18-Sep-19",13.95,13.98,13.83,13.92,103871,3.966017,0.7124,,1062556.6536
"19-Sep-19",13.99,14.11,13.85,14.01,201542,3.860395,0.6883,,1035752.016
"20-Sep-19",14.03,14.16,13.81,13.83,179418,3.846552,0.6758,,1039221.872
"23-Sep-19",13.74,13.93,13.74,13.87,190977,4.001089,0.6761,,1082421.5792
"24-Sep-19",13.95,14.06,13.86,13.92,136052,3.649989,0.6764,,764079.5312
"25-Sep-19",13.91,14.03,13.76,13.9,76008,3.708783,0.6501,,772403.145
"26-Sep-19",13.92,14.06,13.84,14,168863,3.597808,0.6519,,749830.633
"27-Sep-19",14.01,14.0842,13.75,13.86,186972,3.707061,0.6484,,772191.5277
"30-Sep-19",13.84,14.15,13.83,14.08,175748,3.950591,0.646,584280,793494.3359
"01-Oct-19",14.11,14.31,14.085,14.16,183955,3.824277,0.7186,,768664.5727
"02-Oct-19",14.14,14.38,14.12,14.37,187322,3.757542,0.5995,,758789.0987
"03-Oct-19",14.37,14.5,14.2616,14.39,141945,3.793875,0.5986,,769158.3464,
"04-Oct-19",14.36,14.54,14.32,14.37,114053,3.949957,0.5922,,801959.0279
"07-Oct-19",14.33,14.45,14.25,14.38,90720,3.875257,0.5941,,785452.8785
"08-Oct-19",14.38,14.41,14.19,14.27,84370,3.862693,0.5797,,776706.0301
"09-Oct-19",14.41,14.43,14.19,14.27,72144,3.872415,0.5801,,570198.852
"10-Oct-19",14.27,14.37,14.19,14.2,210236,3.810854,0.5739,,567452.736
"11-Oct-19",14.28,14.41,14.2,14.22,74029,4.060065,0.5777,,591992.496
"14-Oct-19",14.22,14.31,14.1,14.3,90196,4.052215,0.5755,,591174.504
"15-Oct-19",14.29,14.38,14.18,14.37,67025,4.290847,0.5823,608832,620154.792
"16-Oct-19",14.31,14.4126,14.2376,14.35,70511,4.185642,0.691,,599821.848
"17-Oct-19",14.37,14.56,14.345,14.53,184492,4.118681,0.5885,,594212.76
"18-Oct-19",14.52,14.83,14.52,14.76,116906,4.106072,0.5882,,592226.208
"21-Oct-19",14.7,15.27,14.7,15.16,173736,4.057564,0.5872,,585331.704
"22-Oct-19",15.2,15.25,15.04,15.09,94065,3.946669,0.5857,,565407.756
"23-Oct-19",15.05,15.07,14.7642,14.86,103399,4.122544,0.5853,,583578.864
"24-Oct-19",14.96,14.96,14.7,14.8,99403,4.176484,0.5855,,566579.0592
"25-Oct-19",14.8,14.83,14.68,14.69,87531,4.031374,0.5829,,544295.808
"28-Oct-19",14.65,14.71,14.58,14.68,66193,4.04829,0.5682,,544356.6912
"29-Oct-19",14.7,14.96,14.64,14.84,104427,4.039141,0.5796,,540155.7504
"30-Oct-19",14.9,14.96,14.75,14.94,74520,4.724731,0.573,,627218.7264
"31-Oct-19",14.94,14.98,14.77,14.93,92641,4.527743,0.5763,558367,597507.7248
"01-Nov-19",14.95,15.06,14.8586,15,72080,4.586908,0.3759,,598481.856
"04-Nov-19",15.03,15.11,14.93,15.01,78580,4.502876,0.5736,,591054.1056
"05-Nov-19",14.98,15.06,14.8694,14.87,189869,4.454834,0.5778,,586426.9824
"06-Nov-19",14.89,14.93,14.58,14.69,144115,4.389539,0.5746,,578755.6992
"07-Nov-19",14.73,14.82,14.54,14.7,89907,4.450858,0.5783,,586366.0992
"08-Nov-19",15.2,15.63,14.86,15.07,280588,4.22217,0.5743,,564630.7968
"11-Nov-19",15.21,15.24,14.82,15.14,304492,4.242703,0.5743,,564082.848
"12-Nov-19",15.09,15.4,15.07,15.34,262509,4.207943,0.5816,,527768.4884
"13-Nov-19",15.29,15.31,15.09,15.13,130976,4.237701,0.5797,,522296.4918
"14-Nov-19",14.92,15.1,14.84,14.91,95159,,,,,
"15-Nov-19",15,15,14.82,14.85,94872,61.136206,2.4759,512398,7317287.8616
"18-Nov-19",14.78,14.85,14.69,14.75,222893,8.798393,1.4415,,1032978.95
"19-Nov-19",14.8,14.965,14.72,14.9,107588,7.700147,1.5405,,899975.9306
"20-Nov-19",14.86,15,14.75,14.87,130978,7.687705,1.5455,,895341.4845
"21-Nov-19",14.84,14.8805,14.58,14.6,59346,7.723373,1.5514,,891377.0788
"22-Nov-19",14.69,14.72,14.55,14.68,141314,7.650617,1.568,,875854.4762
"25-Nov-19",14.79,14.99,14.79,14.93,113425,7.737237,1.5665,,877138.7203
"26-Nov-19",14.97,15.35,14.94,15.34,276990,7.637557,1.5662,,61436.5202
"27-Nov-19",15.36,15.95,15.34,15.94,256901,7.491837,1.5749,,60411.7242
"28-Nov-19",,,,,,7.676778,1.5749,,60411.7242
"29-Nov-19",15.88,15.88,15.59,15.61,118044,7.822513,1.5595,495539,61385.2804
"02-Dec-19",15.59,15.59,15.18,15.22,97837,8.320484,1.5122,,64818.347
"03-Dec-19",15.19,15.54,15.19,15.36,117013,8.367159,1.5092,,64972.0664
"04-Dec-19",15.36,15.4877,15.36,15.39,89202,4.597022,0.5806,,35406.7018
"05-Dec-19",15.44,15.5,15.3,15.49,79023,4.482753,0.5837,,34176.9466
"06-Dec-19",15.5,15.73,15.5,15.68,124203,4.492144,0.5855,,34074.467
"09-Dec-19",15.65,15.76,15.62,15.73,150293,4.430293,0.5842,,33818.268
"10-Dec-19",15.73,15.85,15.6574,15.8,107664,4.596261,0.5843,,283646.5236
"11-Dec-19",15.73,16.22,15.56,16.2,497218,4.267119,0.5833,,272447.3422
"12-Dec-19",16.15,16.32,15.89,15.9,214286,4.300836,0.5968,,272496.8961
"13-Dec-19",15.91,16.06,15.8,15.96,341799,4.846082,0.6096,606270,308522.5814
"16-Dec-19",15.84,16.015,15.67,15.74,211972,5.398926,0.6104,,342516.5568,
"17-Dec-19",15.74,15.96,15.56,15.69,393443,6.07622,0.604,,394746.3674
"18-Dec-19",15.76,16.09,15.59,16.03,194774,6.616059,0.5925,,433745.2867
"19-Dec-19",16.06,16.06,15.69,15.78,100996,6.959406,0.6038,,456143.6495
"20-Dec-19",15.78,15.94,15.66,15.89,297142,6.952999,0.6082,,460157.5154
"23-Dec-19",16,16,15.76,15.77,140121,6.388367,0.5842,,421109.0422
"24-Dec-19",15.76,15.76,15.6,15.65,66255
"25-Dec-19",,,,,,6.940075,0.5933,,888791.82
"26-Dec-19",15.69,15.75,15.46,15.63,90833,6.452294,0.5815,,827619.177
"27-Dec-19",15.72,15.72,15.53,15.61,57331
"30-Dec-19",15.55,15.61,15.49,15.51,61931,6.445221,0.5884,,806339.1
"31-Dec-19",15.48,15.77,15.46,15.73,133444,6.382569,0.5896,598344,797426.931
"01-Jan-20",,,,,,6.402859,0.5896,,797426.931
"02-Jan-20",15.86,15.86,15.3,15.42,116323,6.311688,0.6037,,780330.117
"03-Jan-20",15.33,15.57,15.3,15.54,125905,6.33091,0.602,,777541.275
"06-Jan-20",15.5,15.69,15.49,15.55,99978,6.377004,0.6006,,782148.927
"07-Jan-20",15.49,15.53,15.325,15.38,73357,6.364342,0.6004,,774631.179
"08-Jan-20",15.38,15.56,15.27,15.51,105230,6.516024,0.6009,,794334.954
"09-Jan-20",15.55,15.8,15.545,15.76,174507,6.518139,0.6014,,802458.972
"10-Jan-20",15.85,15.85,15.53,15.67,149632,6.639577,0.6028,,618508.1928
"13-Jan-20",15.61,15.79,15.61,15.77,84618,7.365051,0.607,,681992.4912
"14-Jan-20",15.73,16.08,15.66,16.02,124124,7.388904,0.6142,,682710.504
"15-Jan-20",16.04,16.22,16.04,16.13,185746,7.221994,0.6144,577025,674214.0192,
"16-Jan-20",16.15,16.39,16.14,16.38,214924,7.385471,0.6037,,700421.4864
"17-Jan-20",16.48,16.49,16.32,16.37,201558,7.19343,0.5987,,691625.8296
"20-Jan-20",,,,,,7.194726,0.5987,,691625.8296
"21-Jan-20",16.35,16.47,16.335,16.4,127204,7.069614,0.5998,,677983.5864
"22-Jan-20",16.48,16.57,16.35,16.49,138320,7.162567,0.6009,,684326.0328
"23-Jan-20",16.49,16.64,16.4,16.64,117219,7.012929,0.5996,,671700.9744
"24-Jan-20",16.63,16.63,16.385,16.43,67335,6.895171,0.5998,,657879.228
"27-Jan-20",16.31,16.55,16.3,16.45,99509,6.712515,0.5915,,551751.305
"28-Jan-20",16.54,16.555,16.23,16.32,132888,6.289114,0.5891,,516033.4575
"29-Jan-20",16.31,16.32,16.14,16.18,108084,6.191529,0.5877,,510320.91
"30-Jan-20",16.13,16.26,16.08,16.18,62966,6.007509,0.5856,,492952.4575
"31-Jan-20",16.07,16.19,15.77,15.8,138864,6.625563,0.5842,618205,547423.6175
"03-Feb-20",15.83,16.16,15.83,16.09,96510,6.014456,0.5801,,501261.6175
"04-Feb-20",16.17,16.25,16.04,16.14,95029,5.792331,0.5766,,479911.6925
"05-Feb-20",16.33,16.45,16.16,16.43,156973,5.688509,0.5747,,475180.0875
"06-Feb-20",16.54,16.57,16.42,16.51,128433,5.772464,0.5732,,479103.8575
"07-Feb-20",16.51,16.51,16.3,16.31,68207,5.912718,0.573,,486835.9925
"10-Feb-20",16.34,16.39,16.26,16.36,75185,6.048823,0.5682,,490240.44
"11-Feb-20",16.44,16.53,16.27,16.41,69852,6.071126,0.5682,,551067.937
"12-Feb-20",16.48,16.5,16.31,16.35,97028,6.112583,0.5764,,542351.2465
"13-Feb-20",16.29,16.45,16.29,16.43,53144,6.157902,0.5758,,533696.3765
"14-Feb-20",16.25,16.46,16.25,16.42,77412,6.124382,0.5768,603977,527576.147,
"17-Feb-20",,,,,,6.061625,0.5768,,527576.147
"18-Feb-20",16.45,16.45,16.21,16.28,60268,11.133909,3.0062,,960072.365
"19-Feb-20",16.33,16.33,16.08,16.13,93845,10.991428,0.6086,,933613.191
"20-Feb-20",16.05,16.19,15.96,16.15,97508,5.724141,0.5726,,485661.848
"21-Feb-20",16.18,16.24,15.96,16.01,147983,5.761578,0.5745,,489803.8215
"24-Feb-20",15.75,15.86,15.61,15.69,80587,5.470692,0.5724,,466002.929
"25-Feb-20",15.72,15.75,15.34,15.43,123377,4.928992,0.5673,,419142.99
"26-Feb-20",15.58,15.9,15.47,15.8,128103,4.992014,0.5696,,486865.8597
"27-Feb-20",15.58,15.58,14.95,14.95,145212,5.10679,0.5743,,490368.9263
"28-Feb-20",14.7,14.7,14.07,14.51,243782,5.282896,0.5754,777763,506495.1122
"02-Mar-20",14.57,14.97,14.36,14.96,93113,5.09381,0.5675,,486865.8597
"03-Mar-20",14.97,15.47,14.84,15.01,144553,5.378531,0.5669,,517004.312
"04-Mar-20",15.28,15.62,15.17,15.62,116204,5.310772,0.5583,,510420.9627
"05-Mar-20",15.17,15.415,14.62,15.08,139490,5.504928,0.5429,,532224.5324
"06-Mar-20",14.79,15.31,14.45,15.28,193088,5.600338,0.563,,548773.5022
"09-Mar-20",14.78,14.78,11.8,11.98,441208,5.373556,0.5561,,546055.6057
"10-Mar-20",12.3,13,12.2,12.95,256197,5.363006,0.5593,,846906.1307
"11-Mar-20",12.95,12.95,12.14,12.45,233283,7.344884,0.5549,,1176133.2086
"12-Mar-20",11.69,12.15,10.95,11.73,358181,7.565818,0.5544,,1193010.6657
"13-Mar-20",12.32,13.51,11.67,13.51,327254,7.507194,0.5527,722813,1198688.3356
"16-Mar-20",12,12.29,10.49,10.67,557821,8.122855,0.5585,,1327796.9936,
"17-Mar-20",10.76,10.99,10.12,10.7,350508,8.08564,0.5895,,1341485.6224
"18-Mar-20",10.21,10.31,9.0301,9.28,435583,8.604702,0.6288,,1433961.6431
"19-Mar-20",9.23,10.39,8.63,9.74,435562,8.547916,0.5826,,1460638.914
"20-Mar-20",9.8,10.46,9.1,9.91,517473,8.271366,0.5587,,1474016.4376
"23-Mar-20",9.84,9.91,8.67,9.11,319660,8.064956,0.5745,,1440417.076
"24-Mar-20",9.53,9.7799,8.91,9.31,396359,8.185624,0.5632,,903805.3752
"25-Mar-20",9.56,10.25,9.14,9.7,240503,7.827751,0.565,,878796.0454
"26-Mar-20",9.8,11.3,9.71,11.22,225581,7.204199,0.5618,,812875.4998
"27-Mar-20",10.7,11.02,10.3,10.43,199387,7.249521,0.559,,826247.5403
"30-Mar-20",10.35,10.71,10.1119,10.53,247963,7.034655,0.5643,,815694.4705
"31-Mar-20",10.43,10.89,10.27,10.86,263393,6.601746,0.5609,720211,779409.2579
"01-Apr-20",10.1,10.21,9.67,9.87,235576,6.166824,0.556,,734667.1332
"02-Apr-20",9.81,10.27,9.77,10.12,442479,5.693028,0.5572,,693466.7922,
"03-Apr-20",9.8,10.04,9.7,9.95,313718,5.470268,0.5536,,677420.3436
"06-Apr-20",10.4,10.65,9.58,10.22,378959,5.715557,0.5849,,722668.4374
"07-Apr-20",10.69,10.75,9.88,9.98,261736,6.033526,0.5953,,772903.9409
"08-Apr-20",10.2,10.5,9.98,10.47,269764,6.037023,0.6076,,785553.1684
"09-Apr-20",10.83,12.07,10.83,12.06,264922,5.816834,0.6083,,708183.4763
"10-Apr-20",,,,,,5.804929,0.6083,,708183.4763
"13-Apr-20",12.02,12.02,11.49,11.8,158415,5.417929,0.6153,,661441.7824
"14-Apr-20",12.15,12.33,11,11.27,292402,5.042175,0.6038,,625647.2957
"15-Apr-20",10.77,10.96,10.39,10.62,296214,5.047614,0.6003,694603,634721.9543
"16-Apr-20",10.57,10.97,10.15,10.91,334024,4.862276,0.5993,,618373.1646
"17-Apr-20",11.17,11.62,11,11.37,243280,4.596014,0.5959,,585747.6063
"20-Apr-20",11.24,11.385,10.91,11.23,259130,4.63786,0.591,,593669.9273
"21-Apr-20",10.77,11.31,10.77,11.19,228683,4.66672,0.584,,598207.2566
"22-Apr-20",11.57,11.57,10.91,10.95,171293,4.639761,0.5825,,596622.7924
"23-Apr-20",10.95,11.23,10.74,10.91,184202,4.562373,0.5742,,588700.4714
"24-Apr-20",10.99,11.47,10.71,11.25,165691,4.396556,0.5684,,622989.4307
"27-Apr-20",11.37,12.46,11.37,12.18,279588,4.229243,0.5666,,608611.1486
"28-Apr-20",12.33,12.79,12.26,12.69,165361,4.033248,0.5599,,583188.6788
"29-Apr-20",12.8,13.6,12.8,13.41,220185,4.627428,0.5526,,673278.6879
"30-Apr-20",13.04,13.325,12.86,12.99,202678,4.704771,0.5537,750567,689185.0966
"01-May-20",12.55,12.77,12.29,12.47,194598,4.646784,0.5482,,691129.985
"04-May-20",12.25,12.48,12.04,12.3,177045,4.770299,0.5439,,713565.6619
"05-May-20",12.59,12.69,12.09,12.15,165955,4.815195,0.543,,723915.2466
"06-May-20",12.16,12.29,11.93,12.01,147323,4.579496,0.5416,,688004.2715
"07-May-20",12.26,12.48,11.99,12.18,153393,4.567489,0.5496,,687379.1288
"08-May-20",12.51,13.08,12.51,12.85,181526,4.634862,0.5481,,703077.1566
"11-May-20",12.53,12.77,12.2022,12.51,206836,4.775704,0.5531,,796201.4736
"12-May-20",12.51,12.615,11.87,11.9,191051,4.832178,0.5416,,812338.6641
"13-May-20",11.69,11.89,11.01,11.32,205725,4.626758,0.5239,,783591.948
"14-May-20",10.79,10.9,10.32,10.87,290006,4.723573,0.5267,,812864.061,
"15-May-20",10.85,11.1,10.7,10.99,149775,5.129655,0.5233,668056,886945.0239
"18-May-20",10.96,12,10.96,11.92,215600,4.301422,0.5066,,742610.9898
"19-May-20",11.84,11.973,11.51,11.55,121382,4.176228,0.5051,,723921.8715
"20-May-20",11.8,11.88,11.4,11.8,134995,4.191703,0.5016,,728575.3869
"21-May-20",11.8,12.03,11.79,11.89,107052,4.099593,0.4857,,712963.5933
"22-May-20",12,12.16,11.5478,12.15,159323,4.064864,0.4936,,707484.4542
"25-May-20",,,,,,4.027777,0.4937,,708385.1346
"26-May-20",12.4,12.93,12.33,12.79,194271,3.739138,0.4868,,660649.0734
"27-May-20",13.12,13.32,12.44,13.04,214185,3.681029,0.4835,,492624.4944
"28-May-20",13.3,13.3,12.78,12.82,128511,3.60013,0.4922,,481267.5424
"29-May-20",12.6,12.73,12.35,12.48,119505,3.514587,0.4955,636669,466035.8656
"01-Jun-20",12.61,13.05,12.3778,12.86,136091,3.561299,0.495,,468975.312
"02-Jun-20",13.05,13.17,12.87,13.02,78752,3.579769,0.4965,,466570.3104
"03-Jun-20",13.35,13.57,13.18,13.48,144264,3.559677,0.4973,,465434.6152
"04-Jun-20",13.44,13.44,13.08,13.25,84090,3.675935,0.5022,,478795.7352
"05-Jun-20",14.05,14.11,13.53,13.96,244094,3.583172,0.499,,470578.6464
"08-Jun-20",13.85,14.17,13.71,13.86,257662,3.48585,0.5011,,462695.5856
"09-Jun-20",13.51,13.79,13.4344,13.58,121116,3.332471,0.5013,,599614.8642
"10-Jun-20",13.75,13.75,13.02,13.12,196716,2.925885,0.4877,,518248.566
"11-Jun-20",12.47,12.755,12.18,12.3,236417,2.846475,0.4844,,503541.5121
"12-Jun-20",12.89,12.89,12.36,12.83,125407,2.621461,0.5053,,460502.6877
"15-Jun-20",12.51,12.535,12.28,12.48,265463,2.626525,0.5133,526645,455727.6702,
"16-Jun-20",12.83,13.06,12.495,12.84,207720,2.478501,0.5124,,429369.5736
"17-Jun-20",12.92,12.92,12.5,12.53,115419,2.392914,0.5128,,402374.808
"18-Jun-20",12.19,12.76,12.19,12.6,138526,2.368609,0.5057,,392570.1054
"19-Jun-20",12.76,12.8,12.58,12.68,234264,2.509774,0.506,,410142.1698
"22-Jun-20",12.66,12.885,12.43,12.83,98394,2.604103,0.5079,,406322.1558
"23-Jun-20",12.96,13.05,12.67,12.84,109898,3.020587,0.4999,,467824.3812
"24-Jun-20",12.61,12.775,11.73,12.16,239140,3.271406,0.4996,,582048.054
"25-Jun-20",12.05,12.66,12.05,12.62,157547,3.340963,0.4942,,583838.647
"26-Jun-20",12.61,12.71,12.14,12.3,338933,3.275153,0.5006,,576623.6105
"29-Jun-20",12.5,12.9,12.35,12.86,168646,3.445707,0.5082,,604219.8085
"30-Jun-20",12.78,12.97,12.69,12.93,171854,4.002259,0.5184,693497,700121.863
"01-Jul-20",12.81,13.25,12.81,13.17,126303,4.283104,0.5089,,738777.606,
"02-Jul-20",13.55,13.57,12.93,13.24,162436,4.256478,0.51,,729982.6345
"03-Jul-20",,,,,,4.340624,0.51,,729982.6345
"06-Jul-20",13.68,13.83,13.01,13.03,136772,4.718133,0.5116,,782067.825
"07-Jul-20",12.8,12.85,12.36,12.41,125077,5.071489,0.5131,,823093.4705
"08-Jul-20",12.32,12.56,12.13,12.29,136210,4.997545,0.5091,,802501.651
"09-Jul-20",12.18,12.18,11.74,11.89,121595,4.959261,0.5066,,786333.6495
"10-Jul-20",11.81,12.09,11.81,11.92,115287,4.870609,0.5056,,755079.5336
"13-Jul-20",11.96,12.16,11.81,11.91,138388,4.748531,0.4961,,733373.0775
"14-Jul-20",11.84,12.16,11.83,12.15,132010,4.683017,0.4963,,721652.9782
"15-Jul-20",12.55,12.64,12.15,12.16,166262,4.767082,0.5122,751103,726576.8069
"16-Jul-20",12.16,12.16,11.78,11.95,105949,4.710083,0.5165,,705910.5963
"17-Jul-20",11.97,12.23,11.82,12.04,117699,4.534429,0.5083,,666519.9667
"20-Jul-20",11.96,11.98,11.67,11.69,124723,4.60012,0.5066,,668947.2062
"21-Jul-20",11.93,12.2,11.89,11.92,151626,4.703928,0.5167,,677269.1702
"22-Jul-20",11.8,12.24,11.8,12.16,165054,4.614422,0.5226,,660486.5428
"23-Jul-20",12.11,12.38,12.01,12.34,306724,4.459314,0.5198,,646339.204
"24-Jul-20",12.36,12.4,12.1,12.12,87670,4.527142,0.5233,,672312.2953
"27-Jul-20",12.19,12.27,11.94,12.26,195541,4.535248,0.5098,,675391.8176
"28-Jul-20",12.18,12.36,12.1,12.28,158369,4.460299,0.5153,,656764.4632
"29-Jul-20",12.4,12.75,12.4,12.6,198648,3.851728,0.539,,568885.4122
"30-Jul-20",12.36,12.45,12.18,12.38,150721,4.151953,0.557,,609294.7536
"31-Jul-20",12.3,12.33,12,12.3,162857,3.88453,0.5474,667412,569861.8461
"03-Aug-20",12.37,12.37,12.17,12.27,199079,3.899156,0.5482,,570312.5079
"04-Aug-20",12.12,12.7,12.12,12.63,154671,3.521101,0.5403,,514430.4447
"05-Aug-20",12.86,12.86,12.385,12.52,132693,3.53927,0.5387,,514956.2168
"06-Aug-20",12.62,13.6499,12.62,13.21,367471,3.454381,0.5415,,512102.0254
"07-Aug-20",13.17,13.83,13.07,13.73,233234,3.320581,0.5421,,496103.5315
"10-Aug-20",13.83,14.01,13.55,13.74,274418,3.185906,0.5371,,480781.0303
"11-Aug-20",14,14.09,13.49,13.58,257975,3.175164,0.5546,,565564.9288
"12-Aug-20",13.8,14.01,13.6825,13.93,214186,3.112246,0.5534,,554686.1132
"13-Aug-20",13.94,13.94,13.58,13.76,187744,3.101311,0.5718,,552617.136
"14-Aug-20",13.61,13.68,13.43,13.47,88066,3.339056,0.5667,686208,588724.1252,
"17-Aug-20",13.47,13.66,13.39,13.65,149689,4.128386,0.5691,,719937.3244
"18-Aug-20",13.65,13.65,13.33,13.47,102069,3.563681,0.5881,,617689.806
"19-Aug-20",13.56,13.64,13.43,13.56,162932,2.895801,0.5753,,499491.1408
"20-Aug-20",13.42,13.86,13.42,13.81,192825,2.973242,0.5858,,516243.182
"21-Aug-20",13.77,14.11,13.64,13.99,394571,2.901159,0.5863,,515709.2524
"24-Aug-20",14.17,14.2292,13.59,13.89,235812,2.768,0.5991,,498356.5404
"25-Aug-20",14.04,14.0533,13.6,13.96,151997,3.098331,0.5905,,648878.2848
"26-Aug-20",13.96,13.96,13.75,13.91,114915,3.03291,0.5936,,631928.9472
"27-Aug-20",13.97,14.22,13.97,14.16,88506,3.079324,0.5941,,635634.4704
"28-Aug-20",14.14,14.28,13.98,14.28,89518,3.122454,0.609,,637418.6112
"31-Aug-20",14.35,14.58,14.265,14.54,301145,3.140922,0.6137,731318,654162.0864
"01-Sep-20",14.46,14.86,14.435,14.84,210296,3.167002,0.6331,,661778.9952
"02-Sep-20",14.88,14.9,14.73,14.89,245849,3.430166,0.6281,,723606.336
"03-Sep-20",14.89,15.05,14.66,14.77,229234,3.542166,0.6076,,756956.0448
"04-Sep-20",14.87,14.9699,14.38,14.5,166830,3.684298,0.5897,,788864.7168
"07-Sep-20",,,,,,3.675374,0.5897,,788864.7168
"08-Sep-20",14.5,14.52,14.21,14.27,139022,3.652947,0.5854,,781385.0496
"09-Sep-20",14.38,14.64,14.2,14.26,105865,3.629194,0.5737,,766082.6112
"10-Sep-20",14.24,14.29,13.88,13.88,97185,3.730512,0.5732,,878459.1816
"11-Sep-20",13.88,13.88,13.55,13.71,232673,3.787101,0.576,,894621.3094
"14-Sep-20",13.83,14.26,13.83,14.18,193546,3.756168,0.5772,,887893.1838
"15-Sep-20",14.32,14.93,14.18,14.54,143808,3.909367,0.5922,775208,921533.8118,
"16-Sep-20",14.64,14.93,14.545,14.83,160701,3.874819,0.5912,,905006.025
"17-Sep-20",14.83,14.9825,14.51,14.58,299141,4.009936,0.5885,,944131.538
"18-Sep-20",14.65,14.76,14.3,14.76,418706,4.325431,0.5793,,1045565.3446
"21-Sep-20",15,15,13.85,13.98,248948,5.330095,0.6088,,1294652.2554
"22-Sep-20",14.05,14.25,13.75,13.94,129768,4.059229,0.5975,,981721.2832
"23-Sep-20",13.88,13.98,13.16,13.18,286389,4.016861,0.581,,987133.0364
"24-Sep-20",13.25,13.51,13.05,13.16,153179,4.106996,0.5858,,852108.6336
"25-Sep-20",13.16,13.63,13.16,13.58,158693,3.666484,0.5735,,755595.2376
"28-Sep-20",13.71,13.99,13.45,13.95,371236,3.623005,0.5742,,750246.3024
"29-Sep-20",13.87,13.94,13.56,13.69,276166,3.717381,0.5759,,775828.1664
"30-Sep-20",13.77,14,13.42,13.54,117224,3.738138,0.5777,718315,776835.9368
"01-Oct-20",14.06,14.22,13.79,14.17,143135,3.830614,0.5791,,794123.0752,
"02-Oct-20",13.92,14.45,13.92,14.41,116665,3.768916,0.5804,,780711.9768
"05-Oct-20",14.45,14.5,14.16,14.38,102271,3.698409,0.5723,,762184.5056
"06-Oct-20",14.46,14.72,14.25,14.46,160105,3.708485,0.5765,,762882.1928
"07-Oct-20",14.46,14.64,14.27,14.54,101439,3.780697,0.5763,,775440.5624
"08-Oct-20",14.99,15,14.59,14.65,140379,3.968177,0.5706,,814898.6496
"09-Oct-20",14.78,14.78,14.4,14.46,59221,4.017132,0.5682,,757965.988
"12-Oct-20",14.44,14.62,14.29,14.55,77736,4.061943,0.5664,,767806.9035
"13-Oct-20",14.37,14.45,14.06,14.07,107315,4.16061,0.5643,,781598.5515
"14-Oct-20",14.04,14.15,13.83,13.84,65971,4.151767,0.5662,,775205.548
"15-Oct-20",13.75,14.21,13.7,14.11,125073,4.062141,0.5635,638350,758037.8195
"16-Oct-20",14.1,14.1,13.83,13.84,63165,4.101466,0.5642,,758684.303
"19-Oct-20",13.87,13.96,13.7,13.74,71634,4.096596,0.5724,,759402.618
"20-Oct-20",13.91,14.1,13.82,13.99,89824,4.164962,0.5624,,766298.442
"21-Oct-20",13.95,14.12,13.7743,14.1,87811,4.336896,0.5644,,795390.1995
"22-Oct-20",14.07,14.26,14.06,14.11,79629,4.546622,0.5734,,828648.184
"23-Oct-20",14.17,14.235,14.06,14.18,61797,4.653316,0.5755,,840500.3815
"26-Oct-20",13.97,14.01,13.675,13.85,82097,4.716677,0.5679,,708504.665
"27-Oct-20",13.78,13.97,13.58,13.59,52867,4.72633,0.5742,,702504.175
"28-Oct-20",13.5,13.55,13.19,13.21,105715,4.672863,0.5625,,688971.155
"29-Oct-20",13.24,13.81,13.1051,13.76,104844,4.705216,0.5602,,690375.525
"30-Oct-20",13.73,13.82,13.41,13.63,129078,4.775084,0.561,659436,696184.51
"02-Nov-20",13.78,13.85,13.61,13.83,74825,5.389755,0.5769,,780446.71
"03-Nov-20",14.07,14.32,13.91,14.18,85657,5.586385,0.5661,,803044.3
"04-Nov-20",14.01,14.12,13.78,13.89,59235,5.641535,0.566,,800490.9
"05-Nov-20",13.82,14.2811,13.82,14.08,105675,5.686927,0.5678,,803171.97
"06-Nov-20",14.22,14.22,13.69,13.84,143293,5.704851,0.5613,,806555.225
"09-Nov-20",14.41,15.4,14.13,14.17,250115,5.889046,0.5528,,817407.175
"10-Nov-20",14.37,15.035,14.35,14.74,420063,5.923748,0.5603,,798445.1088
"11-Nov-20",14.7,14.7,14.33,14.62,88784,6.028771,0.5603,,798445.1088
"12-Nov-20",14.47,14.48,13.9,14.21,184643,6.630118,0.5976,,871972.2228
"13-Nov-20",14.12,14.29,13.99,14.23,104245,5.665899,0.622,479281,737249.448,
"16-Nov-20",14.34,14.61,14.25,14.6,181543,5.931954,0.6137,,776551.8336
"17-Nov-20",14.46,14.82,14.4,14.66,100597,5.281633,0.6155,,687659.8608
"18-Nov-20",14.78,14.9,14.33,14.35,119401,5.041267,0.6191,,654424.2864
"19-Nov-20",14.25,14.42,14.16,14.41,79349,4.799188,0.6136,,621650.3172
"20-Nov-20",14.25,14.345,14.08,14.3,162507,4.743952,0.6142,,614462.4648
"23-Nov-20",14.42,14.5752,14.25,14.3,111350,4.873886,0.6135,,611231.2284
"24-Nov-20",14.57,14.77,14.46,14.6,136994,4.690461,0.6261,,381891.1008
"25-Nov-20",14.6,14.68,14.4,14.46,85060,4.732193,0.6342,,379398.8396
"26-Nov-20",,,,,,4.691618,0.6368,,375995.9445
"27-Nov-20",14.42,14.5099,14.21,14.26,190993,4.672195,0.6367,,377385.8594
"30-Nov-20",14.26,14.54,14.2,14.33,167484,4.521213,0.6317,483777,370484.213
"01-Dec-20",14.52,14.86,14.436,14.71,186749,4.478104,0.6243,,362624.0046
"02-Dec-20",14.72,14.88,14.58,14.71,105651,4.559819,0.6343,,365212.122
"03-Dec-20",14.76,14.97,14.7,14.76,94623,4.589942,0.6486,,361713.3707
"04-Dec-20",14.91,15,14.8,14.99,108352,4.479678,0.6359,,348437.287
"07-Dec-20",15,15.3,14.91,15.16,124849,4.701411,0.6462,,364013.9195
"08-Dec-20",15.05,15.29,15.035,15.29,154334,4.794881,0.6438,,371730.3436
"09-Dec-20",15.31,15.62,15.205,15.39,150735,4.827135,0.634,,489243.6801
"10-Dec-20",15.3,15.37,15.09,15.22,180360,4.737818,0.6376,,484067.2662
"11-Dec-20",15.13,15.23,14.99,15.15,122508,4.725071,0.6376,,484067.2662
"14-Dec-20",15.2,15.73,15.17,15.53,178526,4.578282,0.63,,466312.6503
"15-Dec-20",15.65,15.93,15.46,15.92,221985,4.417843,0.6356,479949,451315.5633,
"16-Dec-20",15.96,16.27,15.81,16,206073,4.339417,0.6329,,446284.2825
"17-Dec-20",16.14,16.59,16.06,16.54,234021,4.225283,0.6294,,437914.9404
"18-Dec-20",16.6,16.67,15.43,15.43,929795,4.061497,0.6284,,448848.3006
"21-Dec-20",15.24,15.47,15.03,15.11,178384,4.423847,0.6258,,477294.3882
"22-Dec-20",15.13,15.225,15.03,15.09,138479,6.903924,0.6166,,736598.8602
"23-Dec-20",15.05,15.385,14.95,14.99,136814,6.770134,0.6086,,722811.2157
"24-Dec-20",15.1,15.145,14.9,15.02,89544,6.88422,0.6048,,765902.6142
"25-Dec-20",,,,,,6.938376,0.603,,771470.0226
"28-Dec-20",15.06,15.1686,15,15.06,168278,6.847512,0.6045,,762159.012
"29-Dec-20",15.14,15.14,14.67,14.73,442590,6.622872,0.6034,,742721.0775
"30-Dec-20",14.83,14.93,14.68,14.87,140895,6.45011,0.6042,,713060.2293
"31-Dec-20",14.89,14.97,14.73,14.81,224967,6.179236,0.6007,744222,688726.815
"01-Jan-21",,,,,,4.769426,0.634,,533319.3288
"04-Jan-21",14.85,14.873,14.34,14.35,167690,4.792473,0.6298,,539126.7117
"05-Jan-21",14.36,14.64,14.32,14.47,233570,4.601635,0.6155,,522232.5069
"06-Jan-21",14.63,15.04,14.6,14.88,194366,4.49538,0.6136,,515033.2719
"07-Jan-21",14.88,14.88,14.44,14.61,116300,4.402958,0.6082,,502170.6387
"08-Jan-21",14.63,14.95,14.63,14.85,98816,4.679143,0.6126,,533511.3084
"11-Jan-21",14.81,14.93,14.52,14.59,110949,4.59562,0.6126,,527463.951
"12-Jan-21",14.56,14.83,14.43,14.75,121453,4.531394,0.6159,,560175.8994
"13-Jan-21",14.72,14.89,14.68,14.78,129213,4.544933,0.6194,,564864.498,
"14-Jan-21",14.91,15.16,14.7604,15.13,144866,4.487872,0.6187,,559878.2106
"15-Jan-21",14.95,15.44,14.89,15.41,186663,4.496496,0.6165,678287,567915.8082
"18-Jan-21",,,,,,4.452896,0.6161,,569478.6744
"19-Jan-21",15.51,15.55,15.05,15.21,116739,4.787667,0.6105,,609815.5068
"20-Jan-21",15.2,15.55,15.15,15.53,130224,4.111121,0.6138,,526760.3316
"21-Jan-21",15.55,15.55,15.07,15.34,110385,4.076491,0.6135,,523411.3326
"22-Jan-21",15.25,15.55,15.14,15.5,210807,4.032081,0.6138,,524155.5546
"25-Jan-21",15.37,15.58,15.08,15.4,116235,4.07691,0.6161,,537179.4396
"26-Jan-21",15.5,15.52,15.26,15.41,109339,3.843658,0.6161,,503838.294
"27-Jan-21",15.15,15.24,14.84,14.9,170659,3.801783,0.6167,,600419.6524
"28-Jan-21",15.07,15.23,14.84,15.07,129306,3.747292,0.6181,,596214.273
"29-Jan-21",14.99,15.14,14.64,14.7,157202,3.660559,0.607,743433,585293.8523
"01-Feb-21",14.76,15.11,14.59,15.05,119870,3.557219,0.6045,,571592.4549
"02-Feb-21",15.13,15.5,14.9741,15.38,119682,3.440365,0.6026,,550429.9005
"03-Feb-21",15.4,15.4863,15.185,15.41,93120,3.460381,0.6141,,554567.4512
"04-Feb-21",15.4,16.05,15.4,15.83,298990,3.42877,0.612,,560807.6916
"05-Feb-21",15.99,16.05,15.79,15.91,175214,3.700993,0.618,,611950.5314
"08-Feb-21",16,16,15.87,15.96,153417,3.624812,0.6014,,603607.6013
"09-Feb-21",16.07,16.48,15.9849,16.48,272676,3.544186,0.6059,,756666.1074
"10-Feb-21",16.5,16.98,16.49,16.89,367784,3.387814,0.6119,,731092.0122
"11-Feb-21",16.89,17.24,16.78,17.21,302373,3.609562,0.6126,,770642.6478
"12-Feb-21",16.78,16.92,16.44,16.53,176539,4.835296,0.5742,906026,1040583.1701,
"15-Feb-21",,,,,,5.014936,0.5692,,1085337.8367
"16-Feb-21",16.49,16.49,16.24,16.38,172287,4.764395,0.5843,,1030844.1978
"17-Feb-21",16.37,16.4,16.16,16.25,151472,4.979266,0.6167,,1074335.0283
"18-Feb-21",16.25,16.31,16.07,16.3,254136,5.034545,0.6179,,1101619.0194
"19-Feb-21",16.39,16.52,16.3,16.43,273406,4.828551,0.6184,,1071361.2963
"22-Feb-21",16.35,17.36,16.3105,17.3,269505,4.919199,0.6202,,1112175.768
"23-Feb-21",17.26,17.36,16.94,16.96,162597,4.880442,0.6218,,1101395.9895
"24-Feb-21",17.05,17.17,16.9301,17.08,105161,4.883114,0.6218,,958937.9184
"25-Feb-21",17,17.35,16.83,17.02,186964,4.653424,0.6284,,917894.9406
"26-Feb-21",17.1,17.22,16.73,17.07,442140,4.471791,0.6294,780952,909740.7066
"01-Mar-21",17.33,17.48,17.06,17.07,121429,4.613332,0.6321,,934656.4216
"02-Mar-21",16.98,17.67,16.75,17.41,265856,4.786859,0.6303,,976514.8228
"03-Mar-21",17.33,18.02,17.27,17.95,348129,4.599796,0.6361,,958031.8924
"04-Mar-21",17.9,18.1,17.51,17.8,271238,4.73705,0.6329,,1001339.9352
"05-Mar-21",17.97,18.17,17.5558,18.17,252317,4.913604,0.6376,,1051080.7626
"08-Mar-21",18.28,18.85,18.17,18.8,214533,4.930955,0.6322,,1062587.2928
"09-Mar-21",18.95,19.17,18.26,18.26,174243,4.941176,0.6299,,915588.1248
"10-Mar-21",18.34,18.98,18.07,18.87,212249,4.891973,0.6298,,910980.508
"11-Mar-21",19.15,19.44,18.62,18.84,249125,4.819442,0.6257,,902468.1312
"12-Mar-21",19.13,19.51,18.9,19.28,365864,4.700299,0.6127,,897470.0384
"15-Mar-21",19.32,19.605,19.13,19.54,222186,4.541957,0.6243,811835,870292.9088,
"16-Mar-21",19.5,19.5,19.01,19.35,141702,4.281241,0.6305,,815079.6024
"17-Mar-21",19.07,19.28,18.925,19.26,106819,4.708923,0.6257,,889504.328
"18-Mar-21",19.39,19.52,19.165,19.36,142393,4.551065,0.6288,,853346.2504
"19-Mar-21",19.4,19.63,19.06,19.09,613748,4.596944,0.6335,,839991.9712
"22-Mar-21",19.24,19.24,18.8,18.85,276378,4.465227,0.6328,,822498.6464
"23-Mar-21",18.72,19.15,18.65,18.86,238150,3.755211,0.6284,,697390.136
"24-Mar-21",18.93,19.06,18.34,18.39,196111,3.715501,0.6324,,646788.9445
"25-Mar-21",18.34,18.7,18.01,18.58,199808,3.571543,0.622,,627304.9045
"26-Mar-21",18.72,19.42,18.64,19.39,495172,3.472979,0.6197,,624057.5645
"29-Mar-21",19.23,19.64,19.19,19.38,272475,3.388911,0.6128,,613828.4435
"30-Mar-21",19.24,19.755,19.24,19.47,274264,3.400205,0.6395,,607902.048
"31-Mar-21",19.43,19.57,19.14,19.17,496216,3.343553,0.642,681841,614315.5445
"01-Apr-21",19.32,19.54,19.1607,19.54,281151,3.633727,0.6229,,670413.343,
"02-Apr-21",,,,,,3.633727,0.6126,,670413.343
"05-Apr-21",19.6,19.86,19.13,19.41,271373,3.166549,0.629,,588823.9255
"06-Apr-21",19.38,19.41,19.19,19.32,217443,3.153674,0.6313,,585738.9525
"07-Apr-21",19.34,19.69,19.315,19.56,390973,3.089697,0.6293,,582248.062
"08-Apr-21",19.5,19.81,19.23,19.69,301227,2.952885,0.6281,,564062.958
"09-Apr-21",19.76,19.76,19.3,19.37,194810,2.933916,0.6278,,626407.3267
"12-Apr-21",19.27,19.44,19.17,19.21,161796,2.951527,0.6255,,632475.7116
"13-Apr-21",19.16,19.31,19.07,19.25,223700,2.776785,0.6284,,599406.4231
"14-Apr-21",19.3,19.685,19.3,19.41,263072,2.656984,0.6266,,579019.3772
"15-Apr-21",19.5,19.86,18.95,19.76,919354,2.462462,0.6348,583466,566064.3982
"16-Apr-21",19.86,20.03,19.665,20,454903,2.423989,0.6297,,567223.5279
"19-Apr-21",20,20.18,19.7,20.12,476109,2.18059,0.6194,,517926.4236
"20-Apr-21",20.01,20.72,19.69,20.72,490847,1.858924,0.6206,,452060.583
"21-Apr-21",20.72,21.24,20.51,21.2,407879,1.610528,0.629,,398467.8804
"22-Apr-21",21.26,21.56,21.06,21.4,211160,1.824494,0.6023,,454174.2901
"23-Apr-21",21.41,21.61,21.37,21.46,242685,1.802944,0.6069,,449674.1395
"26-Apr-21",21.51,21.7999,21.45,21.58,206381,1.868577,0.6068,,483051.5014
"27-Apr-21",21.5,21.52,21.18,21.26,188316,1.838108,0.6098,,477450.2278
"28-Apr-21",21.38,21.48,21.15,21.18,113803,1.947027,0.5991,,503997.9308
"29-Apr-21",21.21,21.59,21.2,21.4,114831,1.94759,0.5935,,503706.1978
"30-Apr-21",21.29,21.69,21.265,21.53,212931,1.941744,0.5964,674448,503881.2376
"03-May-21",21.75,21.78,21.46,21.68,258852,1.871382,0.5669,,494020.6622
"04-May-21",21.7,21.99,21.59,21.71,221547,2.14258,0.5686,,569987.9354
"05-May-21",21.74,21.74,21.3,21.62,161934,2.144578,0.5779,,565845.3268
"06-May-21",21.59,21.84,21.53,21.77,194983,2.259888,0.5749,,597002.4112
"07-May-21",21.81,22.359,21.72,22.13,197576,2.421121,0.5684,,636911.4856
"10-May-21",22.31,22.57,21.9707,22.1,343251,2.465236,0.5622,,655699.0908
"11-May-21",21.93,21.93,21.21,21.8,204840,2.513036,0.5823,,886022.3376
"12-May-21",21.8,21.97,20.6,20.78,314919,2.419562,0.5945,,853716.2784
"13-May-21",20.74,21.28,20.74,21.1,273864,2.644014,0.6002,,938359.5024
"14-May-21",20.99,21.41,20.95,21.18,388978,2.631721,0.6014,678519,940585.1808,
"17-May-21",21.15,21.28,20.98,21.2,286985,2.578613,0.6009,,927838.1136
"18-May-21",21.1,21.31,20.92,20.93,213355,2.209432,0.597,,797871.984
"19-May-21",20.66,20.81,20.29,20.77,150301,2.255912,0.5898,,809742.2688
"20-May-21",20.74,21.265,20.65,21.25,278160,2.152792,0.5979,,772917.408
"21-May-21",21.33,21.67,21,21.6,689384,2.071241,0.6073,,761451.792
"24-May-21",21.68,21.74,21.38,21.47,258321,2.067487,0.6102,,764621.6976
"25-May-21",21.48,21.5,21.18,21.22,340919,1.915451,0.5911,,517845.7008
"26-May-21",21.32,21.35,21.03,21.27,220176,1.923992,0.5888,,521102.592
"27-May-21",21.48,21.52,21.005,21.11,966761,1.755484,0.5653,,489347.9028
"28-May-21",21.23,21.25,20.955,21.21,210522,1.653551,0.5623,576460,458950.2516
"31-May-21",,,,,,1.650466,0.5626,,458068.1769
"01-Jun-21",21.26,21.65,21.21,21.51,240175,1.523321,0.6014,,421631.7066
"02-Jun-21",21.69,21.87,21.39,21.81,423747,1.422895,0.595,,400122.6543
"03-Jun-21",21.93,21.99,21.545,21.92,263525,1.418669,0.571,,398901.3201
"04-Jun-21",21.95,22,21.5,21.9,246367,1.358196,0.5252,,379834.9362
"07-Jun-21",22.03,22.62,21.9346,22.49,318406,1.310639,0.4947,,368300.1132
"08-Jun-21",22.64,22.895,22.4,22.69,547270,1.124608,0.4951,,320193.1161
"09-Jun-21",22.87,23.17,22.87,22.96,382332,1.114812,0.4941,,402080.85
"10-Jun-21",23.04,23.0894,22.79,22.93,229977,1.034983,0.4693,,374353.124
"11-Jun-21",22.93,22.93,22.38,22.46,158172,1.034115,0.4688,,373027.266
"14-Jun-21",22.47,22.57,22.2902,22.48,156648,0.980836,0.4674,,350948.848
"15-Jun-21",22.51,22.65,22.305,22.43,191212,0.978072,0.4711,914141,348008.902,
"16-Jun-21",22.4,22.59,22.31,22.36,212491,0.951273,0.4807,,338324.374
"17-Jun-21",22.36,22.4525,22.01,22.08,271979,0.925695,0.5017,,331406.854
"18-Jun-21",21.9,21.963,21.36,21.36,476042,1.365447,0.4944,,498119.086
"21-Jun-21",21.44,22.135,21.42,22.05,188950,0.922657,0.5136,,332098.606
"22-Jun-21",21.99,22.28,21.81,22.13,165424,0.801797,0.5248,,286558.266
"23-Jun-21",22.06,22.29,22.015,22.19,141442,0.770199,0.5169,,273357.332
"24-Jun-21",22.19,23.31,21.94,22.43,221293,0.83294,0.5144,,775922.8808
"25-Jun-21",22.4,22.62,22.3,22.45,403585,0.850903,0.4951,,801153.1724
"28-Jun-21",22.43,22.5,21.6444,21.98,126124,0.976156,0.518,,906279.3874
"29-Jun-21",22.09,22.2,21.87,21.95,124214,1.17232,0.5366,,1078686.38
"30-Jun-21",21.82,22.1409,21.79,21.82,128000,1.216593,0.5343,875820,1110864.1432
"01-Jul-21",21.96,22.1,21.65,21.93,154001,1.235797,0.5306,,1108670.2048,
"02-Jul-21",21.96,22.14,21.86,21.93,568531,1.15968,0.5372,,1056746.996
"06-Jul-21",21.9,21.99,21.5,21.97,98755,1.24713,0.5398,,1125856.0556
"07-Jul-21",22,22.11,21.86,21.98,111296,1.252704,0.5341,,1124393.43
"08-Jul-21",21.88,21.96,21.52,21.68,108014,1.254474,0.5307,,1108578.7907
"09-Jul-21",21.9,22.06,21.7,22.03,116848,1.322709,0.5367,,1156936.8496
"12-Jul-21",22.07,22.82,21.87,22.81,248775,1.250021,0.5331,,864609.504
"13-Jul-21",22.84,23.12,22.54,22.68,275277,1.057257,0.5074,,735863.964
"14-Jul-21",22.69,22.88,22.515,22.57,124673,1.223628,0.4855,,847005.522
"15-Jul-21",22.57,22.96,22.47,22.93,155885,1.24143,0.4577,483240,854187.246
"16-Jul-21",23.1,23.3341,22.75,22.78,157346,1.185369,0.4663,,780705.948
"19-Jul-21",22.52,22.78,22.03,22.26,169463,1.247947,0.4626,,808119.114
"20-Jul-21",22.51,23.7,22.495,23.56,322014,1.111459,0.4704,,713092.644
"21-Jul-21",23.74,24.05,23.46,23.49,135158,1.151176,0.4747,,722814.246
"22-Jul-21",23.31,23.4,22.83,23.13,145594,1.301889,0.4657,,804177.924
"23-Jul-21",23.28,23.28,22.88,23.19,104390,1.220705,0.4711,,749001.264
"26-Jul-21",23.31,23.49,22.95,23.17,174638,1.293202,0.4745,,446997
"27-Jul-21",23.17,23.52,23.09,23.27,123861,1.214802,0.4697,,417664.332
"28-Jul-21",23.3,23.3,22.81,23.03,81229,1.198536,0.4598,,409304.28
"29-Jul-21",23.04,23.51,23.04,23.28,89710,1.267727,0.4676,,432258.18
"30-Jul-21",23.26,23.67,23.11,23.28,144978,1.237724,0.4598,445892,422835
"02-Aug-21",23.3,23.55,22.96,22.98,109146,1.289326,0.4479,,437525.496
"03-Aug-21",23,23.25,22.77,23.18,107626,1.343725,0.454,,452071.02
"04-Aug-21",22.97,23.245,22.82,23.21,154573,1.378891,0.4523,,460817.664
"05-Aug-21",23.09,24.38,23.09,24.03,194054,1.345705,0.4379,,448929.96
"06-Aug-21",24.31,24.87,24.13,24.18,206135,1.358753,0.4581,,454583.868
"09-Aug-21",24.34,24.41,23.88,24.13,177080,1.389678,0.459,,465650.064
"10-Aug-21",24.09,24.175,23.45,23.47,120871,1.488316,0.4663,,521871.9968
"11-Aug-21",23.59,23.67,23.38,23.49,140142,1.476161,0.4575,,510813.8752
"12-Aug-21",23.44,23.7,23.24,23.55,176591,2.18931,0.5052,,756188.2428
"13-Aug-21",23.36,23.44,23.12,23.44,98328,2.703617,0.5089,505819,920544.034,
"16-Aug-21",23.41,23.48,23,23.01,99733,3.157887,0.5069,,1050967.444
"17-Aug-21",22.85,23.14,22.57,23.12,137542,1.662573,0.4518,,550007.782
"18-Aug-21",23.15,23.26,22.86,22.95,117937,1.416839,0.4333,,463281.788
"19-Aug-21",22.71,23.03,22.5,22.79,214180,1.335835,0.4214,,436795.8032
"20-Aug-21",22.7,23.36,22.58,23.31,297004,1.332639,0.4227,,440229.1716
"23-Aug-21",23.31,23.43,22.71,22.81,216160,0.939734,0.428,,298970.586
"24-Aug-21",22.92,22.925,22.2,22.76,231511,1.436405,0.4578,,251392.043
"25-Aug-21",22.72,23.12,22.38,22.87,245537,1.135221,0.4322,,198483.3756
"26-Aug-21",22.88,23.0724,22.48,22.65,177966,0.90543,0.3945,,156500.3986
"27-Aug-21",23.03,23.5,22.76,23.4,229849,0.805822,0.3755,,139353.1345
"30-Aug-21",23.41,23.93,23.04,23.93,286685,0.801033,0.3586,,131664.6857
"31-Aug-21",23.81,24.05,23.42,23.7,468231,0.814222,0.3634,458700,136520.5481
"01-Sep-21",23.69,23.86,23.32,23.8,222986,0.892019,0.3712,,149773.0059
"02-Sep-21",24.05,24.51,23.92,24.49,513754,1.233646,0.4562,,211230.0144
"03-Sep-21",24.41,25,24.25,24.98,347124,1.219566,0.4539,,207689.2814
"06-Sep-21",,,,,,1.185112,0.4489,,200456.0697
"07-Sep-21",24.98,24.98,24.55,24.76,372401,1.259685,0.4695,,215681.2216
"08-Sep-21",24.6,25.7,24.43,25.58,516240,1.286616,0.4766,,223470.8342
"09-Sep-21",25.62,25.68,24.91,24.98,335418,1.242314,0.5154,,212494.5619
"10-Sep-21",25.06,25.06,23.95,23.95,261989,1.407411,0.5401,,801624.12
"13-Sep-21",24.11,24.36,23.92,24.02,228830,1.534747,0.5191,,877401.36
"14-Sep-21",24.15,24.34,23.9,24.22,232031,1.318995,0.5195,,755295.42
"15-Sep-21",24.24,24.39,23.9,24.36,389306,1.146197,0.5159,580848,667500.24,
"16-Sep-21",24.335,24.35,23.79,23.99,268418,1.077477,0.5116,,630987.72
"17-Sep-21",24.07,24.07,23.26,23.34,422499,1.208242,0.5324,,718186.59
"20-Sep-21",23,23.37,22.6721,23.27,242846,1.25521,0.5771,,730754.97
"21-Sep-21",23.45,23.67,23.25,23.5,173517,0.886675,0.6117,,514707.27
"22-Sep-21",23.71,23.97,23.7,23.84,198331,0.840891,0.5883,,488469.63
"23-Sep-21",23.9,24.14,23.76,23.79,157961,0.973382,0.5836,,565118.4
"24-Sep-21",23.76,23.87,23.44,23.5,111405,1.02335,0.5615,,515909.1936
"27-Sep-21",23.51,23.95,23.27,23.41,135582,1.032119,0.5604,,509694.12
"28-Sep-21",23.47,23.83,23.08,23.21,151928,1.051173,0.5453,,516954.72
"29-Sep-21",23.42,23.61,23.25,23.46,104654,1.267313,0.543,,622262.4624
"30-Sep-21",23.66,23.695,22.88,22.9,161364,1.210358,0.5414,588890,595950.048
"01-Oct-21",22.95,23.5,22.85,23.4,273780,1.122602,0.5482,,558717.6912,
"04-Oct-21",23.38,23.55,23.07,23.31,155671,1.124374,0.5644,,544719.2544
"05-Oct-21",23.45,23.45,22.88,23.05,170133,1.063351,0.5661,,513818.1408
"06-Oct-21",22.79,23.03,22.51,22.98,203278,0.982663,0.558,,474843.24
"07-Oct-21",23.23,23.44,23.05,23.11,157632,1.034092,0.5681,,501852.672
"08-Oct-21",23.11,23.11,22.54,22.58,103368,0.872207,0.5698,,423031.5984
"11-Oct-21",22.6,22.6,22.26,22.47,360604,0.850441,0.5698,,418053.011
"12-Oct-21",22.54,23.1,22.43,23.03,173075,0.792444,0.5634,,388490.733
"13-Oct-21",22.92,23.27,22.83,23.19,162337,0.839945,0.6048,,409219.661
"14-Oct-21",23.43,23.73,23.3,23.68,186036,1.023083,0.6183,,495197.601
"15-Oct-21",23.91,23.98,23.53,23.54,225495,0.973001,0.617,449782,474409.784
"18-Oct-21",23.46,23.85,23.31,23.63,153879,0.995369,0.6137,,487070.919
"19-Oct-21",23.77,23.8,23.11,23.58,261747,1.000339,0.6028,,491369.816
"20-Oct-21",23.61,24.22,23.59,24.14,119290,1.095672,0.5977,,536302.123
"21-Oct-21",24.13,24.31,24.03,24.14,138276,1.027347,0.5945,,496139.825
"22-Oct-21",24.15,24.45,24.1,24.12,100697,1.045234,0.6008,,503500.95
"25-Oct-21",24.12,24.34,23.94,24.15,89984,1.227995,0.5981,,593542.231
"26-Oct-21",24.16,24.257,24,24.11,112525,1.150088,0.5932,,523366.3352
"27-Oct-21",24.12,24.15,23.815,23.87,118832,1.099942,0.5851,,498493.3906
"28-Oct-21",23.82,24.27,23.69,24.24,73792,1.153753,0.5826,,520937.5124
"29-Oct-21",24.16,24.22,23.78,23.94,154366,1.151412,0.5719,,522691.6622
"01-Nov-21",23.97,24.34,23.76,24.26,165223,1.324921,0.575,,607565.5256
"02-Nov-21",24.37,24.5,24.185,24.21,85932,1.220735,0.576,,554851.0752
"03-Nov-21",24.07,24.63,24.07,24.4,110817,1.229857,0.5745,,559079.026
"12-Nov-21",,,,,,,,,,
"19-Nov-21",,,,,,,,,,,0
"15-Dec-21",,,,,,,,,,