"Date","open VRCA Price in USD","high VRCA Price in USD","low VRCA Price in USD","close VRCA Price in USD","VRCA Volume","Days to cover 3m (on loan)","Cost To Borrow","Exchange Reported SI","Estimated Short Interest","Dividends","hidden"
"15-Jun-18",20,22,16.54,17.5,1162987
"18-Jun-18",17.98,19,17.5,18.5,178140
"19-Jun-18",18.42,20.85,18.32,19.57,171694
"20-Jun-18",19.66,23.29,19.66,20.24,178464
"21-Jun-18",20.28,21.013,19.5591,20.06,48809,,3.1158
"22-Jun-18",20,21.439,20,20.03,18096,,1.1426
"25-Jun-18",20.08,20.42,19.5,20.3373,39902,,3.6879
"26-Jun-18",20.24,20.9999,20,20.25,24781
"27-Jun-18",20.15,20.9087,19.5,19.66,22947,,6.9511
"28-Jun-18",20.13,20.3,19.5,19.6,14446,,6.1998
"29-Jun-18",19.99,19.99,19.5,19.73,7368
"02-Jul-18",19.62,20.24,19.5,19.88,4007,,4.8169
"03-Jul-18",19.84,20.11,19.5,19.65,6758,,5.3049
"04-Jul-18",,,,,,,5.3049
"05-Jul-18",19.8,20.06,19.58,19.77,7511,0.007423,5.3049
"06-Jul-18",19.77,20.03,19.25,19.82,23768
"09-Jul-18",19.95,20.08,19.26,19.79,9240,0.02418,5.7864
"10-Jul-18",20,20,18.06,18.54,39238,0.006945,6.014
"11-Jul-18",18.97,19.19,18.06,18.64,28191,0.001812,2.4686
"12-Jul-18",18.58,18.98,18.5511,18.65,28240
"13-Jul-18",18.76,19.1,18.5,18.87,21021,0.005895,7.0375
"16-Jul-18",18.58,18.98,18.27,18.42,38008
"17-Jul-18",18.42,18.715,18.1,18.31,28857,0.018835,6.7022
"18-Jul-18",18.25,18.92,18.1,18.4,19935
"19-Jul-18",18.25,18.65,18.25,18.425,9073
"20-Jul-18",18.74,18.9,18.45,18.45,11987,0.02216,6.5546
"23-Jul-18",18.79,18.8,18.5,18.6,10271,0.014486,6.5976
"24-Jul-18",19.1,19.1,18.57,18.71,13441,0.011213,6.6866
"25-Jul-18",18.68,18.81,18.11,18.25,22198
"26-Jul-18",18.1,18.14,17,17.6,21532,0.018364,6.6866
"27-Jul-18",17.73,18.505,17.32,17.68,19201,0.017488,6.6866
"30-Jul-18",17.68,18.19,17.2845,17.6,7768,0.02909,7.2735
"31-Jul-18",17.98,17.98,17.33,17.4,14499
"01-Aug-18",17.37,17.88,16,16.33,82832,0.028263,7.1537
"02-Aug-18",16.09,16.48,13.23,14.31,131814,0.033076,7.3027
"03-Aug-18",14.26,14.85,13.41,13.94,95591
"06-Aug-18",14,15.55,13.42,14.7,119168,0.052353,7.6542
"07-Aug-18",14.86,15.3885,14.25,14.36,94421,0.05331,7.6472
"08-Aug-18",14.48,15,14.35,14.57,98079
"09-Aug-18",14.49,15.29,14.2604,15.2,51557
"10-Aug-18",15.29,15.55,14.8807,15.1,66990,0.121624,8.3078
"13-Aug-18",15.1,15.47,14.81,15,26394,0.089625,8.1971
"14-Aug-18",15.3,16.23,15.04,16.18,20633,0.096714,8.0688
"15-Aug-18",16.06,17.3101,15.85,16.14,69882,0.152102,8.1492
"16-Aug-18",16.32,17.2035,16.01,16.1,46074,0.097598,8.3441
"17-Aug-18",16.21,17.14,16.1,16.85,23550,0.066522,8.0958
"20-Aug-18",16.95,17.27,15.97,17.2,43516,0.06851,8.1287
"21-Aug-18",17.08,17.95,16.6833,17.25,43636,0.083453,8.4274
"22-Aug-18",17.12,18.575,16.71,17.74,144129,0.059109,7.9779
"23-Aug-18",17.48,18.03,16.5822,17.5,37247,0.059689,7.9779
"24-Aug-18",17.64,17.688,17.055,17.59,31071,0.110666,8.7233
"27-Aug-18",17.69,18,17.15,17.35,36275,0.136378,8.6035
"28-Aug-18",17.5,17.95,17.11,17.95,43187,0.064298,8.0116
"29-Aug-18",17.83,17.83,17.1,17.16,62172,0.099542,8.4075
"30-Aug-18",17.1,17.8,16.8,17.4,27972,0.111003,8.6365
"31-Aug-18",17.325,17.77,17.137,17.6,20990
"03-Sep-18",,,,,,0.092927,8.1988
"04-Sep-18",17.57,17.95,16.125,16.45,108658,0.100789,8.3387
"05-Sep-18",16.43,16.8,15.0505,15.96,63407,0.097927,8.6881
"06-Sep-18",16.08,17.39,15.565,16.73,203208,0.080301,8.3237
"07-Sep-18",16.76,18,16.145,16.65,109449,0.073851,8.86
"10-Sep-18",16.74,16.86,16,16.4,86402,0.083477,9.365
"11-Sep-18",16.31,16.95,15.5,16.21,123695,0.095042,9.4126
"12-Sep-18",16.23,17.4,15.2,16.37,82172
"13-Sep-18",16.47,17.379,15.88,16.59,82835,0.109882,11.4517
"14-Sep-18",16.87,16.87,16.05,16.42,75357,0.070884,9.8876
"17-Sep-18",16.44,17.0561,16.081,16.36,86174,0.107031,10.1586
"18-Sep-18",16.25,17.01,16.1726,16.46,73395,0.111903,10.6136
"19-Sep-18",16.61,17.44,16.535,17.2,133773,0.089544,9.8161
"20-Sep-18",17.11,17.63,16.17,16.49,149604,0.058842,9.4718
"21-Sep-18",16.51,17.05,15.46,16.32,732898,0.079476,9.7205
"24-Sep-18",16.38,16.62,15.795,16.15,74878,1.013793,10.7678
"25-Sep-18",16.501,16.59,15.63,15.7,76293,0.926661,8.5524
"26-Sep-18",15.74,16.8,15.74,16,69115,0.788766,7.3828
"27-Sep-18",16.38,16.51,16.04,16.32,32796,0.987944,6.5743
"28-Sep-18",16.29,16.74,15.28,16.25,127410,0.977572,6.0212
"01-Oct-18",16.37,16.93,15.84,16.12,65896,0.857374,3.8521
"02-Oct-18",16.12,16.335,15.66,15.93,86235,0.795096,4.8168
"03-Oct-18",15.93,15.99,15.685,15.93,42865,0.824963,4.3082
"04-Oct-18",15.85,15.95,14.85,14.96,102101,0.46879,4.5561
"05-Oct-18",14.93,15.57,13.51,13.99,69619,0.474555,4.1772
"08-Oct-18",14.02,14.71,14,14.15,27716,0.467723,4.1772
"09-Oct-18",14.07,14.91,14.01,14.33,32039,0.423268,3.2123
"10-Oct-18",14.26,14.26,13.05,14.05,52088,0.420826,3.0842
"11-Oct-18",14,14,13,13.21,102454,0.50218,3.7008
"12-Oct-18",13.45,13.95,13.08,13.95,47743,0.589448,4.0285
"15-Oct-18",13.83,14,13.27,13.92,30222,0.373606,2.0272
"16-Oct-18",13.95,14.15,13.5675,13.92,24495,0.470746,2.5105
"17-Oct-18",13.89,13.89,13.14,13.5,27723,0.515411,3.2734
"18-Oct-18",13.375,14.185,13.24,13.81,28579,0.544324,3.7439
"19-Oct-18",13.83,13.99,13.59,13.79,23306,0.545674,3.9833
"22-Oct-18",13.78,13.8635,13.11,13.24,15850,0.593552,4.1055
"23-Oct-18",13.1,13.52,12.69,13.14,36894,0.625393,4.1635
"24-Oct-18",13.11,13.43,12.54,12.66,31025,0.71246,3.771
"25-Oct-18",12.74,13.08,12.02,12.95,39963,0.700473,3.6782
"26-Oct-18",12.75,12.96,12.01,12.51,18154
"29-Oct-18",12.7,14.136,12.69,13.02,28080
"30-Oct-18",13.467,13.53,12.56,12.96,78549
"31-Oct-18",13.1,13.54,12.5625,13.2,37850
"01-Nov-18",13.23,13.98,12.51,13.35,52611
"02-Nov-18",13.39,13.63,12.895,13.36,16038
"05-Nov-18",13.41,13.52,12.75,13.43,21765,0.618736,3.4301
"06-Nov-18",13.375,13.7971,13.2,13.26,14977,0.5792,3.3571
"07-Nov-18",13.26,13.88,13.25,13.34,22114,0.602305,3.1972
"08-Nov-18",13.39,13.39,12.45,12.76,27423,0.658556,3.0112
"09-Nov-18",12.67,12.69,11.415,11.99,38355,0.739396,2.8944
"12-Nov-18",11.95,14.85,11.95,14,114662,0.728819,2.8944
"13-Nov-18",14,15.6,13.33,15.23,90620,0.788799,2.639
"14-Nov-18",15.4,15.4,13.1074,13.57,120134,1.036531,2.129
"15-Nov-18",13.56,14.24,13.44,13.64,67879,1.272909,1.9
"16-Nov-18",13.5,13.9,13.15,13.45,27986,2.207992,1.3523
"19-Nov-18",13.5,13.59,13.25,13.26,48900,2.369678,1.2445
"20-Nov-18",13.26,13.2713,12.31,12.34,36513,2.487236,1.2188
"21-Nov-18",12.25,12.43,11.77,12.05,19727,2.770425,1.2933
"22-Nov-18",,,,,,2.769307,1.2894
"23-Nov-18",12.1,12.684,11.63,12.24,9098,2.692545,1.1162
"26-Nov-18",12.085,12.085,11.6,11.7,18323,2.7136,1.121
"27-Nov-18",12.05,12.78,11.1,11.36,47064,2.859451,1.1882
"28-Nov-18",11.59,12.14,11.125,11.68,28855,2.913484,1.1795
"29-Nov-18",11.65,11.9149,11.11,11.62,28998,2.993405,1.1604
"30-Nov-18",11.65,12.5,11.57,12,41438,3.084204,1.1438
"03-Dec-18",12.18,12.36,11.5,11.79,22310
"04-Dec-18",11.77,12.2636,10.8,10.86,21446
"06-Dec-18",10.53,10.627,10.12,10.25,23959,3.445934,1.0538
"07-Dec-18",10.35,10.53,10.03,10.25,41747,3.575528,1.0614
"10-Dec-18",10.23,10.54,9.905,10.21,35488,3.583332,1.0542
"11-Dec-18",10.3,10.31,9.93,10,30494,3.664596,1.0879
"12-Dec-18",10,10.57,9.71,10.34,35208,3.284173,1.1584
"13-Dec-18",10.34,10.5,10.15,10.22,26131,3.166993,1.1935
"14-Dec-18",10.15,10.34,9.8495,10.04,17501,3.12267,1.3031
"17-Dec-18",10.01,10.3,9.6,9.6,30392,3.107368,1.3139
"18-Dec-18",9.5,9.77,8.7,8.78,50523,2.996756,1.2615
"19-Dec-18",8.64,9.145,7.54,8.48,83953
"20-Dec-18",8.41,8.51,6.44,7.34,102301,2.750876,1.2298
"21-Dec-18",7.33,7.425,6.51,6.75,201380
"24-Dec-18",6.61,7.14,6.61,6.85,14635
"25-Dec-18",,,,,,3.013777,1.2941
"26-Dec-18",7.06,9.25,7.06,9.13,66517
"27-Dec-18",9.1,9.27,8.13,8.33,37576
"28-Dec-18",8.06,8.96,8.06,8.78,11075
"31-Dec-18",8.97,9,8,8.15,32743,2.319375,1.5904
"02-Jan-19",8.02,8.2,7.75,7.95,17419
"03-Jan-19",9.01,9.52,8.2001,8.5,272633
"04-Jan-19",8.6,10,8.51,9.92,88508
"07-Jan-19",10,12.131,9.67,11.54,170733
"08-Jan-19",11.8,11.8,9.92,10.47,87756
"09-Jan-19",10.56,12.03,10.35,11.75,44440
"10-Jan-19",11.85,11.85,11.05,11.5,38652
"11-Jan-19",11.29,11.45,10.5,11.01,31943
"14-Jan-19",10.74,11,10.13,10.45,53172
"15-Jan-19",10.36,10.53,9.9946,10.47,9291
"16-Jan-19",10.5,10.72,10.2,10.48,8708
"17-Jan-19",10.48,10.52,10,10.3,25535
"18-Jan-19",10.39,10.67,10.24,10.42,34084
"22-Jan-19",10.4,10.4,9.8,9.89,39509
"23-Jan-19",9.92,10.39,9.7,10.35,8059
"24-Jan-19",10.33,10.375,10.195,10.34,10306
"25-Jan-19",10.33,11.74,10.01,11.07,35089,6.080003,1.7496
"28-Jan-19",10.91,11.17,10.42,11.11,35466,1.436737,2.3716
"29-Jan-19",11.11,11.94,10.75,11.61,44964,1.042906,2.7283
"30-Jan-19",11.89,12.1965,11.3,12.01,50318,0.925708,2.8417
"31-Jan-19",12.02,12.18,11.73,11.97,26342,2.440778,2.0621
"01-Feb-19",12.09,12.5,11.5575,12.27,38498,1.051172,2.7943
"04-Feb-19",12.39,13.07,12.05,12.93,81548,1.08117,2.6465
"05-Feb-19",13,13.6,12.4616,13.5,52423,1.098296,2.5932
"06-Feb-19",13.46,13.72,13.15,13.5,37307,1.23177,2.7706
"07-Feb-19",13.39,13.9135,12.81,13.51,47910,1.228628,2.5945
"08-Feb-19",13.41,14.8,12.51,14.07,53298,1.116096,2.4014
"11-Feb-19",14.18,14.29,12.57,12.99,55222,0.991121,2.4514
"12-Feb-19",13.08,13.7845,12.53,12.73,58968,0.909593,2.6203
"13-Feb-19",12.88,13.1,11.17,12.37,65734,1.085545,1.9849
"14-Feb-19",12.18,12.8,11.49,11.97,22670,1.330445,1.6351
"15-Feb-19",12.01,13.62,11.25,12.71,42937,1.81719,1.3382
"18-Feb-19",,,,,,1.817649,1.3382
"19-Feb-19",12.5,12.5,10.68,11.09,77759,3.141082,1.0016
"20-Feb-19",11.1,12.11,10.72,11.12,54737,3.253193,0.9376
"21-Feb-19",11.12,11.7,10.785,11.09,37388,3.4408,0.9062
"22-Feb-19",11.12,11.5872,10.7,10.82,51451,3.662846,0.9151
"25-Feb-19",11.01,12.03,10.92,11.01,56765,3.80507,0.9069
"26-Feb-19",11.01,11.29,10.65,10.77,34447,4.117232,0.9029
"27-Feb-19",10.78,11.3,10.62,10.86,37149,3.787947,0.8925
"28-Feb-19",10.84,12.41,10.76,11.32,86408,4.012499,0.8666
"01-Mar-19",11.54,13.42,11.2,12.11,57949,3.710546,0.8424
"04-Mar-19",12.83,13.8972,12.09,12.66,121772,3.226641,0.8036
"05-Mar-19",12.67,12.95,11.66,12.7,95599,3.166226,0.7824
"06-Mar-19",12.108,12.38,11.48,11.87,116544,3.133004,0.793
"07-Mar-19",11.9,12.21,11.48,11.76,30492,3.36246,0.7655
"08-Mar-19",11.75,12.32,10.85,10.98,68834,3.88401,0.7543
"11-Mar-19",10.99,11.46,10.68,11,94980,3.818794,0.751
"12-Mar-19",11.28,12.5,10.8,12,195084,3.564926,0.7121
"13-Mar-19",12.29,13.39,12.16,12.57,75096,3.412778,0.7136
"14-Mar-19",12.58,13.12,12.37,13.02,44150,3.734711,0.6861
"15-Mar-19",13.02,13.06,12.515,12.9,442302,3.322421,0.6421
"18-Mar-19",13.15,13.15,11.6,12.3,81371,2.768665,0.6409
"19-Mar-19",12.53,12.87,11.9591,12.78,36593,6.845821,0.798
"20-Mar-19",12.6,12.62,11.9,12.07,24862,5.048517,0.7521
"21-Mar-19",11.95,12.7,11.8,12.29,33829,5.32357,0.7544
"22-Mar-19",12.17,12.22,11.42,11.54,50143,6.218513,0.7601
"25-Mar-19",11.55,11.93,11.1101,11.25,53660,5.717663,0.7551
"26-Mar-19",11.48,11.76,10.8,11.09,50294,6.725436,0.7944
"27-Mar-19",11.04,11.04,10.5,10.95,29905,6.019375,0.7608
"28-Mar-19",11.14,11.32,10.695,11.3,16858,6.681671,0.7823
"29-Mar-19",11.43,11.4948,10.6,10.81,57497,6.000299,0.7499
"01-Apr-19",11.11,11.11,10.17,10.34,59447,6.851305,0.7888
"02-Apr-19",10.25,10.8,9.97,10.23,64235,6.036952,0.7542
"03-Apr-19",10.4,10.56,10.21,10.49,23763,6.625925,0.7768
"04-Apr-19",10.34,10.969,10.07,10.35,43979,6.555478,0.754
"05-Apr-19",10.3623,11.26,10.2108,10.92,28433,7.289911,0.7695
"08-Apr-19",10.8,11.35,10.27,10.94,42922,6.9919,0.757
"09-Apr-19",10.57,10.66,9.825,10,105105,7.285858,0.7686
"10-Apr-19",10.11,10.7,9.46,9.99,73189,6.461628,0.7435
"11-Apr-19",9.98,10.59,9.98,10.35,30259,6.587047,0.7467
"12-Apr-19",10.39,10.52,10.21,10.48,10807,6.364746,0.7745
"15-Apr-19",10.52,10.878,10.18,10.31,16534,6.963305,0.7932,607123
"16-Apr-19",10.4,10.635,10.285,10.33,13742,6.445698,0.793
"17-Apr-19",10.55,10.8,10.3586,10.58,21761,6.845302,0.8203
"18-Apr-19",10.56,10.98,10.47,10.64,20720,6.833557,0.8243
"19-Apr-19",,,,,,6.789238,0.8163
"22-Apr-19",10.3,10.89,9.57,9.6,72290,7.10734,0.8208
"23-Apr-19",9.6,10.28,9.175,9.92,62061,6.13847,0.7516
"24-Apr-19",9.88,10.1906,9.36,10.01,21162,6.753121,0.8326,,602994.5636
"25-Apr-19",9.97,9.97,9.3,9.56,13033,5.950811,0.7644,,531718.3234
"26-Apr-19",9.72,10.12,9.5,9.99,12670,6.540884,0.7607,,580895.2864
"29-Apr-19",10,10.35,9.75,9.99,55775,6.032869,0.7485,,538760.9502
"30-Apr-19",10.43,10.48,9.86,10,39017,7.034754,0.8112,612557,627218.7713
"01-May-19",9.55,9.93,9.55,9.8,16298,6.45598,0.7734,,575309.7548
"02-May-19",9.78,10.0457,9.4133,9.645,12638,6.232825,0.7657,,551449.8209
"03-May-19",9.7,9.83,9.2501,9.46,35960,5.793151,0.7155,,509436.9093
"06-May-19",9.79,9.79,9.05,9.41,38697,6.221817,0.7211,,541371.5791
"07-May-19",9.15,9.385,8.56,9.05,44345,5.675769,0.6785,,494865.9573
"08-May-19",9.04,9.66,8.9,9.5,54280,6.110332,0.6933,,533661.117
"09-May-19",9.4,9.6475,8.96,9.37,22851,5.809365,0.6742,,491270.714
"10-May-19",9.28,9.4437,8.7529,9.1,18777,6.077169,0.6824,,508483.5657
"13-May-19",8.7,9.44,8.5239,9.15,45174,5.871229,0.6672,,489433.043
"14-May-19",9.2,9.44,9.014,9.43,21634,6.814368,0.6313,,560795.9335
"15-May-19",9.28,9.56,8.6,9.25,127105,6.677242,0.6408,615141,566308.9465
"16-May-19",9.23,9.4,9.045,9.12,18499,6.973525,0.6579,,587319.6516
"17-May-19",9.09,9.32,8.71,8.8,16909,6.640587,0.7401,,553077.7153
"20-May-19",8.71,9.16,8.7,8.79,21297,6.623624,0.6548,,542786.7577
"21-May-19",8.87,9.07,8.76,8.9,10629,6.740234,0.6569,,545359.4971
"22-May-19",8.84,8.9962,8.5,8.71,21063,6.631275,0.6273,,533965.9369
"23-May-19",8.64,9.41,8.4,8.95,37596,6.693245,0.6383,,536722.4434
"24-May-19",8.573,8.98,8.55,8.95,16227,6.755411,0.6291,,582046.4142
"27-May-19",,,,,,6.694607,0.632,,579401.3079
"28-May-19",8.795,8.85,8.38,8.44,23415,6.995996,0.6782,,603022.7223
"29-May-19",8.38,8.6275,8,8.05,25356,6.961069,0.6641,,595025.8893
"30-May-19",8.12,8.3699,7.67,7.99,32316,7.076011,0.6617,,601177.2993
"31-May-19",7.81,7.81,7,7.13,37613,7.152877,0.6605,690985,605052.6876
"03-Jun-19",7.15,7.52,6.85,7.17,53407,7.352995,0.6557,,614771.9154
"04-Jun-19",7.236,7.9,7.2,7.62,51365,7.450458,0.6698,,622891.7766
"05-Jun-19",7.6,7.74,6.84,7.1,60504,8.316595,0.715,,682621.9677
"06-Jun-19",7.12,7.49,7.05,7.21,32327,8.012237,0.7173,,644975.3385
"07-Jun-19",7.64,8.2,7.25,8.12,38477,8.627315,0.7545,,677700.8397
"10-Jun-19",8.15,9.3,8.15,8.92,59963,8.744083,0.7734,,688896.4059
"11-Jun-19",8.86,9.24,8.74,9.02,24416,8.89077,0.7909,,793803.568
"12-Jun-19",9.11,9.19,8.75,8.93,19291,9.195468,0.8438,,801197.1075
"13-Jun-19",9.1,10.16,9,9.87,143938,9.338711,0.8434,,800091.5315
"14-Jun-19",9.84,10,9.27,9.35,38591,9.368187,0.8384,776057,792836.189
"17-Jun-19",9.325,9.5,9,9.3,43519,10.560564,0.8345,,772521.23
"18-Jun-19",9.31,9.52,8.99,9.07,31402,10.177941,0.7972,,742186.9885
"19-Jun-19",9.26,9.26,8.834,9.01,19081,9.069512,0.8328,,645241.793
"20-Jun-19",9.29,9.54,9.12,9.28,17925
"21-Jun-19",9.16,9.66,9.099,9.48,49051
"24-Jun-19",11.0899,11.0899,9.12,9.25,18072,8.940542,0.83,,630454.714
"25-Jun-19",9.51,10.25,9.26,9.5,51505,8.944594,0.878,,620690.3886
"26-Jun-19",9.5,9.701,9.38,9.48,75565,8.804574,0.8705,,616344.4694
"27-Jun-19",10.45,10.45,9,9.68,115252,8.262269,0.829,,593295.5765
"28-Jun-19",9.88,11.63,9.57,11.62,546204,6.898544,0.834,724394,594614.8734
"01-Jul-19",11.65,12.5,11.62,12.26,167453,6.467577,0.8771,,583206.8355
"02-Jul-19",12.42,12.6712,11.32,11.57,68367,12.731191,1.4104,,1151280.5595
"03-Jul-19",11.78,11.95,11.01,11.75,31802,10.32514,1.2752,,924206.2813
"04-Jul-19",,,,,,10.202468,1.2775,,920791.6305
"05-Jul-19",11.87,11.88,11,11.11,44797,9.708775,1.2321,,876478.7758
"08-Jul-19",11.24,11.66,10.82,11.09,62366,9.624566,1.1758,,878263.7069
"09-Jul-19",11.1,12.25,11.1,12.14,28015,9.539362,1.1887,,866390.0348
"10-Jul-19",11.42,12.19,11.16,11.35,109949,9.417226,1.161,,1043489.557
"11-Jul-19",11.4,11.549,11.09,11.26,21133,9.306917,1.1556,,1014296.4788
"12-Jul-19",11.35,11.35,10.76,11,37062,9.070815,1.1293,,990753.6738
"15-Jul-19",10.613,11.42,10.575,11.05,58690,8.817124,1.0998,606189,977859.4606
"16-Jul-19",11.16,11.21,10.71,10.89,25388,8.779424,1.1183,,976338.2332
"17-Jul-19",10.75,10.8,10.1148,10.56,26675,8.929586,1.1038,,997128.341
"18-Jul-19",10.55,10.72,10.005,10.34,74422,8.426861,1.0758,,956489.8376
"19-Jul-19",10.21,10.6242,10.0901,10.36,21397,8.535823,1.0519,,969094.2932
"22-Jul-19",10.32,10.32,10.095,10.12,9877,8.700124,1.0897,,975251.6422
"23-Jul-19",10.455,10.56,10.25,10.26,18705,8.821827,1.0838,,972643.8238
"24-Jul-19",10.43,10.44,10.02,10.27,8400,8.248535,0.9342,,554299.2216
"25-Jul-19",10.331,10.46,10.03,10.24,12156,8.241412,0.8914,,552238.179
"26-Jul-19",10.1,11.07,10.1,10.91,26228,8.084958,0.8816,,544054.6275
"29-Jul-19",10.96,12.56,10.96,12.37,96815,7.85272,0.8883,,542539.155
"30-Jul-19",12.3,12.4999,11.57,11.74,54030
"31-Jul-19",11.71,12.4,11.65,12.24,56425,7.765678,0.9105,625638,537204.6918
"01-Aug-19",12.43,12.5,11.68,11.71,24282,7.55244,0.8926,,520110.162
"02-Aug-19",11.57,11.57,10.14,10.54,23378,6.713725,0.9841,,463370.8716
"05-Aug-19",10.37,11.09,10.275,10.76,19367,6.63663,0.9495,,461067.3534
"06-Aug-19",10.76,10.76,10,10.26,29596,6.784517,0.908,,468281.0025
"07-Aug-19",10.1,11.21,10,10.93,34169,6.381225,0.8501,,439850.7384
"08-Aug-19",11.22,11.56,10.48,10.53,37109,6.85547,0.8552,,471493.8042
"09-Aug-19",10.61,10.8461,9.83,9.83,36317,7.949071,0.7803,,633208.2198
"12-Aug-19",9.85,9.9498,9.18,9.31,25954,8.460482,0.7502,,681194.6544
"13-Aug-19",9.37,10.31,9.37,10.03,15203,8.466772,0.729,,674312.6364
"14-Aug-19",9.85,9.85,9,9.02,25668,9.114359,0.7723,,721548.3054
"15-Aug-19",9.12,9.3269,8.6,8.76,20814,8.743535,0.7323,761034,692018.1918
"16-Aug-19",8.87,9.62,8.72,9.19,22369,8.464714,0.7303,,648223.5318
"19-Aug-19",9.43,9.43,8.75,9.01,20973,8.683777,0.7632,,672310.5948
"20-Aug-19",9.03,9.11,8.39,8.96,14781,8.770323,0.7556,,671747.5206
"21-Aug-19",9,9.63,8.64,9.4,19082,9.144888,0.7934,,699901.2306
"22-Aug-19",9.5,9.5,9,9.15,10030,8.777378,0.768,,671622.393
"23-Aug-19",9.1,9.25,8.6,8.65,17057,8.579846,0.7616,,655668.624
"26-Aug-19",8.87,10.06,8.87,9.77,37544,8.438597,0.7618,,716513.511
"27-Aug-19",9.84,10.32,9.24,9.38,20486,8.485159,0.7584,,714078.2022
"28-Aug-19",9.36,10.14,8.9,9.79,11274,8.612062,0.7684,,716361.3042
"29-Aug-19",9.94,10.35,9.74,9.85,19871,8.703904,0.7793,,723210.6102
"30-Aug-19",9.66,9.92,9.54,9.91,9132,8.717492,0.7741,593617,720546.9912
"02-Sep-19",,,,,,8.647488,0.7741,,720546.9912
"03-Sep-19",9.74,9.87,9.14,9.34,15552,8.593602,0.7717,,708598.7574
"04-Sep-19",9.46,9.95,9.3,9.55,7566,8.750129,0.7782,,710729.6526
"05-Sep-19",9.78,10.69,9.49,10.51,37359,8.806244,0.7733,,711947.307
"06-Sep-19",10.38,12.5,9.97,10.02,117596,8.859147,0.7857,,729907.7094
"09-Sep-19",10.15,11.58,10.09,10.5,70431,8.721841,0.7879,,729679.3992
"10-Sep-19",10.05,12.14,10.05,11.81,55980,7.934642,0.7805,,665600.3364
"11-Sep-19",12,13.3426,12,12.97,122555,7.732381,0.7697,,545118.4911
"12-Sep-19",12.92,14.5,12,14,74016,7.631611,0.7794,,546424.4485
"13-Sep-19",14.13,14.745,13.03,14.13,80655,7.415941,0.8256,550089,541081.8955
"16-Sep-19",13.88,15.25,13.0745,14.81,164974,7.212468,0.9304,,531584.0235
"17-Sep-19",14.94,15.73,14.58,14.8,75960,6.91673,0.8833,,513597.4284
"18-Sep-19",14.45,15.3883,14.4,14.47,70656,6.72201,0.8147,,503209.1309
"19-Sep-19",14.65,15.0605,13.83,14,82340,6.325864,0.7688,,480711.0466
"20-Sep-19",14.02,14.875,13.5393,13.74,330542,5.832591,0.7348,,483560.4082
"23-Sep-19",13.8,14.2074,12.79,13.22,71914,5.75359,0.7106,,485103.8124
"24-Sep-19",13.13,13.13,12.02,12.25,37338,7.567054,0.6757,,645034.3614
"25-Sep-19",12.27,13.43,12,13.21,47074,7.408639,0.6616,,636397.9641
"26-Sep-19",13.28,13.94,12.41,12.82,23624,7.566562,0.656,,645199.3881
"27-Sep-19",13.251,13.37,12.3,12.52,66444,7.626399,0.6708,,648719.9577
"30-Sep-19",12.51,14.84,12.51,14.76,131026,8.727217,0.6711,571804,647839.8153
"01-Oct-19",14.6,15,14.25,14.43,64948,8.618954,0.8032,,642613.9698
"02-Oct-19",14.43,15.5,14.17,15.32,40963,9.330435,0.6893,,669018.2418
"03-Oct-19",15.5,15.5,14.74,14.79,109686,9.287515,0.6809,,674574.1407
"04-Oct-19",14.8,15.19,14.3,14.48,82672,9.130583,0.6811,,673638.9894
"07-Oct-19",14.31,14.72,14,14.18,84494,9.437477,0.6767,,704774.0268
"08-Oct-19",13.99,14.15,13.8,14.05,47276,9.294281,0.6674,,693332.1756
"09-Oct-19",14.05,14.39,13.87,14.14,57767,9.090456,0.6572,,597706.7212
"10-Oct-19",14.13,15.26,14.13,15.08,58917,9.177211,0.6591,,608971.26
"11-Oct-19",15.59,15.94,15.04,15.26,103680,9.215762,0.6724,,610400.77
"14-Oct-19",15.26,15.26,14.55,14.62,33239,9.13596,0.6709,,609886.1464
"15-Oct-19",14.74,15.84,14.68,15.38,64828,9.189183,0.675,577660,615832.908
"16-Oct-19",15.35,15.72,14.07,14.6,85763,9.062649,0.8409,,612173.3624
"17-Oct-19",14.83,15.47,14.78,14.92,34777,8.477995,0.6635,,574262.7572
"18-Oct-19",14.8,15.4957,14.2,14.65,74102,8.314682,0.6593,,570889.1136
"21-Oct-19",14.91,15.72,14.75,15.07,49632,8.232769,0.6546,,566429.0424
"22-Oct-19",15.05,15.4762,13.77,13.97,130467,8.25581,0.6466,,580552.6012
"23-Oct-19",14,14.48,13.75,14.22,83247,7.951329,0.6532,,570546.0312
"24-Oct-19",14.06,14.49,13.42,13.63,62412,8.157432,0.6596,,555593.388
"25-Oct-19",13.6,14.79,13.2,14.67,67936,7.836024,0.6521,,542307.208
"28-Oct-19",14.75,15.01,14.38,14.73,58857,7.815469,0.6309,,552185.194
"29-Oct-19",14.63,14.79,13.73,13.81,92067,7.830513,0.6441,,558135.092
"30-Oct-19",13.75,13.75,13.21,13.43,46460,8.213363,0.6484,,577833.298
"31-Oct-19",13.5,13.64,12.89,13.52,62428,8.204007,0.6404,682769,578410.958
"01-Nov-19",13.65,14.67,13.65,14.35,62568,8.214964,0.3688,,580143.938
"04-Nov-19",14.35,15.09,14.35,14.88,28992,8.164128,0.642,,582570.11
"05-Nov-19",15,15.1454,14.85,14.93,38687,8.037233,0.6419,,570554.782
"06-Nov-19",14.93,15.11,14.09,14.22,50778,7.838236,0.6315,,560965.626
"07-Nov-19",14.14,15.31,14.1,15.05,57372,7.634328,0.6321,,550278.916
"08-Nov-19",15,15.6,14.74,15.19,37228,7.460024,0.6263,,538090.29
"11-Nov-19",14.99,15.713,14.78,15.53,46864,7.397121,0.6263,,538090.29
"12-Nov-19",15.53,15.57,14.61,14.72,62307,7.41423,0.6318,,637023.477
"13-Nov-19",14.53,15.61,14.2,14.95,80425,7.367867,0.6411,,641734.5831
"14-Nov-19",14.81,15.38,14.81,14.94,54208
"15-Nov-19",15.1,15.24,14.5597,14.72,44905,6.851645,0.6104,635478,605479.5492
"18-Nov-19",14.6,14.89,14.07,14.43,83334,6.196449,0.6053,,561509.2256
"19-Nov-19",14.42,15.08,14.18,14.39,55800,6.22647,0.6096,,563216.1481
"20-Nov-19",14.27,14.865,14.0301,14.38,47473,6.169819,0.6142,,561645.7794
"21-Nov-19",14.46,14.92,14.09,14.79,44828,5.983611,0.6094,,548604.8915
"22-Nov-19",14.84,15.2,14.55,14.93,79958,5.922829,0.6099,,550858.0292
"25-Nov-19",15,16.49,14.66,16.2,141811,5.466466,0.6041,,530033.5747
"26-Nov-19",16.31,18.67,15.76,17.43,231232,5.189029,0.6014,,547464.297
"27-Nov-19",17.85,17.85,14.6997,15.71,223830,4.888596,0.6019,,536534.0754
"28-Nov-19",,,,,,4.835096,0.6019,,536534.0754
"29-Nov-19",15.71,16.2401,14.71,15.07,63013,4.59429,0.6166,484697,515309.1102
"02-Dec-19",15.11,15.387,13.21,14.01,148228,4.48977,0.5992,,524015.1588
"03-Dec-19",13.7,14.42,13,14.19,95805,4.602025,0.5984,,539075.9874
"04-Dec-19",14,14.56,13.76,13.98,96281,4.41642,0.5987,,525603.8538
"05-Dec-19",14.03,14.38,13.52,13.61,86632,4.101728,0.6198,,495609.2922
"06-Dec-19",13.77,14.295,13.29,13.84,60521,4.302806,0.606,,522235.8204
"09-Dec-19",13.96,14.11,13.09,13.12,99710,4.423268,0.6139,,535008.9282
"10-Dec-19",13.15,13.29,12.6,13.08,61552,4.555435,0.6127,,517414.0475
"11-Dec-19",13.1,13.7535,13.0364,13.58,46394,4.586267,0.6142,,519982.9416
"12-Dec-19",13.57,14.96,13.57,14.62,87313,4.657793,0.6143,,524490.6237
"13-Dec-19",14.66,15.6,14.22,14.77,80260,4.756381,0.6286,641919,536268.7608
"16-Dec-19",14.97,15.5308,14.75,14.99,78063,4.749918,0.6599,,535250.8971
"17-Dec-19",15.03,16.2,14.6,15.46,65473,4.864823,0.6644,,537674.3821
"18-Dec-19",15.48,15.53,14.89,14.99,77464,4.897473,0.6496,,541406.549
"19-Dec-19",15.02,15.55,14.8,15.43,46479,4.792909,0.6294,,527350.336
"20-Dec-19",15.44,15.95,15,15.62,127486,4.608257,0.6173,,511549.2138
"23-Dec-19",15.89,17.21,15.37,15.99,156798,4.624043,0.6083,,495796.5613
"24-Dec-19",15.99,16.6,15.72,16.26,75090
"25-Dec-19",,,,,,4.650546,0.6144,,602055.8301
"26-Dec-19",16.26,16.4737,15.8,16,47667,4.495518,0.6132,,582027.9573
"27-Dec-19",16.13,16.13,15.35,15.88,61863
"30-Dec-19",15.96,16.72,15.08,15.32,72192,4.526848,0.6315,,591399.9747
"31-Dec-19",15.3,16.01,15.2,15.89,68849,4.850536,0.6268,573331,632611.1745
"01-Jan-20",,,,,,4.904374,0.6268,,632611.1745
"02-Jan-20",16.12,16.15,15.13,15.26,73381,4.874905,0.6462,,629915.1147
"03-Jan-20",15,16.98,15,15.11,67563,4.784658,0.6177,,621634.3596
"06-Jan-20",15,15.2959,14.65,14.81,65982
"07-Jan-20",14.73,15.13,14.52,14.89,30214,3.967369,0.5993,,505318.6368
"08-Jan-20",14.85,15,14.5,14.55,29405,4.215892,0.5941,,530867.013
"09-Jan-20",14.71,14.71,14.14,14.54,43168,4.301037,0.5967,,541073.5251
"10-Jan-20",14.6,15.37,14.5,15.17,65441,4.299476,0.5937,,491000.6684
"13-Jan-20",15.17,15.47,14.765,15.33,43268,4.586828,0.5871,,518807.2219
"14-Jan-20",15.23,16.21,15.16,15.65,79546,4.582462,0.5963,,518921.8881
"15-Jan-20",15.69,16.3978,15.39,15.5,70144,4.44335,0.5991,599449,507111.2695
"16-Jan-20",15.88,15.99,15.6,15.88,42866,4.305804,0.6163,,489166.0092
"17-Jan-20",15.97,16.2,15.6,15.91,60560,4.295728,0.6181,,485439.3577
"20-Jan-20",,,,,,4.259952,0.6181,,485439.3577
"21-Jan-20",16.06,16.06,14.84,15.27,65892,4.236493,0.6185,,481884.7055
"22-Jan-20",15.29,15.74,15.29,15.69,90058,4.209968,0.6243,,483031.3675
"23-Jan-20",15.6,17,15.16,16.86,159341,4.115199,0.5935,,475062.0666
"24-Jan-20",17,17.6,15.06,15.29,123999,3.950014,0.5967,,459868.7951
"27-Jan-20",15.05,15.2,14.3,14.53,132739,3.678122,0.5939,,514626.9665
"28-Jan-20",14.69,14.9,14.19,14.64,36877,4.033593,0.6036,,559705.5313
"29-Jan-20",14.69,16.1618,14.52,14.83,69923,4.051736,0.603,,563482.06
"30-Jan-20",14.57,14.95,14,14.59,66043,4.0008,0.6036,,553411.3168
"31-Jan-20",14.49,14.68,14.2,14.51,85011,4.027506,0.6032,583767,561563.8232
"03-Feb-20",14.64,15.29,14.3,14.87,85300,4.139722,0.604,,581705.3096
"04-Feb-20",15.14,15.69,14.37,15.27,59176,4.469051,0.6043,,625644.9213
"05-Feb-20",15.64,15.8,15.16,15.26,55467,4.466498,0.61,,628702.1112
"06-Feb-20",15.48,15.72,15.06,15.25,51273,4.353398,0.6168,,614375.2801
"07-Feb-20",15.12,15.12,14.6,14.65,49452,4.252937,0.6067,,600048.449
"10-Feb-20",14.65,14.77,14.12,14.44,44681,4.2493,0.6057,,602985.7491
"11-Feb-20",14.52,14.7,14.28,14.61,50330,4.677409,0.61,,686042.9784
"12-Feb-20",14.76,15.34,14.73,14.93,21257,4.919226,0.6045,,717741.5265
"13-Feb-20",14.79,15.16,14.655,14.84,16724,5.191664,0.6132,,750374.1018
"14-Feb-20",14.82,15.19,14.525,14.9,42859,5.411252,0.6283,594051,776059.8498
"17-Feb-20",,,,,,5.350222,0.6283,,776059.8498
"18-Feb-20",14.82,15.2,14.19,14.74,51833,5.347034,0.6254,,771506.4672
"19-Feb-20",14.81,15.15,14.5,14.7,64483,5.435404,0.6235,,781138.6227
"20-Feb-20",14.57,14.93,14.51,14.64,44972,5.423702,0.6199,,777694.3974
"21-Feb-20",14.68,14.7714,14.32,14.5,39934,5.725425,0.619,,819608.868
"24-Feb-20",14.01,14.1776,13.5,13.91,52198,5.72886,0.6191,,820718.0253
"25-Feb-20",14,14.02,12.65,12.85,96714,6.034003,0.6322,,868236.6591
"26-Feb-20",13,14.49,12.74,12.97,55464,6.383948,0.6246,,690346.6671
"27-Feb-20",12.86,12.86,11.77,11.81,80374,6.728107,0.6371,,703891.0299
"28-Feb-20",11.34,12.215,11.06,11.87,79543,6.908054,0.6374,730812,699495.0525
"02-Mar-20",12.13,12.61,11.78,12.37,57767,7.045414,0.6682,,712564.1745
"03-Mar-20",12.4,12.53,11.59,12.01,78048,7.235216,0.6714,,719930.4069
"04-Mar-20",12.35,12.75,12.04,12.43,33972,7.294438,0.675,,715296.8091
"05-Mar-20",12.12,12.65,11.75,12.41,53416,8.131337,0.7311,,789256.1586
"06-Mar-20",11.84,12.405,11.55,11.96,44671,8.150953,0.7278,,783196.8384
"09-Mar-20",11.5,11.5959,10.4,10.46,107508,8.073987,0.7485,,784622.5608
"10-Mar-20",10.91,11.04,9.68,10.18,76477,8.256744,0.7311,,833637.2484
"11-Mar-20",9.84,10.72,9.01,10.52,70553,8.502737,0.7598,,860311.8864
"12-Mar-20",11.2,11.2,6.79,8.12,245822,8.143477,0.756,,863527.4592
"13-Mar-20",8.61,9.14,7.5,9.11,99566,7.911987,0.7188,788055,841310.7744
"16-Mar-20",6.9,8.82,6.9,7.14,83275,7.826448,0.707,,832833.3552
"17-Mar-20",7.31,9.34,7,8.75,98115
"18-Mar-20",8.2,8.75,7.25,7.51,96160,8.639597,0.785,,930031.3512
"19-Mar-20",7.47,10.17,7.22,9.2,92434,8.88292,0.7405,,959409.9936
"20-Mar-20",9.16,9.7,8.67,8.67,75701,8.73527,0.6929,,949690.194
"23-Mar-20",8.99,9.77,7.53,7.99,85108,8.887659,0.7344,,957071.3952
"24-Mar-20",8.5,11,8.48,10.69,97886,8.351725,0.7074,,831240.414
"25-Mar-20",10.58,11.98,10,11.33,61344,8.505962,0.6897,,843928.0995
"26-Mar-20",11.54,11.88,10.48,11.66,62840,8.406099,0.7042,,832580.1075
"27-Mar-20",11.06,11.48,10.81,11.15,36752,8.47892,0.6909,,837702.465
"30-Mar-20",11,11.86,10.51,11.42,26121,8.516082,0.701,,834550.245
"31-Mar-20",11.32,11.35,10,10.93,58276,8.581106,0.6977,797114,838254.1035
"01-Apr-20",10.19,10.21,9,9.02,88289,8.697041,0.6868,,853384.7595
"02-Apr-20",9.02,10.2,9.02,9.68,47109,8.848117,0.6755,,863865.891
"03-Apr-20",9.55,10.43,9.55,10.09,28534,9.247016,0.6693,,893654.37
"06-Apr-20",10.72,11.09,9.91,10.77,51713,9.302771,0.6693,,895782.1185
"07-Apr-20",11.04,11.09,10.02,10.05,63164,9.304524,0.6761,,895388.091
"08-Apr-20",10.48,11,10.135,10.93,50047,9.140064,0.6547,,883567.266
"09-Apr-20",10.95,11.44,10.53,10.66,40854,8.971255,0.6384,,826766.6408
"10-Apr-20",,,,,,8.918837,0.6384,,826766.6408
"13-Apr-20",10.53,12.01,10.35,11.04,48097,8.806061,0.6382,,813056.28
"14-Apr-20",11.38,12.13,11.01,11.59,48415,8.578927,0.6404,,793048.7186
"15-Apr-20",11.1,11.89,11,11.13,35019,8.670555,0.641,754846,793287.8528
"16-Apr-20",10.99,11.23,10,10.65,62078,8.621998,0.6479,,787389.2092
"17-Apr-20",10.98,11.79,10.81,11.02,58720,8.603232,0.6445,,788584.8802
"20-Apr-20",10.61,11.46,10.01,10.58,45449,8.645727,0.6432,,789700.8398
"21-Apr-20",10.13,10.4,9.57,9.97,68812,8.553885,0.644,,781410.8542
"22-Apr-20",10.53,10.84,10.07,10.83,35805,8.569001,0.64,,777425.2842
"23-Apr-20",10.66,12.49,10.46,11.51,126593,8.369311,0.6426,,765707.7084
"24-Apr-20",11.51,12.1,11.35,11.55,57101,8.547674,0.6449,,726690.2442
"27-Apr-20",11.55,12.1,11.02,12.04,52217,8.694909,0.6528,,726690.2442
"28-Apr-20",12.41,13.15,12.03,12.18,58593,8.713235,0.6453,,715292.0696
"29-Apr-20",12.68,13.15,12.15,12.69,72225,8.510572,0.6398,,704724.2256
"30-Apr-20",12.41,12.59,11.64,12.07,33288,7.983217,0.6385,765584,655206.328
"01-May-20",11.62,11.925,10.6,10.99,56372,7.808394,0.6365,,636033.2396
"04-May-20",10.76,11.22,10.22,10.33,43587,7.864945,0.6228,,633919.6708
"05-May-20",10.71,11.2,10.4,10.74,46990,7.89978,0.6203,,634825.486
"06-May-20",10.74,10.79,10.1,10.11,21285,7.958565,0.6141,,633995.1554
"07-May-20",10.42,11.02,10.13,10.46,60343,7.946295,0.6162,,634523.5476
"08-May-20",10.69,11.49,10.49,11.17,43876,7.878707,0.6092,,628182.8412
"11-May-20",10.97,11.16,10.21,10.67,49688,7.840288,0.6144,,731438.9536
"12-May-20",10.82,10.83,10.36,10.39,40999,7.767394,0.6158,,722864.4128
"13-May-20",10.24,10.33,9.8,9.99,85654,7.667262,0.6258,,725314.2816
"14-May-20",9.75,10.2,9.5,10.19,33801,7.535473,0.6199,,715897.5984
"15-May-20",10.17,10.38,9.5,10.26,45551,7.549243,0.6177,769450,717658.4416
"18-May-20",10.62,10.75,10.1,10.63,37665,7.640451,0.6249,,721716.0368
"19-May-20",10.63,10.75,9.98,10.05,23842,7.951729,0.6271,,745908.4912
"20-May-20",10.34,10.95,10.16,10.88,29298,7.972822,0.6269,,741314.9872
"21-May-20",10.88,11.21,10.77,10.79,21728,8.074656,0.6268,,746444.4
"22-May-20",10.89,11.2,10.3112,11.14,13037,8.155297,0.6255,,748741.152
"25-May-20",,,,,,8.121348,0.6254,,747439.6592
"26-May-20",11.54,12.3,11.35,12.03,46180,8.101216,0.6203,,735879.3408
"27-May-20",12.41,14.4,12.0422,13.86,84538,7.977336,0.6188,,782761.485
"28-May-20",14.17,14.17,12.2,12.2,89289,7.847485,0.6212,,771835.295
"29-May-20",12.12,12.31,11.27,11.48,48429,7.749318,0.6314,492697,756061.57
"01-Jun-20",11.47,12.12,11.25,11.5,81886,7.825068,0.6448,,767526.375
"02-Jun-20",11.74,13.44,11.44,11.54,34837,8.203249,0.6481,,799304.66
"03-Jun-20",11.83,12.255,11.26,12,49794,8.84752,0.6495,,860322.045
"04-Jun-20",12,12.28,11.51,11.51,29886,8.810089,0.6409,,846241.11
"05-Jun-20",12.37,12.65,11.96,12.54,46348,8.895326,0.6462,,857167.3
"08-Jun-20",13.11,13.99,12.88,13.62,52976,8.564614,0.6432,,828466.815
"09-Jun-20",13.5,13.5,12.4,12.64,40825,9.026484,0.6535,,566207.3924
"10-Jun-20",12.62,13.48,12.25,12.63,45131,8.994993,0.6492,,555220.2493
"11-Jun-20",12.18,12.42,11.38,11.38,72300,9.042168,0.6461,,557535.9252
"12-Jun-20",12.13,12.59,11.015,11.49,75143,9.06864,0.6456,,559802.3314
"15-Jun-20",11.04,12.0694,11.04,11.92,35998,9.706539,0.6477,520098,559555.9829
"16-Jun-20",12.49,12.49,11.54,11.91,29476,9.934159,0.6635,,568572.338
"17-Jun-20",12.09,12.24,11.51,11.56,45963,9.977231,0.6609,,565074.1893
"18-Jun-20",11.34,13.39,11.34,12.71,62678,9.999851,0.6626,,560639.9163
"19-Jun-20",12.68,14.5,12.38,13.79,109028,10.175889,0.6709,,572612.4534
"22-Jun-20",13.6,14.69,13.5,14.66,51864,10.743017,0.6789,,593601.3456
"23-Jun-20",14.98,15.64,14.499,15.12,108855,10.737941,0.7043,,602962.5886
"24-Jun-20",15.47,15.9999,13.58,14.01,132706,10.257838,0.6916,,542670.2532
"25-Jun-20",14.67,15.0304,14,14.45,51743,10.770413,0.6994,,562381.9674
"26-Jun-20",14.34,14.46,13.52,14.19,268831,9.676188,0.7029,,535232.8518
"29-Jun-20",14.51,14.87,13.86,14.07,91788,9.330777,0.709,,523062.5586
"30-Jun-20",11.3,11.43,10.29,11.01,356539,9.365262,0.7483,830366,566802.8004
"01-Jul-20",11.41,11.625,10.08,10.16,195525,8.858274,0.7393,,559417.4088
"02-Jul-20",10.41,10.72,10.07,10.3,111091,9.901399,0.7732,,628694.4624
"03-Jul-20",,,,,,9.857554,0.7732,,628694.4624
"06-Jul-20",10.6,10.6599,10,10,72134,10.029846,0.7954,,646429.8042
"07-Jul-20",10.1,10.397,9.01,9.66,179027,10.038273,0.8033,,666661.6164
"08-Jul-20",9.62,9.92,8.76,8.8,117178,11.875545,0.7948,,798558.4692
"09-Jul-20",8.9,9.0666,8.2924,8.76,154351,10.311029,0.7712,,709933.77
"10-Jul-20",9,9.9341,9,9.54,255094,9.639746,0.7869,,1018942.1186
"13-Jul-20",9.87,10.1,8.57,8.8,295316,8.156514,0.7602,,902192.659
"14-Jul-20",7.86,8.51,7.65,8.47,282687,8.467248,0.7783,,980745.2826
"15-Jul-20",8.35,8.99,7.8,7.92,292117,8.363536,0.79,1044250,1013959.9226
"16-Jul-20",8.39,8.5,7.97,8.18,170928,8.22549,0.7844,,1022097.5094
"17-Jul-20",8.22,8.7,8.1959,8.57,97470,9.692501,0.8484,,1212002.2136
"20-Jul-20",8.84,8.84,8.1,8.26,85537,9.846533,0.8353,,1237162.3034
"21-Jul-20",8.35,8.35,7.55,7.63,166742,9.791589,0.8252,,1256592.8678
"22-Jul-20",7.61,7.7,7.1001,7.36,213437,9.669138,0.8278,,1271954.6388
"23-Jul-20",7.37,7.725,7.01,7.06,179643,9.539065,0.8296,,1285323.5314
"24-Jul-20",7.07,7.2699,6.82,7.13,130517,10.032237,0.84,,1393029.5
"27-Jul-20",7.15,7.25,6.6471,7,381865,9.994164,0.8494,,1462054.425
"28-Jul-20",7,7.04,6.5,6.75,362367,9.446987,0.8467,,1449001.3
"29-Jul-20",6.75,6.89,6.4614,6.52,237571,9.888447,0.8804,,1557185.6
"30-Jul-20",6.46,7.02,6.3001,6.92,239134,9.69881,0.8917,,1564390.925
"31-Jul-20",6.95,6.95,6.36,6.56,249587,9.680965,0.911,1604667,1591959.125
"03-Aug-20",6.57,6.59,6.3,6.48,196383,9.469867,0.9175,,1604698.975
"04-Aug-20",6.42,6.74,6.13,6.48,290705,9.16337,0.9147,,1588826.375
"05-Aug-20",6.61,6.88,6.37,6.72,289250,8.892251,0.9187,,1591019.3
"06-Aug-20",6.75,6.91,6.54,6.84,163633,9.340998,0.9403,,1695862
"07-Aug-20",6.98,6.98,6.55,6.66,137273,8.928528,0.9502,,1644276.05
"10-Aug-20",6.75,6.92,6.72,6.79,91601,8.719542,0.9422,,1628403.45
"11-Aug-20",7.1965,7.1965,6.5,6.55,173498,8.810269,0.9446,,1667730.4131
"12-Aug-20",6.63,6.68,6.02,6.16,252938,8.537382,0.9416,,1655534.9439
"13-Aug-20",6.27,6.55,6.16,6.27,383116,8.401688,0.9446,,1694367.8853
"14-Aug-20",6.25,6.7,6.07,6.55,314002,8.572826,0.9989,1805565,1773477.9684
"17-Aug-20",6.6,7.8,6.6,7.465,571354,9.280211,1.0337,,2055097.0269
"18-Aug-20",8.18,8.72,7.76,8.56,562195,9.202268,1.0626,,2123937.2412
"19-Aug-20",8.89,10.56,8.79,10.06,1238688,8.250389,1.0607,,2129232.6423
"20-Aug-20",10.55,11.25,8.8,9.28,895689,8.067217,1.0631,,2241719.799
"21-Aug-20",9.76,10.7,9.32,9.47,604877,8.425888,1.1343,,2451449.7759
"24-Aug-20",9.625,9.856,8.63,8.93,383531,8.189135,1.17,,2485629.183
"25-Aug-20",8.9,8.96,8.25,8.79,276101,8.190213,1.2062,,2544402.198
"26-Aug-20",8.74,8.9477,8.58,8.86,126935,8.079317,1.1811,,2495290.83
"27-Aug-20",9.15,9.2,8.54,8.94,182361,8.303811,1.2038,,2590444.1055
"28-Aug-20",8.86,9.11,8.73,8.87,97500,8.473532,1.2242,,2645874.951
"31-Aug-20",8.92,9.3,8.34,9.19,407084,8.026525,1.2178,1742620,2594777.4615
"01-Sep-20",9.19,9.36,8.74,8.81,260072,7.863706,1.224,,2550180.006
"02-Sep-20",8.78,8.85,8.01,8.46,271021,7.890119,1.2429,,2592791.34
"03-Sep-20",8.36,9.16,8.36,8.98,232757,7.97175,1.2682,,2655444.4455
"04-Sep-20",9,9.07,8.14,8.4,142679,8.153683,1.2761,,2733264.297
"07-Sep-20",,,,,,7.947747,1.2761,,2733264.297
"08-Sep-20",8.22,8.59,8.1,8.45,122589,7.828453,1.27,,2673138.9825
"09-Sep-20",8.47,8.9,8.38,8.76,117146,7.91458,1.2859,,2714305.8645
"10-Sep-20",8.74,8.98,8.62,8.76,120805,7.78402,1.2821,,1802391.866
"11-Sep-20",8.78,8.83,8.05,8.39,205067,7.672406,1.292,,1795595.648
"14-Sep-20",8.53,9.11,8.4301,8.83,154816,7.513903,1.291,,1786882.548
"15-Sep-20",8.87,9.16,8.46,8.97,105910,7.674956,1.3118,1839507,1809710.87
"16-Sep-20",8.98,9.1584,8.69,9.04,85657,7.481702,1.3109,,1769979.134
"17-Sep-20",8.95,9.6,8.9,9.36,115863,7.273653,1.2958,,1730421.66
"18-Sep-20",9.47,9.78,9.21,9.59,140646,7.271976,1.274,,1740703.118
"21-Sep-20",9.3,9.3,8.63,8.73,107544,7.60975,1.3723,,1842472.126
"22-Sep-20",8.82,8.82,8.17,8.47,84025,7.547665,1.358,,1809013.822
"23-Sep-20",8.49,8.81,7.76,7.93,162002,7.65559,1.3788,,1848048.51
"24-Sep-20",8.04,8.2839,7.74,7.83,104514,7.412477,1.3487,,1818352.6695
"25-Sep-20",7.86,8.21,7.8,8.15,64908,7.391606,1.3427,,1805292.1698
"28-Sep-20",8.23,8.36,7.99,8.27,56991,7.585485,1.3666,,1849440.3378
"29-Sep-20",8.04,8.35,8.0201,8.08,47275,7.655043,1.369,,1843553.9154
"30-Sep-20",8.09,8.2,7.4,7.74,180231,7.690965,1.3794,2550374,1862868.7389
"01-Oct-20",7.78,8.0241,7.5,7.61,94957,7.839826,1.3814,,1866547.7529
"02-Oct-20",7.49,7.87,7.4208,7.81,80531,7.863952,1.3771,,1858086.0207
"05-Oct-20",7.88,8.56,7.78,8.43,96426,7.995106,1.4163,,1887150.2313
"06-Oct-20",8.49,8.69,8.385,8.49,47910,7.984965,1.416,,1862132.9361
"07-Oct-20",8.47,9.03,8.47,8.89,53975,8.030257,1.425,,1870410.7176
"08-Oct-20",8.98,9.47,8.77,9.22,68999,7.95525,1.4123,,1839323.0493
"09-Oct-20",9.24,9.44,8.8,8.91,36168,7.96043,1.4096,,2506252.5298
"12-Oct-20",8.84,8.94,8.45,8.67,62799,8.027902,1.4096,,2506252.5298
"13-Oct-20",8.6,8.6134,8.17,8.49,46480,7.940108,1.3854,,2449124.1522
"14-Oct-20",8.4,8.81,8.09,8.19,44190,8.067148,1.3845,,2445043.5538
"15-Oct-20",8.02,8.59,7.81,8.49,69017,8.184876,1.3845,2359722,2443513.3294
"16-Oct-20",8.41,8.82,8.34,8.69,50645,8.531351,1.4172,,2503192.081
"19-Oct-20",8.75,8.81,8.34,8.41,32508,8.834189,1.447,,2586844.3482
"20-Oct-20",8.5,8.6,8.18,8.38,30289,8.698614,1.4191,,2514158.6892
"21-Oct-20",8.22,8.72,8,8.36,55367,8.672722,1.4141,,2501151.7818
"22-Oct-20",8.39,8.75,8.3201,8.59,43753,8.753645,1.4147,,2501661.8566
"23-Oct-20",8.83,8.83,8.41,8.47,34221,8.906874,1.4142,,2511353.2778
"26-Oct-20",8.45,8.45,8.01,8.1,59944,8.888444,1.4059,,2410927.9674
"27-Oct-20",8.15,8.15,7.65,7.79,77017,8.984541,1.4058,,2414467.5504
"28-Oct-20",7.76,7.76,7.35,7.43,57729,9.228998,1.4079,,2418479.0778
"29-Oct-20",7.4,8.41,7.23,7.62,56598,9.490784,1.4111,,2427681.9936
"30-Oct-20",7.54,7.62,7.05,7.41,62835,9.617514,1.4091,1858266,2425558.2438
"02-Nov-20",7.5,7.65,7.26,7.49,45364,9.863054,1.4135,,2434289.2152
"03-Nov-20",7.6,7.92,7.34,7.74,52993,9.907915,1.4053,,2419186.9944
"04-Nov-20",7.6,8.09,7.39,7.6,56237,10.033062,1.4058,,2420838.7998
"05-Nov-20",7.61,7.71,7.065,7.45,118454,10.188561,1.4062,,2422254.633
"06-Nov-20",7.51,7.68,7.27,7.64,71336,10.413195,1.4041,,2429097.8268
"09-Nov-20",7.99,8.455,7.7,7.84,107936,10.713465,1.4268,,2494462.1262
"10-Nov-20",8.25,9,7.68,8.7,212923,10.607381,1.4252,,1899147.852
"11-Nov-20",8.45,8.88,8.1711,8.8,72906,10.642273,1.4257,,1902306.9042
"12-Nov-20",8.8,9.075,8.05,8.26,98752,10.749083,1.4451,,1908625.0086
"13-Nov-20",8.38,8.96,8.21,8.64,57414,10.784426,1.448,1722715,1881680.1516
"16-Nov-20",8.7,8.9,8.26,8.54,67111,11.168144,1.425,,1866256.5438
"17-Nov-20",8.7,8.85,8.26,8.68,54361,11.584132,1.4754,,1916243.8992
"18-Nov-20",8.67,9.47,8.67,8.98,84592,11.552611,1.3915,,1822587.2928
"19-Nov-20",8.82,9.375,8.7,9.28,56724,12.082802,1.3887,,1809951.084
"20-Nov-20",9.11,9.53,9.0227,9.46,50210,13.752426,1.3845,,1802889.6732
"23-Nov-20",9.36,9.7441,9.32,9.63,43071,16.388775,1.3828,,1799544.7944
"24-Nov-20",9.83,9.9675,9.11,9.6,109708,16.172989,1.371,,1626759.7745
"25-Nov-20",9.47,9.882,9.4,9.45,35376,17.096198,1.3728,,1633822.906
"26-Nov-20",,,,,,17.568737,1.3728,,1633822.906
"27-Nov-20",9.42,9.55,9.18,9.42,32317,17.732124,1.3678,,1624520.245
"30-Nov-20",9.26,9.36,8.83,9.15,38561,18.188428,1.3699,1856673,1627104.3175
"01-Dec-20",9.13,9.3,8.8442,9.12,80457,19.232706,1.3698,,1627104.3175
"02-Dec-20",9.04,9.6,9,9.4,43861,19.899748,1.3637,,1619524.3715
"03-Dec-20",9.4,9.625,9.3,9.38,39478,20.856473,1.3643,,1625726.1455
"04-Dec-20",9.44,10,9.33,9.92,45470,21.575522,1.3627,,1621591.6295
"07-Dec-20",9.85,9.97,9.6301,9.79,28557,21.994665,1.357,,1615906.67
"08-Dec-20",9.65,10.3999,9.65,10.34,67308,21.818071,1.3461,,1599713.149
"09-Dec-20",10.35,10.37,9.705,10.11,112774,22.316849,1.3646,,1863542.6901
"10-Dec-20",9.95,10.7,9.57,10.11,61833,21.928949,1.3374,,1810813.1769
"11-Dec-20",9.95,11.06,9.857,10.8,58396,22.209221,1.3374,,1810813.1769
"14-Dec-20",10.4,10.911,9.75,9.86,74017,23.186549,1.3529,,1839777.2757
"15-Dec-20",10.04,10.2418,9.73,10.01,45043,23.421037,1.3401,1709214,1815454.8594
"16-Dec-20",10.02,10.205,9.9,9.93,29876,23.534063,1.3289,,1794288.7872
"17-Dec-20",9.93,10.44,9.89,10.34,45614
"18-Dec-20",10.39,11.25,10.01,10.57,168129,23.780589,1.3423,,1818054.2016
"21-Dec-20",10.41,10.89,10.17,10.66,74571,24.048121,1.339,,1811927.1807
"22-Dec-20",10.59,11.42,10.285,11.27,107721,23.927088,1.3474,,1802829.483
"23-Dec-20",11.35,12.72,11.11,12.63,112792,23.741189,1.3422,,1800230.1408
"24-Dec-20",12.89,13.55,11.7,12,106220,23.923213,1.34,,1686994.218
"25-Dec-20",,,,,,24.242866,1.3439,,1695711.2094
"28-Dec-20",12.25,12.25,11.64,11.66,54311,23.814515,1.3297,,1661697.8508
"29-Dec-20",11.63,12.36,11.2501,11.95,54107,24.309483,1.3453,,1695198.4452
"30-Dec-20",11.93,12.31,11.88,11.97,49372,24.299166,1.3461,,1695198.4452
"31-Dec-20",12.11,12.11,11.51,11.51,22950,24.381227,1.3414,1662886,1683575.79
"01-Jan-21",,,,,,25.03179,1.3412,,1683404.8686
"04-Jan-21",11.64,12.24,11.37,12.04,36174,25.345519,1.3378,,1674346.0344
"05-Jan-21",11.96,12.7599,11.96,12.62,49049,25.339297,1.3503,,1667680.0998
"06-Jan-21",12.79,13.15,11.74,11.89,139895,25.326152,1.3431,,1684259.4756
"07-Jan-21",11.85,12.53,11.45,12.28,42123,25.062662,1.331,,1664432.5932
"08-Jan-21",12.13,12.71,11.98,12.11,33166,25.103574,1.3313,,1658792.187
"11-Jan-21",12.01,12.55,11.1,11.32,81384,24.864136,1.3306,,1659475.8726
"12-Jan-21",11.44,12.06,11.25,11.36,85461,24.7905,1.3341,,1642099.925
"13-Jan-21",11.4,11.445,10.36,10.51,100523,25.154911,1.371,,1681344.0346
"14-Jan-21",10.64,12.37,10.64,11.79,96647,24.800167,1.3696,,1677186.8196
"15-Jan-21",11.73,11.73,10.76,10.89,66139,24.859695,1.3842,1595778,1689824.7532
"18-Jan-21",,,,,,24.770675,1.3842,,1689824.7532
"19-Jan-21",11.84,11.84,10.91,11.12,57762,24.880133,1.3896,,1693316.8138
"20-Jan-21",11.13,11.85,11.13,11.76,92796,24.511304,1.3936,,1691986.505
"21-Jan-21",11.86,11.88,11.21,11.7,86640,24.178688,1.397,,1690822.4848
"22-Jan-21",11.68,12.68,11.68,12.64,132548,23.743908,1.3977,,1689824.7532
"25-Jan-21",12.52,14.5,12.07,12.34,324647,22.020088,1.3902,,1680845.1688
"26-Jan-21",12.35,12.8388,11.01,11.57,140601,21.629963,1.385,,1673528.4704
"27-Jan-21",11.19,12.9899,11.12,12.05,132234,21.503805,1.4149,,1594660.9554
"28-Jan-21",12.19,12.19,11.51,11.86,64210,21.27103,1.4455,,1573277.5302
"29-Jan-21",11.79,12.27,11.33,11.75,55942,21.061664,1.4349,1544933,1557319.7502
"01-Feb-21",11.72,12.49,11.64,12.14,37586,20.864057,1.3977,,1541361.9702
"02-Feb-21",12.18,13.79,11.92,13.57,96865,20.725178,1.3954,,1537053.3696
"03-Feb-21",13.49,13.9,12.77,13.42,104881,20.506781,1.4156,,1539447.0366
"04-Feb-21",13.42,13.98,12.885,13.39,54859,20.240387,1.4106,,1519978.545
"05-Feb-21",13.5,14,13.27,13.96,69808,20.061094,1.418,,1510563.4548
"08-Feb-21",14,15.33,13.2801,15.06,111026,19.735914,1.3849,,1486148.0514
"09-Feb-21",15.2,16.61,14.8854,16.06,171335,19.629776,1.4026,,1493641.2244
"10-Feb-21",16.15,16.9118,14.75,14.95,123241,19.180621,1.3895,,1463978.5108
"11-Feb-21",15.18,15.39,14.38,14.57,33794,19.425034,1.3621,,1430298.9714
"12-Feb-21",14.54,14.59,12.99,13.64,106105,19.236921,1.3623,1474239,1426127.6523
"15-Feb-21",,,,,,19.229365,1.3621,,1425664.1724
"16-Feb-21",13.64,14.39,13.64,14.05,47904,19.146662,1.4975,,1410678.3223
"17-Feb-21",14.12,15.9202,14.07,15.42,91908,19.232035,1.5071,,1424273.7327
"18-Feb-21",15.2,15.5,14.1,14.61,87294,19.017517,1.511,,1417939.5074
"19-Feb-21",14.62,14.9,14.3,14.9,49743,19.061807,1.5089,,1410987.3089
"22-Feb-21",14.75,15.16,14.4,14.69,61494,19.011584,1.5054,,1417012.5476
"23-Feb-21",14.46,14.48,13.16,14.1,52956,19.098677,1.5035,,1415931.0945
"24-Feb-21",14.07,15.41,14.07,15.16,36317,19.125268,1.5035,,1463771.9031
"25-Feb-21",14.98,15.45,14.0525,14.2,54193,19.374892,1.5082,,1465983.2616
"26-Feb-21",14.21,14.74,13.5,13.71,43236,19.356514,1.5092,1475739,1467015.2289
"01-Mar-21",14.25,14.44,13.94,14.32,32716,19.256457,1.5104,,1471585.3698
"02-Mar-21",14.41,14.73,13.95,14.26,48646,19.373556,1.5149,,1470553.4025
"03-Mar-21",14.77,15.52,14.1,15.13,119641,19.130391,1.5193,,1475418.3912
"04-Mar-21",14.67,14.765,13.15,13.34,123767,18.509761,1.5209,,1452567.6867
"05-Mar-21",13.51,13.79,12.78,13.68,292386,17.058922,1.5317,,1406129.1582
"08-Mar-21",14.21,14.6715,13.935,14.46,188888,16.341818,1.5217,,1389027.9858
"09-Mar-21",14.65,15.71,14.39,15.1,138279,16.850228,1.5756,,1460096.1666
"10-Mar-21",15.3,17.23,15.3,17.19,190171,16.076799,1.5479,,1413167.6664
"11-Mar-21",17.3,18.42,16.09,16.76,186046,15.110489,1.5043,,1358417.7495
"12-Mar-21",16.79,17.12,15.64,16.93,56420,14.773255,1.4822,,1327722.3783
"15-Mar-21",16.85,17.69,16.76,17.46,58015,14.180449,1.4524,1116099,1270758.8529
"16-Mar-21",17.28,17.28,16.51,16.66,29237,14.116489,1.4529,,1261461.6972
"17-Mar-21",16.55,17.49,16.21,17.28,59482,13.936099,1.4501,,1252016.9676
"18-Mar-21",17.27,17.4,16.35,16.38,55631,13.864285,1.447,,1247737.3245
"19-Mar-21",16.29,17.23,15.71,15.83,166367,13.571082,1.427,,1221026.4486
"22-Mar-21",15.97,16.87,15.33,16.42,66721,13.582146,1.4352,,1220288.5791
"23-Mar-21",15.011,15.09,14.19,14.7,552663,12.251318,1.4322,,1188560.1906
"24-Mar-21",14.52,15,13.58,13.76,114016,12.022277,1.4204,,1024578.882
"25-Mar-21",13.54,13.875,12.51,13.6,204440,10.127818,1.3878,,877253.814
"26-Mar-21",13.82,13.86,12.86,13.24,48558,9.60473,1.3804,,825020.3808
"29-Mar-21",14.09,14.4499,13.38,13.54,193504,8.932813,1.3659,,784617.597
"30-Mar-21",13.69,13.83,13.22,13.68,78374,8.83536,1.3351,,779037.102
"31-Mar-21",13.76,15.77,13.76,15.15,128207,8.569091,1.3333,1207133,764974.2546
"01-Apr-21",15.15,15.6,14.95,15.33,139979
"02-Apr-21",,,,,,8.721179,1.3208,,792765.1197
"05-Apr-21",16.43,17,15.08,15.21,316468,8.479496,1.3562,,803926.1097
"06-Apr-21",15.21,15.23,14.04,14.14,176028,8.491427,1.3446,,820109.5452
"07-Apr-21",14.52,14.52,13.69,13.81,105276,9.365071,1.3734,,899910.6237
"08-Apr-21",14.04,14.18,13.5,13.95,109307,9.256663,1.362,,898236.4752
"09-Apr-21",13.92,14.09,13.62,13.76,60386,9.197705,1.3624,,1413794.1696
"12-Apr-21",14.085,14.085,13.31,13.46,123675,10.015989,1.4727,,1548872.3523
"13-Apr-21",13.49,13.67,13.03,13.41,92413,9.256657,1.4097,,1432866.871
"14-Apr-21",13.42,13.9505,13.42,13.6,63084,9.61705,1.4464,,1480790.0511
"15-Apr-21",14.155,14.155,13.295,13.69,73595,9.46497,1.4434,1424248,1452543.1389
"16-Apr-21",13.93,13.93,12.5,12.69,113161,9.499603,1.4629,,1467632.3014
"19-Apr-21",12.52,12.77,12.02,12.69,81094,9.763476,1.504,,1501673.452
"20-Apr-21",12.16,13.81,12.16,13.58,133070,9.921863,1.5587,,1542112.4075
"21-Apr-21",13.59,13.86,13,13.73,77363,9.857846,1.5635,,1528954.6578
"22-Apr-21",14.35,14.35,13.53,13.8,62725,9.255103,1.6075,,1430573.3183
"23-Apr-21",13.26,14.06,13.26,13.53,52369,9.241929,1.6056,,1412587.0366
"26-Apr-21",13.63,14.04,13.49,13.76,117811,9.43248,1.5892,,1372262.948
"27-Apr-21",13.8,14,13.2,13.35,77130,9.53354,1.5898,,1374114.4704
"28-Apr-21",13.31,13.71,13.195,13.35,33235,9.460704,1.5681,,1343777.988
"29-Apr-21",13.67,13.67,12.97,13,60803,9.496338,1.5592,,1348050.732
"30-Apr-21",12.9,13.41,12.9,13.2,72354,9.493966,1.5613,1492344,1351041.6528
"03-May-21",13.26,13.47,12.22,12.41,83765,9.448848,1.5352,,1356026.5208
"04-May-21",12.42,13.2,11.79,12.23,63684,9.588322,1.5742,,1367562.9296
"05-May-21",12.75,12.75,11.88,12.13,50282,10.493342,1.6213,,1495602.8248
"06-May-21",12.01,12.75,11.43,11.47,67915,10.638432,1.6319,,1515827.1464
"07-May-21",11.63,12.125,11.4,11.5,84664,10.684896,1.6313,,1517393.8192
"10-May-21",11.54,12.11,11.24,11.38,78347,10.995902,1.5981,,1538472.6896
"11-May-21",11.06,11.51,10.955,11.11,81454,10.924728,1.5767,,1677394.656
"12-May-21",11.17,12.16,11.15,11.45,142591,10.667874,1.5737,,1665605.1384
"13-May-21",11.4,11.8125,11.16,11.67,52409,10.69007,1.5727,,1655457.1992
"14-May-21",11.97,12.75,11.61,11.7,76151,10.518216,1.5581,1513506,1621730.2248
"17-May-21",11.59,12.095,11.41,11.7,26399,10.605091,1.5591,,1629788.8824
"18-May-21",11.78,11.806,11.41,11.64,72901,10.5416,1.5637,,1615313.1456
"19-May-21",11.5,11.88,11.14,11.23,80668,10.42972,1.5664,,1596509.6112
"20-May-21",11.27,12.02,10.735,11.16,115037,10.359295,1.5724,,1601583.5808
"21-May-21",11.4,11.52,11.1,11.35,49830,10.604677,1.5855,,1626207.2568
"24-May-21",11.4,11.852,11.1629,11.48,148206,10.960728,1.6606,,1716046.3656
"25-May-21",11.48,11.63,10.78,10.84,116202,10.7313,1.6476,,1586759.6904
"26-May-21",10.92,11.0899,10.6,10.82,113799,10.468089,1.6199,,1561484.1402
"27-May-21",11.09,12.01,10.94,11.78,295543,10.459791,1.6313,,1617937.914
"28-May-21",11.32,11.8699,10.8,11.26,218906,10.267358,1.6303,1629766,1611732.5394
"31-May-21",,,,,,10.267358,1.6303,,1611732.5394
"01-Jun-21",11.07,11.07,10.21,10.3,160804,10.100199,1.6175,,1595538.0252
"02-Jun-21",10.3,10.33,9.78,9.87,200451,9.134515,1.6524,,1475516.9994
"03-Jun-21",9.9,10.08,9.6,9.84,160805,9.248924,1.6527,,1515927.6096
"04-Jun-21",9.84,10.01,9.6,9.77,127796,9.719919,1.6289,,1594932.6228
"07-Jun-21",10.4,11.16,10.4,11,212120,10.081296,1.6293,,1635797.2848
"08-Jun-21",11.02,11.0999,10.5,10.73,142539,10.113112,1.6345,,1646240.4762
"09-Jun-21",10.85,10.98,10.281,10.5,113775,10.445535,1.6266,,1702453.5636
"10-Jun-21",10.52,10.78,10.29,10.56,79311,10.789025,1.644,,1744827.4796
"11-Jun-21",10.58,10.84,10.31,10.49,127258,10.988334,1.667,,1762265.9758
"14-Jun-21",10.61,12.34,10.5601,11.88,229805,10.60611,1.6704,,1724618.3812
"15-Jun-21",11.97,12.39,11.55,11.81,155325,10.628665,1.6884,2030206,1737004.6028
"16-Jun-21",11.82,12.47,11.7,12.36,83794,10.648039,1.7037,,1746131.2924
"17-Jun-21",12.33,12.61,11.95,12.43,87173,10.800759,1.7104,,1784593.77
"18-Jun-21",12.2,12.32,11.56,11.57,74003,10.789746,1.7733,,1786060.5594
"21-Jun-21",11.63,11.9363,11.51,11.58,49431,10.907623,1.7751,,1792905.5766
"22-Jun-21",11.61,11.69,11.1333,11.62,41254,10.944282,1.7771,,1780845.3082
"23-Jun-21",11.63,11.9525,11.4201,11.76,50441,10.874503,1.7858,,1765688.4844
"24-Jun-21",11.65,11.84,11.5,11.66,60899,11.407361,1.8097,,2024318.4026
"25-Jun-21",11.84,12.1462,11.4,11.43,153163,11.245563,1.8091,,2006655.6104
"28-Jun-21",11.6,12.03,11.36,11.77,61786,11.357627,1.8083,,2003001.2396
"29-Jun-21",11.83,11.99,11.34,11.63,91352,11.370253,1.8064,,2000361.9718
"30-Jun-21",11.76,11.81,11.23,11.3,43419,11.834979,1.8309,2068708,2037717.7622
"01-Jul-21",11.32,12.34,11.32,12.32,104741,11.692056,1.787,,2014167.3726
"02-Jul-21",12.32,12.38,11.53,11.55,69317,11.950803,1.8208,,2037311.721
"06-Jul-21",11.52,11.59,10.52,10.66,128264,12.06821,1.8152,,1999549.8894
"07-Jul-21",10.67,11.01,10.29,10.78,47391,12.593825,1.8301,,2045432.545
"08-Jul-21",10.53,10.87,10.31,10.77,39611,12.719015,1.8355,,2044620.4626
"09-Jul-21",10.83,10.935,10.07,10.37,69152,12.598285,1.8223,,2012340.1872
"12-Jul-21",10.3,11.32,10.3,11.13,94187,12.648233,1.8346,,2062088.1344
"13-Jul-21",11.1,11.14,10.71,10.98,58002,12.966772,1.8557,,2091877.5296
"14-Jul-21",10.93,10.98,10.5,10.53,45303,13.298618,1.8673,,2129321.1444
"15-Jul-21",10.5,10.68,10.07,10.35,56503,13.290781,1.8651,2037901,2125804.3408
"16-Jul-21",10.46,10.6,10.27,10.28,27890,13.445078,1.8658,,2134699.7852
"19-Jul-21",10.01,10.62,10,10.54,33094,13.704911,1.8643,,2147525.7748
"20-Jul-21",10.81,11.82,10.51,11.44,87158,14.638139,1.9193,,2296059.0092
"21-Jul-21",11.42,11.87,10.95,11.5,55843,14.796014,1.918,,2291300.9808
"22-Jul-21",11.47,11.63,10.9,10.92,30896,14.868337,1.9184,,2284681.1152
"23-Jul-21",11.03,11.07,10.44,10.57,33564,15.058389,1.9355,,2302472.004
"26-Jul-21",10.58,11.1,10.5051,10.82,33772,15.09924,1.9374,,2206435.4127
"27-Jul-21",10.75,10.79,10.25,10.79,43140,15.297175,1.9349,,2207046.783
"28-Jul-21",10.83,11.215,10.83,11.1,32471,15.216125,1.9224,,2178516.169
"29-Jul-21",11.09,11.54,11.09,11.19,27468,15.30296,1.9281,,2188705.674
"30-Jul-21",11.16,11.17,10.7,10.7,17693,15.380143,1.9249,2037159,2183407.1314
"02-Aug-21",10.87,11.1,10.72,10.87,18968,15.540452,1.8942,,2185445.0324
"03-Aug-21",10.88,11.0814,10.5,10.65,24083,15.914624,1.9181,,2213160.486
"04-Aug-21",10.65,10.8,10.45,10.58,17167,16.968592,1.9327,,2332173.9044
"05-Aug-21",10.61,11.1,10.55,11.1,31246,16.34786,1.9005,,2233947.0762
"06-Aug-21",11.1,11.19,10.58,10.6,26551,16.55819,1.9346,,2253103.3456
"09-Aug-21",10.61,11.09,10.61,10.82,15824,16.668457,1.9302,,2246989.6426
"10-Aug-21",10.69,11.4,10.69,11.33,35475,16.738061,1.9221,,2086458.2478
"11-Aug-21",11.27,11.27,10.54,10.65,32662,16.88101,1.9214,,2086661.9637
"12-Aug-21",10.69,10.8,10.15,10.69,35063,17.091169,1.9275,,2094606.8838
"13-Aug-21",10.77,10.85,10.65,10.74,15940,17.517537,1.9292,1984151,2096440.3269
"16-Aug-21",10.74,10.96,10.22,10.32,40082,17.217473,1.9143,,2057530.59
"17-Aug-21",10.22,10.594,9.8,9.95,66423,16.696695,1.9107,,1989896.9112
"18-Aug-21",10.1,10.439,9.93,10.18,37948,16.742845,1.9124,,1999675.2744
"19-Aug-21",10.01,10.27,9.25,9.55,98980,16.868023,1.9253,,2024732.3301
"20-Aug-21",9.47,10.1,9.47,9.85,45430,16.99504,1.9258,,2026362.0573
"23-Aug-21",10.08,10.7,9.56,10.01,92924,15.972491,1.9267,,1907595.6876
"24-Aug-21",10.01,11.23,9.9402,10.63,117045,15.817565,1.9357,,1800220.2023
"25-Aug-21",10.65,11.5,10.604,11.48,84994,15.917098,1.9398,,1789902.6171
"26-Aug-21",11.5,11.73,11.02,11.04,44446,16.508252,1.9124,,1830974.5428
"27-Aug-21",11.19,11.723,10.87,11.07,81998,18.662714,1.9126,,2057167.7568
"30-Aug-21",11.25,11.9,10.77,11.11,116847,16.789781,1.8375,,1733552.7287
"31-Aug-21",11.51,11.7058,10.83,11.2,70869,15.986032,1.8347,1920017,1649623.1414
"01-Sep-21",11.28,11.5154,10.82,11.4,90342,16.128325,1.7875,,1670059.8967
"02-Sep-21",12,13.7999,12,12.22,252353,15.910307,1.8109,,1678194.9158
"03-Sep-21",13.17,14.0599,12.7,13.96,300372,17.051058,1.7941,,1834744.4297
"06-Sep-21",,,,,,17.531215,1.7941,,1834744.4297
"07-Sep-21",14.44,14.789,12.9,13.45,300366,16.853572,1.8039,,1845657.2602
"08-Sep-21",13.675,13.89,12.03,12.15,202024,17.418619,1.8274,,1903792.8845
"09-Sep-21",12.3,12.7299,11.97,12.18,118235,18.3464,1.8297,,1995460.6607
"10-Sep-21",12.38,12.4959,11.74,12.05,132205,17.776544,1.8585,,2258707.9988
"13-Sep-21",12.05,12.06,11.7,11.83,86167,18.141333,1.8057,,2285588.2368
"14-Sep-21",11.8,11.9,11.07,11.21,143797,17.526457,1.7306,,2237203.8084
"15-Sep-21",11.21,12.14,11.21,11.78,176034,17.98419,1.7272,1883719,2271380.111
"16-Sep-21",11.81,12.36,11.71,11.88,238067,17.75669,1.721,,2279444.1824
"17-Sep-21",11.95,12.45,11.79,12.17,265503,17.663199,1.7281,,2347988.7893
"20-Sep-21",12.03,12.4,11.16,12.03,452312,16.815021,1.7801,,2394645.2024
"21-Sep-21",9.25,11.25,9.22,11.03,1707073,13.32419,1.7979,,2438229.5883
"22-Sep-21",10.99,11.47,10.35,11.26,365726,12.786205,1.7893,,2441301.6155
"23-Sep-21",11.081,12.1394,10.86,11.83,256571,11.275062,1.8038,,2213587.5993
"24-Sep-21",11.82,12,11.26,11.51,133292,10.284015,1.7775,,1691956.4058
"27-Sep-21",11.47,12.91,11.44,12.72,195442,10.481494,1.8018,,1747337.7444
"28-Sep-21",12.51,12.68,12.105,12.46,90148,10.322566,1.8362,,1713807.5462
"29-Sep-21",12.52,12.63,12.11,12.31,78424,9.613101,1.7867,,1599277.431
"30-Sep-21",12.41,12.6,11.83,12.5,139317,9.513067,1.8035,1475179,1592119.2988
"01-Oct-21",12.54,12.7146,12.1908,12.51,60393,9.442072,1.7965,,1583642.5633
"04-Oct-21",12.28,12.56,11.93,12.14,99985,8.877883,1.7691,,1498310.0926
"05-Oct-21",12.18,12.2578,11.91,12.1,48919,8.723468,1.7514,,1458563.6217
"06-Oct-21",12.01,12.3429,11.83,12.14,54616,8.82097,1.7469,,1462331.0597
"07-Oct-21",12.33,12.58,12.15,12.31,43642,8.985986,1.745,,1474010.1175
"08-Oct-21",12.3,12.41,12.09,12.41,48258,9.0089,1.746,,1477965.9274
"11-Oct-21",12.37,12.55,12.24,12.38,26219,8.964689,1.746,,1369408.6657
"12-Oct-21",12.44,12.55,12.28,12.44,18278,9.099158,1.7473,,1372063.9879
"13-Oct-21",12.49,12.76,12.23,12.65,44340,9.179679,1.7236,,1375604.4175
"14-Oct-21",12.76,12.95,12.35,12.84,61748,9.241262,1.7227,,1385488.1168
"15-Oct-21",13,13.64,12.75,13.36,98766,10.098618,1.7316,1362409,1524154.9428
"18-Oct-21",13.36,13.36,12.27,12.39,114377,10.205145,1.7343,,1569885.4918
"19-Oct-21",12.37,12.75,12.3492,12.49,22125,8.957483,1.6622,,1360852.6275
"20-Oct-21",12.52,13.07,12.5,12.99,54056,8.97268,1.6573,,1366753.3435
"21-Oct-21",12.835,13.16,12.51,12.6,50062,9.031641,1.6567,,1369261.1478
"22-Oct-21",12.52,12.83,12.3,12.77,55839,9.078891,1.659,,1376489.5249
"25-Oct-21",12.83,13.07,12.27,12.41,42982,8.729562,1.6537,,1340347.6394
"26-Oct-21",12.35,13,12.15,12.83,70069,8.819467,1.6547,,1202462.1834
"27-Oct-21",12.65,13.14,12.545,12.84,41007,8.787741,1.6504,,1199192.4018
"28-Oct-21",12.86,12.86,12.2,12.34,48062,8.786248,1.6326,,1199737.3654
"29-Oct-21",12.44,12.66,12.2899,12.59,29199,8.686443,1.6297,,1185704.5527
"01-Nov-21",12.66,13.14,12.4098,12.97,36839,8.465918,1.6102,,1172080.4627
"02-Nov-21",13,13.16,12.68,12.98,33341,8.606437,1.6252,,1178347.5441
"03-Nov-21",12.95,13.18,12.78,12.88,67073,,1.6221,,1183660.9392
"19-Nov-21",,,,,,,,,,,0