"Date","open WDR Price in USD","high WDR Price in USD","low WDR Price in USD","close WDR Price in USD","WDR Volume","Days to cover 3m (on loan)","Cost To Borrow","Exchange Reported SI","Estimated Short Interest","Dividends","hidden"
"15-Dec-11",,,,,,,,,,
"29-Dec-11",,,,,,,,,,
"01-Feb-12",,,,,,,,,,
"13-Mar-12",,,,,,,,,,
"05-Apr-12",,,,,,,,,,
"01-May-12",,,,,,,,,,
"20-Jun-12",,,,,,,,,,
"09-Jul-12",,,,,,,,,,
"01-Aug-12",,,,,,,,,,
"20-Sep-12",,,,,,,,,,
"09-Oct-12",,,,,,,,,,
"01-Nov-12",,,,,,,,,,
"15-Nov-12",,,,,,,,,,
"21-Nov-12",,,,,,,,,,
"06-Dec-12",,,,,,,,,,
"09-Jan-13",,,,,,,,,,
"01-Feb-13",,,,,,,,,,
"20-Mar-13",,,,,,,,,,
"08-Apr-13",,,,,,,,,,
"01-May-13",,,,,,,,,,
"24-Jun-13",,,,,,,,,,
"09-Jul-13",,,,,,,,,,
"17-Jul-13",,,,,,,,,,
"01-Aug-13",,,,,,,,,,
"09-Oct-13",,,,,,,,,,
"01-Nov-13",,,,,,,,,,
"19-Dec-13",,,,,,,,,,
"09-Jan-14",,,,,,,,,,
"03-Feb-14",,,,,,,,,,
"03-Apr-14",,,,,,,,,,
"10-Apr-14",,,,,,,,,,
"01-May-14",,,,,,,,,,
"20-Jun-14",,,,,,,,,,
"09-Jul-14",,,,,,,,,,
"01-Aug-14",,,,,,,,,,
"22-Sep-14",,,,,,,,,,
"08-Oct-14",,,,,,,,,,
"03-Nov-14",,,,,,,,,,
"18-Dec-14",,,,,,,,,,
"02-Jan-15",50.25,50.41,49.04,49.44,559293
"05-Jan-15",48.99,49.085,47.58,47.89,828301
"06-Jan-15",48,48.07,46.25,46.9,872094
"07-Jan-15",47.43,47.51,46.53,47.18,758166
"08-Jan-15",47.26,47.39,45.9,46.38,1805880,,,,,
"09-Jan-15",46.56,46.63,45.4,46.28,1222206
"12-Jan-15",46.54,46.56,44.83,45.08,873861
"13-Jan-15",45.49,46.15,44.19,44.54,1061100
"14-Jan-15",43.76,43.76,42.41,43.34,1283666
"15-Jan-15",42.59,43.06,41.57,41.98,1983760
"16-Jan-15",41.8,42.37,41.06,42.33,1073060
"20-Jan-15",42.75,42.9065,41.3,41.61,1280371
"21-Jan-15",41.68,42.6599,41.38,42.63,1090385
"22-Jan-15",42.97,44.31,42.57,44.01,1084502
"23-Jan-15",43.8,43.9,43.28,43.48,689316
"26-Jan-15",43.5,45.37,43.3,45.27,1154141
"27-Jan-15",44.45,45.61,44.1851,45.4,1245588
"28-Jan-15",45.82,45.99,45.08,45.12,2028025
"29-Jan-15",45.22,45.35,44.18,44.87,1357912
"30-Jan-15",44.35,45.325,44.1,44.71,1071597
"02-Feb-15",44.95,45.52,44.3,45.49,1965979,,,,,
"03-Feb-15",46.18,46.88,43.84,45.26,2198019
"04-Feb-15",44.29,45.52,43.27,44.94,2671749
"05-Feb-15",45.28,46.68,44.71,46.57,1748689
"06-Feb-15",47.06,47.63,46.78,47.52,1329154
"09-Feb-15",47.32,48.33,47.162,48.23,1670544
"10-Feb-15",48.72,48.85,48.18,48.64,1634578
"11-Feb-15",48.73,49.9,48.5603,49.83,1982191
"12-Feb-15",50,50.43,49.65,49.79,1442837
"13-Feb-15",49.88,50.325,49.72,49.94,1178935
"17-Feb-15",49.85,50.18,49.57,50.07,1078283
"18-Feb-15",49.45,50.1,49.42,50.02,1323772
"19-Feb-15",49.92,51.8,49.52,51.39,2127750
"20-Feb-15",51.22,51.23,49.95,51.05,1172884
"23-Feb-15",50.95,51.04,50.485,50.77,858777
"24-Feb-15",50.76,51.28,50.74,51.2,961738
"25-Feb-15",50.98,51.02,50.38,50.64,664654
"26-Feb-15",50.15,50.35,49.67,50.07,962112
"27-Feb-15",50.24,50.443,49.46,49.46,1248573
"02-Mar-15",49.56,49.75,49.25,49.55,1005104
"03-Mar-15",49.33,49.75,49.11,49.6,956421
"04-Mar-15",49.39,49.67,49.11,49.45,734823
"05-Mar-15",49.77,50.065,49.29,50.04,650951
"06-Mar-15",50.04,50.85,49.52,49.6,633408
"09-Mar-15",49.57,49.77,49.27,49.38,492232
"10-Mar-15",48.88,49.09,48.14,48.15,1033739
"11-Mar-15",48.31,48.71,48.02,48.45,780761
"12-Mar-15",48.81,49.34,48.39,49.31,680102
"13-Mar-15",49.08,49.11,48.09,48.56,875679
"16-Mar-15",48.69,49.29,48.44,49.28,706492
"17-Mar-15",48.85,49.37,48.63,48.94,931602
"18-Mar-15",48.98,49.095,48.52,48.91,1335642
"19-Mar-15",48.91,49.35,48.69,49.27,889307
"20-Mar-15",49.61,50.65,49.56,50.56,1332697,,,,,
"23-Mar-15",50.56,50.7199,50.09,50.31,761604
"24-Mar-15",50.25,50.42,49.51,49.83,855952
"25-Mar-15",50.12,51.01,49.69,49.89,903323
"26-Mar-15",49.91,50.68,49.44,50.09,874927
"27-Mar-15",50.05,50.07,49.31,49.6,563589
"30-Mar-15",50.04,50.2,49.69,49.86,551426
"31-Mar-15",49.78,49.89,49.33,49.54,618050
"01-Apr-15",49.55,49.83,49.18,49.63,780315
"02-Apr-15",49.69,50.26,49.48,50.18,607383
"06-Apr-15",49.5,49.98,48.53,49.64,1108756
"07-Apr-15",49.74,50.125,49.48,49.48,603468
"08-Apr-15",49.47,49.975,49.34,49.82,808741,,,,,
"09-Apr-15",49.85,49.9,48.61,49.06,1347468
"10-Apr-15",49.16,49.225,47.58,47.94,1497475
"13-Apr-15",47.93,48.64,47.9,47.99,949727
"14-Apr-15",47.92,48.66,46.41,48.26,2398181
"15-Apr-15",48.57,50.5675,48.57,50.2,2341876
"16-Apr-15",50.22,50.37,48.95,49.3,813395
"17-Apr-15",48.99,48.99,48.19,48.5,577612
"20-Apr-15",48.73,49.27,48.62,49.27,476350
"21-Apr-15",49.58,49.72,49.19,49.61,562927
"22-Apr-15",49.6,49.88,49.15,49.79,267517
"23-Apr-15",49.75,50.43,49.48,50.24,510227
"24-Apr-15",50.39,50.71,49.92,50.21,609956
"27-Apr-15",50.5,51.23,49.98,50.15,965116
"28-Apr-15",49.01,51.19,48.59,50.93,1548730
"29-Apr-15",50.35,50.59,49.62,49.84,1005057
"30-Apr-15",49.8,50.1,49.19,49.32,712793
"01-May-15",49.82,49.85,48.83,49,952374,,,,,
"04-May-15",49.06,49.56,48.55,48.74,951672
"05-May-15",48.57,49.07,47.65,47.77,939999
"06-May-15",48,48.24,46.63,46.94,1204325
"07-May-15",47,47.51,46.5,47.02,740189
"08-May-15",47.62,47.71,47.21,47.31,469767
"11-May-15",47.31,47.68,46.87,46.92,563238
"12-May-15",46.69,46.86,45.89,46.73,753801
"13-May-15",46.76,47.56,46.65,47.4,781191
"14-May-15",47.62,47.87,47.275,47.83,525186
"15-May-15",47.89,48.28,47.7201,48.21,644236
"18-May-15",48.21,48.8,48.01,48.68,484044
"19-May-15",48.78,49,48.2301,48.47,575935
"20-May-15",48.52,49.02,48.23,48.86,406912
"21-May-15",48.8,49.46,48.62,49.34,674058
"22-May-15",49.15,49.58,49.15,49.24,481740
"26-May-15",49.07,49.36,48.0698,48.2,785061
"27-May-15",48.21,48.64,48.06,48.44,487976
"28-May-15",48.18,48.41,47.83,48.09,436429
"29-May-15",48.06,48.23,47.59,47.78,417719
"01-Jun-15",47.99,48.35,47.69,47.88,438647
"02-Jun-15",47.78,48.3,47.62,48.05,314026
"03-Jun-15",48.05,48.98,47.89,48.65,446329
"04-Jun-15",48.4,48.65,47.345,47.47,518413
"05-Jun-15",47.62,48.13,46.99,47.95,363146
"08-Jun-15",47.95,48.4,47.7,47.99,451280
"09-Jun-15",47.98,48.91,47.9,48.8,1241741
"10-Jun-15",49.15,49.655,49.082,49.17,851049
"11-Jun-15",49.31,49.68,49.01,49.5,576032
"12-Jun-15",49.33,49.33,48.66,48.85,327056
"15-Jun-15",48.45,48.96,48.06,48.87,394270
"16-Jun-15",48.66,49.84,48.59,49.7,585938
"17-Jun-15",49.89,50.22,49.24,49.33,1026154
"18-Jun-15",49.51,49.69,48.98,49.2,903881
"19-Jun-15",49.18,49.46,48.98,49.31,807191
"22-Jun-15",50.17,50.17,49.53,49.85,362408,,,,,
"23-Jun-15",49.76,50.15,49.17,49.24,683360
"24-Jun-15",49.32,49.45,48.92,49.1,495551
"25-Jun-15",49.21,49.23,48.39,48.51,353385
"26-Jun-15",48.67,48.94,48.27,48.88,924620
"29-Jun-15",48.13,48.13,47.08,47.12,883294
"30-Jun-15",47.68,47.81,46.99,47.31,648320
"01-Jul-15",47.78,48.05,46.75,46.8,723749
"02-Jul-15",46.95,47.05,46.27,46.52,469680
"06-Jul-15",45.74,46.31,45.61,46.23,1143612
"07-Jul-15",46.17,46.64,44.79,46.58,823724
"08-Jul-15",45.99,46.09,44.9,45.11,798329
"09-Jul-15",45.75,45.75,44.34,44.34,1038503,,,,,
"10-Jul-15",44.95,45.18,44.44,45.03,611255
"13-Jul-15",45.51,45.75,45.21,45.7,522380
"14-Jul-15",45.49,45.7,45.26,45.56,536790
"15-Jul-15",45.42,45.736,44.85,45.28,767911
"16-Jul-15",45.51,45.98,45.23,45.23,2247542
"17-Jul-15",45.27,45.48,44.86,45.08,620246
"20-Jul-15",45.27,45.49,45.06,45.17,385558
"21-Jul-15",45.09,45.81,44.76,45.15,628028
"22-Jul-15",45.08,45.34,44.57,44.84,614353
"23-Jul-15",44.99,45.16,44.04,44.31,720590
"24-Jul-15",44.37,44.48,43.18,43.45,1065720
"27-Jul-15",43.16,43.4,42.9,43.35,550709
"28-Jul-15",43.71,44.56,43.09,43.84,1055719
"29-Jul-15",43.83,44.48,43.26,43.57,879694
"30-Jul-15",43.6,45.75,42.99,44.21,1461758
"31-Jul-15",44.39,45.19,44.13,44.91,853478
"03-Aug-15",44.88,45.17,44.245,44.83,581681,,,,,
"04-Aug-15",44.76,45.2,44.52,44.67,433829
"05-Aug-15",45.03,45.485,44.63,44.75,464024
"06-Aug-15",44.74,45.02,44,44.4,272144
"07-Aug-15",44.24,44.69,43.89,44.19,299260
"10-Aug-15",44.52,45.29,44.52,45.23,244204
"11-Aug-15",44.68,44.82,43.92,44.17,326289
"12-Aug-15",43.7,43.8,42.58,43.74,463818
"13-Aug-15",43.86,44.06,43.5,43.81,377471
"14-Aug-15",43.79,44.21,43.54,44.1,318546
"17-Aug-15",43.98,44.32,43.52,44.29,319118
"18-Aug-15",44.29,44.38,44.045,44.14,299502
"19-Aug-15",43.82,43.82,42.87,43.21,423275
"20-Aug-15",42.66,42.7,41.6816,41.72,618870
"21-Aug-15",41.16,41.44,39.99,39.99,1281963
"24-Aug-15",37.15,38.92,36.56,36.97,1837135
"25-Aug-15",38.2,39.49,37.49,37.51,1597070
"26-Aug-15",38.31,38.68,37.16,38.51,895755
"27-Aug-15",39.06,39.97,38.65,39.48,754660
"28-Aug-15",38.93,39.45,38.82,39.16,433512
"31-Aug-15",38.69,39.43,38.5,39.07,851902
"01-Sep-15",38.17,38.288,36.71,36.77,1262500
"02-Sep-15",37.44,37.44,36.5,37.13,778604
"03-Sep-15",36.84,37.69,36.77,37.26,772358
"04-Sep-15",36.69,36.99,36.5,36.66,690545
"08-Sep-15",37.33,37.89,37.08,37.84,521376
"09-Sep-15",38.43,38.77,37.89,37.96,918631
"10-Sep-15",37.96,38.33,37.64,37.92,539740
"11-Sep-15",37.62,37.786,36.88,37.4,541587
"14-Sep-15",37.42,37.58,36.9,37.01,696119
"15-Sep-15",37.18,37.97,36.92,37.87,420342
"16-Sep-15",37.62,38.43,37.38,38.38,550418
"17-Sep-15",38.39,39.21,38.17,38.32,671073
"18-Sep-15",37.74,37.74,36.3,36.52,1162471
"21-Sep-15",36.08,37,35.57,36.42,969305,,,,,
"22-Sep-15",35.72,36.05,35.25,35.53,821012
"23-Sep-15",35.74,35.96,35.23,35.41,578347
"24-Sep-15",35,35.45,34.7506,34.95,1282266
"25-Sep-15",35.5,35.51,34.1,34.66,1464224
"28-Sep-15",34.33,34.38,33.73,33.77,1095291
"29-Sep-15",33.97,34.67,33.64,34.35,797950
"30-Sep-15",34.85,35.15,34.39,34.77,614424
"01-Oct-15",34.76,35.04,33.73,34.37,643909
"02-Oct-15",33.34,35.05,33.34,35.05,723082
"05-Oct-15",34.99,36.11,34.85,35.66,911960
"06-Oct-15",35.45,35.74,34.9,34.99,1165939
"07-Oct-15",34.91,35.3,34.35,34.99,1314061,,,,,
"08-Oct-15",34.87,35.08,34.16,35,1267774
"09-Oct-15",35.05,35.35,34.51,34.58,655983
"12-Oct-15",34.67,34.812,34.33,34.49,833934
"13-Oct-15",34.23,34.55,33.28,33.34,852057
"14-Oct-15",33.38,33.8,33,33.14,798146
"15-Oct-15",33.34,33.945,33,33.77,1972008
"16-Oct-15",34.02,34.27,33.4,34.09,1090228
"19-Oct-15",33.5,33.8543,32.84,33.03,1025800
"20-Oct-15",33.04,34.02,32.98,33.98,1029831
"21-Oct-15",34.18,34.26,33.5,33.54,624950
"22-Oct-15",33.62,34.85,33.52,34.62,1172072
"23-Oct-15",35,35.45,34.46,34.88,771531
"26-Oct-15",35.2,35.5,34.79,34.93,648476
"27-Oct-15",34.59,35.7,33.78,35.62,1225984
"28-Oct-15",35.82,36.69,35.75,36.68,961903,,,,,
"29-Oct-15",36.6,37.06,36.22,36.36,746261
"30-Oct-15",36.45,37.04,36.08,36.94,719371
"02-Nov-15",36.87,37.98,36.8,37.66,742657,,,,,
"03-Nov-15",37.52,38.57,37.42,38.26,834299
"04-Nov-15",38.27,38.47,37.96,38.12,544926
"05-Nov-15",38.24,38.47,37.93,38.23,336789
"06-Nov-15",38.25,38.85,37.93,38.2,527568
"09-Nov-15",38.24,38.36,37.21,37.43,378489
"10-Nov-15",37.22,37.49,36.63,37.33,683479
"11-Nov-15",37.56,37.57,36.67,36.68,727427
"12-Nov-15",36.44,36.7,35.58,35.59,635440
"13-Nov-15",35.36,35.79,35.11,35.24,599178
"16-Nov-15",35.17,36.24,34.98,36.24,574244
"17-Nov-15",36.26,36.38,35.72,35.86,1654530
"18-Nov-15",36.03,36.97,35.82,36.96,816175
"19-Nov-15",36.99,37.55,36.8,37.48,861661
"20-Nov-15",37.64,37.94,37.49,37.74,882886
"23-Nov-15",37.72,38.1999,37.72,37.82,523238
"24-Nov-15",37.46,37.7,37.39,37.47,773110
"25-Nov-15",37.67,38.17,37.59,37.89,580017
"27-Nov-15",37.94,38.045,37.42,37.66,149817
"30-Nov-15",37.76,37.76,37.15,37.4,970925
"01-Dec-15",37.59,37.7,36.93,37.38,740355
"02-Dec-15",37.4,37.545,36.31,36.46,649053
"03-Dec-15",36.53,36.695,35.39,35.54,705916
"04-Dec-15",35.57,36.1,35.37,35.78,561953
"07-Dec-15",35.63,35.63,34.56,34.88,626670
"08-Dec-15",34.41,34.41,33.45,33.74,900371
"09-Dec-15",33.67,34.25,32.85,32.99,932485
"10-Dec-15",32.92,33.34,32.84,33.01,745700
"11-Dec-15",32.46,32.49,31.25,31.33,1189102
"14-Dec-15",31.35,31.46,28.79,28.97,2418979
"15-Dec-15",28.8,29.55,28.5,29.02,2724864
"16-Dec-15",29.33,29.46,28.78,29.33,1414474
"17-Dec-15",29.43,29.53,28.99,29.33,1312386
"18-Dec-15",29.13,29.13,27.815,28.3,2463776
"21-Dec-15",28.62,28.87,28.33,28.85,1049157
"22-Dec-15",28.8,29.11,28.08,28.84,672222
"23-Dec-15",29.2,29.94,28.87,29.84,756448
"24-Dec-15",29.78,29.99,29.4,29.47,184198
"28-Dec-15",29.32,29.47,28.89,29.38,569565
"29-Dec-15",29.53,29.85,29.1,29.52,647843
"30-Dec-15",29.53,29.85,28.45,28.57,764356
"31-Dec-15",28.38,29.11,28.01,28.66,581725
"04-Jan-16",27.47,28.31,27.07,28.28,1426944
"05-Jan-16",28.48,28.59,27.63,28.06,850376
"06-Jan-16",27.44,27.59,26.49,26.79,1813819
"07-Jan-16",25.96,25.96,24.86,24.89,1333241,,,,,
"08-Jan-16",25.05,25.21,24.44,24.46,1940098
"11-Jan-16",24.65,24.67,23.42,24.19,1470431
"12-Jan-16",24.46,24.86,23.75,24.82,1822778
"13-Jan-16",24.89,25.12,23.31,23.33,3176351
"14-Jan-16",23.49,25.14,22.93,24.78,2426487
"15-Jan-16",23.79,24.6,23.74,24.36,1798930
"19-Jan-16",24.86,25.38,24.29,24.95,1804166
"20-Jan-16",24.29,25.07,23.61,24.78,1504470
"21-Jan-16",24.94,26.32,24.75,24.91,1601764
"22-Jan-16",25.65,26.12,25.28,25.78,989489
"25-Jan-16",25.59,25.8,24.86,25.42,1309498
"26-Jan-16",25.45,26.78,25.305,25.95,1398154
"27-Jan-16",25.83,26.91,25.55,26.31,1226119
"28-Jan-16",26.59,27.33,25.88,26.06,1256629
"29-Jan-16",26.29,27.44,26.19,27.44,1377479
"01-Feb-16",27.06,27.1,26.27,26.5,1363098,,,,,
"02-Feb-16",23.37,23.8,21.4,22.69,4488199
"03-Feb-16",22.58,22.58,21.595,21.96,3749167
"04-Feb-16",21.61,23.23,21.315,22.82,2292912
"05-Feb-16",22.73,23.25,22.11,22.16,1343096
"08-Feb-16",21.66,21.72,20.23,20.77,2610856
"09-Feb-16",20.28,21.12,20.21,21.03,1205360
"10-Feb-16",21.38,21.96,21.22,21.71,1936407
"11-Feb-16",20.99,21.715,20.71,21.36,1992234
"12-Feb-16",21.83,22.5,21.55,22.35,1216977
"16-Feb-16",22.72,23.89,22.53,23.71,1662512
"17-Feb-16",23.94,24.48,23.31,23.68,2308299
"18-Feb-16",23.63,23.69,22.55,23.12,1347954
"19-Feb-16",22.94,22.94,21.73,22.17,1244593
"22-Feb-16",22.61,23.03,22.53,22.78,1008737
"23-Feb-16",22.72,22.77,21.87,21.92,1287265
"24-Feb-16",21.5,22.585,20.8,22.47,1553349
"25-Feb-16",22.54,23.31,21.89,23.11,1057120
"26-Feb-16",23.43,23.93,23.06,23.34,1050063
"29-Feb-16",23.3,24.11,23.06,23.42,1706964
"01-Mar-16",23.59,24.71,23.5,24.58,1864788
"02-Mar-16",24.52,25.42,24.21,25.36,2143044
"03-Mar-16",25.22,26.36,25.2,25.54,1760988
"04-Mar-16",25.65,26.77,25.53,26.25,1536429
"07-Mar-16",25.91,26.72,25.37,26.71,998050
"08-Mar-16",26.37,26.4301,25.22,25.26,1103056
"09-Mar-16",25.49,25.82,24.76,25.13,1438939
"10-Mar-16",25.31,25.595,24.15,24.48,1475229
"11-Mar-16",24.8,26.2,24.61,25.85,1990147
"14-Mar-16",25.85,26.6,25.51,26.2,1907994
"15-Mar-16",25.3,25.42,24.01,24.47,1576841
"16-Mar-16",24.36,25.74,24.36,25.4,1818832
"17-Mar-16",25.44,26.47,25.33,25.79,1618070
"18-Mar-16",25.93,26.54,24.26,24.82,10374480
"21-Mar-16",24.82,24.935,23.3,24.07,2745441
"22-Mar-16",23.62,24,23.18,23.68,1959699
"23-Mar-16",23.66,24,23.38,23.67,1408721
"24-Mar-16",23.07,23.54,22.505,22.96,1344161
"28-Mar-16",23.04,23.16,22.27,22.44,1183401,,,,,
"29-Mar-16",22.35,23.31,21.6901,23.12,1554910
"30-Mar-16",23.41,24.01,23.35,23.64,1120307
"31-Mar-16",23.61,23.94,23.44,23.54,934384
"01-Apr-16",23.29,23.81,22.69,23.7,1020764
"04-Apr-16",23.45,23.51,22.8,22.87,1291276
"05-Apr-16",22.53,22.67,22.02,22.49,1161314
"06-Apr-16",22.78,24.27,22,22.51,3168159
"07-Apr-16",22.18,22.64,21.33,21.43,1401997
"08-Apr-16",21.62,21.91,21.21,21.38,1199495
"11-Apr-16",21.5,22.3,21.415,21.83,1081144
"12-Apr-16",21.93,22.49,21.775,22.31,1205148
"13-Apr-16",22.81,23.5522,22.61,23.13,1759007
"14-Apr-16",22.62,22.81,21.84,22.48,1391822,,,,,
"15-Apr-16",22.5,22.75,22.25,22.41,1049216
"18-Apr-16",22.25,22.57,21.87,22.27,833517
"19-Apr-16",22.52,22.92,22.3,22.69,1219373
"20-Apr-16",22.7,23.39,22.54,23.27,887255
"21-Apr-16",23.21,23.49,22.71,23.17,885835
"22-Apr-16",23.15,23.59,23,23.38,1315765
"25-Apr-16",23.23,23.43,22.8,23.28,2283309
"26-Apr-16",21.545,22.33,20.59,21.53,4409825
"27-Apr-16",21.2,21.725,21.05,21.49,1531473
"28-Apr-16",21.12,21.2799,20.66,20.72,1611016
"29-Apr-16",20.67,20.78,19.67,20.34,2480535
"02-May-16",20.32,20.69,19.8,20.25,2622852,,,,,
"03-May-16",19.99,20.14,19.02,19.64,2387056
"04-May-16",19.48,19.68,18.89,19.06,2395987
"05-May-16",19.22,19.33,18.61,18.87,1692208
"06-May-16",18.78,19.49,18.57,19.35,1484138
"09-May-16",19.28,19.53,19.11,19.37,1390032
"10-May-16",19.55,20.12,19.35,20.02,1392084
"11-May-16",19.85,20.05,19.56,19.59,1153168
"12-May-16",19.69,20.01,19.33,19.76,1138985
"13-May-16",19.65,20.05,18.86,18.89,1335623
"16-May-16",18.94,19.3,18.81,19.11,1004942
"17-May-16",19,19.6,18.92,19.42,1769548
"18-May-16",19.32,19.78,19.16,19.6,1322814
"19-May-16",19.44,19.74,18.99,19.3,1147249
"20-May-16",19.41,19.98,19.3,19.77,833373
"23-May-16",19.68,20.155,19.68,20.05,1141889
"24-May-16",20.1,20.92,20.05,20.63,1615040
"25-May-16",20.79,21.6,20.79,21.22,1779328
"26-May-16",21.23,21.405,20.92,21.29,724158
"27-May-16",21.3,21.54,21.15,21.49,958917
"31-May-16",21.64,21.74,21.21,21.37,1155899
"01-Jun-16",21.15,21.43,20.73,21.09,1226425
"02-Jun-16",20.9,21.13,20.56,21.13,1169976
"03-Jun-16",20.92,21.76,20.33,21.51,2433478
"06-Jun-16",21.53,22.45,21.5101,21.86,1329770
"07-Jun-16",21.91,21.98,21.47,21.57,728415
"08-Jun-16",21.57,21.8,20.94,21.01,1145480
"09-Jun-16",20.77,20.77,20.085,20.17,1197198
"10-Jun-16",19.72,19.86,19.27,19.32,1201766
"13-Jun-16",19.16,19.495,18.83,18.95,1451519
"14-Jun-16",18.9,19.23,18.57,18.9,1106979
"15-Jun-16",19.02,19.35,18.85,18.9,1115178
"16-Jun-16",18.66,18.66,18.27,18.4,1767552
"17-Jun-16",18.49,18.75,18.348,18.48,2476435
"20-Jun-16",19.1,19.17,18.71,18.78,2903945,,,,,
"21-Jun-16",18.92,18.99,18.13,18.18,1893986
"22-Jun-16",18.22,18.491,18.195,18.28,2008854
"23-Jun-16",18.76,19.03,18.55,19.02,2810843
"24-Jun-16",17.89,18.2,17.11,17.39,8760881
"27-Jun-16",17.11,17.17,16,16.35,3018082
"28-Jun-16",16.69,16.84,16,16.21,2267228
"29-Jun-16",16.5,16.88,16.21,16.83,1941253
"30-Jun-16",16.79,17.255,16.53,17.22,1966136
"01-Jul-16",17.07,17.48,16.79,17,1482125
"05-Jul-16",16.72,16.905,16.24,16.51,1895773
"06-Jul-16",16.28,16.77,15.98,16.69,2551692
"07-Jul-16",16.25,16.45,15.7,15.97,2177379,,,,,
"08-Jul-16",16.25,16.7,16.1,16.6,2507034
"11-Jul-16",16.69,17.11,16.6,17.05,1295651
"12-Jul-16",17.52,18.145,17.4,18,2351679
"13-Jul-16",18.02,18.17,17.62,18.05,1608872
"14-Jul-16",18.48,18.57,18.07,18.12,1513388
"15-Jul-16",18.32,18.33,17.86,18.32,1006617
"18-Jul-16",18.39,18.5299,18.17,18.34,843799
"19-Jul-16",18.18,18.385,17.95,17.99,860133
"20-Jul-16",18.13,18.65,17.85,18.53,980587
"21-Jul-16",18.53,18.93,18.52,18.7,863433
"22-Jul-16",18.65,18.79,18.39,18.63,1005909
"25-Jul-16",18.64,18.89,18.41,18.65,1327138
"26-Jul-16",19.22,19.28,18.13,18.36,2253430
"27-Jul-16",18.36,18.66,17.83,18.53,1414470
"28-Jul-16",18.43,18.48,17.69,18,1106626
"29-Jul-16",17.96,18.28,17.65,18.26,1156305
"01-Aug-16",18.25,18.6098,17.94,18.37,1023221,,,,,
"02-Aug-16",18.27,18.47,17.745,18,1374165
"03-Aug-16",17.97,18.65,17.82,18.64,1477136
"04-Aug-16",18.68,18.69,18.1,18.58,1685057
"05-Aug-16",18.81,19.6499,18.79,19.48,1647512
"08-Aug-16",19.48,19.75,19.2,19.26,1520276
"09-Aug-16",19.28,19.36,18.935,19.07,983551
"10-Aug-16",19.1,19.3,18.95,19.06,942369
"11-Aug-16",19.15,19.31,19.06,19.21,725006
"12-Aug-16",19.16,19.2468,18.86,18.95,1285907
"15-Aug-16",19.01,19.25,18.92,19.23,1097660
"16-Aug-16",19.13,19.265,18.7,18.72,1168665
"17-Aug-16",18.72,18.74,18.44,18.59,821144
"18-Aug-16",18.57,18.83,18.54,18.83,637774
"19-Aug-16",18.71,19.05,18.625,18.77,1155816
"22-Aug-16",18.72,18.74,18.27,18.48,666650
"23-Aug-16",18.62,18.98,18.62,18.82,684916
"24-Aug-16",18.81,18.86,18.535,18.62,389938
"25-Aug-16",18.53,18.71,18.41,18.61,1574582
"26-Aug-16",18.65,18.92,18.37,18.55,695733
"29-Aug-16",18.62,18.71,18.45,18.51,673384
"30-Aug-16",18.59,18.94,18.51,18.64,637440
"31-Aug-16",18.72,19.0152,18.545,18.6,2150024
"01-Sep-16",18.67,18.69,17.955,18.04,1227914
"02-Sep-16",18.14,18.58,17.97,18.47,972800
"06-Sep-16",18.55,18.84,18.27,18.36,860668
"07-Sep-16",18.35,18.87,18.35,18.68,729092
"08-Sep-16",18.66,18.99,18.66,18.8,1120136
"09-Sep-16",18.59,18.82,18.04,18.05,1192106
"12-Sep-16",17.84,18.77,17.55,18.67,1103605
"13-Sep-16",18.34,18.34,17.66,18.02,1127620
"14-Sep-16",18.03,18.23,17.71,17.82,558522
"15-Sep-16",17.84,18.39,17.82,18.14,674573
"16-Sep-16",17.96,17.97,17.61,17.91,1915656
"19-Sep-16",17.99,18.52,17.87,18.03,1033032
"20-Sep-16",18.22,18.22,17.44,17.45,932802,,,,,
"21-Sep-16",17.62,17.75,17.36,17.68,814091
"22-Sep-16",17.95,18.19,17.84,17.94,1025705
"23-Sep-16",17.81,18.01,17.7,17.74,788580
"26-Sep-16",17.52,17.67,17.33,17.34,990295
"27-Sep-16",17.27,17.47,17.17,17.42,645573
"28-Sep-16",17.61,17.94,17.405,17.87,767235
"29-Sep-16",17.74,18.125,17.37,17.6,857860
"30-Sep-16",17.85,18.3,17.7,18.16,1051306
"03-Oct-16",18.15,18.84,18.08,18.36,1448587
"04-Oct-16",18.36,18.44,18.02,18.18,902052
"05-Oct-16",18.29,18.8,18.29,18.73,1531147
"06-Oct-16",18.26,18.27,17.57,17.76,1382278,,,,,
"07-Oct-16",17.74,17.84,17.57,17.73,1316132
"10-Oct-16",17.91,18.27,17.76,17.78,684410
"11-Oct-16",17.76,17.87,17.32,17.57,1126153
"12-Oct-16",17.61,17.95,17.58,17.81,631104
"13-Oct-16",17.56,17.79,17.19,17.69,1251765
"14-Oct-16",17.98,18.05,17.33,17.45,607171
"17-Oct-16",17.04,17.05,16.41,16.88,1428745
"18-Oct-16",17.19,17.22,16.89,17.05,982174
"19-Oct-16",17.14,17.42,17,17.25,640177
"20-Oct-16",17.16,17.37,17.035,17.29,662332
"21-Oct-16",17.15,17.55,17.13,17.42,874773
"24-Oct-16",18.03,18.03,17.55,17.93,1382640
"25-Oct-16",17.6,18.3,16.88,16.92,2585533
"26-Oct-16",16.7,17.11,16.645,16.83,1420818
"27-Oct-16",16.98,16.98,16,16.04,2033364
"28-Oct-16",16.07,16.105,15.63,16.02,1599829
"31-Oct-16",16.05,16.1,15.6,15.72,1412278
"01-Nov-16",15.84,15.935,15.02,15.45,1935438,,,,,
"02-Nov-16",15.36,15.75,15.28,15.59,1684559
"03-Nov-16",15.71,15.84,15.345,15.4,1281273
"04-Nov-16",15.4,15.925,15.28,15.55,750694
"07-Nov-16",16.06,16.28,15.84,15.98,1058654
"08-Nov-16",15.87,15.98,15.295,15.7,946526
"09-Nov-16",15.79,18.27,15.77,17.99,2613800
"10-Nov-16",18.34,19.17,18.2168,18.54,2347372
"11-Nov-16",18.43,18.77,18.23,18.69,1604091
"14-Nov-16",18.8,19.58,18.78,19.56,1808867
"15-Nov-16",19.39,19.58,19,19.56,1641097
"16-Nov-16",18.95,19.4,18.91,19.14,1205364
"17-Nov-16",19.13,19.18,18.75,18.88,1111225
"18-Nov-16",18.97,19.32,18.7,19.13,1080965
"21-Nov-16",19.36,19.79,19.22,19.73,1100244
"22-Nov-16",19.82,20.04,19.51,19.8,936758
"23-Nov-16",19.71,20.02,19.61,19.93,939078
"25-Nov-16",19.94,20.03,19.8518,19.99,260474
"28-Nov-16",19.99,20,19.62,19.66,901385
"29-Nov-16",19.65,19.9,19.27,19.32,894528
"30-Nov-16",19.52,19.66,19.35,19.53,1041483
"01-Dec-16",19.71,19.87,19.4,19.52,1435850
"02-Dec-16",19.46,19.556,18.92,18.94,1312681
"05-Dec-16",19.22,19.51,19.01,19.31,1275404
"06-Dec-16",19.45,20.07,19.18,20.06,1363694
"07-Dec-16",19.99,21.38,19.93,21.25,2278237
"08-Dec-16",21.21,22.07,21.21,21.98,1888124
"09-Dec-16",22.03,22.45,21.45,21.54,1339742
"12-Dec-16",21.4,21.48,20.46,20.62,1309829
"13-Dec-16",20.74,20.83,20.1,20.53,1218774
"14-Dec-16",20.47,20.7748,20.1,20.23,1458863
"15-Dec-16",20.32,20.73,20.2,20.29,1150700
"16-Dec-16",20.43,20.67,20.22,20.3,3736978
"19-Dec-16",20.44,20.63,20.22,20.48,763260
"20-Dec-16",20.68,21.005,20.68,20.83,764276
"21-Dec-16",20.77,20.8,20.26,20.39,964356,,,,,
"22-Dec-16",20.41,20.41,19.88,19.93,861367
"23-Dec-16",19.98,20.05,19.69,19.72,526064
"27-Dec-16",19.78,20.06,19.77,19.93,516338
"28-Dec-16",20,20,19.44,19.51,1120986
"29-Dec-16",19.53,19.8,19.19,19.4,786377
"30-Dec-16",19.4,19.591,19.37,19.51,897148
"03-Jan-17",19.96,20.28,19.695,19.99,1181744
"04-Jan-17",20.21,20.67,20.12,20.64,1365372
"05-Jan-17",20.64,20.73,20.02,20.4,1223635
"06-Jan-17",20.48,20.54,20.18,20.33,922485
"09-Jan-17",19.67,19.762,19.05,19.38,1500600,,,,,
"10-Jan-17",19.43,19.77,19.16,19.26,975002
"11-Jan-17",19.26,19.45,19.05,19.32,919533
"12-Jan-17",19.3,19.379,18.62,19.13,1099901
"13-Jan-17",19.32,19.61,18.82,18.88,1147946
"17-Jan-17",18.74,18.85,18.34,18.45,1339916
"18-Jan-17",18.55,18.79,18.14,18.77,1593115
"19-Jan-17",18.83,18.92,18.1,18.37,1692642
"20-Jan-17",18.43,18.86,18.32,18.69,1102043
"23-Jan-17",18.6,18.76,18.34,18.47,1033106
"24-Jan-17",18.59,18.86,18.47,18.72,1119800
"25-Jan-17",19.08,19.19,18.75,18.96,936762
"26-Jan-17",19,19,17.88,17.93,2309984
"27-Jan-17",17.95,18,17.29,17.69,2413564
"30-Jan-17",17.56,18.07,17.27,17.97,1600542
"31-Jan-17",18.44,18.5,17.5,18.05,2207740
"01-Feb-17",18.05,18.38,17.55,17.65,2388210,,,,,
"02-Feb-17",17.48,17.74,17.26,17.58,1116542
"03-Feb-17",18.12,18.13,17.7,17.9,1722450
"06-Feb-17",17.72,17.91,17.55,17.75,1122526
"07-Feb-17",17.74,17.86,17.33,17.66,1349127
"08-Feb-17",17.57,17.88,17.5,17.81,1298909
"09-Feb-17",17.91,18.26,17.8,18.25,1285206
"10-Feb-17",18.41,18.565,18.15,18.51,1655991
"13-Feb-17",18.63,18.75,18.235,18.38,1034556
"14-Feb-17",18.36,18.52,18.1,18.23,863061
"15-Feb-17",18.18,18.7,18.15,18.57,1094029
"16-Feb-17",18.54,18.71,18.36,18.53,838715
"17-Feb-17",18.41,18.58,18.23,18.52,894474
"21-Feb-17",18.6,19.28,18.6,19.14,1963588
"22-Feb-17",19.03,19.2,18.82,19.13,1289103
"23-Feb-17",19.29,19.43,18.815,19.05,1117065
"24-Feb-17",18.79,19.14,18.66,19.09,794923
"27-Feb-17",19.06,19.38,19.01,19.28,1222834
"28-Feb-17",19.11,19.34,18.98,19.24,1383842
"01-Mar-17",19.76,20.13,19.34,19.4,2097339
"02-Mar-17",19.37,19.61,19.2,19.28,1439334
"03-Mar-17",19.08,19.25,18.63,18.65,2113540
"06-Mar-17",18.49,18.61,18.17,18.24,1140643
"07-Mar-17",18.21,18.245,18,18.12,1043202
"08-Mar-17",18.13,18.46,18.1,18.1,918589
"09-Mar-17",18.16,18.29,17.8,17.92,799909
"10-Mar-17",18.12,18.145,17.83,17.89,782053
"13-Mar-17",17.95,18.2,17.84,18.12,1420359
"14-Mar-17",17.96,18.09,17.75,18.05,849403
"15-Mar-17",18.13,18.55,18.05,18.47,1056319
"16-Mar-17",18.54,18.75,18.25,18.38,995566
"17-Mar-17",18.31,18.33,17.21,17.21,6168944
"20-Mar-17",17.13,17.31,16.77,16.93,1987666,,,,,
"21-Mar-17",17.05,17.1134,16.45,16.53,2035730
"22-Mar-17",16.37,16.66,16.12,16.63,1480350
"23-Mar-17",16.59,17.075,16.51,16.73,1953758
"24-Mar-17",16.77,16.84,16.34,16.5,937723
"27-Mar-17",16.14,16.645,16.13,16.63,974766
"28-Mar-17",16.55,17.075,16.54,16.97,829679
"29-Mar-17",16.85,17.1,16.72,16.81,1147495
"30-Mar-17",16.81,17.045,16.81,17,770816
"31-Mar-17",16.99,17.16,16.91,17,880244
"03-Apr-17",17.01,17.16,16.73,16.89,1404554
"04-Apr-17",16.79,17.01,16.69,16.8,1048348
"05-Apr-17",16.88,17.07,16.62,16.67,1998587
"06-Apr-17",16.22,16.595,16.11,16.56,1239461,,,,,
"07-Apr-17",16.44,16.75,16.39,16.64,1148126
"10-Apr-17",16.65,16.8601,16.535,16.57,1376342
"11-Apr-17",16.46,16.68,16.32,16.68,917748
"12-Apr-17",16.68,16.9,16.52,16.74,1053104
"13-Apr-17",16.64,16.79,16.46,16.6,1249291
"17-Apr-17",16.71,17.09,16.68,17.08,1241169
"18-Apr-17",16.93,17.29,16.89,17.21,1411889
"19-Apr-17",17.33,17.48,17.2,17.24,1195035
"20-Apr-17",17.38,17.58,17.33,17.55,946936
"21-Apr-17",17.57,17.82,17.46,17.52,1135334
"24-Apr-17",17.97,18.15,17.75,18.06,1483112
"25-Apr-17",18.2,18.24,17.85,17.92,1591478
"26-Apr-17",17.84,17.94,17.6,17.77,1226049
"27-Apr-17",17.85,18.075,17.51,17.85,15704030
"28-Apr-17",17.88,18.07,17.74,17.99,2294899
"01-May-17",18.1,18.14,17.67,17.78,2414203,,,,,
"02-May-17",17.8,17.8,16.78,17.23,3192113
"03-May-17",17.08,17.2502,16.89,16.98,1348634
"04-May-17",17.06,17.15,16.65,16.75,1307494
"05-May-17",16.87,16.87,16.58,16.85,931208
"08-May-17",16.86,16.91,16.665,16.89,885528
"09-May-17",16.94,17.685,16.91,17.54,1749086
"10-May-17",17.46,17.79,17.45,17.74,836471
"11-May-17",17.63,17.72,17.08,17.08,1332616
"12-May-17",17.07,17.11,16.86,17.07,819658
"15-May-17",17.16,17.25,16.92,17.02,1172851
"16-May-17",17.08,17.18,16.9,17.17,923397
"17-May-17",16.83,16.95,16.4,16.54,1107476
"18-May-17",16.48,16.72,16.32,16.6,904163
"19-May-17",16.59,17.13,16.58,17,800259
"22-May-17",17.13,17.21,16.85,16.89,758652
"23-May-17",17.01,17.01,16.59,16.8,1228254
"24-May-17",16.8,16.855,16.58,16.69,1060415
"25-May-17",16.8,17.02,16.64,16.65,774959
"26-May-17",16.63,16.9267,16.61,16.73,738393
"30-May-17",16.68,16.73,16.41,16.46,779816
"31-May-17",16.48,16.74,16.36,16.74,775500
"01-Jun-17",16.83,17.47,16.75,17.33,1475942
"02-Jun-17",17.27,17.36,16.91,17.07,960366
"05-Jun-17",17.03,17.46,16.91,17.33,1129186
"06-Jun-17",17.13,17.2,16.98,17.12,893466
"07-Jun-17",17.21,17.22,16.82,17.02,837244
"08-Jun-17",17.03,17.67,17.03,17.63,1774181
"09-Jun-17",17.8,19.115,17.731,18.14,4374670
"12-Jun-17",18.26,19.265,18.2,18.63,2810809
"13-Jun-17",18.67,18.8366,18.45,18.6,1187181
"14-Jun-17",18.85,19.08,18.45,19.03,1776733
"15-Jun-17",18.77,19.05,18.65,18.73,1145708
"16-Jun-17",18.61,18.96,18.5,18.7,2504595
"19-Jun-17",18.87,19.065,18.65,19.04,886755
"20-Jun-17",18.95,19.16,18.83,18.92,927124
"21-Jun-17",18.9,19.025,18.78,18.82,697782,,,,,
"22-Jun-17",18.9,19.91,18.83,19.56,3264137
"23-Jun-17",19.65,19.7,19.13,19.18,1889836
"26-Jun-17",19.31,19.41,18.97,19.13,1096132
"27-Jun-17",19.12,19.32,19.06,19.2,845868
"28-Jun-17",19.45,19.57,19.19,19.48,922520
"29-Jun-17",19.63,19.74,19.04,19.18,896001
"30-Jun-17",19.09,19.13,18.71,18.88,1575550
"03-Jul-17",19.14,19.4301,19.09,19.17,764667
"05-Jul-17",19.17,19.46,18.96,19.43,887277
"06-Jul-17",19.32,19.63,19.22,19.36,1272513
"07-Jul-17",18.99,19.51,18.77,19.49,1581617,,,,,
"10-Jul-17",19.46,19.87,19.4,19.74,1511889
"11-Jul-17",19.81,19.89,19.61,19.8,992164
"12-Jul-17",19.83,20.18,19.68,20.07,1014885
"13-Jul-17",20.12,20.35,20.07,20.16,811120
"14-Jul-17",20.04,20.38,20.04,20.3,1264052
"17-Jul-17",20.25,20.6,20.18,20.6,986000
"18-Jul-17",20.58,20.69,20.4682,20.61,792774
"19-Jul-17",20.75,20.8,20.5,20.79,1368533
"20-Jul-17",20.8,21.15,20.7,20.83,1076245
"21-Jul-17",20.91,20.96,20.42,20.48,978221
"24-Jul-17",20.45,20.665,20.3634,20.66,537450
"25-Jul-17",20.88,21.15,20.86,21.05,867431
"26-Jul-17",21.11,21.16,20.94,21.01,767053
"27-Jul-17",21.14,21.15,20.13,20.24,1256704
"28-Jul-17",20.25,20.31,20,20.26,932693
"31-Jul-17",20.29,20.785,20.15,20.67,1423828
"01-Aug-17",20.94,21.2,20.34,20.86,2260710,,,,,
"02-Aug-17",20.64,20.9,19.17,19.42,2801393
"03-Aug-17",19.4,19.805,19.23,19.69,1219071
"04-Aug-17",19.82,19.82,19.54,19.59,703773
"07-Aug-17",19.58,20.09,19.56,19.93,717668
"08-Aug-17",19.94,20.01,19.62,19.64,872957
"09-Aug-17",19.49,19.51,18.99,19.21,1198765
"10-Aug-17",19.14,19.34,18.6601,18.76,1178743
"11-Aug-17",18.6,18.85,18.37,18.73,882536
"14-Aug-17",18.84,18.9952,18.7,18.74,483330
"15-Aug-17",18.86,19.02,18.62,18.82,672815
"16-Aug-17",18.88,19.05,18.47,18.51,521031
"17-Aug-17",18.35,18.505,18.02,18.07,866464
"18-Aug-17",17.94,18.24,17.76,18.09,558647
"21-Aug-17",18.01,18.0847,17.84,17.88,600529
"22-Aug-17",18.02,18.49,18.01,18.46,848598
"23-Aug-17",18.25,18.5217,18.2073,18.32,661308
"24-Aug-17",18.39,18.435,18.22,18.24,369603
"25-Aug-17",18.3,18.525,18.28,18.4,404228
"28-Aug-17",18.47,18.655,18.29,18.34,492840
"29-Aug-17",18.11,18.34,18.05,18.32,1073842
"30-Aug-17",18.32,18.49,18.15,18.4,536297
"31-Aug-17",18.55,18.66,18.4,18.61,624580
"01-Sep-17",18.61,18.945,18.58,18.89,428777
"05-Sep-17",18.79,18.79,18.015,18.15,931986
"06-Sep-17",18.27,18.31,17.96,18.13,649478
"07-Sep-17",18.16,18.2,18.055,18.11,439975
"08-Sep-17",18.11,18.385,18.09,18.36,578480
"11-Sep-17",18.5,18.87,18.4,18.66,671020
"12-Sep-17",18.83,18.92,18.47,18.56,1093260
"13-Sep-17",18.54,18.58,18.225,18.53,767539
"14-Sep-17",18.5,18.51,18.13,18.25,731119
"15-Sep-17",18.28,18.39,18.05,18.11,1672484
"18-Sep-17",18.11,18.51,18.11,18.28,885812
"19-Sep-17",18.31,18.6,18.245,18.32,794084
"20-Sep-17",18.34,18.45,18.28,18.4,611961,,,,,
"21-Sep-17",18.41,18.48,18.1,18.22,842643
"22-Sep-17",18.21,18.815,18.2,18.72,852996
"25-Sep-17",18.68,19.035,18.68,19.01,793369
"26-Sep-17",19.1,19.19,18.91,19.01,687637
"27-Sep-17",19.2,19.73,19.07,19.66,1217777
"28-Sep-17",19.68,19.95,19.64,19.89,774530
"29-Sep-17",19.89,20.205,19.73,20.07,893125
"02-Oct-17",20.07,20.31,19.86,20.29,669839,,0.8305
"03-Oct-17",20.3,20.39,20.03,20.24,720687,,0.9286
"04-Oct-17",20.28,20.42,20.15,20.37,679656,,0.933
"05-Oct-17",20.38,20.46,20.03,20.05,1054711,,0.9344
"06-Oct-17",20.05,20.13,19.75,19.97,1238168,,0.9388
"09-Oct-17",19.97,20.34,19.97,20.34,983306,,0.9302
"10-Oct-17",19.9,20.29,19.72,19.93,1453421,,0.932,,,
"11-Oct-17",19.96,20.3,19.84,20.23,966606,,1.2703
"12-Oct-17",20.21,20.45,20.105,20.3,1363607,,0.9439
"13-Oct-17",20.37,20.66,20.34,20.42,754867,,0.9223
"16-Oct-17",20.51,20.605,20.17,20.38,801454,,0.9216
"17-Oct-17",20.43,20.43,19.92,19.97,525768,,0.9221
"18-Oct-17",20.09,20.5,20.08,20.39,692643,,0.9123
"19-Oct-17",20.19,20.4,20.09,20.34,438750,,0.9195
"20-Oct-17",20.58,20.645,20.4,20.59,594826,,0.92
"23-Oct-17",20.67,20.79,20.21,20.24,1497232,,0.9206
"24-Oct-17",19.45,20.5,19.4,19.95,3102826,,0.9162,,,
"25-Oct-17",20.13,20.13,19.31,20,2091443,,0.9172
"26-Oct-17",20.18,20.28,19.82,19.89,1178086,,0.9123
"27-Oct-17",19.98,20.11,19.75,19.95,821349,,0.9264
"30-Oct-17",19.95,19.98,18.94,19,2803472,,0.9091
"31-Oct-17",19.06,19.191,18.67,18.69,2514841,,0.9074
"01-Nov-17",18.85,18.957,18.6,18.87,1468137,,0.8289,,,
"02-Nov-17",18.94,19.35,18.86,19.3,1468655,,0.9118
"03-Nov-17",19.23,19.37,19.14,19.34,679047,,0.9106
"06-Nov-17",19.34,19.54,19.23,19.48,757750,,0.9088
"07-Nov-17",19.46,19.585,19.16,19.31,773119,,0.8803
"08-Nov-17",19.3,19.46,19.12,19.43,1128531,,0.903
"09-Nov-17",19.29,19.43,19.04,19.26,879519,,0.8983
"10-Nov-17",19.22,19.43,19.18,19.39,614409,,0.8879
"13-Nov-17",19.22,19.23,19.01,19.1,444120,,0.8847
"14-Nov-17",18.88,19.09,18.75,18.92,999558,,0.872
"15-Nov-17",18.68,18.91,18.49,18.69,613137,,0.8676
"16-Nov-17",18.78,19.07,18.72,19.01,783296,,0.8678
"17-Nov-17",18.93,19,18.78,18.8,521134,,0.868
"20-Nov-17",18.83,18.97,18.69,18.82,720540,,0.8654
"21-Nov-17",19,19.29,18.86,19.2,934209,,0.8603
"22-Nov-17",19.19,19.45,19.09,19.34,573059,,0.8675
"23-Nov-17",,,,,,,0.8675
"24-Nov-17",19.47,19.47,19.18,19.21,238463,,0.8668
"27-Nov-17",19.19,19.4,19.18,19.24,605062,,0.8648
"28-Nov-17",19.2,19.6,19.16,19.56,919478,,0.865
"29-Nov-17",19.66,20.025,19.66,19.86,1224459,,0.8659
"30-Nov-17",20.01,20.39,19.87,20.3,1293108,,0.8661
"01-Dec-17",20.34,20.86,19.75,20.85,2113679,,0.8111
"04-Dec-17",21,21.63,20.87,21.24,1487134,,0.8662
"05-Dec-17",21.27,21.58,21.08,21.1,1364080,,0.8441
"06-Dec-17",21.09,21.465,21.01,21.27,1069239,,0.8443
"07-Dec-17",21.17,21.785,20.97,21.46,1222927,,0.8479
"08-Dec-17",21.62,21.85,21.17,21.62,984589,,0.8436
"11-Dec-17",21.65,21.67,20.925,20.97,1122987,,0.8456
"12-Dec-17",21.06,21.16,20.91,21.06,620502,,0.8464
"13-Dec-17",21.12,21.43,20.96,21.16,981908,,0.8468
"14-Dec-17",21.25,21.38,21.11,21.25,997858,,0.8461
"15-Dec-17",21.33,21.94,21.27,21.74,2833363,,0.9586
"18-Dec-17",21.96,22.44,21.8425,22.44,1023323,,0.8648
"19-Dec-17",22.55,22.88,22.52,22.64,1511019,,0.8475
"20-Dec-17",22.73,22.79,22.37,22.56,654724,,0.8645
"21-Dec-17",22.64,22.71,22.3,22.35,581214,,0.8654
"22-Dec-17",22.48,22.54,22.21,22.49,651061,,0.8624
"25-Dec-17",,,,,,,0.8485
"26-Dec-17",22.47,22.76,22.47,22.7,411914,,0.8487
"27-Dec-17",22.72,22.72,22.38,22.43,444267,,0.8565
"28-Dec-17",22.51,22.56,22.32,22.49,406935,,0.8708
"29-Dec-17",22.55,22.61,22.31,22.34,593782,,0.8749
"01-Jan-18",,,,,,,0.8621
"02-Jan-18",22.46,22.46,21.67,21.8,824733,,0.8072
"03-Jan-18",21.9,21.97,21.66,21.74,761662,,0.8784
"04-Jan-18",21.91,22.23,21.8,21.82,549439,,0.866
"05-Jan-18",21.92,21.92,21.35,21.86,878587,,0.8671
"08-Jan-18",21.91,22.21,21.8,21.99,785726,,0.8708
"09-Jan-18",22.13,22.31,21.97,21.97,802299,,0.8732
"10-Jan-18",21.7,22.3,21.581,22.17,1154929,,0.8751,,,
"11-Jan-18",22.29,22.73,22.18,22.65,895900,,0.8867
"12-Jan-18",22.83,23.13,22.61,23.08,1125564,,0.8637
"15-Jan-18",,,,,,,0.8524
"16-Jan-18",23.28,23.45,22.82,22.85,1175801,,0.8562
"17-Jan-18",23.02,23.47,22.89,23.41,886594,,0.8449
"18-Jan-18",23.32,23.48,22.64,22.73,999034,,0.8407
"19-Jan-18",22.7,23.09,22.68,22.97,892795,,0.8417
"22-Jan-18",23.04,23.08,22.6638,22.92,572153,,0.8442
"23-Jan-18",22.93,22.995,22.73,22.75,598504,,0.8447
"24-Jan-18",22.94,22.97,22.25,22.53,637630,,0.8366
"25-Jan-18",22.56,22.68,22.06,22.27,807426,,0.8369
"26-Jan-18",22.32,23,22.19,22.98,1040596,,0.8351
"29-Jan-18",22.87,23.3,22.77,23.18,2095674,,0.8349
"30-Jan-18",22.79,23.82,22.33,22.6,2193648,,0.8354
"31-Jan-18",23.34,23.66,22.93,23,2246387,,0.8499
"01-Feb-18",23.03,23.4,22.9,23.39,823520,,0.7937,,,
"02-Feb-18",23.09,23.19,21.55,21.77,1822700,,0.8459
"05-Feb-18",21.49,22.32,20.82,20.97,2037938,,0.841
"06-Feb-18",20.46,21.58,20.23,21.41,2036820,,0.853
"07-Feb-18",21.23,21.95,21.13,21.44,1605228,,0.8524
"08-Feb-18",21.48,21.5,20.39,20.4,1342000,,0.8496
"09-Feb-18",20.67,20.81,19.85,20.28,1870459,,0.8515
"12-Feb-18",20.46,20.85,20.376,20.51,1313818
"13-Feb-18",20.49,20.83,20.27,20.4,986758,,0.8445
"14-Feb-18",20.22,20.865,19.87,20.82,1836934,,0.8758
"15-Feb-18",21.02,21.13,20.45,20.84,920400,,0.8803
"16-Feb-18",20.7,21.34,20.7,21.2,721132,,0.8807
"19-Feb-18",,,,,,,0.8541
"20-Feb-18",21.01,21.125,20.74,20.87,1403346,,0.8947
"21-Feb-18",20.91,21.47,20.76,20.78,830756,,0.8889
"22-Feb-18",20.86,21,20.58,20.59,815411,,0.8895
"23-Feb-18",20.73,20.765,20.465,20.66,589627,,0.8908
"26-Feb-18",20.82,21.06,20.67,21.04,499424,,0.9251
"27-Feb-18",20.97,21.36,20.3,20.32,824880,,0.9208
"28-Feb-18",20.38,20.61,19.98,20,1092250,,0.9093
"01-Mar-18",19.97,20.25,19.56,19.85,936500,,0.8477
"02-Mar-18",19.57,20.14,19.42,20.05,919811,,0.9156
"05-Mar-18",19.83,20.14,19.58,20.06,933669,,0.9095
"06-Mar-18",20.16,20.36,19.68,20.17,796471,,0.9087
"07-Mar-18",19.93,20.19,19.76,20.05,1611314,,0.914
"08-Mar-18",20.16,20.16,19.68,20.08,1332264,,0.9103
"09-Mar-18",20.21,20.67,20.12,20.6,1112686,,0.9072
"12-Mar-18",20.59,20.77,19.83,20.07,2330415,,0.9116
"13-Mar-18",20.13,20.2049,19.7,19.82,2095517,,0.897
"14-Mar-18",19.85,19.93,18.81,18.87,3771840,,0.8824
"15-Mar-18",19.01,19.64,18.96,19.56,2532907,,0.8778
"16-Mar-18",19.64,20.11,19.54,20.07,12476590,11.165205,0.8805
"19-Mar-18",20.02,20.06,19.43,19.87,2074956,,0.8959
"20-Mar-18",19.92,20.1,19.76,19.81,1624872,,0.8781,,,
"21-Mar-18",19.8,20.66,19.7765,20.4,1219743,,0.8818
"22-Mar-18",20.13,20.27,19.72,19.75,1457818,,0.8795
"23-Mar-18",19.84,19.95,19.33,19.33,1317358,,0.9242
"26-Mar-18",19.69,19.99,19.45,19.94,1069282,,0.8754
"27-Mar-18",20.09,20.13,19.68,19.75,1590143,,0.8804
"28-Mar-18",19.75,19.82,19.44,19.74,1320860,,0.8967
"29-Mar-18",19.93,20.33,19.93,20.21,1092691,,0.9034
"30-Mar-18",,,,,,,0.8597
"02-Apr-18",20.14,20.21,19.185,19.46,1772403,,0.8547
"03-Apr-18",19.5,19.87,19.4,19.86,1147437,,0.8979
"04-Apr-18",19.48,20.36,19.4667,20.34,1008666,,0.888
"05-Apr-18",20.13,20.28,19.61,19.82,2072632,,0.8987
"06-Apr-18",19.51,19.69,19.1052,19.3,1307058,,0.8936
"09-Apr-18",19.2,19.26,18.75,18.98,1618824,,0.9013,,,
"10-Apr-18",19.2,19.62,19.19,19.46,1328600,,0.9033
"11-Apr-18",19.25,19.55,19.25,19.3,870913,,0.8894
"12-Apr-18",19.51,20.73,19.44,20.63,1509902,,0.8893
"13-Apr-18",20.8,20.81,19.88,19.93,1462235,,0.8842
"16-Apr-18",20.14,20.32,19.87,20.1,596160,,0.8762
"17-Apr-18",20.42,20.83,20.33,20.73,845339,,0.8703
"18-Apr-18",20.74,20.98,20.6,20.72,866401,,0.8671
"19-Apr-18",20.62,20.85,20.47,20.58,630424,,0.8689
"20-Apr-18",20.63,20.65,20.14,20.3,781090,,0.8511
"23-Apr-18",20.27,20.52,20.25,20.35,413277,,0.875
"24-Apr-18",20.56,20.71,20.14,20.32,858228,,0.8735
"25-Apr-18",20.22,20.425,20.11,20.26,645000,,0.8794
"26-Apr-18",20.31,20.4,19.97,20.24,608977,,0.8733
"27-Apr-18",20.22,20.35,19.99,20.22,805925,,0.8675
"30-Apr-18",20.59,20.7,20.06,20.24,1827347,,0.8677
"01-May-18",20.61,21.83,18.31,18.51,4406268,,0.8663,,,
"02-May-18",18.34,18.54,17.85,17.96,1555814,,0.871
"03-May-18",17.94,18.03,17.53,17.87,1164897,,0.8783
"04-May-18",17.69,18.49,17.55,18.31,796926,,0.9213
"07-May-18",18.43,18.69,18.3,18.61,596154,,0.882
"08-May-18",18.52,18.79,18.4,18.66,787278,,0.8786
"09-May-18",18.8,18.94,18.53,18.89,969142,,0.8791
"10-May-18",19.01,19.14,18.79,18.84,960557,,0.8747
"11-May-18",18.73,19.0152,18.695,18.86,665103,,0.8768
"14-May-18",18.81,18.96,18.72,18.8,708951,,0.8749
"15-May-18",18.71,19.04,18.7,18.95,677550,,0.8752
"16-May-18",18.94,19.41,18.94,19.22,767928,,0.8754
"17-May-18",19.22,19.58,19.18,19.5,413142,,0.8761
"18-May-18",19.56,19.8,19.5,19.67,556923,,0.8762
"21-May-18",19.8,19.95,19.67,19.85,431100,,0.8722
"22-May-18",19.89,19.99,19.72,19.79,394711,,0.8708
"23-May-18",19.62,19.67,19.47,19.62,322963,,0.8717
"24-May-18",19.61,19.71,19.36,19.6,234550,,0.8712
"25-May-18",19.56,19.79,19.47,19.55,415391
"28-May-18",,,,,,,0.8712
"29-May-18",19.37,19.53,18.94,19.11,552394,,0.8706
"30-May-18",19.34,19.63,19.27,19.61,454165,,0.8682
"31-May-18",19.59,19.64,19.25,19.4,464281,,0.8657
"01-Jun-18",19.62,19.89,19.56,19.67,583654,,0.8631
"04-Jun-18",19.84,20.02,19.75,19.83,581061,,0.8618
"05-Jun-18",19.79,19.87,19.48,19.83,701133
"06-Jun-18",19.9,20.085,19.88,20.07,526500,,0.8631
"07-Jun-18",20.2,20.31,20.075,20.19,548217,,0.8609
"08-Jun-18",20.13,20.27,20.03,20.19,479153
"11-Jun-18",20.25,20.44,20.16,20.23,557173,,0.8607
"12-Jun-18",20.27,20.27,19.88,19.92,429328,,0.8555
"13-Jun-18",19.92,19.96,19.24,19.31,587655,,0.8562
"14-Jun-18",19.42,19.61,19.32,19.38,594090,,0.8549
"15-Jun-18",19.2,19.43,19.06,19.4,676310,,0.8366
"18-Jun-18",19.29,19.45,19.08,19.43,504068,,0.8379
"19-Jun-18",19.19,19.52,19.14,19.47,474932
"20-Jun-18",19.6,19.6,19.25,19.28,585689,,,,,
"21-Jun-18",19.2,19.2,18.7,18.75,608685,,0.8419
"22-Jun-18",18.96,19.06,18.755,18.81,843789,,0.8406
"25-Jun-18",18.76,18.76,18.33,18.57,652454,,0.8395
"26-Jun-18",18.6,18.64,18.3,18.32,560984
"27-Jun-18",18.28,18.51,17.96,17.97,585503,,0.8684
"28-Jun-18",18.01,18.14,17.88,17.91,738024,,0.8709
"29-Jun-18",18.16,18.57,17.95,17.97,993199
"02-Jul-18",17.79,18.58,17.75,18.57,901861,,0.8684
"03-Jul-18",18.7,18.84,18.615,18.74,416963,,0.8692
"04-Jul-18",,,,,,,0.8429
"05-Jul-18",18.85,19.1,18.59,19.08,825886,,0.8728
"06-Jul-18",19.08,19.2,18.92,19.03,750162,,0.8789
"09-Jul-18",19.22,19.61,18.89,19.54,834340,,0.8837
"10-Jul-18",19.17,19.54,19.16,19.31,1697897,,0.8832,,,
"11-Jul-18",19.18,19.43,19.04,19.07,906716,,0.8958
"12-Jul-18",19.22,19.23,18.65,18.66,687358,,0.8853
"13-Jul-18",18.5,18.67,18.205,18.35,766762,,0.8829
"16-Jul-18",18.51,18.88,18.35,18.81,525091
"17-Jul-18",18.82,19.05,18.805,18.85,514945,,0.8495
"18-Jul-18",18.78,19,18.7,18.94,496313
"19-Jul-18",18.85,19.09,18.72,18.99,607644
"20-Jul-18",18.94,19.22,18.84,19.05,808247,,0.7863
"23-Jul-18",19.01,19.39,18.98,19.35,496264,,0.7781
"24-Jul-18",19.47,19.67,19.29,19.44,675979,,0.7603
"25-Jul-18",19.42,19.42,18.875,19.01,737684,,0.7543
"26-Jul-18",19.06,19.37,19.01,19.25,511131,,0.7477
"27-Jul-18",19.34,19.37,18.835,18.9,966297,,0.7466
"30-Jul-18",19,19.44,18.98,19.35,1034335,,0.748
"31-Jul-18",20,21,19.54,20.71,2330639
"01-Aug-18",20.86,21.31,19.79,20.18,1774766,,0.7458,,,
"02-Aug-18",19.95,20.47,19.49,20.12,1511564,,0.742
"03-Aug-18",20.14,20.51,20.14,20.28,1096551
"06-Aug-18",20.32,20.85,20.15,20.83,789367,,0.7329
"07-Aug-18",20.9,21.37,20.9,21.09,1421171,,0.7357
"08-Aug-18",21.03,21.03,20.62,20.82,746806
"09-Aug-18",20.72,20.88,20.51,20.56,692797
"10-Aug-18",20.54,20.54,19.97,20.24,590335,,0.7192
"13-Aug-18",20.28,20.44,20.075,20.21,597636,,0.7185
"14-Aug-18",20.29,20.61,20.29,20.47,958200,,0.7189
"15-Aug-18",20.37,20.44,19.88,20.1,559555,,0.7187
"16-Aug-18",20.21,20.7,20.05,20.58,521676,,0.7428
"17-Aug-18",20.46,20.76,20.37,20.65,589882,,0.7388
"20-Aug-18",20.71,20.9,20.59,20.72,745515,,0.7396
"21-Aug-18",20.81,21.24,20.7284,21.05,1006702,,0.7591
"22-Aug-18",21.01,21.18,20.9,21.07,723316,,0.7652
"23-Aug-18",21.06,21.17,20.475,20.49,452175,,0.7996
"24-Aug-18",20.6,20.67,20.28,20.57,630641,,0.8065
"27-Aug-18",20.62,20.8,20.56,20.59,482448,,0.8029
"28-Aug-18",20.65,20.71,20.39,20.42,482587,,0.8014
"29-Aug-18",20.41,20.48,20.07,20.39,366201,,0.802
"30-Aug-18",20.34,20.34,20.06,20.13,417801,,0.8014
"31-Aug-18",20.06,20.14,19.82,20.02,510477
"03-Sep-18",,,,,,,0.7715
"04-Sep-18",19.98,20.09,19.615,19.87,826542,,0.8095
"05-Sep-18",19.87,20.38,19.8489,20.3,533660,,0.8095
"06-Sep-18",20.29,20.4,20.1,20.17,446447,,0.8023
"07-Sep-18",20.12,20.14,19.88,20.06,507593,,0.8085
"10-Sep-18",20.16,20.5,20.16,20.45,594171,,0.7804
"11-Sep-18",20.31,20.695,20.3,20.51,696688,,0.746
"12-Sep-18",20.43,20.54,20.29,20.41,485607
"13-Sep-18",20.54,20.58,20.22,20.26,337792,,0.7499
"14-Sep-18",20.26,20.81,20.26,20.72,391784,,0.741
"17-Sep-18",20.78,20.83,20.49,20.58,638968,,0.7403
"18-Sep-18",20.59,20.72,20.33,20.63,555179,22.799574,0.7396
"19-Sep-18",20.71,21.4,20.71,21.28,1168516,,0.7414
"20-Sep-18",21.44,21.58,20.97,21.27,938595,,0.7454,,,
"21-Sep-18",21.33,21.36,21.12,21.18,1648356,,0.7501
"24-Sep-18",21.16,21.39,21.16,21.35,558329,,0.7561
"25-Sep-18",21.42,21.55,21.29,21.47,710195,,0.7515
"26-Sep-18",21.54,21.63,21.34,21.43,955890,,0.7531
"27-Sep-18",21.5,21.58,21.06,21.34,775055,,0.7573
"28-Sep-18",21.19,21.35,21.09,21.18,627826,,0.7811
"01-Oct-18",21.26,21.26,20.51,20.56,835950,,0.7705
"02-Oct-18",20.54,20.685,20.21,20.61,822653,,0.7643
"03-Oct-18",20.75,21.13,20.7,20.75,1009456,,0.7565
"04-Oct-18",20.81,21.18,20.745,20.98,696586,,0.7656
"05-Oct-18",21.13,21.41,20.96,21.02,666350,,0.774
"08-Oct-18",21,21.105,20.67,20.93,818536,,0.765
"09-Oct-18",20.99,21.07,20.78,20.96,1057460,,0.7849
"10-Oct-18",20.79,21.11,20.28,20.29,1341014,,0.8063,,,
"11-Oct-18",20.32,20.475,19.76,19.76,1401323,,0.8295
"12-Oct-18",20.29,20.29,19.51,19.7,929027,,0.8244
"15-Oct-18",19.65,20.44,19.65,20.2,1338576,,0.8029
"16-Oct-18",20.36,20.795,20.07,20.6,1038222,,0.7816
"17-Oct-18",20.57,21.32,20.48,21.08,865860,,0.7829
"18-Oct-18",21.08,21.15,20.05,20.08,1077591,,0.7753
"19-Oct-18",20.07,20.31,19.78,20.17,687453,,0.7613
"22-Oct-18",20.26,20.58,20.22,20.48,1265647,,0.7596
"23-Oct-18",20.16,20.52,19.67,20.21,1297723,,0.7578
"24-Oct-18",20.15,20.28,19.245,19.41,1070573,,0.7553
"25-Oct-18",19.63,19.9852,19.38,19.8,1935117,,0.7538
"26-Oct-18",19.52,20.3,19.42,20.08,1396203
"29-Oct-18",20.44,21.05,20.1,20.43,2296474
"30-Oct-18",20.8,21.43,19.12,19.77,3107389
"31-Oct-18",19.61,19.91,18.88,19.07,2009615
"01-Nov-18",19.22,19.96,19.01,19.19,1965634,,,,,
"02-Nov-18",19.35,19.46,18.85,19.17,1111823
"05-Nov-18",19.17,19.5975,19.17,19.44,949115,,0.7668
"06-Nov-18",19.44,19.79,19.26,19.56,842695,,0.8026
"07-Nov-18",19.72,20.23,19.39,20.23,779593,,0.7696
"08-Nov-18",20.13,20.52,19.99,20.31,819793,,0.7655
"09-Nov-18",20.16,20.27,19.62,19.85,683623,,0.765
"12-Nov-18",19.87,19.93,19.56,19.58,463837,,0.7556
"13-Nov-18",19.83,20,19.65,19.75,1484117,,0.7632
"14-Nov-18",19.78,19.87,18.94,19.03,1425935,,0.7625
"15-Nov-18",18.82,19.38,18.75,19.24,1138336,,0.7714
"16-Nov-18",19.08,19.71,18.97,19.64,1184402,,0.7606
"19-Nov-18",19.64,19.81,19.495,19.66,664716,,0.7715
"20-Nov-18",19.38,19.69,19.24,19.53,579295,,0.7746
"21-Nov-18",19.61,20,19.46,19.67,595861,,0.774
"22-Nov-18",,,,,,,0.7655
"23-Nov-18",19.55,19.935,19.49,19.69,300149,,0.7746
"26-Nov-18",19.97,20.21,19.83,20.05,912855,,0.779
"27-Nov-18",19.94,20.03,19.63,19.77,846953,,0.7703
"28-Nov-18",19.76,20.24,19.33,20.2,712548,,0.7704
"29-Nov-18",20.05,20.225,19.72,20.08,488873,,0.7779
"30-Nov-18",19.99,20.46,19.85,20.36,856165,,0.7755
"03-Dec-18",20.5,20.63,19.9,20.61,1181509,,0.7794
"04-Dec-18",20.52,20.55,19.545,19.56,1091631
"06-Dec-18",19.2,19.25,18.51,19.1,1401656,,0.7615
"07-Dec-18",19.12,19.37,18.75,18.93,745518,,0.7578
"10-Dec-18",18.93,18.94,18.22,18.46,1294225,,0.7556
"11-Dec-18",18.71,19.06,18.27,18.35,1352619,,0.7529
"12-Dec-18",18.6,19.01,18.46,18.78,810697,,0.7529
"13-Dec-18",18.72,18.81,18.44,18.6,689635,,0.7583
"14-Dec-18",18.35,18.77,18.14,18.19,798148,,0.7568
"17-Dec-18",18.15,18.49,17.93,18.02,1128798,,0.7345
"18-Dec-18",18.12,18.45,18.02,18.06,808573,,0.7279
"19-Dec-18",17.93,18.09,17.225,17.28,831091
"20-Dec-18",17.19,17.58,16.93,17.36,1073791,,0.7258
"21-Dec-18",17.3,17.82,17.17,17.22,2806102,,,,,
"24-Dec-18",17.09,17.12,16.53,16.53,342249
"25-Dec-18",,,,,,,0.737
"26-Dec-18",16.66,17.535,16.45,17.5,608198
"27-Dec-18",17.14,17.81,17.13,17.8,868881
"28-Dec-18",17.84,18.16,17.69,17.82,858776
"31-Dec-18",17.9,18.11,17.71,18.08,762714,,0.7735
"02-Jan-19",17.79,18.28,17.73,18.06,912492
"03-Jan-19",17.89,18.25,17.73,17.79,717572
"04-Jan-19",17.88,18.23,17.88,17.96,954524
"07-Jan-19",18.635,18.635,17.75,17.79,1239512
"08-Jan-19",17.91,18.12,17.66,17.75,1005363
"09-Jan-19",17.78,17.96,17.68,17.83,1152214
"10-Jan-19",17.59,18.05,17.475,17.77,933797,,,,,
"11-Jan-19",17.56,17.5825,16.45,16.97,2575926
"14-Jan-19",16.69,17.15,16.64,16.75,1465872
"15-Jan-19",16.71,17.34,16.7096,17.18,742233
"16-Jan-19",17.31,17.705,17.27,17.59,1702184
"17-Jan-19",17.18,17.63,17.08,17.51,959781
"18-Jan-19",17.61,17.99,17.61,17.85,787318
"22-Jan-19",17.72,17.83,17.365,17.52,1042490
"23-Jan-19",17.59,17.74,17.15,17.38,1161210
"24-Jan-19",17.36,17.6,17.21,17.43,686510
"25-Jan-19",17.54,17.72,17.46,17.59,680479,,0.7254
"28-Jan-19",17.45,17.71,17.33,17.54,655634,,0.7253
"29-Jan-19",17.55,17.65,17.21,17.25,924628,,0.7267
"30-Jan-19",17.29,17.358,16.63,16.83,1387842,,0.7257
"31-Jan-19",16.75,17.205,16.75,17.12,1741839,,0.724
"01-Feb-19",17.14,17.3,17.07,17.29,885525,,0.7268,,,
"04-Feb-19",17.34,17.43,17.02,17.24,1022972,,0.7241
"05-Feb-19",17.67,17.67,16.01,17.18,4775550,,0.7189
"06-Feb-19",16.59,17.52,16.54,17.44,1866815,,0.72
"07-Feb-19",17.4,17.83,17.32,17.4,1752225,,0.73
"08-Feb-19",17.27,17.32,16.82,16.89,1029968,,0.7329
"11-Feb-19",16.97,17.78,16.84,17.77,1652454,,0.7366
"12-Feb-19",17.91,18.01,17.28,17.42,1157878,,0.7394
"13-Feb-19",17.46,17.77,17.46,17.54,658152,,0.7678
"14-Feb-19",17.46,17.53,17.25,17.37,921158,,0.7362
"15-Feb-19",17.53,17.76,17.4112,17.75,641100,,0.7352,16598305
"18-Feb-19",,,,,,,0.7353
"19-Feb-19",17.65,17.83,17.5,17.82,972480,,0.7346
"20-Feb-19",17.77,18.115,17.77,18.1,1117608,,0.7715
"21-Feb-19",18.05,18.05,17.795,17.91,685078,,0.7365
"22-Feb-19",18,18.18,17.88,18.15,478102,,0.742
"25-Feb-19",18.25,18.43,18.06,18.26,1178755,,0.736
"26-Feb-19",18.27,18.44,18.15,18.18,601776,,0.7289
"27-Feb-19",18.18,18.41,18.1,18.38,491350,,0.7687,,18626617.871
"28-Feb-19",18.43,18.68,18.28,18.51,915391,,0.7671,16253751,18600060.583
"01-Mar-19",18.64,18.85,18.375,18.45,654737,,0.745,,17770145.333
"04-Mar-19",18.49,18.57,18.18,18.37,968586,,0.7413,,17697112.791
"05-Mar-19",18.38,18.45,18.14,18.26,723285,,0.733,,17748567.5365
"06-Mar-19",18.24,18.41,17.94,17.95,568210,,0.7257,,17597522.961
"07-Mar-19",17.94,18.02,17.48,17.55,947894,,0.7233,,17594203.3
"08-Mar-19",17.49,17.69,17.32,17.59,1015574,,0.7227,,17512871.6055
"11-Mar-19",17.72,18.11,17.65,18.1,666790,,0.7185,,15233015.4372
"12-Mar-19",18.15,18.24,17.71,17.74,861834,,0.7102,,14820170.1618
"13-Mar-19",17.85,17.9,17.62,17.75,806960,,0.7049,,15018465.924
"14-Mar-19",17.77,17.83,17.54,17.7,769906,,0.7039,,15067227.177
"15-Mar-19",17.7,17.89,17.51,17.68,1828563,,0.6976,16164221,15122489.9304
"18-Mar-19",17.77,17.94,17.73,17.89,742010,,0.6988,,15068852.5521
"19-Mar-19",17.98,18.09,17.495,17.55,1027133,,0.6898,,14080624.4913
"20-Mar-19",17.56,17.74,17.32,17.48,724946,,0.6847,,13983101.9853,
"21-Mar-19",17.4,17.79,17.37,17.74,663656,,0.6828,,14140763.37
"22-Mar-19",17.6,17.71,16.71,16.96,1254697,,0.6848,,13955470.6086
"25-Mar-19",16.99,17.13,16.76,16.97,1018746,,0.6908,,14000981.1114
"26-Mar-19",17.1,17.41,17.05,17.25,547288,,0.6891,,14628620.005
"27-Mar-19",17.32,17.44,17.18,17.3,774654,,0.6879,,14643167.8039
"28-Mar-19",17.36,17.44,17.17,17.33,488480,,0.6864,,14536483.9453
"29-Mar-19",17.49,17.565,17.2,17.29,683796,,0.6853,16539391,14318266.9618
"01-Apr-19",17.53,17.805,17.47,17.78,577379,,0.687,,14104899.2446
"02-Apr-19",17.85,17.89,17.41,17.43,932037,,0.6876,,14146926.2192
"03-Apr-19",17.61,17.62,17.11,17.21,1197162,,0.6822,,14331198.3386
"04-Apr-19",17.26,17.79,17.2,17.75,881748,,0.6813,,14043475.2048
"05-Apr-19",17.85,18.27,17.77,18.23,883637,,0.682,,13805861.1561
"08-Apr-19",18.38,18.42,18.105,18.2,729062,,0.6894,,14028927.4059
"09-Apr-19",17.94,18,17.41,17.42,901702,,0.6792,,16416999.5066,
"10-Apr-19",17.63,18.02,17.5372,18.02,1165793,,0.6878,,17171195.7362
"11-Apr-19",18,18.31,18,18.18,648691,,0.672,,17515215.069
"12-Apr-19",18.64,18.76,18.45,18.6,821895,,0.6644,,17429210.2358
"15-Apr-19",18.63,18.82,18.36,18.48,473967,,0.6577,16908314,17245622.9957
"16-Apr-19",18.59,18.89,18.55,18.73,703820,,0.648,,17091806.6594
"17-Apr-19",18.86,18.89,18.7,18.85,485718,,0.6489,,17114961.8068
"18-Apr-19",18.77,18.82,18.49,18.54,737535,,0.655,,17103384.2331
"19-Apr-19",,,,,,,0.6503,,17015725.4608
"22-Apr-19",18.51,18.55,18.21,18.35,1875941,,0.6713,,17111653.9286
"23-Apr-19",18.42,18.83,18.38,18.7,1084349,,0.6524,,16883410.3328
"24-Apr-19",18.69,18.76,18.56,18.64,613851,,0.7129,,21519211.2278
"25-Apr-19",18.64,18.64,18.17,18.34,975072,,0.7103,,21473558.78
"26-Apr-19",18.29,18.61,18.24,18.49,924247,,0.7049,,21686603.5364
"29-Apr-19",18.54,18.6,18.23,18.28,1453837,,0.7145,,21294330.6516
"30-Apr-19",18.23,19.07,18.04,18.73,3143676,,0.7098,15163426,21126938.343
"01-May-19",18.68,18.77,18.35,18.6,1633225,,0.7311,,20739737.9524,
"02-May-19",18.65,18.7981,18.29,18.49,955086,,0.6969,,20066787.0552
"03-May-19",18.49,19.18,18.49,19.13,878827,,0.6839,,20379590.8642
"06-May-19",18.71,18.92,18.49,18.58,866244,,0.6759,,20049878.7412
"07-May-19",18.37,18.62,18.02,18.16,888902,,0.6624,,19868959.7814
"08-May-19",18.1,18.34,18.07,18.1,468007,,0.6633,,19833452.322
"09-May-19",17.91,17.95,17.585,17.83,770256,,0.6601,,14311241.4588
"10-May-19",17.74,17.86,17.25,17.66,981430,,0.6541,,14265751.1808
"13-May-19",17.35,17.45,16.745,16.93,948636,,0.655,,14276365.579
"14-May-19",17,17.36,17,17.19,635349,,0.6488,,14385542.2462
"15-May-19",17.01,17.29,16.94,17.22,446345,,0.6554,15583476,14397672.987
"16-May-19",17.24,17.38,17.19,17.24,434065,,0.6666,,14537176.5062
"17-May-19",17.08,17.27,16.98,17,638429,,0.6604,,14682745.3958
"20-May-19",16.89,16.99,16.81,16.9,809865,,0.6481,,14656967.5716
"21-May-19",17.02,17.32,17,17.3,561481,,0.6568,,14703974.1922
"22-May-19",17.22,17.31,17.12,17.12,499206,,0.6471,,14699425.1644
"23-May-19",16.94,17.03,16.7,16.84,702575,,0.6489,,14848026.7392
"24-May-19",16.95,17.06,16.87,16.97,303773,,0.6388,,15909170.6484
"27-May-19",,,,,,,0.6415,,15963712.8144
"28-May-19",16.91,16.98,16.74,16.75,585190,,0.648,,15999554.8092
"29-May-19",16.59,16.73,16.41,16.68,687397,,0.6478,,16049421.9324
"30-May-19",16.67,16.765,16.48,16.53,536751,,0.6472,,16088380.6224
"31-May-19",16.31,16.43,16.09,16.15,712192,,0.6448,16449082,15997996.4616
"03-Jun-19",16.09,16.415,15.965,16.22,877783,,0.651,,16245773.73
"04-Jun-19",16.46,16.82,16.445,16.81,735411,,0.6433,,16426542.0516
"05-Jun-19",16.81,16.95,16.53,16.61,702423,,0.6342,,15860861.8728
"06-Jun-19",16.57,16.76,16.465,16.63,634536,,0.6338,,15907612.3008
"07-Jun-19",16.66,16.82,16.55,16.56,486182,,0.6242,,15525817.1388
"10-Jun-19",16.68,16.91,16.68,16.74,781987,,0.6249,,15518025.4008
"11-Jun-19",16.94,17.11,16.73,16.97,679496,,0.6287,,16032920.2254
"12-Jun-19",16.93,17.165,16.87,16.93,736111,,0.6236,,15715452.9428
"13-Jun-19",16.99,17.14,16.96,17.07,415482,,0.624,,15819082.1594
"14-Jun-19",17.05,17.135,16.84,16.89,367503,,0.6221,16837670,15773024.7298
"17-Jun-19",16.9,16.98,16.56,16.58,522851,,0.6245,,15689134.4116
"18-Jun-19",16.63,16.96,16.63,16.88,553331,,0.6306,,15773024.7298,
"19-Jun-19",16.88,16.9416,16.58,16.61,718929,,0.6322,,15899682.6612
"20-Jun-19",16.76,16.78,16.27,16.47,799258
"21-Jun-19",16.41,16.505,16.26,16.28,1139478
"24-Jun-19",16.32,16.47,16.05,16.07,848130,,0.643,,15955609.54
"25-Jun-19",16.09,16.245,15.96,16.16,809966,,0.6612,,17039722.04
"26-Jun-19",16.26,16.29,16.02,16.16,458819,,0.6573,,17278816.954
"27-Jun-19",16.22,16.63,16.22,16.63,532593,,0.6619,,17413518.314
"28-Jun-19",16.72,16.86,16.52,16.67,930545,,0.6613,17043919,17435407.285
"01-Jul-19",16.94,17.03,16.58,16.67,586677,,0.6765,,18736959.176
"02-Jul-19",16.67,16.69,16.37,16.49,404109,,0.6712,,18775685.817
"03-Jul-19",16.5,16.87,16.49,16.78,495068,,0.6843,,18708335.137
"04-Jul-19",,,,,,,0.6788,,18768950.749
"05-Jul-19",16.79,16.84,16.61,16.82,460525,20.452881,0.6775,,18710018.904
"08-Jul-19",16.72,16.87,16.5,16.5,796271,,0.6888,,19072028.809
"09-Jul-19",16.5,16.6,16.32,16.6,961722,21.611849,0.6999,,19829723.959
"10-Jul-19",16.38,16.68,16.38,16.55,784634,21.585102,0.6999,,19314169.0108,
"11-Jul-19",16.58,16.64,16.37,16.5,709480
"12-Jul-19",16.55,16.86,16.49,16.78,646601,21.229477,0.6987,,18818190.9679
"15-Jul-19",16.82,17.005,16.6,16.98,1056964,20.488017,0.6805,16881137,18248924.0733
"16-Jul-19",16.97,17.13,16.88,17.08,1273246,20.264081,0.6945,,18342665.6278
"17-Jul-19",17.02,17.12,16.8,16.85,855030,20.681992,0.6975,,18778989.9542
"18-Jul-19",16.81,17.19,16.798,17.11,773152,20.45955,0.6901,,18683544.0078
"19-Jul-19",17.09,17.26,16.865,16.88,1923324,20.890161,0.6845,,19527217.9983
"22-Jul-19",16.94,17.1,16.82,17.07,1090915,19.76825,0.702,,18574462.9262
"23-Jul-19",17.15,17.46,17.125,17.29,994103,22.230329,0.7099,,20537922.395
"24-Jul-19",17.22,17.5,17.22,17.45,839256,,0.6963,,17313294.1072
"25-Jul-19",17.46,17.5,17.14,17.32,765711,20.865924,0.6959,,17799470.8528
"26-Jul-19",17.39,17.52,17.35,17.39,455203,20.403725,0.6803,,17230576.5359
"29-Jul-19",17.33,17.6,17.29,17.59,1031856,21.733823,0.7177,,18391998.7615
"30-Jul-19",17.6,17.65,17.29,17.6,1330882
"31-Jul-19",17.59,17.755,17.22,17.5,1159107,20.665677,0.6808,17127677,17568199.2759
"01-Aug-19",17.47,17.68,16.98,17,1131710,21.930168,0.6777,,17924391.2666,
"02-Aug-19",16.9,17.04,16.625,17.01,1077235,22.204592,0.661,,17948024.8584
"05-Aug-19",16.54,16.63,16.065,16.23,1086591,22.657168,0.6801,,18319409.8724
"06-Aug-19",16.36,16.85,16.36,16.79,1004823,22.202994,0.6805,,18039182.9982
"07-Aug-19",16.51,16.765,16.283,16.71,528199,22.509414,0.6891,,18164103.412
"08-Aug-19",16.89,17.04,16.77,16.87,689515,22.729329,0.6868,,18268766.4614
"09-Aug-19",16.77,16.805,16.35,16.51,959192,22.686995,0.6857,,17954943.7991
"12-Aug-19",16.3,16.49,15.51,15.72,1588440,21.693173,0.6806,,17379453.8519
"13-Aug-19",15.67,16.17,15.67,15.89,683600,22.042917,0.68,,17626092.4007
"14-Aug-19",15.52,15.67,15.18,15.34,1393353,21.287192,0.6781,,17172208.9602
"15-Aug-19",15.41,15.58,15.23,15.24,810835,20.879201,0.6843,18613543,16901591.6636
"16-Aug-19",15.33,15.675,15.27,15.59,477587,20.652552,0.6777,,16728602.1259
"19-Aug-19",15.86,15.99,15.8,15.88,475516,20.26988,0.6741,,16480250.8094
"20-Aug-19",15.8,15.81,15.54,15.66,902803,20.079073,0.6662,,16362069.8381
"21-Aug-19",15.8,15.92,15.7,15.77,463818,20.303831,0.6691,,16432293.3138
"22-Aug-19",15.86,16.05,15.78,15.94,532642,20.443462,0.6727,,16536772.1435
"23-Aug-19",15.86,15.97,15.37,15.41,573154,20.475159,0.6659,,16586442.4068
"26-Aug-19",15.58,15.58,15.27,15.33,644074,20.480541,0.667,,18425546.2157
"27-Aug-19",15.42,15.55,15.16,15.18,569399,20.61973,0.6711,,18470218.7189
"28-Aug-19",15.1,15.58,15.09,15.57,851109,20.65116,0.6737,,18520475.285
"29-Aug-19",15.76,16.09,15.725,16.06,804730,20.870259,0.6755,,18795955.7214
"30-Aug-19",16.13,16.38,16.0676,16.17,797944,20.842118,0.6684,19591763,18810846.5558
"02-Sep-19",,,,,,20.703804,0.6684,,18810846.5558
"03-Sep-19",16.04,16.04,15.76,15.96,581584,21.027726,0.6802,,19024902.3003
"04-Sep-19",16.13,16.18,15.99,16.16,503549,21.571115,0.6898,,19374836.9087
"05-Sep-19",16.38,16.89,16.38,16.71,639110,21.647161,0.69,,19406479.9318
"06-Sep-19",16.73,16.86,16.62,16.82,466853,21.80654,0.6908,,19460459.2065
"09-Sep-19",16.92,17.52,16.9,17.51,1022942,21.540147,0.6963,,19484656.8124
"10-Sep-19",17.56,18.01,17.54,18,872447,22.782851,0.72,,20638696.4784
"11-Sep-19",18.1,18.33,17.75,18.32,1110463,21.261376,0.7073,,20189311.7715
"12-Sep-19",18.17,18.29,17.88,18.07,846252,21.028375,0.705,,20030618.4912
"13-Sep-19",17.81,18.01,17.75,17.83,875978,21.006377,0.7402,20047807,20063924.4883
"16-Sep-19",17.72,17.9,17.58,17.75,948023,20.504742,0.7329,,19954210.6155
"17-Sep-19",17.66,17.72,17.37,17.64,545369,20.350184,0.7528,,19699517.6965,
"18-Sep-19",17.58,17.59,17.245,17.5,733781,20.40146,0.7736,,19828823.3323
"19-Sep-19",17.52,17.68,17.4,17.45,547482,20.512114,0.7448,,19934618.8525
"20-Sep-19",17.48,17.49,17.06,17.19,1559552,20.039454,0.6771,,19781803.1011
"23-Sep-19",17.07,17.365,17.07,17.18,845952,20.34069,0.702,,19981639.0837
"24-Sep-19",17.25,17.41,17.07,17.1,841176,20.522422,0.7114,,20148046.035
"25-Sep-19",17.1,17.53,17.1,17.41,678731,19.01209,0.7066,,18606369.6767
"26-Sep-19",17.3,17.47,17.2,17.42,519830,20.206382,0.7132,,19668903.4477
"27-Sep-19",17.53,17.64,17.28,17.43,369470,19.429955,0.7044,,18881024.6326
"30-Sep-19",17.5,17.55,17.16,17.18,645068,20.364725,0.7055,20220724,19791195.0704
"01-Oct-19",17.29,17.34,16.6,16.62,776582,19.103163,0.7476,,18548231.0364
"02-Oct-19",16.42,16.49,16.055,16.29,877188,19.122306,0.6966,,18668517.8784
"03-Oct-19",16.16,16.3,15.94,16.15,883364,19.728154,0.713,,19432339.3251
"04-Oct-19",16,16.18,15.87,16.17,606388,18.76205,0.698,,18518159.3259
"07-Oct-19",16.12,16.155,15.95,15.98,729993,19.017111,0.7011,,18862981.6063
"08-Oct-19",15.75,15.77,15.29,15.29,1383215,18.431694,0.6932,,18462025.4663
"09-Oct-19",15.36,15.545,15.1,15.41,1430376,18.603453,0.7024,,19256195.4652
"10-Oct-19",15.25,15.26,14.915,14.97,1489066,18.679969,0.7031,,19515020.7324,
"11-Oct-19",15.31,15.74,15.25,15.46,1068861,19.301877,0.7451,,20265209.5928
"14-Oct-19",15.44,15.53,15.13,15.29,1019732,19.514645,0.7472,,20681756.5072
"15-Oct-19",15.26,15.42,15.09,15.34,667865,17.829436,0.6933,20472318,18827516.1164
"16-Oct-19",15.33,15.49,15.24,15.29,654679,17.237862,0.7461,,18075305.1836
"17-Oct-19",15.42,15.58,15.3,15.5,709961,16.930881,0.7022,,17579897.4456
"18-Oct-19",15.45,15.5,15.34,15.43,1067991,16.901352,0.6892,,17614272.6764
"21-Oct-19",15.6,15.82,15.6,15.62,492776,17.182245,0.6851,,17478793.8256
"22-Oct-19",15.62,15.91,15.32,15.34,1473197,16.940274,0.6818,,17428242.0156
"23-Oct-19",15.33,15.96,15.25,15.89,1417936,16.681811,0.6833,,17262432.0788
"24-Oct-19",15.97,15.9939,15.54,15.63,776353,16.945292,0.6799,,18994216.6404
"25-Oct-19",15.58,15.86,15.43,15.83,1163395,16.57261,0.6799,,18683037.4068
"28-Oct-19",15.94,16.35,15.84,16.14,1304301,16.292478,0.6753,,18676895.7114
"29-Oct-19",16.78,16.96,16.33,16.82,2067895,16.004565,0.6683,,18728076.5064
"30-Oct-19",16.86,17.04,16.77,16.81,1372262,15.898615,0.6761,,18711698.652
"31-Oct-19",16.83,16.83,16.27,16.56,938514,15.91992,0.6697,19617687,18611384.2938
"01-Nov-19",16.66,16.91,16.66,16.73,845929,15.908707,0.6165,,18500833.7766,
"04-Nov-19",16.79,17.26,16.77,17.22,1290191,15.848341,0.6647,,18418944.5046
"05-Nov-19",17.3,17.64,17.3,17.53,557348,16.128091,0.6618,,18640045.539
"06-Nov-19",17.49,17.54,17.2507,17.3,577110,22.186533,0.7267,,25416382.797
"07-Nov-19",17.49,17.565,17.41,17.45,911981,17.770289,0.6786,,20324917.3104
"08-Nov-19",17.41,17.41,17.13,17.15,484982,17.406171,0.6597,,19892951.4006
"11-Nov-19",17,17.08,16.73,16.75,779585,17.404728,0.6597,,19890904.1688
"12-Nov-19",16.73,16.815,16.36,16.4,701397,16.766968,0.6612,,20137555.7055
"13-Nov-19",16.2,16.34,16.11,16.17,646693,17.060104,0.6605,,20153249.8551
"14-Nov-19",16.11,16.41,16.11,16.25,660024
"15-Nov-19",16.36,16.49,16.28,16.38,504430,17.114175,0.6582,19873432,19888411.0806
"18-Nov-19",16.3,16.375,16.14,16.37,542405,16.934502,0.6574,,19713813.6663
"19-Nov-19",16.49,16.69,16.37,16.41,635609,17.010564,0.6579,,19729507.8159
"20-Nov-19",16.25,16.35,15.98,16.08,655675,16.649555,0.6571,,19374427.6812
"21-Nov-19",16.17,16.17,15.9,16.02,375271,16.694967,0.6549,,19241027.4096
"22-Nov-19",16.12,16.21,16.03,16.05,512955,17.027882,0.6535,,19643189.9931
"25-Nov-19",16.1,16.47,16.05,16.42,565995,16.949049,0.6521,,19656922.374
"26-Nov-19",16.33,16.4,16.11,16.17,382925,17.026276,0.6513,,19569368.4904
"27-Nov-19",16.16,16.3,16.01,16.29,333449,17.222399,0.6511,,19682647.0528
"28-Nov-19",,,,,,17.174589,0.6508,,19722393.9168
"29-Nov-19",16.23,16.3,16.15,16.15,157912,17.574975,0.6542,20108226,19923115.58
"02-Dec-19",16.28,16.385,16.07,16.14,510549,17.721851,0.6573,,19984723.2192
"03-Dec-19",15.9,15.92,15.53,15.86,626786,17.730078,0.656,,19923115.58
"04-Dec-19",15.97,16.32,15.9521,16.1,473856,17.713705,0.6572,,19863495.284
"05-Dec-19",16.19,16.33,16.13,16.2,359031,17.715684,0.6553,,19811824.3608
"06-Dec-19",16.47,16.82,16.47,16.49,759428,17.685546,0.6551,,19823748.42
"09-Dec-19",16.42,16.63,16.42,16.6,553426,17.616211,0.6542,,19778039.5264
"10-Dec-19",16.56,16.64,16.37,16.43,859974,17.802127,0.6569,,20110236.8226
"11-Dec-19",16.52,16.6,16.23,16.51,568947,17.90026,0.6547,,20104204.3548
"12-Dec-19",16.52,16.89,16.4986,16.84,934466,17.822826,0.6531,,19949371.0146
"13-Dec-19",16.84,16.98,16.44,16.51,707309,17.90532,0.6488,20500348,19989587.4666
"16-Dec-19",16.65,17.05,16.55,16.66,806406,17.983949,0.6539,,20049912.1446
"17-Dec-19",16.69,16.86,16.65,16.81,450556,18.166909,0.655,,20059966.2576
"18-Dec-19",16.8,16.98,16.8,16.87,751659,18.175104,0.6497,,20148442.452
"19-Dec-19",16.87,16.95,16.75,16.88,848100,18.041006,0.6517,,20045890.4994
"20-Dec-19",16.95,17,16.75,16.81,2403983,17.899072,0.6536,,20600877.537
"23-Dec-19",16.81,16.92,16.66,16.66,687400,18.612862,0.656,,21073420.848,
"24-Dec-19",16.78,16.78,16.53,16.64,411909
"25-Dec-19",,,,,,18.798421,0.6545,,21634017.2444
"26-Dec-19",16.65,16.81,16.645,16.76,494920,18.929673,0.6579,,21705768.4624
"27-Dec-19",16.78,16.83,16.65,16.67,353918
"30-Dec-19",16.77,16.825,16.59,16.76,734421,18.441462,0.6566,,21449514.1124
"31-Dec-19",16.69,16.93,16.69,16.72,514487,18.744446,0.6563,20587891,21457714.2516
"01-Jan-20",,,,,,18.666537,0.6564,,21433113.834
"02-Jan-20",16.82,16.87,16.565,16.66,892915,19.211195,0.6686,,22107575.2832
"03-Jan-20",16.24,16.45,16.17,16.4,826406,19.12596,0.6581,,21988673.2648
"06-Jan-20",16.24,16.45,16.14,16.4,757510,19.689297,0.6678,,22667234.7836
"07-Jan-20",16.53,16.6,16.4,16.52,857618,19.948405,0.6673,,22991140.282
"08-Jan-20",16.5,16.76,16.47,16.55,1482324,19.992533,0.674,,23378596.8592
"09-Jan-20",16.66,16.74,16.52,16.73,1143175,20.05887,0.676,,23347846.3372
"10-Jan-20",16.45,16.845,16.37,16.56,1542347,20.289876,0.6823,,22708443.773,
"13-Jan-20",16.63,16.77,16.52,16.74,1202763,21.702879,0.6975,,24032245.1643
"14-Jan-20",16.74,16.92,16.67,16.85,1290347,18.888961,0.6741,,21112882.2205
"15-Jan-20",16.71,16.97,16.66,16.8,736175,18.944914,0.674,21282727,21061412.493
"16-Jan-20",16.99,17.305,16.92,17.19,995052,18.329713,0.6719,,20505539.436
"17-Jan-20",17.24,17.28,16.82,16.83,836674,17.804217,0.6629,,19986724.5828
"20-Jan-20",,,,,,17.855035,0.6629,,19986724.5828
"21-Jan-20",16.72,16.83,16.56,16.63,930161,18.035484,0.663,,20233779.2748
"22-Jan-20",16.72,16.815,16.55,16.76,547742,17.939886,0.6625,,20149368.9217
"23-Jan-20",16.67,16.82,16.4,16.72,700251,18.262158,0.6649,,20202897.4383
"24-Jan-20",16.75,16.76,16.295,16.45,529593,18.362298,0.6629,,19957901.5354
"27-Jan-20",16.08,16.14,15.895,15.93,882109,18.382479,0.6621,,20080252.9245
"28-Jan-20",16.06,16.15,15.98,16,837400,18.228967,0.6616,,19933402.1082
"29-Jan-20",16.07,16.29,16.04,16.07,583919,18.391041,0.6531,,19818475.3824
"30-Jan-20",15.9,16.51,15.85,16.43,1098905,18.305259,0.6454,,19335357.4795
"31-Jan-20",16.23,16.36,15.96,15.98,1269242,18.402242,0.6622,20529942,19394949.1151
"03-Feb-20",16.05,16.39,16.04,16.19,1348137,18.28154,0.6574,,19401333.9332,
"04-Feb-20",16.93,17.02,16.36,16.56,2168502,17.355466,0.6417,,18954396.6662
"05-Feb-20",16.89,17.01,16.68,16.94,1214388,17.486284,0.6408,,19069323.392
"06-Feb-20",17.08,17.24,16.91,17.22,963469,16.948646,0.6405,,18635155.7612
"07-Feb-20",17.15,17.22,16.88,16.94,820372,16.543268,0.6409,,18277605.9476
"10-Feb-20",16.83,16.975,16.81,16.92,583278,16.809117,0.6324,,18564922.7621
"11-Feb-20",17.06,17.39,17.02,17.27,790176,17.021279,0.6403,,19895566.7922
"12-Feb-20",17.39,17.4,16.63,16.81,1242795,16.880527,0.6471,,19914043.74
"13-Feb-20",16.71,16.87,16.46,16.6,694795,16.999683,0.6469,,20051594.3514
"14-Feb-20",16.55,16.55,16.14,16.21,644221,16.851968,0.6464,20686921,19877089.8444
"17-Feb-20",,,,,,16.701706,0.6464,,19877089.8444
"18-Feb-20",16.31,16.41,15.975,16.08,729837,16.814278,0.6448,,19977686.5602
"19-Feb-20",16.05,16.315,16.015,16.3,586277,16.877604,0.6444,,20072124.2934
"20-Feb-20",16.21,16.635,16.21,16.43,792537,16.882342,0.6437,,20139873.102
"21-Feb-20",16.39,16.39,16.08,16.1,994686,16.903399,0.6512,,20300006.6496
"24-Feb-20",15.6,15.69,15.31,15.43,1104921,16.390045,0.6446,,20092654.2354
"25-Feb-20",15.42,15.47,14.845,14.93,1705204,16.200358,0.6459,,20195303.9454
"26-Feb-20",15.04,15.18,14.7,14.78,1478738,15.890997,0.6423,,20974469.2019
"27-Feb-20",14.38,14.82,14.07,14.07,1391090,15.617804,0.6435,,21003430.8913
"28-Feb-20",13.6,14,13.495,13.76,2602783,14.714181,0.6414,21101070,20610379.3923
"02-Mar-20",13.78,14.34,13.62,14.28,1279043,14.388782,0.6431,,20554524.7056
"03-Mar-20",14.29,14.83,13.83,14.03,1574481,14.27985,0.6513,,20773806.0682
"04-Mar-20",14.28,14.41,14.01,14.39,1109294,14.956365,0.6542,,21934342.3363
"05-Mar-20",13.91,14.02,13.6,13.97,1929893,14.099609,0.6453,,21185475.7961
"06-Mar-20",13.33,13.875,13.28,13.55,1836337,14.800437,0.6295,,22778368.7131
"09-Mar-20",12.66,12.93,12.265,12.55,2443380,14.576658,0.6279,,23039023.9177
"10-Mar-20",13.08,13.19,12.28,12.84,1742642,14.10616,0.6258,,23249158.926
"11-Mar-20",12.39,12.51,11.305,11.75,3110393,14.6726,0.6601,,25017428.592
"12-Mar-20",10.03,11.92,9.8701,10.76,3326714,13.147384,0.6498,,23331453.099
"13-Mar-20",11.34,11.93,11.02,11.88,2572193,13.033241,0.6779,21044859,23669070.219
"16-Mar-20",10.14,12.1,10.14,11.51,2465295,13.247284,0.6981,,24646049.76
"17-Mar-20",11.73,13.28,11.59,13.09,3337661,13.702182,0.7476,,26367897.072,
"18-Mar-20",12.19,13.73,11.64,12.73,2709615,12.887312,0.7215,,25536514.914
"19-Mar-20",12.56,13.63,12.53,12.69,2190434,12.309772,0.6998,,24838069.497
"20-Mar-20",12.82,12.98,11.42,11.81,3411477,11.553811,0.6735,,24061550.121
"23-Mar-20",12,12.29,10.96,11.18,1201030,11.534557,0.6895,,23671180.326
"24-Mar-20",11.68,12.16,11.075,11.35,1650464,11.399,0.6358,,21046963.4859
"25-Mar-20",11.51,11.9,11.16,11.29,1654643,10.366839,0.6438,,19428613.8288
"26-Mar-20",11.5,11.83,10.96,11.79,1577274,9.449428,0.64,,17757652.0242
"27-Mar-20",11.04,11.665,10.8,11.25,1159096,10.078159,0.6386,,19087687.113
"30-Mar-20",11.32,11.89,11.09,11.66,1010045,9.624585,0.6339,,18367952.9352
"31-Mar-20",11.58,11.67,11.15,11.38,859396,9.406344,0.6328,20829646,17978623.0437
"01-Apr-20",10.8,11.02,10.66,10.88,948359,9.50123,0.6337,,18250101.7248
"02-Apr-20",10.87,11.47,10.79,11.3,768266,9.394876,0.639,,17921801.9244
"03-Apr-20",11.22,11.44,10.66,10.98,1049875,9.362498,0.6444,,17892339.1218
"06-Apr-20",11.39,11.84,11.21,11.78,999046,9.375426,0.645,,17951264.727
"07-Apr-20",12.23,12.27,11.51,11.65,1147148,9.483618,0.6482,,18239579.2953
"08-Apr-20",11.5,11.99,11.235,11.87,1181597,9.732016,0.6485,,18784641.1434,
"09-Apr-20",12.08,12.76,11.87,12.71,1986900,9.64244,0.644,,21687827.4152
"10-Apr-20",,,,,,9.614988,0.644,,21687827.4152
"13-Apr-20",12.53,12.68,12.222,12.48,1067343,9.891406,0.6396,,22189821.8838
"14-Apr-20",12.81,12.96,12.6,12.96,1310474,8.873253,0.6187,,19929805.2928
"15-Apr-20",12.39,12.65,12.17,12.46,1168232,8.899493,0.6187,20632055,19961049.7618
"16-Apr-20",12.51,12.71,11.87,12.25,1154805,9.557987,0.6032,,21542019.8932
"17-Apr-20",12.59,12.79,12.36,12.67,936043,9.959647,0.5981,,22431445.7774
"20-Apr-20",12.46,12.85,12.32,12.72,616313,9.92173,0.5965,,22289804.1846
"21-Apr-20",12.37,12.71,12.28,12.56,603155,10.046619,0.5946,,22371039.804
"22-Apr-20",12.75,12.86,12.55,12.65,599778,10.410089,0.5907,,23093828.5202
"23-Apr-20",12.57,12.74,12.14,12.2,1360083,10.376244,0.5885,,23231304.1838
"24-Apr-20",12.24,12.5,12.12,12.2,894871,10.241616,0.5889,,23751621.716
"27-Apr-20",12.43,13.09,12.33,13.05,1974800,10.235209,0.5886,,24120935.5005
"28-Apr-20",13.63,14.67,13.3,14.07,2418619,9.751559,0.5895,,23371991.904
"29-Apr-20",14.51,14.65,13.78,14.45,1243641,9.439961,0.5927,,22726208.5825
"30-Apr-20",14.19,14.63,14.09,14.55,1081163,9.389447,0.5976,22095865,22726208.5825
"01-May-20",14.18,14.37,13.96,14.09,697342,9.161314,0.5977,,22119626.1655,
"04-May-20",13.81,14.21,13.75,14.1,714008,9.200255,0.5952,,22059793.206
"05-May-20",14.33,14.44,13.64,13.67,1055120,9.368348,0.598,,22187711.947
"06-May-20",13.78,13.8,13.22,13.39,731359,9.331518,0.5927,,21979328.1915
"07-May-20",13.61,13.7,13.445,13.55,601738,9.525368,0.5935,,22346578.7705
"08-May-20",13.76,14.095,13.72,14.05,616697,9.512779,0.5925,,22264050.5505
"11-May-20",13.91,14.295,13.78,14.22,1049060,9.428308,0.5946,,21567773.8265
"12-May-20",14.3,14.44,13.81,13.83,1350868,9.220679,0.5939,,21227497.5055
"13-May-20",13.73,13.73,12.75,12.96,958026,9.261582,0.5939,,21254012.5435
"14-May-20",12.73,13.02,12.46,12.97,1408960,9.057399,0.5924,,20951299.193
"15-May-20",12.85,13.285,12.74,12.85,2295236,8.858867,0.5919,21549330,20867334.906
"18-May-20",13.16,13.93,13.16,13.73,1309242,8.848381,0.5905,,20812095.2435
"19-May-20",13.62,13.64,13.11,13.11,1146937,9.274406,0.5928,,21910259.734
"20-May-20",13.35,13.6,13.315,13.46,984291,9.1007,0.5922,,21592079.278
"21-May-20",13.43,13.68,13.395,13.41,1192007,8.996833,0.5962,,21437408.223
"22-May-20",13.55,13.55,12.955,13.21,722092,9.032815,0.5972,,21459504.088
"25-May-20",,,,,,9.024407,0.5972,,21523582.0965
"26-May-20",13.61,13.86,13.39,13.58,1727054,9.057471,0.5975,,21607546.3835
"27-May-20",13.95,14.09,13.7,14.03,1050759,9.09704,0.5971,,22307866.416
"28-May-20",14.17,14.17,13.37,13.37,792240,9.089379,0.5971,,22144091.508
"29-May-20",13.18,13.44,12.82,13.04,1268932,8.975195,0.5941,23133348,21547175.067
"01-Jun-20",13.13,13.39,12.95,13.3,1151048,8.942965,0.5949,,21404949.489
"02-Jun-20",13.44,13.8,13.34,13.73,961860,9.090316,0.5945,,21648456.918
"03-Jun-20",13.95,14.52,13.95,14.36,1186606,9.084923,0.5958,,21613977.99
"04-Jun-20",14.23,14.555,14.09,14.54,909725,9.876336,0.5934,,23327149.725
"05-Jun-20",15.12,15.86,15.01,15.38,1833972,9.721829,0.5948,,23143980.42
"08-Jun-20",15.62,15.98,15.3373,15.96,1381279,9.796233,0.5954,,23072867.631
"09-Jun-20",15.64,16.03,15.43,15.9,875052,9.867396,0.596,,24805889.0604
"10-Jun-20",15.93,15.99,15.5,15.59,1399930,9.557443,0.5923,,23751008.3916
"11-Jun-20",14.99,15.28,14.38,14.46,1237068,9.717873,0.5917,,24014728.5588
"12-Jun-20",15,15,14.41,14.8,1244788,10.044694,0.5938,,24303895.4088
"15-Jun-20",14.34,15.29,14.34,15.1,1186991,10.469292,0.5919,21137668,24340908.7656
"16-Jun-20",15.73,15.73,15.04,15.23,805546,10.64237,0.5926,,24600002.2632
"17-Jun-20",15.22,15.54,15.13,15.31,1024331,11.12179,0.5912,,25263929.3508
"18-Jun-20",15.07,15.52,15.03,15.46,683485,11.656587,0.5897,,25624809.5796,
"19-Jun-20",15.67,15.75,15.32,15.58,2362993,11.816265,0.5943,,25860769.7292
"22-Jun-20",15.46,15.58,15.33,15.43,667988,12.585559,0.5998,,26230903.2972
"23-Jun-20",15.67,15.69,15.31,15.39,708346,12.071427,0.5939,,25009462.5228
"24-Jun-20",15.2,15.33,14.92,14.97,1195084,12.224228,0.6019,,21991629.7872
"25-Jun-20",14.9,15.21,14.85,15.17,1079344,12.102121,0.5918,,21604810.4628
"26-Jun-20",15.03,15.06,14.5,14.72,1536122,11.807028,0.5942,,21044662.2608
"29-Jun-20",14.97,15.25,14.885,15.1,857133,11.782003,0.5946,,20788896.478
"30-Jun-20",15,15.58,15,15.51,1114542,11.543755,0.5929,21481680,20364029.3512
"01-Jul-20",15.48,15.59,15.1225,15.34,1407436,11.486083,0.5916,,20448580.0232
"02-Jul-20",15.72,16.37,15.35,15.49,1375246,11.332313,0.5903,,20294275.0468
"03-Jul-20",,,,,,11.273205,0.5903,,20294275.0468
"06-Jul-20",15.87,15.9,15.43,15.55,698765,11.737104,0.5971,,21027752.1264
"07-Jul-20",15.43,15.76,15.34,15.53,1125541,11.728857,0.6004,,21048889.7944
"08-Jul-20",15.58,15.89,15.5,15.74,699579,11.825063,0.5965,,21091165.1304
"09-Jul-20",15.71,15.87,14.99,15.04,1386272,12.056895,0.6028,,21564648.8936
"10-Jul-20",14.87,15.45,14.87,15.41,835346,12.716959,0.6135,,23610514.488,
"13-Jul-20",15.6,15.61,14.44,15.02,1345526,13.071851,0.6221,,24343039.776
"14-Jul-20",15.1,15.26,14.89,14.99,1016939,12.864982,0.6192,,23941332.36
"15-Jul-20",15.26,15.7,15.07,15.57,1052254,11.896044,0.5973,21526322,22059537.192
"16-Jul-20",15.41,15.705,15.37,15.58,498172,11.676314,0.589,,21449457.48
"17-Jul-20",15.59,15.66,15.26,15.28,599360,11.528008,0.5945,,21013379.376
"20-Jul-20",15.1,15.17,14.935,14.96,617481,11.762455,0.5874,,21344197.248
"21-Jul-20",15.05,15.545,15.02,15.46,909264,11.682636,0.5858,,21286196.712
"22-Jul-20",15.33,15.42,14.91,14.96,603774,11.856607,0.5852,,21604125.576
"23-Jul-20",14.73,15.305,14.73,15.23,999076,11.67827,0.5852,,21400049.616
"24-Jul-20",15.22,15.4,14.835,14.89,635961,11.644014,0.5855,,20609300.6828
"27-Jul-20",14.76,15.32,14.72,15.23,923712,11.782518,0.5861,,20863311.2824
"28-Jul-20",14.85,15.13,14.22,14.66,1687211,11.82389,0.5877,,20850395.4892
"29-Jul-20",14.75,15.29,14.53,14.85,1150952,11.71728,0.5885,,20290711.1172
"30-Jul-20",14.64,14.66,14.36,14.55,684485,11.672974,0.5889,,20049616.3108
"31-Jul-20",14.53,14.6817,14.44,14.59,1009635,11.483338,0.5841,21699525,19707347.791
"03-Aug-20",14.54,14.64,14.41,14.45,870108,11.531858,0.5854,,19836505.723,
"04-Aug-20",14.39,14.53,14.27,14.43,879005,11.624039,0.5829,,19939832.0686
"05-Aug-20",14.58,15.055,14.49,15.03,769501,11.51606,0.5819,,19769774.1248
"06-Aug-20",14.97,14.985,14.69,14.87,711841,11.381005,0.581,,19442574.0304
"07-Aug-20",14.79,15.35,14.79,15.34,556419,11.642378,0.582,,19838658.3552
"10-Aug-20",15.46,15.715,15.37,15.58,855894,11.643993,0.5848,,20045311.0464
"11-Aug-20",15.8,16.04,15.545,15.6,780665,11.749853,0.5852,,22179084.5025
"12-Aug-20",15.81,16.05,15.48,15.65,669990,11.863041,0.5836,,22270222.5075
"13-Aug-20",15.49,15.6822,15.335,15.42,511891,11.862408,0.5838,,21998978.445
"14-Aug-20",15.28,15.66,15.28,15.5,483768,11.958718,0.5842,22031788,22022847.9225
"17-Aug-20",15.52,15.68,15.41,15.6,431451,12.678374,0.5848,,22565336.0475
"18-Aug-20",15.54,15.74,15.48,15.67,560349,12.7811,0.5843,,22593545.43
"19-Aug-20",15.65,16.009,15.65,15.74,825033,12.941389,0.5842,,22706382.96
"20-Aug-20",15.55,15.69,15.38,15.38,565345,13.257273,0.583,,23051405.4075
"21-Aug-20",15.3,15.54,15.15,15.28,547036,13.82022,0.5774,,23865137.595
"24-Aug-20",15.37,15.8,15.33,15.74,643683,14.045662,0.578,,24140721.5625
"25-Aug-20",15.93,16.02,15.78,15.82,666655,14.136823,0.5791,,24188700.0452
"26-Aug-20",15.76,15.83,15.61,15.66,505865,13.812284,0.5786,,23463854.22
"27-Aug-20",15.63,15.99,15.63,15.69,794681,13.656991,0.5784,,22857980.05
"28-Aug-20",15.81,15.81,15.51,15.75,568139,13.674611,0.5776,,22710367.0704
"31-Aug-20",15.7,15.98,15.64,15.75,846477,13.838637,0.5774,22236907,22877808.6592
"01-Sep-20",15.66,15.745,15.52,15.69,747139,13.911983,0.579,,22930684.9504
"02-Sep-20",15.65,16.13,15.62,16.09,870054,14.377974,0.5796,,23589435.4116
"03-Sep-20",16.07,16.31,15.72,15.85,840290,14.551463,0.5825,,23827378.722
"04-Sep-20",16.06,16.15,15.735,15.78,881419,14.536196,0.5811,,23684172.1
"07-Sep-20",,,,,,12.998828,0.56,,20853087.342
"08-Sep-20",15.7,15.7,15.11,15.48,1012684,14.853337,0.5809,,23871442.298
"09-Sep-20",15.61,15.86,15.48,15.66,946841,15.152914,0.5819,,24173277.7936
"10-Sep-20",15.68,15.7,15.19,15.19,774443,15.4846,0.5894,,23969162.0553
"11-Sep-20",15.25,15.37,15.01,15.05,1038465,15.972398,0.5971,,24571782.235
"14-Sep-20",15.25,15.375,15.065,15.29,1142306,16.02381,0.5931,,24458374.0093
"15-Sep-20",15.35,15.48,15.285,15.37,714243,15.974688,0.594,22056984,24311610.4231,
"16-Sep-20",15.41,15.81,15.34,15.66,759094,15.91458,0.5996,,24038096.467
"17-Sep-20",15.5,15.715,15.45,15.53,670306,16.118972,0.5952,,24289373.5161
"18-Sep-20",15.54,15.73,15.39,15.5,1657990,16.14609,0.5982,,24600690.2141
"21-Sep-20",15.16,15.37,14.64,14.75,1026012,17.172232,0.6157,,25641377.4617
"22-Sep-20",14.78,14.94,14.63,14.68,695605,23.176012,0.6928,,34500561.2105
"23-Sep-20",14.69,14.79,13.99,14,1605925,21.125266,0.687,,31972224.8846
"24-Sep-20",14.02,14.455,13.94,14.09,773165,18.642495,0.6408,,25628009.7096
"25-Sep-20",13.96,14.26,13.925,14.26,828745,18.561059,0.6431,,25352297.4096
"28-Sep-20",14.43,15.025,14.43,14.95,852005,19.348131,0.6323,,26007389.8344
"29-Sep-20",14.86,14.9,14.53,14.67,694379,19.524746,0.6306,,26168405.8176
"30-Sep-20",14.73,15.04,14.73,14.85,883883,19.226495,0.6274,18620631,25780202.8992
"01-Oct-20",14.85,14.925,14.4,14.55,694220,18.832234,0.6233,,25061145.2208
"02-Oct-20",14.37,15.2,14.365,15.05,1050296,18.893738,0.624,,24981740.0784
"05-Oct-20",15.2,15.44,15.185,15.4,530452,19.923364,0.7019,,25939013.184
"06-Oct-20",15.6,15.8,15.37,15.45,1036479,18.522036,0.6465,,24203128.5432
"07-Oct-20",15.58,16.02,15.56,15.97,791996,18.403706,0.6482,,24088432.2264
"08-Oct-20",16.16,17.03,16.16,16.93,1969180,18.668364,0.6464,,24807489.9048,
"09-Oct-20",17.03,17.14,16.78,17,1211383,18.451673,0.6456,,17872081.6338
"12-Oct-20",17.03,17.23,16.57,16.7,830990,19.468845,0.6444,,18676492.893
"13-Oct-20",16.66,16.85,16.63,16.7,469011,18.844853,0.6367,,17955874.4733
"14-Oct-20",16.71,18,16.675,17.78,3241846,17.573221,0.6369,,17313462.7038
"15-Oct-20",17.49,17.92,17.3,17.89,2253342,16.787744,0.638,16252642,16894498.5063
"16-Oct-20",17.89,18.02,17.57,17.64,1147714,17.000292,0.6388,,17134704.6462
"19-Oct-20",17.75,17.8,17.29,17.3,594003,16.904193,0.6361,,17153325.2772
"20-Oct-20",17.49,17.51,17.22,17.29,803756,17.479652,0.6386,,17708220.081
"21-Oct-20",17.3,17.42,16.89,16.89,665040,17.410639,0.639,,17652358.188
"22-Oct-20",16.97,17.09,16.75,16.95,562783,17.738805,0.6391,,17879529.8862
"23-Oct-20",17.13,17.33,16.85,16.87,931656,17.671682,0.639,,17911184.9589
"26-Oct-20",16.68,16.81,16.25,16.56,1110645,17.623553,0.6379,,17294436.3522
"27-Oct-20",16.5,17.17,16.27,16.32,1647432,17.08181,0.64,,16971008.7764
"28-Oct-20",16,16.1,15.26,15.5,1445659,17.048733,0.6404,,17084777.2704
"29-Oct-20",15.55,15.6,15.24,15.46,709564,17.380486,0.642,,17138410.989
"30-Oct-20",15.41,15.55,15.05,15.35,1282707,16.508446,0.6382,16560708,16314402.0396
"02-Nov-20",15.61,15.765,15.08,15.58,1032613,16.438874,0.6374,,16314402.0396,
"03-Nov-20",15.93,16.15,15.77,16.05,1107500,16.084664,0.6385,,16013728.1626
"04-Nov-20",15.68,16.44,15.59,16.29,1079315,16.240979,0.6341,,16225012.5086
"05-Nov-20",16.3,16.56,16.14,16.51,893620,16.080311,0.6327,,16067361.8812
"06-Nov-20",16.59,16.67,15.9,15.94,646762,16.029244,0.631,,15984473.407
"09-Nov-20",17.18,17.71,16.83,16.85,942137,15.728445,0.6309,,15839824.8932
"10-Nov-20",16.99,17.305,16.94,17,875652,15.630006,0.6303,,15966178.5828
"11-Nov-20",17.12,17.31,16.75,16.94,672345,15.683054,0.6302,,15971146.7952
"12-Nov-20",16.76,16.84,16.41,16.55,898858,15.608578,0.6322,,15926432.8836
"13-Nov-20",16.69,16.89,16.61,16.81,423187,15.488615,0.6346,16626114,15740952.954
"16-Nov-20",17.3,17.36,17.065,17.14,896626,15.395191,0.6325,,15860190.0516
"17-Nov-20",16.9,17.08,16.73,16.98,757806,14.994314,0.6337,,15403114.5108
"18-Nov-20",17.06,17.06,16.53,16.53,683356,14.690786,0.6349,,15153047.82
"19-Nov-20",16.44,16.51,16.15,16.2,528540,14.738827,0.6348,,15194449.59
"20-Nov-20",16.09,16.1,15.82,15.95,613372,14.764632,0.6345,,15169608.528
"23-Nov-20",16.08,16.37,16.02,16.2,698806,14.620495,0.6344,,15149735.6784
"24-Nov-20",16.49,16.86,16.35,16.82,1107886,14.321093,0.6325,,15716665.5642
"25-Nov-20",16.65,16.97,16.41,16.92,818615,14.357442,0.6334,,15799796.1342
"26-Nov-20",,,,,,14.293622,0.6334,,15801458.7456
"27-Nov-20",16.95,16.97,16.585,16.96,436951,14.207159,0.6337,,15688401.1704
"30-Nov-20",16.8,16.9,16.375,16.46,1019103,14.143547,0.6337,15913216,15774856.9632
"01-Dec-20",16.65,16.93,16.64,16.87,700800,15.269581,0.6442,,16990225.8966
"02-Dec-20",16.87,17.05,16.77,17.01,465065,15.740149,0.6499,,17432480.529
"03-Dec-20",25.32,25.63,25.265,25.59,30922910,10.231531,0.6607,,16918733.6064
"04-Dec-20",25.49,25.58,25.4,25.55,5930416,9.704996,0.6608,,16946998.0002
"07-Dec-20",25.46,25.56,25.4,25.44,3185496,8.839697,0.6594,,15804783.9684
"08-Dec-20",25.43,25.56,25.43,25.56,1853540,5.791334,0.6368,,10387996.0272
"09-Dec-20",25.54,25.9,25.34,25.34,2829288,4.99273,0.6218,,9197838.848
"10-Dec-20",25.42,25.58,25.25,25.26,1471432,4.738586,0.6188,,8774547.3024
"11-Dec-20",25.2,25.37,25.16,25.24,1433408,4.708343,0.6188,,8774547.3024
"14-Dec-20",25.32,25.35,25.17,25.19,2237953,4.065381,0.6089,,7663804.8256
"15-Dec-20",25.2,25.22,25.16,25.19,1839886,3.886826,0.5936,8623511,7377366.9376
"16-Dec-20",25.19,25.22,25.16,25.17,3900151,3.684688,0.5807,,7205504.2048
"17-Dec-20",25.19,25.2,25.15,25.15,1113368,3.892139,0.588,,7635161.0368
"18-Dec-20",25.15,25.22,25.1,25.17,3995110,2.821372,0.5991,,5704887.936
"21-Dec-20",25.15,25.45,25.1,25.2,1598618,2.856926,0.5988,,5773314.7648,
"22-Dec-20",25.26,25.26,25.125,25.17,1180629,2.284757,0.5963,,4622789.248
"23-Dec-20",25.2,25.245,25.16,25.16,488633,2.239228,0.6037,,4522535.9872
"24-Dec-20",25.22,25.22,25.15,25.15,298948,2.114151,0.5474,,4933510.6431
"25-Dec-20",,,,,,2.120116,0.5451,,4989563.4646
"28-Dec-20",25.23,25.37,25.19,25.34,820451,2.250242,0.5257,,5295698.1051
"29-Dec-20",25.3,25.52,25.3,25.45,840468,2.082,0.5215,,4899016.5991
"30-Dec-20",25.48,25.56,25.3,25.47,502663,2.036032,0.5116,,4782599.2006
"31-Dec-20",25.48,25.54,25.4,25.47,369526,2.094297,0.5166,5747721,4860210.7996
"01-Jan-21",,,,,,2.070747,0.5163,,4841239.0754
"04-Jan-21",25.5,25.56,25.26,25.32,1202877,2.132701,0.5096,,5040442.1795
"05-Jan-21",25.32,25.46,25.26,25.3,1028771,2.164756,0.5229,,5083559.7345
"06-Jan-21",25.42,25.49,25.21,25.39,1225107,2.122105,0.4969,,5015433.9976
"07-Jan-21",25.4,25.4,25.2,25.28,1277434,2.161405,0.5025,,5118916.1296
"08-Jan-21",25.19,25.27,25.025,25.03,1188389,2.285632,0.5069,,5432811.93,
"11-Jan-21",25.03,25.11,24.97,25.03,863400,2.820037,0.5141,,6666836.3541
"12-Jan-21",25.05,25.16,25.01,25.15,1202035,2.102117,0.4821,,5849455.6617
"13-Jan-21",25.15,25.15,25,25.04,1795058,1.847174,0.4748,,5185593.8862
"14-Jan-21",25.09,25.09,25,25.04,737689,1.801919,0.482,,5070639.4662
"15-Jan-21",25,25.08,24.98,25.03,918141,1.627122,0.4952,4950354,4483222.38
"18-Jan-21",,,,,,1.682235,0.4984,,4634387.4423
"19-Jan-21",25.03,25.14,25,25.05,645305,1.731081,0.5547,,4722327.5736
"20-Jan-21",25.06,25.11,25.02,25.08,635925,1.732109,0.5604,,4726925.7504
"21-Jan-21",25.08,25.165,25.07,25.07,884102,1.812018,0.5712,,4948787.781
"22-Jan-21",25.07,25.13,25.07,25.08,671685,1.658116,0.5781,,4528629.3759
"25-Jan-21",25.1,25.18,25.1,25.15,1020935,1.563213,0.6101,,4318837.5594
"26-Jan-21",25.15,25.245,25.13,25.22,579698,1.660176,0.6059,,4538975.2737
"27-Jan-21",25.1,25.4,24.97,25.03,1044685,1.505013,0.609,,4540959.7242
"28-Jan-21",25.15,25.155,24.995,25.05,1042140,1.514877,0.5913,,4544424.972
"29-Jan-21",25.04,25.3,25.03,25.29,1673603,1.677668,0.5705,3347894,5043915.6906
"01-Feb-21",25.24,25.3,25.05,25.25,640660,1.82426,0.5641,,5501823.4356,
"02-Feb-21",25.15,25.18,25.03,25.05,769069,1.75136,0.5633,,5236484.4612
"03-Feb-21",25.07,25.15,24.96,25.07,1182177,1.75327,0.572,,5249355.3816
"04-Feb-21",25.02,25.1,24.96,25.1,945559,1.777661,0.5706,,5314205.019
"05-Feb-21",25.09,25.1,25,25.01,402684,1.71455,0.5481,,5092429.1598
"08-Feb-21",25.09,25.17,25.06,25.15,369010,1.555402,0.5229,,4641946.9458
"09-Feb-21",25.1,25.2,25.09,25.2,434757,1.594028,0.5191,,3120571.9974
"10-Feb-21",25.15,25.21,25.12,25.13,596673,1.606484,0.5189,,3134633.1522
"11-Feb-21",25.14,25.18,25.05,25.18,425271,1.633771,0.5225,,3173803.512
"12-Feb-21",25.14,25.18,25.08,25.08,322713,1.567477,0.5127,3558054,3034865.911
"15-Feb-21",,,,,,1.545361,0.5133,,3050266.2234
"16-Feb-21",25.08,25.17,25.07,25.09,383927,1.531293,0.4932,,2984982.2904
"17-Feb-21",25.07,25.2,25.01,25.16,602957,1.544171,0.489,,3001386.971
"18-Feb-21",25.06,25.17,25.06,25.17,417921,1.601711,0.4905,,3102828.1592
"19-Feb-21",25.18,25.2,25.025,25.07,1109769,1.514296,0.4831,,2945811.9306,
"22-Feb-21",25.09,25.2,25.06,25.17,924622,1.437342,0.4823,,2835666.218
"23-Feb-21",25.13,25.27,25.01,25.15,438488,0.982631,0.5082,,1915664.9468
"24-Feb-21",25.15,25.28,25.095,25.17,643249,0.983169,0.5082,,2246199.4902
"25-Feb-21",25.19,25.19,25.03,25.06,686877,0.712348,0.5283,,1620693.597
"26-Feb-21",25.08,25.22,25.05,25.09,805067,0.745181,0.5307,2816896,1695056.9256
"01-Mar-21",25.1,25.18,25.08,25.1,357872,0.739418,0.5158,,1691143.0662
"02-Mar-21",25.1,25.15,25.05,25.1,571886,0.824791,0.5027,,1883989.593
"03-Mar-21",25.1,25.18,25.08,25.09,371055,0.65956,0.535,,1505056.842
"04-Mar-21",25.06,25.1,24.99,25,1115471,0.828319,0.552,,1325730.9204
"05-Mar-21",25.08,25.21,24.98,25.18,956578,0.919545,0.5534,,1367360.1522
"08-Mar-21",25.17,25.24,25.06,25.09,538859,1.269437,0.5064,,1811049.486
"09-Mar-21",25.15,25.19,25.01,25.02,792942,1.244855,0.4972,,2900839.5008
"10-Mar-21",25.08,25.21,25.06,25.16,350304,1.191803,0.456,,2665065.3056
"11-Mar-21",25.11,25.2,25.07,25.2,267701,1.230622,0.4292,,2695769.472
"12-Mar-21",25.17,25.24,25.09,25.1,432147,1.343507,0.4254,,2891825.4336
"15-Mar-21",25.07,25.09,25.04,25.06,367316,1.496322,0.4274,2988989,3114360.2176
"16-Mar-21",25.07,25.07,25.05,25.05,270661,1.529426,0.4256,,3092106.7392
"17-Mar-21",25.05,25.09,25,25.07,381430,1.692942,0.4135,,3196613.5808
"18-Mar-21",25.09,25.09,25.04,25.05,543822,1.996122,0.411,,3725908.3392
"19-Mar-21",25.05,25.07,24.99,25.02,2925646,2.308177,0.4135,,4214639.7952
"22-Mar-21",25.08,25.13,25.04,25.04,495335,2.407067,0.4257,,4294357.952
"23-Mar-21",25.05,25.08,25,25,842776,0.937009,0.4882,,1659715.1232
"24-Mar-21",25.04,25.08,25.01,25.03,755892,0.734816,0.4625,,1256272.0767
"25-Mar-21",25.03,25.1,25.03,25.06,1857187,0.627836,0.482,,1108914.919
"26-Mar-21",25.09,25.1,25.04,25.09,559683,0.594673,0.4795,,1045548.3522
"29-Mar-21",25.05,25.125,24.97,24.97,648342,0.828945,0.4638,,1452050.8562
"30-Mar-21",25.04,25.14,25.02,25.06,376517,0.632268,0.4188,,1096958.963
"31-Mar-21",25.06,25.1,25.05,25.05,521122,0.567595,0.3981,1928574,985170.7744
"01-Apr-21",25.09,25.16,25.05,25.15,792644,0.588135,0.4037,,1029706.7105
"02-Apr-21",,,,,,0.588135,0.3899,,1029706.7105
"05-Apr-21",25.17,25.19,25.16,25.17,415456,0.5549,0.3839,,955878.6822
"06-Apr-21",25.17,25.21,25.16,25.18,479503,1.032926,0.4423,,1759020.0265
"07-Apr-21",25.18,25.2,25.15,25.19,328124,1.054826,0.4869,,1762606.8133
"08-Apr-21",25,25.13,24.92,24.93,546668,1.055826,0.5089,,1736602.609,
"09-Apr-21",24.95,24.99,24.92,24.94,485105,1.089498,0.5105,,3453690.3192
"12-Apr-21",24.93,24.96,24.93,24.95,566454,0.985778,0.5004,,3104425.5678
"13-Apr-21",24.95,24.96,24.93,24.95,497364,0.730167,0.4847,,2263374.4464
"14-Apr-21",24.95,24.96,24.94,24.95,275159,0.807529,0.4772,,2417081.7942
"15-Apr-21",24.95,24.98,24.95,24.95,223377,0.787362,0.4732,2775595,2328174.5328
"16-Apr-21",24.98,24.98,24.95,24.96,395501,0.793528,0.4749,,2317374.5184
"19-Apr-21",24.93,24.97,24.93,24.95,308181,0.768268,0.4551,,2224224.3942
"20-Apr-21",24.95,24.97,24.94,24.96,454556,0.757737,0.4544,,2183917.1976
"21-Apr-21",24.96,24.99,24.96,24.99,193278,0.815463,0.4687,,2325281.6718
"22-Apr-21",24.97,24.99,24.97,24.97,333351,0.9044,0.4812,,2544560.5356
"23-Apr-21",24.98,25,24.98,25,294190,0.827932,0.4775,,2307731.6484
"26-Apr-21",24.98,25,24.98,24.99,551162,0.808352,0.4723,,2654856.6175
"27-Apr-21",24.98,25,24.98,24.99,409499,0.789766,0.4693,,2582691.1475
"28-Apr-21",24.99,25,24.99,24.99,196142,0.814911,0.4623,,2607949.062
"29-Apr-21",25,25,24.99,24.99,220024,0.812136,0.4668,,2544110.377
"30-Apr-21",24.99,25,24.98,24.98,5534095,0.691879,0.4608,2199024,2387289.2595,
"03-May-21",,,,,,0.426776,0.6265,,1469677.5525
"04-May-21",,,,,,0.166911,0.7435,,567331.618
"05-May-21",,,,,,0.001845,0.6728,,6106.309
"06-May-21",,,,,,0.001375,0.5928,,4718.5115
"07-May-21",,,,,,0.001375,0.5928,,4718.5115
"10-May-21",,,,,,0.001356,0.5928,,4718.5115
"11-May-21",,,,,,0.001354,0.5928,,4398.048
"12-May-21",,,,,,0.001345,0.5928,,4398.048
"13-May-21",,,,,,0.001332,0.5928,,4398.048
"14-May-21",,,,,,0.001332,0.5928,,4398.048
"17-May-21",,,,,,0.001321,0.5928,,4398.048
"19-Nov-21",,,,,,,,,,,0